대여일시,자치구,총사용수
2024-01-01,강남구,1319
2024-01-01,강동구,1855
2024-01-01,강북구,731
2024-01-01,강서구,5668
2024-01-01,관악구,1438
2024-01-01,광진구,2295
2024-01-01,구로구,1954
2024-01-01,금천구,644
2024-01-01,노원구,2692
2024-01-01,도봉구,1093
2024-01-01,동대문구,1516
2024-01-01,동작구,1082
2024-01-01,마포구,2659
2024-01-01,서대문구,1063
2024-01-01,서초구,1210
2024-01-01,성동구,1595
2024-01-01,성북구,1024
2024-01-01,송파구,4092
2024-01-01,양천구,3467
2024-01-01,영등포구,4022
2024-01-01,용산구,1090
2024-01-01,은평구,1429
2024-01-01,종로구,1565
2024-01-01,중구,1062
2024-01-01,중랑구,1394
2024-01-02,강남구,2694
2024-01-02,강동구,3408
2024-01-02,강북구,1197
2024-01-02,강서구,11837
2024-01-02,관악구,2000
2024-01-02,광진구,3912
2024-01-02,구로구,3702
2024-01-02,금천구,1933
2024-01-02,노원구,4906
2024-01-02,도봉구,1880
2024-01-02,동대문구,2858
2024-01-02,동작구,1664
2024-01-02,마포구,3859
2024-01-02,서대문구,1668
2024-01-02,서초구,2455
2024-01-02,성동구,3489
2024-01-02,성북구,1933
2024-01-02,송파구,7586
2024-01-02,양천구,5753
2024-01-02,영등포구,8213
2024-01-02,용산구,1551
2024-01-02,은평구,2031
2024-01-02,종로구,2982
2024-01-02,중구,2120
2024-01-02,중랑구,2335
2024-01-03,강남구,2031
2024-01-03,강동구,2824
2024-01-03,강북구,975
2024-01-03,강서구,10732
2024-01-03,관악구,1529
2024-01-03,광진구,3403
2024-01-03,구로구,3050
2024-01-03,금천구,1363
2024-01-03,노원구,4209
2024-01-03,도봉구,1466
2024-01-03,동대문구,2443
2024-01-03,동작구,1286
2024-01-03,마포구,3231
2024-01-03,서대문구,1452
2024-01-03,서초구,2011
2024-01-03,성동구,2931
2024-01-03,성북구,1639
2024-01-03,송파구,5557
2024-01-03,양천구,4808
2024-01-03,영등포구,6497
2024-01-03,용산구,1258
2024-01-03,은평구,1661
2024-01-03,종로구,2683
2024-01-03,중구,1865
2024-01-03,중랑구,2064
2024-01-04,강남구,2795
2024-01-04,강동구,3690
2024-01-04,강북구,1222
2024-01-04,강서구,12613
2024-01-04,관악구,2012
2024-01-04,광진구,4107
2024-01-04,구로구,3861
2024-01-04,금천구,1909
2024-01-04,노원구,5067
2024-01-04,도봉구,1872
2024-01-04,동대문구,3132
2024-01-04,동작구,1656
2024-01-04,마포구,3953
2024-01-04,서대문구,1761
2024-01-04,서초구,2580
2024-01-04,성동구,3575
2024-01-04,성북구,2128
2024-01-04,송파구,7712
2024-01-04,양천구,5808
2024-01-04,영등포구,8076
2024-01-04,용산구,1627
2024-01-04,은평구,2116
2024-01-04,종로구,3364
2024-01-04,중구,2509
2024-01-04,중랑구,2491
2024-01-05,강남구,2972
2024-01-05,강동구,3996
2024-01-05,강북구,1347
2024-01-05,강서구,12845
2024-01-05,관악구,2078
2024-01-05,광진구,4359
2024-01-05,구로구,3925
2024-01-05,금천구,1893
2024-01-05,노원구,5567
2024-01-05,도봉구,2064
2024-01-05,동대문구,3141
2024-01-05,동작구,1737
2024-01-05,마포구,4294
2024-01-05,서대문구,1846
2024-01-05,서초구,2611
2024-01-05,성동구,3735
2024-01-05,성북구,2210
2024-01-05,송파구,8428
2024-01-05,양천구,6190
2024-01-05,영등포구,8457
2024-01-05,용산구,1584
2024-01-05,은평구,2134
2024-01-05,종로구,3425
2024-01-05,중구,2611
2024-01-05,중랑구,2683
2024-01-06,강남구,1680
2024-01-06,강동구,2591
2024-01-06,강북구,929
2024-01-06,강서구,6718
2024-01-06,관악구,1620
2024-01-06,광진구,2743
2024-01-06,구로구,2305
2024-01-06,금천구,850
2024-01-06,노원구,4057
2024-01-06,도봉구,1502
2024-01-06,동대문구,1917
2024-01-06,동작구,1143
2024-01-06,마포구,2482
2024-01-06,서대문구,1122
2024-01-06,서초구,1569
2024-01-06,성동구,1902
2024-01-06,성북구,1468
2024-01-06,송파구,5498
2024-01-06,양천구,4062
2024-01-06,영등포구,4566
2024-01-06,용산구,1030
2024-01-06,은평구,1548
2024-01-06,종로구,1697
2024-01-06,중구,1127
2024-01-06,중랑구,1800
2024-01-07,강남구,886
2024-01-07,강동구,1447
2024-01-07,강북구,544
2024-01-07,강서구,3254
2024-01-07,관악구,1044
2024-01-07,광진구,1676
2024-01-07,구로구,1452
2024-01-07,금천구,452
2024-01-07,노원구,2490
2024-01-07,도봉구,982
2024-01-07,동대문구,1060
2024-01-07,동작구,722
2024-01-07,마포구,1241
2024-01-07,서대문구,580
2024-01-07,서초구,859
2024-01-07,성동구,1059
2024-01-07,성북구,818
2024-01-07,송파구,2684
2024-01-07,양천구,2530
2024-01-07,영등포구,2670
2024-01-07,용산구,544
2024-01-07,은평구,830
2024-01-07,종로구,902
2024-01-07,중구,513
2024-01-07,중랑구,1052
2024-01-08,강남구,2077
2024-01-08,강동구,2691
2024-01-08,강북구,884
2024-01-08,강서구,8738
2024-01-08,관악구,1472
2024-01-08,광진구,3101
2024-01-08,구로구,2718
2024-01-08,금천구,1407
2024-01-08,노원구,3943
2024-01-08,도봉구,1507
2024-01-08,동대문구,2132
2024-01-08,동작구,1186
2024-01-08,마포구,2526
2024-01-08,서대문구,1129
2024-01-08,서초구,1906
2024-01-08,성동구,2704
2024-01-08,성북구,1464
2024-01-08,송파구,5572
2024-01-08,양천구,4412
2024-01-08,영등포구,6093
2024-01-08,용산구,1029
2024-01-08,은평구,1392
2024-01-08,종로구,2354
2024-01-08,중구,1690
2024-01-08,중랑구,1840
2024-01-09,강남구,1014
2024-01-09,강동구,1566
2024-01-09,강북구,452
2024-01-09,강서구,5962
2024-01-09,관악구,887
2024-01-09,광진구,1871
2024-01-09,구로구,1591
2024-01-09,금천구,827
2024-01-09,노원구,1977
2024-01-09,도봉구,695
2024-01-09,동대문구,1326
2024-01-09,동작구,623
2024-01-09,마포구,1638
2024-01-09,서대문구,782
2024-01-09,서초구,969
2024-01-09,성동구,1509
2024-01-09,성북구,812
2024-01-09,송파구,2968
2024-01-09,양천구,2813
2024-01-09,영등포구,3637
2024-01-09,용산구,559
2024-01-09,은평구,873
2024-01-09,종로구,1302
2024-01-09,중구,942
2024-01-09,중랑구,989
2024-01-10,강남구,2038
2024-01-10,강동구,2663
2024-01-10,강북구,785
2024-01-10,강서구,10266
2024-01-10,관악구,1522
2024-01-10,광진구,3316
2024-01-10,구로구,2964
2024-01-10,금천구,1451
2024-01-10,노원구,3762
2024-01-10,도봉구,1387
2024-01-10,동대문구,2251
2024-01-10,동작구,1214
2024-01-10,마포구,3092
2024-01-10,서대문구,1283
2024-01-10,서초구,1790
2024-01-10,성동구,2776
2024-01-10,성북구,1415
2024-01-10,송파구,5294
2024-01-10,양천구,4956
2024-01-10,영등포구,6684
2024-01-10,용산구,1172
2024-01-10,은평구,1593
2024-01-10,종로구,2640
2024-01-10,중구,1957
2024-01-10,중랑구,1803
2024-01-11,강남구,2628
2024-01-11,강동구,3331
2024-01-11,강북구,997
2024-01-11,강서구,11387
2024-01-11,관악구,1943
2024-01-11,광진구,3946
2024-01-11,구로구,3356
2024-01-11,금천구,1657
2024-01-11,노원구,4540
2024-01-11,도봉구,1665
2024-01-11,동대문구,2693
2024-01-11,동작구,1515
2024-01-11,마포구,3493
2024-01-11,서대문구,1520
2024-01-11,서초구,2354
2024-01-11,성동구,3276
2024-01-11,성북구,1793
2024-01-11,송파구,6903
2024-01-11,양천구,5402
2024-01-11,영등포구,7317
2024-01-11,용산구,1428
2024-01-11,은평구,1892
2024-01-11,종로구,3180
2024-01-11,중구,2272
2024-01-11,중랑구,2277
2024-01-12,강남구,2747
2024-01-12,강동구,3338
2024-01-12,강북구,1060
2024-01-12,강서구,11556
2024-01-12,관악구,1921
2024-01-12,광진구,3935
2024-01-12,구로구,3493
2024-01-12,금천구,1614
2024-01-12,노원구,5003
2024-01-12,도봉구,1776
2024-01-12,동대문구,2801
2024-01-12,동작구,1521
2024-01-12,마포구,3670
2024-01-12,서대문구,1595
2024-01-12,서초구,2387
2024-01-12,성동구,3246
2024-01-12,성북구,1825
2024-01-12,송파구,7328
2024-01-12,양천구,5441
2024-01-12,영등포구,7572
2024-01-12,용산구,1422
2024-01-12,은평구,1898
2024-01-12,종로구,3238
2024-01-12,중구,2267
2024-01-12,중랑구,2441
2024-01-13,강남구,1889
2024-01-13,강동구,2961
2024-01-13,강북구,959
2024-01-13,강서구,7710
2024-01-13,관악구,1661
2024-01-13,광진구,3130
2024-01-13,구로구,2569
2024-01-13,금천구,856
2024-01-13,노원구,4370
2024-01-13,도봉구,1491
2024-01-13,동대문구,2119
2024-01-13,동작구,1304
2024-01-13,마포구,2944
2024-01-13,서대문구,1278
2024-01-13,서초구,1747
2024-01-13,성동구,2200
2024-01-13,성북구,1521
2024-01-13,송파구,5949
2024-01-13,양천구,4666
2024-01-13,영등포구,5279
2024-01-13,용산구,1236
2024-01-13,은평구,1762
2024-01-13,종로구,1959
2024-01-13,중구,1304
2024-01-13,중랑구,2081
2024-01-14,강남구,848
2024-01-14,강동구,1329
2024-01-14,강북구,445
2024-01-14,강서구,3524
2024-01-14,관악구,903
2024-01-14,광진구,1492
2024-01-14,구로구,1235
2024-01-14,금천구,427
2024-01-14,노원구,1896
2024-01-14,도봉구,661
2024-01-14,동대문구,900
2024-01-14,동작구,620
2024-01-14,마포구,1300
2024-01-14,서대문구,614
2024-01-14,서초구,705
2024-01-14,성동구,987
2024-01-14,성북구,742
2024-01-14,송파구,2562
2024-01-14,양천구,2196
2024-01-14,영등포구,2389
2024-01-14,용산구,554
2024-01-14,은평구,759
2024-01-14,종로구,844
2024-01-14,중구,540
2024-01-14,중랑구,912
2024-01-15,강남구,2199
2024-01-15,강동구,2826
2024-01-15,강북구,916
2024-01-15,강서구,10132
2024-01-15,관악구,1560
2024-01-15,광진구,3281
2024-01-15,구로구,3062
2024-01-15,금천구,1427
2024-01-15,노원구,3792
2024-01-15,도봉구,1413
2024-01-15,동대문구,2330
2024-01-15,동작구,1170
2024-01-15,마포구,3083
2024-01-15,서대문구,1370
2024-01-15,서초구,2039
2024-01-15,성동구,2748
2024-01-15,성북구,1625
2024-01-15,송파구,6219
2024-01-15,양천구,4595
2024-01-15,영등포구,6441
2024-01-15,용산구,1163
2024-01-15,은평구,1558
2024-01-15,종로구,2692
2024-01-15,중구,1864
2024-01-15,중랑구,1959
2024-01-16,강남구,2519
2024-01-16,강동구,3082
2024-01-16,강북구,938
2024-01-16,강서구,11062
2024-01-16,관악구,1815
2024-01-16,광진구,3785
2024-01-16,구로구,3324
2024-01-16,금천구,1719
2024-01-16,노원구,4294
2024-01-16,도봉구,1521
2024-01-16,동대문구,2571
2024-01-16,동작구,1347
2024-01-16,마포구,3418
2024-01-16,서대문구,1606
2024-01-16,서초구,2269
2024-01-16,성동구,3179
2024-01-16,성북구,1767
2024-01-16,송파구,6756
2024-01-16,양천구,5043
2024-01-16,영등포구,7232
2024-01-16,용산구,1379
2024-01-16,은평구,1755
2024-01-16,종로구,3079
2024-01-16,중구,2109
2024-01-16,중랑구,2208
2024-01-17,강남구,1111
2024-01-17,강동구,1524
2024-01-17,강북구,435
2024-01-17,강서구,5334
2024-01-17,관악구,798
2024-01-17,광진구,1818
2024-01-17,구로구,1542
2024-01-17,금천구,826
2024-01-17,노원구,1940
2024-01-17,도봉구,707
2024-01-17,동대문구,1277
2024-01-17,동작구,649
2024-01-17,마포구,1479
2024-01-17,서대문구,790
2024-01-17,서초구,961
2024-01-17,성동구,1431
2024-01-17,성북구,840
2024-01-17,송파구,3084
2024-01-17,양천구,2327
2024-01-17,영등포구,3275
2024-01-17,용산구,614
2024-01-17,은평구,856
2024-01-17,종로구,1459
2024-01-17,중구,943
2024-01-17,중랑구,983
2024-01-18,강남구,2391
2024-01-18,강동구,2990
2024-01-18,강북구,957
2024-01-18,강서구,10171
2024-01-18,관악구,1647
2024-01-18,광진구,3549
2024-01-18,구로구,3140
2024-01-18,금천구,1682
2024-01-18,노원구,3975
2024-01-18,도봉구,1527
2024-01-18,동대문구,2504
2024-01-18,동작구,1323
2024-01-18,마포구,3477
2024-01-18,서대문구,1355
2024-01-18,서초구,2149
2024-01-18,성동구,3127
2024-01-18,성북구,1671
2024-01-18,송파구,6584
2024-01-18,양천구,4841
2024-01-18,영등포구,7134
2024-01-18,용산구,1461
2024-01-18,은평구,1739
2024-01-18,종로구,3159
2024-01-18,중구,2232
2024-01-18,중랑구,2078
2024-01-19,강남구,3148
2024-01-19,강동구,3818
2024-01-19,강북구,1193
2024-01-19,강서구,12012
2024-01-19,관악구,2057
2024-01-19,광진구,4205
2024-01-19,구로구,3776
2024-01-19,금천구,1796
2024-01-19,노원구,4897
2024-01-19,도봉구,1935
2024-01-19,동대문구,2869
2024-01-19,동작구,1565
2024-01-19,마포구,4077
2024-01-19,서대문구,1649
2024-01-19,서초구,2637
2024-01-19,성동구,3458
2024-01-19,성북구,1996
2024-01-19,송파구,8087
2024-01-19,양천구,5829
2024-01-19,영등포구,8294
2024-01-19,용산구,1612
2024-01-19,은평구,2059
2024-01-19,종로구,3467
2024-01-19,중구,2555
2024-01-19,중랑구,2590
2024-01-20,강남구,1188
2024-01-20,강동구,2017
2024-01-20,강북구,705
2024-01-20,강서구,5245
2024-01-20,관악구,1073
2024-01-20,광진구,1992
2024-01-20,구로구,1597
2024-01-20,금천구,566
2024-01-20,노원구,2872
2024-01-20,도봉구,1023
2024-01-20,동대문구,1438
2024-01-20,동작구,772
2024-01-20,마포구,1719
2024-01-20,서대문구,863
2024-01-20,서초구,1028
2024-01-20,성동구,1371
2024-01-20,성북구,1163
2024-01-20,송파구,3737
2024-01-20,양천구,3173
2024-01-20,영등포구,3284
2024-01-20,용산구,688
2024-01-20,은평구,1200
2024-01-20,종로구,1248
2024-01-20,중구,796
2024-01-20,중랑구,1480
2024-01-21,강남구,1170
2024-01-21,강동구,1617
2024-01-21,강북구,718
2024-01-21,강서구,4371
2024-01-21,관악구,985
2024-01-21,광진구,1854
2024-01-21,구로구,1428
2024-01-21,금천구,491
2024-01-21,노원구,2818
2024-01-21,도봉구,976
2024-01-21,동대문구,1269
2024-01-21,동작구,710
2024-01-21,마포구,1603
2024-01-21,서대문구,744
2024-01-21,서초구,1004
2024-01-21,성동구,1247
2024-01-21,성북구,1015
2024-01-21,송파구,3330
2024-01-21,양천구,2554
2024-01-21,영등포구,2910
2024-01-21,용산구,643
2024-01-21,은평구,1016
2024-01-21,종로구,1113
2024-01-21,중구,662
2024-01-21,중랑구,1328
2024-01-22,강남구,1494
2024-01-22,강동구,2039
2024-01-22,강북구,619
2024-01-22,강서구,7566
2024-01-22,관악구,1010
2024-01-22,광진구,2398
2024-01-22,구로구,1952
2024-01-22,금천구,1008
2024-01-22,노원구,2703
2024-01-22,도봉구,922
2024-01-22,동대문구,1410
2024-01-22,동작구,738
2024-01-22,마포구,1969
2024-01-22,서대문구,828
2024-01-22,서초구,1359
2024-01-22,성동구,1882
2024-01-22,성북구,1024
2024-01-22,송파구,4464
2024-01-22,양천구,3108
2024-01-22,영등포구,4517
2024-01-22,용산구,749
2024-01-22,은평구,1034
2024-01-22,종로구,1686
2024-01-22,중구,1213
2024-01-22,중랑구,1359
2024-01-23,강남구,1346
2024-01-23,강동구,1881
2024-01-23,강북구,566
2024-01-23,강서구,6481
2024-01-23,관악구,976
2024-01-23,광진구,2135
2024-01-23,구로구,1879
2024-01-23,금천구,934
2024-01-23,노원구,2387
2024-01-23,도봉구,817
2024-01-23,동대문구,1376
2024-01-23,동작구,680
2024-01-23,마포구,1774
2024-01-23,서대문구,764
2024-01-23,서초구,1233
2024-01-23,성동구,1731
2024-01-23,성북구,910
2024-01-23,송파구,3953
2024-01-23,양천구,2727
2024-01-23,영등포구,3954
2024-01-23,용산구,637
2024-01-23,은평구,968
2024-01-23,종로구,1720
2024-01-23,중구,1111
2024-01-23,중랑구,1209
2024-01-24,강남구,1543
2024-01-24,강동구,2121
2024-01-24,강북구,665
2024-01-24,강서구,7498
2024-01-24,관악구,1066
2024-01-24,광진구,2520
2024-01-24,구로구,2057
2024-01-24,금천구,1101
2024-01-24,노원구,2889
2024-01-24,도봉구,988
2024-01-24,동대문구,1602
2024-01-24,동작구,816
2024-01-24,마포구,2139
2024-01-24,서대문구,872
2024-01-24,서초구,1414
2024-01-24,성동구,2017
2024-01-24,성북구,1111
2024-01-24,송파구,4547
2024-01-24,양천구,3119
2024-01-24,영등포구,4594
2024-01-24,용산구,819
2024-01-24,은평구,1193
2024-01-24,종로구,2005
2024-01-24,중구,1320
2024-01-24,중랑구,1452
2024-01-25,강남구,1984
2024-01-25,강동구,2539
2024-01-25,강북구,792
2024-01-25,강서구,8950
2024-01-25,관악구,1274
2024-01-25,광진구,2856
2024-01-25,구로구,2573
2024-01-25,금천구,1261
2024-01-25,노원구,3573
2024-01-25,도봉구,1311
2024-01-25,동대문구,2017
2024-01-25,동작구,1051
2024-01-25,마포구,2658
2024-01-25,서대문구,1141
2024-01-25,서초구,1765
2024-01-25,성동구,2419
2024-01-25,성북구,1380
2024-01-25,송파구,5540
2024-01-25,양천구,3781
2024-01-25,영등포구,5639
2024-01-25,용산구,1042
2024-01-25,은평구,1523
2024-01-25,종로구,2508
2024-01-25,중구,1769
2024-01-25,중랑구,1715
2024-01-26,강남구,2509
2024-01-26,강동구,3142
2024-01-26,강북구,969
2024-01-26,강서구,10353
2024-01-26,관악구,1584
2024-01-26,광진구,3517
2024-01-26,구로구,3015
2024-01-26,금천구,1506
2024-01-26,노원구,4191
2024-01-26,도봉구,1463
2024-01-26,동대문구,2366
2024-01-26,동작구,1355
2024-01-26,마포구,3276
2024-01-26,서대문구,1373
2024-01-26,서초구,2156
2024-01-26,성동구,2888
2024-01-26,성북구,1622
2024-01-26,송파구,6817
2024-01-26,양천구,4691
2024-01-26,영등포구,6960
2024-01-26,용산구,1353
2024-01-26,은평구,1729
2024-01-26,종로구,2908
2024-01-26,중구,1975
2024-01-26,중랑구,2129
2024-01-27,강남구,1651
2024-01-27,강동구,2633
2024-01-27,강북구,860
2024-01-27,강서구,6845
2024-01-27,관악구,1590
2024-01-27,광진구,2831
2024-01-27,구로구,2297
2024-01-27,금천구,808
2024-01-27,노원구,3806
2024-01-27,도봉구,1447
2024-01-27,동대문구,1878
2024-01-27,동작구,1138
2024-01-27,마포구,2557
2024-01-27,서대문구,1140
2024-01-27,서초구,1632
2024-01-27,성동구,1884
2024-01-27,성북구,1502
2024-01-27,송파구,5484
2024-01-27,양천구,4148
2024-01-27,영등포구,4715
2024-01-27,용산구,1122
2024-01-27,은평구,1597
2024-01-27,종로구,1803
2024-01-27,중구,1240
2024-01-27,중랑구,1809
2024-01-28,강남구,1381
2024-01-28,강동구,2320
2024-01-28,강북구,802
2024-01-28,강서구,5520
2024-01-28,관악구,1294
2024-01-28,광진구,2339
2024-01-28,구로구,1964
2024-01-28,금천구,668
2024-01-28,노원구,3160
2024-01-28,도봉구,1139
2024-01-28,동대문구,1637
2024-01-28,동작구,937
2024-01-28,마포구,2194
2024-01-28,서대문구,1080
2024-01-28,서초구,1308
2024-01-28,성동구,1672
2024-01-28,성북구,1267
2024-01-28,송파구,4847
2024-01-28,양천구,3406
2024-01-28,영등포구,3916
2024-01-28,용산구,1009
2024-01-28,은평구,1285
2024-01-28,종로구,1420
2024-01-28,중구,921
2024-01-28,중랑구,1544
2024-01-29,강남구,2409
2024-01-29,강동구,3335
2024-01-29,강북구,989
2024-01-29,강서구,10816
2024-01-29,관악구,1668
2024-01-29,광진구,3661
2024-01-29,구로구,3340
2024-01-29,금천구,1628
2024-01-29,노원구,4351
2024-01-29,도봉구,1508
2024-01-29,동대문구,2627
2024-01-29,동작구,1279
2024-01-29,마포구,3446
2024-01-29,서대문구,1448
2024-01-29,서초구,2229
2024-01-29,성동구,3150
2024-01-29,성북구,1714
2024-01-29,송파구,7016
2024-01-29,양천구,4966
2024-01-29,영등포구,7262
2024-01-29,용산구,1318
2024-01-29,은평구,1890
2024-01-29,종로구,3148
2024-01-29,중구,2165
2024-01-29,중랑구,2207
2024-01-30,강남구,2896
2024-01-30,강동구,3501
2024-01-30,강북구,1150
2024-01-30,강서구,11820
2024-01-30,관악구,1769
2024-01-30,광진구,3926
2024-01-30,구로구,3518
2024-01-30,금천구,1806
2024-01-30,노원구,4823
2024-01-30,도봉구,1718
2024-01-30,동대문구,2773
2024-01-30,동작구,1454
2024-01-30,마포구,3802
2024-01-30,서대문구,1691
2024-01-30,서초구,2479
2024-01-30,성동구,3469
2024-01-30,성북구,1940
2024-01-30,송파구,7672
2024-01-30,양천구,5452
2024-01-30,영등포구,7945
2024-01-30,용산구,1644
2024-01-30,은평구,1985
2024-01-30,종로구,3446
2024-01-30,중구,2411
2024-01-30,중랑구,2421
2024-01-31,강남구,3010
2024-01-31,강동구,4004
2024-01-31,강북구,1136
2024-01-31,강서구,12445
2024-01-31,관악구,2007
2024-01-31,광진구,4214
2024-01-31,구로구,3706
2024-01-31,금천구,1841
2024-01-31,노원구,5196
2024-01-31,도봉구,1923
2024-01-31,동대문구,3010
2024-01-31,동작구,1668
2024-01-31,마포구,4146
2024-01-31,서대문구,1693
2024-01-31,서초구,2743
2024-01-31,성동구,3638
2024-01-31,성북구,1971
2024-01-31,송파구,8469
2024-01-31,양천구,5662
2024-01-31,영등포구,8511
2024-01-31,용산구,1758
2024-01-31,은평구,2110
2024-01-31,종로구,3737
2024-01-31,중구,2583
2024-01-31,중랑구,2585
2024-02-01,강남구,2928
2024-02-01,강동구,3870
2024-02-01,강북구,1178
2024-02-01,강서구,12243
2024-02-01,관악구,1914
2024-02-01,광진구,4241
2024-02-01,구로구,3879
2024-02-01,금천구,1852
2024-02-01,노원구,5199
2024-02-01,도봉구,1907
2024-02-01,동대문구,3041
2024-02-01,동작구,1605
2024-02-01,마포구,3956
2024-02-01,서대문구,1676
2024-02-01,서초구,2634
2024-02-01,성동구,3622
2024-02-01,성북구,2019
2024-02-01,송파구,8182
2024-02-01,양천구,5789
2024-02-01,영등포구,8090
2024-02-01,용산구,1591
2024-02-01,은평구,2143
2024-02-01,종로구,3776
2024-02-01,중구,2473
2024-02-01,중랑구,2514
2024-02-02,강남구,3128
2024-02-02,강동구,4041
2024-02-02,강북구,1232
2024-02-02,강서구,12651
2024-02-02,관악구,1974
2024-02-02,광진구,4337
2024-02-02,구로구,3904
2024-02-02,금천구,1884
2024-02-02,노원구,5556
2024-02-02,도봉구,2018
2024-02-02,동대문구,3154
2024-02-02,동작구,1647
2024-02-02,마포구,4110
2024-02-02,서대문구,1770
2024-02-02,서초구,2560
2024-02-02,성동구,3629
2024-02-02,성북구,2111
2024-02-02,송파구,8770
2024-02-02,양천구,6058
2024-02-02,영등포구,8291
2024-02-02,용산구,1701
2024-02-02,은평구,2336
2024-02-02,종로구,3707
2024-02-02,중구,2436
2024-02-02,중랑구,2693
2024-02-03,강남구,1855
2024-02-03,강동구,2931
2024-02-03,강북구,1149
2024-02-03,강서구,7987
2024-02-03,관악구,1751
2024-02-03,광진구,3111
2024-02-03,구로구,2714
2024-02-03,금천구,832
2024-02-03,노원구,4703
2024-02-03,도봉구,1792
2024-02-03,동대문구,2271
2024-02-03,동작구,1352
2024-02-03,마포구,3203
2024-02-03,서대문구,1458
2024-02-03,서초구,1754
2024-02-03,성동구,2386
2024-02-03,성북구,1707
2024-02-03,송파구,6323
2024-02-03,양천구,4682
2024-02-03,영등포구,5569
2024-02-03,용산구,1323
2024-02-03,은평구,1919
2024-02-03,종로구,2159
2024-02-03,중구,1397
2024-02-03,중랑구,2097
2024-02-04,강남구,2154
2024-02-04,강동구,3524
2024-02-04,강북구,1190
2024-02-04,강서구,7758
2024-02-04,관악구,1936
2024-02-04,광진구,3535
2024-02-04,구로구,2942
2024-02-04,금천구,978
2024-02-04,노원구,4706
2024-02-04,도봉구,1825
2024-02-04,동대문구,2440
2024-02-04,동작구,1563
2024-02-04,마포구,3846
2024-02-04,서대문구,1598
2024-02-04,서초구,1938
2024-02-04,성동구,2749
2024-02-04,성북구,1933
2024-02-04,송파구,7119
2024-02-04,양천구,4555
2024-02-04,영등포구,6099
2024-02-04,용산구,1756
2024-02-04,은평구,1981
2024-02-04,종로구,2175
2024-02-04,중구,1398
2024-02-04,중랑구,2198
2024-02-05,강남구,678
2024-02-05,강동구,1242
2024-02-05,강북구,538
2024-02-05,강서구,3328
2024-02-05,관악구,498
2024-02-05,광진구,1403
2024-02-05,구로구,964
2024-02-05,금천구,387
2024-02-05,노원구,2521
2024-02-05,도봉구,848
2024-02-05,동대문구,1261
2024-02-05,동작구,370
2024-02-05,마포구,1058
2024-02-05,서대문구,513
2024-02-05,서초구,603
2024-02-05,성동구,1234
2024-02-05,성북구,921
2024-02-05,송파구,2134
2024-02-05,양천구,1703
2024-02-05,영등포구,2138
2024-02-05,용산구,419
2024-02-05,은평구,561
2024-02-05,종로구,1280
2024-02-05,중구,798
2024-02-05,중랑구,1106
2024-02-06,강남구,2386
2024-02-06,강동구,3408
2024-02-06,강북구,1048
2024-02-06,강서구,10397
2024-02-06,관악구,1625
2024-02-06,광진구,3332
2024-02-06,구로구,3189
2024-02-06,금천구,1585
2024-02-06,노원구,4234
2024-02-06,도봉구,1546
2024-02-06,동대문구,2495
2024-02-06,동작구,1294
2024-02-06,마포구,3247
2024-02-06,서대문구,1356
2024-02-06,서초구,2119
2024-02-06,성동구,3048
2024-02-06,성북구,1668
2024-02-06,송파구,6469
2024-02-06,양천구,4850
2024-02-06,영등포구,6930
2024-02-06,용산구,1338
2024-02-06,은평구,1736
2024-02-06,종로구,2894
2024-02-06,중구,2096
2024-02-06,중랑구,2082
2024-02-07,강남구,2608
2024-02-07,강동구,3641
2024-02-07,강북구,1097
2024-02-07,강서구,11473
2024-02-07,관악구,1671
2024-02-07,광진구,3857
2024-02-07,구로구,3411
2024-02-07,금천구,1716
2024-02-07,노원구,4898
2024-02-07,도봉구,1732
2024-02-07,동대문구,2776
2024-02-07,동작구,1526
2024-02-07,마포구,3615
2024-02-07,서대문구,1512
2024-02-07,서초구,2396
2024-02-07,성동구,3222
2024-02-07,성북구,1807
2024-02-07,송파구,7306
2024-02-07,양천구,5417
2024-02-07,영등포구,7496
2024-02-07,용산구,1450
2024-02-07,은평구,2009
2024-02-07,종로구,3026
2024-02-07,중구,2273
2024-02-07,중랑구,2463
2024-02-08,강남구,2701
2024-02-08,강동구,3773
2024-02-08,강북구,1261
2024-02-08,강서구,11474
2024-02-08,관악구,1871
2024-02-08,광진구,4101
2024-02-08,구로구,3642
2024-02-08,금천구,1761
2024-02-08,노원구,5427
2024-02-08,도봉구,1943
2024-02-08,동대문구,2863
2024-02-08,동작구,1609
2024-02-08,마포구,3844
2024-02-08,서대문구,1666
2024-02-08,서초구,2498
2024-02-08,성동구,3284
2024-02-08,성북구,1832
2024-02-08,송파구,7818
2024-02-08,양천구,5836
2024-02-08,영등포구,8007
2024-02-08,용산구,1492
2024-02-08,은평구,2178
2024-02-08,종로구,3153
2024-02-08,중구,2251
2024-02-08,중랑구,2555
2024-02-09,강남구,1406
2024-02-09,강동구,2160
2024-02-09,강북구,880
2024-02-09,강서구,5070
2024-02-09,관악구,1134
2024-02-09,광진구,2138
2024-02-09,구로구,1826
2024-02-09,금천구,600
2024-02-09,노원구,3640
2024-02-09,도봉구,1336
2024-02-09,동대문구,1606
2024-02-09,동작구,956
2024-02-09,마포구,2183
2024-02-09,서대문구,1077
2024-02-09,서초구,1324
2024-02-09,성동구,1477
2024-02-09,성북구,1193
2024-02-09,송파구,4530
2024-02-09,양천구,3127
2024-02-09,영등포구,3632
2024-02-09,용산구,917
2024-02-09,은평구,1530
2024-02-09,종로구,1276
2024-02-09,중구,844
2024-02-09,중랑구,1651
2024-02-10,강남구,1065
2024-02-10,강동구,1601
2024-02-10,강북구,722
2024-02-10,강서구,3596
2024-02-10,관악구,910
2024-02-10,광진구,1594
2024-02-10,구로구,1402
2024-02-10,금천구,500
2024-02-10,노원구,2454
2024-02-10,도봉구,1079
2024-02-10,동대문구,1149
2024-02-10,동작구,755
2024-02-10,마포구,1570
2024-02-10,서대문구,759
2024-02-10,서초구,840
2024-02-10,성동구,1177
2024-02-10,성북구,924
2024-02-10,송파구,3207
2024-02-10,양천구,2161
2024-02-10,영등포구,2525
2024-02-10,용산구,738
2024-02-10,은평구,1176
2024-02-10,종로구,928
2024-02-10,중구,653
2024-02-10,중랑구,1298
2024-02-11,강남구,1334
2024-02-11,강동구,1925
2024-02-11,강북구,792
2024-02-11,강서구,4821
2024-02-11,관악구,1123
2024-02-11,광진구,1951
2024-02-11,구로구,1739
2024-02-11,금천구,581
2024-02-11,노원구,3064
2024-02-11,도봉구,1182
2024-02-11,동대문구,1348
2024-02-11,동작구,853
2024-02-11,마포구,1949
2024-02-11,서대문구,1022
2024-02-11,서초구,1235
2024-02-11,성동구,1420
2024-02-11,성북구,1068
2024-02-11,송파구,4074
2024-02-11,양천구,3022
2024-02-11,영등포구,3229
2024-02-11,용산구,989
2024-02-11,은평구,1277
2024-02-11,종로구,1235
2024-02-11,중구,786
2024-02-11,중랑구,1483
2024-02-12,강남구,1984
2024-02-12,강동구,2939
2024-02-12,강북구,1152
2024-02-12,강서구,7086
2024-02-12,관악구,1683
2024-02-12,광진구,3235
2024-02-12,구로구,2622
2024-02-12,금천구,906
2024-02-12,노원구,4216
2024-02-12,도봉구,1676
2024-02-12,동대문구,2078
2024-02-12,동작구,1411
2024-02-12,마포구,3360
2024-02-12,서대문구,1450
2024-02-12,서초구,1787
2024-02-12,성동구,2328
2024-02-12,성북구,1520
2024-02-12,송파구,6542
2024-02-12,양천구,4364
2024-02-12,영등포구,5524
2024-02-12,용산구,1500
2024-02-12,은평구,1910
2024-02-12,종로구,1746
2024-02-12,중구,1252
2024-02-12,중랑구,2155
2024-02-13,강남구,3654
2024-02-13,강동구,4421
2024-02-13,강북구,1384
2024-02-13,강서구,13268
2024-02-13,관악구,2266
2024-02-13,광진구,4866
2024-02-13,구로구,4274
2024-02-13,금천구,2042
2024-02-13,노원구,6130
2024-02-13,도봉구,2156
2024-02-13,동대문구,3316
2024-02-13,동작구,2052
2024-02-13,마포구,5041
2024-02-13,서대문구,2075
2024-02-13,서초구,3100
2024-02-13,성동구,4198
2024-02-13,성북구,2233
2024-02-13,송파구,9629
2024-02-13,양천구,6742
2024-02-13,영등포구,9867
2024-02-13,용산구,2064
2024-02-13,은평구,2513
2024-02-13,종로구,3775
2024-02-13,중구,2617
2024-02-13,중랑구,2991
2024-02-14,강남구,4137
2024-02-14,강동구,5105
2024-02-14,강북구,1659
2024-02-14,강서구,15478
2024-02-14,관악구,2778
2024-02-14,광진구,5605
2024-02-14,구로구,4779
2024-02-14,금천구,2471
2024-02-14,노원구,7017
2024-02-14,도봉구,2629
2024-02-14,동대문구,3865
2024-02-14,동작구,2368
2024-02-14,마포구,6218
2024-02-14,서대문구,2537
2024-02-14,서초구,3694
2024-02-14,성동구,4987
2024-02-14,성북구,2746
2024-02-14,송파구,10887
2024-02-14,양천구,7439
2024-02-14,영등포구,11440
2024-02-14,용산구,2595
2024-02-14,은평구,3005
2024-02-14,종로구,4541
2024-02-14,중구,3270
2024-02-14,중랑구,3443
2024-02-15,강남구,1846
2024-02-15,강동구,2510
2024-02-15,강북구,851
2024-02-15,강서구,7628
2024-02-15,관악구,1325
2024-02-15,광진구,2720
2024-02-15,구로구,2350
2024-02-15,금천구,1245
2024-02-15,노원구,3279
2024-02-15,도봉구,1177
2024-02-15,동대문구,1925
2024-02-15,동작구,1040
2024-02-15,마포구,2297
2024-02-15,서대문구,1046
2024-02-15,서초구,1605
2024-02-15,성동구,2085
2024-02-15,성북구,1241
2024-02-15,송파구,5011
2024-02-15,양천구,3576
2024-02-15,영등포구,5111
2024-02-15,용산구,940
2024-02-15,은평구,1306
2024-02-15,종로구,1862
2024-02-15,중구,1377
2024-02-15,중랑구,1525
2024-02-16,강남구,3348
2024-02-16,강동구,4358
2024-02-16,강북구,1444
2024-02-16,강서구,13001
2024-02-16,관악구,2131
2024-02-16,광진구,4609
2024-02-16,구로구,4215
2024-02-16,금천구,2116
2024-02-16,노원구,5809
2024-02-16,도봉구,2124
2024-02-16,동대문구,3182
2024-02-16,동작구,1892
2024-02-16,마포구,4414
2024-02-16,서대문구,1936
2024-02-16,서초구,2765
2024-02-16,성동구,3825
2024-02-16,성북구,2130
2024-02-16,송파구,9131
2024-02-16,양천구,6467
2024-02-16,영등포구,9133
2024-02-16,용산구,1969
2024-02-16,은평구,2368
2024-02-16,종로구,3593
2024-02-16,중구,2608
2024-02-16,중랑구,2810
2024-02-17,강남구,2902
2024-02-17,강동구,4133
2024-02-17,강북구,1416
2024-02-17,강서구,9658
2024-02-17,관악구,2389
2024-02-17,광진구,4526
2024-02-17,구로구,3508
2024-02-17,금천구,1211
2024-02-17,노원구,5771
2024-02-17,도봉구,2139
2024-02-17,동대문구,2937
2024-02-17,동작구,1991
2024-02-17,마포구,4362
2024-02-17,서대문구,1856
2024-02-17,서초구,2655
2024-02-17,성동구,3434
2024-02-17,성북구,2045
2024-02-17,송파구,8742
2024-02-17,양천구,5807
2024-02-17,영등포구,7432
2024-02-17,용산구,2179
2024-02-17,은평구,2412
2024-02-17,종로구,2678
2024-02-17,중구,1718
2024-02-17,중랑구,2764
2024-02-18,강남구,1337
2024-02-18,강동구,2068
2024-02-18,강북구,643
2024-02-18,강서구,3829
2024-02-18,관악구,1077
2024-02-18,광진구,2132
2024-02-18,구로구,1508
2024-02-18,금천구,481
2024-02-18,노원구,2671
2024-02-18,도봉구,929
2024-02-18,동대문구,1373
2024-02-18,동작구,878
2024-02-18,마포구,1865
2024-02-18,서대문구,833
2024-02-18,서초구,1049
2024-02-18,성동구,1455
2024-02-18,성북구,924
2024-02-18,송파구,3956
2024-02-18,양천구,2569
2024-02-18,영등포구,3099
2024-02-18,용산구,799
2024-02-18,은평구,1026
2024-02-18,종로구,1166
2024-02-18,중구,689
2024-02-18,중랑구,1270
2024-02-19,강남구,1267
2024-02-19,강동구,1533
2024-02-19,강북구,586
2024-02-19,강서구,6067
2024-02-19,관악구,842
2024-02-19,광진구,1872
2024-02-19,구로구,1684
2024-02-19,금천구,799
2024-02-19,노원구,2433
2024-02-19,도봉구,887
2024-02-19,동대문구,1136
2024-02-19,동작구,668
2024-02-19,마포구,1701
2024-02-19,서대문구,765
2024-02-19,서초구,1112
2024-02-19,성동구,1499
2024-02-19,성북구,796
2024-02-19,송파구,3639
2024-02-19,양천구,2922
2024-02-19,영등포구,3647
2024-02-19,용산구,615
2024-02-19,은평구,789
2024-02-19,종로구,1337
2024-02-19,중구,961
2024-02-19,중랑구,1003
2024-02-20,강남구,1732
2024-02-20,강동구,2473
2024-02-20,강북구,729
2024-02-20,강서구,7535
2024-02-20,관악구,1273
2024-02-20,광진구,2743
2024-02-20,구로구,2189
2024-02-20,금천구,1089
2024-02-20,노원구,3244
2024-02-20,도봉구,1134
2024-02-20,동대문구,1862
2024-02-20,동작구,1048
2024-02-20,마포구,2349
2024-02-20,서대문구,1054
2024-02-20,서초구,1418
2024-02-20,성동구,2145
2024-02-20,성북구,1162
2024-02-20,송파구,4846
2024-02-20,양천구,3511
2024-02-20,영등포구,4755
2024-02-20,용산구,939
2024-02-20,은평구,1232
2024-02-20,종로구,2130
2024-02-20,중구,1444
2024-02-20,중랑구,1480
2024-02-21,강남구,332
2024-02-21,강동구,385
2024-02-21,강북구,179
2024-02-21,강서구,1459
2024-02-21,관악구,197
2024-02-21,광진구,479
2024-02-21,구로구,357
2024-02-21,금천구,172
2024-02-21,노원구,690
2024-02-21,도봉구,246
2024-02-21,동대문구,319
2024-02-21,동작구,144
2024-02-21,마포구,358
2024-02-21,서대문구,203
2024-02-21,서초구,265
2024-02-21,성동구,376
2024-02-21,성북구,232
2024-02-21,송파구,812
2024-02-21,양천구,659
2024-02-21,영등포구,704
2024-02-21,용산구,159
2024-02-21,은평구,248
2024-02-21,종로구,370
2024-02-21,중구,251
2024-02-21,중랑구,281
2024-02-22,강남구,806
2024-02-22,강동구,1465
2024-02-22,강북구,451
2024-02-22,강서구,4487
2024-02-22,관악구,473
2024-02-22,광진구,1448
2024-02-22,구로구,1077
2024-02-22,금천구,579
2024-02-22,노원구,2238
2024-02-22,도봉구,777
2024-02-22,동대문구,942
2024-02-22,동작구,384
2024-02-22,마포구,1284
2024-02-22,서대문구,493
2024-02-22,서초구,740
2024-02-22,성동구,1142
2024-02-22,성북구,595
2024-02-22,송파구,2576
2024-02-22,양천구,1967
2024-02-22,영등포구,2503
2024-02-22,용산구,403
2024-02-22,은평구,806
2024-02-22,종로구,1072
2024-02-22,중구,721
2024-02-22,중랑구,856
2024-02-23,강남구,2432
2024-02-23,강동구,3368
2024-02-23,강북구,1043
2024-02-23,강서구,10530
2024-02-23,관악구,1645
2024-02-23,광진구,3356
2024-02-23,구로구,3000
2024-02-23,금천구,1437
2024-02-23,노원구,4678
2024-02-23,도봉구,1733
2024-02-23,동대문구,2382
2024-02-23,동작구,1276
2024-02-23,마포구,3375
2024-02-23,서대문구,1443
2024-02-23,서초구,2135
2024-02-23,성동구,2945
2024-02-23,성북구,1511
2024-02-23,송파구,6695
2024-02-23,양천구,4798
2024-02-23,영등포구,6939
2024-02-23,용산구,1390
2024-02-23,은평구,2013
2024-02-23,종로구,2889
2024-02-23,중구,2112
2024-02-23,중랑구,2127
2024-02-24,강남구,1710
2024-02-24,강동구,2732
2024-02-24,강북구,894
2024-02-24,강서구,6471
2024-02-24,관악구,1366
2024-02-24,광진구,2638
2024-02-24,구로구,2307
2024-02-24,금천구,779
2024-02-24,노원구,3967
2024-02-24,도봉구,1465
2024-02-24,동대문구,1825
2024-02-24,동작구,1103
2024-02-24,마포구,2558
2024-02-24,서대문구,1202
2024-02-24,서초구,1589
2024-02-24,성동구,1878
2024-02-24,성북구,1308
2024-02-24,송파구,5259
2024-02-24,양천구,3976
2024-02-24,영등포구,4311
2024-02-24,용산구,1071
2024-02-24,은평구,1626
2024-02-24,종로구,1808
2024-02-24,중구,1044
2024-02-24,중랑구,1771
2024-02-25,강남구,1578
2024-02-25,강동구,2394
2024-02-25,강북구,816
2024-02-25,강서구,5595
2024-02-25,관악구,1230
2024-02-25,광진구,2463
2024-02-25,구로구,1950
2024-02-25,금천구,641
2024-02-25,노원구,3558
2024-02-25,도봉구,1392
2024-02-25,동대문구,1728
2024-02-25,동작구,1042
2024-02-25,마포구,2518
2024-02-25,서대문구,1079
2024-02-25,서초구,1289
2024-02-25,성동구,1805
2024-02-25,성북구,1170
2024-02-25,송파구,4714
2024-02-25,양천구,3311
2024-02-25,영등포구,4033
2024-02-25,용산구,1072
2024-02-25,은평구,1226
2024-02-25,종로구,1471
2024-02-25,중구,947
2024-02-25,중랑구,1532
2024-02-26,강남구,3341
2024-02-26,강동구,4122
2024-02-26,강북구,1344
2024-02-26,강서구,12601
2024-02-26,관악구,2094
2024-02-26,광진구,4544
2024-02-26,구로구,3970
2024-02-26,금천구,1974
2024-02-26,노원구,5870
2024-02-26,도봉구,2156
2024-02-26,동대문구,3122
2024-02-26,동작구,1772
2024-02-26,마포구,4564
2024-02-26,서대문구,1913
2024-02-26,서초구,2895
2024-02-26,성동구,3930
2024-02-26,성북구,2098
2024-02-26,송파구,9007
2024-02-26,양천구,5793
2024-02-26,영등포구,8915
2024-02-26,용산구,1949
2024-02-26,은평구,2256
2024-02-26,종로구,3848
2024-02-26,중구,2761
2024-02-26,중랑구,2857
2024-02-27,강남구,3557
2024-02-27,강동구,4429
2024-02-27,강북구,1461
2024-02-27,강서구,13382
2024-02-27,관악구,2328
2024-02-27,광진구,4783
2024-02-27,구로구,4125
2024-02-27,금천구,2138
2024-02-27,노원구,6195
2024-02-27,도봉구,2219
2024-02-27,동대문구,3251
2024-02-27,동작구,2010
2024-02-27,마포구,4757
2024-02-27,서대문구,2017
2024-02-27,서초구,3126
2024-02-27,성동구,4212
2024-02-27,성북구,2264
2024-02-27,송파구,9428
2024-02-27,양천구,6110
2024-02-27,영등포구,9301
2024-02-27,용산구,2097
2024-02-27,은평구,2465
2024-02-27,종로구,4085
2024-02-27,중구,2808
2024-02-27,중랑구,2991
2024-02-28,강남구,3689
2024-02-28,강동구,4766
2024-02-28,강북구,1514
2024-02-28,강서구,13843
2024-02-28,관악구,2437
2024-02-28,광진구,5035
2024-02-28,구로구,4269
2024-02-28,금천구,2162
2024-02-28,노원구,6301
2024-02-28,도봉구,2314
2024-02-28,동대문구,3447
2024-02-28,동작구,2058
2024-02-28,마포구,5043
2024-02-28,서대문구,2181
2024-02-28,서초구,3085
2024-02-28,성동구,4330
2024-02-28,성북구,2431
2024-02-28,송파구,9791
2024-02-28,양천구,6603
2024-02-28,영등포구,9757
2024-02-28,용산구,2106
2024-02-28,은평구,2546
2024-02-28,종로구,4390
2024-02-28,중구,3098
2024-02-28,중랑구,2970
2024-02-29,강남구,3486
2024-02-29,강동구,4452
2024-02-29,강북구,1317
2024-02-29,강서구,12903
2024-02-29,관악구,2218
2024-02-29,광진구,4676
2024-02-29,구로구,4159
2024-02-29,금천구,2099
2024-02-29,노원구,6411
2024-02-29,도봉구,2182
2024-02-29,동대문구,3343
2024-02-29,동작구,1750
2024-02-29,마포구,4573
2024-02-29,서대문구,2065
2024-02-29,서초구,2907
2024-02-29,성동구,4006
2024-02-29,성북구,2283
2024-02-29,송파구,9138
2024-02-29,양천구,6069
2024-02-29,영등포구,9081
2024-02-29,용산구,1845
2024-02-29,은평구,2633
2024-02-29,종로구,4074
2024-02-29,중구,2685
2024-02-29,중랑구,2728
2024-03-01,강남구,1303
2024-03-01,강동구,2227
2024-03-01,강북구,710
2024-03-01,강서구,5138
2024-03-01,관악구,1239
2024-03-01,광진구,2256
2024-03-01,구로구,1691
2024-03-01,금천구,631
2024-03-01,노원구,3112
2024-03-01,도봉구,1187
2024-03-01,동대문구,1568
2024-03-01,동작구,889
2024-03-01,마포구,2093
2024-03-01,서대문구,1019
2024-03-01,서초구,1151
2024-03-01,성동구,1543
2024-03-01,성북구,1189
2024-03-01,송파구,4256
2024-03-01,양천구,2845
2024-03-01,영등포구,3486
2024-03-01,용산구,888
2024-03-01,은평구,1297
2024-03-01,종로구,1369
2024-03-01,중구,968
2024-03-01,중랑구,1544
2024-03-02,강남구,1593
2024-03-02,강동구,2700
2024-03-02,강북구,881
2024-03-02,강서구,6298
2024-03-02,관악구,1441
2024-03-02,광진구,2662
2024-03-02,구로구,2098
2024-03-02,금천구,726
2024-03-02,노원구,3865
2024-03-02,도봉구,1451
2024-03-02,동대문구,1736
2024-03-02,동작구,1101
2024-03-02,마포구,2550
2024-03-02,서대문구,1195
2024-03-02,서초구,1460
2024-03-02,성동구,1850
2024-03-02,성북구,1269
2024-03-02,송파구,5181
2024-03-02,양천구,3935
2024-03-02,영등포구,4172
2024-03-02,용산구,1012
2024-03-02,은평구,1614
2024-03-02,종로구,1669
2024-03-02,중구,1118
2024-03-02,중랑구,1761
2024-03-03,강남구,1995
2024-03-03,강동구,3137
2024-03-03,강북구,1070
2024-03-03,강서구,6908
2024-03-03,관악구,1798
2024-03-03,광진구,3414
2024-03-03,구로구,2555
2024-03-03,금천구,848
2024-03-03,노원구,4756
2024-03-03,도봉구,1672
2024-03-03,동대문구,2195
2024-03-03,동작구,1392
2024-03-03,마포구,3115
2024-03-03,서대문구,1565
2024-03-03,서초구,1750
2024-03-03,성동구,2415
2024-03-03,성북구,1596
2024-03-03,송파구,6449
2024-03-03,양천구,4345
2024-03-03,영등포구,5233
2024-03-03,용산구,1397
2024-03-03,은평구,1730
2024-03-03,종로구,1955
2024-03-03,중구,1127
2024-03-03,중랑구,2075
2024-03-04,강남구,3593
2024-03-04,강동구,4624
2024-03-04,강북구,1481
2024-03-04,강서구,13397
2024-03-04,관악구,2382
2024-03-04,광진구,5174
2024-03-04,구로구,4341
2024-03-04,금천구,2215
2024-03-04,노원구,6704
2024-03-04,도봉구,2399
2024-03-04,동대문구,3627
2024-03-04,동작구,1977
2024-03-04,마포구,4854
2024-03-04,서대문구,2194
2024-03-04,서초구,3106
2024-03-04,성동구,4335
2024-03-04,성북구,2522
2024-03-04,송파구,9576
2024-03-04,양천구,6365
2024-03-04,영등포구,9518
2024-03-04,용산구,2001
2024-03-04,은평구,2625
2024-03-04,종로구,4268
2024-03-04,중구,2886
2024-03-04,중랑구,3106
2024-03-05,강남구,3734
2024-03-05,강동구,4657
2024-03-05,강북구,1448
2024-03-05,강서구,14030
2024-03-05,관악구,2357
2024-03-05,광진구,5422
2024-03-05,구로구,4455
2024-03-05,금천구,2118
2024-03-05,노원구,6798
2024-03-05,도봉구,2401
2024-03-05,동대문구,3732
2024-03-05,동작구,2013
2024-03-05,마포구,5003
2024-03-05,서대문구,2388
2024-03-05,서초구,3243
2024-03-05,성동구,4298
2024-03-05,성북구,2635
2024-03-05,송파구,9931
2024-03-05,양천구,6538
2024-03-05,영등포구,9527
2024-03-05,용산구,1998
2024-03-05,은평구,2525
2024-03-05,종로구,4471
2024-03-05,중구,3011
2024-03-05,중랑구,3095
2024-03-06,강남구,3887
2024-03-06,강동구,4718
2024-03-06,강북구,1503
2024-03-06,강서구,14781
2024-03-06,관악구,2537
2024-03-06,광진구,5607
2024-03-06,구로구,4817
2024-03-06,금천구,2327
2024-03-06,노원구,7382
2024-03-06,도봉구,2589
2024-03-06,동대문구,4017
2024-03-06,동작구,2147
2024-03-06,마포구,5256
2024-03-06,서대문구,2455
2024-03-06,서초구,3423
2024-03-06,성동구,4617
2024-03-06,성북구,2748
2024-03-06,송파구,10374
2024-03-06,양천구,6917
2024-03-06,영등포구,10027
2024-03-06,용산구,2140
2024-03-06,은평구,2782
2024-03-06,종로구,4532
2024-03-06,중구,3197
2024-03-06,중랑구,3233
2024-03-07,강남구,3149
2024-03-07,강동구,4026
2024-03-07,강북구,1104
2024-03-07,강서구,13225
2024-03-07,관악구,2377
2024-03-07,광진구,4560
2024-03-07,구로구,4394
2024-03-07,금천구,2213
2024-03-07,노원구,5417
2024-03-07,도봉구,1837
2024-03-07,동대문구,3372
2024-03-07,동작구,1838
2024-03-07,마포구,4116
2024-03-07,서대문구,1978
2024-03-07,서초구,2983
2024-03-07,성동구,3558
2024-03-07,성북구,2228
2024-03-07,송파구,8287
2024-03-07,양천구,6453
2024-03-07,영등포구,9165
2024-03-07,용산구,1636
2024-03-07,은평구,2267
2024-03-07,종로구,3645
2024-03-07,중구,2460
2024-03-07,중랑구,2773
2024-03-08,강남구,3128
2024-03-08,강동구,4283
2024-03-08,강북구,1239
2024-03-08,강서구,12948
2024-03-08,관악구,2094
2024-03-08,광진구,4523
2024-03-08,구로구,4036
2024-03-08,금천구,2025
2024-03-08,노원구,6228
2024-03-08,도봉구,2241
2024-03-08,동대문구,3356
2024-03-08,동작구,1726
2024-03-08,마포구,4400
2024-03-08,서대문구,2040
2024-03-08,서초구,2842
2024-03-08,성동구,3854
2024-03-08,성북구,2256
2024-03-08,송파구,9031
2024-03-08,양천구,6175
2024-03-08,영등포구,8614
2024-03-08,용산구,1811
2024-03-08,은평구,2414
2024-03-08,종로구,3986
2024-03-08,중구,2646
2024-03-08,중랑구,2802
2024-03-09,강남구,2536
2024-03-09,강동구,3704
2024-03-09,강북구,1155
2024-03-09,강서구,8729
2024-03-09,관악구,1952
2024-03-09,광진구,3751
2024-03-09,구로구,3022
2024-03-09,금천구,1115
2024-03-09,노원구,5491
2024-03-09,도봉구,1979
2024-03-09,동대문구,2677
2024-03-09,동작구,1612
2024-03-09,마포구,3752
2024-03-09,서대문구,1586
2024-03-09,서초구,2285
2024-03-09,성동구,2820
2024-03-09,성북구,1721
2024-03-09,송파구,7791
2024-03-09,양천구,5277
2024-03-09,영등포구,6109
2024-03-09,용산구,1608
2024-03-09,은평구,2178
2024-03-09,종로구,2415
2024-03-09,중구,1496
2024-03-09,중랑구,2399
2024-03-10,강남구,2686
2024-03-10,강동구,3737
2024-03-10,강북구,1237
2024-03-10,강서구,7937
2024-03-10,관악구,2107
2024-03-10,광진구,4133
2024-03-10,구로구,3044
2024-03-10,금천구,1061
2024-03-10,노원구,5404
2024-03-10,도봉구,1992
2024-03-10,동대문구,2658
2024-03-10,동작구,1711
2024-03-10,마포구,5073
2024-03-10,서대문구,1935
2024-03-10,서초구,2461
2024-03-10,성동구,3097
2024-03-10,성북구,1969
2024-03-10,송파구,8135
2024-03-10,양천구,5169
2024-03-10,영등포구,6652
2024-03-10,용산구,2056
2024-03-10,은평구,2158
2024-03-10,종로구,2365
2024-03-10,중구,1509
2024-03-10,중랑구,2304
2024-03-11,강남구,3847
2024-03-11,강동구,4881
2024-03-11,강북구,1466
2024-03-11,강서구,14708
2024-03-11,관악구,2460
2024-03-11,광진구,5406
2024-03-11,구로구,4772
2024-03-11,금천구,2329
2024-03-11,노원구,7068
2024-03-11,도봉구,2493
2024-03-11,동대문구,3790
2024-03-11,동작구,2183
2024-03-11,마포구,5323
2024-03-11,서대문구,2291
2024-03-11,서초구,3253
2024-03-11,성동구,4558
2024-03-11,성북구,2623
2024-03-11,송파구,10213
2024-03-11,양천구,6679
2024-03-11,영등포구,10088
2024-03-11,용산구,2057
2024-03-11,은평구,2624
2024-03-11,종로구,4547
2024-03-11,중구,3029
2024-03-11,중랑구,3188
2024-03-12,강남구,2408
2024-03-12,강동구,3519
2024-03-12,강북구,1150
2024-03-12,강서구,11668
2024-03-12,관악구,1610
2024-03-12,광진구,4148
2024-03-12,구로구,3034
2024-03-12,금천구,1282
2024-03-12,노원구,5606
2024-03-12,도봉구,2115
2024-03-12,동대문구,3098
2024-03-12,동작구,1239
2024-03-12,마포구,3199
2024-03-12,서대문구,1504
2024-03-12,서초구,1740
2024-03-12,성동구,3283
2024-03-12,성북구,2071
2024-03-12,송파구,7267
2024-03-12,양천구,5203
2024-03-12,영등포구,5907
2024-03-12,용산구,1041
2024-03-12,은평구,1740
2024-03-12,종로구,2691
2024-03-12,중구,1886
2024-03-12,중랑구,2294
2024-03-13,강남구,4133
2024-03-13,강동구,5135
2024-03-13,강북구,1539
2024-03-13,강서구,15243
2024-03-13,관악구,2525
2024-03-13,광진구,6095
2024-03-13,구로구,4691
2024-03-13,금천구,2358
2024-03-13,노원구,7554
2024-03-13,도봉구,2725
2024-03-13,동대문구,4132
2024-03-13,동작구,2177
2024-03-13,마포구,5713
2024-03-13,서대문구,2445
2024-03-13,서초구,3368
2024-03-13,성동구,4733
2024-03-13,성북구,2908
2024-03-13,송파구,10941
2024-03-13,양천구,6881
2024-03-13,영등포구,10397
2024-03-13,용산구,2322
2024-03-13,은평구,2942
2024-03-13,종로구,4677
2024-03-13,중구,3262
2024-03-13,중랑구,3370
2024-03-14,강남구,4192
2024-03-14,강동구,5500
2024-03-14,강북구,1631
2024-03-14,강서구,15406
2024-03-14,관악구,2640
2024-03-14,광진구,6322
2024-03-14,구로구,5024
2024-03-14,금천구,2529
2024-03-14,노원구,7993
2024-03-14,도봉구,2807
2024-03-14,동대문구,4266
2024-03-14,동작구,2282
2024-03-14,마포구,5925
2024-03-14,서대문구,2610
2024-03-14,서초구,3707
2024-03-14,성동구,5005
2024-03-14,성북구,3028
2024-03-14,송파구,11640
2024-03-14,양천구,7287
2024-03-14,영등포구,11166
2024-03-14,용산구,2411
2024-03-14,은평구,3028
2024-03-14,종로구,5144
2024-03-14,중구,3442
2024-03-14,중랑구,3481
2024-03-15,강남구,4511
2024-03-15,강동구,5626
2024-03-15,강북구,1668
2024-03-15,강서구,15904
2024-03-15,관악구,2774
2024-03-15,광진구,6386
2024-03-15,구로구,5241
2024-03-15,금천구,2525
2024-03-15,노원구,8272
2024-03-15,도봉구,2900
2024-03-15,동대문구,4255
2024-03-15,동작구,2464
2024-03-15,마포구,6234
2024-03-15,서대문구,2686
2024-03-15,서초구,3901
2024-03-15,성동구,5244
2024-03-15,성북구,2829
2024-03-15,송파구,12219
2024-03-15,양천구,7424
2024-03-15,영등포구,11246
2024-03-15,용산구,2624
2024-03-15,은평구,3232
2024-03-15,종로구,4988
2024-03-15,중구,3635
2024-03-15,중랑구,3640
2024-03-16,강남구,3888
2024-03-16,강동구,5256
2024-03-16,강북구,1624
2024-03-16,강서구,11909
2024-03-16,관악구,2828
2024-03-16,광진구,6345
2024-03-16,구로구,4084
2024-03-16,금천구,1513
2024-03-16,노원구,7585
2024-03-16,도봉구,2725
2024-03-16,동대문구,3749
2024-03-16,동작구,2666
2024-03-16,마포구,7255
2024-03-16,서대문구,2606
2024-03-16,서초구,3813
2024-03-16,성동구,5062
2024-03-16,성북구,2598
2024-03-16,송파구,11852
2024-03-16,양천구,7138
2024-03-16,영등포구,10016
2024-03-16,용산구,3423
2024-03-16,은평구,3171
2024-03-16,종로구,3725
2024-03-16,중구,2281
2024-03-16,중랑구,3414
2024-03-17,강남구,2730
2024-03-17,강동구,4210
2024-03-17,강북구,1354
2024-03-17,강서구,8466
2024-03-17,관악구,2294
2024-03-17,광진구,4924
2024-03-17,구로구,3268
2024-03-17,금천구,1079
2024-03-17,노원구,5924
2024-03-17,도봉구,2029
2024-03-17,동대문구,3097
2024-03-17,동작구,1770
2024-03-17,마포구,4714
2024-03-17,서대문구,2020
2024-03-17,서초구,2419
2024-03-17,성동구,3583
2024-03-17,성북구,2203
2024-03-17,송파구,9592
2024-03-17,양천구,5236
2024-03-17,영등포구,6842
2024-03-17,용산구,2058
2024-03-17,은평구,2389
2024-03-17,종로구,2690
2024-03-17,중구,1788
2024-03-17,중랑구,2791
2024-03-18,강남구,4060
2024-03-18,강동구,5339
2024-03-18,강북구,1538
2024-03-18,강서구,15155
2024-03-18,관악구,2546
2024-03-18,광진구,6080
2024-03-18,구로구,5009
2024-03-18,금천구,2434
2024-03-18,노원구,7608
2024-03-18,도봉구,2891
2024-03-18,동대문구,4151
2024-03-18,동작구,2341
2024-03-18,마포구,5710
2024-03-18,서대문구,2533
2024-03-18,서초구,3596
2024-03-18,성동구,4821
2024-03-18,성북구,2983
2024-03-18,송파구,10919
2024-03-18,양천구,7235
2024-03-18,영등포구,11070
2024-03-18,용산구,2320
2024-03-18,은평구,2888
2024-03-18,종로구,4911
2024-03-18,중구,3331
2024-03-18,중랑구,3434
2024-03-19,강남구,3163
2024-03-19,강동구,4505
2024-03-19,강북구,1219
2024-03-19,강서구,13414
2024-03-19,관악구,2153
2024-03-19,광진구,5155
2024-03-19,구로구,4159
2024-03-19,금천구,2098
2024-03-19,노원구,6454
2024-03-19,도봉구,2152
2024-03-19,동대문구,3505
2024-03-19,동작구,1810
2024-03-19,마포구,4588
2024-03-19,서대문구,2170
2024-03-19,서초구,2757
2024-03-19,성동구,4006
2024-03-19,성북구,2436
2024-03-19,송파구,9015
2024-03-19,양천구,6426
2024-03-19,영등포구,8957
2024-03-19,용산구,1712
2024-03-19,은평구,2478
2024-03-19,종로구,4074
2024-03-19,중구,2708
2024-03-19,중랑구,2704
2024-03-20,강남구,3495
2024-03-20,강동구,4883
2024-03-20,강북구,1423
2024-03-20,강서구,14430
2024-03-20,관악구,2396
2024-03-20,광진구,5639
2024-03-20,구로구,4580
2024-03-20,금천구,2147
2024-03-20,노원구,7096
2024-03-20,도봉구,2424
2024-03-20,동대문구,3870
2024-03-20,동작구,2038
2024-03-20,마포구,5040
2024-03-20,서대문구,2359
2024-03-20,서초구,3076
2024-03-20,성동구,4332
2024-03-20,성북구,2610
2024-03-20,송파구,9939
2024-03-20,양천구,6684
2024-03-20,영등포구,9678
2024-03-20,용산구,1916
2024-03-20,은평구,2657
2024-03-20,종로구,4403
2024-03-20,중구,2980
2024-03-20,중랑구,3126
2024-03-21,강남구,4024
2024-03-21,강동구,5304
2024-03-21,강북구,1478
2024-03-21,강서구,15017
2024-03-21,관악구,2597
2024-03-21,광진구,6110
2024-03-21,구로구,4941
2024-03-21,금천구,2343
2024-03-21,노원구,7534
2024-03-21,도봉구,2595
2024-03-21,동대문구,4153
2024-03-21,동작구,2237
2024-03-21,마포구,6444
2024-03-21,서대문구,2614
2024-03-21,서초구,3442
2024-03-21,성동구,4898
2024-03-21,성북구,2838
2024-03-21,송파구,10987
2024-03-21,양천구,6885
2024-03-21,영등포구,10488
2024-03-21,용산구,2198
2024-03-21,은평구,2993
2024-03-21,종로구,4788
2024-03-21,중구,3200
2024-03-21,중랑구,3302
2024-03-22,강남구,2638
2024-03-22,강동구,3429
2024-03-22,강북구,927
2024-03-22,강서구,10757
2024-03-22,관악구,1821
2024-03-22,광진구,4077
2024-03-22,구로구,3500
2024-03-22,금천구,1593
2024-03-22,노원구,4779
2024-03-22,도봉구,1753
2024-03-22,동대문구,2706
2024-03-22,동작구,1493
2024-03-22,마포구,3657
2024-03-22,서대문구,1778
2024-03-22,서초구,2281
2024-03-22,성동구,2996
2024-03-22,성북구,1784
2024-03-22,송파구,7053
2024-03-22,양천구,5322
2024-03-22,영등포구,7185
2024-03-22,용산구,1413
2024-03-22,은평구,1934
2024-03-22,종로구,3244
2024-03-22,중구,2123
2024-03-22,중랑구,2174
2024-03-23,강남구,4239
2024-03-23,강동구,5536
2024-03-23,강북구,1675
2024-03-23,강서구,12042
2024-03-23,관악구,2779
2024-03-23,광진구,6651
2024-03-23,구로구,4441
2024-03-23,금천구,1665
2024-03-23,노원구,7717
2024-03-23,도봉구,2842
2024-03-23,동대문구,3880
2024-03-23,동작구,2875
2024-03-23,마포구,7571
2024-03-23,서대문구,2673
2024-03-23,서초구,3920
2024-03-23,성동구,5664
2024-03-23,성북구,2646
2024-03-23,송파구,12970
2024-03-23,양천구,7197
2024-03-23,영등포구,10987
2024-03-23,용산구,3773
2024-03-23,은평구,3280
2024-03-23,종로구,3668
2024-03-23,중구,2417
2024-03-23,중랑구,3534
2024-03-24,강남구,4771
2024-03-24,강동구,5949
2024-03-24,강북구,1845
2024-03-24,강서구,12320
2024-03-24,관악구,3471
2024-03-24,광진구,8232
2024-03-24,구로구,4914
2024-03-24,금천구,1771
2024-03-24,노원구,7704
2024-03-24,도봉구,3012
2024-03-24,동대문구,4296
2024-03-24,동작구,3520
2024-03-24,마포구,9656
2024-03-24,서대문구,3019
2024-03-24,서초구,5495
2024-03-24,성동구,7175
2024-03-24,성북구,3075
2024-03-24,송파구,15070
2024-03-24,양천구,7441
2024-03-24,영등포구,13657
2024-03-24,용산구,5045
2024-03-24,은평구,3699
2024-03-24,종로구,4107
2024-03-24,중구,2668
2024-03-24,중랑구,3972
2024-03-25,강남구,1790
2024-03-25,강동구,2566
2024-03-25,강북구,746
2024-03-25,강서구,7532
2024-03-25,관악구,1125
2024-03-25,광진구,3411
2024-03-25,구로구,2375
2024-03-25,금천구,1113
2024-03-25,노원구,3511
2024-03-25,도봉구,1221
2024-03-25,동대문구,1948
2024-03-25,동작구,1069
2024-03-25,마포구,2589
2024-03-25,서대문구,1332
2024-03-25,서초구,1682
2024-03-25,성동구,2211
2024-03-25,성북구,1339
2024-03-25,송파구,5405
2024-03-25,양천구,3358
2024-03-25,영등포구,5147
2024-03-25,용산구,1037
2024-03-25,은평구,1374
2024-03-25,종로구,2198
2024-03-25,중구,1516
2024-03-25,중랑구,1638
2024-03-26,강남구,3185
2024-03-26,강동구,3767
2024-03-26,강북구,1117
2024-03-26,강서구,10348
2024-03-26,관악구,1702
2024-03-26,광진구,4498
2024-03-26,구로구,3351
2024-03-26,금천구,1633
2024-03-26,노원구,5569
2024-03-26,도봉구,1830
2024-03-26,동대문구,2910
2024-03-26,동작구,1531
2024-03-26,마포구,4372
2024-03-26,서대문구,1739
2024-03-26,서초구,2707
2024-03-26,성동구,3865
2024-03-26,성북구,1894
2024-03-26,송파구,7998
2024-03-26,양천구,5005
2024-03-26,영등포구,7960
2024-03-26,용산구,1798
2024-03-26,은평구,1984
2024-03-26,종로구,3394
2024-03-26,중구,2450
2024-03-26,중랑구,2481
2024-03-27,강남구,5185
2024-03-27,강동구,5968
2024-03-27,강북구,1737
2024-03-27,강서구,16993
2024-03-27,관악구,2800
2024-03-27,광진구,7395
2024-03-27,구로구,5413
2024-03-27,금천구,2705
2024-03-27,노원구,8250
2024-03-27,도봉구,3097
2024-03-27,동대문구,4784
2024-03-27,동작구,2670
2024-03-27,마포구,6810
2024-03-27,서대문구,2852
2024-03-27,서초구,4312
2024-03-27,성동구,6017
2024-03-27,성북구,3092
2024-03-27,송파구,12749
2024-03-27,양천구,7936
2024-03-27,영등포구,12914
2024-03-27,용산구,2887
2024-03-27,은평구,3375
2024-03-27,종로구,5658
2024-03-27,중구,3997
2024-03-27,중랑구,4005
2024-03-28,강남구,3157
2024-03-28,강동구,3264
2024-03-28,강북구,1287
2024-03-28,강서구,10373
2024-03-28,관악구,2118
2024-03-28,광진구,4304
2024-03-28,구로구,3350
2024-03-28,금천구,1668
2024-03-28,노원구,5792
2024-03-28,도봉구,1949
2024-03-28,동대문구,3539
2024-03-28,동작구,1740
2024-03-28,마포구,4081
2024-03-28,서대문구,2357
2024-03-28,서초구,2519
2024-03-28,성동구,3390
2024-03-28,성북구,2256
2024-03-28,송파구,6932
2024-03-28,양천구,5670
2024-03-28,영등포구,6936
2024-03-28,용산구,1804
2024-03-28,은평구,2532
2024-03-28,종로구,3636
2024-03-28,중구,2243
2024-03-28,중랑구,2538
2024-03-29,강남구,3248
2024-03-29,강동구,4064
2024-03-29,강북구,1151
2024-03-29,강서구,12043
2024-03-29,관악구,1890
2024-03-29,광진구,4729
2024-03-29,구로구,3696
2024-03-29,금천구,1716
2024-03-29,노원구,5724
2024-03-29,도봉구,1986
2024-03-29,동대문구,3210
2024-03-29,동작구,1659
2024-03-29,마포구,3906
2024-03-29,서대문구,1820
2024-03-29,서초구,2722
2024-03-29,성동구,3638
2024-03-29,성북구,2025
2024-03-29,송파구,7933
2024-03-29,양천구,6060
2024-03-29,영등포구,7796
2024-03-29,용산구,1686
2024-03-29,은평구,2255
2024-03-29,종로구,3386
2024-03-29,중구,2403
2024-03-29,중랑구,2786
2024-03-30,강남구,3883
2024-03-30,강동구,5302
2024-03-30,강북구,1589
2024-03-30,강서구,11451
2024-03-30,관악구,2526
2024-03-30,광진구,5890
2024-03-30,구로구,4105
2024-03-30,금천구,1431
2024-03-30,노원구,7389
2024-03-30,도봉구,2759
2024-03-30,동대문구,3770
2024-03-30,동작구,2380
2024-03-30,마포구,6246
2024-03-30,서대문구,2557
2024-03-30,서초구,3427
2024-03-30,성동구,4456
2024-03-30,성북구,2461
2024-03-30,송파구,10711
2024-03-30,양천구,7002
2024-03-30,영등포구,9429
2024-03-30,용산구,2794
2024-03-30,은평구,3095
2024-03-30,종로구,3702
2024-03-30,중구,2224
2024-03-30,중랑구,3420
2024-03-31,강남구,4734
2024-03-31,강동구,5777
2024-03-31,강북구,1751
2024-03-31,강서구,11693
2024-03-31,관악구,3038
2024-03-31,광진구,7149
2024-03-31,구로구,4560
2024-03-31,금천구,1699
2024-03-31,노원구,7661
2024-03-31,도봉구,2884
2024-03-31,동대문구,4034
2024-03-31,동작구,3065
2024-03-31,마포구,7477
2024-03-31,서대문구,2818
2024-03-31,서초구,4177
2024-03-31,성동구,5715
2024-03-31,성북구,2543
2024-03-31,송파구,13037
2024-03-31,양천구,7224
2024-03-31,영등포구,11529
2024-03-31,용산구,3811
2024-03-31,은평구,3416
2024-03-31,종로구,3432
2024-03-31,중구,2248
2024-03-31,중랑구,3727
2024-04-01,강남구,5764
2024-04-01,강동구,6407
2024-04-01,강북구,1885
2024-04-01,강서구,16579
2024-04-01,관악구,3021
2024-04-01,광진구,7816
2024-04-01,구로구,5792
2024-04-01,금천구,2784
2024-04-01,노원구,9073
2024-04-01,도봉구,3280
2024-04-01,동대문구,4851
2024-04-01,동작구,3079
2024-04-01,마포구,7535
2024-04-01,서대문구,3245
2024-04-01,서초구,4841
2024-04-01,성동구,6433
2024-04-01,성북구,3147
2024-04-01,송파구,14045
2024-04-01,양천구,8093
2024-04-01,영등포구,13844
2024-04-01,용산구,3229
2024-04-01,은평구,3702
2024-04-01,종로구,5740
2024-04-01,중구,4028
2024-04-01,중랑구,4185
2024-04-02,강남구,6562
2024-04-02,강동구,7090
2024-04-02,강북구,2116
2024-04-02,강서구,18454
2024-04-02,관악구,3501
2024-04-02,광진구,8665
2024-04-02,구로구,6431
2024-04-02,금천구,3104
2024-04-02,노원구,9672
2024-04-02,도봉구,3374
2024-04-02,동대문구,5378
2024-04-02,동작구,3467
2024-04-02,마포구,8739
2024-04-02,서대문구,3531
2024-04-02,서초구,5508
2024-04-02,성동구,7303
2024-04-02,성북구,3546
2024-04-02,송파구,16275
2024-04-02,양천구,9122
2024-04-02,영등포구,15503
2024-04-02,용산구,3612
2024-04-02,은평구,4039
2024-04-02,종로구,6379
2024-04-02,중구,4532
2024-04-02,중랑구,4634
2024-04-03,강남구,5049
2024-04-03,강동구,6245
2024-04-03,강북구,2045
2024-04-03,강서구,17790
2024-04-03,관악구,2943
2024-04-03,광진구,7901
2024-04-03,구로구,5993
2024-04-03,금천구,2557
2024-04-03,노원구,10001
2024-04-03,도봉구,3449
2024-04-03,동대문구,5171
2024-04-03,동작구,2988
2024-04-03,마포구,7967
2024-04-03,서대문구,3430
2024-04-03,서초구,4079
2024-04-03,성동구,6115
2024-04-03,성북구,3555
2024-04-03,송파구,12657
2024-04-03,양천구,8962
2024-04-03,영등포구,14118
2024-04-03,용산구,3165
2024-04-03,은평구,3964
2024-04-03,종로구,5955
2024-04-03,중구,4044
2024-04-03,중랑구,4438
2024-04-04,강남구,6119
2024-04-04,강동구,7284
2024-04-04,강북구,2232
2024-04-04,강서구,18299
2024-04-04,관악구,3455
2024-04-04,광진구,8680
2024-04-04,구로구,6637
2024-04-04,금천구,3244
2024-04-04,노원구,10111
2024-04-04,도봉구,3601
2024-04-04,동대문구,5593
2024-04-04,동작구,3380
2024-04-04,마포구,8379
2024-04-04,서대문구,3519
2024-04-04,서초구,5492
2024-04-04,성동구,7183
2024-04-04,성북구,3779
2024-04-04,송파구,16557
2024-04-04,양천구,9376
2024-04-04,영등포구,15079
2024-04-04,용산구,3603
2024-04-04,은평구,4204
2024-04-04,종로구,6317
2024-04-04,중구,4481
2024-04-04,중랑구,4914
2024-04-05,강남구,6704
2024-04-05,강동구,7494
2024-04-05,강북구,2281
2024-04-05,강서구,18853
2024-04-05,관악구,3447
2024-04-05,광진구,8633
2024-04-05,구로구,7214
2024-04-05,금천구,3192
2024-04-05,노원구,10293
2024-04-05,도봉구,3797
2024-04-05,동대문구,5464
2024-04-05,동작구,3403
2024-04-05,마포구,8851
2024-04-05,서대문구,3756
2024-04-05,서초구,5968
2024-04-05,성동구,7334
2024-04-05,성북구,3775
2024-04-05,송파구,17406
2024-04-05,양천구,10184
2024-04-05,영등포구,16510
2024-04-05,용산구,3818
2024-04-05,은평구,4528
2024-04-05,종로구,6283
2024-04-05,중구,4276
2024-04-05,중랑구,4960
2024-04-06,강남구,5821
2024-04-06,강동구,7285
2024-04-06,강북구,2171
2024-04-06,강서구,14645
2024-04-06,관악구,3629
2024-04-06,광진구,8214
2024-04-06,구로구,6279
2024-04-06,금천구,2282
2024-04-06,노원구,9407
2024-04-06,도봉구,3628
2024-04-06,동대문구,4957
2024-04-06,동작구,3766
2024-04-06,마포구,9446
2024-04-06,서대문구,3669
2024-04-06,서초구,5631
2024-04-06,성동구,6940
2024-04-06,성북구,3435
2024-04-06,송파구,17673
2024-04-06,양천구,10033
2024-04-06,영등포구,15214
2024-04-06,용산구,4164
2024-04-06,은평구,4379
2024-04-06,종로구,4138
2024-04-06,중구,2494
2024-04-06,중랑구,4509
2024-04-07,강남구,5758
2024-04-07,강동구,6670
2024-04-07,강북구,2097
2024-04-07,강서구,13014
2024-04-07,관악구,3631
2024-04-07,광진구,8141
2024-04-07,구로구,6257
2024-04-07,금천구,2243
2024-04-07,노원구,8879
2024-04-07,도봉구,3671
2024-04-07,동대문구,4819
2024-04-07,동작구,3578
2024-04-07,마포구,9718
2024-04-07,서대문구,3523
2024-04-07,서초구,5656
2024-04-07,성동구,7134
2024-04-07,성북구,3274
2024-04-07,송파구,17883
2024-04-07,양천구,9056
2024-04-07,영등포구,14232
2024-04-07,용산구,4253
2024-04-07,은평구,4371
2024-04-07,종로구,3921
2024-04-07,중구,2447
2024-04-07,중랑구,4424
2024-04-08,강남구,6440
2024-04-08,강동구,7065
2024-04-08,강북구,2115
2024-04-08,강서구,18333
2024-04-08,관악구,3366
2024-04-08,광진구,8308
2024-04-08,구로구,6803
2024-04-08,금천구,2937
2024-04-08,노원구,10005
2024-04-08,도봉구,3689
2024-04-08,동대문구,5547
2024-04-08,동작구,3188
2024-04-08,마포구,8183
2024-04-08,서대문구,3353
2024-04-08,서초구,5318
2024-04-08,성동구,6932
2024-04-08,성북구,3601
2024-04-08,송파구,16157
2024-04-08,양천구,9232
2024-04-08,영등포구,15252
2024-04-08,용산구,3510
2024-04-08,은평구,4207
2024-04-08,종로구,5814
2024-04-08,중구,4136
2024-04-08,중랑구,4939
2024-04-09,강남구,6753
2024-04-09,강동구,7600
2024-04-09,강북구,2275
2024-04-09,강서구,19430
2024-04-09,관악구,3499
2024-04-09,광진구,8682
2024-04-09,구로구,6839
2024-04-09,금천구,3193
2024-04-09,노원구,10611
2024-04-09,도봉구,3690
2024-04-09,동대문구,5767
2024-04-09,동작구,3522
2024-04-09,마포구,9070
2024-04-09,서대문구,3668
2024-04-09,서초구,5684
2024-04-09,성동구,7314
2024-04-09,성북구,3780
2024-04-09,송파구,16821
2024-04-09,양천구,9735
2024-04-09,영등포구,15931
2024-04-09,용산구,3926
2024-04-09,은평구,4159
2024-04-09,종로구,6250
2024-04-09,중구,4529
2024-04-09,중랑구,5093
2024-04-10,강남구,5392
2024-04-10,강동구,6931
2024-04-10,강북구,2122
2024-04-10,강서구,14551
2024-04-10,관악구,3827
2024-04-10,광진구,8425
2024-04-10,구로구,5570
2024-04-10,금천구,2087
2024-04-10,노원구,9217
2024-04-10,도봉구,3490
2024-04-10,동대문구,5008
2024-04-10,동작구,3766
2024-04-10,마포구,9261
2024-04-10,서대문구,3353
2024-04-10,서초구,5026
2024-04-10,성동구,6950
2024-04-10,성북구,3429
2024-04-10,송파구,15902
2024-04-10,양천구,8610
2024-04-10,영등포구,13121
2024-04-10,용산구,4238
2024-04-10,은평구,4133
2024-04-10,종로구,4214
2024-04-10,중구,2841
2024-04-10,중랑구,4633
2024-04-11,강남구,6071
2024-04-11,강동구,7034
2024-04-11,강북구,2057
2024-04-11,강서구,17526
2024-04-11,관악구,3083
2024-04-11,광진구,8526
2024-04-11,구로구,6152
2024-04-11,금천구,2620
2024-04-11,노원구,9959
2024-04-11,도봉구,3362
2024-04-11,동대문구,5411
2024-04-11,동작구,2997
2024-04-11,마포구,7898
2024-04-11,서대문구,3489
2024-04-11,서초구,5145
2024-04-11,성동구,6723
2024-04-11,성북구,3544
2024-04-11,송파구,14909
2024-04-11,양천구,9077
2024-04-11,영등포구,14047
2024-04-11,용산구,3402
2024-04-11,은평구,3965
2024-04-11,종로구,5672
2024-04-11,중구,4128
2024-04-11,중랑구,4714
2024-04-12,강남구,6796
2024-04-12,강동구,8033
2024-04-12,강북구,2157
2024-04-12,강서구,19106
2024-04-12,관악구,3500
2024-04-12,광진구,9110
2024-04-12,구로구,7110
2024-04-12,금천구,3049
2024-04-12,노원구,10798
2024-04-12,도봉구,3847
2024-04-12,동대문구,5995
2024-04-12,동작구,3626
2024-04-12,마포구,9122
2024-04-12,서대문구,3859
2024-04-12,서초구,5951
2024-04-12,성동구,7401
2024-04-12,성북구,3924
2024-04-12,송파구,17097
2024-04-12,양천구,10263
2024-04-12,영등포구,15832
2024-04-12,용산구,3969
2024-04-12,은평구,4518
2024-04-12,종로구,6379
2024-04-12,중구,4740
2024-04-12,중랑구,5275
2024-04-13,강남구,5729
2024-04-13,강동구,7438
2024-04-13,강북구,2294
2024-04-13,강서구,16086
2024-04-13,관악구,3757
2024-04-13,광진구,8581
2024-04-13,구로구,5925
2024-04-13,금천구,2142
2024-04-13,노원구,9989
2024-04-13,도봉구,3726
2024-04-13,동대문구,5180
2024-04-13,동작구,3769
2024-04-13,마포구,10165
2024-04-13,서대문구,3451
2024-04-13,서초구,5785
2024-04-13,성동구,7293
2024-04-13,성북구,3583
2024-04-13,송파구,16803
2024-04-13,양천구,9307
2024-04-13,영등포구,13732
2024-04-13,용산구,4743
2024-04-13,은평구,4458
2024-04-13,종로구,4521
2024-04-13,중구,2913
2024-04-13,중랑구,4894
2024-04-14,강남구,5106
2024-04-14,강동구,6944
2024-04-14,강북구,2098
2024-04-14,강서구,14060
2024-04-14,관악구,3540
2024-04-14,광진구,8170
2024-04-14,구로구,5410
2024-04-14,금천구,1769
2024-04-14,노원구,8855
2024-04-14,도봉구,3253
2024-04-14,동대문구,4771
2024-04-14,동작구,3607
2024-04-14,마포구,9376
2024-04-14,서대문구,3266
2024-04-14,서초구,4920
2024-04-14,성동구,6606
2024-04-14,성북구,3281
2024-04-14,송파구,15284
2024-04-14,양천구,8619
2024-04-14,영등포구,12945
2024-04-14,용산구,4470
2024-04-14,은평구,3921
2024-04-14,종로구,3931
2024-04-14,중구,2502
2024-04-14,중랑구,4310
2024-04-15,강남구,2238
2024-04-15,강동구,3285
2024-04-15,강북구,838
2024-04-15,강서구,7614
2024-04-15,관악구,1258
2024-04-15,광진구,3483
2024-04-15,구로구,2485
2024-04-15,금천구,1113
2024-04-15,노원구,3864
2024-04-15,도봉구,1467
2024-04-15,동대문구,2311
2024-04-15,동작구,1201
2024-04-15,마포구,2434
2024-04-15,서대문구,1239
2024-04-15,서초구,1853
2024-04-15,성동구,2377
2024-04-15,성북구,1366
2024-04-15,송파구,6078
2024-04-15,양천구,3781
2024-04-15,영등포구,5155
2024-04-15,용산구,1082
2024-04-15,은평구,1450
2024-04-15,종로구,1996
2024-04-15,중구,1541
2024-04-15,중랑구,1980
2024-04-16,강남구,4602
2024-04-16,강동구,5523
2024-04-16,강북구,1704
2024-04-16,강서구,14120
2024-04-16,관악구,2594
2024-04-16,광진구,6587
2024-04-16,구로구,4706
2024-04-16,금천구,1923
2024-04-16,노원구,8369
2024-04-16,도봉구,2892
2024-04-16,동대문구,4137
2024-04-16,동작구,2312
2024-04-16,마포구,5731
2024-04-16,서대문구,2489
2024-04-16,서초구,4125
2024-04-16,성동구,4901
2024-04-16,성북구,2755
2024-04-16,송파구,11296
2024-04-16,양천구,7024
2024-04-16,영등포구,9940
2024-04-16,용산구,2367
2024-04-16,은평구,2945
2024-04-16,종로구,4346
2024-04-16,중구,3098
2024-04-16,중랑구,3754
2024-04-17,강남구,6201
2024-04-17,강동구,7275
2024-04-17,강북구,2151
2024-04-17,강서구,19700
2024-04-17,관악구,3252
2024-04-17,광진구,8371
2024-04-17,구로구,6544
2024-04-17,금천구,2846
2024-04-17,노원구,10362
2024-04-17,도봉구,3562
2024-04-17,동대문구,5531
2024-04-17,동작구,3146
2024-04-17,마포구,7669
2024-04-17,서대문구,3408
2024-04-17,서초구,5186
2024-04-17,성동구,6393
2024-04-17,성북구,3752
2024-04-17,송파구,15050
2024-04-17,양천구,9686
2024-04-17,영등포구,14086
2024-04-17,용산구,3319
2024-04-17,은평구,4060
2024-04-17,종로구,5770
2024-04-17,중구,4269
2024-04-17,중랑구,4753
2024-04-18,강남구,6367
2024-04-18,강동구,7732
2024-04-18,강북구,2367
2024-04-18,강서구,20193
2024-04-18,관악구,3430
2024-04-18,광진구,8842
2024-04-18,구로구,6843
2024-04-18,금천구,3126
2024-04-18,노원구,10414
2024-04-18,도봉구,3731
2024-04-18,동대문구,5701
2024-04-18,동작구,3281
2024-04-18,마포구,8198
2024-04-18,서대문구,3525
2024-04-18,서초구,5391
2024-04-18,성동구,6801
2024-04-18,성북구,3860
2024-04-18,송파구,16105
2024-04-18,양천구,9781
2024-04-18,영등포구,14275
2024-04-18,용산구,3362
2024-04-18,은평구,4139
2024-04-18,종로구,6211
2024-04-18,중구,4454
2024-04-18,중랑구,5092
2024-04-19,강남구,6826
2024-04-19,강동구,8027
2024-04-19,강북구,2278
2024-04-19,강서구,20794
2024-04-19,관악구,3496
2024-04-19,광진구,8193
2024-04-19,구로구,6956
2024-04-19,금천구,3221
2024-04-19,노원구,11002
2024-04-19,도봉구,3869
2024-04-19,동대문구,5803
2024-04-19,동작구,3386
2024-04-19,마포구,8606
2024-04-19,서대문구,3679
2024-04-19,서초구,5673
2024-04-19,성동구,7231
2024-04-19,성북구,3905
2024-04-19,송파구,16597
2024-04-19,양천구,10439
2024-04-19,영등포구,14964
2024-04-19,용산구,3652
2024-04-19,은평구,4418
2024-04-19,종로구,6312
2024-04-19,중구,4557
2024-04-19,중랑구,5252
2024-04-20,강남구,1236
2024-04-20,강동구,2136
2024-04-20,강북구,710
2024-04-20,강서구,4788
2024-04-20,관악구,1064
2024-04-20,광진구,2200
2024-04-20,구로구,1604
2024-04-20,금천구,553
2024-04-20,노원구,2829
2024-04-20,도봉구,1023
2024-04-20,동대문구,1478
2024-04-20,동작구,854
2024-04-20,마포구,2077
2024-04-20,서대문구,900
2024-04-20,서초구,1080
2024-04-20,성동구,1459
2024-04-20,성북구,1043
2024-04-20,송파구,3720
2024-04-20,양천구,2906
2024-04-20,영등포구,2998
2024-04-20,용산구,832
2024-04-20,은평구,1308
2024-04-20,종로구,1153
2024-04-20,중구,673
2024-04-20,중랑구,1386
2024-04-21,강남구,4457
2024-04-21,강동구,6290
2024-04-21,강북구,1983
2024-04-21,강서구,12797
2024-04-21,관악구,3204
2024-04-21,광진구,6705
2024-04-21,구로구,4963
2024-04-21,금천구,1680
2024-04-21,노원구,8505
2024-04-21,도봉구,3145
2024-04-21,동대문구,4259
2024-04-21,동작구,2922
2024-04-21,마포구,7398
2024-04-21,서대문구,2766
2024-04-21,서초구,4375
2024-04-21,성동구,5637
2024-04-21,성북구,2876
2024-04-21,송파구,13443
2024-04-21,양천구,7665
2024-04-21,영등포구,10659
2024-04-21,용산구,3541
2024-04-21,은평구,3561
2024-04-21,종로구,3511
2024-04-21,중구,2325
2024-04-21,중랑구,3835
2024-04-22,강남구,6800
2024-04-22,강동구,7866
2024-04-22,강북구,2409
2024-04-22,강서구,21226
2024-04-22,관악구,3545
2024-04-22,광진구,8472
2024-04-22,구로구,7204
2024-04-22,금천구,3331
2024-04-22,노원구,10828
2024-04-22,도봉구,3835
2024-04-22,동대문구,5698
2024-04-22,동작구,3495
2024-04-22,마포구,8471
2024-04-22,서대문구,3755
2024-04-22,서초구,5883
2024-04-22,성동구,7166
2024-04-22,성북구,3699
2024-04-22,송파구,16650
2024-04-22,양천구,10096
2024-04-22,영등포구,15673
2024-04-22,용산구,3669
2024-04-22,은평구,4326
2024-04-22,종로구,5983
2024-04-22,중구,4489
2024-04-22,중랑구,5155
2024-04-23,강남구,5577
2024-04-23,강동구,7097
2024-04-23,강북구,2124
2024-04-23,강서구,19039
2024-04-23,관악구,3029
2024-04-23,광진구,7187
2024-04-23,구로구,6180
2024-04-23,금천구,2836
2024-04-23,노원구,9796
2024-04-23,도봉구,3359
2024-04-23,동대문구,5124
2024-04-23,동작구,2759
2024-04-23,마포구,6859
2024-04-23,서대문구,3086
2024-04-23,서초구,4632
2024-04-23,성동구,6037
2024-04-23,성북구,3423
2024-04-23,송파구,14263
2024-04-23,양천구,8695
2024-04-23,영등포구,12791
2024-04-23,용산구,2643
2024-04-23,은평구,3594
2024-04-23,종로구,5507
2024-04-23,중구,3896
2024-04-23,중랑구,4459
2024-04-24,강남구,3727
2024-04-24,강동구,4829
2024-04-24,강북구,1539
2024-04-24,강서구,14242
2024-04-24,관악구,2395
2024-04-24,광진구,5424
2024-04-24,구로구,4525
2024-04-24,금천구,1678
2024-04-24,노원구,7290
2024-04-24,도봉구,2527
2024-04-24,동대문구,3739
2024-04-24,동작구,2023
2024-04-24,마포구,5407
2024-04-24,서대문구,2164
2024-04-24,서초구,3388
2024-04-24,성동구,4090
2024-04-24,성북구,2574
2024-04-24,송파구,9763
2024-04-24,양천구,6779
2024-04-24,영등포구,8644
2024-04-24,용산구,2249
2024-04-24,은평구,2885
2024-04-24,종로구,3731
2024-04-24,중구,2509
2024-04-24,중랑구,3310
2024-04-25,강남구,6183
2024-04-25,강동구,7796
2024-04-25,강북구,2371
2024-04-25,강서구,20338
2024-04-25,관악구,3499
2024-04-25,광진구,8315
2024-04-25,구로구,6891
2024-04-25,금천구,3152
2024-04-25,노원구,11031
2024-04-25,도봉구,3709
2024-04-25,동대문구,5697
2024-04-25,동작구,3384
2024-04-25,마포구,8325
2024-04-25,서대문구,3372
2024-04-25,서초구,5487
2024-04-25,성동구,6737
2024-04-25,성북구,3911
2024-04-25,송파구,16290
2024-04-25,양천구,9645
2024-04-25,영등포구,14368
2024-04-25,용산구,3341
2024-04-25,은평구,4242
2024-04-25,종로구,5945
2024-04-25,중구,4290
2024-04-25,중랑구,5095
2024-04-26,강남구,6461
2024-04-26,강동구,7988
2024-04-26,강북구,2310
2024-04-26,강서구,21485
2024-04-26,관악구,3644
2024-04-26,광진구,8576
2024-04-26,구로구,7444
2024-04-26,금천구,3244
2024-04-26,노원구,11429
2024-04-26,도봉구,3899
2024-04-26,동대문구,5925
2024-04-26,동작구,3565
2024-04-26,마포구,9019
2024-04-26,서대문구,3512
2024-04-26,서초구,5763
2024-04-26,성동구,7373
2024-04-26,성북구,4045
2024-04-26,송파구,17439
2024-04-26,양천구,10719
2024-04-26,영등포구,15793
2024-04-26,용산구,3891
2024-04-26,은평구,4394
2024-04-26,종로구,5948
2024-04-26,중구,4462
2024-04-26,중랑구,5251
2024-04-27,강남구,5414
2024-04-27,강동구,7550
2024-04-27,강북구,2301
2024-04-27,강서구,16099
2024-04-27,관악구,3791
2024-04-27,광진구,8830
2024-04-27,구로구,5976
2024-04-27,금천구,2025
2024-04-27,노원구,10449
2024-04-27,도봉구,3726
2024-04-27,동대문구,5047
2024-04-27,동작구,3673
2024-04-27,마포구,9588
2024-04-27,서대문구,3325
2024-04-27,서초구,5149
2024-04-27,성동구,6694
2024-04-27,성북구,3409
2024-04-27,송파구,17952
2024-04-27,양천구,9778
2024-04-27,영등포구,13556
2024-04-27,용산구,4745
2024-04-27,은평구,4418
2024-04-27,종로구,4218
2024-04-27,중구,2749
2024-04-27,중랑구,4750
2024-04-28,강남구,5198
2024-04-28,강동구,6986
2024-04-28,강북구,2048
2024-04-28,강서구,14216
2024-04-28,관악구,3611
2024-04-28,광진구,8052
2024-04-28,구로구,5396
2024-04-28,금천구,1756
2024-04-28,노원구,9237
2024-04-28,도봉구,3462
2024-04-28,동대문구,4629
2024-04-28,동작구,3361
2024-04-28,마포구,9431
2024-04-28,서대문구,3420
2024-04-28,서초구,4967
2024-04-28,성동구,6207
2024-04-28,성북구,3188
2024-04-28,송파구,15470
2024-04-28,양천구,8509
2024-04-28,영등포구,12802
2024-04-28,용산구,4490
2024-04-28,은평구,3822
2024-04-28,종로구,4209
2024-04-28,중구,2573
2024-04-28,중랑구,4417
2024-04-29,강남구,6934
2024-04-29,강동구,7986
2024-04-29,강북구,2416
2024-04-29,강서구,21295
2024-04-29,관악구,3711
2024-04-29,광진구,9241
2024-04-29,구로구,7267
2024-04-29,금천구,3418
2024-04-29,노원구,11545
2024-04-29,도봉구,3959
2024-04-29,동대문구,6004
2024-04-29,동작구,3465
2024-04-29,마포구,8678
2024-04-29,서대문구,3569
2024-04-29,서초구,5603
2024-04-29,성동구,7215
2024-04-29,성북구,4055
2024-04-29,송파구,16976
2024-04-29,양천구,10255
2024-04-29,영등포구,15853
2024-04-29,용산구,3581
2024-04-29,은평구,4283
2024-04-29,종로구,6152
2024-04-29,중구,4489
2024-04-29,중랑구,5346
2024-04-30,강남구,6685
2024-04-30,강동구,8287
2024-04-30,강북구,2432
2024-04-30,강서구,22056
2024-04-30,관악구,3698
2024-04-30,광진구,9198
2024-04-30,구로구,7645
2024-04-30,금천구,3387
2024-04-30,노원구,11900
2024-04-30,도봉구,3948
2024-04-30,동대문구,6119
2024-04-30,동작구,3409
2024-04-30,마포구,8639
2024-04-30,서대문구,3677
2024-04-30,서초구,5758
2024-04-30,성동구,7165
2024-04-30,성북구,4018
2024-04-30,송파구,17520
2024-04-30,양천구,10359
2024-04-30,영등포구,15705
2024-04-30,용산구,3577
2024-04-30,은평구,4407
2024-04-30,종로구,6439
2024-04-30,중구,4480
2024-04-30,중랑구,5457
2024-05-01,강남구,6070
2024-05-01,강동구,8032
2024-05-01,강북구,2600
2024-05-01,강서구,18291
2024-05-01,관악구,4336
2024-05-01,광진구,10260
2024-05-01,구로구,6780
2024-05-01,금천구,2370
2024-05-01,노원구,12130
2024-05-01,도봉구,4377
2024-05-01,동대문구,5995
2024-05-01,동작구,4075
2024-05-01,마포구,10491
2024-05-01,서대문구,3711
2024-05-01,서초구,5504
2024-05-01,성동구,7478
2024-05-01,성북구,4206
2024-05-01,송파구,18964
2024-05-01,양천구,10612
2024-05-01,영등포구,15232
2024-05-01,용산구,4769
2024-05-01,은평구,4690
2024-05-01,종로구,5360
2024-05-01,중구,3664
2024-05-01,중랑구,5334
2024-05-02,강남구,7112
2024-05-02,강동구,8023
2024-05-02,강북구,2433
2024-05-02,강서구,22211
2024-05-02,관악구,3864
2024-05-02,광진구,8996
2024-05-02,구로구,7749
2024-05-02,금천구,3497
2024-05-02,노원구,12333
2024-05-02,도봉구,4089
2024-05-02,동대문구,5952
2024-05-02,동작구,3496
2024-05-02,마포구,8844
2024-05-02,서대문구,3660
2024-05-02,서초구,5830
2024-05-02,성동구,7460
2024-05-02,성북구,3809
2024-05-02,송파구,17585
2024-05-02,양천구,10632
2024-05-02,영등포구,16696
2024-05-02,용산구,4022
2024-05-02,은평구,4423
2024-05-02,종로구,6308
2024-05-02,중구,4650
2024-05-02,중랑구,5652
2024-05-03,강남구,7030
2024-05-03,강동구,8319
2024-05-03,강북구,2507
2024-05-03,강서구,22808
2024-05-03,관악구,3795
2024-05-03,광진구,9217
2024-05-03,구로구,7783
2024-05-03,금천구,3554
2024-05-03,노원구,11888
2024-05-03,도봉구,4117
2024-05-03,동대문구,6183
2024-05-03,동작구,3597
2024-05-03,마포구,9672
2024-05-03,서대문구,3731
2024-05-03,서초구,6122
2024-05-03,성동구,7708
2024-05-03,성북구,3964
2024-05-03,송파구,18455
2024-05-03,양천구,11320
2024-05-03,영등포구,17055
2024-05-03,용산구,4135
2024-05-03,은평구,4600
2024-05-03,종로구,6045
2024-05-03,중구,4502
2024-05-03,중랑구,5662
2024-05-04,강남구,5372
2024-05-04,강동구,7191
2024-05-04,강북구,2363
2024-05-04,강서구,15462
2024-05-04,관악구,3593
2024-05-04,광진구,8162
2024-05-04,구로구,5672
2024-05-04,금천구,2101
2024-05-04,노원구,10004
2024-05-04,도봉구,3723
2024-05-04,동대문구,4840
2024-05-04,동작구,3669
2024-05-04,마포구,10366
2024-05-04,서대문구,3287
2024-05-04,서초구,5060
2024-05-04,성동구,6524
2024-05-04,성북구,3277
2024-05-04,송파구,15938
2024-05-04,양천구,9167
2024-05-04,영등포구,13663
2024-05-04,용산구,4502
2024-05-04,은평구,4273
2024-05-04,종로구,4171
2024-05-04,중구,2815
2024-05-04,중랑구,4918
2024-05-05,강남구,447
2024-05-05,강동구,671
2024-05-05,강북구,308
2024-05-05,강서구,1345
2024-05-05,관악구,483
2024-05-05,광진구,938
2024-05-05,구로구,521
2024-05-05,금천구,195
2024-05-05,노원구,1040
2024-05-05,도봉구,341
2024-05-05,동대문구,553
2024-05-05,동작구,334
2024-05-05,마포구,801
2024-05-05,서대문구,301
2024-05-05,서초구,373
2024-05-05,성동구,483
2024-05-05,성북구,353
2024-05-05,송파구,1259
2024-05-05,양천구,778
2024-05-05,영등포구,1089
2024-05-05,용산구,370
2024-05-05,은평구,422
2024-05-05,종로구,376
2024-05-05,중구,262
2024-05-05,중랑구,570
2024-05-06,강남구,818
2024-05-06,강동구,1025
2024-05-06,강북구,342
2024-05-06,강서구,3179
2024-05-06,관악구,539
2024-05-06,광진구,1537
2024-05-06,구로구,1032
2024-05-06,금천구,302
2024-05-06,노원구,1558
2024-05-06,도봉구,551
2024-05-06,동대문구,794
2024-05-06,동작구,440
2024-05-06,마포구,1559
2024-05-06,서대문구,701
2024-05-06,서초구,685
2024-05-06,성동구,941
2024-05-06,성북구,609
2024-05-06,송파구,2027
2024-05-06,양천구,2169
2024-05-06,영등포구,2475
2024-05-06,용산구,435
2024-05-06,은평구,707
2024-05-06,종로구,693
2024-05-06,중구,476
2024-05-06,중랑구,663
2024-05-07,강남구,2313
2024-05-07,강동구,3977
2024-05-07,강북구,1383
2024-05-07,강서구,7591
2024-05-07,관악구,1141
2024-05-07,광진구,4418
2024-05-07,구로구,2171
2024-05-07,금천구,908
2024-05-07,노원구,6735
2024-05-07,도봉구,2271
2024-05-07,동대문구,3185
2024-05-07,동작구,1058
2024-05-07,마포구,2862
2024-05-07,서대문구,1321
2024-05-07,서초구,1750
2024-05-07,성동구,3328
2024-05-07,성북구,2189
2024-05-07,송파구,6661
2024-05-07,양천구,3872
2024-05-07,영등포구,5014
2024-05-07,용산구,1149
2024-05-07,은평구,1830
2024-05-07,종로구,2873
2024-05-07,중구,2090
2024-05-07,중랑구,2741
2024-05-08,강남구,6727
2024-05-08,강동구,7897
2024-05-08,강북구,2378
2024-05-08,강서구,21117
2024-05-08,관악구,3612
2024-05-08,광진구,8696
2024-05-08,구로구,7142
2024-05-08,금천구,3440
2024-05-08,노원구,11510
2024-05-08,도봉구,4055
2024-05-08,동대문구,5928
2024-05-08,동작구,3335
2024-05-08,마포구,8342
2024-05-08,서대문구,3512
2024-05-08,서초구,5616
2024-05-08,성동구,7201
2024-05-08,성북구,4009
2024-05-08,송파구,16574
2024-05-08,양천구,10075
2024-05-08,영등포구,15576
2024-05-08,용산구,3698
2024-05-08,은평구,4351
2024-05-08,종로구,6191
2024-05-08,중구,4595
2024-05-08,중랑구,4960
2024-05-09,강남구,6672
2024-05-09,강동구,8035
2024-05-09,강북구,2283
2024-05-09,강서구,21693
2024-05-09,관악구,3552
2024-05-09,광진구,8879
2024-05-09,구로구,7266
2024-05-09,금천구,3471
2024-05-09,노원구,11571
2024-05-09,도봉구,3925
2024-05-09,동대문구,6148
2024-05-09,동작구,3482
2024-05-09,마포구,8189
2024-05-09,서대문구,3631
2024-05-09,서초구,5733
2024-05-09,성동구,6871
2024-05-09,성북구,3980
2024-05-09,송파구,16882
2024-05-09,양천구,10072
2024-05-09,영등포구,15591
2024-05-09,용산구,3689
2024-05-09,은평구,4343
2024-05-09,종로구,6076
2024-05-09,중구,4407
2024-05-09,중랑구,5004
2024-05-10,강남구,7118
2024-05-10,강동구,8460
2024-05-10,강북구,2429
2024-05-10,강서구,22707
2024-05-10,관악구,3786
2024-05-10,광진구,9299
2024-05-10,구로구,7544
2024-05-10,금천구,3533
2024-05-10,노원구,11795
2024-05-10,도봉구,4207
2024-05-10,동대문구,6137
2024-05-10,동작구,3806
2024-05-10,마포구,9401
2024-05-10,서대문구,3629
2024-05-10,서초구,6189
2024-05-10,성동구,7602
2024-05-10,성북구,4032
2024-05-10,송파구,17719
2024-05-10,양천구,11130
2024-05-10,영등포구,16931
2024-05-10,용산구,4225
2024-05-10,은평구,4720
2024-05-10,종로구,6192
2024-05-10,중구,4493
2024-05-10,중랑구,5371
2024-05-11,강남구,2170
2024-05-11,강동구,3329
2024-05-11,강북구,992
2024-05-11,강서구,6691
2024-05-11,관악구,1604
2024-05-11,광진구,3357
2024-05-11,구로구,2460
2024-05-11,금천구,838
2024-05-11,노원구,4318
2024-05-11,도봉구,1623
2024-05-11,동대문구,2170
2024-05-11,동작구,1457
2024-05-11,마포구,2755
2024-05-11,서대문구,1318
2024-05-11,서초구,1888
2024-05-11,성동구,2268
2024-05-11,성북구,1486
2024-05-11,송파구,6347
2024-05-11,양천구,3851
2024-05-11,영등포구,4861
2024-05-11,용산구,1190
2024-05-11,은평구,1728
2024-05-11,종로구,1576
2024-05-11,중구,954
2024-05-11,중랑구,2061
2024-05-12,강남구,5051
2024-05-12,강동구,6424
2024-05-12,강북구,2094
2024-05-12,강서구,14115
2024-05-12,관악구,3428
2024-05-12,광진구,7869
2024-05-12,구로구,5293
2024-05-12,금천구,1808
2024-05-12,노원구,9527
2024-05-12,도봉구,3348
2024-05-12,동대문구,4633
2024-05-12,동작구,3622
2024-05-12,마포구,8900
2024-05-12,서대문구,3203
2024-05-12,서초구,5292
2024-05-12,성동구,6567
2024-05-12,성북구,3262
2024-05-12,송파구,15582
2024-05-12,양천구,8429
2024-05-12,영등포구,13001
2024-05-12,용산구,4799
2024-05-12,은평구,3780
2024-05-12,종로구,4241
2024-05-12,중구,2714
2024-05-12,중랑구,4444
2024-05-13,강남구,7063
2024-05-13,강동구,8192
2024-05-13,강북구,2391
2024-05-13,강서구,21813
2024-05-13,관악구,3751
2024-05-13,광진구,9248
2024-05-13,구로구,7424
2024-05-13,금천구,3469
2024-05-13,노원구,11557
2024-05-13,도봉구,3985
2024-05-13,동대문구,5890
2024-05-13,동작구,3652
2024-05-13,마포구,8663
2024-05-13,서대문구,3486
2024-05-13,서초구,5978
2024-05-13,성동구,7331
2024-05-13,성북구,4085
2024-05-13,송파구,17373
2024-05-13,양천구,10482
2024-05-13,영등포구,16158
2024-05-13,용산구,3796
2024-05-13,은평구,4255
2024-05-13,종로구,6244
2024-05-13,중구,4633
2024-05-13,중랑구,5164
2024-05-14,강남구,7192
2024-05-14,강동구,8392
2024-05-14,강북구,2528
2024-05-14,강서구,23002
2024-05-14,관악구,3749
2024-05-14,광진구,9726
2024-05-14,구로구,7706
2024-05-14,금천구,3618
2024-05-14,노원구,12540
2024-05-14,도봉구,4228
2024-05-14,동대문구,6166
2024-05-14,동작구,3861
2024-05-14,마포구,9142
2024-05-14,서대문구,3919
2024-05-14,서초구,6176
2024-05-14,성동구,7797
2024-05-14,성북구,4468
2024-05-14,송파구,18300
2024-05-14,양천구,11178
2024-05-14,영등포구,16893
2024-05-14,용산구,4004
2024-05-14,은평구,4471
2024-05-14,종로구,6147
2024-05-14,중구,4817
2024-05-14,중랑구,5538
2024-05-15,강남구,2041
2024-05-15,강동구,2912
2024-05-15,강북구,831
2024-05-15,강서구,5202
2024-05-15,관악구,1386
2024-05-15,광진구,2951
2024-05-15,구로구,1955
2024-05-15,금천구,849
2024-05-15,노원구,3830
2024-05-15,도봉구,1421
2024-05-15,동대문구,1952
2024-05-15,동작구,1298
2024-05-15,마포구,2538
2024-05-15,서대문구,1162
2024-05-15,서초구,1735
2024-05-15,성동구,2190
2024-05-15,성북구,1516
2024-05-15,송파구,5571
2024-05-15,양천구,3108
2024-05-15,영등포구,4114
2024-05-15,용산구,1205
2024-05-15,은평구,1472
2024-05-15,종로구,1602
2024-05-15,중구,975
2024-05-15,중랑구,1705
2024-05-16,강남구,6473
2024-05-16,강동구,7647
2024-05-16,강북구,2328
2024-05-16,강서구,20404
2024-05-16,관악구,3375
2024-05-16,광진구,8460
2024-05-16,구로구,6891
2024-05-16,금천구,3205
2024-05-16,노원구,11112
2024-05-16,도봉구,3730
2024-05-16,동대문구,5479
2024-05-16,동작구,3186
2024-05-16,마포구,8174
2024-05-16,서대문구,3143
2024-05-16,서초구,5518
2024-05-16,성동구,7093
2024-05-16,성북구,3757
2024-05-16,송파구,16516
2024-05-16,양천구,10048
2024-05-16,영등포구,15450
2024-05-16,용산구,3588
2024-05-16,은평구,3877
2024-05-16,종로구,6022
2024-05-16,중구,4632
2024-05-16,중랑구,5001
2024-05-17,강남구,7106
2024-05-17,강동구,8545
2024-05-17,강북구,2516
2024-05-17,강서구,22794
2024-05-17,관악구,3746
2024-05-17,광진구,9510
2024-05-17,구로구,7855
2024-05-17,금천구,3513
2024-05-17,노원구,12188
2024-05-17,도봉구,4183
2024-05-17,동대문구,6246
2024-05-17,동작구,3776
2024-05-17,마포구,9374
2024-05-17,서대문구,3630
2024-05-17,서초구,6061
2024-05-17,성동구,7571
2024-05-17,성북구,4104
2024-05-17,송파구,18524
2024-05-17,양천구,11233
2024-05-17,영등포구,16985
2024-05-17,용산구,3966
2024-05-17,은평구,4301
2024-05-17,종로구,6362
2024-05-17,중구,4686
2024-05-17,중랑구,5335
2024-05-18,강남구,6089
2024-05-18,강동구,7581
2024-05-18,강북구,2421
2024-05-18,강서구,17014
2024-05-18,관악구,3895
2024-05-18,광진구,9586
2024-05-18,구로구,6270
2024-05-18,금천구,2204
2024-05-18,노원구,11213
2024-05-18,도봉구,3990
2024-05-18,동대문구,5244
2024-05-18,동작구,3910
2024-05-18,마포구,9618
2024-05-18,서대문구,3371
2024-05-18,서초구,5737
2024-05-18,성동구,6633
2024-05-18,성북구,3633
2024-05-18,송파구,18441
2024-05-18,양천구,10314
2024-05-18,영등포구,14843
2024-05-18,용산구,4757
2024-05-18,은평구,4226
2024-05-18,종로구,4548
2024-05-18,중구,3017
2024-05-18,중랑구,5426
2024-05-19,강남구,5182
2024-05-19,강동구,6762
2024-05-19,강북구,2143
2024-05-19,강서구,14695
2024-05-19,관악구,3784
2024-05-19,광진구,8662
2024-05-19,구로구,5713
2024-05-19,금천구,2158
2024-05-19,노원구,10207
2024-05-19,도봉구,3588
2024-05-19,동대문구,4782
2024-05-19,동작구,3455
2024-05-19,마포구,9428
2024-05-19,서대문구,3115
2024-05-19,서초구,5125
2024-05-19,성동구,6476
2024-05-19,성북구,3422
2024-05-19,송파구,15532
2024-05-19,양천구,9238
2024-05-19,영등포구,12887
2024-05-19,용산구,4551
2024-05-19,은평구,3832
2024-05-19,종로구,3616
2024-05-19,중구,2583
2024-05-19,중랑구,4917
2024-05-20,강남구,6724
2024-05-20,강동구,7886
2024-05-20,강북구,2449
2024-05-20,강서구,21652
2024-05-20,관악구,3732
2024-05-20,광진구,9140
2024-05-20,구로구,7254
2024-05-20,금천구,3357
2024-05-20,노원구,11606
2024-05-20,도봉구,4061
2024-05-20,동대문구,5705
2024-05-20,동작구,3451
2024-05-20,마포구,8159
2024-05-20,서대문구,3417
2024-05-20,서초구,5860
2024-05-20,성동구,7124
2024-05-20,성북구,3995
2024-05-20,송파구,17007
2024-05-20,양천구,10581
2024-05-20,영등포구,15986
2024-05-20,용산구,3473
2024-05-20,은평구,4082
2024-05-20,종로구,5153
2024-05-20,중구,4166
2024-05-20,중랑구,5336
2024-05-21,강남구,6895
2024-05-21,강동구,8389
2024-05-21,강북구,2603
2024-05-21,강서구,22729
2024-05-21,관악구,3913
2024-05-21,광진구,8965
2024-05-21,구로구,7567
2024-05-21,금천구,3565
2024-05-21,노원구,12392
2024-05-21,도봉구,4132
2024-05-21,동대문구,6102
2024-05-21,동작구,3642
2024-05-21,마포구,8394
2024-05-21,서대문구,3499
2024-05-21,서초구,6041
2024-05-21,성동구,7326
2024-05-21,성북구,4153
2024-05-21,송파구,18119
2024-05-21,양천구,11029
2024-05-21,영등포구,16665
2024-05-21,용산구,3655
2024-05-21,은평구,4199
2024-05-21,종로구,5669
2024-05-21,중구,4403
2024-05-21,중랑구,5320
2024-05-22,강남구,6768
2024-05-22,강동구,8414
2024-05-22,강북구,2505
2024-05-22,강서구,22979
2024-05-22,관악구,3969
2024-05-22,광진구,9080
2024-05-22,구로구,7635
2024-05-22,금천구,3605
2024-05-22,노원구,12438
2024-05-22,도봉구,4107
2024-05-22,동대문구,6201
2024-05-22,동작구,3719
2024-05-22,마포구,8582
2024-05-22,서대문구,3431
2024-05-22,서초구,6013
2024-05-22,성동구,7117
2024-05-22,성북구,4147
2024-05-22,송파구,17788
2024-05-22,양천구,11227
2024-05-22,영등포구,16110
2024-05-22,용산구,3758
2024-05-22,은평구,4230
2024-05-22,종로구,5928
2024-05-22,중구,4263
2024-05-22,중랑구,5629
2024-05-23,강남구,6796
2024-05-23,강동구,8510
2024-05-23,강북구,2524
2024-05-23,강서구,22704
2024-05-23,관악구,3876
2024-05-23,광진구,8996
2024-05-23,구로구,7691
2024-05-23,금천구,3505
2024-05-23,노원구,12156
2024-05-23,도봉구,4113
2024-05-23,동대문구,6224
2024-05-23,동작구,3648
2024-05-23,마포구,8433
2024-05-23,서대문구,3600
2024-05-23,서초구,5992
2024-05-23,성동구,7053
2024-05-23,성북구,4188
2024-05-23,송파구,18115
2024-05-23,양천구,11007
2024-05-23,영등포구,16330
2024-05-23,용산구,3617
2024-05-23,은평구,4264
2024-05-23,종로구,5898
2024-05-23,중구,4093
2024-05-23,중랑구,5442
2024-05-24,강남구,7048
2024-05-24,강동구,8677
2024-05-24,강북구,2639
2024-05-24,강서구,23128
2024-05-24,관악구,3921
2024-05-24,광진구,9190
2024-05-24,구로구,7752
2024-05-24,금천구,3598
2024-05-24,노원구,12794
2024-05-24,도봉구,4232
2024-05-24,동대문구,6393
2024-05-24,동작구,3771
2024-05-24,마포구,8868
2024-05-24,서대문구,3472
2024-05-24,서초구,6147
2024-05-24,성동구,7610
2024-05-24,성북구,4111
2024-05-24,송파구,18146
2024-05-24,양천구,11588
2024-05-24,영등포구,16442
2024-05-24,용산구,3957
2024-05-24,은평구,4352
2024-05-24,종로구,5523
2024-05-24,중구,3978
2024-05-24,중랑구,5788
2024-05-25,강남구,5730
2024-05-25,강동구,7833
2024-05-25,강북구,2404
2024-05-25,강서구,17147
2024-05-25,관악구,4049
2024-05-25,광진구,8705
2024-05-25,구로구,6260
2024-05-25,금천구,2188
2024-05-25,노원구,12071
2024-05-25,도봉구,3981
2024-05-25,동대문구,5424
2024-05-25,동작구,3705
2024-05-25,마포구,9345
2024-05-25,서대문구,3433
2024-05-25,서초구,5104
2024-05-25,성동구,6765
2024-05-25,성북구,3698
2024-05-25,송파구,17795
2024-05-25,양천구,10118
2024-05-25,영등포구,14373
2024-05-25,용산구,4258
2024-05-25,은평구,4252
2024-05-25,종로구,4276
2024-05-25,중구,2921
2024-05-25,중랑구,5445
2024-05-26,강남구,2263
2024-05-26,강동구,3251
2024-05-26,강북구,1042
2024-05-26,강서구,6167
2024-05-26,관악구,1655
2024-05-26,광진구,3451
2024-05-26,구로구,2273
2024-05-26,금천구,893
2024-05-26,노원구,4500
2024-05-26,도봉구,1633
2024-05-26,동대문구,2275
2024-05-26,동작구,1428
2024-05-26,마포구,3028
2024-05-26,서대문구,1332
2024-05-26,서초구,1937
2024-05-26,성동구,2350
2024-05-26,성북구,1646
2024-05-26,송파구,6634
2024-05-26,양천구,3909
2024-05-26,영등포구,4932
2024-05-26,용산구,1452
2024-05-26,은평구,1598
2024-05-26,종로구,1504
2024-05-26,중구,918
2024-05-26,중랑구,2070
2024-05-27,강남구,6853
2024-05-27,강동구,7947
2024-05-27,강북구,2422
2024-05-27,강서구,21870
2024-05-27,관악구,3860
2024-05-27,광진구,8300
2024-05-27,구로구,7592
2024-05-27,금천구,3623
2024-05-27,노원구,11964
2024-05-27,도봉구,4119
2024-05-27,동대문구,6027
2024-05-27,동작구,3454
2024-05-27,마포구,8259
2024-05-27,서대문구,3246
2024-05-27,서초구,5865
2024-05-27,성동구,7181
2024-05-27,성북구,3968
2024-05-27,송파구,16707
2024-05-27,양천구,10461
2024-05-27,영등포구,16263
2024-05-27,용산구,3709
2024-05-27,은평구,4159
2024-05-27,종로구,5566
2024-05-27,중구,4155
2024-05-27,중랑구,5220
2024-05-28,강남구,7173
2024-05-28,강동구,8768
2024-05-28,강북구,2562
2024-05-28,강서구,23719
2024-05-28,관악구,4044
2024-05-28,광진구,9599
2024-05-28,구로구,7954
2024-05-28,금천구,3681
2024-05-28,노원구,12962
2024-05-28,도봉구,4269
2024-05-28,동대문구,6377
2024-05-28,동작구,3828
2024-05-28,마포구,9094
2024-05-28,서대문구,3644
2024-05-28,서초구,6286
2024-05-28,성동구,7560
2024-05-28,성북구,4272
2024-05-28,송파구,18343
2024-05-28,양천구,11154
2024-05-28,영등포구,16801
2024-05-28,용산구,4157
2024-05-28,은평구,4579
2024-05-28,종로구,5927
2024-05-28,중구,4458
2024-05-28,중랑구,5674
2024-05-29,강남구,6847
2024-05-29,강동구,8831
2024-05-29,강북구,2644
2024-05-29,강서구,23504
2024-05-29,관악구,3985
2024-05-29,광진구,9312
2024-05-29,구로구,7734
2024-05-29,금천구,3603
2024-05-29,노원구,12507
2024-05-29,도봉구,4335
2024-05-29,동대문구,6121
2024-05-29,동작구,3635
2024-05-29,마포구,8809
2024-05-29,서대문구,3707
2024-05-29,서초구,5917
2024-05-29,성동구,7503
2024-05-29,성북구,4299
2024-05-29,송파구,17852
2024-05-29,양천구,11176
2024-05-29,영등포구,16780
2024-05-29,용산구,3883
2024-05-29,은평구,4525
2024-05-29,종로구,5780
2024-05-29,중구,4352
2024-05-29,중랑구,5539
2024-05-30,강남구,6885
2024-05-30,강동구,8599
2024-05-30,강북구,2583
2024-05-30,강서구,23175
2024-05-30,관악구,4074
2024-05-30,광진구,8884
2024-05-30,구로구,7779
2024-05-30,금천구,3580
2024-05-30,노원구,12287
2024-05-30,도봉구,4055
2024-05-30,동대문구,6488
2024-05-30,동작구,3614
2024-05-30,마포구,8269
2024-05-30,서대문구,3584
2024-05-30,서초구,5919
2024-05-30,성동구,7522
2024-05-30,성북구,4350
2024-05-30,송파구,17555
2024-05-30,양천구,11180
2024-05-30,영등포구,16085
2024-05-30,용산구,3668
2024-05-30,은평구,4460
2024-05-30,종로구,5825
2024-05-30,중구,4448
2024-05-30,중랑구,5585
2024-05-31,강남구,6878
2024-05-31,강동구,8496
2024-05-31,강북구,2576
2024-05-31,강서구,22879
2024-05-31,관악구,3654
2024-05-31,광진구,8720
2024-05-31,구로구,7678
2024-05-31,금천구,3468
2024-05-31,노원구,12255
2024-05-31,도봉구,4222
2024-05-31,동대문구,6148
2024-05-31,동작구,3604
2024-05-31,마포구,8625
2024-05-31,서대문구,3440
2024-05-31,서초구,5747
2024-05-31,성동구,7278
2024-05-31,성북구,4231
2024-05-31,송파구,17975
2024-05-31,양천구,11717
2024-05-31,영등포구,16374
2024-05-31,용산구,3582
2024-05-31,은평구,4458
2024-05-31,종로구,5770
2024-05-31,중구,4401
2024-05-31,중랑구,5648
2024-06-01,강남구,5731
2024-06-01,강동구,7389
2024-06-01,강북구,2352
2024-06-01,강서구,17189
2024-06-01,관악구,3902
2024-06-01,광진구,9796
2024-06-01,구로구,6457
2024-06-01,금천구,2177
2024-06-01,노원구,11307
2024-06-01,도봉구,4026
2024-06-01,동대문구,5172
2024-06-01,동작구,3554
2024-06-01,마포구,9481
2024-06-01,서대문구,3356
2024-06-01,서초구,5366
2024-06-01,성동구,7015
2024-06-01,성북구,3822
2024-06-01,송파구,17115
2024-06-01,양천구,10843
2024-06-01,영등포구,14074
2024-06-01,용산구,4338
2024-06-01,은평구,4500
2024-06-01,종로구,4468
2024-06-01,중구,3138
2024-06-01,중랑구,5044
2024-06-02,강남구,5328
2024-06-02,강동구,7126
2024-06-02,강북구,2162
2024-06-02,강서구,15161
2024-06-02,관악구,3790
2024-06-02,광진구,8598
2024-06-02,구로구,5773
2024-06-02,금천구,2019
2024-06-02,노원구,10451
2024-06-02,도봉구,3815
2024-06-02,동대문구,5057
2024-06-02,동작구,3445
2024-06-02,마포구,9015
2024-06-02,서대문구,3265
2024-06-02,서초구,5101
2024-06-02,성동구,6407
2024-06-02,성북구,3406
2024-06-02,송파구,16253
2024-06-02,양천구,9296
2024-06-02,영등포구,13256
2024-06-02,용산구,4078
2024-06-02,은평구,4013
2024-06-02,종로구,3803
2024-06-02,중구,2594
2024-06-02,중랑구,4688
2024-06-03,강남구,7137
2024-06-03,강동구,8387
2024-06-03,강북구,2483
2024-06-03,강서구,22766
2024-06-03,관악구,4000
2024-06-03,광진구,9030
2024-06-03,구로구,7917
2024-06-03,금천구,3866
2024-06-03,노원구,11999
2024-06-03,도봉구,4242
2024-06-03,동대문구,6006
2024-06-03,동작구,3645
2024-06-03,마포구,8378
2024-06-03,서대문구,3491
2024-06-03,서초구,6289
2024-06-03,성동구,7358
2024-06-03,성북구,4056
2024-06-03,송파구,18010
2024-06-03,양천구,11145
2024-06-03,영등포구,16465
2024-06-03,용산구,3703
2024-06-03,은평구,4666
2024-06-03,종로구,5761
2024-06-03,중구,4214
2024-06-03,중랑구,5548
2024-06-04,강남구,7245
2024-06-04,강동구,8752
2024-06-04,강북구,2549
2024-06-04,강서구,23742
2024-06-04,관악구,4085
2024-06-04,광진구,9694
2024-06-04,구로구,7950
2024-06-04,금천구,3683
2024-06-04,노원구,12415
2024-06-04,도봉구,4405
2024-06-04,동대문구,6409
2024-06-04,동작구,3686
2024-06-04,마포구,9026
2024-06-04,서대문구,3662
2024-06-04,서초구,6378
2024-06-04,성동구,7997
2024-06-04,성북구,4338
2024-06-04,송파구,18383
2024-06-04,양천구,11338
2024-06-04,영등포구,16552
2024-06-04,용산구,3718
2024-06-04,은평구,4660
2024-06-04,종로구,6214
2024-06-04,중구,4623
2024-06-04,중랑구,5604
2024-06-05,강남구,6696
2024-06-05,강동구,8616
2024-06-05,강북구,2520
2024-06-05,강서구,23721
2024-06-05,관악구,3982
2024-06-05,광진구,9555
2024-06-05,구로구,8078
2024-06-05,금천구,3622
2024-06-05,노원구,12833
2024-06-05,도봉구,4349
2024-06-05,동대문구,6165
2024-06-05,동작구,3692
2024-06-05,마포구,9092
2024-06-05,서대문구,3522
2024-06-05,서초구,6155
2024-06-05,성동구,7613
2024-06-05,성북구,4349
2024-06-05,송파구,18201
2024-06-05,양천구,11424
2024-06-05,영등포구,16723
2024-06-05,용산구,3722
2024-06-05,은평구,4577
2024-06-05,종로구,6348
2024-06-05,중구,4742
2024-06-05,중랑구,5690
2024-06-06,강남구,4887
2024-06-06,강동구,6816
2024-06-06,강북구,2167
2024-06-06,강서구,14752
2024-06-06,관악구,3817
2024-06-06,광진구,8233
2024-06-06,구로구,5816
2024-06-06,금천구,1974
2024-06-06,노원구,9724
2024-06-06,도봉구,3660
2024-06-06,동대문구,4805
2024-06-06,동작구,3653
2024-06-06,마포구,8182
2024-06-06,서대문구,3231
2024-06-06,서초구,4743
2024-06-06,성동구,6175
2024-06-06,성북구,3646
2024-06-06,송파구,15334
2024-06-06,양천구,9004
2024-06-06,영등포구,12881
2024-06-06,용산구,3919
2024-06-06,은평구,4259
2024-06-06,종로구,4091
2024-06-06,중구,3003
2024-06-06,중랑구,4386
2024-06-07,강남구,6288
2024-06-07,강동구,7973
2024-06-07,강북구,2452
2024-06-07,강서구,20291
2024-06-07,관악구,3476
2024-06-07,광진구,8576
2024-06-07,구로구,7279
2024-06-07,금천구,3118
2024-06-07,노원구,11479
2024-06-07,도봉구,4050
2024-06-07,동대문구,5717
2024-06-07,동작구,3411
2024-06-07,마포구,8573
2024-06-07,서대문구,3453
2024-06-07,서초구,5502
2024-06-07,성동구,7081
2024-06-07,성북구,3930
2024-06-07,송파구,16164
2024-06-07,양천구,10897
2024-06-07,영등포구,15958
2024-06-07,용산구,3537
2024-06-07,은평구,4518
2024-06-07,종로구,5770
2024-06-07,중구,4329
2024-06-07,중랑구,5217
2024-06-08,강남구,3531
2024-06-08,강동구,4937
2024-06-08,강북구,1344
2024-06-08,강서구,11724
2024-06-08,관악구,2596
2024-06-08,광진구,5561
2024-06-08,구로구,4598
2024-06-08,금천구,1544
2024-06-08,노원구,6512
2024-06-08,도봉구,2250
2024-06-08,동대문구,3442
2024-06-08,동작구,2626
2024-06-08,마포구,5994
2024-06-08,서대문구,2280
2024-06-08,서초구,3436
2024-06-08,성동구,4239
2024-06-08,성북구,2362
2024-06-08,송파구,10812
2024-06-08,양천구,7677
2024-06-08,영등포구,9408
2024-06-08,용산구,2732
2024-06-08,은평구,2955
2024-06-08,종로구,2897
2024-06-08,중구,2036
2024-06-08,중랑구,3498
2024-06-09,강남구,5016
2024-06-09,강동구,6873
2024-06-09,강북구,2207
2024-06-09,강서구,14379
2024-06-09,관악구,3582
2024-06-09,광진구,7611
2024-06-09,구로구,5492
2024-06-09,금천구,1928
2024-06-09,노원구,9579
2024-06-09,도봉구,3454
2024-06-09,동대문구,4682
2024-06-09,동작구,3371
2024-06-09,마포구,7740
2024-06-09,서대문구,3032
2024-06-09,서초구,4735
2024-06-09,성동구,5791
2024-06-09,성북구,3209
2024-06-09,송파구,15244
2024-06-09,양천구,9150
2024-06-09,영등포구,12511
2024-06-09,용산구,3718
2024-06-09,은평구,3815
2024-06-09,종로구,3455
2024-06-09,중구,2423
2024-06-09,중랑구,4537
2024-06-10,강남구,7015
2024-06-10,강동구,8360
2024-06-10,강북구,2338
2024-06-10,강서구,22932
2024-06-10,관악구,3943
2024-06-10,광진구,9162
2024-06-10,구로구,8011
2024-06-10,금천구,3662
2024-06-10,노원구,11449
2024-06-10,도봉구,4169
2024-06-10,동대문구,6071
2024-06-10,동작구,3548
2024-06-10,마포구,8429
2024-06-10,서대문구,3574
2024-06-10,서초구,6008
2024-06-10,성동구,7063
2024-06-10,성북구,4067
2024-06-10,송파구,16805
2024-06-10,양천구,11091
2024-06-10,영등포구,16944
2024-06-10,용산구,3213
2024-06-10,은평구,4349
2024-06-10,종로구,5793
2024-06-10,중구,4403
2024-06-10,중랑구,5383
2024-06-11,강남구,6763
2024-06-11,강동구,8544
2024-06-11,강북구,2487
2024-06-11,강서구,22915
2024-06-11,관악구,3969
2024-06-11,광진구,8872
2024-06-11,구로구,7787
2024-06-11,금천구,3664
2024-06-11,노원구,11561
2024-06-11,도봉구,4054
2024-06-11,동대문구,6065
2024-06-11,동작구,3498
2024-06-11,마포구,9266
2024-06-11,서대문구,3353
2024-06-11,서초구,5841
2024-06-11,성동구,7066
2024-06-11,성북구,4154
2024-06-11,송파구,17609
2024-06-11,양천구,11079
2024-06-11,영등포구,16362
2024-06-11,용산구,3390
2024-06-11,은평구,4262
2024-06-11,종로구,5913
2024-06-11,중구,4269
2024-06-11,중랑구,5404
2024-06-12,강남구,6535
2024-06-12,강동구,8200
2024-06-12,강북구,2411
2024-06-12,강서구,23435
2024-06-12,관악구,3886
2024-06-12,광진구,9075
2024-06-12,구로구,7834
2024-06-12,금천구,3571
2024-06-12,노원구,11805
2024-06-12,도봉구,4281
2024-06-12,동대문구,6051
2024-06-12,동작구,3690
2024-06-12,마포구,8307
2024-06-12,서대문구,3449
2024-06-12,서초구,5785
2024-06-12,성동구,7075
2024-06-12,성북구,4314
2024-06-12,송파구,18050
2024-06-12,양천구,11489
2024-06-12,영등포구,16363
2024-06-12,용산구,3590
2024-06-12,은평구,4448
2024-06-12,종로구,5494
2024-06-12,중구,4201
2024-06-12,중랑구,5339
2024-06-13,강남구,6095
2024-06-13,강동구,8288
2024-06-13,강북구,2440
2024-06-13,강서구,22864
2024-06-13,관악구,3678
2024-06-13,광진구,8503
2024-06-13,구로구,7828
2024-06-13,금천구,3603
2024-06-13,노원구,11361
2024-06-13,도봉구,4195
2024-06-13,동대문구,5993
2024-06-13,동작구,3500
2024-06-13,마포구,8293
2024-06-13,서대문구,3385
2024-06-13,서초구,5562
2024-06-13,성동구,6900
2024-06-13,성북구,4081
2024-06-13,송파구,17255
2024-06-13,양천구,11225
2024-06-13,영등포구,15920
2024-06-13,용산구,3345
2024-06-13,은평구,4470
2024-06-13,종로구,5172
2024-06-13,중구,3843
2024-06-13,중랑구,5339
2024-06-14,강남구,6524
2024-06-14,강동구,8593
2024-06-14,강북구,2407
2024-06-14,강서구,23488
2024-06-14,관악구,3817
2024-06-14,광진구,8790
2024-06-14,구로구,7996
2024-06-14,금천구,3557
2024-06-14,노원구,11592
2024-06-14,도봉구,4264
2024-06-14,동대문구,6067
2024-06-14,동작구,3425
2024-06-14,마포구,8536
2024-06-14,서대문구,3390
2024-06-14,서초구,5725
2024-06-14,성동구,7131
2024-06-14,성북구,4046
2024-06-14,송파구,17606
2024-06-14,양천구,11699
2024-06-14,영등포구,16030
2024-06-14,용산구,3492
2024-06-14,은평구,4512
2024-06-14,종로구,5394
2024-06-14,중구,4052
2024-06-14,중랑구,5440
2024-06-15,강남구,4358
2024-06-15,강동구,6572
2024-06-15,강북구,2084
2024-06-15,강서구,15431
2024-06-15,관악구,3290
2024-06-15,광진구,7119
2024-06-15,구로구,5437
2024-06-15,금천구,1952
2024-06-15,노원구,9567
2024-06-15,도봉구,3500
2024-06-15,동대문구,4272
2024-06-15,동작구,2916
2024-06-15,마포구,6874
2024-06-15,서대문구,2487
2024-06-15,서초구,4143
2024-06-15,성동구,4960
2024-06-15,성북구,3065
2024-06-15,송파구,13338
2024-06-15,양천구,9099
2024-06-15,영등포구,11195
2024-06-15,용산구,3046
2024-06-15,은평구,4009
2024-06-15,종로구,3203
2024-06-15,중구,2137
2024-06-15,중랑구,4261
2024-06-16,강남구,4625
2024-06-16,강동구,7079
2024-06-16,강북구,2055
2024-06-16,강서구,14366
2024-06-16,관악구,3710
2024-06-16,광진구,7434
2024-06-16,구로구,5522
2024-06-16,금천구,1876
2024-06-16,노원구,9454
2024-06-16,도봉구,3555
2024-06-16,동대문구,4409
2024-06-16,동작구,3204
2024-06-16,마포구,7284
2024-06-16,서대문구,2721
2024-06-16,서초구,4312
2024-06-16,성동구,5355
2024-06-16,성북구,3179
2024-06-16,송파구,14095
2024-06-16,양천구,9076
2024-06-16,영등포구,11924
2024-06-16,용산구,3401
2024-06-16,은평구,3872
2024-06-16,종로구,3103
2024-06-16,중구,2140
2024-06-16,중랑구,4381
2024-06-17,강남구,6667
2024-06-17,강동구,8519
2024-06-17,강북구,2456
2024-06-17,강서구,22924
2024-06-17,관악구,3925
2024-06-17,광진구,8888
2024-06-17,구로구,7664
2024-06-17,금천구,3694
2024-06-17,노원구,11184
2024-06-17,도봉구,4346
2024-06-17,동대문구,5967
2024-06-17,동작구,3659
2024-06-17,마포구,8137
2024-06-17,서대문구,3411
2024-06-17,서초구,5763
2024-06-17,성동구,7447
2024-06-17,성북구,4050
2024-06-17,송파구,17440
2024-06-17,양천구,11249
2024-06-17,영등포구,16477
2024-06-17,용산구,3413
2024-06-17,은평구,4533
2024-06-17,종로구,5583
2024-06-17,중구,4159
2024-06-17,중랑구,5448
2024-06-18,강남구,6614
2024-06-18,강동구,8421
2024-06-18,강북구,2398
2024-06-18,강서구,23145
2024-06-18,관악구,4012
2024-06-18,광진구,9125
2024-06-18,구로구,7904
2024-06-18,금천구,3829
2024-06-18,노원구,11308
2024-06-18,도봉구,4093
2024-06-18,동대문구,5935
2024-06-18,동작구,3608
2024-06-18,마포구,8042
2024-06-18,서대문구,3399
2024-06-18,서초구,5771
2024-06-18,성동구,7339
2024-06-18,성북구,4183
2024-06-18,송파구,17347
2024-06-18,양천구,11320
2024-06-18,영등포구,16349
2024-06-18,용산구,3475
2024-06-18,은평구,4476
2024-06-18,종로구,6032
2024-06-18,중구,4205
2024-06-18,중랑구,5411
2024-06-19,강남구,6336
2024-06-19,강동구,7986
2024-06-19,강북구,2331
2024-06-19,강서구,22984
2024-06-19,관악구,3756
2024-06-19,광진구,8523
2024-06-19,구로구,7444
2024-06-19,금천구,3573
2024-06-19,노원구,11302
2024-06-19,도봉구,4020
2024-06-19,동대문구,5660
2024-06-19,동작구,3425
2024-06-19,마포구,7721
2024-06-19,서대문구,3100
2024-06-19,서초구,5289
2024-06-19,성동구,6758
2024-06-19,성북구,3909
2024-06-19,송파구,16490
2024-06-19,양천구,11142
2024-06-19,영등포구,15243
2024-06-19,용산구,3180
2024-06-19,은평구,4239
2024-06-19,종로구,5640
2024-06-19,중구,4231
2024-06-19,중랑구,4956
2024-06-20,강남구,6155
2024-06-20,강동구,8060
2024-06-20,강북구,2358
2024-06-20,강서구,22545
2024-06-20,관악구,3833
2024-06-20,광진구,9015
2024-06-20,구로구,7462
2024-06-20,금천구,3475
2024-06-20,노원구,10964
2024-06-20,도봉구,3931
2024-06-20,동대문구,5719
2024-06-20,동작구,3365
2024-06-20,마포구,7849
2024-06-20,서대문구,3185
2024-06-20,서초구,5444
2024-06-20,성동구,6823
2024-06-20,성북구,3757
2024-06-20,송파구,16380
2024-06-20,양천구,10816
2024-06-20,영등포구,15285
2024-06-20,용산구,3182
2024-06-20,은평구,4204
2024-06-20,종로구,5679
2024-06-20,중구,4231
2024-06-20,중랑구,5010
2024-06-21,강남구,6312
2024-06-21,강동구,8351
2024-06-21,강북구,2427
2024-06-21,강서구,22671
2024-06-21,관악구,3796
2024-06-21,광진구,8749
2024-06-21,구로구,7703
2024-06-21,금천구,3548
2024-06-21,노원구,11530
2024-06-21,도봉구,4123
2024-06-21,동대문구,5768
2024-06-21,동작구,3393
2024-06-21,마포구,8315
2024-06-21,서대문구,3321
2024-06-21,서초구,5532
2024-06-21,성동구,6802
2024-06-21,성북구,3909
2024-06-21,송파구,16906
2024-06-21,양천구,11494
2024-06-21,영등포구,15984
2024-06-21,용산구,3486
2024-06-21,은평구,4371
2024-06-21,종로구,5725
2024-06-21,중구,4251
2024-06-21,중랑구,5365
2024-06-22,강남구,1713
2024-06-22,강동구,2744
2024-06-22,강북구,1052
2024-06-22,강서구,7455
2024-06-22,관악구,1559
2024-06-22,광진구,2977
2024-06-22,구로구,2456
2024-06-22,금천구,819
2024-06-22,노원구,4607
2024-06-22,도봉구,1658
2024-06-22,동대문구,1951
2024-06-22,동작구,1242
2024-06-22,마포구,3097
2024-06-22,서대문구,1226
2024-06-22,서초구,1522
2024-06-22,성동구,2068
2024-06-22,성북구,1341
2024-06-22,송파구,5109
2024-06-22,양천구,4262
2024-06-22,영등포구,4703
2024-06-22,용산구,1208
2024-06-22,은평구,2031
2024-06-22,종로구,1364
2024-06-22,중구,1006
2024-06-22,중랑구,2079
2024-06-23,강남구,3412
2024-06-23,강동구,5236
2024-06-23,강북구,1589
2024-06-23,강서구,11529
2024-06-23,관악구,2671
2024-06-23,광진구,5490
2024-06-23,구로구,4164
2024-06-23,금천구,1384
2024-06-23,노원구,7047
2024-06-23,도봉구,2642
2024-06-23,동대문구,3362
2024-06-23,동작구,2239
2024-06-23,마포구,5675
2024-06-23,서대문구,2227
2024-06-23,서초구,3421
2024-06-23,성동구,3912
2024-06-23,성북구,2309
2024-06-23,송파구,11113
2024-06-23,양천구,7391
2024-06-23,영등포구,9157
2024-06-23,용산구,2663
2024-06-23,은평구,2899
2024-06-23,종로구,2732
2024-06-23,중구,1831
2024-06-23,중랑구,3183
2024-06-24,강남구,6516
2024-06-24,강동구,7724
2024-06-24,강북구,2243
2024-06-24,강서구,22123
2024-06-24,관악구,3727
2024-06-24,광진구,8108
2024-06-24,구로구,7564
2024-06-24,금천구,3520
2024-06-24,노원구,10751
2024-06-24,도봉구,4205
2024-06-24,동대문구,5556
2024-06-24,동작구,3342
2024-06-24,마포구,8268
2024-06-24,서대문구,3425
2024-06-24,서초구,5892
2024-06-24,성동구,7047
2024-06-24,성북구,3742
2024-06-24,송파구,16795
2024-06-24,양천구,10873
2024-06-24,영등포구,16208
2024-06-24,용산구,3324
2024-06-24,은평구,4318
2024-06-24,종로구,5761
2024-06-24,중구,4497
2024-06-24,중랑구,5062
2024-06-25,강남구,7008
2024-06-25,강동구,8739
2024-06-25,강북구,2481
2024-06-25,강서구,24154
2024-06-25,관악구,4311
2024-06-25,광진구,9298
2024-06-25,구로구,8165
2024-06-25,금천구,3750
2024-06-25,노원구,11746
2024-06-25,도봉구,4459
2024-06-25,동대문구,6236
2024-06-25,동작구,3758
2024-06-25,마포구,8781
2024-06-25,서대문구,3669
2024-06-25,서초구,6615
2024-06-25,성동구,7759
2024-06-25,성북구,4039
2024-06-25,송파구,18685
2024-06-25,양천구,11619
2024-06-25,영등포구,17131
2024-06-25,용산구,3738
2024-06-25,은평구,4743
2024-06-25,종로구,6378
2024-06-25,중구,4790
2024-06-25,중랑구,5657
2024-06-26,강남구,6599
2024-06-26,강동구,8275
2024-06-26,강북구,2445
2024-06-26,강서구,23603
2024-06-26,관악구,4082
2024-06-26,광진구,8762
2024-06-26,구로구,8141
2024-06-26,금천구,3668
2024-06-26,노원구,11638
2024-06-26,도봉구,4280
2024-06-26,동대문구,5911
2024-06-26,동작구,3641
2024-06-26,마포구,8779
2024-06-26,서대문구,3423
2024-06-26,서초구,5848
2024-06-26,성동구,7144
2024-06-26,성북구,3862
2024-06-26,송파구,17749
2024-06-26,양천구,11752
2024-06-26,영등포구,16138
2024-06-26,용산구,3487
2024-06-26,은평구,4555
2024-06-26,종로구,6047
2024-06-26,중구,4697
2024-06-26,중랑구,5288
2024-06-27,강남구,6422
2024-06-27,강동구,8310
2024-06-27,강북구,2367
2024-06-27,강서구,23470
2024-06-27,관악구,4178
2024-06-27,광진구,8964
2024-06-27,구로구,7778
2024-06-27,금천구,3639
2024-06-27,노원구,11597
2024-06-27,도봉구,4237
2024-06-27,동대문구,5781
2024-06-27,동작구,3479
2024-06-27,마포구,8315
2024-06-27,서대문구,3461
2024-06-27,서초구,6062
2024-06-27,성동구,7054
2024-06-27,성북구,3876
2024-06-27,송파구,17322
2024-06-27,양천구,11299
2024-06-27,영등포구,16086
2024-06-27,용산구,3282
2024-06-27,은평구,4545
2024-06-27,종로구,6040
2024-06-27,중구,4591
2024-06-27,중랑구,5384
2024-06-28,강남구,6056
2024-06-28,강동구,8253
2024-06-28,강북구,2410
2024-06-28,강서구,22462
2024-06-28,관악구,3839
2024-06-28,광진구,8601
2024-06-28,구로구,7487
2024-06-28,금천구,3373
2024-06-28,노원구,11307
2024-06-28,도봉구,4109
2024-06-28,동대문구,5607
2024-06-28,동작구,3403
2024-06-28,마포구,8223
2024-06-28,서대문구,3315
2024-06-28,서초구,5669
2024-06-28,성동구,6962
2024-06-28,성북구,3512
2024-06-28,송파구,16840
2024-06-28,양천구,11279
2024-06-28,영등포구,15566
2024-06-28,용산구,3390
2024-06-28,은평구,4286
2024-06-28,종로구,5501
2024-06-28,중구,4471
2024-06-28,중랑구,5124
2024-06-29,강남구,3097
2024-06-29,강동구,4956
2024-06-29,강북구,1583
2024-06-29,강서구,11088
2024-06-29,관악구,2580
2024-06-29,광진구,5044
2024-06-29,구로구,3946
2024-06-29,금천구,1388
2024-06-29,노원구,6974
2024-06-29,도봉구,2606
2024-06-29,동대문구,3271
2024-06-29,동작구,2068
2024-06-29,마포구,4978
2024-06-29,서대문구,1945
2024-06-29,서초구,2874
2024-06-29,성동구,3430
2024-06-29,성북구,2298
2024-06-29,송파구,10126
2024-06-29,양천구,6888
2024-06-29,영등포구,8023
2024-06-29,용산구,1891
2024-06-29,은평구,2968
2024-06-29,종로구,2724
2024-06-29,중구,1771
2024-06-29,중랑구,3147
2024-06-30,강남구,3334
2024-06-30,강동구,4843
2024-06-30,강북구,1391
2024-06-30,강서구,10075
2024-06-30,관악구,2508
2024-06-30,광진구,4834
2024-06-30,구로구,4005
2024-06-30,금천구,1292
2024-06-30,노원구,6061
2024-06-30,도봉구,2217
2024-06-30,동대문구,3134
2024-06-30,동작구,2187
2024-06-30,마포구,4867
2024-06-30,서대문구,1875
2024-06-30,서초구,3207
2024-06-30,성동구,3581
2024-06-30,성북구,1971
2024-06-30,송파구,10177
2024-06-30,양천구,6334
2024-06-30,영등포구,8366
2024-06-30,용산구,2255
2024-06-30,은평구,2361
2024-06-30,종로구,2590
2024-06-30,중구,1814
2024-06-30,중랑구,2792
2024-07-01,강남구,6211
2024-07-01,강동구,7660
2024-07-01,강북구,2424
2024-07-01,강서구,21936
2024-07-01,관악구,3938
2024-07-01,광진구,8508
2024-07-01,구로구,7659
2024-07-01,금천구,3508
2024-07-01,노원구,11281
2024-07-01,도봉구,4172
2024-07-01,동대문구,5711
2024-07-01,동작구,3358
2024-07-01,마포구,7621
2024-07-01,서대문구,3215
2024-07-01,서초구,5709
2024-07-01,성동구,6927
2024-07-01,성북구,3650
2024-07-01,송파구,16657
2024-07-01,양천구,10789
2024-07-01,영등포구,15893
2024-07-01,용산구,3231
2024-07-01,은평구,4239
2024-07-01,종로구,6008
2024-07-01,중구,4556
2024-07-01,중랑구,5132
2024-07-02,강남구,1238
2024-07-02,강동구,2218
2024-07-02,강북구,549
2024-07-02,강서구,4372
2024-07-02,관악구,897
2024-07-02,광진구,2014
2024-07-02,구로구,1579
2024-07-02,금천구,853
2024-07-02,노원구,2687
2024-07-02,도봉구,922
2024-07-02,동대문구,1373
2024-07-02,동작구,672
2024-07-02,마포구,1463
2024-07-02,서대문구,740
2024-07-02,서초구,1048
2024-07-02,성동구,1463
2024-07-02,성북구,901
2024-07-02,송파구,3972
2024-07-02,양천구,2213
2024-07-02,영등포구,2946
2024-07-02,용산구,550
2024-07-02,은평구,1017
2024-07-02,종로구,991
2024-07-02,중구,834
2024-07-02,중랑구,1312
2024-07-03,강남구,5686
2024-07-03,강동구,6943
2024-07-03,강북구,2070
2024-07-03,강서구,20592
2024-07-03,관악구,3456
2024-07-03,광진구,7565
2024-07-03,구로구,6692
2024-07-03,금천구,2869
2024-07-03,노원구,10178
2024-07-03,도봉구,3732
2024-07-03,동대문구,4850
2024-07-03,동작구,2905
2024-07-03,마포구,7507
2024-07-03,서대문구,3038
2024-07-03,서초구,5042
2024-07-03,성동구,5934
2024-07-03,성북구,3424
2024-07-03,송파구,15085
2024-07-03,양천구,10192
2024-07-03,영등포구,14196
2024-07-03,용산구,2730
2024-07-03,은평구,3906
2024-07-03,종로구,5554
2024-07-03,중구,4150
2024-07-03,중랑구,4555
2024-07-04,강남구,5306
2024-07-04,강동구,6768
2024-07-04,강북구,1965
2024-07-04,강서구,19841
2024-07-04,관악구,3332
2024-07-04,광진구,7028
2024-07-04,구로구,6806
2024-07-04,금천구,3187
2024-07-04,노원구,9553
2024-07-04,도봉구,3487
2024-07-04,동대문구,4823
2024-07-04,동작구,2758
2024-07-04,마포구,6539
2024-07-04,서대문구,2813
2024-07-04,서초구,4728
2024-07-04,성동구,5988
2024-07-04,성북구,3229
2024-07-04,송파구,14434
2024-07-04,양천구,9856
2024-07-04,영등포구,13654
2024-07-04,용산구,2721
2024-07-04,은평구,3751
2024-07-04,종로구,5350
2024-07-04,중구,3938
2024-07-04,중랑구,4482
2024-07-05,강남구,5767
2024-07-05,강동구,7264
2024-07-05,강북구,2136
2024-07-05,강서구,21717
2024-07-05,관악구,3453
2024-07-05,광진구,7915
2024-07-05,구로구,6892
2024-07-05,금천구,3029
2024-07-05,노원구,10451
2024-07-05,도봉구,3864
2024-07-05,동대문구,5034
2024-07-05,동작구,3034
2024-07-05,마포구,7462
2024-07-05,서대문구,3058
2024-07-05,서초구,5345
2024-07-05,성동구,6420
2024-07-05,성북구,3305
2024-07-05,송파구,15661
2024-07-05,양천구,10820
2024-07-05,영등포구,14638
2024-07-05,용산구,3203
2024-07-05,은평구,3964
2024-07-05,종로구,5679
2024-07-05,중구,4204
2024-07-05,중랑구,4677
2024-07-06,강남구,2938
2024-07-06,강동구,4321
2024-07-06,강북구,1312
2024-07-06,강서구,11068
2024-07-06,관악구,2492
2024-07-06,광진구,4727
2024-07-06,구로구,3730
2024-07-06,금천구,1391
2024-07-06,노원구,6186
2024-07-06,도봉구,2353
2024-07-06,동대문구,2746
2024-07-06,동작구,1921
2024-07-06,마포구,4410
2024-07-06,서대문구,1944
2024-07-06,서초구,2695
2024-07-06,성동구,3182
2024-07-06,성북구,1922
2024-07-06,송파구,8991
2024-07-06,양천구,6610
2024-07-06,영등포구,7588
2024-07-06,용산구,1880
2024-07-06,은평구,2704
2024-07-06,종로구,2640
2024-07-06,중구,1686
2024-07-06,중랑구,2744
2024-07-07,강남구,2483
2024-07-07,강동구,3734
2024-07-07,강북구,1227
2024-07-07,강서구,8855
2024-07-07,관악구,1952
2024-07-07,광진구,3876
2024-07-07,구로구,3057
2024-07-07,금천구,1017
2024-07-07,노원구,5799
2024-07-07,도봉구,2208
2024-07-07,동대문구,2621
2024-07-07,동작구,1637
2024-07-07,마포구,3987
2024-07-07,서대문구,1729
2024-07-07,서초구,2304
2024-07-07,성동구,2960
2024-07-07,성북구,1878
2024-07-07,송파구,7670
2024-07-07,양천구,5325
2024-07-07,영등포구,6674
2024-07-07,용산구,1820
2024-07-07,은평구,2354
2024-07-07,종로구,2356
2024-07-07,중구,1480
2024-07-07,중랑구,2535
2024-07-08,강남구,1428
2024-07-08,강동구,1895
2024-07-08,강북구,741
2024-07-08,강서구,7242
2024-07-08,관악구,880
2024-07-08,광진구,2359
2024-07-08,구로구,1624
2024-07-08,금천구,703
2024-07-08,노원구,3659
2024-07-08,도봉구,1305
2024-07-08,동대문구,1860
2024-07-08,동작구,668
2024-07-08,마포구,1944
2024-07-08,서대문구,994
2024-07-08,서초구,1124
2024-07-08,성동구,1935
2024-07-08,성북구,1126
2024-07-08,송파구,3765
2024-07-08,양천구,2772
2024-07-08,영등포구,3852
2024-07-08,용산구,671
2024-07-08,은평구,1267
2024-07-08,종로구,1856
2024-07-08,중구,1218
2024-07-08,중랑구,1527
2024-07-09,강남구,4503
2024-07-09,강동구,5692
2024-07-09,강북구,1645
2024-07-09,강서구,16876
2024-07-09,관악구,2473
2024-07-09,광진구,5515
2024-07-09,구로구,5492
2024-07-09,금천구,2610
2024-07-09,노원구,8588
2024-07-09,도봉구,3049
2024-07-09,동대문구,3963
2024-07-09,동작구,2019
2024-07-09,마포구,5329
2024-07-09,서대문구,2393
2024-07-09,서초구,3724
2024-07-09,성동구,4817
2024-07-09,성북구,2806
2024-07-09,송파구,11812
2024-07-09,양천구,7570
2024-07-09,영등포구,11449
2024-07-09,용산구,2094
2024-07-09,은평구,3218
2024-07-09,종로구,4687
2024-07-09,중구,3405
2024-07-09,중랑구,3819
2024-07-10,강남구,5041
2024-07-10,강동구,5757
2024-07-10,강북구,1948
2024-07-10,강서구,20281
2024-07-10,관악구,2764
2024-07-10,광진구,7258
2024-07-10,구로구,6477
2024-07-10,금천구,3140
2024-07-10,노원구,10227
2024-07-10,도봉구,3700
2024-07-10,동대문구,4577
2024-07-10,동작구,2608
2024-07-10,마포구,7226
2024-07-10,서대문구,2999
2024-07-10,서초구,4057
2024-07-10,성동구,6110
2024-07-10,성북구,3098
2024-07-10,송파구,13915
2024-07-10,양천구,9278
2024-07-10,영등포구,13920
2024-07-10,용산구,2868
2024-07-10,은평구,3822
2024-07-10,종로구,5646
2024-07-10,중구,4228
2024-07-10,중랑구,4241
2024-07-11,강남구,6073
2024-07-11,강동구,7325
2024-07-11,강북구,2204
2024-07-11,강서구,21941
2024-07-11,관악구,3627
2024-07-11,광진구,8140
2024-07-11,구로구,7525
2024-07-11,금천구,3513
2024-07-11,노원구,10713
2024-07-11,도봉구,3746
2024-07-11,동대문구,5363
2024-07-11,동작구,3058
2024-07-11,마포구,7598
2024-07-11,서대문구,3106
2024-07-11,서초구,5414
2024-07-11,성동구,6629
2024-07-11,성북구,3732
2024-07-11,송파구,15843
2024-07-11,양천구,10603
2024-07-11,영등포구,15748
2024-07-11,용산구,3138
2024-07-11,은평구,4108
2024-07-11,종로구,6291
2024-07-11,중구,4518
2024-07-11,중랑구,4789
2024-07-12,강남구,6060
2024-07-12,강동구,7710
2024-07-12,강북구,2219
2024-07-12,강서구,21943
2024-07-12,관악구,3677
2024-07-12,광진구,8014
2024-07-12,구로구,7423
2024-07-12,금천구,3427
2024-07-12,노원구,11054
2024-07-12,도봉구,3968
2024-07-12,동대문구,5428
2024-07-12,동작구,3089
2024-07-12,마포구,7776
2024-07-12,서대문구,3144
2024-07-12,서초구,5480
2024-07-12,성동구,6711
2024-07-12,성북구,3604
2024-07-12,송파구,16477
2024-07-12,양천구,10758
2024-07-12,영등포구,15504
2024-07-12,용산구,3232
2024-07-12,은평구,4211
2024-07-12,종로구,6106
2024-07-12,중구,4487
2024-07-12,중랑구,4910
2024-07-13,강남구,4143
2024-07-13,강동구,6222
2024-07-13,강북구,1881
2024-07-13,강서구,14592
2024-07-13,관악구,3334
2024-07-13,광진구,6652
2024-07-13,구로구,4980
2024-07-13,금천구,1751
2024-07-13,노원구,8802
2024-07-13,도봉구,3251
2024-07-13,동대문구,4014
2024-07-13,동작구,2519
2024-07-13,마포구,6202
2024-07-13,서대문구,2487
2024-07-13,서초구,3811
2024-07-13,성동구,4615
2024-07-13,성북구,2846
2024-07-13,송파구,12693
2024-07-13,양천구,8755
2024-07-13,영등포구,10752
2024-07-13,용산구,2612
2024-07-13,은평구,3400
2024-07-13,종로구,3527
2024-07-13,중구,2551
2024-07-13,중랑구,4126
2024-07-14,강남구,3603
2024-07-14,강동구,5552
2024-07-14,강북구,1721
2024-07-14,강서구,11724
2024-07-14,관악구,2914
2024-07-14,광진구,6215
2024-07-14,구로구,4428
2024-07-14,금천구,1530
2024-07-14,노원구,7903
2024-07-14,도봉구,2908
2024-07-14,동대문구,3583
2024-07-14,동작구,2415
2024-07-14,마포구,5493
2024-07-14,서대문구,2225
2024-07-14,서초구,3476
2024-07-14,성동구,4015
2024-07-14,성북구,2597
2024-07-14,송파구,11210
2024-07-14,양천구,7825
2024-07-14,영등포구,9544
2024-07-14,용산구,2659
2024-07-14,은평구,3164
2024-07-14,종로구,3138
2024-07-14,중구,2031
2024-07-14,중랑구,3562
2024-07-15,강남구,5724
2024-07-15,강동구,7070
2024-07-15,강북구,2148
2024-07-15,강서구,19972
2024-07-15,관악구,3410
2024-07-15,광진구,8006
2024-07-15,구로구,7117
2024-07-15,금천구,3396
2024-07-15,노원구,10323
2024-07-15,도봉구,3697
2024-07-15,동대문구,5166
2024-07-15,동작구,2852
2024-07-15,마포구,7020
2024-07-15,서대문구,2900
2024-07-15,서초구,5189
2024-07-15,성동구,6308
2024-07-15,성북구,3431
2024-07-15,송파구,15436
2024-07-15,양천구,9746
2024-07-15,영등포구,14516
2024-07-15,용산구,2799
2024-07-15,은평구,3894
2024-07-15,종로구,5794
2024-07-15,중구,4103
2024-07-15,중랑구,4585
2024-07-16,강남구,3126
2024-07-16,강동구,4057
2024-07-16,강북구,1148
2024-07-16,강서구,12754
2024-07-16,관악구,1894
2024-07-16,광진구,4378
2024-07-16,구로구,4032
2024-07-16,금천구,2111
2024-07-16,노원구,5695
2024-07-16,도봉구,1977
2024-07-16,동대문구,2956
2024-07-16,동작구,1575
2024-07-16,마포구,3621
2024-07-16,서대문구,1654
2024-07-16,서초구,2764
2024-07-16,성동구,3335
2024-07-16,성북구,1949
2024-07-16,송파구,8632
2024-07-16,양천구,5467
2024-07-16,영등포구,8059
2024-07-16,용산구,1435
2024-07-16,은평구,2144
2024-07-16,종로구,3330
2024-07-16,중구,2422
2024-07-16,중랑구,2378
2024-07-17,강남구,2659
2024-07-17,강동구,3525
2024-07-17,강북구,446
2024-07-17,강서구,4540
2024-07-17,관악구,1160
2024-07-17,광진구,3016
2024-07-17,구로구,1951
2024-07-17,금천구,1267
2024-07-17,노원구,2646
2024-07-17,도봉구,694
2024-07-17,동대문구,1597
2024-07-17,동작구,994
2024-07-17,마포구,1477
2024-07-17,서대문구,636
2024-07-17,서초구,2202
2024-07-17,성동구,1907
2024-07-17,성북구,897
2024-07-17,송파구,7746
2024-07-17,양천구,2237
2024-07-17,영등포구,3994
2024-07-17,용산구,833
2024-07-17,은평구,698
2024-07-17,종로구,1684
2024-07-17,중구,1280
2024-07-17,중랑구,1326
2024-07-18,강남구,1171
2024-07-18,강동구,1849
2024-07-18,강북구,617
2024-07-18,강서구,6144
2024-07-18,관악구,805
2024-07-18,광진구,1977
2024-07-18,구로구,1638
2024-07-18,금천구,901
2024-07-18,노원구,2872
2024-07-18,도봉구,1010
2024-07-18,동대문구,1384
2024-07-18,동작구,683
2024-07-18,마포구,1856
2024-07-18,서대문구,693
2024-07-18,서초구,1028
2024-07-18,성동구,1503
2024-07-18,성북구,846
2024-07-18,송파구,3258
2024-07-18,양천구,2692
2024-07-18,영등포구,3563
2024-07-18,용산구,669
2024-07-18,은평구,1139
2024-07-18,종로구,1536
2024-07-18,중구,1175
2024-07-18,중랑구,1339
2024-07-19,강남구,5292
2024-07-19,강동구,6907
2024-07-19,강북구,1951
2024-07-19,강서구,19994
2024-07-19,관악구,3091
2024-07-19,광진구,7376
2024-07-19,구로구,6458
2024-07-19,금천구,3017
2024-07-19,노원구,9952
2024-07-19,도봉구,3511
2024-07-19,동대문구,4931
2024-07-19,동작구,2645
2024-07-19,마포구,7052
2024-07-19,서대문구,2735
2024-07-19,서초구,4695
2024-07-19,성동구,5858
2024-07-19,성북구,3137
2024-07-19,송파구,14514
2024-07-19,양천구,9658
2024-07-19,영등포구,13850
2024-07-19,용산구,2682
2024-07-19,은평구,3558
2024-07-19,종로구,5638
2024-07-19,중구,4074
2024-07-19,중랑구,4336
2024-07-20,강남구,2714
2024-07-20,강동구,4010
2024-07-20,강북구,1218
2024-07-20,강서구,9680
2024-07-20,관악구,2020
2024-07-20,광진구,3919
2024-07-20,구로구,3246
2024-07-20,금천구,1155
2024-07-20,노원구,5947
2024-07-20,도봉구,2228
2024-07-20,동대문구,2700
2024-07-20,동작구,1636
2024-07-20,마포구,3791
2024-07-20,서대문구,1618
2024-07-20,서초구,2337
2024-07-20,성동구,2705
2024-07-20,성북구,1886
2024-07-20,송파구,8165
2024-07-20,양천구,5712
2024-07-20,영등포구,6548
2024-07-20,용산구,1643
2024-07-20,은평구,2280
2024-07-20,종로구,2417
2024-07-20,중구,1505
2024-07-20,중랑구,2521
2024-07-21,강남구,2982
2024-07-21,강동구,4558
2024-07-21,강북구,1327
2024-07-21,강서구,10663
2024-07-21,관악구,2363
2024-07-21,광진구,4947
2024-07-21,구로구,3806
2024-07-21,금천구,1243
2024-07-21,노원구,6158
2024-07-21,도봉구,2280
2024-07-21,동대문구,2770
2024-07-21,동작구,1992
2024-07-21,마포구,5139
2024-07-21,서대문구,1976
2024-07-21,서초구,2814
2024-07-21,성동구,3421
2024-07-21,성북구,2051
2024-07-21,송파구,9519
2024-07-21,양천구,6612
2024-07-21,영등포구,7994
2024-07-21,용산구,2124
2024-07-21,은평구,2650
2024-07-21,종로구,2546
2024-07-21,중구,1827
2024-07-21,중랑구,2733
2024-07-22,강남구,3225
2024-07-22,강동구,4080
2024-07-22,강북구,938
2024-07-22,강서구,10685
2024-07-22,관악구,1661
2024-07-22,광진구,4562
2024-07-22,구로구,3418
2024-07-22,금천구,1866
2024-07-22,노원구,4747
2024-07-22,도봉구,1596
2024-07-22,동대문구,2572
2024-07-22,동작구,1440
2024-07-22,마포구,3162
2024-07-22,서대문구,1462
2024-07-22,서초구,2885
2024-07-22,성동구,3240
2024-07-22,성북구,1563
2024-07-22,송파구,8937
2024-07-22,양천구,4985
2024-07-22,영등포구,7557
2024-07-22,용산구,1311
2024-07-22,은평구,1604
2024-07-22,종로구,2850
2024-07-22,중구,2177
2024-07-22,중랑구,2249
2024-07-23,강남구,3875
2024-07-23,강동구,4746
2024-07-23,강북구,1412
2024-07-23,강서구,15542
2024-07-23,관악구,2369
2024-07-23,광진구,4951
2024-07-23,구로구,4660
2024-07-23,금천구,2373
2024-07-23,노원구,6605
2024-07-23,도봉구,2381
2024-07-23,동대문구,3376
2024-07-23,동작구,2002
2024-07-23,마포구,4930
2024-07-23,서대문구,2083
2024-07-23,서초구,3491
2024-07-23,성동구,4262
2024-07-23,성북구,2194
2024-07-23,송파구,9832
2024-07-23,양천구,6822
2024-07-23,영등포구,10002
2024-07-23,용산구,1828
2024-07-23,은평구,2708
2024-07-23,종로구,3896
2024-07-23,중구,2835
2024-07-23,중랑구,2887
2024-07-24,강남구,4022
2024-07-24,강동구,4978
2024-07-24,강북구,1632
2024-07-24,강서구,16512
2024-07-24,관악구,2583
2024-07-24,광진구,6295
2024-07-24,구로구,5166
2024-07-24,금천구,2345
2024-07-24,노원구,8335
2024-07-24,도봉구,2882
2024-07-24,동대문구,3909
2024-07-24,동작구,2082
2024-07-24,마포구,5737
2024-07-24,서대문구,2281
2024-07-24,서초구,3522
2024-07-24,성동구,4692
2024-07-24,성북구,2600
2024-07-24,송파구,10440
2024-07-24,양천구,7978
2024-07-24,영등포구,10521
2024-07-24,용산구,2212
2024-07-24,은평구,3135
2024-07-24,종로구,4501
2024-07-24,중구,3265
2024-07-24,중랑구,3683
2024-07-25,강남구,4218
2024-07-25,강동구,5355
2024-07-25,강북구,1714
2024-07-25,강서구,17480
2024-07-25,관악구,2790
2024-07-25,광진구,6166
2024-07-25,구로구,5526
2024-07-25,금천구,2740
2024-07-25,노원구,7511
2024-07-25,도봉구,2813
2024-07-25,동대문구,4006
2024-07-25,동작구,2251
2024-07-25,마포구,5887
2024-07-25,서대문구,2412
2024-07-25,서초구,3980
2024-07-25,성동구,4883
2024-07-25,성북구,2428
2024-07-25,송파구,11117
2024-07-25,양천구,7840
2024-07-25,영등포구,11732
2024-07-25,용산구,2264
2024-07-25,은평구,3315
2024-07-25,종로구,4692
2024-07-25,중구,3365
2024-07-25,중랑구,3309
2024-07-26,강남구,3678
2024-07-26,강동구,4757
2024-07-26,강북구,1259
2024-07-26,강서구,15703
2024-07-26,관악구,2723
2024-07-26,광진구,5338
2024-07-26,구로구,4939
2024-07-26,금천구,2529
2024-07-26,노원구,6900
2024-07-26,도봉구,2279
2024-07-26,동대문구,3539
2024-07-26,동작구,2085
2024-07-26,마포구,4998
2024-07-26,서대문구,2104
2024-07-26,서초구,3491
2024-07-26,성동구,4266
2024-07-26,성북구,2209
2024-07-26,송파구,10015
2024-07-26,양천구,7353
2024-07-26,영등포구,10757
2024-07-26,용산구,2019
2024-07-26,은평구,2682
2024-07-26,종로구,4200
2024-07-26,중구,3107
2024-07-26,중랑구,3150
2024-07-27,강남구,2368
2024-07-27,강동구,3792
2024-07-27,강북구,1102
2024-07-27,강서구,9845
2024-07-27,관악구,2075
2024-07-27,광진구,3880
2024-07-27,구로구,2982
2024-07-27,금천구,1154
2024-07-27,노원구,4789
2024-07-27,도봉구,1802
2024-07-27,동대문구,2261
2024-07-27,동작구,1487
2024-07-27,마포구,3193
2024-07-27,서대문구,1469
2024-07-27,서초구,2290
2024-07-27,성동구,2490
2024-07-27,성북구,1510
2024-07-27,송파구,7439
2024-07-27,양천구,5004
2024-07-27,영등포구,5865
2024-07-27,용산구,1279
2024-07-27,은평구,2057
2024-07-27,종로구,1965
2024-07-27,중구,1290
2024-07-27,중랑구,2191
2024-07-28,강남구,3021
2024-07-28,강동구,4713
2024-07-28,강북구,1505
2024-07-28,강서구,10658
2024-07-28,관악구,2646
2024-07-28,광진구,5279
2024-07-28,구로구,3769
2024-07-28,금천구,1285
2024-07-28,노원구,7088
2024-07-28,도봉구,2538
2024-07-28,동대문구,3090
2024-07-28,동작구,2141
2024-07-28,마포구,5157
2024-07-28,서대문구,1982
2024-07-28,서초구,2868
2024-07-28,성동구,3512
2024-07-28,성북구,2233
2024-07-28,송파구,9503
2024-07-28,양천구,6641
2024-07-28,영등포구,8593
2024-07-28,용산구,2256
2024-07-28,은평구,2722
2024-07-28,종로구,2839
2024-07-28,중구,1853
2024-07-28,중랑구,3066
2024-07-29,강남구,4615
2024-07-29,강동구,5791
2024-07-29,강북구,1600
2024-07-29,강서구,17719
2024-07-29,관악구,3058
2024-07-29,광진구,6620
2024-07-29,구로구,5651
2024-07-29,금천구,2885
2024-07-29,노원구,7849
2024-07-29,도봉구,2706
2024-07-29,동대문구,4247
2024-07-29,동작구,2422
2024-07-29,마포구,6242
2024-07-29,서대문구,2522
2024-07-29,서초구,4171
2024-07-29,성동구,5167
2024-07-29,성북구,2810
2024-07-29,송파구,12021
2024-07-29,양천구,8454
2024-07-29,영등포구,12540
2024-07-29,용산구,2500
2024-07-29,은평구,3246
2024-07-29,종로구,4929
2024-07-29,중구,3708
2024-07-29,중랑구,3787
2024-07-30,강남구,4844
2024-07-30,강동구,6240
2024-07-30,강북구,1950
2024-07-30,강서구,19198
2024-07-30,관악구,3309
2024-07-30,광진구,6746
2024-07-30,구로구,6002
2024-07-30,금천구,3070
2024-07-30,노원구,9144
2024-07-30,도봉구,3150
2024-07-30,동대문구,4663
2024-07-30,동작구,2691
2024-07-30,마포구,6758
2024-07-30,서대문구,2767
2024-07-30,서초구,4605
2024-07-30,성동구,5819
2024-07-30,성북구,3190
2024-07-30,송파구,13091
2024-07-30,양천구,8908
2024-07-30,영등포구,13103
2024-07-30,용산구,2643
2024-07-30,은평구,3423
2024-07-30,종로구,5391
2024-07-30,중구,3944
2024-07-30,중랑구,4124
2024-07-31,강남구,5072
2024-07-31,강동구,6340
2024-07-31,강북구,1929
2024-07-31,강서구,18797
2024-07-31,관악구,3320
2024-07-31,광진구,6835
2024-07-31,구로구,6076
2024-07-31,금천구,2971
2024-07-31,노원구,9183
2024-07-31,도봉구,3231
2024-07-31,동대문구,4464
2024-07-31,동작구,2599
2024-07-31,마포구,7428
2024-07-31,서대문구,2651
2024-07-31,서초구,4393
2024-07-31,성동구,5505
2024-07-31,성북구,2994
2024-07-31,송파구,13272
2024-07-31,양천구,8950
2024-07-31,영등포구,12817
2024-07-31,용산구,2670
2024-07-31,은평구,3381
2024-07-31,종로구,5263
2024-07-31,중구,3869
2024-07-31,중랑구,4087
2024-08-01,강남구,4726
2024-08-01,강동구,6152
2024-08-01,강북구,1954
2024-08-01,강서구,18321
2024-08-01,관악구,3174
2024-08-01,광진구,6677
2024-08-01,구로구,5618
2024-08-01,금천구,2871
2024-08-01,노원구,8678
2024-08-01,도봉구,3205
2024-08-01,동대문구,4523
2024-08-01,동작구,2587
2024-08-01,마포구,6392
2024-08-01,서대문구,2640
2024-08-01,서초구,4379
2024-08-01,성동구,5531
2024-08-01,성북구,2944
2024-08-01,송파구,13148
2024-08-01,양천구,8582
2024-08-01,영등포구,12753
2024-08-01,용산구,2488
2024-08-01,은평구,3523
2024-08-01,종로구,4955
2024-08-01,중구,3848
2024-08-01,중랑구,4076
2024-08-02,강남구,4484
2024-08-02,강동구,6087
2024-08-02,강북구,1813
2024-08-02,강서구,17798
2024-08-02,관악구,3177
2024-08-02,광진구,6737
2024-08-02,구로구,5598
2024-08-02,금천구,2734
2024-08-02,노원구,8643
2024-08-02,도봉구,3022
2024-08-02,동대문구,4190
2024-08-02,동작구,2345
2024-08-02,마포구,6316
2024-08-02,서대문구,2522
2024-08-02,서초구,4195
2024-08-02,성동구,5099
2024-08-02,성북구,2708
2024-08-02,송파구,12772
2024-08-02,양천구,8278
2024-08-02,영등포구,12411
2024-08-02,용산구,2392
2024-08-02,은평구,3214
2024-08-02,종로구,4654
2024-08-02,중구,3514
2024-08-02,중랑구,3755
2024-08-03,강남구,3043
2024-08-03,강동구,4936
2024-08-03,강북구,1602
2024-08-03,강서구,11787
2024-08-03,관악구,2794
2024-08-03,광진구,5170
2024-08-03,구로구,4087
2024-08-03,금천구,1416
2024-08-03,노원구,7143
2024-08-03,도봉구,2591
2024-08-03,동대문구,3165
2024-08-03,동작구,2126
2024-08-03,마포구,5478
2024-08-03,서대문구,2015
2024-08-03,서초구,2947
2024-08-03,성동구,3314
2024-08-03,성북구,2269
2024-08-03,송파구,9788
2024-08-03,양천구,6794
2024-08-03,영등포구,8789
2024-08-03,용산구,2078
2024-08-03,은평구,2905
2024-08-03,종로구,2732
2024-08-03,중구,1863
2024-08-03,중랑구,3207
2024-08-04,강남구,2562
2024-08-04,강동구,4209
2024-08-04,강북구,1360
2024-08-04,강서구,9830
2024-08-04,관악구,2476
2024-08-04,광진구,4718
2024-08-04,구로구,3453
2024-08-04,금천구,1265
2024-08-04,노원구,6289
2024-08-04,도봉구,2237
2024-08-04,동대문구,2629
2024-08-04,동작구,1723
2024-08-04,마포구,4215
2024-08-04,서대문구,1746
2024-08-04,서초구,2609
2024-08-04,성동구,2791
2024-08-04,성북구,1914
2024-08-04,송파구,7997
2024-08-04,양천구,6025
2024-08-04,영등포구,7764
2024-08-04,용산구,1775
2024-08-04,은평구,2384
2024-08-04,종로구,2364
2024-08-04,중구,1525
2024-08-04,중랑구,2785
2024-08-05,강남구,3756
2024-08-05,강동구,5022
2024-08-05,강북구,1266
2024-08-05,강서구,17423
2024-08-05,관악구,2665
2024-08-05,광진구,5314
2024-08-05,구로구,5331
2024-08-05,금천구,2829
2024-08-05,노원구,6673
2024-08-05,도봉구,2457
2024-08-05,동대문구,3221
2024-08-05,동작구,2042
2024-08-05,마포구,5628
2024-08-05,서대문구,2175
2024-08-05,서초구,3569
2024-08-05,성동구,4236
2024-08-05,성북구,2096
2024-08-05,송파구,10771
2024-08-05,양천구,8354
2024-08-05,영등포구,11974
2024-08-05,용산구,1973
2024-08-05,은평구,3074
2024-08-05,종로구,3959
2024-08-05,중구,2907
2024-08-05,중랑구,3009
2024-08-06,강남구,3995
2024-08-06,강동구,5196
2024-08-06,강북구,1743
2024-08-06,강서구,19026
2024-08-06,관악구,2907
2024-08-06,광진구,5852
2024-08-06,구로구,5740
2024-08-06,금천구,2847
2024-08-06,노원구,8417
2024-08-06,도봉구,3029
2024-08-06,동대문구,4000
2024-08-06,동작구,2372
2024-08-06,마포구,6027
2024-08-06,서대문구,2367
2024-08-06,서초구,4019
2024-08-06,성동구,4615
2024-08-06,성북구,2646
2024-08-06,송파구,10914
2024-08-06,양천구,8721
2024-08-06,영등포구,12685
2024-08-06,용산구,2470
2024-08-06,은평구,3286
2024-08-06,종로구,4791
2024-08-06,중구,3447
2024-08-06,중랑구,3829
2024-08-07,강남구,4282
2024-08-07,강동구,6054
2024-08-07,강북구,1788
2024-08-07,강서구,18816
2024-08-07,관악구,3255
2024-08-07,광진구,6451
2024-08-07,구로구,5749
2024-08-07,금천구,2928
2024-08-07,노원구,8475
2024-08-07,도봉구,2990
2024-08-07,동대문구,4320
2024-08-07,동작구,2541
2024-08-07,마포구,6089
2024-08-07,서대문구,2340
2024-08-07,서초구,4234
2024-08-07,성동구,5004
2024-08-07,성북구,2816
2024-08-07,송파구,12318
2024-08-07,양천구,8675
2024-08-07,영등포구,12379
2024-08-07,용산구,2567
2024-08-07,은평구,3375
2024-08-07,종로구,4691
2024-08-07,중구,3378
2024-08-07,중랑구,3861
2024-08-08,강남구,3604
2024-08-08,강동구,5188
2024-08-08,강북구,1797
2024-08-08,강서구,19065
2024-08-08,관악구,3081
2024-08-08,광진구,6164
2024-08-08,구로구,5722
2024-08-08,금천구,2938
2024-08-08,노원구,8470
2024-08-08,도봉구,3021
2024-08-08,동대문구,4352
2024-08-08,동작구,2450
2024-08-08,마포구,6440
2024-08-08,서대문구,2505
2024-08-08,서초구,3843
2024-08-08,성동구,4679
2024-08-08,성북구,2885
2024-08-08,송파구,9613
2024-08-08,양천구,8809
2024-08-08,영등포구,12751
2024-08-08,용산구,2514
2024-08-08,은평구,3423
2024-08-08,종로구,4814
2024-08-08,중구,3583
2024-08-08,중랑구,3998
2024-08-09,강남구,4482
2024-08-09,강동구,5834
2024-08-09,강북구,1916
2024-08-09,강서구,19054
2024-08-09,관악구,2878
2024-08-09,광진구,5223
2024-08-09,구로구,5617
2024-08-09,금천구,2794
2024-08-09,노원구,8902
2024-08-09,도봉구,3268
2024-08-09,동대문구,3950
2024-08-09,동작구,2379
2024-08-09,마포구,6488
2024-08-09,서대문구,2534
2024-08-09,서초구,4176
2024-08-09,성동구,4320
2024-08-09,성북구,2619
2024-08-09,송파구,11147
2024-08-09,양천구,9081
2024-08-09,영등포구,12648
2024-08-09,용산구,2604
2024-08-09,은평구,3525
2024-08-09,종로구,4994
2024-08-09,중구,3449
2024-08-09,중랑구,3962
2024-08-10,강남구,3419
2024-08-10,강동구,5344
2024-08-10,강북구,1806
2024-08-10,강서구,12863
2024-08-10,관악구,2980
2024-08-10,광진구,5454
2024-08-10,구로구,4385
2024-08-10,금천구,1626
2024-08-10,노원구,7700
2024-08-10,도봉구,2828
2024-08-10,동대문구,3447
2024-08-10,동작구,2313
2024-08-10,마포구,5507
2024-08-10,서대문구,2096
2024-08-10,서초구,3200
2024-08-10,성동구,4015
2024-08-10,성북구,2390
2024-08-10,송파구,10473
2024-08-10,양천구,7826
2024-08-10,영등포구,9482
2024-08-10,용산구,2224
2024-08-10,은평구,3046
2024-08-10,종로구,3121
2024-08-10,중구,2124
2024-08-10,중랑구,3586
2024-08-11,강남구,3010
2024-08-11,강동구,4705
2024-08-11,강북구,1605
2024-08-11,강서구,10483
2024-08-11,관악구,2685
2024-08-11,광진구,5134
2024-08-11,구로구,3802
2024-08-11,금천구,1334
2024-08-11,노원구,6859
2024-08-11,도봉구,2526
2024-08-11,동대문구,3129
2024-08-11,동작구,2020
2024-08-11,마포구,4874
2024-08-11,서대문구,1884
2024-08-11,서초구,2928
2024-08-11,성동구,3428
2024-08-11,성북구,2120
2024-08-11,송파구,9228
2024-08-11,양천구,6504
2024-08-11,영등포구,8298
2024-08-11,용산구,2193
2024-08-11,은평구,2586
2024-08-11,종로구,2570
2024-08-11,중구,1621
2024-08-11,중랑구,3051
2024-08-12,강남구,4652
2024-08-12,강동구,5963
2024-08-12,강북구,1853
2024-08-12,강서구,19128
2024-08-12,관악구,3144
2024-08-12,광진구,6425
2024-08-12,구로구,5791
2024-08-12,금천구,2973
2024-08-12,노원구,8543
2024-08-12,도봉구,3046
2024-08-12,동대문구,4426
2024-08-12,동작구,2597
2024-08-12,마포구,6409
2024-08-12,서대문구,2418
2024-08-12,서초구,4189
2024-08-12,성동구,5143
2024-08-12,성북구,2858
2024-08-12,송파구,12238
2024-08-12,양천구,8709
2024-08-12,영등포구,13125
2024-08-12,용산구,2509
2024-08-12,은평구,3290
2024-08-12,종로구,4814
2024-08-12,중구,3521
2024-08-12,중랑구,3804
2024-08-13,강남구,3481
2024-08-13,강동구,5957
2024-08-13,강북구,1652
2024-08-13,강서구,18970
2024-08-13,관악구,2504
2024-08-13,광진구,6483
2024-08-13,구로구,5510
2024-08-13,금천구,2507
2024-08-13,노원구,8345
2024-08-13,도봉구,2934
2024-08-13,동대문구,4264
2024-08-13,동작구,2012
2024-08-13,마포구,6086
2024-08-13,서대문구,2385
2024-08-13,서초구,3069
2024-08-13,성동구,5225
2024-08-13,성북구,2507
2024-08-13,송파구,11175
2024-08-13,양천구,8936
2024-08-13,영등포구,11555
2024-08-13,용산구,1890
2024-08-13,은평구,3419
2024-08-13,종로구,4402
2024-08-13,중구,3308
2024-08-13,중랑구,3906
2024-08-14,강남구,4645
2024-08-14,강동구,5990
2024-08-14,강북구,1713
2024-08-14,강서구,14637
2024-08-14,관악구,2843
2024-08-14,광진구,6630
2024-08-14,구로구,5007
2024-08-14,금천구,2446
2024-08-14,노원구,8617
2024-08-14,도봉구,3053
2024-08-14,동대문구,4207
2024-08-14,동작구,2304
2024-08-14,마포구,5826
2024-08-14,서대문구,2226
2024-08-14,서초구,4172
2024-08-14,성동구,5274
2024-08-14,성북구,2617
2024-08-14,송파구,12183
2024-08-14,양천구,7455
2024-08-14,영등포구,12057
2024-08-14,용산구,2512
2024-08-14,은평구,2907
2024-08-14,종로구,4485
2024-08-14,중구,3451
2024-08-14,중랑구,3885
2024-08-15,강남구,2951
2024-08-15,강동구,4522
2024-08-15,강북구,1615
2024-08-15,강서구,10931
2024-08-15,관악구,2736
2024-08-15,광진구,5154
2024-08-15,구로구,3493
2024-08-15,금천구,1456
2024-08-15,노원구,7207
2024-08-15,도봉구,2603
2024-08-15,동대문구,3458
2024-08-15,동작구,2081
2024-08-15,마포구,4561
2024-08-15,서대문구,1700
2024-08-15,서초구,2889
2024-08-15,성동구,3750
2024-08-15,성북구,2379
2024-08-15,송파구,9193
2024-08-15,양천구,6365
2024-08-15,영등포구,8774
2024-08-15,용산구,2196
2024-08-15,은평구,2591
2024-08-15,종로구,3183
2024-08-15,중구,2132
2024-08-15,중랑구,3321
2024-08-16,강남구,4235
2024-08-16,강동구,5860
2024-08-16,강북구,1884
2024-08-16,강서구,16980
2024-08-16,관악구,3022
2024-08-16,광진구,6782
2024-08-16,구로구,5577
2024-08-16,금천구,2446
2024-08-16,노원구,8838
2024-08-16,도봉구,3185
2024-08-16,동대문구,4286
2024-08-16,동작구,2552
2024-08-16,마포구,6623
2024-08-16,서대문구,2535
2024-08-16,서초구,4086
2024-08-16,성동구,5215
2024-08-16,성북구,2969
2024-08-16,송파구,12101
2024-08-16,양천구,9131
2024-08-16,영등포구,12797
2024-08-16,용산구,2514
2024-08-16,은평구,3366
2024-08-16,종로구,4807
2024-08-16,중구,3455
2024-08-16,중랑구,4031
2024-08-17,강남구,3291
2024-08-17,강동구,4894
2024-08-17,강북구,1433
2024-08-17,강서구,11740
2024-08-17,관악구,2493
2024-08-17,광진구,5566
2024-08-17,구로구,4014
2024-08-17,금천구,1314
2024-08-17,노원구,7399
2024-08-17,도봉구,2767
2024-08-17,동대문구,3267
2024-08-17,동작구,2016
2024-08-17,마포구,4943
2024-08-17,서대문구,1947
2024-08-17,서초구,3141
2024-08-17,성동구,3704
2024-08-17,성북구,2061
2024-08-17,송파구,10055
2024-08-17,양천구,7402
2024-08-17,영등포구,8517
2024-08-17,용산구,2095
2024-08-17,은평구,2609
2024-08-17,종로구,2799
2024-08-17,중구,1924
2024-08-17,중랑구,3470
2024-08-18,강남구,2659
2024-08-18,강동구,3928
2024-08-18,강북구,1409
2024-08-18,강서구,10241
2024-08-18,관악구,2736
2024-08-18,광진구,4481
2024-08-18,구로구,3606
2024-08-18,금천구,1406
2024-08-18,노원구,6336
2024-08-18,도봉구,2246
2024-08-18,동대문구,2736
2024-08-18,동작구,1977
2024-08-18,마포구,4643
2024-08-18,서대문구,1957
2024-08-18,서초구,2725
2024-08-18,성동구,3162
2024-08-18,성북구,1927
2024-08-18,송파구,8095
2024-08-18,양천구,6277
2024-08-18,영등포구,8318
2024-08-18,용산구,2064
2024-08-18,은평구,2604
2024-08-18,종로구,2525
2024-08-18,중구,1774
2024-08-18,중랑구,2783
2024-08-19,강남구,4572
2024-08-19,강동구,5948
2024-08-19,강북구,1820
2024-08-19,강서구,19275
2024-08-19,관악구,3246
2024-08-19,광진구,6818
2024-08-19,구로구,5913
2024-08-19,금천구,2982
2024-08-19,노원구,8850
2024-08-19,도봉구,2911
2024-08-19,동대문구,4500
2024-08-19,동작구,2587
2024-08-19,마포구,5231
2024-08-19,서대문구,2072
2024-08-19,서초구,4380
2024-08-19,성동구,5212
2024-08-19,성북구,2884
2024-08-19,송파구,12112
2024-08-19,양천구,9025
2024-08-19,영등포구,13364
2024-08-19,용산구,2565
2024-08-19,은평구,2808
2024-08-19,종로구,4786
2024-08-19,중구,3597
2024-08-19,중랑구,4073
2024-08-20,강남구,4515
2024-08-20,강동구,6266
2024-08-20,강북구,1887
2024-08-20,강서구,19757
2024-08-20,관악구,3149
2024-08-20,광진구,6943
2024-08-20,구로구,5915
2024-08-20,금천구,2965
2024-08-20,노원구,8856
2024-08-20,도봉구,3231
2024-08-20,동대문구,4457
2024-08-20,동작구,2487
2024-08-20,마포구,5995
2024-08-20,서대문구,2508
2024-08-20,서초구,4290
2024-08-20,성동구,5167
2024-08-20,성북구,2926
2024-08-20,송파구,12553
2024-08-20,양천구,9147
2024-08-20,영등포구,13251
2024-08-20,용산구,2519
2024-08-20,은평구,3338
2024-08-20,종로구,5109
2024-08-20,중구,3761
2024-08-20,중랑구,4058
2024-08-21,강남구,2172
2024-08-21,강동구,3436
2024-08-21,강북구,971
2024-08-21,강서구,8753
2024-08-21,관악구,1821
2024-08-21,광진구,3260
2024-08-21,구로구,3181
2024-08-21,금천구,1472
2024-08-21,노원구,4133
2024-08-21,도봉구,1518
2024-08-21,동대문구,1895
2024-08-21,동작구,1453
2024-08-21,마포구,3510
2024-08-21,서대문구,1405
2024-08-21,서초구,1869
2024-08-21,성동구,1970
2024-08-21,성북구,1551
2024-08-21,송파구,6770
2024-08-21,양천구,5167
2024-08-21,영등포구,6864
2024-08-21,용산구,1323
2024-08-21,은평구,1924
2024-08-21,종로구,2392
2024-08-21,중구,1792
2024-08-21,중랑구,1663
2024-08-22,강남구,3815
2024-08-22,강동구,5486
2024-08-22,강북구,1594
2024-08-22,강서구,17713
2024-08-22,관악구,2610
2024-08-22,광진구,5798
2024-08-22,구로구,5172
2024-08-22,금천구,2645
2024-08-22,노원구,7294
2024-08-22,도봉구,2737
2024-08-22,동대문구,3625
2024-08-22,동작구,2250
2024-08-22,마포구,5309
2024-08-22,서대문구,2240
2024-08-22,서초구,3438
2024-08-22,성동구,4386
2024-08-22,성북구,2486
2024-08-22,송파구,10491
2024-08-22,양천구,8170
2024-08-22,영등포구,11547
2024-08-22,용산구,2054
2024-08-22,은평구,3132
2024-08-22,종로구,4305
2024-08-22,중구,3056
2024-08-22,중랑구,3050
2024-08-23,강남구,4799
2024-08-23,강동구,6641
2024-08-23,강북구,2062
2024-08-23,강서구,19473
2024-08-23,관악구,3098
2024-08-23,광진구,7077
2024-08-23,구로구,6414
2024-08-23,금천구,2868
2024-08-23,노원구,8911
2024-08-23,도봉구,3206
2024-08-23,동대문구,4533
2024-08-23,동작구,2598
2024-08-23,마포구,6625
2024-08-23,서대문구,2581
2024-08-23,서초구,4454
2024-08-23,성동구,5372
2024-08-23,성북구,3063
2024-08-23,송파구,13191
2024-08-23,양천구,9767
2024-08-23,영등포구,13485
2024-08-23,용산구,2748
2024-08-23,은평구,3434
2024-08-23,종로구,5289
2024-08-23,중구,3700
2024-08-23,중랑구,4163
2024-08-24,강남구,3406
2024-08-24,강동구,4316
2024-08-24,강북구,1587
2024-08-24,강서구,12386
2024-08-24,관악구,3043
2024-08-24,광진구,4555
2024-08-24,구로구,4680
2024-08-24,금천구,1603
2024-08-24,노원구,7443
2024-08-24,도봉구,2765
2024-08-24,동대문구,3129
2024-08-24,동작구,2240
2024-08-24,마포구,5126
2024-08-24,서대문구,2056
2024-08-24,서초구,3235
2024-08-24,성동구,3100
2024-08-24,성북구,2400
2024-08-24,송파구,9070
2024-08-24,양천구,6581
2024-08-24,영등포구,8515
2024-08-24,용산구,2051
2024-08-24,은평구,3441
2024-08-24,종로구,2950
2024-08-24,중구,1766
2024-08-24,중랑구,2933
2024-08-25,강남구,2997
2024-08-25,강동구,4341
2024-08-25,강북구,1575
2024-08-25,강서구,11450
2024-08-25,관악구,2439
2024-08-25,광진구,4393
2024-08-25,구로구,4145
2024-08-25,금천구,1356
2024-08-25,노원구,6882
2024-08-25,도봉구,2607
2024-08-25,동대문구,3050
2024-08-25,동작구,1985
2024-08-25,마포구,5317
2024-08-25,서대문구,2098
2024-08-25,서초구,3007
2024-08-25,성동구,3444
2024-08-25,성북구,2339
2024-08-25,송파구,8747
2024-08-25,양천구,7385
2024-08-25,영등포구,8724
2024-08-25,용산구,2190
2024-08-25,은평구,2849
2024-08-25,종로구,2796
2024-08-25,중구,1836
2024-08-25,중랑구,2729
2024-08-26,강남구,4120
2024-08-26,강동구,5423
2024-08-26,강북구,1952
2024-08-26,강서구,20488
2024-08-26,관악구,2887
2024-08-26,광진구,6317
2024-08-26,구로구,5387
2024-08-26,금천구,2771
2024-08-26,노원구,9071
2024-08-26,도봉구,3292
2024-08-26,동대문구,4547
2024-08-26,동작구,2510
2024-08-26,마포구,6524
2024-08-26,서대문구,2617
2024-08-26,서초구,4025
2024-08-26,성동구,5230
2024-08-26,성북구,2990
2024-08-26,송파구,10647
2024-08-26,양천구,8516
2024-08-26,영등포구,12444
2024-08-26,용산구,2629
2024-08-26,은평구,3528
2024-08-26,종로구,5067
2024-08-26,중구,3772
2024-08-26,중랑구,3866
2024-08-27,강남구,4885
2024-08-27,강동구,6323
2024-08-27,강북구,1970
2024-08-27,강서구,18000
2024-08-27,관악구,3289
2024-08-27,광진구,6932
2024-08-27,구로구,6172
2024-08-27,금천구,2838
2024-08-27,노원구,9228
2024-08-27,도봉구,3400
2024-08-27,동대문구,4696
2024-08-27,동작구,2874
2024-08-27,마포구,6552
2024-08-27,서대문구,2669
2024-08-27,서초구,4627
2024-08-27,성동구,5373
2024-08-27,성북구,3079
2024-08-27,송파구,12728
2024-08-27,양천구,9368
2024-08-27,영등포구,13389
2024-08-27,용산구,2819
2024-08-27,은평구,3465
2024-08-27,종로구,4781
2024-08-27,중구,3646
2024-08-27,중랑구,4201
2024-08-28,강남구,5194
2024-08-28,강동구,6967
2024-08-28,강북구,2111
2024-08-28,강서구,21270
2024-08-28,관악구,3459
2024-08-28,광진구,7601
2024-08-28,구로구,6746
2024-08-28,금천구,3318
2024-08-28,노원구,10073
2024-08-28,도봉구,3555
2024-08-28,동대문구,5226
2024-08-28,동작구,3114
2024-08-28,마포구,7368
2024-08-28,서대문구,3006
2024-08-28,서초구,4913
2024-08-28,성동구,6193
2024-08-28,성북구,3501
2024-08-28,송파구,14270
2024-08-28,양천구,10329
2024-08-28,영등포구,14935
2024-08-28,용산구,3026
2024-08-28,은평구,3949
2024-08-28,종로구,5316
2024-08-28,중구,4133
2024-08-28,중랑구,4587
2024-08-29,강남구,5251
2024-08-29,강동구,6936
2024-08-29,강북구,2200
2024-08-29,강서구,21374
2024-08-29,관악구,3565
2024-08-29,광진구,7589
2024-08-29,구로구,6908
2024-08-29,금천구,3321
2024-08-29,노원구,9812
2024-08-29,도봉구,3693
2024-08-29,동대문구,5168
2024-08-29,동작구,2970
2024-08-29,마포구,7426
2024-08-29,서대문구,3088
2024-08-29,서초구,5101
2024-08-29,성동구,6242
2024-08-29,성북구,3476
2024-08-29,송파구,14290
2024-08-29,양천구,10237
2024-08-29,영등포구,14743
2024-08-29,용산구,3137
2024-08-29,은평구,3995
2024-08-29,종로구,5362
2024-08-29,중구,4159
2024-08-29,중랑구,4419
2024-08-30,강남구,5263
2024-08-30,강동구,6995
2024-08-30,강북구,2128
2024-08-30,강서구,21372
2024-08-30,관악구,3443
2024-08-30,광진구,7553
2024-08-30,구로구,6657
2024-08-30,금천구,3228
2024-08-30,노원구,10247
2024-08-30,도봉구,3697
2024-08-30,동대문구,5167
2024-08-30,동작구,3014
2024-08-30,마포구,7652
2024-08-30,서대문구,2945
2024-08-30,서초구,5076
2024-08-30,성동구,6114
2024-08-30,성북구,3380
2024-08-30,송파구,14563
2024-08-30,양천구,10563
2024-08-30,영등포구,14635
2024-08-30,용산구,3314
2024-08-30,은평구,4014
2024-08-30,종로구,5400
2024-08-30,중구,4101
2024-08-30,중랑구,4634
2024-08-31,강남구,4113
2024-08-31,강동구,5814
2024-08-31,강북구,1907
2024-08-31,강서구,14480
2024-08-31,관악구,3365
2024-08-31,광진구,6724
2024-08-31,구로구,5022
2024-08-31,금천구,1891
2024-08-31,노원구,8676
2024-08-31,도봉구,3110
2024-08-31,동대문구,4381
2024-08-31,동작구,2892
2024-08-31,마포구,6977
2024-08-31,서대문구,2470
2024-08-31,서초구,4092
2024-08-31,성동구,4732
2024-08-31,성북구,2818
2024-08-31,송파구,12587
2024-08-31,양천구,8810
2024-08-31,영등포구,11456
2024-08-31,용산구,2953
2024-08-31,은평구,3514
2024-08-31,종로구,3692
2024-08-31,중구,2391
2024-08-31,중랑구,4035
2024-09-01,강남구,3780
2024-09-01,강동구,5614
2024-09-01,강북구,1804
2024-09-01,강서구,12925
2024-09-01,관악구,3154
2024-09-01,광진구,6541
2024-09-01,구로구,4565
2024-09-01,금천구,1543
2024-09-01,노원구,7729
2024-09-01,도봉구,2923
2024-09-01,동대문구,3957
2024-09-01,동작구,2738
2024-09-01,마포구,6448
2024-09-01,서대문구,2510
2024-09-01,서초구,3962
2024-09-01,성동구,4663
2024-09-01,성북구,2774
2024-09-01,송파구,11628
2024-09-01,양천구,8029
2024-09-01,영등포구,10896
2024-09-01,용산구,3054
2024-09-01,은평구,3343
2024-09-01,종로구,3230
2024-09-01,중구,2081
2024-09-01,중랑구,3776
2024-09-02,강남구,5142
2024-09-02,강동구,6211
2024-09-02,강북구,2002
2024-09-02,강서구,18967
2024-09-02,관악구,3263
2024-09-02,광진구,7659
2024-09-02,구로구,5985
2024-09-02,금천구,2786
2024-09-02,노원구,9509
2024-09-02,도봉구,3436
2024-09-02,동대문구,5303
2024-09-02,동작구,2895
2024-09-02,마포구,6864
2024-09-02,서대문구,3000
2024-09-02,서초구,4715
2024-09-02,성동구,5839
2024-09-02,성북구,3586
2024-09-02,송파구,12873
2024-09-02,양천구,9010
2024-09-02,영등포구,13201
2024-09-02,용산구,2769
2024-09-02,은평구,3804
2024-09-02,종로구,5070
2024-09-02,중구,3569
2024-09-02,중랑구,4375
2024-09-03,강남구,5903
2024-09-03,강동구,7213
2024-09-03,강북구,2406
2024-09-03,강서구,22787
2024-09-03,관악구,3832
2024-09-03,광진구,8378
2024-09-03,구로구,7247
2024-09-03,금천구,3531
2024-09-03,노원구,10705
2024-09-03,도봉구,3939
2024-09-03,동대문구,5890
2024-09-03,동작구,3323
2024-09-03,마포구,8103
2024-09-03,서대문구,3186
2024-09-03,서초구,5642
2024-09-03,성동구,6759
2024-09-03,성북구,4124
2024-09-03,송파구,15074
2024-09-03,양천구,10400
2024-09-03,영등포구,15449
2024-09-03,용산구,3366
2024-09-03,은평구,4153
2024-09-03,종로구,5770
2024-09-03,중구,4361
2024-09-03,중랑구,4938
2024-09-04,강남구,5454
2024-09-04,강동구,7421
2024-09-04,강북구,2287
2024-09-04,강서구,22865
2024-09-04,관악구,3677
2024-09-04,광진구,8030
2024-09-04,구로구,7218
2024-09-04,금천구,3508
2024-09-04,노원구,10773
2024-09-04,도봉구,3758
2024-09-04,동대문구,5667
2024-09-04,동작구,3227
2024-09-04,마포구,7972
2024-09-04,서대문구,3224
2024-09-04,서초구,5428
2024-09-04,성동구,6497
2024-09-04,성북구,4120
2024-09-04,송파구,15046
2024-09-04,양천구,10482
2024-09-04,영등포구,15212
2024-09-04,용산구,3341
2024-09-04,은평구,4240
2024-09-04,종로구,6041
2024-09-04,중구,4352
2024-09-04,중랑구,4705
2024-09-05,강남구,4315
2024-09-05,강동구,5917
2024-09-05,강북구,1933
2024-09-05,강서구,18940
2024-09-05,관악구,2859
2024-09-05,광진구,6481
2024-09-05,구로구,5827
2024-09-05,금천구,2938
2024-09-05,노원구,9695
2024-09-05,도봉구,3427
2024-09-05,동대문구,4493
2024-09-05,동작구,2325
2024-09-05,마포구,6593
2024-09-05,서대문구,2560
2024-09-05,서초구,4005
2024-09-05,성동구,4996
2024-09-05,성북구,3278
2024-09-05,송파구,11922
2024-09-05,양천구,8500
2024-09-05,영등포구,12039
2024-09-05,용산구,2295
2024-09-05,은평구,3510
2024-09-05,종로구,4541
2024-09-05,중구,3296
2024-09-05,중랑구,3923
2024-09-06,강남구,3935
2024-09-06,강동구,5285
2024-09-06,강북구,2154
2024-09-06,강서구,20875
2024-09-06,관악구,3086
2024-09-06,광진구,6318
2024-09-06,구로구,6451
2024-09-06,금천구,3093
2024-09-06,노원구,10496
2024-09-06,도봉구,3731
2024-09-06,동대문구,4833
2024-09-06,동작구,2583
2024-09-06,마포구,7159
2024-09-06,서대문구,2927
2024-09-06,서초구,3615
2024-09-06,성동구,5288
2024-09-06,성북구,3263
2024-09-06,송파구,10904
2024-09-06,양천구,9791
2024-09-06,영등포구,13463
2024-09-06,용산구,2766
2024-09-06,은평구,4052
2024-09-06,종로구,4769
2024-09-06,중구,3490
2024-09-06,중랑구,4095
2024-09-07,강남구,4643
2024-09-07,강동구,6496
2024-09-07,강북구,2106
2024-09-07,강서구,15992
2024-09-07,관악구,3705
2024-09-07,광진구,7582
2024-09-07,구로구,5546
2024-09-07,금천구,2023
2024-09-07,노원구,9486
2024-09-07,도봉구,3405
2024-09-07,동대문구,4494
2024-09-07,동작구,3168
2024-09-07,마포구,8073
2024-09-07,서대문구,2960
2024-09-07,서초구,4597
2024-09-07,성동구,5450
2024-09-07,성북구,3184
2024-09-07,송파구,13678
2024-09-07,양천구,9504
2024-09-07,영등포구,12379
2024-09-07,용산구,3529
2024-09-07,은평구,3938
2024-09-07,종로구,3980
2024-09-07,중구,2712
2024-09-07,중랑구,4353
2024-09-08,강남구,4020
2024-09-08,강동구,5952
2024-09-08,강북구,1927
2024-09-08,강서구,13198
2024-09-08,관악구,3468
2024-09-08,광진구,6691
2024-09-08,구로구,4871
2024-09-08,금천구,1648
2024-09-08,노원구,8343
2024-09-08,도봉구,3144
2024-09-08,동대문구,4115
2024-09-08,동작구,2859
2024-09-08,마포구,6897
2024-09-08,서대문구,2635
2024-09-08,서초구,4114
2024-09-08,성동구,4918
2024-09-08,성북구,2982
2024-09-08,송파구,12663
2024-09-08,양천구,8015
2024-09-08,영등포구,11110
2024-09-08,용산구,3128
2024-09-08,은평구,3416
2024-09-08,종로구,3533
2024-09-08,중구,2156
2024-09-08,중랑구,3907
2024-09-09,강남구,5462
2024-09-09,강동구,7074
2024-09-09,강북구,2168
2024-09-09,강서구,21769
2024-09-09,관악구,3379
2024-09-09,광진구,8208
2024-09-09,구로구,7182
2024-09-09,금천구,3457
2024-09-09,노원구,10552
2024-09-09,도봉구,3718
2024-09-09,동대문구,5581
2024-09-09,동작구,2918
2024-09-09,마포구,7448
2024-09-09,서대문구,3128
2024-09-09,서초구,5305
2024-09-09,성동구,6181
2024-09-09,성북구,3730
2024-09-09,송파구,14275
2024-09-09,양천구,10264
2024-09-09,영등포구,14948
2024-09-09,용산구,2925
2024-09-09,은평구,4134
2024-09-09,종로구,5439
2024-09-09,중구,4194
2024-09-09,중랑구,4796
2024-09-10,강남구,5422
2024-09-10,강동구,7329
2024-09-10,강북구,2161
2024-09-10,강서구,22068
2024-09-10,관악구,3600
2024-09-10,광진구,7941
2024-09-10,구로구,7238
2024-09-10,금천구,3495
2024-09-10,노원구,10612
2024-09-10,도봉구,3689
2024-09-10,동대문구,5431
2024-09-10,동작구,2948
2024-09-10,마포구,7263
2024-09-10,서대문구,3040
2024-09-10,서초구,5149
2024-09-10,성동구,6167
2024-09-10,성북구,3760
2024-09-10,송파구,13803
2024-09-10,양천구,10120
2024-09-10,영등포구,15080
2024-09-10,용산구,2941
2024-09-10,은평구,3998
2024-09-10,종로구,5451
2024-09-10,중구,4197
2024-09-10,중랑구,4650
2024-09-11,강남구,4807
2024-09-11,강동구,6659
2024-09-11,강북구,1893
2024-09-11,강서구,19510
2024-09-11,관악구,3230
2024-09-11,광진구,7512
2024-09-11,구로구,6297
2024-09-11,금천구,3126
2024-09-11,노원구,9049
2024-09-11,도봉구,3286
2024-09-11,동대문구,5198
2024-09-11,동작구,2645
2024-09-11,마포구,6512
2024-09-11,서대문구,2635
2024-09-11,서초구,4394
2024-09-11,성동구,5601
2024-09-11,성북구,3364
2024-09-11,송파구,13116
2024-09-11,양천구,9455
2024-09-11,영등포구,13629
2024-09-11,용산구,2622
2024-09-11,은평구,3684
2024-09-11,종로구,5401
2024-09-11,중구,3885
2024-09-11,중랑구,4335
2024-09-12,강남구,1723
2024-09-12,강동구,2803
2024-09-12,강북구,866
2024-09-12,강서구,7380
2024-09-12,관악구,1341
2024-09-12,광진구,3263
2024-09-12,구로구,2537
2024-09-12,금천구,1217
2024-09-12,노원구,4877
2024-09-12,도봉구,1698
2024-09-12,동대문구,2296
2024-09-12,동작구,1007
2024-09-12,마포구,2614
2024-09-12,서대문구,1232
2024-09-12,서초구,1725
2024-09-12,성동구,2252
2024-09-12,성북구,1577
2024-09-12,송파구,4801
2024-09-12,양천구,3685
2024-09-12,영등포구,4091
2024-09-12,용산구,965
2024-09-12,은평구,1480
2024-09-12,종로구,2132
2024-09-12,중구,1534
2024-09-12,중랑구,2041
2024-09-13,강남구,2464
2024-09-13,강동구,3532
2024-09-13,강북구,868
2024-09-13,강서구,10570
2024-09-13,관악구,1378
2024-09-13,광진구,3834
2024-09-13,구로구,3222
2024-09-13,금천구,1453
2024-09-13,노원구,4360
2024-09-13,도봉구,1650
2024-09-13,동대문구,2252
2024-09-13,동작구,1212
2024-09-13,마포구,2928
2024-09-13,서대문구,1284
2024-09-13,서초구,2057
2024-09-13,성동구,2740
2024-09-13,성북구,1517
2024-09-13,송파구,6629
2024-09-13,양천구,5160
2024-09-13,영등포구,6627
2024-09-13,용산구,1111
2024-09-13,은평구,1873
2024-09-13,종로구,2442
2024-09-13,중구,1627
2024-09-13,중랑구,1797
2024-09-14,강남구,3410
2024-09-14,강동구,5393
2024-09-14,강북구,1694
2024-09-14,강서구,12480
2024-09-14,관악구,2676
2024-09-14,광진구,5445
2024-09-14,구로구,4329
2024-09-14,금천구,1420
2024-09-14,노원구,8103
2024-09-14,도봉구,2928
2024-09-14,동대문구,3552
2024-09-14,동작구,2229
2024-09-14,마포구,6085
2024-09-14,서대문구,2119
2024-09-14,서초구,3311
2024-09-14,성동구,3928
2024-09-14,성북구,2541
2024-09-14,송파구,10604
2024-09-14,양천구,8242
2024-09-14,영등포구,8934
2024-09-14,용산구,2431
2024-09-14,은평구,3240
2024-09-14,종로구,3281
2024-09-14,중구,2107
2024-09-14,중랑구,3705
2024-09-15,강남구,3162
2024-09-15,강동구,4848
2024-09-15,강북구,1661
2024-09-15,강서구,10310
2024-09-15,관악구,2348
2024-09-15,광진구,5079
2024-09-15,구로구,3764
2024-09-15,금천구,1209
2024-09-15,노원구,7403
2024-09-15,도봉구,2792
2024-09-15,동대문구,3126
2024-09-15,동작구,2082
2024-09-15,마포구,5535
2024-09-15,서대문구,2120
2024-09-15,서초구,3095
2024-09-15,성동구,3648
2024-09-15,성북구,2204
2024-09-15,송파구,9377
2024-09-15,양천구,6711
2024-09-15,영등포구,7909
2024-09-15,용산구,2305
2024-09-15,은평구,2970
2024-09-15,종로구,2667
2024-09-15,중구,1824
2024-09-15,중랑구,3317
2024-09-16,강남구,2849
2024-09-16,강동구,4158
2024-09-16,강북구,1536
2024-09-16,강서구,8652
2024-09-16,관악구,2041
2024-09-16,광진구,4212
2024-09-16,구로구,3338
2024-09-16,금천구,1126
2024-09-16,노원구,5951
2024-09-16,도봉구,2506
2024-09-16,동대문구,2676
2024-09-16,동작구,1925
2024-09-16,마포구,4759
2024-09-16,서대문구,1951
2024-09-16,서초구,2693
2024-09-16,성동구,3117
2024-09-16,성북구,2012
2024-09-16,송파구,8369
2024-09-16,양천구,5534
2024-09-16,영등포구,6865
2024-09-16,용산구,2199
2024-09-16,은평구,2620
2024-09-16,종로구,2460
2024-09-16,중구,1509
2024-09-16,중랑구,2932
2024-09-17,강남구,2367
2024-09-17,강동구,3464
2024-09-17,강북구,1451
2024-09-17,강서구,7982
2024-09-17,관악구,1889
2024-09-17,광진구,3750
2024-09-17,구로구,3142
2024-09-17,금천구,1062
2024-09-17,노원구,5534
2024-09-17,도봉구,2363
2024-09-17,동대문구,2409
2024-09-17,동작구,1675
2024-09-17,마포구,4122
2024-09-17,서대문구,1708
2024-09-17,서초구,2305
2024-09-17,성동구,2855
2024-09-17,성북구,1866
2024-09-17,송파구,6974
2024-09-17,양천구,4742
2024-09-17,영등포구,6304
2024-09-17,용산구,1781
2024-09-17,은평구,2441
2024-09-17,종로구,2100
2024-09-17,중구,1412
2024-09-17,중랑구,2533
2024-09-18,강남구,3059
2024-09-18,강동구,4452
2024-09-18,강북구,1519
2024-09-18,강서구,10613
2024-09-18,관악구,2546
2024-09-18,광진구,4888
2024-09-18,구로구,3933
2024-09-18,금천구,1296
2024-09-18,노원구,6738
2024-09-18,도봉구,2603
2024-09-18,동대문구,2947
2024-09-18,동작구,2040
2024-09-18,마포구,5322
2024-09-18,서대문구,2039
2024-09-18,서초구,2957
2024-09-18,성동구,3457
2024-09-18,성북구,2147
2024-09-18,송파구,9227
2024-09-18,양천구,6694
2024-09-18,영등포구,8591
2024-09-18,용산구,2238
2024-09-18,은평구,2757
2024-09-18,종로구,2731
2024-09-18,중구,1760
2024-09-18,중랑구,3283
2024-09-19,강남구,4963
2024-09-19,강동구,6494
2024-09-19,강북구,2036
2024-09-19,강서구,18967
2024-09-19,관악구,3186
2024-09-19,광진구,7576
2024-09-19,구로구,6639
2024-09-19,금천구,2893
2024-09-19,노원구,9653
2024-09-19,도봉구,3425
2024-09-19,동대문구,4823
2024-09-19,동작구,2642
2024-09-19,마포구,6862
2024-09-19,서대문구,2691
2024-09-19,서초구,4662
2024-09-19,성동구,5765
2024-09-19,성북구,3352
2024-09-19,송파구,12980
2024-09-19,양천구,9640
2024-09-19,영등포구,13936
2024-09-19,용산구,2724
2024-09-19,은평구,3685
2024-09-19,종로구,5247
2024-09-19,중구,3922
2024-09-19,중랑구,4268
2024-09-20,강남구,1428
2024-09-20,강동구,1970
2024-09-20,강북구,593
2024-09-20,강서구,6922
2024-09-20,관악구,955
2024-09-20,광진구,2528
2024-09-20,구로구,2013
2024-09-20,금천구,997
2024-09-20,노원구,2974
2024-09-20,도봉구,1030
2024-09-20,동대문구,1740
2024-09-20,동작구,781
2024-09-20,마포구,1842
2024-09-20,서대문구,1044
2024-09-20,서초구,1286
2024-09-20,성동구,1724
2024-09-20,성북구,1087
2024-09-20,송파구,3926
2024-09-20,양천구,2882
2024-09-20,영등포구,4206
2024-09-20,용산구,799
2024-09-20,은평구,1228
2024-09-20,종로구,1749
2024-09-20,중구,1261
2024-09-20,중랑구,1359
2024-09-21,강남구,3551
2024-09-21,강동구,4524
2024-09-21,강북구,1547
2024-09-21,강서구,11900
2024-09-21,관악구,2521
2024-09-21,광진구,5279
2024-09-21,구로구,3979
2024-09-21,금천구,1341
2024-09-21,노원구,7009
2024-09-21,도봉구,2681
2024-09-21,동대문구,3458
2024-09-21,동작구,2206
2024-09-21,마포구,7275
2024-09-21,서대문구,2276
2024-09-21,서초구,3282
2024-09-21,성동구,4142
2024-09-21,성북구,2458
2024-09-21,송파구,9856
2024-09-21,양천구,7253
2024-09-21,영등포구,9273
2024-09-21,용산구,2555
2024-09-21,은평구,3176
2024-09-21,종로구,3388
2024-09-21,중구,2174
2024-09-21,중랑구,3324
2024-09-22,강남구,5397
2024-09-22,강동구,6623
2024-09-22,강북구,2009
2024-09-22,강서구,14944
2024-09-22,관악구,3728
2024-09-22,광진구,8141
2024-09-22,구로구,5757
2024-09-22,금천구,1961
2024-09-22,노원구,8903
2024-09-22,도봉구,3504
2024-09-22,동대문구,4796
2024-09-22,동작구,3615
2024-09-22,마포구,11244
2024-09-22,서대문구,3416
2024-09-22,서초구,5391
2024-09-22,성동구,6417
2024-09-22,성북구,3226
2024-09-22,송파구,15246
2024-09-22,양천구,9074
2024-09-22,영등포구,13660
2024-09-22,용산구,4689
2024-09-22,은평구,4036
2024-09-22,종로구,4113
2024-09-22,중구,2755
2024-09-22,중랑구,4557
2024-09-23,강남구,6623
2024-09-23,강동구,7243
2024-09-23,강북구,2325
2024-09-23,강서구,23158
2024-09-23,관악구,3795
2024-09-23,광진구,8760
2024-09-23,구로구,7920
2024-09-23,금천구,3675
2024-09-23,노원구,10480
2024-09-23,도봉구,3778
2024-09-23,동대문구,5929
2024-09-23,동작구,3400
2024-09-23,마포구,8999
2024-09-23,서대문구,3438
2024-09-23,서초구,6214
2024-09-23,성동구,7329
2024-09-23,성북구,3958
2024-09-23,송파구,16180
2024-09-23,양천구,10682
2024-09-23,영등포구,17040
2024-09-23,용산구,3786
2024-09-23,은평구,4193
2024-09-23,종로구,6611
2024-09-23,중구,4895
2024-09-23,중랑구,5014
2024-09-24,강남구,6489
2024-09-24,강동구,7778
2024-09-24,강북구,2272
2024-09-24,강서구,23828
2024-09-24,관악구,3718
2024-09-24,광진구,9024
2024-09-24,구로구,7950
2024-09-24,금천구,3854
2024-09-24,노원구,10838
2024-09-24,도봉구,3790
2024-09-24,동대문구,6107
2024-09-24,동작구,3463
2024-09-24,마포구,9132
2024-09-24,서대문구,3594
2024-09-24,서초구,6119
2024-09-24,성동구,7195
2024-09-24,성북구,4019
2024-09-24,송파구,15917
2024-09-24,양천구,11157
2024-09-24,영등포구,17216
2024-09-24,용산구,3840
2024-09-24,은평구,4289
2024-09-24,종로구,6546
2024-09-24,중구,5000
2024-09-24,중랑구,5024
2024-09-25,강남구,6253
2024-09-25,강동구,7584
2024-09-25,강북구,2283
2024-09-25,강서구,23446
2024-09-25,관악구,3672
2024-09-25,광진구,8874
2024-09-25,구로구,7694
2024-09-25,금천구,3718
2024-09-25,노원구,10924
2024-09-25,도봉구,3969
2024-09-25,동대문구,5944
2024-09-25,동작구,3303
2024-09-25,마포구,8823
2024-09-25,서대문구,3436
2024-09-25,서초구,5982
2024-09-25,성동구,6928
2024-09-25,성북구,3978
2024-09-25,송파구,16068
2024-09-25,양천구,11308
2024-09-25,영등포구,16287
2024-09-25,용산구,3630
2024-09-25,은평구,4392
2024-09-25,종로구,6401
2024-09-25,중구,4661
2024-09-25,중랑구,5040
2024-09-26,강남구,5991
2024-09-26,강동구,7848
2024-09-26,강북구,2005
2024-09-26,강서구,20851
2024-09-26,관악구,3775
2024-09-26,광진구,8516
2024-09-26,구로구,7484
2024-09-26,금천구,3596
2024-09-26,노원구,9374
2024-09-26,도봉구,3283
2024-09-26,동대문구,5703
2024-09-26,동작구,3260
2024-09-26,마포구,8252
2024-09-26,서대문구,3172
2024-09-26,서초구,5876
2024-09-26,성동구,6521
2024-09-26,성북구,3583
2024-09-26,송파구,15625
2024-09-26,양천구,10469
2024-09-26,영등포구,15912
2024-09-26,용산구,3273
2024-09-26,은평구,3753
2024-09-26,종로구,6030
2024-09-26,중구,4280
2024-09-26,중랑구,4624
2024-09-27,강남구,5946
2024-09-27,강동구,7919
2024-09-27,강북구,2357
2024-09-27,강서구,23457
2024-09-27,관악구,3883
2024-09-27,광진구,8669
2024-09-27,구로구,8108
2024-09-27,금천구,3678
2024-09-27,노원구,11170
2024-09-27,도봉구,3991
2024-09-27,동대문구,5901
2024-09-27,동작구,3496
2024-09-27,마포구,9111
2024-09-27,서대문구,3449
2024-09-27,서초구,6138
2024-09-27,성동구,6986
2024-09-27,성북구,3892
2024-09-27,송파구,17019
2024-09-27,양천구,11708
2024-09-27,영등포구,17043
2024-09-27,용산구,3723
2024-09-27,은평구,4537
2024-09-27,종로구,6341
2024-09-27,중구,4696
2024-09-27,중랑구,5145
2024-09-28,강남구,5038
2024-09-28,강동구,7168
2024-09-28,강북구,2109
2024-09-28,강서구,17204
2024-09-28,관악구,3964
2024-09-28,광진구,8465
2024-09-28,구로구,6354
2024-09-28,금천구,2290
2024-09-28,노원구,10335
2024-09-28,도봉구,3727
2024-09-28,동대문구,4938
2024-09-28,동작구,3437
2024-09-28,마포구,9913
2024-09-28,서대문구,3185
2024-09-28,서초구,5834
2024-09-28,성동구,6017
2024-09-28,성북구,3416
2024-09-28,송파구,16641
2024-09-28,양천구,10328
2024-09-28,영등포구,14216
2024-09-28,용산구,4552
2024-09-28,은평구,4423
2024-09-28,종로구,4963
2024-09-28,중구,3070
2024-09-28,중랑구,4860
2024-09-29,강남구,4659
2024-09-29,강동구,6846
2024-09-29,강북구,2060
2024-09-29,강서구,15282
2024-09-29,관악구,3540
2024-09-29,광진구,7584
2024-09-29,구로구,5730
2024-09-29,금천구,1982
2024-09-29,노원구,8988
2024-09-29,도봉구,3300
2024-09-29,동대문구,4465
2024-09-29,동작구,3435
2024-09-29,마포구,9562
2024-09-29,서대문구,3154
2024-09-29,서초구,5181
2024-09-29,성동구,5869
2024-09-29,성북구,3265
2024-09-29,송파구,15197
2024-09-29,양천구,9260
2024-09-29,영등포구,13249
2024-09-29,용산구,4258
2024-09-29,은평구,4053
2024-09-29,종로구,3989
2024-09-29,중구,2614
2024-09-29,중랑구,4508
2024-09-30,강남구,6270
2024-09-30,강동구,7738
2024-09-30,강북구,2358
2024-09-30,강서구,23142
2024-09-30,관악구,3714
2024-09-30,광진구,8478
2024-09-30,구로구,7722
2024-09-30,금천구,3763
2024-09-30,노원구,10864
2024-09-30,도봉구,3913
2024-09-30,동대문구,5927
2024-09-30,동작구,3410
2024-09-30,마포구,8692
2024-09-30,서대문구,3462
2024-09-30,서초구,5871
2024-09-30,성동구,6756
2024-09-30,성북구,3826
2024-09-30,송파구,16315
2024-09-30,양천구,11213
2024-09-30,영등포구,16803
2024-09-30,용산구,3552
2024-09-30,은평구,4352
2024-09-30,종로구,5827
2024-09-30,중구,4360
2024-09-30,중랑구,5112
2024-10-01,강남구,3995
2024-10-01,강동구,5582
2024-10-01,강북구,1825
2024-10-01,강서구,14163
2024-10-01,관악구,3094
2024-10-01,광진구,6486
2024-10-01,구로구,4867
2024-10-01,금천구,1788
2024-10-01,노원구,8086
2024-10-01,도봉구,2924
2024-10-01,동대문구,4119
2024-10-01,동작구,2854
2024-10-01,마포구,7276
2024-10-01,서대문구,2936
2024-10-01,서초구,4044
2024-10-01,성동구,4509
2024-10-01,성북구,2974
2024-10-01,송파구,11892
2024-10-01,양천구,7915
2024-10-01,영등포구,10868
2024-10-01,용산구,3539
2024-10-01,은평구,3385
2024-10-01,종로구,3807
2024-10-01,중구,2545
2024-10-01,중랑구,4069
2024-10-02,강남구,5838
2024-10-02,강동구,7146
2024-10-02,강북구,2323
2024-10-02,강서구,22377
2024-10-02,관악구,3571
2024-10-02,광진구,8150
2024-10-02,구로구,7188
2024-10-02,금천구,3413
2024-10-02,노원구,10739
2024-10-02,도봉구,3619
2024-10-02,동대문구,5498
2024-10-02,동작구,3195
2024-10-02,마포구,8190
2024-10-02,서대문구,3161
2024-10-02,서초구,5459
2024-10-02,성동구,6544
2024-10-02,성북구,3682
2024-10-02,송파구,15326
2024-10-02,양천구,10947
2024-10-02,영등포구,15684
2024-10-02,용산구,3265
2024-10-02,은평구,4173
2024-10-02,종로구,5353
2024-10-02,중구,4174
2024-10-02,중랑구,4881
2024-10-03,강남구,4876
2024-10-03,강동구,6443
2024-10-03,강북구,2125
2024-10-03,강서구,15267
2024-10-03,관악구,3662
2024-10-03,광진구,7630
2024-10-03,구로구,5606
2024-10-03,금천구,2068
2024-10-03,노원구,9007
2024-10-03,도봉구,3271
2024-10-03,동대문구,4748
2024-10-03,동작구,3463
2024-10-03,마포구,9367
2024-10-03,서대문구,3088
2024-10-03,서초구,4866
2024-10-03,성동구,6182
2024-10-03,성북구,3208
2024-10-03,송파구,14689
2024-10-03,양천구,8739
2024-10-03,영등포구,13751
2024-10-03,용산구,4346
2024-10-03,은평구,4130
2024-10-03,종로구,3893
2024-10-03,중구,2603
2024-10-03,중랑구,4408
2024-10-04,강남구,5973
2024-10-04,강동구,7433
2024-10-04,강북구,2364
2024-10-04,강서구,21412
2024-10-04,관악구,3750
2024-10-04,광진구,8492
2024-10-04,구로구,7518
2024-10-04,금천구,3375
2024-10-04,노원구,10470
2024-10-04,도봉구,3724
2024-10-04,동대문구,5546
2024-10-04,동작구,3380
2024-10-04,마포구,9224
2024-10-04,서대문구,3375
2024-10-04,서초구,5770
2024-10-04,성동구,7223
2024-10-04,성북구,3518
2024-10-04,송파구,15882
2024-10-04,양천구,11367
2024-10-04,영등포구,16285
2024-10-04,용산구,3895
2024-10-04,은평구,4266
2024-10-04,종로구,5699
2024-10-04,중구,4076
2024-10-04,중랑구,4939
2024-10-05,강남구,5103
2024-10-05,강동구,6684
2024-10-05,강북구,2168
2024-10-05,강서구,17388
2024-10-05,관악구,3739
2024-10-05,광진구,7951
2024-10-05,구로구,6027
2024-10-05,금천구,2153
2024-10-05,노원구,9392
2024-10-05,도봉구,3527
2024-10-05,동대문구,4710
2024-10-05,동작구,4228
2024-10-05,마포구,10827
2024-10-05,서대문구,3088
2024-10-05,서초구,5851
2024-10-05,성동구,6134
2024-10-05,성북구,3175
2024-10-05,송파구,15043
2024-10-05,양천구,10183
2024-10-05,영등포구,14511
2024-10-05,용산구,5957
2024-10-05,은평구,4042
2024-10-05,종로구,3764
2024-10-05,중구,2503
2024-10-05,중랑구,4574
2024-10-06,강남구,3345
2024-10-06,강동구,4824
2024-10-06,강북구,1577
2024-10-06,강서구,11116
2024-10-06,관악구,2853
2024-10-06,광진구,5349
2024-10-06,구로구,3962
2024-10-06,금천구,1398
2024-10-06,노원구,7057
2024-10-06,도봉구,2511
2024-10-06,동대문구,3631
2024-10-06,동작구,2197
2024-10-06,마포구,6088
2024-10-06,서대문구,2115
2024-10-06,서초구,3092
2024-10-06,성동구,3979
2024-10-06,성북구,2375
2024-10-06,송파구,10469
2024-10-06,양천구,6821
2024-10-06,영등포구,8559
2024-10-06,용산구,2648
2024-10-06,은평구,2763
2024-10-06,종로구,2744
2024-10-06,중구,1755
2024-10-06,중랑구,3554
2024-10-07,강남구,5837
2024-10-07,강동구,7074
2024-10-07,강북구,2217
2024-10-07,강서구,22090
2024-10-07,관악구,3554
2024-10-07,광진구,7952
2024-10-07,구로구,7382
2024-10-07,금천구,3596
2024-10-07,노원구,10007
2024-10-07,도봉구,3827
2024-10-07,동대문구,5565
2024-10-07,동작구,3133
2024-10-07,마포구,8021
2024-10-07,서대문구,2971
2024-10-07,서초구,5446
2024-10-07,성동구,6547
2024-10-07,성북구,3600
2024-10-07,송파구,14657
2024-10-07,양천구,10875
2024-10-07,영등포구,14995
2024-10-07,용산구,3129
2024-10-07,은평구,3978
2024-10-07,종로구,5584
2024-10-07,중구,4128
2024-10-07,중랑구,4806
2024-10-08,강남구,6008
2024-10-08,강동구,7325
2024-10-08,강북구,2309
2024-10-08,강서구,22746
2024-10-08,관악구,3750
2024-10-08,광진구,8708
2024-10-08,구로구,7564
2024-10-08,금천구,3736
2024-10-08,노원구,10773
2024-10-08,도봉구,3937
2024-10-08,동대문구,5660
2024-10-08,동작구,3322
2024-10-08,마포구,8463
2024-10-08,서대문구,3223
2024-10-08,서초구,5598
2024-10-08,성동구,7116
2024-10-08,성북구,3734
2024-10-08,송파구,15577
2024-10-08,양천구,11129
2024-10-08,영등포구,15966
2024-10-08,용산구,3456
2024-10-08,은평구,4149
2024-10-08,종로구,5936
2024-10-08,중구,4377
2024-10-08,중랑구,4947
2024-10-09,강남구,5157
2024-10-09,강동구,6866
2024-10-09,강북구,2137
2024-10-09,강서구,15831
2024-10-09,관악구,3869
2024-10-09,광진구,8146
2024-10-09,구로구,6035
2024-10-09,금천구,2329
2024-10-09,노원구,9246
2024-10-09,도봉구,3473
2024-10-09,동대문구,4818
2024-10-09,동작구,3552
2024-10-09,마포구,9498
2024-10-09,서대문구,3178
2024-10-09,서초구,5053
2024-10-09,성동구,6803
2024-10-09,성북구,3338
2024-10-09,송파구,15250
2024-10-09,양천구,9066
2024-10-09,영등포구,13527
2024-10-09,용산구,4432
2024-10-09,은평구,3994
2024-10-09,종로구,4321
2024-10-09,중구,2891
2024-10-09,중랑구,4735
2024-10-10,강남구,5580
2024-10-10,강동구,7534
2024-10-10,강북구,2267
2024-10-10,강서구,22535
2024-10-10,관악구,3716
2024-10-10,광진구,8280
2024-10-10,구로구,7560
2024-10-10,금천구,3654
2024-10-10,노원구,10439
2024-10-10,도봉구,3923
2024-10-10,동대문구,5605
2024-10-10,동작구,3177
2024-10-10,마포구,8426
2024-10-10,서대문구,3262
2024-10-10,서초구,5392
2024-10-10,성동구,7000
2024-10-10,성북구,3567
2024-10-10,송파구,15472
2024-10-10,양천구,11017
2024-10-10,영등포구,16038
2024-10-10,용산구,3302
2024-10-10,은평구,4171
2024-10-10,종로구,5810
2024-10-10,중구,4329
2024-10-10,중랑구,4923
2024-10-11,강남구,6010
2024-10-11,강동구,8047
2024-10-11,강북구,2391
2024-10-11,강서구,23252
2024-10-11,관악구,3944
2024-10-11,광진구,8507
2024-10-11,구로구,7872
2024-10-11,금천구,3760
2024-10-11,노원구,11132
2024-10-11,도봉구,4003
2024-10-11,동대문구,5908
2024-10-11,동작구,3314
2024-10-11,마포구,8887
2024-10-11,서대문구,3346
2024-10-11,서초구,5853
2024-10-11,성동구,7310
2024-10-11,성북구,3541
2024-10-11,송파구,16905
2024-10-11,양천구,11683
2024-10-11,영등포구,16383
2024-10-11,용산구,3684
2024-10-11,은평구,4490
2024-10-11,종로구,6101
2024-10-11,중구,4399
2024-10-11,중랑구,5221
2024-10-12,강남구,5051
2024-10-12,강동구,7064
2024-10-12,강북구,2112
2024-10-12,강서구,17585
2024-10-12,관악구,3952
2024-10-12,광진구,8020
2024-10-12,구로구,5904
2024-10-12,금천구,2331
2024-10-12,노원구,9751
2024-10-12,도봉구,3578
2024-10-12,동대문구,5047
2024-10-12,동작구,3298
2024-10-12,마포구,9300
2024-10-12,서대문구,3214
2024-10-12,서초구,5012
2024-10-12,성동구,6026
2024-10-12,성북구,3120
2024-10-12,송파구,15438
2024-10-12,양천구,10100
2024-10-12,영등포구,13500
2024-10-12,용산구,3996
2024-10-12,은평구,4179
2024-10-12,종로구,4230
2024-10-12,중구,2621
2024-10-12,중랑구,4650
2024-10-13,강남구,4331
2024-10-13,강동구,6497
2024-10-13,강북구,1986
2024-10-13,강서구,15145
2024-10-13,관악구,3302
2024-10-13,광진구,7044
2024-10-13,구로구,5482
2024-10-13,금천구,1910
2024-10-13,노원구,8438
2024-10-13,도봉구,3164
2024-10-13,동대문구,4364
2024-10-13,동작구,2971
2024-10-13,마포구,7925
2024-10-13,서대문구,2772
2024-10-13,서초구,4597
2024-10-13,성동구,5451
2024-10-13,성북구,2871
2024-10-13,송파구,13707
2024-10-13,양천구,8712
2024-10-13,영등포구,11868
2024-10-13,용산구,3679
2024-10-13,은평구,3574
2024-10-13,종로구,3588
2024-10-13,중구,2293
2024-10-13,중랑구,4175
2024-10-14,강남구,5411
2024-10-14,강동구,7065
2024-10-14,강북구,2184
2024-10-14,강서구,22089
2024-10-14,관악구,3379
2024-10-14,광진구,7716
2024-10-14,구로구,7235
2024-10-14,금천구,3531
2024-10-14,노원구,9940
2024-10-14,도봉구,3731
2024-10-14,동대문구,5494
2024-10-14,동작구,2917
2024-10-14,마포구,7964
2024-10-14,서대문구,3073
2024-10-14,서초구,5056
2024-10-14,성동구,6222
2024-10-14,성북구,3458
2024-10-14,송파구,14628
2024-10-14,양천구,10658
2024-10-14,영등포구,15459
2024-10-14,용산구,2861
2024-10-14,은평구,4134
2024-10-14,종로구,5360
2024-10-14,중구,3932
2024-10-14,중랑구,4764
2024-10-15,강남구,4779
2024-10-15,강동구,6444
2024-10-15,강북구,1968
2024-10-15,강서구,20015
2024-10-15,관악구,3026
2024-10-15,광진구,6952
2024-10-15,구로구,6209
2024-10-15,금천구,2783
2024-10-15,노원구,9747
2024-10-15,도봉구,3440
2024-10-15,동대문구,5187
2024-10-15,동작구,2486
2024-10-15,마포구,7002
2024-10-15,서대문구,2881
2024-10-15,서초구,4450
2024-10-15,성동구,5655
2024-10-15,성북구,3428
2024-10-15,송파구,13346
2024-10-15,양천구,9583
2024-10-15,영등포구,13502
2024-10-15,용산구,2601
2024-10-15,은평구,3723
2024-10-15,종로구,5187
2024-10-15,중구,3956
2024-10-15,중랑구,4378
2024-10-16,강남구,6018
2024-10-16,강동구,7428
2024-10-16,강북구,2273
2024-10-16,강서구,23014
2024-10-16,관악구,3644
2024-10-16,광진구,8265
2024-10-16,구로구,7514
2024-10-16,금천구,3741
2024-10-16,노원구,10815
2024-10-16,도봉구,3725
2024-10-16,동대문구,5714
2024-10-16,동작구,3263
2024-10-16,마포구,8300
2024-10-16,서대문구,3387
2024-10-16,서초구,5404
2024-10-16,성동구,6609
2024-10-16,성북구,3812
2024-10-16,송파구,15576
2024-10-16,양천구,11132
2024-10-16,영등포구,15775
2024-10-16,용산구,3177
2024-10-16,은평구,4298
2024-10-16,종로구,5914
2024-10-16,중구,4123
2024-10-16,중랑구,4820
2024-10-17,강남구,5554
2024-10-17,강동구,7622
2024-10-17,강북구,2426
2024-10-17,강서구,23026
2024-10-17,관악구,3520
2024-10-17,광진구,8090
2024-10-17,구로구,7644
2024-10-17,금천구,3603
2024-10-17,노원구,10943
2024-10-17,도봉구,3802
2024-10-17,동대문구,5687
2024-10-17,동작구,3096
2024-10-17,마포구,8447
2024-10-17,서대문구,3313
2024-10-17,서초구,5434
2024-10-17,성동구,6709
2024-10-17,성북구,3763
2024-10-17,송파구,15807
2024-10-17,양천구,10979
2024-10-17,영등포구,15788
2024-10-17,용산구,3213
2024-10-17,은평구,4209
2024-10-17,종로구,5806
2024-10-17,중구,4326
2024-10-17,중랑구,5010
2024-10-18,강남구,2251
2024-10-18,강동구,3431
2024-10-18,강북구,971
2024-10-18,강서구,11283
2024-10-18,관악구,1560
2024-10-18,광진구,3476
2024-10-18,구로구,3611
2024-10-18,금천구,1699
2024-10-18,노원구,4564
2024-10-18,도봉구,1602
2024-10-18,동대문구,2470
2024-10-18,동작구,1246
2024-10-18,마포구,3251
2024-10-18,서대문구,1426
2024-10-18,서초구,2037
2024-10-18,성동구,2702
2024-10-18,성북구,1630
2024-10-18,송파구,6413
2024-10-18,양천구,5516
2024-10-18,영등포구,6974
2024-10-18,용산구,1054
2024-10-18,은평구,1828
2024-10-18,종로구,2386
2024-10-18,중구,1657
2024-10-18,중랑구,2062
2024-10-19,강남구,4193
2024-10-19,강동구,5724
2024-10-19,강북구,1863
2024-10-19,강서구,14812
2024-10-19,관악구,2938
2024-10-19,광진구,5843
2024-10-19,구로구,4916
2024-10-19,금천구,1770
2024-10-19,노원구,8542
2024-10-19,도봉구,2995
2024-10-19,동대문구,3960
2024-10-19,동작구,2436
2024-10-19,마포구,6998
2024-10-19,서대문구,2424
2024-10-19,서초구,3911
2024-10-19,성동구,4691
2024-10-19,성북구,2698
2024-10-19,송파구,12458
2024-10-19,양천구,8922
2024-10-19,영등포구,10687
2024-10-19,용산구,2679
2024-10-19,은평구,3462
2024-10-19,종로구,3511
2024-10-19,중구,2315
2024-10-19,중랑구,3721
2024-10-20,강남구,4040
2024-10-20,강동구,5330
2024-10-20,강북구,1755
2024-10-20,강서구,12350
2024-10-20,관악구,2959
2024-10-20,광진구,5910
2024-10-20,구로구,4591
2024-10-20,금천구,1636
2024-10-20,노원구,7736
2024-10-20,도봉구,2831
2024-10-20,동대문구,3582
2024-10-20,동작구,2360
2024-10-20,마포구,8236
2024-10-20,서대문구,2380
2024-10-20,서초구,3559
2024-10-20,성동구,4350
2024-10-20,성북구,2329
2024-10-20,송파구,11646
2024-10-20,양천구,7842
2024-10-20,영등포구,10187
2024-10-20,용산구,2843
2024-10-20,은평구,3128
2024-10-20,종로구,2966
2024-10-20,중구,2056
2024-10-20,중랑구,3707
2024-10-21,강남구,5194
2024-10-21,강동구,6510
2024-10-21,강북구,1982
2024-10-21,강서구,19389
2024-10-21,관악구,3002
2024-10-21,광진구,6917
2024-10-21,구로구,6658
2024-10-21,금천구,3192
2024-10-21,노원구,9092
2024-10-21,도봉구,3271
2024-10-21,동대문구,4807
2024-10-21,동작구,2529
2024-10-21,마포구,6624
2024-10-21,서대문구,2581
2024-10-21,서초구,4564
2024-10-21,성동구,6036
2024-10-21,성북구,2951
2024-10-21,송파구,13629
2024-10-21,양천구,9232
2024-10-21,영등포구,14240
2024-10-21,용산구,2607
2024-10-21,은평구,3384
2024-10-21,종로구,5144
2024-10-21,중구,3720
2024-10-21,중랑구,4354
2024-10-22,강남구,652
2024-10-22,강동구,860
2024-10-22,강북구,328
2024-10-22,강서구,4909
2024-10-22,관악구,479
2024-10-22,광진구,1130
2024-10-22,구로구,1288
2024-10-22,금천구,541
2024-10-22,노원구,1503
2024-10-22,도봉구,554
2024-10-22,동대문구,806
2024-10-22,동작구,372
2024-10-22,마포구,1097
2024-10-22,서대문구,602
2024-10-22,서초구,526
2024-10-22,성동구,843
2024-10-22,성북구,562
2024-10-22,송파구,1557
2024-10-22,양천구,2134
2024-10-22,영등포구,2446
2024-10-22,용산구,372
2024-10-22,은평구,681
2024-10-22,종로구,860
2024-10-22,중구,583
2024-10-22,중랑구,667
2024-10-23,강남구,4530
2024-10-23,강동구,5933
2024-10-23,강북구,1758
2024-10-23,강서구,18937
2024-10-23,관악구,2805
2024-10-23,광진구,6257
2024-10-23,구로구,6128
2024-10-23,금천구,2963
2024-10-23,노원구,8802
2024-10-23,도봉구,2873
2024-10-23,동대문구,4383
2024-10-23,동작구,2328
2024-10-23,마포구,6473
2024-10-23,서대문구,2419
2024-10-23,서초구,4189
2024-10-23,성동구,5395
2024-10-23,성북구,2825
2024-10-23,송파구,12297
2024-10-23,양천구,8943
2024-10-23,영등포구,12689
2024-10-23,용산구,2395
2024-10-23,은평구,3177
2024-10-23,종로구,4968
2024-10-23,중구,3576
2024-10-23,중랑구,3955
2024-10-24,강남구,5048
2024-10-24,강동구,6699
2024-10-24,강북구,1971
2024-10-24,강서구,20188
2024-10-24,관악구,3104
2024-10-24,광진구,6918
2024-10-24,구로구,6963
2024-10-24,금천구,3213
2024-10-24,노원구,9360
2024-10-24,도봉구,3172
2024-10-24,동대문구,4908
2024-10-24,동작구,2704
2024-10-24,마포구,7224
2024-10-24,서대문구,2748
2024-10-24,서초구,4887
2024-10-24,성동구,5956
2024-10-24,성북구,3063
2024-10-24,송파구,13789
2024-10-24,양천구,9825
2024-10-24,영등포구,14563
2024-10-24,용산구,2849
2024-10-24,은평구,3586
2024-10-24,종로구,5548
2024-10-24,중구,3914
2024-10-24,중랑구,4190
2024-10-25,강남구,5167
2024-10-25,강동구,7040
2024-10-25,강북구,2082
2024-10-25,강서구,20849
2024-10-25,관악구,3217
2024-10-25,광진구,7435
2024-10-25,구로구,7012
2024-10-25,금천구,3253
2024-10-25,노원구,10087
2024-10-25,도봉구,3213
2024-10-25,동대문구,5007
2024-10-25,동작구,2888
2024-10-25,마포구,7614
2024-10-25,서대문구,2784
2024-10-25,서초구,4978
2024-10-25,성동구,6156
2024-10-25,성북구,3355
2024-10-25,송파구,14875
2024-10-25,양천구,10333
2024-10-25,영등포구,15118
2024-10-25,용산구,3215
2024-10-25,은평구,3613
2024-10-25,종로구,5674
2024-10-25,중구,3834
2024-10-25,중랑구,4540
2024-10-26,강남구,4439
2024-10-26,강동구,6399
2024-10-26,강북구,1852
2024-10-26,강서구,15762
2024-10-26,관악구,3460
2024-10-26,광진구,7181
2024-10-26,구로구,5528
2024-10-26,금천구,1956
2024-10-26,노원구,9068
2024-10-26,도봉구,3177
2024-10-26,동대문구,4376
2024-10-26,동작구,2855
2024-10-26,마포구,8126
2024-10-26,서대문구,2621
2024-10-26,서초구,4486
2024-10-26,성동구,5294
2024-10-26,성북구,2967
2024-10-26,송파구,13879
2024-10-26,양천구,9433
2024-10-26,영등포구,12254
2024-10-26,용산구,3403
2024-10-26,은평구,3812
2024-10-26,종로구,3800
2024-10-26,중구,2387
2024-10-26,중랑구,4304
2024-10-27,강남구,3317
2024-10-27,강동구,4993
2024-10-27,강북구,1606
2024-10-27,강서구,11604
2024-10-27,관악구,2671
2024-10-27,광진구,5559
2024-10-27,구로구,4219
2024-10-27,금천구,1503
2024-10-27,노원구,6982
2024-10-27,도봉구,2631
2024-10-27,동대문구,3425
2024-10-27,동작구,2212
2024-10-27,마포구,5771
2024-10-27,서대문구,2220
2024-10-27,서초구,3209
2024-10-27,성동구,3987
2024-10-27,성북구,2332
2024-10-27,송파구,10331
2024-10-27,양천구,7689
2024-10-27,영등포구,9333
2024-10-27,용산구,2568
2024-10-27,은평구,2763
2024-10-27,종로구,2933
2024-10-27,중구,1828
2024-10-27,중랑구,3302
2024-10-28,강남구,5066
2024-10-28,강동구,6585
2024-10-28,강북구,1930
2024-10-28,강서구,20606
2024-10-28,관악구,3095
2024-10-28,광진구,7063
2024-10-28,구로구,6933
2024-10-28,금천구,3305
2024-10-28,노원구,9509
2024-10-28,도봉구,3334
2024-10-28,동대문구,4934
2024-10-28,동작구,2756
2024-10-28,마포구,7037
2024-10-28,서대문구,2722
2024-10-28,서초구,4784
2024-10-28,성동구,6011
2024-10-28,성북구,3107
2024-10-28,송파구,13957
2024-10-28,양천구,9969
2024-10-28,영등포구,14408
2024-10-28,용산구,2469
2024-10-28,은평구,3684
2024-10-28,종로구,5115
2024-10-28,중구,3705
2024-10-28,중랑구,4329
2024-10-29,강남구,5118
2024-10-29,강동구,6711
2024-10-29,강북구,1875
2024-10-29,강서구,19851
2024-10-29,관악구,3054
2024-10-29,광진구,6888
2024-10-29,구로구,6644
2024-10-29,금천구,3355
2024-10-29,노원구,8833
2024-10-29,도봉구,2994
2024-10-29,동대문구,4949
2024-10-29,동작구,2710
2024-10-29,마포구,6741
2024-10-29,서대문구,2564
2024-10-29,서초구,4598
2024-10-29,성동구,5693
2024-10-29,성북구,3258
2024-10-29,송파구,13401
2024-10-29,양천구,9615
2024-10-29,영등포구,13937
2024-10-29,용산구,2571
2024-10-29,은평구,3202
2024-10-29,종로구,5132
2024-10-29,중구,3735
2024-10-29,중랑구,4197
2024-10-30,강남구,5476
2024-10-30,강동구,6963
2024-10-30,강북구,2124
2024-10-30,강서구,21867
2024-10-30,관악구,3357
2024-10-30,광진구,7409
2024-10-30,구로구,6989
2024-10-30,금천구,3562
2024-10-30,노원구,9854
2024-10-30,도봉구,3466
2024-10-30,동대문구,5195
2024-10-30,동작구,2833
2024-10-30,마포구,7503
2024-10-30,서대문구,2996
2024-10-30,서초구,4953
2024-10-30,성동구,6086
2024-10-30,성북구,3295
2024-10-30,송파구,14336
2024-10-30,양천구,10573
2024-10-30,영등포구,14959
2024-10-30,용산구,2867
2024-10-30,은평구,3856
2024-10-30,종로구,5739
2024-10-30,중구,3964
2024-10-30,중랑구,4610
2024-10-31,강남구,5539
2024-10-31,강동구,6968
2024-10-31,강북구,2056
2024-10-31,강서구,21619
2024-10-31,관악구,3225
2024-10-31,광진구,7621
2024-10-31,구로구,7006
2024-10-31,금천구,3493
2024-10-31,노원구,9576
2024-10-31,도봉구,3343
2024-10-31,동대문구,5244
2024-10-31,동작구,2831
2024-10-31,마포구,7635
2024-10-31,서대문구,3005
2024-10-31,서초구,5096
2024-10-31,성동구,6098
2024-10-31,성북구,3400
2024-10-31,송파구,14774
2024-10-31,양천구,10330
2024-10-31,영등포구,14985
2024-10-31,용산구,2778
2024-10-31,은평구,3840
2024-10-31,종로구,5767
2024-10-31,중구,4050
2024-10-31,중랑구,4501
2024-11-01,강남구,5382
2024-11-01,강동구,7062
2024-11-01,강북구,2065
2024-11-01,강서구,21312
2024-11-01,관악구,3397
2024-11-01,광진구,7441
2024-11-01,구로구,7167
2024-11-01,금천구,3378
2024-11-01,노원구,9627
2024-11-01,도봉구,3590
2024-11-01,동대문구,5129
2024-11-01,동작구,2915
2024-11-01,마포구,7231
2024-11-01,서대문구,2869
2024-11-01,서초구,4969
2024-11-01,성동구,5863
2024-11-01,성북구,3185
2024-11-01,송파구,14648
2024-11-01,양천구,10439
2024-11-01,영등포구,14826
2024-11-01,용산구,2921
2024-11-01,은평구,3818
2024-11-01,종로구,5582
2024-11-01,중구,3991
2024-11-01,중랑구,4507
2024-11-02,강남구,4654
2024-11-02,강동구,6496
2024-11-02,강북구,1995
2024-11-02,강서구,15285
2024-11-02,관악구,3219
2024-11-02,광진구,7097
2024-11-02,구로구,5708
2024-11-02,금천구,1954
2024-11-02,노원구,8803
2024-11-02,도봉구,3194
2024-11-02,동대문구,4325
2024-11-02,동작구,2955
2024-11-02,마포구,8158
2024-11-02,서대문구,2767
2024-11-02,서초구,4482
2024-11-02,성동구,5256
2024-11-02,성북구,2888
2024-11-02,송파구,14247
2024-11-02,양천구,9598
2024-11-02,영등포구,12369
2024-11-02,용산구,3509
2024-11-02,은평구,3791
2024-11-02,종로구,4260
2024-11-02,중구,2687
2024-11-02,중랑구,4293
2024-11-03,강남구,4074
2024-11-03,강동구,5917
2024-11-03,강북구,1733
2024-11-03,강서구,13103
2024-11-03,관악구,3022
2024-11-03,광진구,6748
2024-11-03,구로구,4865
2024-11-03,금천구,1715
2024-11-03,노원구,7962
2024-11-03,도봉구,2968
2024-11-03,동대문구,3826
2024-11-03,동작구,2633
2024-11-03,마포구,7479
2024-11-03,서대문구,2690
2024-11-03,서초구,4044
2024-11-03,성동구,4950
2024-11-03,성북구,2606
2024-11-03,송파구,13918
2024-11-03,양천구,8426
2024-11-03,영등포구,11333
2024-11-03,용산구,3322
2024-11-03,은평구,3385
2024-11-03,종로구,3579
2024-11-03,중구,2293
2024-11-03,중랑구,3871
2024-11-04,강남구,4938
2024-11-04,강동구,6644
2024-11-04,강북구,1832
2024-11-04,강서구,19571
2024-11-04,관악구,2969
2024-11-04,광진구,6881
2024-11-04,구로구,6643
2024-11-04,금천구,3151
2024-11-04,노원구,8923
2024-11-04,도봉구,3112
2024-11-04,동대문구,4839
2024-11-04,동작구,2503
2024-11-04,마포구,6784
2024-11-04,서대문구,2670
2024-11-04,서초구,4529
2024-11-04,성동구,5644
2024-11-04,성북구,3162
2024-11-04,송파구,13400
2024-11-04,양천구,9483
2024-11-04,영등포구,13865
2024-11-04,용산구,2408
2024-11-04,은평구,3437
2024-11-04,종로구,5308
2024-11-04,중구,3786
2024-11-04,중랑구,4168
2024-11-05,강남구,4646
2024-11-05,강동구,6247
2024-11-05,강북구,1748
2024-11-05,강서구,18866
2024-11-05,관악구,2807
2024-11-05,광진구,6652
2024-11-05,구로구,6125
2024-11-05,금천구,3070
2024-11-05,노원구,8780
2024-11-05,도봉구,2993
2024-11-05,동대문구,4536
2024-11-05,동작구,2381
2024-11-05,마포구,6143
2024-11-05,서대문구,2514
2024-11-05,서초구,4163
2024-11-05,성동구,5385
2024-11-05,성북구,2978
2024-11-05,송파구,13123
2024-11-05,양천구,8946
2024-11-05,영등포구,12956
2024-11-05,용산구,2317
2024-11-05,은평구,3223
2024-11-05,종로구,4981
2024-11-05,중구,3513
2024-11-05,중랑구,3968
2024-11-06,강남구,4384
2024-11-06,강동구,5864
2024-11-06,강북구,1804
2024-11-06,강서구,18375
2024-11-06,관악구,2698
2024-11-06,광진구,6318
2024-11-06,구로구,5946
2024-11-06,금천구,2787
2024-11-06,노원구,8546
2024-11-06,도봉구,2931
2024-11-06,동대문구,4277
2024-11-06,동작구,2344
2024-11-06,마포구,5726
2024-11-06,서대문구,2266
2024-11-06,서초구,3983
2024-11-06,성동구,5015
2024-11-06,성북구,2808
2024-11-06,송파구,12208
2024-11-06,양천구,8625
2024-11-06,영등포구,12308
2024-11-06,용산구,2185
2024-11-06,은평구,3079
2024-11-06,종로구,4850
2024-11-06,중구,3429
2024-11-06,중랑구,3723
2024-11-07,강남구,4505
2024-11-07,강동구,6062
2024-11-07,강북구,1745
2024-11-07,강서구,18515
2024-11-07,관악구,2605
2024-11-07,광진구,6388
2024-11-07,구로구,5891
2024-11-07,금천구,2954
2024-11-07,노원구,8316
2024-11-07,도봉구,2858
2024-11-07,동대문구,4149
2024-11-07,동작구,2285
2024-11-07,마포구,5900
2024-11-07,서대문구,2497
2024-11-07,서초구,4164
2024-11-07,성동구,5029
2024-11-07,성북구,2807
2024-11-07,송파구,12372
2024-11-07,양천구,8627
2024-11-07,영등포구,12878
2024-11-07,용산구,2284
2024-11-07,은평구,3090
2024-11-07,종로구,4957
2024-11-07,중구,3412
2024-11-07,중랑구,3666
2024-11-08,강남구,4873
2024-11-08,강동구,6224
2024-11-08,강북구,1776
2024-11-08,강서구,18927
2024-11-08,관악구,2709
2024-11-08,광진구,6389
2024-11-08,구로구,6213
2024-11-08,금천구,2941
2024-11-08,노원구,8617
2024-11-08,도봉구,2927
2024-11-08,동대문구,4293
2024-11-08,동작구,2385
2024-11-08,마포구,6387
2024-11-08,서대문구,2559
2024-11-08,서초구,4312
2024-11-08,성동구,5279
2024-11-08,성북구,2806
2024-11-08,송파구,13227
2024-11-08,양천구,9322
2024-11-08,영등포구,13341
2024-11-08,용산구,2567
2024-11-08,은평구,3311
2024-11-08,종로구,5295
2024-11-08,중구,3625
2024-11-08,중랑구,3811
2024-11-09,강남구,3991
2024-11-09,강동구,5651
2024-11-09,강북구,1726
2024-11-09,강서구,13818
2024-11-09,관악구,2866
2024-11-09,광진구,6029
2024-11-09,구로구,4882
2024-11-09,금천구,1766
2024-11-09,노원구,7885
2024-11-09,도봉구,2798
2024-11-09,동대문구,3557
2024-11-09,동작구,2461
2024-11-09,마포구,6336
2024-11-09,서대문구,2404
2024-11-09,서초구,3689
2024-11-09,성동구,4309
2024-11-09,성북구,2502
2024-11-09,송파구,12082
2024-11-09,양천구,8407
2024-11-09,영등포구,10112
2024-11-09,용산구,3090
2024-11-09,은평구,3178
2024-11-09,종로구,3985
2024-11-09,중구,2666
2024-11-09,중랑구,3731
2024-11-10,강남구,3606
2024-11-10,강동구,5418
2024-11-10,강북구,1577
2024-11-10,강서구,11633
2024-11-10,관악구,2881
2024-11-10,광진구,5609
2024-11-10,구로구,4469
2024-11-10,금천구,1533
2024-11-10,노원구,7152
2024-11-10,도봉구,2651
2024-11-10,동대문구,3341
2024-11-10,동작구,2268
2024-11-10,마포구,6598
2024-11-10,서대문구,2199
2024-11-10,서초구,3359
2024-11-10,성동구,4085
2024-11-10,성북구,2421
2024-11-10,송파구,11342
2024-11-10,양천구,7465
2024-11-10,영등포구,9539
2024-11-10,용산구,2771
2024-11-10,은평구,2937
2024-11-10,종로구,3414
2024-11-10,중구,2228
2024-11-10,중랑구,3499
2024-11-11,강남구,5219
2024-11-11,강동구,6457
2024-11-11,강북구,1916
2024-11-11,강서구,20134
2024-11-11,관악구,3063
2024-11-11,광진구,6799
2024-11-11,구로구,6676
2024-11-11,금천구,3244
2024-11-11,노원구,8951
2024-11-11,도봉구,3184
2024-11-11,동대문구,4709
2024-11-11,동작구,2631
2024-11-11,마포구,6798
2024-11-11,서대문구,2726
2024-11-11,서초구,4408
2024-11-11,성동구,5597
2024-11-11,성북구,3005
2024-11-11,송파구,13804
2024-11-11,양천구,9613
2024-11-11,영등포구,14074
2024-11-11,용산구,2521
2024-11-11,은평구,3641
2024-11-11,종로구,5504
2024-11-11,중구,3844
2024-11-11,중랑구,4254
2024-11-12,강남구,5208
2024-11-12,강동구,6688
2024-11-12,강북구,1895
2024-11-12,강서구,20372
2024-11-12,관악구,3093
2024-11-12,광진구,6860
2024-11-12,구로구,6810
2024-11-12,금천구,3282
2024-11-12,노원구,9256
2024-11-12,도봉구,3246
2024-11-12,동대문구,4981
2024-11-12,동작구,2684
2024-11-12,마포구,7008
2024-11-12,서대문구,2828
2024-11-12,서초구,4406
2024-11-12,성동구,5910
2024-11-12,성북구,3219
2024-11-12,송파구,14038
2024-11-12,양천구,9747
2024-11-12,영등포구,14404
2024-11-12,용산구,2639
2024-11-12,은평구,3503
2024-11-12,종로구,5352
2024-11-12,중구,3951
2024-11-12,중랑구,4281
2024-11-13,강남구,5284
2024-11-13,강동구,6843
2024-11-13,강북구,2022
2024-11-13,강서구,21252
2024-11-13,관악구,3097
2024-11-13,광진구,7353
2024-11-13,구로구,6916
2024-11-13,금천구,3304
2024-11-13,노원구,9451
2024-11-13,도봉구,3396
2024-11-13,동대문구,5031
2024-11-13,동작구,2838
2024-11-13,마포구,7142
2024-11-13,서대문구,2762
2024-11-13,서초구,4700
2024-11-13,성동구,6011
2024-11-13,성북구,3365
2024-11-13,송파구,14111
2024-11-13,양천구,10416
2024-11-13,영등포구,14513
2024-11-13,용산구,2800
2024-11-13,은평구,3573
2024-11-13,종로구,5476
2024-11-13,중구,4041
2024-11-13,중랑구,4613
2024-11-14,강남구,4356
2024-11-14,강동구,5858
2024-11-14,강북구,1759
2024-11-14,강서구,17968
2024-11-14,관악구,2752
2024-11-14,광진구,6281
2024-11-14,구로구,5774
2024-11-14,금천구,2888
2024-11-14,노원구,7748
2024-11-14,도봉구,2819
2024-11-14,동대문구,4312
2024-11-14,동작구,2229
2024-11-14,마포구,6020
2024-11-14,서대문구,2479
2024-11-14,서초구,3876
2024-11-14,성동구,5243
2024-11-14,성북구,2773
2024-11-14,송파구,11990
2024-11-14,양천구,8503
2024-11-14,영등포구,12287
2024-11-14,용산구,2153
2024-11-14,은평구,3227
2024-11-14,종로구,4622
2024-11-14,중구,3280
2024-11-14,중랑구,3838
2024-11-15,강남구,5081
2024-11-15,강동구,6615
2024-11-15,강북구,2076
2024-11-15,강서구,20502
2024-11-15,관악구,2938
2024-11-15,광진구,7202
2024-11-15,구로구,6394
2024-11-15,금천구,3010
2024-11-15,노원구,9437
2024-11-15,도봉구,3349
2024-11-15,동대문구,4721
2024-11-15,동작구,2643
2024-11-15,마포구,7375
2024-11-15,서대문구,2843
2024-11-15,서초구,4578
2024-11-15,성동구,6005
2024-11-15,성북구,3164
2024-11-15,송파구,13675
2024-11-15,양천구,9805
2024-11-15,영등포구,14330
2024-11-15,용산구,2879
2024-11-15,은평구,3896
2024-11-15,종로구,5293
2024-11-15,중구,3919
2024-11-15,중랑구,4408
2024-11-16,강남구,2552
2024-11-16,강동구,3802
2024-11-16,강북구,1197
2024-11-16,강서구,8776
2024-11-16,관악구,1776
2024-11-16,광진구,3945
2024-11-16,구로구,2967
2024-11-16,금천구,1074
2024-11-16,노원구,5442
2024-11-16,도봉구,1911
2024-11-16,동대문구,2582
2024-11-16,동작구,1601
2024-11-16,마포구,3571
2024-11-16,서대문구,1496
2024-11-16,서초구,2376
2024-11-16,성동구,2805
2024-11-16,성북구,1797
2024-11-16,송파구,7965
2024-11-16,양천구,5414
2024-11-16,영등포구,6403
2024-11-16,용산구,1553
2024-11-16,은평구,1990
2024-11-16,종로구,2216
2024-11-16,중구,1437
2024-11-16,중랑구,2473
2024-11-17,강남구,2322
2024-11-17,강동구,3829
2024-11-17,강북구,1172
2024-11-17,강서구,8133
2024-11-17,관악구,1958
2024-11-17,광진구,3855
2024-11-17,구로구,3074
2024-11-17,금천구,1001
2024-11-17,노원구,5515
2024-11-17,도봉구,1909
2024-11-17,동대문구,2593
2024-11-17,동작구,1425
2024-11-17,마포구,3754
2024-11-17,서대문구,1592
2024-11-17,서초구,2129
2024-11-17,성동구,2557
2024-11-17,성북구,1787
2024-11-17,송파구,7561
2024-11-17,양천구,5224
2024-11-17,영등포구,6362
2024-11-17,용산구,1513
2024-11-17,은평구,2097
2024-11-17,종로구,2183
2024-11-17,중구,1289
2024-11-17,중랑구,2568
2024-11-18,강남구,3480
2024-11-18,강동구,4614
2024-11-18,강북구,1383
2024-11-18,강서구,14926
2024-11-18,관악구,2063
2024-11-18,광진구,4979
2024-11-18,구로구,4909
2024-11-18,금천구,2355
2024-11-18,노원구,6509
2024-11-18,도봉구,2221
2024-11-18,동대문구,3330
2024-11-18,동작구,1749
2024-11-18,마포구,4392
2024-11-18,서대문구,1934
2024-11-18,서초구,3078
2024-11-18,성동구,4047
2024-11-18,성북구,2134
2024-11-18,송파구,9467
2024-11-18,양천구,6800
2024-11-18,영등포구,9827
2024-11-18,용산구,1642
2024-11-18,은평구,2444
2024-11-18,종로구,3839
2024-11-18,중구,2694
2024-11-18,중랑구,3052
2024-11-19,강남구,4189
2024-11-19,강동구,5169
2024-11-19,강북구,1538
2024-11-19,강서구,16713
2024-11-19,관악구,2369
2024-11-19,광진구,5555
2024-11-19,구로구,5409
2024-11-19,금천구,2621
2024-11-19,노원구,7456
2024-11-19,도봉구,2530
2024-11-19,동대문구,3854
2024-11-19,동작구,2017
2024-11-19,마포구,5227
2024-11-19,서대문구,2139
2024-11-19,서초구,3593
2024-11-19,성동구,4666
2024-11-19,성북구,2451
2024-11-19,송파구,10948
2024-11-19,양천구,7707
2024-11-19,영등포구,11104
2024-11-19,용산구,2028
2024-11-19,은평구,2657
2024-11-19,종로구,4312
2024-11-19,중구,3140
2024-11-19,중랑구,3355
2024-11-20,강남구,4076
2024-11-20,강동구,5210
2024-11-20,강북구,1567
2024-11-20,강서구,16986
2024-11-20,관악구,2074
2024-11-20,광진구,5773
2024-11-20,구로구,4796
2024-11-20,금천구,2322
2024-11-20,노원구,7814
2024-11-20,도봉구,2654
2024-11-20,동대문구,3979
2024-11-20,동작구,1865
2024-11-20,마포구,5280
2024-11-20,서대문구,2090
2024-11-20,서초구,3372
2024-11-20,성동구,4653
2024-11-20,성북구,2577
2024-11-20,송파구,10894
2024-11-20,양천구,7324
2024-11-20,영등포구,10583
2024-11-20,용산구,2010
2024-11-20,은평구,2804
2024-11-20,종로구,4595
2024-11-20,중구,3385
2024-11-20,중랑구,3441
2024-11-21,강남구,3838
2024-11-21,강동구,5474
2024-11-21,강북구,1623
2024-11-21,강서구,17391
2024-11-21,관악구,2247
2024-11-21,광진구,5932
2024-11-21,구로구,5096
2024-11-21,금천구,2486
2024-11-21,노원구,8092
2024-11-21,도봉구,2612
2024-11-21,동대문구,4093
2024-11-21,동작구,1950
2024-11-21,마포구,5552
2024-11-21,서대문구,2324
2024-11-21,서초구,3328
2024-11-21,성동구,4851
2024-11-21,성북구,2612
2024-11-21,송파구,10593
2024-11-21,양천구,7627
2024-11-21,영등포구,10974
2024-11-21,용산구,2141
2024-11-21,은평구,2907
2024-11-21,종로구,4700
2024-11-21,중구,3353
2024-11-21,중랑구,3603
2024-11-22,강남구,4175
2024-11-22,강동구,5441
2024-11-22,강북구,1567
2024-11-22,강서구,17025
2024-11-22,관악구,2406
2024-11-22,광진구,5494
2024-11-22,구로구,5460
2024-11-22,금천구,2630
2024-11-22,노원구,7831
2024-11-22,도봉구,2731
2024-11-22,동대문구,4031
2024-11-22,동작구,1998
2024-11-22,마포구,5283
2024-11-22,서대문구,2221
2024-11-22,서초구,3579
2024-11-22,성동구,4686
2024-11-22,성북구,2457
2024-11-22,송파구,11010
2024-11-22,양천구,8102
2024-11-22,영등포구,11188
2024-11-22,용산구,2145
2024-11-22,은평구,2829
2024-11-22,종로구,4535
2024-11-22,중구,3125
2024-11-22,중랑구,3456
2024-11-23,강남구,2960
2024-11-23,강동구,4221
2024-11-23,강북구,1368
2024-11-23,강서구,10890
2024-11-23,관악구,2196
2024-11-23,광진구,4482
2024-11-23,구로구,3767
2024-11-23,금천구,1420
2024-11-23,노원구,6351
2024-11-23,도봉구,2212
2024-11-23,동대문구,2952
2024-11-23,동작구,1829
2024-11-23,마포구,4339
2024-11-23,서대문구,1763
2024-11-23,서초구,2677
2024-11-23,성동구,3254
2024-11-23,성북구,1926
2024-11-23,송파구,8838
2024-11-23,양천구,6506
2024-11-23,영등포구,7682
2024-11-23,용산구,1882
2024-11-23,은평구,2484
2024-11-23,종로구,2721
2024-11-23,중구,1926
2024-11-23,중랑구,2933
2024-11-24,강남구,2700
2024-11-24,강동구,3785
2024-11-24,강북구,1252
2024-11-24,강서구,9223
2024-11-24,관악구,1998
2024-11-24,광진구,4148
2024-11-24,구로구,3452
2024-11-24,금천구,1170
2024-11-24,노원구,5775
2024-11-24,도봉구,1881
2024-11-24,동대문구,2688
2024-11-24,동작구,1643
2024-11-24,마포구,4256
2024-11-24,서대문구,1683
2024-11-24,서초구,2410
2024-11-24,성동구,2980
2024-11-24,성북구,1830
2024-11-24,송파구,8215
2024-11-24,양천구,5916
2024-11-24,영등포구,6755
2024-11-24,용산구,1849
2024-11-24,은평구,2159
2024-11-24,종로구,2599
2024-11-24,중구,1734
2024-11-24,중랑구,2504
2024-11-25,강남구,4356
2024-11-25,강동구,5309
2024-11-25,강북구,1656
2024-11-25,강서구,17483
2024-11-25,관악구,2501
2024-11-25,광진구,5539
2024-11-25,구로구,5612
2024-11-25,금천구,2725
2024-11-25,노원구,7959
2024-11-25,도봉구,2710
2024-11-25,동대문구,3986
2024-11-25,동작구,2169
2024-11-25,마포구,5543
2024-11-25,서대문구,2252
2024-11-25,서초구,3562
2024-11-25,성동구,4886
2024-11-25,성북구,2602
2024-11-25,송파구,11083
2024-11-25,양천구,8168
2024-11-25,영등포구,11873
2024-11-25,용산구,2131
2024-11-25,은평구,2874
2024-11-25,종로구,4572
2024-11-25,중구,3374
2024-11-25,중랑구,3528
2024-11-26,강남구,1050
2024-11-26,강동구,1338
2024-11-26,강북구,363
2024-11-26,강서구,5435
2024-11-26,관악구,646
2024-11-26,광진구,1686
2024-11-26,구로구,1594
2024-11-26,금천구,744
2024-11-26,노원구,2043
2024-11-26,도봉구,667
2024-11-26,동대문구,1087
2024-11-26,동작구,498
2024-11-26,마포구,1482
2024-11-26,서대문구,601
2024-11-26,서초구,871
2024-11-26,성동구,1316
2024-11-26,성북구,740
2024-11-26,송파구,2618
2024-11-26,양천구,2280
2024-11-26,영등포구,3379
2024-11-26,용산구,520
2024-11-26,은평구,689
2024-11-26,종로구,1299
2024-11-26,중구,934
2024-11-26,중랑구,900
2024-11-27,강남구,557
2024-11-27,강동구,758
2024-11-27,강북구,285
2024-11-27,강서구,2424
2024-11-27,관악구,261
2024-11-27,광진구,1115
2024-11-27,구로구,826
2024-11-27,금천구,367
2024-11-27,노원구,1856
2024-11-27,도봉구,664
2024-11-27,동대문구,752
2024-11-27,동작구,222
2024-11-27,마포구,737
2024-11-27,서대문구,323
2024-11-27,서초구,426
2024-11-27,성동구,912
2024-11-27,성북구,480
2024-11-27,송파구,1484
2024-11-27,양천구,1497
2024-11-27,영등포구,2060
2024-11-27,용산구,300
2024-11-27,은평구,401
2024-11-27,종로구,645
2024-11-27,중구,465
2024-11-27,중랑구,723
2024-11-28,강남구,949
2024-11-28,강동구,1846
2024-11-28,강북구,672
2024-11-28,강서구,5372
2024-11-28,관악구,557
2024-11-28,광진구,2321
2024-11-28,구로구,1448
2024-11-28,금천구,547
2024-11-28,노원구,3575
2024-11-28,도봉구,1338
2024-11-28,동대문구,1649
2024-11-28,동작구,462
2024-11-28,마포구,1807
2024-11-28,서대문구,719
2024-11-28,서초구,749
2024-11-28,성동구,1776
2024-11-28,성북구,1021
2024-11-28,송파구,2906
2024-11-28,양천구,2792
2024-11-28,영등포구,3720
2024-11-28,용산구,671
2024-11-28,은평구,1130
2024-11-28,종로구,1553
2024-11-28,중구,1149
2024-11-28,중랑구,1497
2024-11-29,강남구,1975
2024-11-29,강동구,3138
2024-11-29,강북구,947
2024-11-29,강서구,10112
2024-11-29,관악구,1175
2024-11-29,광진구,3609
2024-11-29,구로구,2951
2024-11-29,금천구,1184
2024-11-29,노원구,5076
2024-11-29,도봉구,1711
2024-11-29,동대문구,2425
2024-11-29,동작구,1019
2024-11-29,마포구,3098
2024-11-29,서대문구,1299
2024-11-29,서초구,1504
2024-11-29,성동구,2791
2024-11-29,성북구,1545
2024-11-29,송파구,5467
2024-11-29,양천구,4933
2024-11-29,영등포구,7001
2024-11-29,용산구,1246
2024-11-29,은평구,1684
2024-11-29,종로구,2666
2024-11-29,중구,1882
2024-11-29,중랑구,2193
2024-11-30,강남구,1634
2024-11-30,강동구,2618
2024-11-30,강북구,806
2024-11-30,강서구,7070
2024-11-30,관악구,1290
2024-11-30,광진구,2664
2024-11-30,구로구,2295
2024-11-30,금천구,851
2024-11-30,노원구,3823
2024-11-30,도봉구,1388
2024-11-30,동대문구,1804
2024-11-30,동작구,996
2024-11-30,마포구,2556
2024-11-30,서대문구,974
2024-11-30,서초구,1509
2024-11-30,성동구,2017
2024-11-30,성북구,1221
2024-11-30,송파구,4880
2024-11-30,양천구,4206
2024-11-30,영등포구,4885
2024-11-30,용산구,1101
2024-11-30,은평구,1398
2024-11-30,종로구,1680
2024-11-30,중구,1093
2024-11-30,중랑구,1736
2024-12-01,강남구,1659
2024-12-01,강동구,2700
2024-12-01,강북구,878
2024-12-01,강서구,6660
2024-12-01,관악구,1325
2024-12-01,광진구,2746
2024-12-01,구로구,2374
2024-12-01,금천구,767
2024-12-01,노원구,4078
2024-12-01,도봉구,1399
2024-12-01,동대문구,1854
2024-12-01,동작구,1025
2024-12-01,마포구,2589
2024-12-01,서대문구,1085
2024-12-01,서초구,1532
2024-12-01,성동구,2021
2024-12-01,성북구,1316
2024-12-01,송파구,5230
2024-12-01,양천구,4427
2024-12-01,영등포구,4923
2024-12-01,용산구,1166
2024-12-01,은평구,1458
2024-12-01,종로구,1664
2024-12-01,중구,1091
2024-12-01,중랑구,1807
2024-12-02,강남구,3131
2024-12-02,강동구,4101
2024-12-02,강북구,1180
2024-12-02,강서구,13746
2024-12-02,관악구,1830
2024-12-02,광진구,4327
2024-12-02,구로구,4354
2024-12-02,금천구,2063
2024-12-02,노원구,6074
2024-12-02,도봉구,2117
2024-12-02,동대문구,2955
2024-12-02,동작구,1542
2024-12-02,마포구,4170
2024-12-02,서대문구,1733
2024-12-02,서초구,2722
2024-12-02,성동구,3760
2024-12-02,성북구,2104
2024-12-02,송파구,8473
2024-12-02,양천구,6365
2024-12-02,영등포구,9199
2024-12-02,용산구,1579
2024-12-02,은평구,2287
2024-12-02,종로구,3634
2024-12-02,중구,2716
2024-12-02,중랑구,2655
2024-12-03,강남구,2845
2024-12-03,강동구,3912
2024-12-03,강북구,1139
2024-12-03,강서구,13217
2024-12-03,관악구,1732
2024-12-03,광진구,4345
2024-12-03,구로구,4089
2024-12-03,금천구,2040
2024-12-03,노원구,5955
2024-12-03,도봉구,1939
2024-12-03,동대문구,2998
2024-12-03,동작구,1475
2024-12-03,마포구,3861
2024-12-03,서대문구,1642
2024-12-03,서초구,2489
2024-12-03,성동구,3479
2024-12-03,성북구,1969
2024-12-03,송파구,7847
2024-12-03,양천구,5837
2024-12-03,영등포구,8629
2024-12-03,용산구,1519
2024-12-03,은평구,2079
2024-12-03,종로구,3285
2024-12-03,중구,2339
2024-12-03,중랑구,2598
2024-12-04,강남구,2890
2024-12-04,강동구,4061
2024-12-04,강북구,1219
2024-12-04,강서구,13669
2024-12-04,관악구,1895
2024-12-04,광진구,4445
2024-12-04,구로구,4189
2024-12-04,금천구,1988
2024-12-04,노원구,5952
2024-12-04,도봉구,2015
2024-12-04,동대문구,2992
2024-12-04,동작구,1528
2024-12-04,마포구,3949
2024-12-04,서대문구,1704
2024-12-04,서초구,2444
2024-12-04,성동구,3529
2024-12-04,성북구,2046
2024-12-04,송파구,8096
2024-12-04,양천구,6251
2024-12-04,영등포구,9035
2024-12-04,용산구,1520
2024-12-04,은평구,2087
2024-12-04,종로구,3363
2024-12-04,중구,2479
2024-12-04,중랑구,2555
2024-12-05,강남구,2582
2024-12-05,강동구,3358
2024-12-05,강북구,1039
2024-12-05,강서구,11593
2024-12-05,관악구,1577
2024-12-05,광진구,3749
2024-12-05,구로구,3635
2024-12-05,금천구,1775
2024-12-05,노원구,5413
2024-12-05,도봉구,1846
2024-12-05,동대문구,2571
2024-12-05,동작구,1309
2024-12-05,마포구,3292
2024-12-05,서대문구,1570
2024-12-05,서초구,2195
2024-12-05,성동구,3049
2024-12-05,성북구,1754
2024-12-05,송파구,6908
2024-12-05,양천구,5104
2024-12-05,영등포구,7435
2024-12-05,용산구,1253
2024-12-05,은평구,1940
2024-12-05,종로구,2932
2024-12-05,중구,2145
2024-12-05,중랑구,2283
2024-12-06,강남구,2805
2024-12-06,강동구,3919
2024-12-06,강북구,1167
2024-12-06,강서구,12558
2024-12-06,관악구,1644
2024-12-06,광진구,3766
2024-12-06,구로구,4169
2024-12-06,금천구,2005
2024-12-06,노원구,5855
2024-12-06,도봉구,1954
2024-12-06,동대문구,2877
2024-12-06,동작구,1392
2024-12-06,마포구,3749
2024-12-06,서대문구,1636
2024-12-06,서초구,2455
2024-12-06,성동구,3448
2024-12-06,성북구,1928
2024-12-06,송파구,7821
2024-12-06,양천구,6031
2024-12-06,영등포구,8581
2024-12-06,용산구,1423
2024-12-06,은평구,1974
2024-12-06,종로구,3361
2024-12-06,중구,2421
2024-12-06,중랑구,2405
2024-12-07,강남구,1694
2024-12-07,강동구,2830
2024-12-07,강북구,911
2024-12-07,강서구,7580
2024-12-07,관악구,1464
2024-12-07,광진구,2775
2024-12-07,구로구,2727
2024-12-07,금천구,960
2024-12-07,노원구,4264
2024-12-07,도봉구,1423
2024-12-07,동대문구,1952
2024-12-07,동작구,1805
2024-12-07,마포구,3183
2024-12-07,서대문구,1273
2024-12-07,서초구,1806
2024-12-07,성동구,1959
2024-12-07,성북구,1368
2024-12-07,송파구,5348
2024-12-07,양천구,4557
2024-12-07,영등포구,8027
2024-12-07,용산구,1133
2024-12-07,은평구,1574
2024-12-07,종로구,1751
2024-12-07,중구,1071
2024-12-07,중랑구,1987
2024-12-08,강남구,1420
2024-12-08,강동구,2197
2024-12-08,강북구,847
2024-12-08,강서구,5745
2024-12-08,관악구,1091
2024-12-08,광진구,2363
2024-12-08,구로구,2158
2024-12-08,금천구,665
2024-12-08,노원구,3606
2024-12-08,도봉구,1272
2024-12-08,동대문구,1608
2024-12-08,동작구,899
2024-12-08,마포구,2211
2024-12-08,서대문구,892
2024-12-08,서초구,1264
2024-12-08,성동구,1633
2024-12-08,성북구,1189
2024-12-08,송파구,4364
2024-12-08,양천구,3630
2024-12-08,영등포구,4321
2024-12-08,용산구,918
2024-12-08,은평구,1281
2024-12-08,종로구,1373
2024-12-08,중구,904
2024-12-08,중랑구,1532
2024-12-09,강남구,2641
2024-12-09,강동구,3498
2024-12-09,강북구,1113
2024-12-09,강서구,12614
2024-12-09,관악구,1641
2024-12-09,광진구,4035
2024-12-09,구로구,3808
2024-12-09,금천구,1948
2024-12-09,노원구,5479
2024-12-09,도봉구,1802
2024-12-09,동대문구,2834
2024-12-09,동작구,1432
2024-12-09,마포구,3758
2024-12-09,서대문구,1387
2024-12-09,서초구,2295
2024-12-09,성동구,3235
2024-12-09,성북구,1834
2024-12-09,송파구,7672
2024-12-09,양천구,5642
2024-12-09,영등포구,8317
2024-12-09,용산구,1393
2024-12-09,은평구,1950
2024-12-09,종로구,3148
2024-12-09,중구,2334
2024-12-09,중랑구,2362
2024-12-10,강남구,2717
2024-12-10,강동구,3841
2024-12-10,강북구,1165
2024-12-10,강서구,13347
2024-12-10,관악구,1748
2024-12-10,광진구,4377
2024-12-10,구로구,4176
2024-12-10,금천구,2078
2024-12-10,노원구,5895
2024-12-10,도봉구,1806
2024-12-10,동대문구,3029
2024-12-10,동작구,1421
2024-12-10,마포구,3914
2024-12-10,서대문구,1589
2024-12-10,서초구,2440
2024-12-10,성동구,3606
2024-12-10,성북구,1915
2024-12-10,송파구,8116
2024-12-10,양천구,5883
2024-12-10,영등포구,8850
2024-12-10,용산구,1479
2024-12-10,은평구,2077
2024-12-10,종로구,3265
2024-12-10,중구,2483
2024-12-10,중랑구,2648
2024-12-11,강남구,2924
2024-12-11,강동구,4024
2024-12-11,강북구,1242
2024-12-11,강서구,13356
2024-12-11,관악구,1883
2024-12-11,광진구,4580
2024-12-11,구로구,4212
2024-12-11,금천구,2071
2024-12-11,노원구,6145
2024-12-11,도봉구,1954
2024-12-11,동대문구,3081
2024-12-11,동작구,1592
2024-12-11,마포구,4077
2024-12-11,서대문구,1715
2024-12-11,서초구,2519
2024-12-11,성동구,3603
2024-12-11,성북구,2029
2024-12-11,송파구,8407
2024-12-11,양천구,6221
2024-12-11,영등포구,8915
2024-12-11,용산구,1550
2024-12-11,은평구,2254
2024-12-11,종로구,3417
2024-12-11,중구,2542
2024-12-11,중랑구,2712
2024-12-12,강남구,2708
2024-12-12,강동구,3912
2024-12-12,강북구,1144
2024-12-12,강서구,12709
2024-12-12,관악구,1658
2024-12-12,광진구,4249
2024-12-12,구로구,3878
2024-12-12,금천구,1903
2024-12-12,노원구,5792
2024-12-12,도봉구,1844
2024-12-12,동대문구,2808
2024-12-12,동작구,1381
2024-12-12,마포구,3760
2024-12-12,서대문구,1592
2024-12-12,서초구,2239
2024-12-12,성동구,3467
2024-12-12,성북구,1817
2024-12-12,송파구,7972
2024-12-12,양천구,5761
2024-12-12,영등포구,8419
2024-12-12,용산구,1489
2024-12-12,은평구,2019
2024-12-12,종로구,3172
2024-12-12,중구,2334
2024-12-12,중랑구,2488
2024-12-13,강남구,2727
2024-12-13,강동구,3790
2024-12-13,강북구,1161
2024-12-13,강서구,12403
2024-12-13,관악구,1717
2024-12-13,광진구,3988
2024-12-13,구로구,3793
2024-12-13,금천구,1797
2024-12-13,노원구,5568
2024-12-13,도봉구,1782
2024-12-13,동대문구,2781
2024-12-13,동작구,1386
2024-12-13,마포구,3605
2024-12-13,서대문구,1565
2024-12-13,서초구,2346
2024-12-13,성동구,3257
2024-12-13,성북구,1697
2024-12-13,송파구,7616
2024-12-13,양천구,5800
2024-12-13,영등포구,8382
2024-12-13,용산구,1397
2024-12-13,은평구,1980
2024-12-13,종로구,2963
2024-12-13,중구,2181
2024-12-13,중랑구,2476
2024-12-14,강남구,1662
2024-12-14,강동구,2688
2024-12-14,강북구,895
2024-12-14,강서구,7316
2024-12-14,관악구,1313
2024-12-14,광진구,2812
2024-12-14,구로구,2559
2024-12-14,금천구,923
2024-12-14,노원구,3997
2024-12-14,도봉구,1333
2024-12-14,동대문구,1932
2024-12-14,동작구,1546
2024-12-14,마포구,3313
2024-12-14,서대문구,1059
2024-12-14,서초구,1672
2024-12-14,성동구,1866
2024-12-14,성북구,1276
2024-12-14,송파구,5076
2024-12-14,양천구,4216
2024-12-14,영등포구,8878
2024-12-14,용산구,1109
2024-12-14,은평구,1527
2024-12-14,종로구,1597
2024-12-14,중구,1093
2024-12-14,중랑구,1776
2024-12-15,강남구,1507
2024-12-15,강동구,2334
2024-12-15,강북구,799
2024-12-15,강서구,5787
2024-12-15,관악구,1279
2024-12-15,광진구,2591
2024-12-15,구로구,2107
2024-12-15,금천구,674
2024-12-15,노원구,3688
2024-12-15,도봉구,1156
2024-12-15,동대문구,1690
2024-12-15,동작구,980
2024-12-15,마포구,2387
2024-12-15,서대문구,1042
2024-12-15,서초구,1281
2024-12-15,성동구,1581
2024-12-15,성북구,1092
2024-12-15,송파구,4425
2024-12-15,양천구,3579
2024-12-15,영등포구,4191
2024-12-15,용산구,1004
2024-12-15,은평구,1273
2024-12-15,종로구,1391
2024-12-15,중구,991
2024-12-15,중랑구,1648
2024-12-16,강남구,2149
2024-12-16,강동구,2874
2024-12-16,강북구,1012
2024-12-16,강서구,11323
2024-12-16,관악구,1379
2024-12-16,광진구,3487
2024-12-16,구로구,3346
2024-12-16,금천구,1531
2024-12-16,노원구,4677
2024-12-16,도봉구,1433
2024-12-16,동대문구,2488
2024-12-16,동작구,1110
2024-12-16,마포구,3268
2024-12-16,서대문구,1377
2024-12-16,서초구,1856
2024-12-16,성동구,3015
2024-12-16,성북구,1574
2024-12-16,송파구,6115
2024-12-16,양천구,5260
2024-12-16,영등포구,7612
2024-12-16,용산구,1198
2024-12-16,은평구,1664
2024-12-16,종로구,2791
2024-12-16,중구,2028
2024-12-16,중랑구,2155
2024-12-17,강남구,2388
2024-12-17,강동구,3245
2024-12-17,강북구,1128
2024-12-17,강서구,11912
2024-12-17,관악구,1487
2024-12-17,광진구,3731
2024-12-17,구로구,3645
2024-12-17,금천구,1746
2024-12-17,노원구,5133
2024-12-17,도봉구,1562
2024-12-17,동대문구,2559
2024-12-17,동작구,1273
2024-12-17,마포구,3463
2024-12-17,서대문구,1394
2024-12-17,서초구,2202
2024-12-17,성동구,3149
2024-12-17,성북구,1685
2024-12-17,송파구,6859
2024-12-17,양천구,5339
2024-12-17,영등포구,7728
2024-12-17,용산구,1272
2024-12-17,은평구,1815
2024-12-17,종로구,3030
2024-12-17,중구,2068
2024-12-17,중랑구,2270
2024-12-18,강남구,2181
2024-12-18,강동구,3036
2024-12-18,강북구,944
2024-12-18,강서구,10720
2024-12-18,관악구,1389
2024-12-18,광진구,3517
2024-12-18,구로구,3277
2024-12-18,금천구,1681
2024-12-18,노원구,4886
2024-12-18,도봉구,1544
2024-12-18,동대문구,2499
2024-12-18,동작구,1111
2024-12-18,마포구,3062
2024-12-18,서대문구,1285
2024-12-18,서초구,2033
2024-12-18,성동구,2799
2024-12-18,성북구,1559
2024-12-18,송파구,6377
2024-12-18,양천구,4693
2024-12-18,영등포구,6908
2024-12-18,용산구,1130
2024-12-18,은평구,1614
2024-12-18,종로구,2655
2024-12-18,중구,1967
2024-12-18,중랑구,2072
2024-12-19,강남구,2387
2024-12-19,강동구,3229
2024-12-19,강북구,1051
2024-12-19,강서구,11150
2024-12-19,관악구,1434
2024-12-19,광진구,3499
2024-12-19,구로구,3359
2024-12-19,금천구,1679
2024-12-19,노원구,4883
2024-12-19,도봉구,1591
2024-12-19,동대문구,2523
2024-12-19,동작구,1150
2024-12-19,마포구,3271
2024-12-19,서대문구,1334
2024-12-19,서초구,2151
2024-12-19,성동구,3035
2024-12-19,성북구,1569
2024-12-19,송파구,6768
2024-12-19,양천구,5022
2024-12-19,영등포구,7200
2024-12-19,용산구,1152
2024-12-19,은평구,1678
2024-12-19,종로구,2802
2024-12-19,중구,2007
2024-12-19,중랑구,2187
2024-12-20,강남구,2300
2024-12-20,강동구,3342
2024-12-20,강북구,987
2024-12-20,강서구,11259
2024-12-20,관악구,1428
2024-12-20,광진구,3602
2024-12-20,구로구,3455
2024-12-20,금천구,1650
2024-12-20,노원구,5094
2024-12-20,도봉구,1636
2024-12-20,동대문구,2551
2024-12-20,동작구,1239
2024-12-20,마포구,3377
2024-12-20,서대문구,1333
2024-12-20,서초구,2051
2024-12-20,성동구,3014
2024-12-20,성북구,1562
2024-12-20,송파구,6631
2024-12-20,양천구,5041
2024-12-20,영등포구,7370
2024-12-20,용산구,1195
2024-12-20,은평구,1756
2024-12-20,종로구,2911
2024-12-20,중구,1964
2024-12-20,중랑구,2191
2024-12-21,강남구,1046
2024-12-21,강동구,1682
2024-12-21,강북구,592
2024-12-21,강서구,4962
2024-12-21,관악구,804
2024-12-21,광진구,1806
2024-12-21,구로구,1623
2024-12-21,금천구,621
2024-12-21,노원구,2894
2024-12-21,도봉구,955
2024-12-21,동대문구,1298
2024-12-21,동작구,681
2024-12-21,마포구,1706
2024-12-21,서대문구,703
2024-12-21,서초구,1020
2024-12-21,성동구,1237
2024-12-21,성북구,792
2024-12-21,송파구,3132
2024-12-21,양천구,3000
2024-12-21,영등포구,3369
2024-12-21,용산구,651
2024-12-21,은평구,1029
2024-12-21,종로구,1267
2024-12-21,중구,784
2024-12-21,중랑구,1159
2024-12-22,강남구,960
2024-12-22,강동구,1699
2024-12-22,강북구,652
2024-12-22,강서구,4656
2024-12-22,관악구,883
2024-12-22,광진구,1891
2024-12-22,구로구,1596
2024-12-22,금천구,547
2024-12-22,노원구,2674
2024-12-22,도봉구,897
2024-12-22,동대문구,1298
2024-12-22,동작구,670
2024-12-22,마포구,1741
2024-12-22,서대문구,771
2024-12-22,서초구,955
2024-12-22,성동구,1272
2024-12-22,성북구,805
2024-12-22,송파구,3089
2024-12-22,양천구,2760
2024-12-22,영등포구,3167
2024-12-22,용산구,663
2024-12-22,은평구,888
2024-12-22,종로구,1020
2024-12-22,중구,722
2024-12-22,중랑구,1192
2024-12-23,강남구,2265
2024-12-23,강동구,2943
2024-12-23,강북구,920
2024-12-23,강서구,10513
2024-12-23,관악구,1461
2024-12-23,광진구,3250
2024-12-23,구로구,3357
2024-12-23,금천구,1662
2024-12-23,노원구,4557
2024-12-23,도봉구,1424
2024-12-23,동대문구,2375
2024-12-23,동작구,1237
2024-12-23,마포구,3213
2024-12-23,서대문구,1278
2024-12-23,서초구,2027
2024-12-23,성동구,2840
2024-12-23,성북구,1453
2024-12-23,송파구,6207
2024-12-23,양천구,5073
2024-12-23,영등포구,7283
2024-12-23,용산구,1179
2024-12-23,은평구,1590
2024-12-23,종로구,2720
2024-12-23,중구,1987
2024-12-23,중랑구,2061
2024-12-24,강남구,2229
2024-12-24,강동구,3142
2024-12-24,강북구,1008
2024-12-24,강서구,10874
2024-12-24,관악구,1441
2024-12-24,광진구,3330
2024-12-24,구로구,3406
2024-12-24,금천구,1617
2024-12-24,노원구,4668
2024-12-24,도봉구,1522
2024-12-24,동대문구,2303
2024-12-24,동작구,1154
2024-12-24,마포구,3269
2024-12-24,서대문구,1390
2024-12-24,서초구,2013
2024-12-24,성동구,2912
2024-12-24,성북구,1457
2024-12-24,송파구,6542
2024-12-24,양천구,5162
2024-12-24,영등포구,7372
2024-12-24,용산구,1165
2024-12-24,은평구,1678
2024-12-24,종로구,2791
2024-12-24,중구,2000
2024-12-24,중랑구,2111
2024-12-25,강남구,1240
2024-12-25,강동구,1953
2024-12-25,강북구,724
2024-12-25,강서구,5349
2024-12-25,관악구,1072
2024-12-25,광진구,2043
2024-12-25,구로구,1835
2024-12-25,금천구,617
2024-12-25,노원구,3225
2024-12-25,도봉구,1077
2024-12-25,동대문구,1337
2024-12-25,동작구,802
2024-12-25,마포구,2010
2024-12-25,서대문구,874
2024-12-25,서초구,1014
2024-12-25,성동구,1457
2024-12-25,성북구,1050
2024-12-25,송파구,4206
2024-12-25,양천구,3015
2024-12-25,영등포구,3979
2024-12-25,용산구,849
2024-12-25,은평구,1075
2024-12-25,종로구,1379
2024-12-25,중구,973
2024-12-25,중랑구,1439
2024-12-26,강남구,1913
2024-12-26,강동구,2744
2024-12-26,강북구,899
2024-12-26,강서구,9528
2024-12-26,관악구,1222
2024-12-26,광진구,3069
2024-12-26,구로구,2924
2024-12-26,금천구,1396
2024-12-26,노원구,4357
2024-12-26,도봉구,1405
2024-12-26,동대문구,2201
2024-12-26,동작구,1037
2024-12-26,마포구,2860
2024-12-26,서대문구,1273
2024-12-26,서초구,1718
2024-12-26,성동구,2649
2024-12-26,성북구,1497
2024-12-26,송파구,5592
2024-12-26,양천구,4433
2024-12-26,영등포구,6485
2024-12-26,용산구,988
2024-12-26,은평구,1548
2024-12-26,종로구,2469
2024-12-26,중구,1780
2024-12-26,중랑구,2066
2024-12-27,강남구,1843
2024-12-27,강동구,2775
2024-12-27,강북구,914
2024-12-27,강서구,9409
2024-12-27,관악구,1257
2024-12-27,광진구,3088
2024-12-27,구로구,3071
2024-12-27,금천구,1421
2024-12-27,노원구,4308
2024-12-27,도봉구,1397
2024-12-27,동대문구,2073
2024-12-27,동작구,993
2024-12-27,마포구,2869
2024-12-27,서대문구,1260
2024-12-27,서초구,1836
2024-12-27,성동구,2464
2024-12-27,성북구,1357
2024-12-27,송파구,5809
2024-12-27,양천구,4501
2024-12-27,영등포구,6230
2024-12-27,용산구,964
2024-12-27,은평구,1463
2024-12-27,종로구,2406
2024-12-27,중구,1617
2024-12-27,중랑구,1915
2024-12-28,강남구,1205
2024-12-28,강동구,2051
2024-12-28,강북구,667
2024-12-28,강서구,5682
2024-12-28,관악구,1037
2024-12-28,광진구,2069
2024-12-28,구로구,1950
2024-12-28,금천구,727
2024-12-28,노원구,3239
2024-12-28,도봉구,1081
2024-12-28,동대문구,1402
2024-12-28,동작구,792
2024-12-28,마포구,1951
2024-12-28,서대문구,906
2024-12-28,서초구,1169
2024-12-28,성동구,1391
2024-12-28,성북구,970
2024-12-28,송파구,3948
2024-12-28,양천구,3411
2024-12-28,영등포구,3724
2024-12-28,용산구,722
2024-12-28,은평구,1133
2024-12-28,종로구,1532
2024-12-28,중구,870
2024-12-28,중랑구,1353
2024-12-29,강남구,1203
2024-12-29,강동구,2069
2024-12-29,강북구,663
2024-12-29,강서구,5096
2024-12-29,관악구,1044
2024-12-29,광진구,2004
2024-12-29,구로구,1858
2024-12-29,금천구,598
2024-12-29,노원구,3161
2024-12-29,도봉구,998
2024-12-29,동대문구,1419
2024-12-29,동작구,724
2024-12-29,마포구,1994
2024-12-29,서대문구,843
2024-12-29,서초구,1127
2024-12-29,성동구,1392
2024-12-29,성북구,1006
2024-12-29,송파구,3789
2024-12-29,양천구,3122
2024-12-29,영등포구,3471
2024-12-29,용산구,832
2024-12-29,은평구,1081
2024-12-29,종로구,1222
2024-12-29,중구,844
2024-12-29,중랑구,1397
2024-12-30,강남구,2448
2024-12-30,강동구,3358
2024-12-30,강북구,1040
2024-12-30,강서구,10276
2024-12-30,관악구,1552
2024-12-30,광진구,3633
2024-12-30,구로구,3528
2024-12-30,금천구,1546
2024-12-30,노원구,4816
2024-12-30,도봉구,1604
2024-12-30,동대문구,2360
2024-12-30,동작구,1347
2024-12-30,마포구,3416
2024-12-30,서대문구,1391
2024-12-30,서초구,2053
2024-12-30,성동구,2994
2024-12-30,성북구,1551
2024-12-30,송파구,6856
2024-12-30,양천구,5242
2024-12-30,영등포구,7240
2024-12-30,용산구,1182
2024-12-30,은평구,1829
2024-12-30,종로구,2632
2024-12-30,중구,2072
2024-12-30,중랑구,2255
2024-12-31,강남구,2112
2024-12-31,강동구,2948
2024-12-31,강북구,998
2024-12-31,강서구,9568
2024-12-31,관악구,1413
2024-12-31,광진구,3324
2024-12-31,구로구,3254
2024-12-31,금천구,1421
2024-12-31,노원구,4645
2024-12-31,도봉구,1489
2024-12-31,동대문구,2309
2024-12-31,동작구,1187
2024-12-31,마포구,2991
2024-12-31,서대문구,1306
2024-12-31,서초구,1843
2024-12-31,성동구,2577
2024-12-31,성북구,1467
2024-12-31,송파구,6193
2024-12-31,양천구,4944
2024-12-31,영등포구,6807
2024-12-31,용산구,1083
2024-12-31,은평구,1718
2024-12-31,종로구,2314
2024-12-31,중구,1823
2024-12-31,중랑구,2045
