일자,자치구,총사용수,type
2024-01-01,강남구,1319,Bike
2024-01-01,강동구,1855,Bike
2024-01-01,강북구,731,Bike
2024-01-01,강서구,5668,Bike
2024-01-01,관악구,1438,Bike
2024-01-01,광진구,2295,Bike
2024-01-01,구로구,1954,Bike
2024-01-01,금천구,644,Bike
2024-01-01,노원구,2692,Bike
2024-01-01,도봉구,1093,Bike
2024-01-01,동대문구,1516,Bike
2024-01-01,동작구,1082,Bike
2024-01-01,마포구,2659,Bike
2024-01-01,서대문구,1063,Bike
2024-01-01,서초구,1210,Bike
2024-01-01,성동구,1595,Bike
2024-01-01,성북구,1024,Bike
2024-01-01,송파구,4092,Bike
2024-01-01,양천구,3467,Bike
2024-01-01,영등포구,4022,Bike
2024-01-01,용산구,1090,Bike
2024-01-01,은평구,1429,Bike
2024-01-01,종로구,1565,Bike
2024-01-01,중구,1062,Bike
2024-01-01,중랑구,1394,Bike
2024-01-02,강남구,2694,Bike
2024-01-02,강동구,3408,Bike
2024-01-02,강북구,1197,Bike
2024-01-02,강서구,11837,Bike
2024-01-02,관악구,2000,Bike
2024-01-02,광진구,3912,Bike
2024-01-02,구로구,3702,Bike
2024-01-02,금천구,1933,Bike
2024-01-02,노원구,4906,Bike
2024-01-02,도봉구,1880,Bike
2024-01-02,동대문구,2858,Bike
2024-01-02,동작구,1664,Bike
2024-01-02,마포구,3859,Bike
2024-01-02,서대문구,1668,Bike
2024-01-02,서초구,2455,Bike
2024-01-02,성동구,3489,Bike
2024-01-02,성북구,1933,Bike
2024-01-02,송파구,7586,Bike
2024-01-02,양천구,5753,Bike
2024-01-02,영등포구,8213,Bike
2024-01-02,용산구,1551,Bike
2024-01-02,은평구,2031,Bike
2024-01-02,종로구,2982,Bike
2024-01-02,중구,2120,Bike
2024-01-02,중랑구,2335,Bike
2024-01-03,강남구,2031,Bike
2024-01-03,강동구,2824,Bike
2024-01-03,강북구,975,Bike
2024-01-03,강서구,10732,Bike
2024-01-03,관악구,1529,Bike
2024-01-03,광진구,3403,Bike
2024-01-03,구로구,3050,Bike
2024-01-03,금천구,1363,Bike
2024-01-03,노원구,4209,Bike
2024-01-03,도봉구,1466,Bike
2024-01-03,동대문구,2443,Bike
2024-01-03,동작구,1286,Bike
2024-01-03,마포구,3231,Bike
2024-01-03,서대문구,1452,Bike
2024-01-03,서초구,2011,Bike
2024-01-03,성동구,2931,Bike
2024-01-03,성북구,1639,Bike
2024-01-03,송파구,5557,Bike
2024-01-03,양천구,4808,Bike
2024-01-03,영등포구,6497,Bike
2024-01-03,용산구,1258,Bike
2024-01-03,은평구,1661,Bike
2024-01-03,종로구,2683,Bike
2024-01-03,중구,1865,Bike
2024-01-03,중랑구,2064,Bike
2024-01-04,강남구,2795,Bike
2024-01-04,강동구,3690,Bike
2024-01-04,강북구,1222,Bike
2024-01-04,강서구,12613,Bike
2024-01-04,관악구,2012,Bike
2024-01-04,광진구,4107,Bike
2024-01-04,구로구,3861,Bike
2024-01-04,금천구,1909,Bike
2024-01-04,노원구,5067,Bike
2024-01-04,도봉구,1872,Bike
2024-01-04,동대문구,3132,Bike
2024-01-04,동작구,1656,Bike
2024-01-04,마포구,3953,Bike
2024-01-04,서대문구,1761,Bike
2024-01-04,서초구,2580,Bike
2024-01-04,성동구,3575,Bike
2024-01-04,성북구,2128,Bike
2024-01-04,송파구,7712,Bike
2024-01-04,양천구,5808,Bike
2024-01-04,영등포구,8076,Bike
2024-01-04,용산구,1627,Bike
2024-01-04,은평구,2116,Bike
2024-01-04,종로구,3364,Bike
2024-01-04,중구,2509,Bike
2024-01-04,중랑구,2491,Bike
2024-01-05,강남구,2972,Bike
2024-01-05,강동구,3996,Bike
2024-01-05,강북구,1347,Bike
2024-01-05,강서구,12845,Bike
2024-01-05,관악구,2078,Bike
2024-01-05,광진구,4359,Bike
2024-01-05,구로구,3925,Bike
2024-01-05,금천구,1893,Bike
2024-01-05,노원구,5567,Bike
2024-01-05,도봉구,2064,Bike
2024-01-05,동대문구,3141,Bike
2024-01-05,동작구,1737,Bike
2024-01-05,마포구,4294,Bike
2024-01-05,서대문구,1846,Bike
2024-01-05,서초구,2611,Bike
2024-01-05,성동구,3735,Bike
2024-01-05,성북구,2210,Bike
2024-01-05,송파구,8428,Bike
2024-01-05,양천구,6190,Bike
2024-01-05,영등포구,8457,Bike
2024-01-05,용산구,1584,Bike
2024-01-05,은평구,2134,Bike
2024-01-05,종로구,3425,Bike
2024-01-05,중구,2611,Bike
2024-01-05,중랑구,2683,Bike
2024-01-06,강남구,1680,Bike
2024-01-06,강동구,2591,Bike
2024-01-06,강북구,929,Bike
2024-01-06,강서구,6718,Bike
2024-01-06,관악구,1620,Bike
2024-01-06,광진구,2743,Bike
2024-01-06,구로구,2305,Bike
2024-01-06,금천구,850,Bike
2024-01-06,노원구,4057,Bike
2024-01-06,도봉구,1502,Bike
2024-01-06,동대문구,1917,Bike
2024-01-06,동작구,1143,Bike
2024-01-06,마포구,2482,Bike
2024-01-06,서대문구,1122,Bike
2024-01-06,서초구,1569,Bike
2024-01-06,성동구,1902,Bike
2024-01-06,성북구,1468,Bike
2024-01-06,송파구,5498,Bike
2024-01-06,양천구,4062,Bike
2024-01-06,영등포구,4566,Bike
2024-01-06,용산구,1030,Bike
2024-01-06,은평구,1548,Bike
2024-01-06,종로구,1697,Bike
2024-01-06,중구,1127,Bike
2024-01-06,중랑구,1800,Bike
2024-01-07,강남구,886,Bike
2024-01-07,강동구,1447,Bike
2024-01-07,강북구,544,Bike
2024-01-07,강서구,3254,Bike
2024-01-07,관악구,1044,Bike
2024-01-07,광진구,1676,Bike
2024-01-07,구로구,1452,Bike
2024-01-07,금천구,452,Bike
2024-01-07,노원구,2490,Bike
2024-01-07,도봉구,982,Bike
2024-01-07,동대문구,1060,Bike
2024-01-07,동작구,722,Bike
2024-01-07,마포구,1241,Bike
2024-01-07,서대문구,580,Bike
2024-01-07,서초구,859,Bike
2024-01-07,성동구,1059,Bike
2024-01-07,성북구,818,Bike
2024-01-07,송파구,2684,Bike
2024-01-07,양천구,2530,Bike
2024-01-07,영등포구,2670,Bike
2024-01-07,용산구,544,Bike
2024-01-07,은평구,830,Bike
2024-01-07,종로구,902,Bike
2024-01-07,중구,513,Bike
2024-01-07,중랑구,1052,Bike
2024-01-08,강남구,2077,Bike
2024-01-08,강동구,2691,Bike
2024-01-08,강북구,884,Bike
2024-01-08,강서구,8738,Bike
2024-01-08,관악구,1472,Bike
2024-01-08,광진구,3101,Bike
2024-01-08,구로구,2718,Bike
2024-01-08,금천구,1407,Bike
2024-01-08,노원구,3943,Bike
2024-01-08,도봉구,1507,Bike
2024-01-08,동대문구,2132,Bike
2024-01-08,동작구,1186,Bike
2024-01-08,마포구,2526,Bike
2024-01-08,서대문구,1129,Bike
2024-01-08,서초구,1906,Bike
2024-01-08,성동구,2704,Bike
2024-01-08,성북구,1464,Bike
2024-01-08,송파구,5572,Bike
2024-01-08,양천구,4412,Bike
2024-01-08,영등포구,6093,Bike
2024-01-08,용산구,1029,Bike
2024-01-08,은평구,1392,Bike
2024-01-08,종로구,2354,Bike
2024-01-08,중구,1690,Bike
2024-01-08,중랑구,1840,Bike
2024-01-09,강남구,1014,Bike
2024-01-09,강동구,1566,Bike
2024-01-09,강북구,452,Bike
2024-01-09,강서구,5962,Bike
2024-01-09,관악구,887,Bike
2024-01-09,광진구,1871,Bike
2024-01-09,구로구,1591,Bike
2024-01-09,금천구,827,Bike
2024-01-09,노원구,1977,Bike
2024-01-09,도봉구,695,Bike
2024-01-09,동대문구,1326,Bike
2024-01-09,동작구,623,Bike
2024-01-09,마포구,1638,Bike
2024-01-09,서대문구,782,Bike
2024-01-09,서초구,969,Bike
2024-01-09,성동구,1509,Bike
2024-01-09,성북구,812,Bike
2024-01-09,송파구,2968,Bike
2024-01-09,양천구,2813,Bike
2024-01-09,영등포구,3637,Bike
2024-01-09,용산구,559,Bike
2024-01-09,은평구,873,Bike
2024-01-09,종로구,1302,Bike
2024-01-09,중구,942,Bike
2024-01-09,중랑구,989,Bike
2024-01-10,강남구,2038,Bike
2024-01-10,강동구,2663,Bike
2024-01-10,강북구,785,Bike
2024-01-10,강서구,10266,Bike
2024-01-10,관악구,1522,Bike
2024-01-10,광진구,3316,Bike
2024-01-10,구로구,2964,Bike
2024-01-10,금천구,1451,Bike
2024-01-10,노원구,3762,Bike
2024-01-10,도봉구,1387,Bike
2024-01-10,동대문구,2251,Bike
2024-01-10,동작구,1214,Bike
2024-01-10,마포구,3092,Bike
2024-01-10,서대문구,1283,Bike
2024-01-10,서초구,1790,Bike
2024-01-10,성동구,2776,Bike
2024-01-10,성북구,1415,Bike
2024-01-10,송파구,5294,Bike
2024-01-10,양천구,4956,Bike
2024-01-10,영등포구,6684,Bike
2024-01-10,용산구,1172,Bike
2024-01-10,은평구,1593,Bike
2024-01-10,종로구,2640,Bike
2024-01-10,중구,1957,Bike
2024-01-10,중랑구,1803,Bike
2024-01-11,강남구,2628,Bike
2024-01-11,강동구,3331,Bike
2024-01-11,강북구,997,Bike
2024-01-11,강서구,11387,Bike
2024-01-11,관악구,1943,Bike
2024-01-11,광진구,3946,Bike
2024-01-11,구로구,3356,Bike
2024-01-11,금천구,1657,Bike
2024-01-11,노원구,4540,Bike
2024-01-11,도봉구,1665,Bike
2024-01-11,동대문구,2693,Bike
2024-01-11,동작구,1515,Bike
2024-01-11,마포구,3493,Bike
2024-01-11,서대문구,1520,Bike
2024-01-11,서초구,2354,Bike
2024-01-11,성동구,3276,Bike
2024-01-11,성북구,1793,Bike
2024-01-11,송파구,6903,Bike
2024-01-11,양천구,5402,Bike
2024-01-11,영등포구,7317,Bike
2024-01-11,용산구,1428,Bike
2024-01-11,은평구,1892,Bike
2024-01-11,종로구,3180,Bike
2024-01-11,중구,2272,Bike
2024-01-11,중랑구,2277,Bike
2024-01-12,강남구,2747,Bike
2024-01-12,강동구,3338,Bike
2024-01-12,강북구,1060,Bike
2024-01-12,강서구,11556,Bike
2024-01-12,관악구,1921,Bike
2024-01-12,광진구,3935,Bike
2024-01-12,구로구,3493,Bike
2024-01-12,금천구,1614,Bike
2024-01-12,노원구,5003,Bike
2024-01-12,도봉구,1776,Bike
2024-01-12,동대문구,2801,Bike
2024-01-12,동작구,1521,Bike
2024-01-12,마포구,3670,Bike
2024-01-12,서대문구,1595,Bike
2024-01-12,서초구,2387,Bike
2024-01-12,성동구,3246,Bike
2024-01-12,성북구,1825,Bike
2024-01-12,송파구,7328,Bike
2024-01-12,양천구,5441,Bike
2024-01-12,영등포구,7572,Bike
2024-01-12,용산구,1422,Bike
2024-01-12,은평구,1898,Bike
2024-01-12,종로구,3238,Bike
2024-01-12,중구,2267,Bike
2024-01-12,중랑구,2441,Bike
2024-01-13,강남구,1889,Bike
2024-01-13,강동구,2961,Bike
2024-01-13,강북구,959,Bike
2024-01-13,강서구,7710,Bike
2024-01-13,관악구,1661,Bike
2024-01-13,광진구,3130,Bike
2024-01-13,구로구,2569,Bike
2024-01-13,금천구,856,Bike
2024-01-13,노원구,4370,Bike
2024-01-13,도봉구,1491,Bike
2024-01-13,동대문구,2119,Bike
2024-01-13,동작구,1304,Bike
2024-01-13,마포구,2944,Bike
2024-01-13,서대문구,1278,Bike
2024-01-13,서초구,1747,Bike
2024-01-13,성동구,2200,Bike
2024-01-13,성북구,1521,Bike
2024-01-13,송파구,5949,Bike
2024-01-13,양천구,4666,Bike
2024-01-13,영등포구,5279,Bike
2024-01-13,용산구,1236,Bike
2024-01-13,은평구,1762,Bike
2024-01-13,종로구,1959,Bike
2024-01-13,중구,1304,Bike
2024-01-13,중랑구,2081,Bike
2024-01-14,강남구,848,Bike
2024-01-14,강동구,1329,Bike
2024-01-14,강북구,445,Bike
2024-01-14,강서구,3524,Bike
2024-01-14,관악구,903,Bike
2024-01-14,광진구,1492,Bike
2024-01-14,구로구,1235,Bike
2024-01-14,금천구,427,Bike
2024-01-14,노원구,1896,Bike
2024-01-14,도봉구,661,Bike
2024-01-14,동대문구,900,Bike
2024-01-14,동작구,620,Bike
2024-01-14,마포구,1300,Bike
2024-01-14,서대문구,614,Bike
2024-01-14,서초구,705,Bike
2024-01-14,성동구,987,Bike
2024-01-14,성북구,742,Bike
2024-01-14,송파구,2562,Bike
2024-01-14,양천구,2196,Bike
2024-01-14,영등포구,2389,Bike
2024-01-14,용산구,554,Bike
2024-01-14,은평구,759,Bike
2024-01-14,종로구,844,Bike
2024-01-14,중구,540,Bike
2024-01-14,중랑구,912,Bike
2024-01-15,강남구,2199,Bike
2024-01-15,강동구,2826,Bike
2024-01-15,강북구,916,Bike
2024-01-15,강서구,10132,Bike
2024-01-15,관악구,1560,Bike
2024-01-15,광진구,3281,Bike
2024-01-15,구로구,3062,Bike
2024-01-15,금천구,1427,Bike
2024-01-15,노원구,3792,Bike
2024-01-15,도봉구,1413,Bike
2024-01-15,동대문구,2330,Bike
2024-01-15,동작구,1170,Bike
2024-01-15,마포구,3083,Bike
2024-01-15,서대문구,1370,Bike
2024-01-15,서초구,2039,Bike
2024-01-15,성동구,2748,Bike
2024-01-15,성북구,1625,Bike
2024-01-15,송파구,6219,Bike
2024-01-15,양천구,4595,Bike
2024-01-15,영등포구,6441,Bike
2024-01-15,용산구,1163,Bike
2024-01-15,은평구,1558,Bike
2024-01-15,종로구,2692,Bike
2024-01-15,중구,1864,Bike
2024-01-15,중랑구,1959,Bike
2024-01-16,강남구,2519,Bike
2024-01-16,강동구,3082,Bike
2024-01-16,강북구,938,Bike
2024-01-16,강서구,11062,Bike
2024-01-16,관악구,1815,Bike
2024-01-16,광진구,3785,Bike
2024-01-16,구로구,3324,Bike
2024-01-16,금천구,1719,Bike
2024-01-16,노원구,4294,Bike
2024-01-16,도봉구,1521,Bike
2024-01-16,동대문구,2571,Bike
2024-01-16,동작구,1347,Bike
2024-01-16,마포구,3418,Bike
2024-01-16,서대문구,1606,Bike
2024-01-16,서초구,2269,Bike
2024-01-16,성동구,3179,Bike
2024-01-16,성북구,1767,Bike
2024-01-16,송파구,6756,Bike
2024-01-16,양천구,5043,Bike
2024-01-16,영등포구,7232,Bike
2024-01-16,용산구,1379,Bike
2024-01-16,은평구,1755,Bike
2024-01-16,종로구,3079,Bike
2024-01-16,중구,2109,Bike
2024-01-16,중랑구,2208,Bike
2024-01-17,강남구,1111,Bike
2024-01-17,강동구,1524,Bike
2024-01-17,강북구,435,Bike
2024-01-17,강서구,5334,Bike
2024-01-17,관악구,798,Bike
2024-01-17,광진구,1818,Bike
2024-01-17,구로구,1542,Bike
2024-01-17,금천구,826,Bike
2024-01-17,노원구,1940,Bike
2024-01-17,도봉구,707,Bike
2024-01-17,동대문구,1277,Bike
2024-01-17,동작구,649,Bike
2024-01-17,마포구,1479,Bike
2024-01-17,서대문구,790,Bike
2024-01-17,서초구,961,Bike
2024-01-17,성동구,1431,Bike
2024-01-17,성북구,840,Bike
2024-01-17,송파구,3084,Bike
2024-01-17,양천구,2327,Bike
2024-01-17,영등포구,3275,Bike
2024-01-17,용산구,614,Bike
2024-01-17,은평구,856,Bike
2024-01-17,종로구,1459,Bike
2024-01-17,중구,943,Bike
2024-01-17,중랑구,983,Bike
2024-01-18,강남구,2391,Bike
2024-01-18,강동구,2990,Bike
2024-01-18,강북구,957,Bike
2024-01-18,강서구,10171,Bike
2024-01-18,관악구,1647,Bike
2024-01-18,광진구,3549,Bike
2024-01-18,구로구,3140,Bike
2024-01-18,금천구,1682,Bike
2024-01-18,노원구,3975,Bike
2024-01-18,도봉구,1527,Bike
2024-01-18,동대문구,2504,Bike
2024-01-18,동작구,1323,Bike
2024-01-18,마포구,3477,Bike
2024-01-18,서대문구,1355,Bike
2024-01-18,서초구,2149,Bike
2024-01-18,성동구,3127,Bike
2024-01-18,성북구,1671,Bike
2024-01-18,송파구,6584,Bike
2024-01-18,양천구,4841,Bike
2024-01-18,영등포구,7134,Bike
2024-01-18,용산구,1461,Bike
2024-01-18,은평구,1739,Bike
2024-01-18,종로구,3159,Bike
2024-01-18,중구,2232,Bike
2024-01-18,중랑구,2078,Bike
2024-01-19,강남구,3148,Bike
2024-01-19,강동구,3818,Bike
2024-01-19,강북구,1193,Bike
2024-01-19,강서구,12012,Bike
2024-01-19,관악구,2057,Bike
2024-01-19,광진구,4205,Bike
2024-01-19,구로구,3776,Bike
2024-01-19,금천구,1796,Bike
2024-01-19,노원구,4897,Bike
2024-01-19,도봉구,1935,Bike
2024-01-19,동대문구,2869,Bike
2024-01-19,동작구,1565,Bike
2024-01-19,마포구,4077,Bike
2024-01-19,서대문구,1649,Bike
2024-01-19,서초구,2637,Bike
2024-01-19,성동구,3458,Bike
2024-01-19,성북구,1996,Bike
2024-01-19,송파구,8087,Bike
2024-01-19,양천구,5829,Bike
2024-01-19,영등포구,8294,Bike
2024-01-19,용산구,1612,Bike
2024-01-19,은평구,2059,Bike
2024-01-19,종로구,3467,Bike
2024-01-19,중구,2555,Bike
2024-01-19,중랑구,2590,Bike
2024-01-20,강남구,1188,Bike
2024-01-20,강동구,2017,Bike
2024-01-20,강북구,705,Bike
2024-01-20,강서구,5245,Bike
2024-01-20,관악구,1073,Bike
2024-01-20,광진구,1992,Bike
2024-01-20,구로구,1597,Bike
2024-01-20,금천구,566,Bike
2024-01-20,노원구,2872,Bike
2024-01-20,도봉구,1023,Bike
2024-01-20,동대문구,1438,Bike
2024-01-20,동작구,772,Bike
2024-01-20,마포구,1719,Bike
2024-01-20,서대문구,863,Bike
2024-01-20,서초구,1028,Bike
2024-01-20,성동구,1371,Bike
2024-01-20,성북구,1163,Bike
2024-01-20,송파구,3737,Bike
2024-01-20,양천구,3173,Bike
2024-01-20,영등포구,3284,Bike
2024-01-20,용산구,688,Bike
2024-01-20,은평구,1200,Bike
2024-01-20,종로구,1248,Bike
2024-01-20,중구,796,Bike
2024-01-20,중랑구,1480,Bike
2024-01-21,강남구,1170,Bike
2024-01-21,강동구,1617,Bike
2024-01-21,강북구,718,Bike
2024-01-21,강서구,4371,Bike
2024-01-21,관악구,985,Bike
2024-01-21,광진구,1854,Bike
2024-01-21,구로구,1428,Bike
2024-01-21,금천구,491,Bike
2024-01-21,노원구,2818,Bike
2024-01-21,도봉구,976,Bike
2024-01-21,동대문구,1269,Bike
2024-01-21,동작구,710,Bike
2024-01-21,마포구,1603,Bike
2024-01-21,서대문구,744,Bike
2024-01-21,서초구,1004,Bike
2024-01-21,성동구,1247,Bike
2024-01-21,성북구,1015,Bike
2024-01-21,송파구,3330,Bike
2024-01-21,양천구,2554,Bike
2024-01-21,영등포구,2910,Bike
2024-01-21,용산구,643,Bike
2024-01-21,은평구,1016,Bike
2024-01-21,종로구,1113,Bike
2024-01-21,중구,662,Bike
2024-01-21,중랑구,1328,Bike
2024-01-22,강남구,1494,Bike
2024-01-22,강동구,2039,Bike
2024-01-22,강북구,619,Bike
2024-01-22,강서구,7566,Bike
2024-01-22,관악구,1010,Bike
2024-01-22,광진구,2398,Bike
2024-01-22,구로구,1952,Bike
2024-01-22,금천구,1008,Bike
2024-01-22,노원구,2703,Bike
2024-01-22,도봉구,922,Bike
2024-01-22,동대문구,1410,Bike
2024-01-22,동작구,738,Bike
2024-01-22,마포구,1969,Bike
2024-01-22,서대문구,828,Bike
2024-01-22,서초구,1359,Bike
2024-01-22,성동구,1882,Bike
2024-01-22,성북구,1024,Bike
2024-01-22,송파구,4464,Bike
2024-01-22,양천구,3108,Bike
2024-01-22,영등포구,4517,Bike
2024-01-22,용산구,749,Bike
2024-01-22,은평구,1034,Bike
2024-01-22,종로구,1686,Bike
2024-01-22,중구,1213,Bike
2024-01-22,중랑구,1359,Bike
2024-01-23,강남구,1346,Bike
2024-01-23,강동구,1881,Bike
2024-01-23,강북구,566,Bike
2024-01-23,강서구,6481,Bike
2024-01-23,관악구,976,Bike
2024-01-23,광진구,2135,Bike
2024-01-23,구로구,1879,Bike
2024-01-23,금천구,934,Bike
2024-01-23,노원구,2387,Bike
2024-01-23,도봉구,817,Bike
2024-01-23,동대문구,1376,Bike
2024-01-23,동작구,680,Bike
2024-01-23,마포구,1774,Bike
2024-01-23,서대문구,764,Bike
2024-01-23,서초구,1233,Bike
2024-01-23,성동구,1731,Bike
2024-01-23,성북구,910,Bike
2024-01-23,송파구,3953,Bike
2024-01-23,양천구,2727,Bike
2024-01-23,영등포구,3954,Bike
2024-01-23,용산구,637,Bike
2024-01-23,은평구,968,Bike
2024-01-23,종로구,1720,Bike
2024-01-23,중구,1111,Bike
2024-01-23,중랑구,1209,Bike
2024-01-24,강남구,1543,Bike
2024-01-24,강동구,2121,Bike
2024-01-24,강북구,665,Bike
2024-01-24,강서구,7498,Bike
2024-01-24,관악구,1066,Bike
2024-01-24,광진구,2520,Bike
2024-01-24,구로구,2057,Bike
2024-01-24,금천구,1101,Bike
2024-01-24,노원구,2889,Bike
2024-01-24,도봉구,988,Bike
2024-01-24,동대문구,1602,Bike
2024-01-24,동작구,816,Bike
2024-01-24,마포구,2139,Bike
2024-01-24,서대문구,872,Bike
2024-01-24,서초구,1414,Bike
2024-01-24,성동구,2017,Bike
2024-01-24,성북구,1111,Bike
2024-01-24,송파구,4547,Bike
2024-01-24,양천구,3119,Bike
2024-01-24,영등포구,4594,Bike
2024-01-24,용산구,819,Bike
2024-01-24,은평구,1193,Bike
2024-01-24,종로구,2005,Bike
2024-01-24,중구,1320,Bike
2024-01-24,중랑구,1452,Bike
2024-01-25,강남구,1984,Bike
2024-01-25,강동구,2539,Bike
2024-01-25,강북구,792,Bike
2024-01-25,강서구,8950,Bike
2024-01-25,관악구,1274,Bike
2024-01-25,광진구,2856,Bike
2024-01-25,구로구,2573,Bike
2024-01-25,금천구,1261,Bike
2024-01-25,노원구,3573,Bike
2024-01-25,도봉구,1311,Bike
2024-01-25,동대문구,2017,Bike
2024-01-25,동작구,1051,Bike
2024-01-25,마포구,2658,Bike
2024-01-25,서대문구,1141,Bike
2024-01-25,서초구,1765,Bike
2024-01-25,성동구,2419,Bike
2024-01-25,성북구,1380,Bike
2024-01-25,송파구,5540,Bike
2024-01-25,양천구,3781,Bike
2024-01-25,영등포구,5639,Bike
2024-01-25,용산구,1042,Bike
2024-01-25,은평구,1523,Bike
2024-01-25,종로구,2508,Bike
2024-01-25,중구,1769,Bike
2024-01-25,중랑구,1715,Bike
2024-01-26,강남구,2509,Bike
2024-01-26,강동구,3142,Bike
2024-01-26,강북구,969,Bike
2024-01-26,강서구,10353,Bike
2024-01-26,관악구,1584,Bike
2024-01-26,광진구,3517,Bike
2024-01-26,구로구,3015,Bike
2024-01-26,금천구,1506,Bike
2024-01-26,노원구,4191,Bike
2024-01-26,도봉구,1463,Bike
2024-01-26,동대문구,2366,Bike
2024-01-26,동작구,1355,Bike
2024-01-26,마포구,3276,Bike
2024-01-26,서대문구,1373,Bike
2024-01-26,서초구,2156,Bike
2024-01-26,성동구,2888,Bike
2024-01-26,성북구,1622,Bike
2024-01-26,송파구,6817,Bike
2024-01-26,양천구,4691,Bike
2024-01-26,영등포구,6960,Bike
2024-01-26,용산구,1353,Bike
2024-01-26,은평구,1729,Bike
2024-01-26,종로구,2908,Bike
2024-01-26,중구,1975,Bike
2024-01-26,중랑구,2129,Bike
2024-01-27,강남구,1651,Bike
2024-01-27,강동구,2633,Bike
2024-01-27,강북구,860,Bike
2024-01-27,강서구,6845,Bike
2024-01-27,관악구,1590,Bike
2024-01-27,광진구,2831,Bike
2024-01-27,구로구,2297,Bike
2024-01-27,금천구,808,Bike
2024-01-27,노원구,3806,Bike
2024-01-27,도봉구,1447,Bike
2024-01-27,동대문구,1878,Bike
2024-01-27,동작구,1138,Bike
2024-01-27,마포구,2557,Bike
2024-01-27,서대문구,1140,Bike
2024-01-27,서초구,1632,Bike
2024-01-27,성동구,1884,Bike
2024-01-27,성북구,1502,Bike
2024-01-27,송파구,5484,Bike
2024-01-27,양천구,4148,Bike
2024-01-27,영등포구,4715,Bike
2024-01-27,용산구,1122,Bike
2024-01-27,은평구,1597,Bike
2024-01-27,종로구,1803,Bike
2024-01-27,중구,1240,Bike
2024-01-27,중랑구,1809,Bike
2024-01-28,강남구,1381,Bike
2024-01-28,강동구,2320,Bike
2024-01-28,강북구,802,Bike
2024-01-28,강서구,5520,Bike
2024-01-28,관악구,1294,Bike
2024-01-28,광진구,2339,Bike
2024-01-28,구로구,1964,Bike
2024-01-28,금천구,668,Bike
2024-01-28,노원구,3160,Bike
2024-01-28,도봉구,1139,Bike
2024-01-28,동대문구,1637,Bike
2024-01-28,동작구,937,Bike
2024-01-28,마포구,2194,Bike
2024-01-28,서대문구,1080,Bike
2024-01-28,서초구,1308,Bike
2024-01-28,성동구,1672,Bike
2024-01-28,성북구,1267,Bike
2024-01-28,송파구,4847,Bike
2024-01-28,양천구,3406,Bike
2024-01-28,영등포구,3916,Bike
2024-01-28,용산구,1009,Bike
2024-01-28,은평구,1285,Bike
2024-01-28,종로구,1420,Bike
2024-01-28,중구,921,Bike
2024-01-28,중랑구,1544,Bike
2024-01-29,강남구,2409,Bike
2024-01-29,강동구,3335,Bike
2024-01-29,강북구,989,Bike
2024-01-29,강서구,10816,Bike
2024-01-29,관악구,1668,Bike
2024-01-29,광진구,3661,Bike
2024-01-29,구로구,3340,Bike
2024-01-29,금천구,1628,Bike
2024-01-29,노원구,4351,Bike
2024-01-29,도봉구,1508,Bike
2024-01-29,동대문구,2627,Bike
2024-01-29,동작구,1279,Bike
2024-01-29,마포구,3446,Bike
2024-01-29,서대문구,1448,Bike
2024-01-29,서초구,2229,Bike
2024-01-29,성동구,3150,Bike
2024-01-29,성북구,1714,Bike
2024-01-29,송파구,7016,Bike
2024-01-29,양천구,4966,Bike
2024-01-29,영등포구,7262,Bike
2024-01-29,용산구,1318,Bike
2024-01-29,은평구,1890,Bike
2024-01-29,종로구,3148,Bike
2024-01-29,중구,2165,Bike
2024-01-29,중랑구,2207,Bike
2024-01-30,강남구,2896,Bike
2024-01-30,강동구,3501,Bike
2024-01-30,강북구,1150,Bike
2024-01-30,강서구,11820,Bike
2024-01-30,관악구,1769,Bike
2024-01-30,광진구,3926,Bike
2024-01-30,구로구,3518,Bike
2024-01-30,금천구,1806,Bike
2024-01-30,노원구,4823,Bike
2024-01-30,도봉구,1718,Bike
2024-01-30,동대문구,2773,Bike
2024-01-30,동작구,1454,Bike
2024-01-30,마포구,3802,Bike
2024-01-30,서대문구,1691,Bike
2024-01-30,서초구,2479,Bike
2024-01-30,성동구,3469,Bike
2024-01-30,성북구,1940,Bike
2024-01-30,송파구,7672,Bike
2024-01-30,양천구,5452,Bike
2024-01-30,영등포구,7945,Bike
2024-01-30,용산구,1644,Bike
2024-01-30,은평구,1985,Bike
2024-01-30,종로구,3446,Bike
2024-01-30,중구,2411,Bike
2024-01-30,중랑구,2421,Bike
2024-01-31,강남구,3010,Bike
2024-01-31,강동구,4004,Bike
2024-01-31,강북구,1136,Bike
2024-01-31,강서구,12445,Bike
2024-01-31,관악구,2007,Bike
2024-01-31,광진구,4214,Bike
2024-01-31,구로구,3706,Bike
2024-01-31,금천구,1841,Bike
2024-01-31,노원구,5196,Bike
2024-01-31,도봉구,1923,Bike
2024-01-31,동대문구,3010,Bike
2024-01-31,동작구,1668,Bike
2024-01-31,마포구,4146,Bike
2024-01-31,서대문구,1693,Bike
2024-01-31,서초구,2743,Bike
2024-01-31,성동구,3638,Bike
2024-01-31,성북구,1971,Bike
2024-01-31,송파구,8469,Bike
2024-01-31,양천구,5662,Bike
2024-01-31,영등포구,8511,Bike
2024-01-31,용산구,1758,Bike
2024-01-31,은평구,2110,Bike
2024-01-31,종로구,3737,Bike
2024-01-31,중구,2583,Bike
2024-01-31,중랑구,2585,Bike
2024-02-01,강남구,2928,Bike
2024-02-01,강동구,3870,Bike
2024-02-01,강북구,1178,Bike
2024-02-01,강서구,12243,Bike
2024-02-01,관악구,1914,Bike
2024-02-01,광진구,4241,Bike
2024-02-01,구로구,3879,Bike
2024-02-01,금천구,1852,Bike
2024-02-01,노원구,5199,Bike
2024-02-01,도봉구,1907,Bike
2024-02-01,동대문구,3041,Bike
2024-02-01,동작구,1605,Bike
2024-02-01,마포구,3956,Bike
2024-02-01,서대문구,1676,Bike
2024-02-01,서초구,2634,Bike
2024-02-01,성동구,3622,Bike
2024-02-01,성북구,2019,Bike
2024-02-01,송파구,8182,Bike
2024-02-01,양천구,5789,Bike
2024-02-01,영등포구,8090,Bike
2024-02-01,용산구,1591,Bike
2024-02-01,은평구,2143,Bike
2024-02-01,종로구,3776,Bike
2024-02-01,중구,2473,Bike
2024-02-01,중랑구,2514,Bike
2024-02-02,강남구,3128,Bike
2024-02-02,강동구,4041,Bike
2024-02-02,강북구,1232,Bike
2024-02-02,강서구,12651,Bike
2024-02-02,관악구,1974,Bike
2024-02-02,광진구,4337,Bike
2024-02-02,구로구,3904,Bike
2024-02-02,금천구,1884,Bike
2024-02-02,노원구,5556,Bike
2024-02-02,도봉구,2018,Bike
2024-02-02,동대문구,3154,Bike
2024-02-02,동작구,1647,Bike
2024-02-02,마포구,4110,Bike
2024-02-02,서대문구,1770,Bike
2024-02-02,서초구,2560,Bike
2024-02-02,성동구,3629,Bike
2024-02-02,성북구,2111,Bike
2024-02-02,송파구,8770,Bike
2024-02-02,양천구,6058,Bike
2024-02-02,영등포구,8291,Bike
2024-02-02,용산구,1701,Bike
2024-02-02,은평구,2336,Bike
2024-02-02,종로구,3707,Bike
2024-02-02,중구,2436,Bike
2024-02-02,중랑구,2693,Bike
2024-02-03,강남구,1855,Bike
2024-02-03,강동구,2931,Bike
2024-02-03,강북구,1149,Bike
2024-02-03,강서구,7987,Bike
2024-02-03,관악구,1751,Bike
2024-02-03,광진구,3111,Bike
2024-02-03,구로구,2714,Bike
2024-02-03,금천구,832,Bike
2024-02-03,노원구,4703,Bike
2024-02-03,도봉구,1792,Bike
2024-02-03,동대문구,2271,Bike
2024-02-03,동작구,1352,Bike
2024-02-03,마포구,3203,Bike
2024-02-03,서대문구,1458,Bike
2024-02-03,서초구,1754,Bike
2024-02-03,성동구,2386,Bike
2024-02-03,성북구,1707,Bike
2024-02-03,송파구,6323,Bike
2024-02-03,양천구,4682,Bike
2024-02-03,영등포구,5569,Bike
2024-02-03,용산구,1323,Bike
2024-02-03,은평구,1919,Bike
2024-02-03,종로구,2159,Bike
2024-02-03,중구,1397,Bike
2024-02-03,중랑구,2097,Bike
2024-02-04,강남구,2154,Bike
2024-02-04,강동구,3524,Bike
2024-02-04,강북구,1190,Bike
2024-02-04,강서구,7758,Bike
2024-02-04,관악구,1936,Bike
2024-02-04,광진구,3535,Bike
2024-02-04,구로구,2942,Bike
2024-02-04,금천구,978,Bike
2024-02-04,노원구,4706,Bike
2024-02-04,도봉구,1825,Bike
2024-02-04,동대문구,2440,Bike
2024-02-04,동작구,1563,Bike
2024-02-04,마포구,3846,Bike
2024-02-04,서대문구,1598,Bike
2024-02-04,서초구,1938,Bike
2024-02-04,성동구,2749,Bike
2024-02-04,성북구,1933,Bike
2024-02-04,송파구,7119,Bike
2024-02-04,양천구,4555,Bike
2024-02-04,영등포구,6099,Bike
2024-02-04,용산구,1756,Bike
2024-02-04,은평구,1981,Bike
2024-02-04,종로구,2175,Bike
2024-02-04,중구,1398,Bike
2024-02-04,중랑구,2198,Bike
2024-02-05,강남구,678,Bike
2024-02-05,강동구,1242,Bike
2024-02-05,강북구,538,Bike
2024-02-05,강서구,3328,Bike
2024-02-05,관악구,498,Bike
2024-02-05,광진구,1403,Bike
2024-02-05,구로구,964,Bike
2024-02-05,금천구,387,Bike
2024-02-05,노원구,2521,Bike
2024-02-05,도봉구,848,Bike
2024-02-05,동대문구,1261,Bike
2024-02-05,동작구,370,Bike
2024-02-05,마포구,1058,Bike
2024-02-05,서대문구,513,Bike
2024-02-05,서초구,603,Bike
2024-02-05,성동구,1234,Bike
2024-02-05,성북구,921,Bike
2024-02-05,송파구,2134,Bike
2024-02-05,양천구,1703,Bike
2024-02-05,영등포구,2138,Bike
2024-02-05,용산구,419,Bike
2024-02-05,은평구,561,Bike
2024-02-05,종로구,1280,Bike
2024-02-05,중구,798,Bike
2024-02-05,중랑구,1106,Bike
2024-02-06,강남구,2386,Bike
2024-02-06,강동구,3408,Bike
2024-02-06,강북구,1048,Bike
2024-02-06,강서구,10397,Bike
2024-02-06,관악구,1625,Bike
2024-02-06,광진구,3332,Bike
2024-02-06,구로구,3189,Bike
2024-02-06,금천구,1585,Bike
2024-02-06,노원구,4234,Bike
2024-02-06,도봉구,1546,Bike
2024-02-06,동대문구,2495,Bike
2024-02-06,동작구,1294,Bike
2024-02-06,마포구,3247,Bike
2024-02-06,서대문구,1356,Bike
2024-02-06,서초구,2119,Bike
2024-02-06,성동구,3048,Bike
2024-02-06,성북구,1668,Bike
2024-02-06,송파구,6469,Bike
2024-02-06,양천구,4850,Bike
2024-02-06,영등포구,6930,Bike
2024-02-06,용산구,1338,Bike
2024-02-06,은평구,1736,Bike
2024-02-06,종로구,2894,Bike
2024-02-06,중구,2096,Bike
2024-02-06,중랑구,2082,Bike
2024-02-07,강남구,2608,Bike
2024-02-07,강동구,3641,Bike
2024-02-07,강북구,1097,Bike
2024-02-07,강서구,11473,Bike
2024-02-07,관악구,1671,Bike
2024-02-07,광진구,3857,Bike
2024-02-07,구로구,3411,Bike
2024-02-07,금천구,1716,Bike
2024-02-07,노원구,4898,Bike
2024-02-07,도봉구,1732,Bike
2024-02-07,동대문구,2776,Bike
2024-02-07,동작구,1526,Bike
2024-02-07,마포구,3615,Bike
2024-02-07,서대문구,1512,Bike
2024-02-07,서초구,2396,Bike
2024-02-07,성동구,3222,Bike
2024-02-07,성북구,1807,Bike
2024-02-07,송파구,7306,Bike
2024-02-07,양천구,5417,Bike
2024-02-07,영등포구,7496,Bike
2024-02-07,용산구,1450,Bike
2024-02-07,은평구,2009,Bike
2024-02-07,종로구,3026,Bike
2024-02-07,중구,2273,Bike
2024-02-07,중랑구,2463,Bike
2024-02-08,강남구,2701,Bike
2024-02-08,강동구,3773,Bike
2024-02-08,강북구,1261,Bike
2024-02-08,강서구,11474,Bike
2024-02-08,관악구,1871,Bike
2024-02-08,광진구,4101,Bike
2024-02-08,구로구,3642,Bike
2024-02-08,금천구,1761,Bike
2024-02-08,노원구,5427,Bike
2024-02-08,도봉구,1943,Bike
2024-02-08,동대문구,2863,Bike
2024-02-08,동작구,1609,Bike
2024-02-08,마포구,3844,Bike
2024-02-08,서대문구,1666,Bike
2024-02-08,서초구,2498,Bike
2024-02-08,성동구,3284,Bike
2024-02-08,성북구,1832,Bike
2024-02-08,송파구,7818,Bike
2024-02-08,양천구,5836,Bike
2024-02-08,영등포구,8007,Bike
2024-02-08,용산구,1492,Bike
2024-02-08,은평구,2178,Bike
2024-02-08,종로구,3153,Bike
2024-02-08,중구,2251,Bike
2024-02-08,중랑구,2555,Bike
2024-02-09,강남구,1406,Bike
2024-02-09,강동구,2160,Bike
2024-02-09,강북구,880,Bike
2024-02-09,강서구,5070,Bike
2024-02-09,관악구,1134,Bike
2024-02-09,광진구,2138,Bike
2024-02-09,구로구,1826,Bike
2024-02-09,금천구,600,Bike
2024-02-09,노원구,3640,Bike
2024-02-09,도봉구,1336,Bike
2024-02-09,동대문구,1606,Bike
2024-02-09,동작구,956,Bike
2024-02-09,마포구,2183,Bike
2024-02-09,서대문구,1077,Bike
2024-02-09,서초구,1324,Bike
2024-02-09,성동구,1477,Bike
2024-02-09,성북구,1193,Bike
2024-02-09,송파구,4530,Bike
2024-02-09,양천구,3127,Bike
2024-02-09,영등포구,3632,Bike
2024-02-09,용산구,917,Bike
2024-02-09,은평구,1530,Bike
2024-02-09,종로구,1276,Bike
2024-02-09,중구,844,Bike
2024-02-09,중랑구,1651,Bike
2024-02-10,강남구,1065,Bike
2024-02-10,강동구,1601,Bike
2024-02-10,강북구,722,Bike
2024-02-10,강서구,3596,Bike
2024-02-10,관악구,910,Bike
2024-02-10,광진구,1594,Bike
2024-02-10,구로구,1402,Bike
2024-02-10,금천구,500,Bike
2024-02-10,노원구,2454,Bike
2024-02-10,도봉구,1079,Bike
2024-02-10,동대문구,1149,Bike
2024-02-10,동작구,755,Bike
2024-02-10,마포구,1570,Bike
2024-02-10,서대문구,759,Bike
2024-02-10,서초구,840,Bike
2024-02-10,성동구,1177,Bike
2024-02-10,성북구,924,Bike
2024-02-10,송파구,3207,Bike
2024-02-10,양천구,2161,Bike
2024-02-10,영등포구,2525,Bike
2024-02-10,용산구,738,Bike
2024-02-10,은평구,1176,Bike
2024-02-10,종로구,928,Bike
2024-02-10,중구,653,Bike
2024-02-10,중랑구,1298,Bike
2024-02-11,강남구,1334,Bike
2024-02-11,강동구,1925,Bike
2024-02-11,강북구,792,Bike
2024-02-11,강서구,4821,Bike
2024-02-11,관악구,1123,Bike
2024-02-11,광진구,1951,Bike
2024-02-11,구로구,1739,Bike
2024-02-11,금천구,581,Bike
2024-02-11,노원구,3064,Bike
2024-02-11,도봉구,1182,Bike
2024-02-11,동대문구,1348,Bike
2024-02-11,동작구,853,Bike
2024-02-11,마포구,1949,Bike
2024-02-11,서대문구,1022,Bike
2024-02-11,서초구,1235,Bike
2024-02-11,성동구,1420,Bike
2024-02-11,성북구,1068,Bike
2024-02-11,송파구,4074,Bike
2024-02-11,양천구,3022,Bike
2024-02-11,영등포구,3229,Bike
2024-02-11,용산구,989,Bike
2024-02-11,은평구,1277,Bike
2024-02-11,종로구,1235,Bike
2024-02-11,중구,786,Bike
2024-02-11,중랑구,1483,Bike
2024-02-12,강남구,1984,Bike
2024-02-12,강동구,2939,Bike
2024-02-12,강북구,1152,Bike
2024-02-12,강서구,7086,Bike
2024-02-12,관악구,1683,Bike
2024-02-12,광진구,3235,Bike
2024-02-12,구로구,2622,Bike
2024-02-12,금천구,906,Bike
2024-02-12,노원구,4216,Bike
2024-02-12,도봉구,1676,Bike
2024-02-12,동대문구,2078,Bike
2024-02-12,동작구,1411,Bike
2024-02-12,마포구,3360,Bike
2024-02-12,서대문구,1450,Bike
2024-02-12,서초구,1787,Bike
2024-02-12,성동구,2328,Bike
2024-02-12,성북구,1520,Bike
2024-02-12,송파구,6542,Bike
2024-02-12,양천구,4364,Bike
2024-02-12,영등포구,5524,Bike
2024-02-12,용산구,1500,Bike
2024-02-12,은평구,1910,Bike
2024-02-12,종로구,1746,Bike
2024-02-12,중구,1252,Bike
2024-02-12,중랑구,2155,Bike
2024-02-13,강남구,3654,Bike
2024-02-13,강동구,4421,Bike
2024-02-13,강북구,1384,Bike
2024-02-13,강서구,13268,Bike
2024-02-13,관악구,2266,Bike
2024-02-13,광진구,4866,Bike
2024-02-13,구로구,4274,Bike
2024-02-13,금천구,2042,Bike
2024-02-13,노원구,6130,Bike
2024-02-13,도봉구,2156,Bike
2024-02-13,동대문구,3316,Bike
2024-02-13,동작구,2052,Bike
2024-02-13,마포구,5041,Bike
2024-02-13,서대문구,2075,Bike
2024-02-13,서초구,3100,Bike
2024-02-13,성동구,4198,Bike
2024-02-13,성북구,2233,Bike
2024-02-13,송파구,9629,Bike
2024-02-13,양천구,6742,Bike
2024-02-13,영등포구,9867,Bike
2024-02-13,용산구,2064,Bike
2024-02-13,은평구,2513,Bike
2024-02-13,종로구,3775,Bike
2024-02-13,중구,2617,Bike
2024-02-13,중랑구,2991,Bike
2024-02-14,강남구,4137,Bike
2024-02-14,강동구,5105,Bike
2024-02-14,강북구,1659,Bike
2024-02-14,강서구,15478,Bike
2024-02-14,관악구,2778,Bike
2024-02-14,광진구,5605,Bike
2024-02-14,구로구,4779,Bike
2024-02-14,금천구,2471,Bike
2024-02-14,노원구,7017,Bike
2024-02-14,도봉구,2629,Bike
2024-02-14,동대문구,3865,Bike
2024-02-14,동작구,2368,Bike
2024-02-14,마포구,6218,Bike
2024-02-14,서대문구,2537,Bike
2024-02-14,서초구,3694,Bike
2024-02-14,성동구,4987,Bike
2024-02-14,성북구,2746,Bike
2024-02-14,송파구,10887,Bike
2024-02-14,양천구,7439,Bike
2024-02-14,영등포구,11440,Bike
2024-02-14,용산구,2595,Bike
2024-02-14,은평구,3005,Bike
2024-02-14,종로구,4541,Bike
2024-02-14,중구,3270,Bike
2024-02-14,중랑구,3443,Bike
2024-02-15,강남구,1846,Bike
2024-02-15,강동구,2510,Bike
2024-02-15,강북구,851,Bike
2024-02-15,강서구,7628,Bike
2024-02-15,관악구,1325,Bike
2024-02-15,광진구,2720,Bike
2024-02-15,구로구,2350,Bike
2024-02-15,금천구,1245,Bike
2024-02-15,노원구,3279,Bike
2024-02-15,도봉구,1177,Bike
2024-02-15,동대문구,1925,Bike
2024-02-15,동작구,1040,Bike
2024-02-15,마포구,2297,Bike
2024-02-15,서대문구,1046,Bike
2024-02-15,서초구,1605,Bike
2024-02-15,성동구,2085,Bike
2024-02-15,성북구,1241,Bike
2024-02-15,송파구,5011,Bike
2024-02-15,양천구,3576,Bike
2024-02-15,영등포구,5111,Bike
2024-02-15,용산구,940,Bike
2024-02-15,은평구,1306,Bike
2024-02-15,종로구,1862,Bike
2024-02-15,중구,1377,Bike
2024-02-15,중랑구,1525,Bike
2024-02-16,강남구,3348,Bike
2024-02-16,강동구,4358,Bike
2024-02-16,강북구,1444,Bike
2024-02-16,강서구,13001,Bike
2024-02-16,관악구,2131,Bike
2024-02-16,광진구,4609,Bike
2024-02-16,구로구,4215,Bike
2024-02-16,금천구,2116,Bike
2024-02-16,노원구,5809,Bike
2024-02-16,도봉구,2124,Bike
2024-02-16,동대문구,3182,Bike
2024-02-16,동작구,1892,Bike
2024-02-16,마포구,4414,Bike
2024-02-16,서대문구,1936,Bike
2024-02-16,서초구,2765,Bike
2024-02-16,성동구,3825,Bike
2024-02-16,성북구,2130,Bike
2024-02-16,송파구,9131,Bike
2024-02-16,양천구,6467,Bike
2024-02-16,영등포구,9133,Bike
2024-02-16,용산구,1969,Bike
2024-02-16,은평구,2368,Bike
2024-02-16,종로구,3593,Bike
2024-02-16,중구,2608,Bike
2024-02-16,중랑구,2810,Bike
2024-02-17,강남구,2902,Bike
2024-02-17,강동구,4133,Bike
2024-02-17,강북구,1416,Bike
2024-02-17,강서구,9658,Bike
2024-02-17,관악구,2389,Bike
2024-02-17,광진구,4526,Bike
2024-02-17,구로구,3508,Bike
2024-02-17,금천구,1211,Bike
2024-02-17,노원구,5771,Bike
2024-02-17,도봉구,2139,Bike
2024-02-17,동대문구,2937,Bike
2024-02-17,동작구,1991,Bike
2024-02-17,마포구,4362,Bike
2024-02-17,서대문구,1856,Bike
2024-02-17,서초구,2655,Bike
2024-02-17,성동구,3434,Bike
2024-02-17,성북구,2045,Bike
2024-02-17,송파구,8742,Bike
2024-02-17,양천구,5807,Bike
2024-02-17,영등포구,7432,Bike
2024-02-17,용산구,2179,Bike
2024-02-17,은평구,2412,Bike
2024-02-17,종로구,2678,Bike
2024-02-17,중구,1718,Bike
2024-02-17,중랑구,2764,Bike
2024-02-18,강남구,1337,Bike
2024-02-18,강동구,2068,Bike
2024-02-18,강북구,643,Bike
2024-02-18,강서구,3829,Bike
2024-02-18,관악구,1077,Bike
2024-02-18,광진구,2132,Bike
2024-02-18,구로구,1508,Bike
2024-02-18,금천구,481,Bike
2024-02-18,노원구,2671,Bike
2024-02-18,도봉구,929,Bike
2024-02-18,동대문구,1373,Bike
2024-02-18,동작구,878,Bike
2024-02-18,마포구,1865,Bike
2024-02-18,서대문구,833,Bike
2024-02-18,서초구,1049,Bike
2024-02-18,성동구,1455,Bike
2024-02-18,성북구,924,Bike
2024-02-18,송파구,3956,Bike
2024-02-18,양천구,2569,Bike
2024-02-18,영등포구,3099,Bike
2024-02-18,용산구,799,Bike
2024-02-18,은평구,1026,Bike
2024-02-18,종로구,1166,Bike
2024-02-18,중구,689,Bike
2024-02-18,중랑구,1270,Bike
2024-02-19,강남구,1267,Bike
2024-02-19,강동구,1533,Bike
2024-02-19,강북구,586,Bike
2024-02-19,강서구,6067,Bike
2024-02-19,관악구,842,Bike
2024-02-19,광진구,1872,Bike
2024-02-19,구로구,1684,Bike
2024-02-19,금천구,799,Bike
2024-02-19,노원구,2433,Bike
2024-02-19,도봉구,887,Bike
2024-02-19,동대문구,1136,Bike
2024-02-19,동작구,668,Bike
2024-02-19,마포구,1701,Bike
2024-02-19,서대문구,765,Bike
2024-02-19,서초구,1112,Bike
2024-02-19,성동구,1499,Bike
2024-02-19,성북구,796,Bike
2024-02-19,송파구,3639,Bike
2024-02-19,양천구,2922,Bike
2024-02-19,영등포구,3647,Bike
2024-02-19,용산구,615,Bike
2024-02-19,은평구,789,Bike
2024-02-19,종로구,1337,Bike
2024-02-19,중구,961,Bike
2024-02-19,중랑구,1003,Bike
2024-02-20,강남구,1732,Bike
2024-02-20,강동구,2473,Bike
2024-02-20,강북구,729,Bike
2024-02-20,강서구,7535,Bike
2024-02-20,관악구,1273,Bike
2024-02-20,광진구,2743,Bike
2024-02-20,구로구,2189,Bike
2024-02-20,금천구,1089,Bike
2024-02-20,노원구,3244,Bike
2024-02-20,도봉구,1134,Bike
2024-02-20,동대문구,1862,Bike
2024-02-20,동작구,1048,Bike
2024-02-20,마포구,2349,Bike
2024-02-20,서대문구,1054,Bike
2024-02-20,서초구,1418,Bike
2024-02-20,성동구,2145,Bike
2024-02-20,성북구,1162,Bike
2024-02-20,송파구,4846,Bike
2024-02-20,양천구,3511,Bike
2024-02-20,영등포구,4755,Bike
2024-02-20,용산구,939,Bike
2024-02-20,은평구,1232,Bike
2024-02-20,종로구,2130,Bike
2024-02-20,중구,1444,Bike
2024-02-20,중랑구,1480,Bike
2024-02-21,강남구,332,Bike
2024-02-21,강동구,385,Bike
2024-02-21,강북구,179,Bike
2024-02-21,강서구,1459,Bike
2024-02-21,관악구,197,Bike
2024-02-21,광진구,479,Bike
2024-02-21,구로구,357,Bike
2024-02-21,금천구,172,Bike
2024-02-21,노원구,690,Bike
2024-02-21,도봉구,246,Bike
2024-02-21,동대문구,319,Bike
2024-02-21,동작구,144,Bike
2024-02-21,마포구,358,Bike
2024-02-21,서대문구,203,Bike
2024-02-21,서초구,265,Bike
2024-02-21,성동구,376,Bike
2024-02-21,성북구,232,Bike
2024-02-21,송파구,812,Bike
2024-02-21,양천구,659,Bike
2024-02-21,영등포구,704,Bike
2024-02-21,용산구,159,Bike
2024-02-21,은평구,248,Bike
2024-02-21,종로구,370,Bike
2024-02-21,중구,251,Bike
2024-02-21,중랑구,281,Bike
2024-02-22,강남구,806,Bike
2024-02-22,강동구,1465,Bike
2024-02-22,강북구,451,Bike
2024-02-22,강서구,4487,Bike
2024-02-22,관악구,473,Bike
2024-02-22,광진구,1448,Bike
2024-02-22,구로구,1077,Bike
2024-02-22,금천구,579,Bike
2024-02-22,노원구,2238,Bike
2024-02-22,도봉구,777,Bike
2024-02-22,동대문구,942,Bike
2024-02-22,동작구,384,Bike
2024-02-22,마포구,1284,Bike
2024-02-22,서대문구,493,Bike
2024-02-22,서초구,740,Bike
2024-02-22,성동구,1142,Bike
2024-02-22,성북구,595,Bike
2024-02-22,송파구,2576,Bike
2024-02-22,양천구,1967,Bike
2024-02-22,영등포구,2503,Bike
2024-02-22,용산구,403,Bike
2024-02-22,은평구,806,Bike
2024-02-22,종로구,1072,Bike
2024-02-22,중구,721,Bike
2024-02-22,중랑구,856,Bike
2024-02-23,강남구,2432,Bike
2024-02-23,강동구,3368,Bike
2024-02-23,강북구,1043,Bike
2024-02-23,강서구,10530,Bike
2024-02-23,관악구,1645,Bike
2024-02-23,광진구,3356,Bike
2024-02-23,구로구,3000,Bike
2024-02-23,금천구,1437,Bike
2024-02-23,노원구,4678,Bike
2024-02-23,도봉구,1733,Bike
2024-02-23,동대문구,2382,Bike
2024-02-23,동작구,1276,Bike
2024-02-23,마포구,3375,Bike
2024-02-23,서대문구,1443,Bike
2024-02-23,서초구,2135,Bike
2024-02-23,성동구,2945,Bike
2024-02-23,성북구,1511,Bike
2024-02-23,송파구,6695,Bike
2024-02-23,양천구,4798,Bike
2024-02-23,영등포구,6939,Bike
2024-02-23,용산구,1390,Bike
2024-02-23,은평구,2013,Bike
2024-02-23,종로구,2889,Bike
2024-02-23,중구,2112,Bike
2024-02-23,중랑구,2127,Bike
2024-02-24,강남구,1710,Bike
2024-02-24,강동구,2732,Bike
2024-02-24,강북구,894,Bike
2024-02-24,강서구,6471,Bike
2024-02-24,관악구,1366,Bike
2024-02-24,광진구,2638,Bike
2024-02-24,구로구,2307,Bike
2024-02-24,금천구,779,Bike
2024-02-24,노원구,3967,Bike
2024-02-24,도봉구,1465,Bike
2024-02-24,동대문구,1825,Bike
2024-02-24,동작구,1103,Bike
2024-02-24,마포구,2558,Bike
2024-02-24,서대문구,1202,Bike
2024-02-24,서초구,1589,Bike
2024-02-24,성동구,1878,Bike
2024-02-24,성북구,1308,Bike
2024-02-24,송파구,5259,Bike
2024-02-24,양천구,3976,Bike
2024-02-24,영등포구,4311,Bike
2024-02-24,용산구,1071,Bike
2024-02-24,은평구,1626,Bike
2024-02-24,종로구,1808,Bike
2024-02-24,중구,1044,Bike
2024-02-24,중랑구,1771,Bike
2024-02-25,강남구,1578,Bike
2024-02-25,강동구,2394,Bike
2024-02-25,강북구,816,Bike
2024-02-25,강서구,5595,Bike
2024-02-25,관악구,1230,Bike
2024-02-25,광진구,2463,Bike
2024-02-25,구로구,1950,Bike
2024-02-25,금천구,641,Bike
2024-02-25,노원구,3558,Bike
2024-02-25,도봉구,1392,Bike
2024-02-25,동대문구,1728,Bike
2024-02-25,동작구,1042,Bike
2024-02-25,마포구,2518,Bike
2024-02-25,서대문구,1079,Bike
2024-02-25,서초구,1289,Bike
2024-02-25,성동구,1805,Bike
2024-02-25,성북구,1170,Bike
2024-02-25,송파구,4714,Bike
2024-02-25,양천구,3311,Bike
2024-02-25,영등포구,4033,Bike
2024-02-25,용산구,1072,Bike
2024-02-25,은평구,1226,Bike
2024-02-25,종로구,1471,Bike
2024-02-25,중구,947,Bike
2024-02-25,중랑구,1532,Bike
2024-02-26,강남구,3341,Bike
2024-02-26,강동구,4122,Bike
2024-02-26,강북구,1344,Bike
2024-02-26,강서구,12601,Bike
2024-02-26,관악구,2094,Bike
2024-02-26,광진구,4544,Bike
2024-02-26,구로구,3970,Bike
2024-02-26,금천구,1974,Bike
2024-02-26,노원구,5870,Bike
2024-02-26,도봉구,2156,Bike
2024-02-26,동대문구,3122,Bike
2024-02-26,동작구,1772,Bike
2024-02-26,마포구,4564,Bike
2024-02-26,서대문구,1913,Bike
2024-02-26,서초구,2895,Bike
2024-02-26,성동구,3930,Bike
2024-02-26,성북구,2098,Bike
2024-02-26,송파구,9007,Bike
2024-02-26,양천구,5793,Bike
2024-02-26,영등포구,8915,Bike
2024-02-26,용산구,1949,Bike
2024-02-26,은평구,2256,Bike
2024-02-26,종로구,3848,Bike
2024-02-26,중구,2761,Bike
2024-02-26,중랑구,2857,Bike
2024-02-27,강남구,3557,Bike
2024-02-27,강동구,4429,Bike
2024-02-27,강북구,1461,Bike
2024-02-27,강서구,13382,Bike
2024-02-27,관악구,2328,Bike
2024-02-27,광진구,4783,Bike
2024-02-27,구로구,4125,Bike
2024-02-27,금천구,2138,Bike
2024-02-27,노원구,6195,Bike
2024-02-27,도봉구,2219,Bike
2024-02-27,동대문구,3251,Bike
2024-02-27,동작구,2010,Bike
2024-02-27,마포구,4757,Bike
2024-02-27,서대문구,2017,Bike
2024-02-27,서초구,3126,Bike
2024-02-27,성동구,4212,Bike
2024-02-27,성북구,2264,Bike
2024-02-27,송파구,9428,Bike
2024-02-27,양천구,6110,Bike
2024-02-27,영등포구,9301,Bike
2024-02-27,용산구,2097,Bike
2024-02-27,은평구,2465,Bike
2024-02-27,종로구,4085,Bike
2024-02-27,중구,2808,Bike
2024-02-27,중랑구,2991,Bike
2024-02-28,강남구,3689,Bike
2024-02-28,강동구,4766,Bike
2024-02-28,강북구,1514,Bike
2024-02-28,강서구,13843,Bike
2024-02-28,관악구,2437,Bike
2024-02-28,광진구,5035,Bike
2024-02-28,구로구,4269,Bike
2024-02-28,금천구,2162,Bike
2024-02-28,노원구,6301,Bike
2024-02-28,도봉구,2314,Bike
2024-02-28,동대문구,3447,Bike
2024-02-28,동작구,2058,Bike
2024-02-28,마포구,5043,Bike
2024-02-28,서대문구,2181,Bike
2024-02-28,서초구,3085,Bike
2024-02-28,성동구,4330,Bike
2024-02-28,성북구,2431,Bike
2024-02-28,송파구,9791,Bike
2024-02-28,양천구,6603,Bike
2024-02-28,영등포구,9757,Bike
2024-02-28,용산구,2106,Bike
2024-02-28,은평구,2546,Bike
2024-02-28,종로구,4390,Bike
2024-02-28,중구,3098,Bike
2024-02-28,중랑구,2970,Bike
2024-02-29,강남구,3486,Bike
2024-02-29,강동구,4452,Bike
2024-02-29,강북구,1317,Bike
2024-02-29,강서구,12903,Bike
2024-02-29,관악구,2218,Bike
2024-02-29,광진구,4676,Bike
2024-02-29,구로구,4159,Bike
2024-02-29,금천구,2099,Bike
2024-02-29,노원구,6411,Bike
2024-02-29,도봉구,2182,Bike
2024-02-29,동대문구,3343,Bike
2024-02-29,동작구,1750,Bike
2024-02-29,마포구,4573,Bike
2024-02-29,서대문구,2065,Bike
2024-02-29,서초구,2907,Bike
2024-02-29,성동구,4006,Bike
2024-02-29,성북구,2283,Bike
2024-02-29,송파구,9138,Bike
2024-02-29,양천구,6069,Bike
2024-02-29,영등포구,9081,Bike
2024-02-29,용산구,1845,Bike
2024-02-29,은평구,2633,Bike
2024-02-29,종로구,4074,Bike
2024-02-29,중구,2685,Bike
2024-02-29,중랑구,2728,Bike
2024-03-01,강남구,1303,Bike
2024-03-01,강동구,2227,Bike
2024-03-01,강북구,710,Bike
2024-03-01,강서구,5138,Bike
2024-03-01,관악구,1239,Bike
2024-03-01,광진구,2256,Bike
2024-03-01,구로구,1691,Bike
2024-03-01,금천구,631,Bike
2024-03-01,노원구,3112,Bike
2024-03-01,도봉구,1187,Bike
2024-03-01,동대문구,1568,Bike
2024-03-01,동작구,889,Bike
2024-03-01,마포구,2093,Bike
2024-03-01,서대문구,1019,Bike
2024-03-01,서초구,1151,Bike
2024-03-01,성동구,1543,Bike
2024-03-01,성북구,1189,Bike
2024-03-01,송파구,4256,Bike
2024-03-01,양천구,2845,Bike
2024-03-01,영등포구,3486,Bike
2024-03-01,용산구,888,Bike
2024-03-01,은평구,1297,Bike
2024-03-01,종로구,1369,Bike
2024-03-01,중구,968,Bike
2024-03-01,중랑구,1544,Bike
2024-03-02,강남구,1593,Bike
2024-03-02,강동구,2700,Bike
2024-03-02,강북구,881,Bike
2024-03-02,강서구,6298,Bike
2024-03-02,관악구,1441,Bike
2024-03-02,광진구,2662,Bike
2024-03-02,구로구,2098,Bike
2024-03-02,금천구,726,Bike
2024-03-02,노원구,3865,Bike
2024-03-02,도봉구,1451,Bike
2024-03-02,동대문구,1736,Bike
2024-03-02,동작구,1101,Bike
2024-03-02,마포구,2550,Bike
2024-03-02,서대문구,1195,Bike
2024-03-02,서초구,1460,Bike
2024-03-02,성동구,1850,Bike
2024-03-02,성북구,1269,Bike
2024-03-02,송파구,5181,Bike
2024-03-02,양천구,3935,Bike
2024-03-02,영등포구,4172,Bike
2024-03-02,용산구,1012,Bike
2024-03-02,은평구,1614,Bike
2024-03-02,종로구,1669,Bike
2024-03-02,중구,1118,Bike
2024-03-02,중랑구,1761,Bike
2024-03-03,강남구,1995,Bike
2024-03-03,강동구,3137,Bike
2024-03-03,강북구,1070,Bike
2024-03-03,강서구,6908,Bike
2024-03-03,관악구,1798,Bike
2024-03-03,광진구,3414,Bike
2024-03-03,구로구,2555,Bike
2024-03-03,금천구,848,Bike
2024-03-03,노원구,4756,Bike
2024-03-03,도봉구,1672,Bike
2024-03-03,동대문구,2195,Bike
2024-03-03,동작구,1392,Bike
2024-03-03,마포구,3115,Bike
2024-03-03,서대문구,1565,Bike
2024-03-03,서초구,1750,Bike
2024-03-03,성동구,2415,Bike
2024-03-03,성북구,1596,Bike
2024-03-03,송파구,6449,Bike
2024-03-03,양천구,4345,Bike
2024-03-03,영등포구,5233,Bike
2024-03-03,용산구,1397,Bike
2024-03-03,은평구,1730,Bike
2024-03-03,종로구,1955,Bike
2024-03-03,중구,1127,Bike
2024-03-03,중랑구,2075,Bike
2024-03-04,강남구,3593,Bike
2024-03-04,강동구,4624,Bike
2024-03-04,강북구,1481,Bike
2024-03-04,강서구,13397,Bike
2024-03-04,관악구,2382,Bike
2024-03-04,광진구,5174,Bike
2024-03-04,구로구,4341,Bike
2024-03-04,금천구,2215,Bike
2024-03-04,노원구,6704,Bike
2024-03-04,도봉구,2399,Bike
2024-03-04,동대문구,3627,Bike
2024-03-04,동작구,1977,Bike
2024-03-04,마포구,4854,Bike
2024-03-04,서대문구,2194,Bike
2024-03-04,서초구,3106,Bike
2024-03-04,성동구,4335,Bike
2024-03-04,성북구,2522,Bike
2024-03-04,송파구,9576,Bike
2024-03-04,양천구,6365,Bike
2024-03-04,영등포구,9518,Bike
2024-03-04,용산구,2001,Bike
2024-03-04,은평구,2625,Bike
2024-03-04,종로구,4268,Bike
2024-03-04,중구,2886,Bike
2024-03-04,중랑구,3106,Bike
2024-03-05,강남구,3734,Bike
2024-03-05,강동구,4657,Bike
2024-03-05,강북구,1448,Bike
2024-03-05,강서구,14030,Bike
2024-03-05,관악구,2357,Bike
2024-03-05,광진구,5422,Bike
2024-03-05,구로구,4455,Bike
2024-03-05,금천구,2118,Bike
2024-03-05,노원구,6798,Bike
2024-03-05,도봉구,2401,Bike
2024-03-05,동대문구,3732,Bike
2024-03-05,동작구,2013,Bike
2024-03-05,마포구,5003,Bike
2024-03-05,서대문구,2388,Bike
2024-03-05,서초구,3243,Bike
2024-03-05,성동구,4298,Bike
2024-03-05,성북구,2635,Bike
2024-03-05,송파구,9931,Bike
2024-03-05,양천구,6538,Bike
2024-03-05,영등포구,9527,Bike
2024-03-05,용산구,1998,Bike
2024-03-05,은평구,2525,Bike
2024-03-05,종로구,4471,Bike
2024-03-05,중구,3011,Bike
2024-03-05,중랑구,3095,Bike
2024-03-06,강남구,3887,Bike
2024-03-06,강동구,4718,Bike
2024-03-06,강북구,1503,Bike
2024-03-06,강서구,14781,Bike
2024-03-06,관악구,2537,Bike
2024-03-06,광진구,5607,Bike
2024-03-06,구로구,4817,Bike
2024-03-06,금천구,2327,Bike
2024-03-06,노원구,7382,Bike
2024-03-06,도봉구,2589,Bike
2024-03-06,동대문구,4017,Bike
2024-03-06,동작구,2147,Bike
2024-03-06,마포구,5256,Bike
2024-03-06,서대문구,2455,Bike
2024-03-06,서초구,3423,Bike
2024-03-06,성동구,4617,Bike
2024-03-06,성북구,2748,Bike
2024-03-06,송파구,10374,Bike
2024-03-06,양천구,6917,Bike
2024-03-06,영등포구,10027,Bike
2024-03-06,용산구,2140,Bike
2024-03-06,은평구,2782,Bike
2024-03-06,종로구,4532,Bike
2024-03-06,중구,3197,Bike
2024-03-06,중랑구,3233,Bike
2024-03-07,강남구,3149,Bike
2024-03-07,강동구,4026,Bike
2024-03-07,강북구,1104,Bike
2024-03-07,강서구,13225,Bike
2024-03-07,관악구,2377,Bike
2024-03-07,광진구,4560,Bike
2024-03-07,구로구,4394,Bike
2024-03-07,금천구,2213,Bike
2024-03-07,노원구,5417,Bike
2024-03-07,도봉구,1837,Bike
2024-03-07,동대문구,3372,Bike
2024-03-07,동작구,1838,Bike
2024-03-07,마포구,4116,Bike
2024-03-07,서대문구,1978,Bike
2024-03-07,서초구,2983,Bike
2024-03-07,성동구,3558,Bike
2024-03-07,성북구,2228,Bike
2024-03-07,송파구,8287,Bike
2024-03-07,양천구,6453,Bike
2024-03-07,영등포구,9165,Bike
2024-03-07,용산구,1636,Bike
2024-03-07,은평구,2267,Bike
2024-03-07,종로구,3645,Bike
2024-03-07,중구,2460,Bike
2024-03-07,중랑구,2773,Bike
2024-03-08,강남구,3128,Bike
2024-03-08,강동구,4283,Bike
2024-03-08,강북구,1239,Bike
2024-03-08,강서구,12948,Bike
2024-03-08,관악구,2094,Bike
2024-03-08,광진구,4523,Bike
2024-03-08,구로구,4036,Bike
2024-03-08,금천구,2025,Bike
2024-03-08,노원구,6228,Bike
2024-03-08,도봉구,2241,Bike
2024-03-08,동대문구,3356,Bike
2024-03-08,동작구,1726,Bike
2024-03-08,마포구,4400,Bike
2024-03-08,서대문구,2040,Bike
2024-03-08,서초구,2842,Bike
2024-03-08,성동구,3854,Bike
2024-03-08,성북구,2256,Bike
2024-03-08,송파구,9031,Bike
2024-03-08,양천구,6175,Bike
2024-03-08,영등포구,8614,Bike
2024-03-08,용산구,1811,Bike
2024-03-08,은평구,2414,Bike
2024-03-08,종로구,3986,Bike
2024-03-08,중구,2646,Bike
2024-03-08,중랑구,2802,Bike
2024-03-09,강남구,2536,Bike
2024-03-09,강동구,3704,Bike
2024-03-09,강북구,1155,Bike
2024-03-09,강서구,8729,Bike
2024-03-09,관악구,1952,Bike
2024-03-09,광진구,3751,Bike
2024-03-09,구로구,3022,Bike
2024-03-09,금천구,1115,Bike
2024-03-09,노원구,5491,Bike
2024-03-09,도봉구,1979,Bike
2024-03-09,동대문구,2677,Bike
2024-03-09,동작구,1612,Bike
2024-03-09,마포구,3752,Bike
2024-03-09,서대문구,1586,Bike
2024-03-09,서초구,2285,Bike
2024-03-09,성동구,2820,Bike
2024-03-09,성북구,1721,Bike
2024-03-09,송파구,7791,Bike
2024-03-09,양천구,5277,Bike
2024-03-09,영등포구,6109,Bike
2024-03-09,용산구,1608,Bike
2024-03-09,은평구,2178,Bike
2024-03-09,종로구,2415,Bike
2024-03-09,중구,1496,Bike
2024-03-09,중랑구,2399,Bike
2024-03-10,강남구,2686,Bike
2024-03-10,강동구,3737,Bike
2024-03-10,강북구,1237,Bike
2024-03-10,강서구,7937,Bike
2024-03-10,관악구,2107,Bike
2024-03-10,광진구,4133,Bike
2024-03-10,구로구,3044,Bike
2024-03-10,금천구,1061,Bike
2024-03-10,노원구,5404,Bike
2024-03-10,도봉구,1992,Bike
2024-03-10,동대문구,2658,Bike
2024-03-10,동작구,1711,Bike
2024-03-10,마포구,5073,Bike
2024-03-10,서대문구,1935,Bike
2024-03-10,서초구,2461,Bike
2024-03-10,성동구,3097,Bike
2024-03-10,성북구,1969,Bike
2024-03-10,송파구,8135,Bike
2024-03-10,양천구,5169,Bike
2024-03-10,영등포구,6652,Bike
2024-03-10,용산구,2056,Bike
2024-03-10,은평구,2158,Bike
2024-03-10,종로구,2365,Bike
2024-03-10,중구,1509,Bike
2024-03-10,중랑구,2304,Bike
2024-03-11,강남구,3847,Bike
2024-03-11,강동구,4881,Bike
2024-03-11,강북구,1466,Bike
2024-03-11,강서구,14708,Bike
2024-03-11,관악구,2460,Bike
2024-03-11,광진구,5406,Bike
2024-03-11,구로구,4772,Bike
2024-03-11,금천구,2329,Bike
2024-03-11,노원구,7068,Bike
2024-03-11,도봉구,2493,Bike
2024-03-11,동대문구,3790,Bike
2024-03-11,동작구,2183,Bike
2024-03-11,마포구,5323,Bike
2024-03-11,서대문구,2291,Bike
2024-03-11,서초구,3253,Bike
2024-03-11,성동구,4558,Bike
2024-03-11,성북구,2623,Bike
2024-03-11,송파구,10213,Bike
2024-03-11,양천구,6679,Bike
2024-03-11,영등포구,10088,Bike
2024-03-11,용산구,2057,Bike
2024-03-11,은평구,2624,Bike
2024-03-11,종로구,4547,Bike
2024-03-11,중구,3029,Bike
2024-03-11,중랑구,3188,Bike
2024-03-12,강남구,2408,Bike
2024-03-12,강동구,3519,Bike
2024-03-12,강북구,1150,Bike
2024-03-12,강서구,11668,Bike
2024-03-12,관악구,1610,Bike
2024-03-12,광진구,4148,Bike
2024-03-12,구로구,3034,Bike
2024-03-12,금천구,1282,Bike
2024-03-12,노원구,5606,Bike
2024-03-12,도봉구,2115,Bike
2024-03-12,동대문구,3098,Bike
2024-03-12,동작구,1239,Bike
2024-03-12,마포구,3199,Bike
2024-03-12,서대문구,1504,Bike
2024-03-12,서초구,1740,Bike
2024-03-12,성동구,3283,Bike
2024-03-12,성북구,2071,Bike
2024-03-12,송파구,7267,Bike
2024-03-12,양천구,5203,Bike
2024-03-12,영등포구,5907,Bike
2024-03-12,용산구,1041,Bike
2024-03-12,은평구,1740,Bike
2024-03-12,종로구,2691,Bike
2024-03-12,중구,1886,Bike
2024-03-12,중랑구,2294,Bike
2024-03-13,강남구,4133,Bike
2024-03-13,강동구,5135,Bike
2024-03-13,강북구,1539,Bike
2024-03-13,강서구,15243,Bike
2024-03-13,관악구,2525,Bike
2024-03-13,광진구,6095,Bike
2024-03-13,구로구,4691,Bike
2024-03-13,금천구,2358,Bike
2024-03-13,노원구,7554,Bike
2024-03-13,도봉구,2725,Bike
2024-03-13,동대문구,4132,Bike
2024-03-13,동작구,2177,Bike
2024-03-13,마포구,5713,Bike
2024-03-13,서대문구,2445,Bike
2024-03-13,서초구,3368,Bike
2024-03-13,성동구,4733,Bike
2024-03-13,성북구,2908,Bike
2024-03-13,송파구,10941,Bike
2024-03-13,양천구,6881,Bike
2024-03-13,영등포구,10397,Bike
2024-03-13,용산구,2322,Bike
2024-03-13,은평구,2942,Bike
2024-03-13,종로구,4677,Bike
2024-03-13,중구,3262,Bike
2024-03-13,중랑구,3370,Bike
2024-03-14,강남구,4192,Bike
2024-03-14,강동구,5500,Bike
2024-03-14,강북구,1631,Bike
2024-03-14,강서구,15406,Bike
2024-03-14,관악구,2640,Bike
2024-03-14,광진구,6322,Bike
2024-03-14,구로구,5024,Bike
2024-03-14,금천구,2529,Bike
2024-03-14,노원구,7993,Bike
2024-03-14,도봉구,2807,Bike
2024-03-14,동대문구,4266,Bike
2024-03-14,동작구,2282,Bike
2024-03-14,마포구,5925,Bike
2024-03-14,서대문구,2610,Bike
2024-03-14,서초구,3707,Bike
2024-03-14,성동구,5005,Bike
2024-03-14,성북구,3028,Bike
2024-03-14,송파구,11640,Bike
2024-03-14,양천구,7287,Bike
2024-03-14,영등포구,11166,Bike
2024-03-14,용산구,2411,Bike
2024-03-14,은평구,3028,Bike
2024-03-14,종로구,5144,Bike
2024-03-14,중구,3442,Bike
2024-03-14,중랑구,3481,Bike
2024-03-15,강남구,4511,Bike
2024-03-15,강동구,5626,Bike
2024-03-15,강북구,1668,Bike
2024-03-15,강서구,15904,Bike
2024-03-15,관악구,2774,Bike
2024-03-15,광진구,6386,Bike
2024-03-15,구로구,5241,Bike
2024-03-15,금천구,2525,Bike
2024-03-15,노원구,8272,Bike
2024-03-15,도봉구,2900,Bike
2024-03-15,동대문구,4255,Bike
2024-03-15,동작구,2464,Bike
2024-03-15,마포구,6234,Bike
2024-03-15,서대문구,2686,Bike
2024-03-15,서초구,3901,Bike
2024-03-15,성동구,5244,Bike
2024-03-15,성북구,2829,Bike
2024-03-15,송파구,12219,Bike
2024-03-15,양천구,7424,Bike
2024-03-15,영등포구,11246,Bike
2024-03-15,용산구,2624,Bike
2024-03-15,은평구,3232,Bike
2024-03-15,종로구,4988,Bike
2024-03-15,중구,3635,Bike
2024-03-15,중랑구,3640,Bike
2024-03-16,강남구,3888,Bike
2024-03-16,강동구,5256,Bike
2024-03-16,강북구,1624,Bike
2024-03-16,강서구,11909,Bike
2024-03-16,관악구,2828,Bike
2024-03-16,광진구,6345,Bike
2024-03-16,구로구,4084,Bike
2024-03-16,금천구,1513,Bike
2024-03-16,노원구,7585,Bike
2024-03-16,도봉구,2725,Bike
2024-03-16,동대문구,3749,Bike
2024-03-16,동작구,2666,Bike
2024-03-16,마포구,7255,Bike
2024-03-16,서대문구,2606,Bike
2024-03-16,서초구,3813,Bike
2024-03-16,성동구,5062,Bike
2024-03-16,성북구,2598,Bike
2024-03-16,송파구,11852,Bike
2024-03-16,양천구,7138,Bike
2024-03-16,영등포구,10016,Bike
2024-03-16,용산구,3423,Bike
2024-03-16,은평구,3171,Bike
2024-03-16,종로구,3725,Bike
2024-03-16,중구,2281,Bike
2024-03-16,중랑구,3414,Bike
2024-03-17,강남구,2730,Bike
2024-03-17,강동구,4210,Bike
2024-03-17,강북구,1354,Bike
2024-03-17,강서구,8466,Bike
2024-03-17,관악구,2294,Bike
2024-03-17,광진구,4924,Bike
2024-03-17,구로구,3268,Bike
2024-03-17,금천구,1079,Bike
2024-03-17,노원구,5924,Bike
2024-03-17,도봉구,2029,Bike
2024-03-17,동대문구,3097,Bike
2024-03-17,동작구,1770,Bike
2024-03-17,마포구,4714,Bike
2024-03-17,서대문구,2020,Bike
2024-03-17,서초구,2419,Bike
2024-03-17,성동구,3583,Bike
2024-03-17,성북구,2203,Bike
2024-03-17,송파구,9592,Bike
2024-03-17,양천구,5236,Bike
2024-03-17,영등포구,6842,Bike
2024-03-17,용산구,2058,Bike
2024-03-17,은평구,2389,Bike
2024-03-17,종로구,2690,Bike
2024-03-17,중구,1788,Bike
2024-03-17,중랑구,2791,Bike
2024-03-18,강남구,4060,Bike
2024-03-18,강동구,5339,Bike
2024-03-18,강북구,1538,Bike
2024-03-18,강서구,15155,Bike
2024-03-18,관악구,2546,Bike
2024-03-18,광진구,6080,Bike
2024-03-18,구로구,5009,Bike
2024-03-18,금천구,2434,Bike
2024-03-18,노원구,7608,Bike
2024-03-18,도봉구,2891,Bike
2024-03-18,동대문구,4151,Bike
2024-03-18,동작구,2341,Bike
2024-03-18,마포구,5710,Bike
2024-03-18,서대문구,2533,Bike
2024-03-18,서초구,3596,Bike
2024-03-18,성동구,4821,Bike
2024-03-18,성북구,2983,Bike
2024-03-18,송파구,10919,Bike
2024-03-18,양천구,7235,Bike
2024-03-18,영등포구,11070,Bike
2024-03-18,용산구,2320,Bike
2024-03-18,은평구,2888,Bike
2024-03-18,종로구,4911,Bike
2024-03-18,중구,3331,Bike
2024-03-18,중랑구,3434,Bike
2024-03-19,강남구,3163,Bike
2024-03-19,강동구,4505,Bike
2024-03-19,강북구,1219,Bike
2024-03-19,강서구,13414,Bike
2024-03-19,관악구,2153,Bike
2024-03-19,광진구,5155,Bike
2024-03-19,구로구,4159,Bike
2024-03-19,금천구,2098,Bike
2024-03-19,노원구,6454,Bike
2024-03-19,도봉구,2152,Bike
2024-03-19,동대문구,3505,Bike
2024-03-19,동작구,1810,Bike
2024-03-19,마포구,4588,Bike
2024-03-19,서대문구,2170,Bike
2024-03-19,서초구,2757,Bike
2024-03-19,성동구,4006,Bike
2024-03-19,성북구,2436,Bike
2024-03-19,송파구,9015,Bike
2024-03-19,양천구,6426,Bike
2024-03-19,영등포구,8957,Bike
2024-03-19,용산구,1712,Bike
2024-03-19,은평구,2478,Bike
2024-03-19,종로구,4074,Bike
2024-03-19,중구,2708,Bike
2024-03-19,중랑구,2704,Bike
2024-03-20,강남구,3495,Bike
2024-03-20,강동구,4883,Bike
2024-03-20,강북구,1423,Bike
2024-03-20,강서구,14430,Bike
2024-03-20,관악구,2396,Bike
2024-03-20,광진구,5639,Bike
2024-03-20,구로구,4580,Bike
2024-03-20,금천구,2147,Bike
2024-03-20,노원구,7096,Bike
2024-03-20,도봉구,2424,Bike
2024-03-20,동대문구,3870,Bike
2024-03-20,동작구,2038,Bike
2024-03-20,마포구,5040,Bike
2024-03-20,서대문구,2359,Bike
2024-03-20,서초구,3076,Bike
2024-03-20,성동구,4332,Bike
2024-03-20,성북구,2610,Bike
2024-03-20,송파구,9939,Bike
2024-03-20,양천구,6684,Bike
2024-03-20,영등포구,9678,Bike
2024-03-20,용산구,1916,Bike
2024-03-20,은평구,2657,Bike
2024-03-20,종로구,4403,Bike
2024-03-20,중구,2980,Bike
2024-03-20,중랑구,3126,Bike
2024-03-21,강남구,4024,Bike
2024-03-21,강동구,5304,Bike
2024-03-21,강북구,1478,Bike
2024-03-21,강서구,15017,Bike
2024-03-21,관악구,2597,Bike
2024-03-21,광진구,6110,Bike
2024-03-21,구로구,4941,Bike
2024-03-21,금천구,2343,Bike
2024-03-21,노원구,7534,Bike
2024-03-21,도봉구,2595,Bike
2024-03-21,동대문구,4153,Bike
2024-03-21,동작구,2237,Bike
2024-03-21,마포구,6444,Bike
2024-03-21,서대문구,2614,Bike
2024-03-21,서초구,3442,Bike
2024-03-21,성동구,4898,Bike
2024-03-21,성북구,2838,Bike
2024-03-21,송파구,10987,Bike
2024-03-21,양천구,6885,Bike
2024-03-21,영등포구,10488,Bike
2024-03-21,용산구,2198,Bike
2024-03-21,은평구,2993,Bike
2024-03-21,종로구,4788,Bike
2024-03-21,중구,3200,Bike
2024-03-21,중랑구,3302,Bike
2024-03-22,강남구,2638,Bike
2024-03-22,강동구,3429,Bike
2024-03-22,강북구,927,Bike
2024-03-22,강서구,10757,Bike
2024-03-22,관악구,1821,Bike
2024-03-22,광진구,4077,Bike
2024-03-22,구로구,3500,Bike
2024-03-22,금천구,1593,Bike
2024-03-22,노원구,4779,Bike
2024-03-22,도봉구,1753,Bike
2024-03-22,동대문구,2706,Bike
2024-03-22,동작구,1493,Bike
2024-03-22,마포구,3657,Bike
2024-03-22,서대문구,1778,Bike
2024-03-22,서초구,2281,Bike
2024-03-22,성동구,2996,Bike
2024-03-22,성북구,1784,Bike
2024-03-22,송파구,7053,Bike
2024-03-22,양천구,5322,Bike
2024-03-22,영등포구,7185,Bike
2024-03-22,용산구,1413,Bike
2024-03-22,은평구,1934,Bike
2024-03-22,종로구,3244,Bike
2024-03-22,중구,2123,Bike
2024-03-22,중랑구,2174,Bike
2024-03-23,강남구,4239,Bike
2024-03-23,강동구,5536,Bike
2024-03-23,강북구,1675,Bike
2024-03-23,강서구,12042,Bike
2024-03-23,관악구,2779,Bike
2024-03-23,광진구,6651,Bike
2024-03-23,구로구,4441,Bike
2024-03-23,금천구,1665,Bike
2024-03-23,노원구,7717,Bike
2024-03-23,도봉구,2842,Bike
2024-03-23,동대문구,3880,Bike
2024-03-23,동작구,2875,Bike
2024-03-23,마포구,7571,Bike
2024-03-23,서대문구,2673,Bike
2024-03-23,서초구,3920,Bike
2024-03-23,성동구,5664,Bike
2024-03-23,성북구,2646,Bike
2024-03-23,송파구,12970,Bike
2024-03-23,양천구,7197,Bike
2024-03-23,영등포구,10987,Bike
2024-03-23,용산구,3773,Bike
2024-03-23,은평구,3280,Bike
2024-03-23,종로구,3668,Bike
2024-03-23,중구,2417,Bike
2024-03-23,중랑구,3534,Bike
2024-03-24,강남구,4771,Bike
2024-03-24,강동구,5949,Bike
2024-03-24,강북구,1845,Bike
2024-03-24,강서구,12320,Bike
2024-03-24,관악구,3471,Bike
2024-03-24,광진구,8232,Bike
2024-03-24,구로구,4914,Bike
2024-03-24,금천구,1771,Bike
2024-03-24,노원구,7704,Bike
2024-03-24,도봉구,3012,Bike
2024-03-24,동대문구,4296,Bike
2024-03-24,동작구,3520,Bike
2024-03-24,마포구,9656,Bike
2024-03-24,서대문구,3019,Bike
2024-03-24,서초구,5495,Bike
2024-03-24,성동구,7175,Bike
2024-03-24,성북구,3075,Bike
2024-03-24,송파구,15070,Bike
2024-03-24,양천구,7441,Bike
2024-03-24,영등포구,13657,Bike
2024-03-24,용산구,5045,Bike
2024-03-24,은평구,3699,Bike
2024-03-24,종로구,4107,Bike
2024-03-24,중구,2668,Bike
2024-03-24,중랑구,3972,Bike
2024-03-25,강남구,1790,Bike
2024-03-25,강동구,2566,Bike
2024-03-25,강북구,746,Bike
2024-03-25,강서구,7532,Bike
2024-03-25,관악구,1125,Bike
2024-03-25,광진구,3411,Bike
2024-03-25,구로구,2375,Bike
2024-03-25,금천구,1113,Bike
2024-03-25,노원구,3511,Bike
2024-03-25,도봉구,1221,Bike
2024-03-25,동대문구,1948,Bike
2024-03-25,동작구,1069,Bike
2024-03-25,마포구,2589,Bike
2024-03-25,서대문구,1332,Bike
2024-03-25,서초구,1682,Bike
2024-03-25,성동구,2211,Bike
2024-03-25,성북구,1339,Bike
2024-03-25,송파구,5405,Bike
2024-03-25,양천구,3358,Bike
2024-03-25,영등포구,5147,Bike
2024-03-25,용산구,1037,Bike
2024-03-25,은평구,1374,Bike
2024-03-25,종로구,2198,Bike
2024-03-25,중구,1516,Bike
2024-03-25,중랑구,1638,Bike
2024-03-26,강남구,3185,Bike
2024-03-26,강동구,3767,Bike
2024-03-26,강북구,1117,Bike
2024-03-26,강서구,10348,Bike
2024-03-26,관악구,1702,Bike
2024-03-26,광진구,4498,Bike
2024-03-26,구로구,3351,Bike
2024-03-26,금천구,1633,Bike
2024-03-26,노원구,5569,Bike
2024-03-26,도봉구,1830,Bike
2024-03-26,동대문구,2910,Bike
2024-03-26,동작구,1531,Bike
2024-03-26,마포구,4372,Bike
2024-03-26,서대문구,1739,Bike
2024-03-26,서초구,2707,Bike
2024-03-26,성동구,3865,Bike
2024-03-26,성북구,1894,Bike
2024-03-26,송파구,7998,Bike
2024-03-26,양천구,5005,Bike
2024-03-26,영등포구,7960,Bike
2024-03-26,용산구,1798,Bike
2024-03-26,은평구,1984,Bike
2024-03-26,종로구,3394,Bike
2024-03-26,중구,2450,Bike
2024-03-26,중랑구,2481,Bike
2024-03-27,강남구,5185,Bike
2024-03-27,강동구,5968,Bike
2024-03-27,강북구,1737,Bike
2024-03-27,강서구,16993,Bike
2024-03-27,관악구,2800,Bike
2024-03-27,광진구,7395,Bike
2024-03-27,구로구,5413,Bike
2024-03-27,금천구,2705,Bike
2024-03-27,노원구,8250,Bike
2024-03-27,도봉구,3097,Bike
2024-03-27,동대문구,4784,Bike
2024-03-27,동작구,2670,Bike
2024-03-27,마포구,6810,Bike
2024-03-27,서대문구,2852,Bike
2024-03-27,서초구,4312,Bike
2024-03-27,성동구,6017,Bike
2024-03-27,성북구,3092,Bike
2024-03-27,송파구,12749,Bike
2024-03-27,양천구,7936,Bike
2024-03-27,영등포구,12914,Bike
2024-03-27,용산구,2887,Bike
2024-03-27,은평구,3375,Bike
2024-03-27,종로구,5658,Bike
2024-03-27,중구,3997,Bike
2024-03-27,중랑구,4005,Bike
2024-03-28,강남구,3157,Bike
2024-03-28,강동구,3264,Bike
2024-03-28,강북구,1287,Bike
2024-03-28,강서구,10373,Bike
2024-03-28,관악구,2118,Bike
2024-03-28,광진구,4304,Bike
2024-03-28,구로구,3350,Bike
2024-03-28,금천구,1668,Bike
2024-03-28,노원구,5792,Bike
2024-03-28,도봉구,1949,Bike
2024-03-28,동대문구,3539,Bike
2024-03-28,동작구,1740,Bike
2024-03-28,마포구,4081,Bike
2024-03-28,서대문구,2357,Bike
2024-03-28,서초구,2519,Bike
2024-03-28,성동구,3390,Bike
2024-03-28,성북구,2256,Bike
2024-03-28,송파구,6932,Bike
2024-03-28,양천구,5670,Bike
2024-03-28,영등포구,6936,Bike
2024-03-28,용산구,1804,Bike
2024-03-28,은평구,2532,Bike
2024-03-28,종로구,3636,Bike
2024-03-28,중구,2243,Bike
2024-03-28,중랑구,2538,Bike
2024-03-29,강남구,3248,Bike
2024-03-29,강동구,4064,Bike
2024-03-29,강북구,1151,Bike
2024-03-29,강서구,12043,Bike
2024-03-29,관악구,1890,Bike
2024-03-29,광진구,4729,Bike
2024-03-29,구로구,3696,Bike
2024-03-29,금천구,1716,Bike
2024-03-29,노원구,5724,Bike
2024-03-29,도봉구,1986,Bike
2024-03-29,동대문구,3210,Bike
2024-03-29,동작구,1659,Bike
2024-03-29,마포구,3906,Bike
2024-03-29,서대문구,1820,Bike
2024-03-29,서초구,2722,Bike
2024-03-29,성동구,3638,Bike
2024-03-29,성북구,2025,Bike
2024-03-29,송파구,7933,Bike
2024-03-29,양천구,6060,Bike
2024-03-29,영등포구,7796,Bike
2024-03-29,용산구,1686,Bike
2024-03-29,은평구,2255,Bike
2024-03-29,종로구,3386,Bike
2024-03-29,중구,2403,Bike
2024-03-29,중랑구,2786,Bike
2024-03-30,강남구,3883,Bike
2024-03-30,강동구,5302,Bike
2024-03-30,강북구,1589,Bike
2024-03-30,강서구,11451,Bike
2024-03-30,관악구,2526,Bike
2024-03-30,광진구,5890,Bike
2024-03-30,구로구,4105,Bike
2024-03-30,금천구,1431,Bike
2024-03-30,노원구,7389,Bike
2024-03-30,도봉구,2759,Bike
2024-03-30,동대문구,3770,Bike
2024-03-30,동작구,2380,Bike
2024-03-30,마포구,6246,Bike
2024-03-30,서대문구,2557,Bike
2024-03-30,서초구,3427,Bike
2024-03-30,성동구,4456,Bike
2024-03-30,성북구,2461,Bike
2024-03-30,송파구,10711,Bike
2024-03-30,양천구,7002,Bike
2024-03-30,영등포구,9429,Bike
2024-03-30,용산구,2794,Bike
2024-03-30,은평구,3095,Bike
2024-03-30,종로구,3702,Bike
2024-03-30,중구,2224,Bike
2024-03-30,중랑구,3420,Bike
2024-03-31,강남구,4734,Bike
2024-03-31,강동구,5777,Bike
2024-03-31,강북구,1751,Bike
2024-03-31,강서구,11693,Bike
2024-03-31,관악구,3038,Bike
2024-03-31,광진구,7149,Bike
2024-03-31,구로구,4560,Bike
2024-03-31,금천구,1699,Bike
2024-03-31,노원구,7661,Bike
2024-03-31,도봉구,2884,Bike
2024-03-31,동대문구,4034,Bike
2024-03-31,동작구,3065,Bike
2024-03-31,마포구,7477,Bike
2024-03-31,서대문구,2818,Bike
2024-03-31,서초구,4177,Bike
2024-03-31,성동구,5715,Bike
2024-03-31,성북구,2543,Bike
2024-03-31,송파구,13037,Bike
2024-03-31,양천구,7224,Bike
2024-03-31,영등포구,11529,Bike
2024-03-31,용산구,3811,Bike
2024-03-31,은평구,3416,Bike
2024-03-31,종로구,3432,Bike
2024-03-31,중구,2248,Bike
2024-03-31,중랑구,3727,Bike
2024-04-01,강남구,5764,Bike
2024-04-01,강동구,6407,Bike
2024-04-01,강북구,1885,Bike
2024-04-01,강서구,16579,Bike
2024-04-01,관악구,3021,Bike
2024-04-01,광진구,7816,Bike
2024-04-01,구로구,5792,Bike
2024-04-01,금천구,2784,Bike
2024-04-01,노원구,9073,Bike
2024-04-01,도봉구,3280,Bike
2024-04-01,동대문구,4851,Bike
2024-04-01,동작구,3079,Bike
2024-04-01,마포구,7535,Bike
2024-04-01,서대문구,3245,Bike
2024-04-01,서초구,4841,Bike
2024-04-01,성동구,6433,Bike
2024-04-01,성북구,3147,Bike
2024-04-01,송파구,14045,Bike
2024-04-01,양천구,8093,Bike
2024-04-01,영등포구,13844,Bike
2024-04-01,용산구,3229,Bike
2024-04-01,은평구,3702,Bike
2024-04-01,종로구,5740,Bike
2024-04-01,중구,4028,Bike
2024-04-01,중랑구,4185,Bike
2024-04-02,강남구,6562,Bike
2024-04-02,강동구,7090,Bike
2024-04-02,강북구,2116,Bike
2024-04-02,강서구,18454,Bike
2024-04-02,관악구,3501,Bike
2024-04-02,광진구,8665,Bike
2024-04-02,구로구,6431,Bike
2024-04-02,금천구,3104,Bike
2024-04-02,노원구,9672,Bike
2024-04-02,도봉구,3374,Bike
2024-04-02,동대문구,5378,Bike
2024-04-02,동작구,3467,Bike
2024-04-02,마포구,8739,Bike
2024-04-02,서대문구,3531,Bike
2024-04-02,서초구,5508,Bike
2024-04-02,성동구,7303,Bike
2024-04-02,성북구,3546,Bike
2024-04-02,송파구,16275,Bike
2024-04-02,양천구,9122,Bike
2024-04-02,영등포구,15503,Bike
2024-04-02,용산구,3612,Bike
2024-04-02,은평구,4039,Bike
2024-04-02,종로구,6379,Bike
2024-04-02,중구,4532,Bike
2024-04-02,중랑구,4634,Bike
2024-04-03,강남구,5049,Bike
2024-04-03,강동구,6245,Bike
2024-04-03,강북구,2045,Bike
2024-04-03,강서구,17790,Bike
2024-04-03,관악구,2943,Bike
2024-04-03,광진구,7901,Bike
2024-04-03,구로구,5993,Bike
2024-04-03,금천구,2557,Bike
2024-04-03,노원구,10001,Bike
2024-04-03,도봉구,3449,Bike
2024-04-03,동대문구,5171,Bike
2024-04-03,동작구,2988,Bike
2024-04-03,마포구,7967,Bike
2024-04-03,서대문구,3430,Bike
2024-04-03,서초구,4079,Bike
2024-04-03,성동구,6115,Bike
2024-04-03,성북구,3555,Bike
2024-04-03,송파구,12657,Bike
2024-04-03,양천구,8962,Bike
2024-04-03,영등포구,14118,Bike
2024-04-03,용산구,3165,Bike
2024-04-03,은평구,3964,Bike
2024-04-03,종로구,5955,Bike
2024-04-03,중구,4044,Bike
2024-04-03,중랑구,4438,Bike
2024-04-04,강남구,6119,Bike
2024-04-04,강동구,7284,Bike
2024-04-04,강북구,2232,Bike
2024-04-04,강서구,18299,Bike
2024-04-04,관악구,3455,Bike
2024-04-04,광진구,8680,Bike
2024-04-04,구로구,6637,Bike
2024-04-04,금천구,3244,Bike
2024-04-04,노원구,10111,Bike
2024-04-04,도봉구,3601,Bike
2024-04-04,동대문구,5593,Bike
2024-04-04,동작구,3380,Bike
2024-04-04,마포구,8379,Bike
2024-04-04,서대문구,3519,Bike
2024-04-04,서초구,5492,Bike
2024-04-04,성동구,7183,Bike
2024-04-04,성북구,3779,Bike
2024-04-04,송파구,16557,Bike
2024-04-04,양천구,9376,Bike
2024-04-04,영등포구,15079,Bike
2024-04-04,용산구,3603,Bike
2024-04-04,은평구,4204,Bike
2024-04-04,종로구,6317,Bike
2024-04-04,중구,4481,Bike
2024-04-04,중랑구,4914,Bike
2024-04-05,강남구,6704,Bike
2024-04-05,강동구,7494,Bike
2024-04-05,강북구,2281,Bike
2024-04-05,강서구,18853,Bike
2024-04-05,관악구,3447,Bike
2024-04-05,광진구,8633,Bike
2024-04-05,구로구,7214,Bike
2024-04-05,금천구,3192,Bike
2024-04-05,노원구,10293,Bike
2024-04-05,도봉구,3797,Bike
2024-04-05,동대문구,5464,Bike
2024-04-05,동작구,3403,Bike
2024-04-05,마포구,8851,Bike
2024-04-05,서대문구,3756,Bike
2024-04-05,서초구,5968,Bike
2024-04-05,성동구,7334,Bike
2024-04-05,성북구,3775,Bike
2024-04-05,송파구,17406,Bike
2024-04-05,양천구,10184,Bike
2024-04-05,영등포구,16510,Bike
2024-04-05,용산구,3818,Bike
2024-04-05,은평구,4528,Bike
2024-04-05,종로구,6283,Bike
2024-04-05,중구,4276,Bike
2024-04-05,중랑구,4960,Bike
2024-04-06,강남구,5821,Bike
2024-04-06,강동구,7285,Bike
2024-04-06,강북구,2171,Bike
2024-04-06,강서구,14645,Bike
2024-04-06,관악구,3629,Bike
2024-04-06,광진구,8214,Bike
2024-04-06,구로구,6279,Bike
2024-04-06,금천구,2282,Bike
2024-04-06,노원구,9407,Bike
2024-04-06,도봉구,3628,Bike
2024-04-06,동대문구,4957,Bike
2024-04-06,동작구,3766,Bike
2024-04-06,마포구,9446,Bike
2024-04-06,서대문구,3669,Bike
2024-04-06,서초구,5631,Bike
2024-04-06,성동구,6940,Bike
2024-04-06,성북구,3435,Bike
2024-04-06,송파구,17673,Bike
2024-04-06,양천구,10033,Bike
2024-04-06,영등포구,15214,Bike
2024-04-06,용산구,4164,Bike
2024-04-06,은평구,4379,Bike
2024-04-06,종로구,4138,Bike
2024-04-06,중구,2494,Bike
2024-04-06,중랑구,4509,Bike
2024-04-07,강남구,5758,Bike
2024-04-07,강동구,6670,Bike
2024-04-07,강북구,2097,Bike
2024-04-07,강서구,13014,Bike
2024-04-07,관악구,3631,Bike
2024-04-07,광진구,8141,Bike
2024-04-07,구로구,6257,Bike
2024-04-07,금천구,2243,Bike
2024-04-07,노원구,8879,Bike
2024-04-07,도봉구,3671,Bike
2024-04-07,동대문구,4819,Bike
2024-04-07,동작구,3578,Bike
2024-04-07,마포구,9718,Bike
2024-04-07,서대문구,3523,Bike
2024-04-07,서초구,5656,Bike
2024-04-07,성동구,7134,Bike
2024-04-07,성북구,3274,Bike
2024-04-07,송파구,17883,Bike
2024-04-07,양천구,9056,Bike
2024-04-07,영등포구,14232,Bike
2024-04-07,용산구,4253,Bike
2024-04-07,은평구,4371,Bike
2024-04-07,종로구,3921,Bike
2024-04-07,중구,2447,Bike
2024-04-07,중랑구,4424,Bike
2024-04-08,강남구,6440,Bike
2024-04-08,강동구,7065,Bike
2024-04-08,강북구,2115,Bike
2024-04-08,강서구,18333,Bike
2024-04-08,관악구,3366,Bike
2024-04-08,광진구,8308,Bike
2024-04-08,구로구,6803,Bike
2024-04-08,금천구,2937,Bike
2024-04-08,노원구,10005,Bike
2024-04-08,도봉구,3689,Bike
2024-04-08,동대문구,5547,Bike
2024-04-08,동작구,3188,Bike
2024-04-08,마포구,8183,Bike
2024-04-08,서대문구,3353,Bike
2024-04-08,서초구,5318,Bike
2024-04-08,성동구,6932,Bike
2024-04-08,성북구,3601,Bike
2024-04-08,송파구,16157,Bike
2024-04-08,양천구,9232,Bike
2024-04-08,영등포구,15252,Bike
2024-04-08,용산구,3510,Bike
2024-04-08,은평구,4207,Bike
2024-04-08,종로구,5814,Bike
2024-04-08,중구,4136,Bike
2024-04-08,중랑구,4939,Bike
2024-04-09,강남구,6753,Bike
2024-04-09,강동구,7600,Bike
2024-04-09,강북구,2275,Bike
2024-04-09,강서구,19430,Bike
2024-04-09,관악구,3499,Bike
2024-04-09,광진구,8682,Bike
2024-04-09,구로구,6839,Bike
2024-04-09,금천구,3193,Bike
2024-04-09,노원구,10611,Bike
2024-04-09,도봉구,3690,Bike
2024-04-09,동대문구,5767,Bike
2024-04-09,동작구,3522,Bike
2024-04-09,마포구,9070,Bike
2024-04-09,서대문구,3668,Bike
2024-04-09,서초구,5684,Bike
2024-04-09,성동구,7314,Bike
2024-04-09,성북구,3780,Bike
2024-04-09,송파구,16821,Bike
2024-04-09,양천구,9735,Bike
2024-04-09,영등포구,15931,Bike
2024-04-09,용산구,3926,Bike
2024-04-09,은평구,4159,Bike
2024-04-09,종로구,6250,Bike
2024-04-09,중구,4529,Bike
2024-04-09,중랑구,5093,Bike
2024-04-10,강남구,5392,Bike
2024-04-10,강동구,6931,Bike
2024-04-10,강북구,2122,Bike
2024-04-10,강서구,14551,Bike
2024-04-10,관악구,3827,Bike
2024-04-10,광진구,8425,Bike
2024-04-10,구로구,5570,Bike
2024-04-10,금천구,2087,Bike
2024-04-10,노원구,9217,Bike
2024-04-10,도봉구,3490,Bike
2024-04-10,동대문구,5008,Bike
2024-04-10,동작구,3766,Bike
2024-04-10,마포구,9261,Bike
2024-04-10,서대문구,3353,Bike
2024-04-10,서초구,5026,Bike
2024-04-10,성동구,6950,Bike
2024-04-10,성북구,3429,Bike
2024-04-10,송파구,15902,Bike
2024-04-10,양천구,8610,Bike
2024-04-10,영등포구,13121,Bike
2024-04-10,용산구,4238,Bike
2024-04-10,은평구,4133,Bike
2024-04-10,종로구,4214,Bike
2024-04-10,중구,2841,Bike
2024-04-10,중랑구,4633,Bike
2024-04-11,강남구,6071,Bike
2024-04-11,강동구,7034,Bike
2024-04-11,강북구,2057,Bike
2024-04-11,강서구,17526,Bike
2024-04-11,관악구,3083,Bike
2024-04-11,광진구,8526,Bike
2024-04-11,구로구,6152,Bike
2024-04-11,금천구,2620,Bike
2024-04-11,노원구,9959,Bike
2024-04-11,도봉구,3362,Bike
2024-04-11,동대문구,5411,Bike
2024-04-11,동작구,2997,Bike
2024-04-11,마포구,7898,Bike
2024-04-11,서대문구,3489,Bike
2024-04-11,서초구,5145,Bike
2024-04-11,성동구,6723,Bike
2024-04-11,성북구,3544,Bike
2024-04-11,송파구,14909,Bike
2024-04-11,양천구,9077,Bike
2024-04-11,영등포구,14047,Bike
2024-04-11,용산구,3402,Bike
2024-04-11,은평구,3965,Bike
2024-04-11,종로구,5672,Bike
2024-04-11,중구,4128,Bike
2024-04-11,중랑구,4714,Bike
2024-04-12,강남구,6796,Bike
2024-04-12,강동구,8033,Bike
2024-04-12,강북구,2157,Bike
2024-04-12,강서구,19106,Bike
2024-04-12,관악구,3500,Bike
2024-04-12,광진구,9110,Bike
2024-04-12,구로구,7110,Bike
2024-04-12,금천구,3049,Bike
2024-04-12,노원구,10798,Bike
2024-04-12,도봉구,3847,Bike
2024-04-12,동대문구,5995,Bike
2024-04-12,동작구,3626,Bike
2024-04-12,마포구,9122,Bike
2024-04-12,서대문구,3859,Bike
2024-04-12,서초구,5951,Bike
2024-04-12,성동구,7401,Bike
2024-04-12,성북구,3924,Bike
2024-04-12,송파구,17097,Bike
2024-04-12,양천구,10263,Bike
2024-04-12,영등포구,15832,Bike
2024-04-12,용산구,3969,Bike
2024-04-12,은평구,4518,Bike
2024-04-12,종로구,6379,Bike
2024-04-12,중구,4740,Bike
2024-04-12,중랑구,5275,Bike
2024-04-13,강남구,5729,Bike
2024-04-13,강동구,7438,Bike
2024-04-13,강북구,2294,Bike
2024-04-13,강서구,16086,Bike
2024-04-13,관악구,3757,Bike
2024-04-13,광진구,8581,Bike
2024-04-13,구로구,5925,Bike
2024-04-13,금천구,2142,Bike
2024-04-13,노원구,9989,Bike
2024-04-13,도봉구,3726,Bike
2024-04-13,동대문구,5180,Bike
2024-04-13,동작구,3769,Bike
2024-04-13,마포구,10165,Bike
2024-04-13,서대문구,3451,Bike
2024-04-13,서초구,5785,Bike
2024-04-13,성동구,7293,Bike
2024-04-13,성북구,3583,Bike
2024-04-13,송파구,16803,Bike
2024-04-13,양천구,9307,Bike
2024-04-13,영등포구,13732,Bike
2024-04-13,용산구,4743,Bike
2024-04-13,은평구,4458,Bike
2024-04-13,종로구,4521,Bike
2024-04-13,중구,2913,Bike
2024-04-13,중랑구,4894,Bike
2024-04-14,강남구,5106,Bike
2024-04-14,강동구,6944,Bike
2024-04-14,강북구,2098,Bike
2024-04-14,강서구,14060,Bike
2024-04-14,관악구,3540,Bike
2024-04-14,광진구,8170,Bike
2024-04-14,구로구,5410,Bike
2024-04-14,금천구,1769,Bike
2024-04-14,노원구,8855,Bike
2024-04-14,도봉구,3253,Bike
2024-04-14,동대문구,4771,Bike
2024-04-14,동작구,3607,Bike
2024-04-14,마포구,9376,Bike
2024-04-14,서대문구,3266,Bike
2024-04-14,서초구,4920,Bike
2024-04-14,성동구,6606,Bike
2024-04-14,성북구,3281,Bike
2024-04-14,송파구,15284,Bike
2024-04-14,양천구,8619,Bike
2024-04-14,영등포구,12945,Bike
2024-04-14,용산구,4470,Bike
2024-04-14,은평구,3921,Bike
2024-04-14,종로구,3931,Bike
2024-04-14,중구,2502,Bike
2024-04-14,중랑구,4310,Bike
2024-04-15,강남구,2238,Bike
2024-04-15,강동구,3285,Bike
2024-04-15,강북구,838,Bike
2024-04-15,강서구,7614,Bike
2024-04-15,관악구,1258,Bike
2024-04-15,광진구,3483,Bike
2024-04-15,구로구,2485,Bike
2024-04-15,금천구,1113,Bike
2024-04-15,노원구,3864,Bike
2024-04-15,도봉구,1467,Bike
2024-04-15,동대문구,2311,Bike
2024-04-15,동작구,1201,Bike
2024-04-15,마포구,2434,Bike
2024-04-15,서대문구,1239,Bike
2024-04-15,서초구,1853,Bike
2024-04-15,성동구,2377,Bike
2024-04-15,성북구,1366,Bike
2024-04-15,송파구,6078,Bike
2024-04-15,양천구,3781,Bike
2024-04-15,영등포구,5155,Bike
2024-04-15,용산구,1082,Bike
2024-04-15,은평구,1450,Bike
2024-04-15,종로구,1996,Bike
2024-04-15,중구,1541,Bike
2024-04-15,중랑구,1980,Bike
2024-04-16,강남구,4602,Bike
2024-04-16,강동구,5523,Bike
2024-04-16,강북구,1704,Bike
2024-04-16,강서구,14120,Bike
2024-04-16,관악구,2594,Bike
2024-04-16,광진구,6587,Bike
2024-04-16,구로구,4706,Bike
2024-04-16,금천구,1923,Bike
2024-04-16,노원구,8369,Bike
2024-04-16,도봉구,2892,Bike
2024-04-16,동대문구,4137,Bike
2024-04-16,동작구,2312,Bike
2024-04-16,마포구,5731,Bike
2024-04-16,서대문구,2489,Bike
2024-04-16,서초구,4125,Bike
2024-04-16,성동구,4901,Bike
2024-04-16,성북구,2755,Bike
2024-04-16,송파구,11296,Bike
2024-04-16,양천구,7024,Bike
2024-04-16,영등포구,9940,Bike
2024-04-16,용산구,2367,Bike
2024-04-16,은평구,2945,Bike
2024-04-16,종로구,4346,Bike
2024-04-16,중구,3098,Bike
2024-04-16,중랑구,3754,Bike
2024-04-17,강남구,6201,Bike
2024-04-17,강동구,7275,Bike
2024-04-17,강북구,2151,Bike
2024-04-17,강서구,19700,Bike
2024-04-17,관악구,3252,Bike
2024-04-17,광진구,8371,Bike
2024-04-17,구로구,6544,Bike
2024-04-17,금천구,2846,Bike
2024-04-17,노원구,10362,Bike
2024-04-17,도봉구,3562,Bike
2024-04-17,동대문구,5531,Bike
2024-04-17,동작구,3146,Bike
2024-04-17,마포구,7669,Bike
2024-04-17,서대문구,3408,Bike
2024-04-17,서초구,5186,Bike
2024-04-17,성동구,6393,Bike
2024-04-17,성북구,3752,Bike
2024-04-17,송파구,15050,Bike
2024-04-17,양천구,9686,Bike
2024-04-17,영등포구,14086,Bike
2024-04-17,용산구,3319,Bike
2024-04-17,은평구,4060,Bike
2024-04-17,종로구,5770,Bike
2024-04-17,중구,4269,Bike
2024-04-17,중랑구,4753,Bike
2024-04-18,강남구,6367,Bike
2024-04-18,강동구,7732,Bike
2024-04-18,강북구,2367,Bike
2024-04-18,강서구,20193,Bike
2024-04-18,관악구,3430,Bike
2024-04-18,광진구,8842,Bike
2024-04-18,구로구,6843,Bike
2024-04-18,금천구,3126,Bike
2024-04-18,노원구,10414,Bike
2024-04-18,도봉구,3731,Bike
2024-04-18,동대문구,5701,Bike
2024-04-18,동작구,3281,Bike
2024-04-18,마포구,8198,Bike
2024-04-18,서대문구,3525,Bike
2024-04-18,서초구,5391,Bike
2024-04-18,성동구,6801,Bike
2024-04-18,성북구,3860,Bike
2024-04-18,송파구,16105,Bike
2024-04-18,양천구,9781,Bike
2024-04-18,영등포구,14275,Bike
2024-04-18,용산구,3362,Bike
2024-04-18,은평구,4139,Bike
2024-04-18,종로구,6211,Bike
2024-04-18,중구,4454,Bike
2024-04-18,중랑구,5092,Bike
2024-04-19,강남구,6826,Bike
2024-04-19,강동구,8027,Bike
2024-04-19,강북구,2278,Bike
2024-04-19,강서구,20794,Bike
2024-04-19,관악구,3496,Bike
2024-04-19,광진구,8193,Bike
2024-04-19,구로구,6956,Bike
2024-04-19,금천구,3221,Bike
2024-04-19,노원구,11002,Bike
2024-04-19,도봉구,3869,Bike
2024-04-19,동대문구,5803,Bike
2024-04-19,동작구,3386,Bike
2024-04-19,마포구,8606,Bike
2024-04-19,서대문구,3679,Bike
2024-04-19,서초구,5673,Bike
2024-04-19,성동구,7231,Bike
2024-04-19,성북구,3905,Bike
2024-04-19,송파구,16597,Bike
2024-04-19,양천구,10439,Bike
2024-04-19,영등포구,14964,Bike
2024-04-19,용산구,3652,Bike
2024-04-19,은평구,4418,Bike
2024-04-19,종로구,6312,Bike
2024-04-19,중구,4557,Bike
2024-04-19,중랑구,5252,Bike
2024-04-20,강남구,1236,Bike
2024-04-20,강동구,2136,Bike
2024-04-20,강북구,710,Bike
2024-04-20,강서구,4788,Bike
2024-04-20,관악구,1064,Bike
2024-04-20,광진구,2200,Bike
2024-04-20,구로구,1604,Bike
2024-04-20,금천구,553,Bike
2024-04-20,노원구,2829,Bike
2024-04-20,도봉구,1023,Bike
2024-04-20,동대문구,1478,Bike
2024-04-20,동작구,854,Bike
2024-04-20,마포구,2077,Bike
2024-04-20,서대문구,900,Bike
2024-04-20,서초구,1080,Bike
2024-04-20,성동구,1459,Bike
2024-04-20,성북구,1043,Bike
2024-04-20,송파구,3720,Bike
2024-04-20,양천구,2906,Bike
2024-04-20,영등포구,2998,Bike
2024-04-20,용산구,832,Bike
2024-04-20,은평구,1308,Bike
2024-04-20,종로구,1153,Bike
2024-04-20,중구,673,Bike
2024-04-20,중랑구,1386,Bike
2024-04-21,강남구,4457,Bike
2024-04-21,강동구,6290,Bike
2024-04-21,강북구,1983,Bike
2024-04-21,강서구,12797,Bike
2024-04-21,관악구,3204,Bike
2024-04-21,광진구,6705,Bike
2024-04-21,구로구,4963,Bike
2024-04-21,금천구,1680,Bike
2024-04-21,노원구,8505,Bike
2024-04-21,도봉구,3145,Bike
2024-04-21,동대문구,4259,Bike
2024-04-21,동작구,2922,Bike
2024-04-21,마포구,7398,Bike
2024-04-21,서대문구,2766,Bike
2024-04-21,서초구,4375,Bike
2024-04-21,성동구,5637,Bike
2024-04-21,성북구,2876,Bike
2024-04-21,송파구,13443,Bike
2024-04-21,양천구,7665,Bike
2024-04-21,영등포구,10659,Bike
2024-04-21,용산구,3541,Bike
2024-04-21,은평구,3561,Bike
2024-04-21,종로구,3511,Bike
2024-04-21,중구,2325,Bike
2024-04-21,중랑구,3835,Bike
2024-04-22,강남구,6800,Bike
2024-04-22,강동구,7866,Bike
2024-04-22,강북구,2409,Bike
2024-04-22,강서구,21226,Bike
2024-04-22,관악구,3545,Bike
2024-04-22,광진구,8472,Bike
2024-04-22,구로구,7204,Bike
2024-04-22,금천구,3331,Bike
2024-04-22,노원구,10828,Bike
2024-04-22,도봉구,3835,Bike
2024-04-22,동대문구,5698,Bike
2024-04-22,동작구,3495,Bike
2024-04-22,마포구,8471,Bike
2024-04-22,서대문구,3755,Bike
2024-04-22,서초구,5883,Bike
2024-04-22,성동구,7166,Bike
2024-04-22,성북구,3699,Bike
2024-04-22,송파구,16650,Bike
2024-04-22,양천구,10096,Bike
2024-04-22,영등포구,15673,Bike
2024-04-22,용산구,3669,Bike
2024-04-22,은평구,4326,Bike
2024-04-22,종로구,5983,Bike
2024-04-22,중구,4489,Bike
2024-04-22,중랑구,5155,Bike
2024-04-23,강남구,5577,Bike
2024-04-23,강동구,7097,Bike
2024-04-23,강북구,2124,Bike
2024-04-23,강서구,19039,Bike
2024-04-23,관악구,3029,Bike
2024-04-23,광진구,7187,Bike
2024-04-23,구로구,6180,Bike
2024-04-23,금천구,2836,Bike
2024-04-23,노원구,9796,Bike
2024-04-23,도봉구,3359,Bike
2024-04-23,동대문구,5124,Bike
2024-04-23,동작구,2759,Bike
2024-04-23,마포구,6859,Bike
2024-04-23,서대문구,3086,Bike
2024-04-23,서초구,4632,Bike
2024-04-23,성동구,6037,Bike
2024-04-23,성북구,3423,Bike
2024-04-23,송파구,14263,Bike
2024-04-23,양천구,8695,Bike
2024-04-23,영등포구,12791,Bike
2024-04-23,용산구,2643,Bike
2024-04-23,은평구,3594,Bike
2024-04-23,종로구,5507,Bike
2024-04-23,중구,3896,Bike
2024-04-23,중랑구,4459,Bike
2024-04-24,강남구,3727,Bike
2024-04-24,강동구,4829,Bike
2024-04-24,강북구,1539,Bike
2024-04-24,강서구,14242,Bike
2024-04-24,관악구,2395,Bike
2024-04-24,광진구,5424,Bike
2024-04-24,구로구,4525,Bike
2024-04-24,금천구,1678,Bike
2024-04-24,노원구,7290,Bike
2024-04-24,도봉구,2527,Bike
2024-04-24,동대문구,3739,Bike
2024-04-24,동작구,2023,Bike
2024-04-24,마포구,5407,Bike
2024-04-24,서대문구,2164,Bike
2024-04-24,서초구,3388,Bike
2024-04-24,성동구,4090,Bike
2024-04-24,성북구,2574,Bike
2024-04-24,송파구,9763,Bike
2024-04-24,양천구,6779,Bike
2024-04-24,영등포구,8644,Bike
2024-04-24,용산구,2249,Bike
2024-04-24,은평구,2885,Bike
2024-04-24,종로구,3731,Bike
2024-04-24,중구,2509,Bike
2024-04-24,중랑구,3310,Bike
2024-04-25,강남구,6183,Bike
2024-04-25,강동구,7796,Bike
2024-04-25,강북구,2371,Bike
2024-04-25,강서구,20338,Bike
2024-04-25,관악구,3499,Bike
2024-04-25,광진구,8315,Bike
2024-04-25,구로구,6891,Bike
2024-04-25,금천구,3152,Bike
2024-04-25,노원구,11031,Bike
2024-04-25,도봉구,3709,Bike
2024-04-25,동대문구,5697,Bike
2024-04-25,동작구,3384,Bike
2024-04-25,마포구,8325,Bike
2024-04-25,서대문구,3372,Bike
2024-04-25,서초구,5487,Bike
2024-04-25,성동구,6737,Bike
2024-04-25,성북구,3911,Bike
2024-04-25,송파구,16290,Bike
2024-04-25,양천구,9645,Bike
2024-04-25,영등포구,14368,Bike
2024-04-25,용산구,3341,Bike
2024-04-25,은평구,4242,Bike
2024-04-25,종로구,5945,Bike
2024-04-25,중구,4290,Bike
2024-04-25,중랑구,5095,Bike
2024-04-26,강남구,6461,Bike
2024-04-26,강동구,7988,Bike
2024-04-26,강북구,2310,Bike
2024-04-26,강서구,21485,Bike
2024-04-26,관악구,3644,Bike
2024-04-26,광진구,8576,Bike
2024-04-26,구로구,7444,Bike
2024-04-26,금천구,3244,Bike
2024-04-26,노원구,11429,Bike
2024-04-26,도봉구,3899,Bike
2024-04-26,동대문구,5925,Bike
2024-04-26,동작구,3565,Bike
2024-04-26,마포구,9019,Bike
2024-04-26,서대문구,3512,Bike
2024-04-26,서초구,5763,Bike
2024-04-26,성동구,7373,Bike
2024-04-26,성북구,4045,Bike
2024-04-26,송파구,17439,Bike
2024-04-26,양천구,10719,Bike
2024-04-26,영등포구,15793,Bike
2024-04-26,용산구,3891,Bike
2024-04-26,은평구,4394,Bike
2024-04-26,종로구,5948,Bike
2024-04-26,중구,4462,Bike
2024-04-26,중랑구,5251,Bike
2024-04-27,강남구,5414,Bike
2024-04-27,강동구,7550,Bike
2024-04-27,강북구,2301,Bike
2024-04-27,강서구,16099,Bike
2024-04-27,관악구,3791,Bike
2024-04-27,광진구,8830,Bike
2024-04-27,구로구,5976,Bike
2024-04-27,금천구,2025,Bike
2024-04-27,노원구,10449,Bike
2024-04-27,도봉구,3726,Bike
2024-04-27,동대문구,5047,Bike
2024-04-27,동작구,3673,Bike
2024-04-27,마포구,9588,Bike
2024-04-27,서대문구,3325,Bike
2024-04-27,서초구,5149,Bike
2024-04-27,성동구,6694,Bike
2024-04-27,성북구,3409,Bike
2024-04-27,송파구,17952,Bike
2024-04-27,양천구,9778,Bike
2024-04-27,영등포구,13556,Bike
2024-04-27,용산구,4745,Bike
2024-04-27,은평구,4418,Bike
2024-04-27,종로구,4218,Bike
2024-04-27,중구,2749,Bike
2024-04-27,중랑구,4750,Bike
2024-04-28,강남구,5198,Bike
2024-04-28,강동구,6986,Bike
2024-04-28,강북구,2048,Bike
2024-04-28,강서구,14216,Bike
2024-04-28,관악구,3611,Bike
2024-04-28,광진구,8052,Bike
2024-04-28,구로구,5396,Bike
2024-04-28,금천구,1756,Bike
2024-04-28,노원구,9237,Bike
2024-04-28,도봉구,3462,Bike
2024-04-28,동대문구,4629,Bike
2024-04-28,동작구,3361,Bike
2024-04-28,마포구,9431,Bike
2024-04-28,서대문구,3420,Bike
2024-04-28,서초구,4967,Bike
2024-04-28,성동구,6207,Bike
2024-04-28,성북구,3188,Bike
2024-04-28,송파구,15470,Bike
2024-04-28,양천구,8509,Bike
2024-04-28,영등포구,12802,Bike
2024-04-28,용산구,4490,Bike
2024-04-28,은평구,3822,Bike
2024-04-28,종로구,4209,Bike
2024-04-28,중구,2573,Bike
2024-04-28,중랑구,4417,Bike
2024-04-29,강남구,6934,Bike
2024-04-29,강동구,7986,Bike
2024-04-29,강북구,2416,Bike
2024-04-29,강서구,21295,Bike
2024-04-29,관악구,3711,Bike
2024-04-29,광진구,9241,Bike
2024-04-29,구로구,7267,Bike
2024-04-29,금천구,3418,Bike
2024-04-29,노원구,11545,Bike
2024-04-29,도봉구,3959,Bike
2024-04-29,동대문구,6004,Bike
2024-04-29,동작구,3465,Bike
2024-04-29,마포구,8678,Bike
2024-04-29,서대문구,3569,Bike
2024-04-29,서초구,5603,Bike
2024-04-29,성동구,7215,Bike
2024-04-29,성북구,4055,Bike
2024-04-29,송파구,16976,Bike
2024-04-29,양천구,10255,Bike
2024-04-29,영등포구,15853,Bike
2024-04-29,용산구,3581,Bike
2024-04-29,은평구,4283,Bike
2024-04-29,종로구,6152,Bike
2024-04-29,중구,4489,Bike
2024-04-29,중랑구,5346,Bike
2024-04-30,강남구,6685,Bike
2024-04-30,강동구,8287,Bike
2024-04-30,강북구,2432,Bike
2024-04-30,강서구,22056,Bike
2024-04-30,관악구,3698,Bike
2024-04-30,광진구,9198,Bike
2024-04-30,구로구,7645,Bike
2024-04-30,금천구,3387,Bike
2024-04-30,노원구,11900,Bike
2024-04-30,도봉구,3948,Bike
2024-04-30,동대문구,6119,Bike
2024-04-30,동작구,3409,Bike
2024-04-30,마포구,8639,Bike
2024-04-30,서대문구,3677,Bike
2024-04-30,서초구,5758,Bike
2024-04-30,성동구,7165,Bike
2024-04-30,성북구,4018,Bike
2024-04-30,송파구,17520,Bike
2024-04-30,양천구,10359,Bike
2024-04-30,영등포구,15705,Bike
2024-04-30,용산구,3577,Bike
2024-04-30,은평구,4407,Bike
2024-04-30,종로구,6439,Bike
2024-04-30,중구,4480,Bike
2024-04-30,중랑구,5457,Bike
2024-05-01,강남구,6070,Bike
2024-05-01,강동구,8032,Bike
2024-05-01,강북구,2600,Bike
2024-05-01,강서구,18291,Bike
2024-05-01,관악구,4336,Bike
2024-05-01,광진구,10260,Bike
2024-05-01,구로구,6780,Bike
2024-05-01,금천구,2370,Bike
2024-05-01,노원구,12130,Bike
2024-05-01,도봉구,4377,Bike
2024-05-01,동대문구,5995,Bike
2024-05-01,동작구,4075,Bike
2024-05-01,마포구,10491,Bike
2024-05-01,서대문구,3711,Bike
2024-05-01,서초구,5504,Bike
2024-05-01,성동구,7478,Bike
2024-05-01,성북구,4206,Bike
2024-05-01,송파구,18964,Bike
2024-05-01,양천구,10612,Bike
2024-05-01,영등포구,15232,Bike
2024-05-01,용산구,4769,Bike
2024-05-01,은평구,4690,Bike
2024-05-01,종로구,5360,Bike
2024-05-01,중구,3664,Bike
2024-05-01,중랑구,5334,Bike
2024-05-02,강남구,7112,Bike
2024-05-02,강동구,8023,Bike
2024-05-02,강북구,2433,Bike
2024-05-02,강서구,22211,Bike
2024-05-02,관악구,3864,Bike
2024-05-02,광진구,8996,Bike
2024-05-02,구로구,7749,Bike
2024-05-02,금천구,3497,Bike
2024-05-02,노원구,12333,Bike
2024-05-02,도봉구,4089,Bike
2024-05-02,동대문구,5952,Bike
2024-05-02,동작구,3496,Bike
2024-05-02,마포구,8844,Bike
2024-05-02,서대문구,3660,Bike
2024-05-02,서초구,5830,Bike
2024-05-02,성동구,7460,Bike
2024-05-02,성북구,3809,Bike
2024-05-02,송파구,17585,Bike
2024-05-02,양천구,10632,Bike
2024-05-02,영등포구,16696,Bike
2024-05-02,용산구,4022,Bike
2024-05-02,은평구,4423,Bike
2024-05-02,종로구,6308,Bike
2024-05-02,중구,4650,Bike
2024-05-02,중랑구,5652,Bike
2024-05-03,강남구,7030,Bike
2024-05-03,강동구,8319,Bike
2024-05-03,강북구,2507,Bike
2024-05-03,강서구,22808,Bike
2024-05-03,관악구,3795,Bike
2024-05-03,광진구,9217,Bike
2024-05-03,구로구,7783,Bike
2024-05-03,금천구,3554,Bike
2024-05-03,노원구,11888,Bike
2024-05-03,도봉구,4117,Bike
2024-05-03,동대문구,6183,Bike
2024-05-03,동작구,3597,Bike
2024-05-03,마포구,9672,Bike
2024-05-03,서대문구,3731,Bike
2024-05-03,서초구,6122,Bike
2024-05-03,성동구,7708,Bike
2024-05-03,성북구,3964,Bike
2024-05-03,송파구,18455,Bike
2024-05-03,양천구,11320,Bike
2024-05-03,영등포구,17055,Bike
2024-05-03,용산구,4135,Bike
2024-05-03,은평구,4600,Bike
2024-05-03,종로구,6045,Bike
2024-05-03,중구,4502,Bike
2024-05-03,중랑구,5662,Bike
2024-05-04,강남구,5372,Bike
2024-05-04,강동구,7191,Bike
2024-05-04,강북구,2363,Bike
2024-05-04,강서구,15462,Bike
2024-05-04,관악구,3593,Bike
2024-05-04,광진구,8162,Bike
2024-05-04,구로구,5672,Bike
2024-05-04,금천구,2101,Bike
2024-05-04,노원구,10004,Bike
2024-05-04,도봉구,3723,Bike
2024-05-04,동대문구,4840,Bike
2024-05-04,동작구,3669,Bike
2024-05-04,마포구,10366,Bike
2024-05-04,서대문구,3287,Bike
2024-05-04,서초구,5060,Bike
2024-05-04,성동구,6524,Bike
2024-05-04,성북구,3277,Bike
2024-05-04,송파구,15938,Bike
2024-05-04,양천구,9167,Bike
2024-05-04,영등포구,13663,Bike
2024-05-04,용산구,4502,Bike
2024-05-04,은평구,4273,Bike
2024-05-04,종로구,4171,Bike
2024-05-04,중구,2815,Bike
2024-05-04,중랑구,4918,Bike
2024-05-05,강남구,447,Bike
2024-05-05,강동구,671,Bike
2024-05-05,강북구,308,Bike
2024-05-05,강서구,1345,Bike
2024-05-05,관악구,483,Bike
2024-05-05,광진구,938,Bike
2024-05-05,구로구,521,Bike
2024-05-05,금천구,195,Bike
2024-05-05,노원구,1040,Bike
2024-05-05,도봉구,341,Bike
2024-05-05,동대문구,553,Bike
2024-05-05,동작구,334,Bike
2024-05-05,마포구,801,Bike
2024-05-05,서대문구,301,Bike
2024-05-05,서초구,373,Bike
2024-05-05,성동구,483,Bike
2024-05-05,성북구,353,Bike
2024-05-05,송파구,1259,Bike
2024-05-05,양천구,778,Bike
2024-05-05,영등포구,1089,Bike
2024-05-05,용산구,370,Bike
2024-05-05,은평구,422,Bike
2024-05-05,종로구,376,Bike
2024-05-05,중구,262,Bike
2024-05-05,중랑구,570,Bike
2024-05-06,강남구,818,Bike
2024-05-06,강동구,1025,Bike
2024-05-06,강북구,342,Bike
2024-05-06,강서구,3179,Bike
2024-05-06,관악구,539,Bike
2024-05-06,광진구,1537,Bike
2024-05-06,구로구,1032,Bike
2024-05-06,금천구,302,Bike
2024-05-06,노원구,1558,Bike
2024-05-06,도봉구,551,Bike
2024-05-06,동대문구,794,Bike
2024-05-06,동작구,440,Bike
2024-05-06,마포구,1559,Bike
2024-05-06,서대문구,701,Bike
2024-05-06,서초구,685,Bike
2024-05-06,성동구,941,Bike
2024-05-06,성북구,609,Bike
2024-05-06,송파구,2027,Bike
2024-05-06,양천구,2169,Bike
2024-05-06,영등포구,2475,Bike
2024-05-06,용산구,435,Bike
2024-05-06,은평구,707,Bike
2024-05-06,종로구,693,Bike
2024-05-06,중구,476,Bike
2024-05-06,중랑구,663,Bike
2024-05-07,강남구,2313,Bike
2024-05-07,강동구,3977,Bike
2024-05-07,강북구,1383,Bike
2024-05-07,강서구,7591,Bike
2024-05-07,관악구,1141,Bike
2024-05-07,광진구,4418,Bike
2024-05-07,구로구,2171,Bike
2024-05-07,금천구,908,Bike
2024-05-07,노원구,6735,Bike
2024-05-07,도봉구,2271,Bike
2024-05-07,동대문구,3185,Bike
2024-05-07,동작구,1058,Bike
2024-05-07,마포구,2862,Bike
2024-05-07,서대문구,1321,Bike
2024-05-07,서초구,1750,Bike
2024-05-07,성동구,3328,Bike
2024-05-07,성북구,2189,Bike
2024-05-07,송파구,6661,Bike
2024-05-07,양천구,3872,Bike
2024-05-07,영등포구,5014,Bike
2024-05-07,용산구,1149,Bike
2024-05-07,은평구,1830,Bike
2024-05-07,종로구,2873,Bike
2024-05-07,중구,2090,Bike
2024-05-07,중랑구,2741,Bike
2024-05-08,강남구,6727,Bike
2024-05-08,강동구,7897,Bike
2024-05-08,강북구,2378,Bike
2024-05-08,강서구,21117,Bike
2024-05-08,관악구,3612,Bike
2024-05-08,광진구,8696,Bike
2024-05-08,구로구,7142,Bike
2024-05-08,금천구,3440,Bike
2024-05-08,노원구,11510,Bike
2024-05-08,도봉구,4055,Bike
2024-05-08,동대문구,5928,Bike
2024-05-08,동작구,3335,Bike
2024-05-08,마포구,8342,Bike
2024-05-08,서대문구,3512,Bike
2024-05-08,서초구,5616,Bike
2024-05-08,성동구,7201,Bike
2024-05-08,성북구,4009,Bike
2024-05-08,송파구,16574,Bike
2024-05-08,양천구,10075,Bike
2024-05-08,영등포구,15576,Bike
2024-05-08,용산구,3698,Bike
2024-05-08,은평구,4351,Bike
2024-05-08,종로구,6191,Bike
2024-05-08,중구,4595,Bike
2024-05-08,중랑구,4960,Bike
2024-05-09,강남구,6672,Bike
2024-05-09,강동구,8035,Bike
2024-05-09,강북구,2283,Bike
2024-05-09,강서구,21693,Bike
2024-05-09,관악구,3552,Bike
2024-05-09,광진구,8879,Bike
2024-05-09,구로구,7266,Bike
2024-05-09,금천구,3471,Bike
2024-05-09,노원구,11571,Bike
2024-05-09,도봉구,3925,Bike
2024-05-09,동대문구,6148,Bike
2024-05-09,동작구,3482,Bike
2024-05-09,마포구,8189,Bike
2024-05-09,서대문구,3631,Bike
2024-05-09,서초구,5733,Bike
2024-05-09,성동구,6871,Bike
2024-05-09,성북구,3980,Bike
2024-05-09,송파구,16882,Bike
2024-05-09,양천구,10072,Bike
2024-05-09,영등포구,15591,Bike
2024-05-09,용산구,3689,Bike
2024-05-09,은평구,4343,Bike
2024-05-09,종로구,6076,Bike
2024-05-09,중구,4407,Bike
2024-05-09,중랑구,5004,Bike
2024-05-10,강남구,7118,Bike
2024-05-10,강동구,8460,Bike
2024-05-10,강북구,2429,Bike
2024-05-10,강서구,22707,Bike
2024-05-10,관악구,3786,Bike
2024-05-10,광진구,9299,Bike
2024-05-10,구로구,7544,Bike
2024-05-10,금천구,3533,Bike
2024-05-10,노원구,11795,Bike
2024-05-10,도봉구,4207,Bike
2024-05-10,동대문구,6137,Bike
2024-05-10,동작구,3806,Bike
2024-05-10,마포구,9401,Bike
2024-05-10,서대문구,3629,Bike
2024-05-10,서초구,6189,Bike
2024-05-10,성동구,7602,Bike
2024-05-10,성북구,4032,Bike
2024-05-10,송파구,17719,Bike
2024-05-10,양천구,11130,Bike
2024-05-10,영등포구,16931,Bike
2024-05-10,용산구,4225,Bike
2024-05-10,은평구,4720,Bike
2024-05-10,종로구,6192,Bike
2024-05-10,중구,4493,Bike
2024-05-10,중랑구,5371,Bike
2024-05-11,강남구,2170,Bike
2024-05-11,강동구,3329,Bike
2024-05-11,강북구,992,Bike
2024-05-11,강서구,6691,Bike
2024-05-11,관악구,1604,Bike
2024-05-11,광진구,3357,Bike
2024-05-11,구로구,2460,Bike
2024-05-11,금천구,838,Bike
2024-05-11,노원구,4318,Bike
2024-05-11,도봉구,1623,Bike
2024-05-11,동대문구,2170,Bike
2024-05-11,동작구,1457,Bike
2024-05-11,마포구,2755,Bike
2024-05-11,서대문구,1318,Bike
2024-05-11,서초구,1888,Bike
2024-05-11,성동구,2268,Bike
2024-05-11,성북구,1486,Bike
2024-05-11,송파구,6347,Bike
2024-05-11,양천구,3851,Bike
2024-05-11,영등포구,4861,Bike
2024-05-11,용산구,1190,Bike
2024-05-11,은평구,1728,Bike
2024-05-11,종로구,1576,Bike
2024-05-11,중구,954,Bike
2024-05-11,중랑구,2061,Bike
2024-05-12,강남구,5051,Bike
2024-05-12,강동구,6424,Bike
2024-05-12,강북구,2094,Bike
2024-05-12,강서구,14115,Bike
2024-05-12,관악구,3428,Bike
2024-05-12,광진구,7869,Bike
2024-05-12,구로구,5293,Bike
2024-05-12,금천구,1808,Bike
2024-05-12,노원구,9527,Bike
2024-05-12,도봉구,3348,Bike
2024-05-12,동대문구,4633,Bike
2024-05-12,동작구,3622,Bike
2024-05-12,마포구,8900,Bike
2024-05-12,서대문구,3203,Bike
2024-05-12,서초구,5292,Bike
2024-05-12,성동구,6567,Bike
2024-05-12,성북구,3262,Bike
2024-05-12,송파구,15582,Bike
2024-05-12,양천구,8429,Bike
2024-05-12,영등포구,13001,Bike
2024-05-12,용산구,4799,Bike
2024-05-12,은평구,3780,Bike
2024-05-12,종로구,4241,Bike
2024-05-12,중구,2714,Bike
2024-05-12,중랑구,4444,Bike
2024-05-13,강남구,7063,Bike
2024-05-13,강동구,8192,Bike
2024-05-13,강북구,2391,Bike
2024-05-13,강서구,21813,Bike
2024-05-13,관악구,3751,Bike
2024-05-13,광진구,9248,Bike
2024-05-13,구로구,7424,Bike
2024-05-13,금천구,3469,Bike
2024-05-13,노원구,11557,Bike
2024-05-13,도봉구,3985,Bike
2024-05-13,동대문구,5890,Bike
2024-05-13,동작구,3652,Bike
2024-05-13,마포구,8663,Bike
2024-05-13,서대문구,3486,Bike
2024-05-13,서초구,5978,Bike
2024-05-13,성동구,7331,Bike
2024-05-13,성북구,4085,Bike
2024-05-13,송파구,17373,Bike
2024-05-13,양천구,10482,Bike
2024-05-13,영등포구,16158,Bike
2024-05-13,용산구,3796,Bike
2024-05-13,은평구,4255,Bike
2024-05-13,종로구,6244,Bike
2024-05-13,중구,4633,Bike
2024-05-13,중랑구,5164,Bike
2024-05-14,강남구,7192,Bike
2024-05-14,강동구,8392,Bike
2024-05-14,강북구,2528,Bike
2024-05-14,강서구,23002,Bike
2024-05-14,관악구,3749,Bike
2024-05-14,광진구,9726,Bike
2024-05-14,구로구,7706,Bike
2024-05-14,금천구,3618,Bike
2024-05-14,노원구,12540,Bike
2024-05-14,도봉구,4228,Bike
2024-05-14,동대문구,6166,Bike
2024-05-14,동작구,3861,Bike
2024-05-14,마포구,9142,Bike
2024-05-14,서대문구,3919,Bike
2024-05-14,서초구,6176,Bike
2024-05-14,성동구,7797,Bike
2024-05-14,성북구,4468,Bike
2024-05-14,송파구,18300,Bike
2024-05-14,양천구,11178,Bike
2024-05-14,영등포구,16893,Bike
2024-05-14,용산구,4004,Bike
2024-05-14,은평구,4471,Bike
2024-05-14,종로구,6147,Bike
2024-05-14,중구,4817,Bike
2024-05-14,중랑구,5538,Bike
2024-05-15,강남구,2041,Bike
2024-05-15,강동구,2912,Bike
2024-05-15,강북구,831,Bike
2024-05-15,강서구,5202,Bike
2024-05-15,관악구,1386,Bike
2024-05-15,광진구,2951,Bike
2024-05-15,구로구,1955,Bike
2024-05-15,금천구,849,Bike
2024-05-15,노원구,3830,Bike
2024-05-15,도봉구,1421,Bike
2024-05-15,동대문구,1952,Bike
2024-05-15,동작구,1298,Bike
2024-05-15,마포구,2538,Bike
2024-05-15,서대문구,1162,Bike
2024-05-15,서초구,1735,Bike
2024-05-15,성동구,2190,Bike
2024-05-15,성북구,1516,Bike
2024-05-15,송파구,5571,Bike
2024-05-15,양천구,3108,Bike
2024-05-15,영등포구,4114,Bike
2024-05-15,용산구,1205,Bike
2024-05-15,은평구,1472,Bike
2024-05-15,종로구,1602,Bike
2024-05-15,중구,975,Bike
2024-05-15,중랑구,1705,Bike
2024-05-16,강남구,6473,Bike
2024-05-16,강동구,7647,Bike
2024-05-16,강북구,2328,Bike
2024-05-16,강서구,20404,Bike
2024-05-16,관악구,3375,Bike
2024-05-16,광진구,8460,Bike
2024-05-16,구로구,6891,Bike
2024-05-16,금천구,3205,Bike
2024-05-16,노원구,11112,Bike
2024-05-16,도봉구,3730,Bike
2024-05-16,동대문구,5479,Bike
2024-05-16,동작구,3186,Bike
2024-05-16,마포구,8174,Bike
2024-05-16,서대문구,3143,Bike
2024-05-16,서초구,5518,Bike
2024-05-16,성동구,7093,Bike
2024-05-16,성북구,3757,Bike
2024-05-16,송파구,16516,Bike
2024-05-16,양천구,10048,Bike
2024-05-16,영등포구,15450,Bike
2024-05-16,용산구,3588,Bike
2024-05-16,은평구,3877,Bike
2024-05-16,종로구,6022,Bike
2024-05-16,중구,4632,Bike
2024-05-16,중랑구,5001,Bike
2024-05-17,강남구,7106,Bike
2024-05-17,강동구,8545,Bike
2024-05-17,강북구,2516,Bike
2024-05-17,강서구,22794,Bike
2024-05-17,관악구,3746,Bike
2024-05-17,광진구,9510,Bike
2024-05-17,구로구,7855,Bike
2024-05-17,금천구,3513,Bike
2024-05-17,노원구,12188,Bike
2024-05-17,도봉구,4183,Bike
2024-05-17,동대문구,6246,Bike
2024-05-17,동작구,3776,Bike
2024-05-17,마포구,9374,Bike
2024-05-17,서대문구,3630,Bike
2024-05-17,서초구,6061,Bike
2024-05-17,성동구,7571,Bike
2024-05-17,성북구,4104,Bike
2024-05-17,송파구,18524,Bike
2024-05-17,양천구,11233,Bike
2024-05-17,영등포구,16985,Bike
2024-05-17,용산구,3966,Bike
2024-05-17,은평구,4301,Bike
2024-05-17,종로구,6362,Bike
2024-05-17,중구,4686,Bike
2024-05-17,중랑구,5335,Bike
2024-05-18,강남구,6089,Bike
2024-05-18,강동구,7581,Bike
2024-05-18,강북구,2421,Bike
2024-05-18,강서구,17014,Bike
2024-05-18,관악구,3895,Bike
2024-05-18,광진구,9586,Bike
2024-05-18,구로구,6270,Bike
2024-05-18,금천구,2204,Bike
2024-05-18,노원구,11213,Bike
2024-05-18,도봉구,3990,Bike
2024-05-18,동대문구,5244,Bike
2024-05-18,동작구,3910,Bike
2024-05-18,마포구,9618,Bike
2024-05-18,서대문구,3371,Bike
2024-05-18,서초구,5737,Bike
2024-05-18,성동구,6633,Bike
2024-05-18,성북구,3633,Bike
2024-05-18,송파구,18441,Bike
2024-05-18,양천구,10314,Bike
2024-05-18,영등포구,14843,Bike
2024-05-18,용산구,4757,Bike
2024-05-18,은평구,4226,Bike
2024-05-18,종로구,4548,Bike
2024-05-18,중구,3017,Bike
2024-05-18,중랑구,5426,Bike
2024-05-19,강남구,5182,Bike
2024-05-19,강동구,6762,Bike
2024-05-19,강북구,2143,Bike
2024-05-19,강서구,14695,Bike
2024-05-19,관악구,3784,Bike
2024-05-19,광진구,8662,Bike
2024-05-19,구로구,5713,Bike
2024-05-19,금천구,2158,Bike
2024-05-19,노원구,10207,Bike
2024-05-19,도봉구,3588,Bike
2024-05-19,동대문구,4782,Bike
2024-05-19,동작구,3455,Bike
2024-05-19,마포구,9428,Bike
2024-05-19,서대문구,3115,Bike
2024-05-19,서초구,5125,Bike
2024-05-19,성동구,6476,Bike
2024-05-19,성북구,3422,Bike
2024-05-19,송파구,15532,Bike
2024-05-19,양천구,9238,Bike
2024-05-19,영등포구,12887,Bike
2024-05-19,용산구,4551,Bike
2024-05-19,은평구,3832,Bike
2024-05-19,종로구,3616,Bike
2024-05-19,중구,2583,Bike
2024-05-19,중랑구,4917,Bike
2024-05-20,강남구,6724,Bike
2024-05-20,강동구,7886,Bike
2024-05-20,강북구,2449,Bike
2024-05-20,강서구,21652,Bike
2024-05-20,관악구,3732,Bike
2024-05-20,광진구,9140,Bike
2024-05-20,구로구,7254,Bike
2024-05-20,금천구,3357,Bike
2024-05-20,노원구,11606,Bike
2024-05-20,도봉구,4061,Bike
2024-05-20,동대문구,5705,Bike
2024-05-20,동작구,3451,Bike
2024-05-20,마포구,8159,Bike
2024-05-20,서대문구,3417,Bike
2024-05-20,서초구,5860,Bike
2024-05-20,성동구,7124,Bike
2024-05-20,성북구,3995,Bike
2024-05-20,송파구,17007,Bike
2024-05-20,양천구,10581,Bike
2024-05-20,영등포구,15986,Bike
2024-05-20,용산구,3473,Bike
2024-05-20,은평구,4082,Bike
2024-05-20,종로구,5153,Bike
2024-05-20,중구,4166,Bike
2024-05-20,중랑구,5336,Bike
2024-05-21,강남구,6895,Bike
2024-05-21,강동구,8389,Bike
2024-05-21,강북구,2603,Bike
2024-05-21,강서구,22729,Bike
2024-05-21,관악구,3913,Bike
2024-05-21,광진구,8965,Bike
2024-05-21,구로구,7567,Bike
2024-05-21,금천구,3565,Bike
2024-05-21,노원구,12392,Bike
2024-05-21,도봉구,4132,Bike
2024-05-21,동대문구,6102,Bike
2024-05-21,동작구,3642,Bike
2024-05-21,마포구,8394,Bike
2024-05-21,서대문구,3499,Bike
2024-05-21,서초구,6041,Bike
2024-05-21,성동구,7326,Bike
2024-05-21,성북구,4153,Bike
2024-05-21,송파구,18119,Bike
2024-05-21,양천구,11029,Bike
2024-05-21,영등포구,16665,Bike
2024-05-21,용산구,3655,Bike
2024-05-21,은평구,4199,Bike
2024-05-21,종로구,5669,Bike
2024-05-21,중구,4403,Bike
2024-05-21,중랑구,5320,Bike
2024-05-22,강남구,6768,Bike
2024-05-22,강동구,8414,Bike
2024-05-22,강북구,2505,Bike
2024-05-22,강서구,22979,Bike
2024-05-22,관악구,3969,Bike
2024-05-22,광진구,9080,Bike
2024-05-22,구로구,7635,Bike
2024-05-22,금천구,3605,Bike
2024-05-22,노원구,12438,Bike
2024-05-22,도봉구,4107,Bike
2024-05-22,동대문구,6201,Bike
2024-05-22,동작구,3719,Bike
2024-05-22,마포구,8582,Bike
2024-05-22,서대문구,3431,Bike
2024-05-22,서초구,6013,Bike
2024-05-22,성동구,7117,Bike
2024-05-22,성북구,4147,Bike
2024-05-22,송파구,17788,Bike
2024-05-22,양천구,11227,Bike
2024-05-22,영등포구,16110,Bike
2024-05-22,용산구,3758,Bike
2024-05-22,은평구,4230,Bike
2024-05-22,종로구,5928,Bike
2024-05-22,중구,4263,Bike
2024-05-22,중랑구,5629,Bike
2024-05-23,강남구,6796,Bike
2024-05-23,강동구,8510,Bike
2024-05-23,강북구,2524,Bike
2024-05-23,강서구,22704,Bike
2024-05-23,관악구,3876,Bike
2024-05-23,광진구,8996,Bike
2024-05-23,구로구,7691,Bike
2024-05-23,금천구,3505,Bike
2024-05-23,노원구,12156,Bike
2024-05-23,도봉구,4113,Bike
2024-05-23,동대문구,6224,Bike
2024-05-23,동작구,3648,Bike
2024-05-23,마포구,8433,Bike
2024-05-23,서대문구,3600,Bike
2024-05-23,서초구,5992,Bike
2024-05-23,성동구,7053,Bike
2024-05-23,성북구,4188,Bike
2024-05-23,송파구,18115,Bike
2024-05-23,양천구,11007,Bike
2024-05-23,영등포구,16330,Bike
2024-05-23,용산구,3617,Bike
2024-05-23,은평구,4264,Bike
2024-05-23,종로구,5898,Bike
2024-05-23,중구,4093,Bike
2024-05-23,중랑구,5442,Bike
2024-05-24,강남구,7048,Bike
2024-05-24,강동구,8677,Bike
2024-05-24,강북구,2639,Bike
2024-05-24,강서구,23128,Bike
2024-05-24,관악구,3921,Bike
2024-05-24,광진구,9190,Bike
2024-05-24,구로구,7752,Bike
2024-05-24,금천구,3598,Bike
2024-05-24,노원구,12794,Bike
2024-05-24,도봉구,4232,Bike
2024-05-24,동대문구,6393,Bike
2024-05-24,동작구,3771,Bike
2024-05-24,마포구,8868,Bike
2024-05-24,서대문구,3472,Bike
2024-05-24,서초구,6147,Bike
2024-05-24,성동구,7610,Bike
2024-05-24,성북구,4111,Bike
2024-05-24,송파구,18146,Bike
2024-05-24,양천구,11588,Bike
2024-05-24,영등포구,16442,Bike
2024-05-24,용산구,3957,Bike
2024-05-24,은평구,4352,Bike
2024-05-24,종로구,5523,Bike
2024-05-24,중구,3978,Bike
2024-05-24,중랑구,5788,Bike
2024-05-25,강남구,5730,Bike
2024-05-25,강동구,7833,Bike
2024-05-25,강북구,2404,Bike
2024-05-25,강서구,17147,Bike
2024-05-25,관악구,4049,Bike
2024-05-25,광진구,8705,Bike
2024-05-25,구로구,6260,Bike
2024-05-25,금천구,2188,Bike
2024-05-25,노원구,12071,Bike
2024-05-25,도봉구,3981,Bike
2024-05-25,동대문구,5424,Bike
2024-05-25,동작구,3705,Bike
2024-05-25,마포구,9345,Bike
2024-05-25,서대문구,3433,Bike
2024-05-25,서초구,5104,Bike
2024-05-25,성동구,6765,Bike
2024-05-25,성북구,3698,Bike
2024-05-25,송파구,17795,Bike
2024-05-25,양천구,10118,Bike
2024-05-25,영등포구,14373,Bike
2024-05-25,용산구,4258,Bike
2024-05-25,은평구,4252,Bike
2024-05-25,종로구,4276,Bike
2024-05-25,중구,2921,Bike
2024-05-25,중랑구,5445,Bike
2024-05-26,강남구,2263,Bike
2024-05-26,강동구,3251,Bike
2024-05-26,강북구,1042,Bike
2024-05-26,강서구,6167,Bike
2024-05-26,관악구,1655,Bike
2024-05-26,광진구,3451,Bike
2024-05-26,구로구,2273,Bike
2024-05-26,금천구,893,Bike
2024-05-26,노원구,4500,Bike
2024-05-26,도봉구,1633,Bike
2024-05-26,동대문구,2275,Bike
2024-05-26,동작구,1428,Bike
2024-05-26,마포구,3028,Bike
2024-05-26,서대문구,1332,Bike
2024-05-26,서초구,1937,Bike
2024-05-26,성동구,2350,Bike
2024-05-26,성북구,1646,Bike
2024-05-26,송파구,6634,Bike
2024-05-26,양천구,3909,Bike
2024-05-26,영등포구,4932,Bike
2024-05-26,용산구,1452,Bike
2024-05-26,은평구,1598,Bike
2024-05-26,종로구,1504,Bike
2024-05-26,중구,918,Bike
2024-05-26,중랑구,2070,Bike
2024-05-27,강남구,6853,Bike
2024-05-27,강동구,7947,Bike
2024-05-27,강북구,2422,Bike
2024-05-27,강서구,21870,Bike
2024-05-27,관악구,3860,Bike
2024-05-27,광진구,8300,Bike
2024-05-27,구로구,7592,Bike
2024-05-27,금천구,3623,Bike
2024-05-27,노원구,11964,Bike
2024-05-27,도봉구,4119,Bike
2024-05-27,동대문구,6027,Bike
2024-05-27,동작구,3454,Bike
2024-05-27,마포구,8259,Bike
2024-05-27,서대문구,3246,Bike
2024-05-27,서초구,5865,Bike
2024-05-27,성동구,7181,Bike
2024-05-27,성북구,3968,Bike
2024-05-27,송파구,16707,Bike
2024-05-27,양천구,10461,Bike
2024-05-27,영등포구,16263,Bike
2024-05-27,용산구,3709,Bike
2024-05-27,은평구,4159,Bike
2024-05-27,종로구,5566,Bike
2024-05-27,중구,4155,Bike
2024-05-27,중랑구,5220,Bike
2024-05-28,강남구,7173,Bike
2024-05-28,강동구,8768,Bike
2024-05-28,강북구,2562,Bike
2024-05-28,강서구,23719,Bike
2024-05-28,관악구,4044,Bike
2024-05-28,광진구,9599,Bike
2024-05-28,구로구,7954,Bike
2024-05-28,금천구,3681,Bike
2024-05-28,노원구,12962,Bike
2024-05-28,도봉구,4269,Bike
2024-05-28,동대문구,6377,Bike
2024-05-28,동작구,3828,Bike
2024-05-28,마포구,9094,Bike
2024-05-28,서대문구,3644,Bike
2024-05-28,서초구,6286,Bike
2024-05-28,성동구,7560,Bike
2024-05-28,성북구,4272,Bike
2024-05-28,송파구,18343,Bike
2024-05-28,양천구,11154,Bike
2024-05-28,영등포구,16801,Bike
2024-05-28,용산구,4157,Bike
2024-05-28,은평구,4579,Bike
2024-05-28,종로구,5927,Bike
2024-05-28,중구,4458,Bike
2024-05-28,중랑구,5674,Bike
2024-05-29,강남구,6847,Bike
2024-05-29,강동구,8831,Bike
2024-05-29,강북구,2644,Bike
2024-05-29,강서구,23504,Bike
2024-05-29,관악구,3985,Bike
2024-05-29,광진구,9312,Bike
2024-05-29,구로구,7734,Bike
2024-05-29,금천구,3603,Bike
2024-05-29,노원구,12507,Bike
2024-05-29,도봉구,4335,Bike
2024-05-29,동대문구,6121,Bike
2024-05-29,동작구,3635,Bike
2024-05-29,마포구,8809,Bike
2024-05-29,서대문구,3707,Bike
2024-05-29,서초구,5917,Bike
2024-05-29,성동구,7503,Bike
2024-05-29,성북구,4299,Bike
2024-05-29,송파구,17852,Bike
2024-05-29,양천구,11176,Bike
2024-05-29,영등포구,16780,Bike
2024-05-29,용산구,3883,Bike
2024-05-29,은평구,4525,Bike
2024-05-29,종로구,5780,Bike
2024-05-29,중구,4352,Bike
2024-05-29,중랑구,5539,Bike
2024-05-30,강남구,6885,Bike
2024-05-30,강동구,8599,Bike
2024-05-30,강북구,2583,Bike
2024-05-30,강서구,23175,Bike
2024-05-30,관악구,4074,Bike
2024-05-30,광진구,8884,Bike
2024-05-30,구로구,7779,Bike
2024-05-30,금천구,3580,Bike
2024-05-30,노원구,12287,Bike
2024-05-30,도봉구,4055,Bike
2024-05-30,동대문구,6488,Bike
2024-05-30,동작구,3614,Bike
2024-05-30,마포구,8269,Bike
2024-05-30,서대문구,3584,Bike
2024-05-30,서초구,5919,Bike
2024-05-30,성동구,7522,Bike
2024-05-30,성북구,4350,Bike
2024-05-30,송파구,17555,Bike
2024-05-30,양천구,11180,Bike
2024-05-30,영등포구,16085,Bike
2024-05-30,용산구,3668,Bike
2024-05-30,은평구,4460,Bike
2024-05-30,종로구,5825,Bike
2024-05-30,중구,4448,Bike
2024-05-30,중랑구,5585,Bike
2024-05-31,강남구,6878,Bike
2024-05-31,강동구,8496,Bike
2024-05-31,강북구,2576,Bike
2024-05-31,강서구,22879,Bike
2024-05-31,관악구,3654,Bike
2024-05-31,광진구,8720,Bike
2024-05-31,구로구,7678,Bike
2024-05-31,금천구,3468,Bike
2024-05-31,노원구,12255,Bike
2024-05-31,도봉구,4222,Bike
2024-05-31,동대문구,6148,Bike
2024-05-31,동작구,3604,Bike
2024-05-31,마포구,8625,Bike
2024-05-31,서대문구,3440,Bike
2024-05-31,서초구,5747,Bike
2024-05-31,성동구,7278,Bike
2024-05-31,성북구,4231,Bike
2024-05-31,송파구,17975,Bike
2024-05-31,양천구,11717,Bike
2024-05-31,영등포구,16374,Bike
2024-05-31,용산구,3582,Bike
2024-05-31,은평구,4458,Bike
2024-05-31,종로구,5770,Bike
2024-05-31,중구,4401,Bike
2024-05-31,중랑구,5648,Bike
2024-06-01,강남구,5731,Bike
2024-06-01,강동구,7389,Bike
2024-06-01,강북구,2352,Bike
2024-06-01,강서구,17189,Bike
2024-06-01,관악구,3902,Bike
2024-06-01,광진구,9796,Bike
2024-06-01,구로구,6457,Bike
2024-06-01,금천구,2177,Bike
2024-06-01,노원구,11307,Bike
2024-06-01,도봉구,4026,Bike
2024-06-01,동대문구,5172,Bike
2024-06-01,동작구,3554,Bike
2024-06-01,마포구,9481,Bike
2024-06-01,서대문구,3356,Bike
2024-06-01,서초구,5366,Bike
2024-06-01,성동구,7015,Bike
2024-06-01,성북구,3822,Bike
2024-06-01,송파구,17115,Bike
2024-06-01,양천구,10843,Bike
2024-06-01,영등포구,14074,Bike
2024-06-01,용산구,4338,Bike
2024-06-01,은평구,4500,Bike
2024-06-01,종로구,4468,Bike
2024-06-01,중구,3138,Bike
2024-06-01,중랑구,5044,Bike
2024-06-02,강남구,5328,Bike
2024-06-02,강동구,7126,Bike
2024-06-02,강북구,2162,Bike
2024-06-02,강서구,15161,Bike
2024-06-02,관악구,3790,Bike
2024-06-02,광진구,8598,Bike
2024-06-02,구로구,5773,Bike
2024-06-02,금천구,2019,Bike
2024-06-02,노원구,10451,Bike
2024-06-02,도봉구,3815,Bike
2024-06-02,동대문구,5057,Bike
2024-06-02,동작구,3445,Bike
2024-06-02,마포구,9015,Bike
2024-06-02,서대문구,3265,Bike
2024-06-02,서초구,5101,Bike
2024-06-02,성동구,6407,Bike
2024-06-02,성북구,3406,Bike
2024-06-02,송파구,16253,Bike
2024-06-02,양천구,9296,Bike
2024-06-02,영등포구,13256,Bike
2024-06-02,용산구,4078,Bike
2024-06-02,은평구,4013,Bike
2024-06-02,종로구,3803,Bike
2024-06-02,중구,2594,Bike
2024-06-02,중랑구,4688,Bike
2024-06-03,강남구,7137,Bike
2024-06-03,강동구,8387,Bike
2024-06-03,강북구,2483,Bike
2024-06-03,강서구,22766,Bike
2024-06-03,관악구,4000,Bike
2024-06-03,광진구,9030,Bike
2024-06-03,구로구,7917,Bike
2024-06-03,금천구,3866,Bike
2024-06-03,노원구,11999,Bike
2024-06-03,도봉구,4242,Bike
2024-06-03,동대문구,6006,Bike
2024-06-03,동작구,3645,Bike
2024-06-03,마포구,8378,Bike
2024-06-03,서대문구,3491,Bike
2024-06-03,서초구,6289,Bike
2024-06-03,성동구,7358,Bike
2024-06-03,성북구,4056,Bike
2024-06-03,송파구,18010,Bike
2024-06-03,양천구,11145,Bike
2024-06-03,영등포구,16465,Bike
2024-06-03,용산구,3703,Bike
2024-06-03,은평구,4666,Bike
2024-06-03,종로구,5761,Bike
2024-06-03,중구,4214,Bike
2024-06-03,중랑구,5548,Bike
2024-06-04,강남구,7245,Bike
2024-06-04,강동구,8752,Bike
2024-06-04,강북구,2549,Bike
2024-06-04,강서구,23742,Bike
2024-06-04,관악구,4085,Bike
2024-06-04,광진구,9694,Bike
2024-06-04,구로구,7950,Bike
2024-06-04,금천구,3683,Bike
2024-06-04,노원구,12415,Bike
2024-06-04,도봉구,4405,Bike
2024-06-04,동대문구,6409,Bike
2024-06-04,동작구,3686,Bike
2024-06-04,마포구,9026,Bike
2024-06-04,서대문구,3662,Bike
2024-06-04,서초구,6378,Bike
2024-06-04,성동구,7997,Bike
2024-06-04,성북구,4338,Bike
2024-06-04,송파구,18383,Bike
2024-06-04,양천구,11338,Bike
2024-06-04,영등포구,16552,Bike
2024-06-04,용산구,3718,Bike
2024-06-04,은평구,4660,Bike
2024-06-04,종로구,6214,Bike
2024-06-04,중구,4623,Bike
2024-06-04,중랑구,5604,Bike
2024-06-05,강남구,6696,Bike
2024-06-05,강동구,8616,Bike
2024-06-05,강북구,2520,Bike
2024-06-05,강서구,23721,Bike
2024-06-05,관악구,3982,Bike
2024-06-05,광진구,9555,Bike
2024-06-05,구로구,8078,Bike
2024-06-05,금천구,3622,Bike
2024-06-05,노원구,12833,Bike
2024-06-05,도봉구,4349,Bike
2024-06-05,동대문구,6165,Bike
2024-06-05,동작구,3692,Bike
2024-06-05,마포구,9092,Bike
2024-06-05,서대문구,3522,Bike
2024-06-05,서초구,6155,Bike
2024-06-05,성동구,7613,Bike
2024-06-05,성북구,4349,Bike
2024-06-05,송파구,18201,Bike
2024-06-05,양천구,11424,Bike
2024-06-05,영등포구,16723,Bike
2024-06-05,용산구,3722,Bike
2024-06-05,은평구,4577,Bike
2024-06-05,종로구,6348,Bike
2024-06-05,중구,4742,Bike
2024-06-05,중랑구,5690,Bike
2024-06-06,강남구,4887,Bike
2024-06-06,강동구,6816,Bike
2024-06-06,강북구,2167,Bike
2024-06-06,강서구,14752,Bike
2024-06-06,관악구,3817,Bike
2024-06-06,광진구,8233,Bike
2024-06-06,구로구,5816,Bike
2024-06-06,금천구,1974,Bike
2024-06-06,노원구,9724,Bike
2024-06-06,도봉구,3660,Bike
2024-06-06,동대문구,4805,Bike
2024-06-06,동작구,3653,Bike
2024-06-06,마포구,8182,Bike
2024-06-06,서대문구,3231,Bike
2024-06-06,서초구,4743,Bike
2024-06-06,성동구,6175,Bike
2024-06-06,성북구,3646,Bike
2024-06-06,송파구,15334,Bike
2024-06-06,양천구,9004,Bike
2024-06-06,영등포구,12881,Bike
2024-06-06,용산구,3919,Bike
2024-06-06,은평구,4259,Bike
2024-06-06,종로구,4091,Bike
2024-06-06,중구,3003,Bike
2024-06-06,중랑구,4386,Bike
2024-06-07,강남구,6288,Bike
2024-06-07,강동구,7973,Bike
2024-06-07,강북구,2452,Bike
2024-06-07,강서구,20291,Bike
2024-06-07,관악구,3476,Bike
2024-06-07,광진구,8576,Bike
2024-06-07,구로구,7279,Bike
2024-06-07,금천구,3118,Bike
2024-06-07,노원구,11479,Bike
2024-06-07,도봉구,4050,Bike
2024-06-07,동대문구,5717,Bike
2024-06-07,동작구,3411,Bike
2024-06-07,마포구,8573,Bike
2024-06-07,서대문구,3453,Bike
2024-06-07,서초구,5502,Bike
2024-06-07,성동구,7081,Bike
2024-06-07,성북구,3930,Bike
2024-06-07,송파구,16164,Bike
2024-06-07,양천구,10897,Bike
2024-06-07,영등포구,15958,Bike
2024-06-07,용산구,3537,Bike
2024-06-07,은평구,4518,Bike
2024-06-07,종로구,5770,Bike
2024-06-07,중구,4329,Bike
2024-06-07,중랑구,5217,Bike
2024-06-08,강남구,3531,Bike
2024-06-08,강동구,4937,Bike
2024-06-08,강북구,1344,Bike
2024-06-08,강서구,11724,Bike
2024-06-08,관악구,2596,Bike
2024-06-08,광진구,5561,Bike
2024-06-08,구로구,4598,Bike
2024-06-08,금천구,1544,Bike
2024-06-08,노원구,6512,Bike
2024-06-08,도봉구,2250,Bike
2024-06-08,동대문구,3442,Bike
2024-06-08,동작구,2626,Bike
2024-06-08,마포구,5994,Bike
2024-06-08,서대문구,2280,Bike
2024-06-08,서초구,3436,Bike
2024-06-08,성동구,4239,Bike
2024-06-08,성북구,2362,Bike
2024-06-08,송파구,10812,Bike
2024-06-08,양천구,7677,Bike
2024-06-08,영등포구,9408,Bike
2024-06-08,용산구,2732,Bike
2024-06-08,은평구,2955,Bike
2024-06-08,종로구,2897,Bike
2024-06-08,중구,2036,Bike
2024-06-08,중랑구,3498,Bike
2024-06-09,강남구,5016,Bike
2024-06-09,강동구,6873,Bike
2024-06-09,강북구,2207,Bike
2024-06-09,강서구,14379,Bike
2024-06-09,관악구,3582,Bike
2024-06-09,광진구,7611,Bike
2024-06-09,구로구,5492,Bike
2024-06-09,금천구,1928,Bike
2024-06-09,노원구,9579,Bike
2024-06-09,도봉구,3454,Bike
2024-06-09,동대문구,4682,Bike
2024-06-09,동작구,3371,Bike
2024-06-09,마포구,7740,Bike
2024-06-09,서대문구,3032,Bike
2024-06-09,서초구,4735,Bike
2024-06-09,성동구,5791,Bike
2024-06-09,성북구,3209,Bike
2024-06-09,송파구,15244,Bike
2024-06-09,양천구,9150,Bike
2024-06-09,영등포구,12511,Bike
2024-06-09,용산구,3718,Bike
2024-06-09,은평구,3815,Bike
2024-06-09,종로구,3455,Bike
2024-06-09,중구,2423,Bike
2024-06-09,중랑구,4537,Bike
2024-06-10,강남구,7015,Bike
2024-06-10,강동구,8360,Bike
2024-06-10,강북구,2338,Bike
2024-06-10,강서구,22932,Bike
2024-06-10,관악구,3943,Bike
2024-06-10,광진구,9162,Bike
2024-06-10,구로구,8011,Bike
2024-06-10,금천구,3662,Bike
2024-06-10,노원구,11449,Bike
2024-06-10,도봉구,4169,Bike
2024-06-10,동대문구,6071,Bike
2024-06-10,동작구,3548,Bike
2024-06-10,마포구,8429,Bike
2024-06-10,서대문구,3574,Bike
2024-06-10,서초구,6008,Bike
2024-06-10,성동구,7063,Bike
2024-06-10,성북구,4067,Bike
2024-06-10,송파구,16805,Bike
2024-06-10,양천구,11091,Bike
2024-06-10,영등포구,16944,Bike
2024-06-10,용산구,3213,Bike
2024-06-10,은평구,4349,Bike
2024-06-10,종로구,5793,Bike
2024-06-10,중구,4403,Bike
2024-06-10,중랑구,5383,Bike
2024-06-11,강남구,6763,Bike
2024-06-11,강동구,8544,Bike
2024-06-11,강북구,2487,Bike
2024-06-11,강서구,22915,Bike
2024-06-11,관악구,3969,Bike
2024-06-11,광진구,8872,Bike
2024-06-11,구로구,7787,Bike
2024-06-11,금천구,3664,Bike
2024-06-11,노원구,11561,Bike
2024-06-11,도봉구,4054,Bike
2024-06-11,동대문구,6065,Bike
2024-06-11,동작구,3498,Bike
2024-06-11,마포구,9266,Bike
2024-06-11,서대문구,3353,Bike
2024-06-11,서초구,5841,Bike
2024-06-11,성동구,7066,Bike
2024-06-11,성북구,4154,Bike
2024-06-11,송파구,17609,Bike
2024-06-11,양천구,11079,Bike
2024-06-11,영등포구,16362,Bike
2024-06-11,용산구,3390,Bike
2024-06-11,은평구,4262,Bike
2024-06-11,종로구,5913,Bike
2024-06-11,중구,4269,Bike
2024-06-11,중랑구,5404,Bike
2024-06-12,강남구,6535,Bike
2024-06-12,강동구,8200,Bike
2024-06-12,강북구,2411,Bike
2024-06-12,강서구,23435,Bike
2024-06-12,관악구,3886,Bike
2024-06-12,광진구,9075,Bike
2024-06-12,구로구,7834,Bike
2024-06-12,금천구,3571,Bike
2024-06-12,노원구,11805,Bike
2024-06-12,도봉구,4281,Bike
2024-06-12,동대문구,6051,Bike
2024-06-12,동작구,3690,Bike
2024-06-12,마포구,8307,Bike
2024-06-12,서대문구,3449,Bike
2024-06-12,서초구,5785,Bike
2024-06-12,성동구,7075,Bike
2024-06-12,성북구,4314,Bike
2024-06-12,송파구,18050,Bike
2024-06-12,양천구,11489,Bike
2024-06-12,영등포구,16363,Bike
2024-06-12,용산구,3590,Bike
2024-06-12,은평구,4448,Bike
2024-06-12,종로구,5494,Bike
2024-06-12,중구,4201,Bike
2024-06-12,중랑구,5339,Bike
2024-06-13,강남구,6095,Bike
2024-06-13,강동구,8288,Bike
2024-06-13,강북구,2440,Bike
2024-06-13,강서구,22864,Bike
2024-06-13,관악구,3678,Bike
2024-06-13,광진구,8503,Bike
2024-06-13,구로구,7828,Bike
2024-06-13,금천구,3603,Bike
2024-06-13,노원구,11361,Bike
2024-06-13,도봉구,4195,Bike
2024-06-13,동대문구,5993,Bike
2024-06-13,동작구,3500,Bike
2024-06-13,마포구,8293,Bike
2024-06-13,서대문구,3385,Bike
2024-06-13,서초구,5562,Bike
2024-06-13,성동구,6900,Bike
2024-06-13,성북구,4081,Bike
2024-06-13,송파구,17255,Bike
2024-06-13,양천구,11225,Bike
2024-06-13,영등포구,15920,Bike
2024-06-13,용산구,3345,Bike
2024-06-13,은평구,4470,Bike
2024-06-13,종로구,5172,Bike
2024-06-13,중구,3843,Bike
2024-06-13,중랑구,5339,Bike
2024-06-14,강남구,6524,Bike
2024-06-14,강동구,8593,Bike
2024-06-14,강북구,2407,Bike
2024-06-14,강서구,23488,Bike
2024-06-14,관악구,3817,Bike
2024-06-14,광진구,8790,Bike
2024-06-14,구로구,7996,Bike
2024-06-14,금천구,3557,Bike
2024-06-14,노원구,11592,Bike
2024-06-14,도봉구,4264,Bike
2024-06-14,동대문구,6067,Bike
2024-06-14,동작구,3425,Bike
2024-06-14,마포구,8536,Bike
2024-06-14,서대문구,3390,Bike
2024-06-14,서초구,5725,Bike
2024-06-14,성동구,7131,Bike
2024-06-14,성북구,4046,Bike
2024-06-14,송파구,17606,Bike
2024-06-14,양천구,11699,Bike
2024-06-14,영등포구,16030,Bike
2024-06-14,용산구,3492,Bike
2024-06-14,은평구,4512,Bike
2024-06-14,종로구,5394,Bike
2024-06-14,중구,4052,Bike
2024-06-14,중랑구,5440,Bike
2024-06-15,강남구,4358,Bike
2024-06-15,강동구,6572,Bike
2024-06-15,강북구,2084,Bike
2024-06-15,강서구,15431,Bike
2024-06-15,관악구,3290,Bike
2024-06-15,광진구,7119,Bike
2024-06-15,구로구,5437,Bike
2024-06-15,금천구,1952,Bike
2024-06-15,노원구,9567,Bike
2024-06-15,도봉구,3500,Bike
2024-06-15,동대문구,4272,Bike
2024-06-15,동작구,2916,Bike
2024-06-15,마포구,6874,Bike
2024-06-15,서대문구,2487,Bike
2024-06-15,서초구,4143,Bike
2024-06-15,성동구,4960,Bike
2024-06-15,성북구,3065,Bike
2024-06-15,송파구,13338,Bike
2024-06-15,양천구,9099,Bike
2024-06-15,영등포구,11195,Bike
2024-06-15,용산구,3046,Bike
2024-06-15,은평구,4009,Bike
2024-06-15,종로구,3203,Bike
2024-06-15,중구,2137,Bike
2024-06-15,중랑구,4261,Bike
2024-06-16,강남구,4625,Bike
2024-06-16,강동구,7079,Bike
2024-06-16,강북구,2055,Bike
2024-06-16,강서구,14366,Bike
2024-06-16,관악구,3710,Bike
2024-06-16,광진구,7434,Bike
2024-06-16,구로구,5522,Bike
2024-06-16,금천구,1876,Bike
2024-06-16,노원구,9454,Bike
2024-06-16,도봉구,3555,Bike
2024-06-16,동대문구,4409,Bike
2024-06-16,동작구,3204,Bike
2024-06-16,마포구,7284,Bike
2024-06-16,서대문구,2721,Bike
2024-06-16,서초구,4312,Bike
2024-06-16,성동구,5355,Bike
2024-06-16,성북구,3179,Bike
2024-06-16,송파구,14095,Bike
2024-06-16,양천구,9076,Bike
2024-06-16,영등포구,11924,Bike
2024-06-16,용산구,3401,Bike
2024-06-16,은평구,3872,Bike
2024-06-16,종로구,3103,Bike
2024-06-16,중구,2140,Bike
2024-06-16,중랑구,4381,Bike
2024-06-17,강남구,6667,Bike
2024-06-17,강동구,8519,Bike
2024-06-17,강북구,2456,Bike
2024-06-17,강서구,22924,Bike
2024-06-17,관악구,3925,Bike
2024-06-17,광진구,8888,Bike
2024-06-17,구로구,7664,Bike
2024-06-17,금천구,3694,Bike
2024-06-17,노원구,11184,Bike
2024-06-17,도봉구,4346,Bike
2024-06-17,동대문구,5967,Bike
2024-06-17,동작구,3659,Bike
2024-06-17,마포구,8137,Bike
2024-06-17,서대문구,3411,Bike
2024-06-17,서초구,5763,Bike
2024-06-17,성동구,7447,Bike
2024-06-17,성북구,4050,Bike
2024-06-17,송파구,17440,Bike
2024-06-17,양천구,11249,Bike
2024-06-17,영등포구,16477,Bike
2024-06-17,용산구,3413,Bike
2024-06-17,은평구,4533,Bike
2024-06-17,종로구,5583,Bike
2024-06-17,중구,4159,Bike
2024-06-17,중랑구,5448,Bike
2024-06-18,강남구,6614,Bike
2024-06-18,강동구,8421,Bike
2024-06-18,강북구,2398,Bike
2024-06-18,강서구,23145,Bike
2024-06-18,관악구,4012,Bike
2024-06-18,광진구,9125,Bike
2024-06-18,구로구,7904,Bike
2024-06-18,금천구,3829,Bike
2024-06-18,노원구,11308,Bike
2024-06-18,도봉구,4093,Bike
2024-06-18,동대문구,5935,Bike
2024-06-18,동작구,3608,Bike
2024-06-18,마포구,8042,Bike
2024-06-18,서대문구,3399,Bike
2024-06-18,서초구,5771,Bike
2024-06-18,성동구,7339,Bike
2024-06-18,성북구,4183,Bike
2024-06-18,송파구,17347,Bike
2024-06-18,양천구,11320,Bike
2024-06-18,영등포구,16349,Bike
2024-06-18,용산구,3475,Bike
2024-06-18,은평구,4476,Bike
2024-06-18,종로구,6032,Bike
2024-06-18,중구,4205,Bike
2024-06-18,중랑구,5411,Bike
2024-06-19,강남구,6336,Bike
2024-06-19,강동구,7986,Bike
2024-06-19,강북구,2331,Bike
2024-06-19,강서구,22984,Bike
2024-06-19,관악구,3756,Bike
2024-06-19,광진구,8523,Bike
2024-06-19,구로구,7444,Bike
2024-06-19,금천구,3573,Bike
2024-06-19,노원구,11302,Bike
2024-06-19,도봉구,4020,Bike
2024-06-19,동대문구,5660,Bike
2024-06-19,동작구,3425,Bike
2024-06-19,마포구,7721,Bike
2024-06-19,서대문구,3100,Bike
2024-06-19,서초구,5289,Bike
2024-06-19,성동구,6758,Bike
2024-06-19,성북구,3909,Bike
2024-06-19,송파구,16490,Bike
2024-06-19,양천구,11142,Bike
2024-06-19,영등포구,15243,Bike
2024-06-19,용산구,3180,Bike
2024-06-19,은평구,4239,Bike
2024-06-19,종로구,5640,Bike
2024-06-19,중구,4231,Bike
2024-06-19,중랑구,4956,Bike
2024-06-20,강남구,6155,Bike
2024-06-20,강동구,8060,Bike
2024-06-20,강북구,2358,Bike
2024-06-20,강서구,22545,Bike
2024-06-20,관악구,3833,Bike
2024-06-20,광진구,9015,Bike
2024-06-20,구로구,7462,Bike
2024-06-20,금천구,3475,Bike
2024-06-20,노원구,10964,Bike
2024-06-20,도봉구,3931,Bike
2024-06-20,동대문구,5719,Bike
2024-06-20,동작구,3365,Bike
2024-06-20,마포구,7849,Bike
2024-06-20,서대문구,3185,Bike
2024-06-20,서초구,5444,Bike
2024-06-20,성동구,6823,Bike
2024-06-20,성북구,3757,Bike
2024-06-20,송파구,16380,Bike
2024-06-20,양천구,10816,Bike
2024-06-20,영등포구,15285,Bike
2024-06-20,용산구,3182,Bike
2024-06-20,은평구,4204,Bike
2024-06-20,종로구,5679,Bike
2024-06-20,중구,4231,Bike
2024-06-20,중랑구,5010,Bike
2024-06-21,강남구,6312,Bike
2024-06-21,강동구,8351,Bike
2024-06-21,강북구,2427,Bike
2024-06-21,강서구,22671,Bike
2024-06-21,관악구,3796,Bike
2024-06-21,광진구,8749,Bike
2024-06-21,구로구,7703,Bike
2024-06-21,금천구,3548,Bike
2024-06-21,노원구,11530,Bike
2024-06-21,도봉구,4123,Bike
2024-06-21,동대문구,5768,Bike
2024-06-21,동작구,3393,Bike
2024-06-21,마포구,8315,Bike
2024-06-21,서대문구,3321,Bike
2024-06-21,서초구,5532,Bike
2024-06-21,성동구,6802,Bike
2024-06-21,성북구,3909,Bike
2024-06-21,송파구,16906,Bike
2024-06-21,양천구,11494,Bike
2024-06-21,영등포구,15984,Bike
2024-06-21,용산구,3486,Bike
2024-06-21,은평구,4371,Bike
2024-06-21,종로구,5725,Bike
2024-06-21,중구,4251,Bike
2024-06-21,중랑구,5365,Bike
2024-06-22,강남구,1713,Bike
2024-06-22,강동구,2744,Bike
2024-06-22,강북구,1052,Bike
2024-06-22,강서구,7455,Bike
2024-06-22,관악구,1559,Bike
2024-06-22,광진구,2977,Bike
2024-06-22,구로구,2456,Bike
2024-06-22,금천구,819,Bike
2024-06-22,노원구,4607,Bike
2024-06-22,도봉구,1658,Bike
2024-06-22,동대문구,1951,Bike
2024-06-22,동작구,1242,Bike
2024-06-22,마포구,3097,Bike
2024-06-22,서대문구,1226,Bike
2024-06-22,서초구,1522,Bike
2024-06-22,성동구,2068,Bike
2024-06-22,성북구,1341,Bike
2024-06-22,송파구,5109,Bike
2024-06-22,양천구,4262,Bike
2024-06-22,영등포구,4703,Bike
2024-06-22,용산구,1208,Bike
2024-06-22,은평구,2031,Bike
2024-06-22,종로구,1364,Bike
2024-06-22,중구,1006,Bike
2024-06-22,중랑구,2079,Bike
2024-06-23,강남구,3412,Bike
2024-06-23,강동구,5236,Bike
2024-06-23,강북구,1589,Bike
2024-06-23,강서구,11529,Bike
2024-06-23,관악구,2671,Bike
2024-06-23,광진구,5490,Bike
2024-06-23,구로구,4164,Bike
2024-06-23,금천구,1384,Bike
2024-06-23,노원구,7047,Bike
2024-06-23,도봉구,2642,Bike
2024-06-23,동대문구,3362,Bike
2024-06-23,동작구,2239,Bike
2024-06-23,마포구,5675,Bike
2024-06-23,서대문구,2227,Bike
2024-06-23,서초구,3421,Bike
2024-06-23,성동구,3912,Bike
2024-06-23,성북구,2309,Bike
2024-06-23,송파구,11113,Bike
2024-06-23,양천구,7391,Bike
2024-06-23,영등포구,9157,Bike
2024-06-23,용산구,2663,Bike
2024-06-23,은평구,2899,Bike
2024-06-23,종로구,2732,Bike
2024-06-23,중구,1831,Bike
2024-06-23,중랑구,3183,Bike
2024-06-24,강남구,6516,Bike
2024-06-24,강동구,7724,Bike
2024-06-24,강북구,2243,Bike
2024-06-24,강서구,22123,Bike
2024-06-24,관악구,3727,Bike
2024-06-24,광진구,8108,Bike
2024-06-24,구로구,7564,Bike
2024-06-24,금천구,3520,Bike
2024-06-24,노원구,10751,Bike
2024-06-24,도봉구,4205,Bike
2024-06-24,동대문구,5556,Bike
2024-06-24,동작구,3342,Bike
2024-06-24,마포구,8268,Bike
2024-06-24,서대문구,3425,Bike
2024-06-24,서초구,5892,Bike
2024-06-24,성동구,7047,Bike
2024-06-24,성북구,3742,Bike
2024-06-24,송파구,16795,Bike
2024-06-24,양천구,10873,Bike
2024-06-24,영등포구,16208,Bike
2024-06-24,용산구,3324,Bike
2024-06-24,은평구,4318,Bike
2024-06-24,종로구,5761,Bike
2024-06-24,중구,4497,Bike
2024-06-24,중랑구,5062,Bike
2024-06-25,강남구,7008,Bike
2024-06-25,강동구,8739,Bike
2024-06-25,강북구,2481,Bike
2024-06-25,강서구,24154,Bike
2024-06-25,관악구,4311,Bike
2024-06-25,광진구,9298,Bike
2024-06-25,구로구,8165,Bike
2024-06-25,금천구,3750,Bike
2024-06-25,노원구,11746,Bike
2024-06-25,도봉구,4459,Bike
2024-06-25,동대문구,6236,Bike
2024-06-25,동작구,3758,Bike
2024-06-25,마포구,8781,Bike
2024-06-25,서대문구,3669,Bike
2024-06-25,서초구,6615,Bike
2024-06-25,성동구,7759,Bike
2024-06-25,성북구,4039,Bike
2024-06-25,송파구,18685,Bike
2024-06-25,양천구,11619,Bike
2024-06-25,영등포구,17131,Bike
2024-06-25,용산구,3738,Bike
2024-06-25,은평구,4743,Bike
2024-06-25,종로구,6378,Bike
2024-06-25,중구,4790,Bike
2024-06-25,중랑구,5657,Bike
2024-06-26,강남구,6599,Bike
2024-06-26,강동구,8275,Bike
2024-06-26,강북구,2445,Bike
2024-06-26,강서구,23603,Bike
2024-06-26,관악구,4082,Bike
2024-06-26,광진구,8762,Bike
2024-06-26,구로구,8141,Bike
2024-06-26,금천구,3668,Bike
2024-06-26,노원구,11638,Bike
2024-06-26,도봉구,4280,Bike
2024-06-26,동대문구,5911,Bike
2024-06-26,동작구,3641,Bike
2024-06-26,마포구,8779,Bike
2024-06-26,서대문구,3423,Bike
2024-06-26,서초구,5848,Bike
2024-06-26,성동구,7144,Bike
2024-06-26,성북구,3862,Bike
2024-06-26,송파구,17749,Bike
2024-06-26,양천구,11752,Bike
2024-06-26,영등포구,16138,Bike
2024-06-26,용산구,3487,Bike
2024-06-26,은평구,4555,Bike
2024-06-26,종로구,6047,Bike
2024-06-26,중구,4697,Bike
2024-06-26,중랑구,5288,Bike
2024-06-27,강남구,6422,Bike
2024-06-27,강동구,8310,Bike
2024-06-27,강북구,2367,Bike
2024-06-27,강서구,23470,Bike
2024-06-27,관악구,4178,Bike
2024-06-27,광진구,8964,Bike
2024-06-27,구로구,7778,Bike
2024-06-27,금천구,3639,Bike
2024-06-27,노원구,11597,Bike
2024-06-27,도봉구,4237,Bike
2024-06-27,동대문구,5781,Bike
2024-06-27,동작구,3479,Bike
2024-06-27,마포구,8315,Bike
2024-06-27,서대문구,3461,Bike
2024-06-27,서초구,6062,Bike
2024-06-27,성동구,7054,Bike
2024-06-27,성북구,3876,Bike
2024-06-27,송파구,17322,Bike
2024-06-27,양천구,11299,Bike
2024-06-27,영등포구,16086,Bike
2024-06-27,용산구,3282,Bike
2024-06-27,은평구,4545,Bike
2024-06-27,종로구,6040,Bike
2024-06-27,중구,4591,Bike
2024-06-27,중랑구,5384,Bike
2024-06-28,강남구,6056,Bike
2024-06-28,강동구,8253,Bike
2024-06-28,강북구,2410,Bike
2024-06-28,강서구,22462,Bike
2024-06-28,관악구,3839,Bike
2024-06-28,광진구,8601,Bike
2024-06-28,구로구,7487,Bike
2024-06-28,금천구,3373,Bike
2024-06-28,노원구,11307,Bike
2024-06-28,도봉구,4109,Bike
2024-06-28,동대문구,5607,Bike
2024-06-28,동작구,3403,Bike
2024-06-28,마포구,8223,Bike
2024-06-28,서대문구,3315,Bike
2024-06-28,서초구,5669,Bike
2024-06-28,성동구,6962,Bike
2024-06-28,성북구,3512,Bike
2024-06-28,송파구,16840,Bike
2024-06-28,양천구,11279,Bike
2024-06-28,영등포구,15566,Bike
2024-06-28,용산구,3390,Bike
2024-06-28,은평구,4286,Bike
2024-06-28,종로구,5501,Bike
2024-06-28,중구,4471,Bike
2024-06-28,중랑구,5124,Bike
2024-06-29,강남구,3097,Bike
2024-06-29,강동구,4956,Bike
2024-06-29,강북구,1583,Bike
2024-06-29,강서구,11088,Bike
2024-06-29,관악구,2580,Bike
2024-06-29,광진구,5044,Bike
2024-06-29,구로구,3946,Bike
2024-06-29,금천구,1388,Bike
2024-06-29,노원구,6974,Bike
2024-06-29,도봉구,2606,Bike
2024-06-29,동대문구,3271,Bike
2024-06-29,동작구,2068,Bike
2024-06-29,마포구,4978,Bike
2024-06-29,서대문구,1945,Bike
2024-06-29,서초구,2874,Bike
2024-06-29,성동구,3430,Bike
2024-06-29,성북구,2298,Bike
2024-06-29,송파구,10126,Bike
2024-06-29,양천구,6888,Bike
2024-06-29,영등포구,8023,Bike
2024-06-29,용산구,1891,Bike
2024-06-29,은평구,2968,Bike
2024-06-29,종로구,2724,Bike
2024-06-29,중구,1771,Bike
2024-06-29,중랑구,3147,Bike
2024-06-30,강남구,3334,Bike
2024-06-30,강동구,4843,Bike
2024-06-30,강북구,1391,Bike
2024-06-30,강서구,10075,Bike
2024-06-30,관악구,2508,Bike
2024-06-30,광진구,4834,Bike
2024-06-30,구로구,4005,Bike
2024-06-30,금천구,1292,Bike
2024-06-30,노원구,6061,Bike
2024-06-30,도봉구,2217,Bike
2024-06-30,동대문구,3134,Bike
2024-06-30,동작구,2187,Bike
2024-06-30,마포구,4867,Bike
2024-06-30,서대문구,1875,Bike
2024-06-30,서초구,3207,Bike
2024-06-30,성동구,3581,Bike
2024-06-30,성북구,1971,Bike
2024-06-30,송파구,10177,Bike
2024-06-30,양천구,6334,Bike
2024-06-30,영등포구,8366,Bike
2024-06-30,용산구,2255,Bike
2024-06-30,은평구,2361,Bike
2024-06-30,종로구,2590,Bike
2024-06-30,중구,1814,Bike
2024-06-30,중랑구,2792,Bike
2024-07-01,강남구,6211,Bike
2024-07-01,강동구,7660,Bike
2024-07-01,강북구,2424,Bike
2024-07-01,강서구,21936,Bike
2024-07-01,관악구,3938,Bike
2024-07-01,광진구,8508,Bike
2024-07-01,구로구,7659,Bike
2024-07-01,금천구,3508,Bike
2024-07-01,노원구,11281,Bike
2024-07-01,도봉구,4172,Bike
2024-07-01,동대문구,5711,Bike
2024-07-01,동작구,3358,Bike
2024-07-01,마포구,7621,Bike
2024-07-01,서대문구,3215,Bike
2024-07-01,서초구,5709,Bike
2024-07-01,성동구,6927,Bike
2024-07-01,성북구,3650,Bike
2024-07-01,송파구,16657,Bike
2024-07-01,양천구,10789,Bike
2024-07-01,영등포구,15893,Bike
2024-07-01,용산구,3231,Bike
2024-07-01,은평구,4239,Bike
2024-07-01,종로구,6008,Bike
2024-07-01,중구,4556,Bike
2024-07-01,중랑구,5132,Bike
2024-07-02,강남구,1238,Bike
2024-07-02,강동구,2218,Bike
2024-07-02,강북구,549,Bike
2024-07-02,강서구,4372,Bike
2024-07-02,관악구,897,Bike
2024-07-02,광진구,2014,Bike
2024-07-02,구로구,1579,Bike
2024-07-02,금천구,853,Bike
2024-07-02,노원구,2687,Bike
2024-07-02,도봉구,922,Bike
2024-07-02,동대문구,1373,Bike
2024-07-02,동작구,672,Bike
2024-07-02,마포구,1463,Bike
2024-07-02,서대문구,740,Bike
2024-07-02,서초구,1048,Bike
2024-07-02,성동구,1463,Bike
2024-07-02,성북구,901,Bike
2024-07-02,송파구,3972,Bike
2024-07-02,양천구,2213,Bike
2024-07-02,영등포구,2946,Bike
2024-07-02,용산구,550,Bike
2024-07-02,은평구,1017,Bike
2024-07-02,종로구,991,Bike
2024-07-02,중구,834,Bike
2024-07-02,중랑구,1312,Bike
2024-07-03,강남구,5686,Bike
2024-07-03,강동구,6943,Bike
2024-07-03,강북구,2070,Bike
2024-07-03,강서구,20592,Bike
2024-07-03,관악구,3456,Bike
2024-07-03,광진구,7565,Bike
2024-07-03,구로구,6692,Bike
2024-07-03,금천구,2869,Bike
2024-07-03,노원구,10178,Bike
2024-07-03,도봉구,3732,Bike
2024-07-03,동대문구,4850,Bike
2024-07-03,동작구,2905,Bike
2024-07-03,마포구,7507,Bike
2024-07-03,서대문구,3038,Bike
2024-07-03,서초구,5042,Bike
2024-07-03,성동구,5934,Bike
2024-07-03,성북구,3424,Bike
2024-07-03,송파구,15085,Bike
2024-07-03,양천구,10192,Bike
2024-07-03,영등포구,14196,Bike
2024-07-03,용산구,2730,Bike
2024-07-03,은평구,3906,Bike
2024-07-03,종로구,5554,Bike
2024-07-03,중구,4150,Bike
2024-07-03,중랑구,4555,Bike
2024-07-04,강남구,5306,Bike
2024-07-04,강동구,6768,Bike
2024-07-04,강북구,1965,Bike
2024-07-04,강서구,19841,Bike
2024-07-04,관악구,3332,Bike
2024-07-04,광진구,7028,Bike
2024-07-04,구로구,6806,Bike
2024-07-04,금천구,3187,Bike
2024-07-04,노원구,9553,Bike
2024-07-04,도봉구,3487,Bike
2024-07-04,동대문구,4823,Bike
2024-07-04,동작구,2758,Bike
2024-07-04,마포구,6539,Bike
2024-07-04,서대문구,2813,Bike
2024-07-04,서초구,4728,Bike
2024-07-04,성동구,5988,Bike
2024-07-04,성북구,3229,Bike
2024-07-04,송파구,14434,Bike
2024-07-04,양천구,9856,Bike
2024-07-04,영등포구,13654,Bike
2024-07-04,용산구,2721,Bike
2024-07-04,은평구,3751,Bike
2024-07-04,종로구,5350,Bike
2024-07-04,중구,3938,Bike
2024-07-04,중랑구,4482,Bike
2024-07-05,강남구,5767,Bike
2024-07-05,강동구,7264,Bike
2024-07-05,강북구,2136,Bike
2024-07-05,강서구,21717,Bike
2024-07-05,관악구,3453,Bike
2024-07-05,광진구,7915,Bike
2024-07-05,구로구,6892,Bike
2024-07-05,금천구,3029,Bike
2024-07-05,노원구,10451,Bike
2024-07-05,도봉구,3864,Bike
2024-07-05,동대문구,5034,Bike
2024-07-05,동작구,3034,Bike
2024-07-05,마포구,7462,Bike
2024-07-05,서대문구,3058,Bike
2024-07-05,서초구,5345,Bike
2024-07-05,성동구,6420,Bike
2024-07-05,성북구,3305,Bike
2024-07-05,송파구,15661,Bike
2024-07-05,양천구,10820,Bike
2024-07-05,영등포구,14638,Bike
2024-07-05,용산구,3203,Bike
2024-07-05,은평구,3964,Bike
2024-07-05,종로구,5679,Bike
2024-07-05,중구,4204,Bike
2024-07-05,중랑구,4677,Bike
2024-07-06,강남구,2938,Bike
2024-07-06,강동구,4321,Bike
2024-07-06,강북구,1312,Bike
2024-07-06,강서구,11068,Bike
2024-07-06,관악구,2492,Bike
2024-07-06,광진구,4727,Bike
2024-07-06,구로구,3730,Bike
2024-07-06,금천구,1391,Bike
2024-07-06,노원구,6186,Bike
2024-07-06,도봉구,2353,Bike
2024-07-06,동대문구,2746,Bike
2024-07-06,동작구,1921,Bike
2024-07-06,마포구,4410,Bike
2024-07-06,서대문구,1944,Bike
2024-07-06,서초구,2695,Bike
2024-07-06,성동구,3182,Bike
2024-07-06,성북구,1922,Bike
2024-07-06,송파구,8991,Bike
2024-07-06,양천구,6610,Bike
2024-07-06,영등포구,7588,Bike
2024-07-06,용산구,1880,Bike
2024-07-06,은평구,2704,Bike
2024-07-06,종로구,2640,Bike
2024-07-06,중구,1686,Bike
2024-07-06,중랑구,2744,Bike
2024-07-07,강남구,2483,Bike
2024-07-07,강동구,3734,Bike
2024-07-07,강북구,1227,Bike
2024-07-07,강서구,8855,Bike
2024-07-07,관악구,1952,Bike
2024-07-07,광진구,3876,Bike
2024-07-07,구로구,3057,Bike
2024-07-07,금천구,1017,Bike
2024-07-07,노원구,5799,Bike
2024-07-07,도봉구,2208,Bike
2024-07-07,동대문구,2621,Bike
2024-07-07,동작구,1637,Bike
2024-07-07,마포구,3987,Bike
2024-07-07,서대문구,1729,Bike
2024-07-07,서초구,2304,Bike
2024-07-07,성동구,2960,Bike
2024-07-07,성북구,1878,Bike
2024-07-07,송파구,7670,Bike
2024-07-07,양천구,5325,Bike
2024-07-07,영등포구,6674,Bike
2024-07-07,용산구,1820,Bike
2024-07-07,은평구,2354,Bike
2024-07-07,종로구,2356,Bike
2024-07-07,중구,1480,Bike
2024-07-07,중랑구,2535,Bike
2024-07-08,강남구,1428,Bike
2024-07-08,강동구,1895,Bike
2024-07-08,강북구,741,Bike
2024-07-08,강서구,7242,Bike
2024-07-08,관악구,880,Bike
2024-07-08,광진구,2359,Bike
2024-07-08,구로구,1624,Bike
2024-07-08,금천구,703,Bike
2024-07-08,노원구,3659,Bike
2024-07-08,도봉구,1305,Bike
2024-07-08,동대문구,1860,Bike
2024-07-08,동작구,668,Bike
2024-07-08,마포구,1944,Bike
2024-07-08,서대문구,994,Bike
2024-07-08,서초구,1124,Bike
2024-07-08,성동구,1935,Bike
2024-07-08,성북구,1126,Bike
2024-07-08,송파구,3765,Bike
2024-07-08,양천구,2772,Bike
2024-07-08,영등포구,3852,Bike
2024-07-08,용산구,671,Bike
2024-07-08,은평구,1267,Bike
2024-07-08,종로구,1856,Bike
2024-07-08,중구,1218,Bike
2024-07-08,중랑구,1527,Bike
2024-07-09,강남구,4503,Bike
2024-07-09,강동구,5692,Bike
2024-07-09,강북구,1645,Bike
2024-07-09,강서구,16876,Bike
2024-07-09,관악구,2473,Bike
2024-07-09,광진구,5515,Bike
2024-07-09,구로구,5492,Bike
2024-07-09,금천구,2610,Bike
2024-07-09,노원구,8588,Bike
2024-07-09,도봉구,3049,Bike
2024-07-09,동대문구,3963,Bike
2024-07-09,동작구,2019,Bike
2024-07-09,마포구,5329,Bike
2024-07-09,서대문구,2393,Bike
2024-07-09,서초구,3724,Bike
2024-07-09,성동구,4817,Bike
2024-07-09,성북구,2806,Bike
2024-07-09,송파구,11812,Bike
2024-07-09,양천구,7570,Bike
2024-07-09,영등포구,11449,Bike
2024-07-09,용산구,2094,Bike
2024-07-09,은평구,3218,Bike
2024-07-09,종로구,4687,Bike
2024-07-09,중구,3405,Bike
2024-07-09,중랑구,3819,Bike
2024-07-10,강남구,5041,Bike
2024-07-10,강동구,5757,Bike
2024-07-10,강북구,1948,Bike
2024-07-10,강서구,20281,Bike
2024-07-10,관악구,2764,Bike
2024-07-10,광진구,7258,Bike
2024-07-10,구로구,6477,Bike
2024-07-10,금천구,3140,Bike
2024-07-10,노원구,10227,Bike
2024-07-10,도봉구,3700,Bike
2024-07-10,동대문구,4577,Bike
2024-07-10,동작구,2608,Bike
2024-07-10,마포구,7226,Bike
2024-07-10,서대문구,2999,Bike
2024-07-10,서초구,4057,Bike
2024-07-10,성동구,6110,Bike
2024-07-10,성북구,3098,Bike
2024-07-10,송파구,13915,Bike
2024-07-10,양천구,9278,Bike
2024-07-10,영등포구,13920,Bike
2024-07-10,용산구,2868,Bike
2024-07-10,은평구,3822,Bike
2024-07-10,종로구,5646,Bike
2024-07-10,중구,4228,Bike
2024-07-10,중랑구,4241,Bike
2024-07-11,강남구,6073,Bike
2024-07-11,강동구,7325,Bike
2024-07-11,강북구,2204,Bike
2024-07-11,강서구,21941,Bike
2024-07-11,관악구,3627,Bike
2024-07-11,광진구,8140,Bike
2024-07-11,구로구,7525,Bike
2024-07-11,금천구,3513,Bike
2024-07-11,노원구,10713,Bike
2024-07-11,도봉구,3746,Bike
2024-07-11,동대문구,5363,Bike
2024-07-11,동작구,3058,Bike
2024-07-11,마포구,7598,Bike
2024-07-11,서대문구,3106,Bike
2024-07-11,서초구,5414,Bike
2024-07-11,성동구,6629,Bike
2024-07-11,성북구,3732,Bike
2024-07-11,송파구,15843,Bike
2024-07-11,양천구,10603,Bike
2024-07-11,영등포구,15748,Bike
2024-07-11,용산구,3138,Bike
2024-07-11,은평구,4108,Bike
2024-07-11,종로구,6291,Bike
2024-07-11,중구,4518,Bike
2024-07-11,중랑구,4789,Bike
2024-07-12,강남구,6060,Bike
2024-07-12,강동구,7710,Bike
2024-07-12,강북구,2219,Bike
2024-07-12,강서구,21943,Bike
2024-07-12,관악구,3677,Bike
2024-07-12,광진구,8014,Bike
2024-07-12,구로구,7423,Bike
2024-07-12,금천구,3427,Bike
2024-07-12,노원구,11054,Bike
2024-07-12,도봉구,3968,Bike
2024-07-12,동대문구,5428,Bike
2024-07-12,동작구,3089,Bike
2024-07-12,마포구,7776,Bike
2024-07-12,서대문구,3144,Bike
2024-07-12,서초구,5480,Bike
2024-07-12,성동구,6711,Bike
2024-07-12,성북구,3604,Bike
2024-07-12,송파구,16477,Bike
2024-07-12,양천구,10758,Bike
2024-07-12,영등포구,15504,Bike
2024-07-12,용산구,3232,Bike
2024-07-12,은평구,4211,Bike
2024-07-12,종로구,6106,Bike
2024-07-12,중구,4487,Bike
2024-07-12,중랑구,4910,Bike
2024-07-13,강남구,4143,Bike
2024-07-13,강동구,6222,Bike
2024-07-13,강북구,1881,Bike
2024-07-13,강서구,14592,Bike
2024-07-13,관악구,3334,Bike
2024-07-13,광진구,6652,Bike
2024-07-13,구로구,4980,Bike
2024-07-13,금천구,1751,Bike
2024-07-13,노원구,8802,Bike
2024-07-13,도봉구,3251,Bike
2024-07-13,동대문구,4014,Bike
2024-07-13,동작구,2519,Bike
2024-07-13,마포구,6202,Bike
2024-07-13,서대문구,2487,Bike
2024-07-13,서초구,3811,Bike
2024-07-13,성동구,4615,Bike
2024-07-13,성북구,2846,Bike
2024-07-13,송파구,12693,Bike
2024-07-13,양천구,8755,Bike
2024-07-13,영등포구,10752,Bike
2024-07-13,용산구,2612,Bike
2024-07-13,은평구,3400,Bike
2024-07-13,종로구,3527,Bike
2024-07-13,중구,2551,Bike
2024-07-13,중랑구,4126,Bike
2024-07-14,강남구,3603,Bike
2024-07-14,강동구,5552,Bike
2024-07-14,강북구,1721,Bike
2024-07-14,강서구,11724,Bike
2024-07-14,관악구,2914,Bike
2024-07-14,광진구,6215,Bike
2024-07-14,구로구,4428,Bike
2024-07-14,금천구,1530,Bike
2024-07-14,노원구,7903,Bike
2024-07-14,도봉구,2908,Bike
2024-07-14,동대문구,3583,Bike
2024-07-14,동작구,2415,Bike
2024-07-14,마포구,5493,Bike
2024-07-14,서대문구,2225,Bike
2024-07-14,서초구,3476,Bike
2024-07-14,성동구,4015,Bike
2024-07-14,성북구,2597,Bike
2024-07-14,송파구,11210,Bike
2024-07-14,양천구,7825,Bike
2024-07-14,영등포구,9544,Bike
2024-07-14,용산구,2659,Bike
2024-07-14,은평구,3164,Bike
2024-07-14,종로구,3138,Bike
2024-07-14,중구,2031,Bike
2024-07-14,중랑구,3562,Bike
2024-07-15,강남구,5724,Bike
2024-07-15,강동구,7070,Bike
2024-07-15,강북구,2148,Bike
2024-07-15,강서구,19972,Bike
2024-07-15,관악구,3410,Bike
2024-07-15,광진구,8006,Bike
2024-07-15,구로구,7117,Bike
2024-07-15,금천구,3396,Bike
2024-07-15,노원구,10323,Bike
2024-07-15,도봉구,3697,Bike
2024-07-15,동대문구,5166,Bike
2024-07-15,동작구,2852,Bike
2024-07-15,마포구,7020,Bike
2024-07-15,서대문구,2900,Bike
2024-07-15,서초구,5189,Bike
2024-07-15,성동구,6308,Bike
2024-07-15,성북구,3431,Bike
2024-07-15,송파구,15436,Bike
2024-07-15,양천구,9746,Bike
2024-07-15,영등포구,14516,Bike
2024-07-15,용산구,2799,Bike
2024-07-15,은평구,3894,Bike
2024-07-15,종로구,5794,Bike
2024-07-15,중구,4103,Bike
2024-07-15,중랑구,4585,Bike
2024-07-16,강남구,3126,Bike
2024-07-16,강동구,4057,Bike
2024-07-16,강북구,1148,Bike
2024-07-16,강서구,12754,Bike
2024-07-16,관악구,1894,Bike
2024-07-16,광진구,4378,Bike
2024-07-16,구로구,4032,Bike
2024-07-16,금천구,2111,Bike
2024-07-16,노원구,5695,Bike
2024-07-16,도봉구,1977,Bike
2024-07-16,동대문구,2956,Bike
2024-07-16,동작구,1575,Bike
2024-07-16,마포구,3621,Bike
2024-07-16,서대문구,1654,Bike
2024-07-16,서초구,2764,Bike
2024-07-16,성동구,3335,Bike
2024-07-16,성북구,1949,Bike
2024-07-16,송파구,8632,Bike
2024-07-16,양천구,5467,Bike
2024-07-16,영등포구,8059,Bike
2024-07-16,용산구,1435,Bike
2024-07-16,은평구,2144,Bike
2024-07-16,종로구,3330,Bike
2024-07-16,중구,2422,Bike
2024-07-16,중랑구,2378,Bike
2024-07-17,강남구,2659,Bike
2024-07-17,강동구,3525,Bike
2024-07-17,강북구,446,Bike
2024-07-17,강서구,4540,Bike
2024-07-17,관악구,1160,Bike
2024-07-17,광진구,3016,Bike
2024-07-17,구로구,1951,Bike
2024-07-17,금천구,1267,Bike
2024-07-17,노원구,2646,Bike
2024-07-17,도봉구,694,Bike
2024-07-17,동대문구,1597,Bike
2024-07-17,동작구,994,Bike
2024-07-17,마포구,1477,Bike
2024-07-17,서대문구,636,Bike
2024-07-17,서초구,2202,Bike
2024-07-17,성동구,1907,Bike
2024-07-17,성북구,897,Bike
2024-07-17,송파구,7746,Bike
2024-07-17,양천구,2237,Bike
2024-07-17,영등포구,3994,Bike
2024-07-17,용산구,833,Bike
2024-07-17,은평구,698,Bike
2024-07-17,종로구,1684,Bike
2024-07-17,중구,1280,Bike
2024-07-17,중랑구,1326,Bike
2024-07-18,강남구,1171,Bike
2024-07-18,강동구,1849,Bike
2024-07-18,강북구,617,Bike
2024-07-18,강서구,6144,Bike
2024-07-18,관악구,805,Bike
2024-07-18,광진구,1977,Bike
2024-07-18,구로구,1638,Bike
2024-07-18,금천구,901,Bike
2024-07-18,노원구,2872,Bike
2024-07-18,도봉구,1010,Bike
2024-07-18,동대문구,1384,Bike
2024-07-18,동작구,683,Bike
2024-07-18,마포구,1856,Bike
2024-07-18,서대문구,693,Bike
2024-07-18,서초구,1028,Bike
2024-07-18,성동구,1503,Bike
2024-07-18,성북구,846,Bike
2024-07-18,송파구,3258,Bike
2024-07-18,양천구,2692,Bike
2024-07-18,영등포구,3563,Bike
2024-07-18,용산구,669,Bike
2024-07-18,은평구,1139,Bike
2024-07-18,종로구,1536,Bike
2024-07-18,중구,1175,Bike
2024-07-18,중랑구,1339,Bike
2024-07-19,강남구,5292,Bike
2024-07-19,강동구,6907,Bike
2024-07-19,강북구,1951,Bike
2024-07-19,강서구,19994,Bike
2024-07-19,관악구,3091,Bike
2024-07-19,광진구,7376,Bike
2024-07-19,구로구,6458,Bike
2024-07-19,금천구,3017,Bike
2024-07-19,노원구,9952,Bike
2024-07-19,도봉구,3511,Bike
2024-07-19,동대문구,4931,Bike
2024-07-19,동작구,2645,Bike
2024-07-19,마포구,7052,Bike
2024-07-19,서대문구,2735,Bike
2024-07-19,서초구,4695,Bike
2024-07-19,성동구,5858,Bike
2024-07-19,성북구,3137,Bike
2024-07-19,송파구,14514,Bike
2024-07-19,양천구,9658,Bike
2024-07-19,영등포구,13850,Bike
2024-07-19,용산구,2682,Bike
2024-07-19,은평구,3558,Bike
2024-07-19,종로구,5638,Bike
2024-07-19,중구,4074,Bike
2024-07-19,중랑구,4336,Bike
2024-07-20,강남구,2714,Bike
2024-07-20,강동구,4010,Bike
2024-07-20,강북구,1218,Bike
2024-07-20,강서구,9680,Bike
2024-07-20,관악구,2020,Bike
2024-07-20,광진구,3919,Bike
2024-07-20,구로구,3246,Bike
2024-07-20,금천구,1155,Bike
2024-07-20,노원구,5947,Bike
2024-07-20,도봉구,2228,Bike
2024-07-20,동대문구,2700,Bike
2024-07-20,동작구,1636,Bike
2024-07-20,마포구,3791,Bike
2024-07-20,서대문구,1618,Bike
2024-07-20,서초구,2337,Bike
2024-07-20,성동구,2705,Bike
2024-07-20,성북구,1886,Bike
2024-07-20,송파구,8165,Bike
2024-07-20,양천구,5712,Bike
2024-07-20,영등포구,6548,Bike
2024-07-20,용산구,1643,Bike
2024-07-20,은평구,2280,Bike
2024-07-20,종로구,2417,Bike
2024-07-20,중구,1505,Bike
2024-07-20,중랑구,2521,Bike
2024-07-21,강남구,2982,Bike
2024-07-21,강동구,4558,Bike
2024-07-21,강북구,1327,Bike
2024-07-21,강서구,10663,Bike
2024-07-21,관악구,2363,Bike
2024-07-21,광진구,4947,Bike
2024-07-21,구로구,3806,Bike
2024-07-21,금천구,1243,Bike
2024-07-21,노원구,6158,Bike
2024-07-21,도봉구,2280,Bike
2024-07-21,동대문구,2770,Bike
2024-07-21,동작구,1992,Bike
2024-07-21,마포구,5139,Bike
2024-07-21,서대문구,1976,Bike
2024-07-21,서초구,2814,Bike
2024-07-21,성동구,3421,Bike
2024-07-21,성북구,2051,Bike
2024-07-21,송파구,9519,Bike
2024-07-21,양천구,6612,Bike
2024-07-21,영등포구,7994,Bike
2024-07-21,용산구,2124,Bike
2024-07-21,은평구,2650,Bike
2024-07-21,종로구,2546,Bike
2024-07-21,중구,1827,Bike
2024-07-21,중랑구,2733,Bike
2024-07-22,강남구,3225,Bike
2024-07-22,강동구,4080,Bike
2024-07-22,강북구,938,Bike
2024-07-22,강서구,10685,Bike
2024-07-22,관악구,1661,Bike
2024-07-22,광진구,4562,Bike
2024-07-22,구로구,3418,Bike
2024-07-22,금천구,1866,Bike
2024-07-22,노원구,4747,Bike
2024-07-22,도봉구,1596,Bike
2024-07-22,동대문구,2572,Bike
2024-07-22,동작구,1440,Bike
2024-07-22,마포구,3162,Bike
2024-07-22,서대문구,1462,Bike
2024-07-22,서초구,2885,Bike
2024-07-22,성동구,3240,Bike
2024-07-22,성북구,1563,Bike
2024-07-22,송파구,8937,Bike
2024-07-22,양천구,4985,Bike
2024-07-22,영등포구,7557,Bike
2024-07-22,용산구,1311,Bike
2024-07-22,은평구,1604,Bike
2024-07-22,종로구,2850,Bike
2024-07-22,중구,2177,Bike
2024-07-22,중랑구,2249,Bike
2024-07-23,강남구,3875,Bike
2024-07-23,강동구,4746,Bike
2024-07-23,강북구,1412,Bike
2024-07-23,강서구,15542,Bike
2024-07-23,관악구,2369,Bike
2024-07-23,광진구,4951,Bike
2024-07-23,구로구,4660,Bike
2024-07-23,금천구,2373,Bike
2024-07-23,노원구,6605,Bike
2024-07-23,도봉구,2381,Bike
2024-07-23,동대문구,3376,Bike
2024-07-23,동작구,2002,Bike
2024-07-23,마포구,4930,Bike
2024-07-23,서대문구,2083,Bike
2024-07-23,서초구,3491,Bike
2024-07-23,성동구,4262,Bike
2024-07-23,성북구,2194,Bike
2024-07-23,송파구,9832,Bike
2024-07-23,양천구,6822,Bike
2024-07-23,영등포구,10002,Bike
2024-07-23,용산구,1828,Bike
2024-07-23,은평구,2708,Bike
2024-07-23,종로구,3896,Bike
2024-07-23,중구,2835,Bike
2024-07-23,중랑구,2887,Bike
2024-07-24,강남구,4022,Bike
2024-07-24,강동구,4978,Bike
2024-07-24,강북구,1632,Bike
2024-07-24,강서구,16512,Bike
2024-07-24,관악구,2583,Bike
2024-07-24,광진구,6295,Bike
2024-07-24,구로구,5166,Bike
2024-07-24,금천구,2345,Bike
2024-07-24,노원구,8335,Bike
2024-07-24,도봉구,2882,Bike
2024-07-24,동대문구,3909,Bike
2024-07-24,동작구,2082,Bike
2024-07-24,마포구,5737,Bike
2024-07-24,서대문구,2281,Bike
2024-07-24,서초구,3522,Bike
2024-07-24,성동구,4692,Bike
2024-07-24,성북구,2600,Bike
2024-07-24,송파구,10440,Bike
2024-07-24,양천구,7978,Bike
2024-07-24,영등포구,10521,Bike
2024-07-24,용산구,2212,Bike
2024-07-24,은평구,3135,Bike
2024-07-24,종로구,4501,Bike
2024-07-24,중구,3265,Bike
2024-07-24,중랑구,3683,Bike
2024-07-25,강남구,4218,Bike
2024-07-25,강동구,5355,Bike
2024-07-25,강북구,1714,Bike
2024-07-25,강서구,17480,Bike
2024-07-25,관악구,2790,Bike
2024-07-25,광진구,6166,Bike
2024-07-25,구로구,5526,Bike
2024-07-25,금천구,2740,Bike
2024-07-25,노원구,7511,Bike
2024-07-25,도봉구,2813,Bike
2024-07-25,동대문구,4006,Bike
2024-07-25,동작구,2251,Bike
2024-07-25,마포구,5887,Bike
2024-07-25,서대문구,2412,Bike
2024-07-25,서초구,3980,Bike
2024-07-25,성동구,4883,Bike
2024-07-25,성북구,2428,Bike
2024-07-25,송파구,11117,Bike
2024-07-25,양천구,7840,Bike
2024-07-25,영등포구,11732,Bike
2024-07-25,용산구,2264,Bike
2024-07-25,은평구,3315,Bike
2024-07-25,종로구,4692,Bike
2024-07-25,중구,3365,Bike
2024-07-25,중랑구,3309,Bike
2024-07-26,강남구,3678,Bike
2024-07-26,강동구,4757,Bike
2024-07-26,강북구,1259,Bike
2024-07-26,강서구,15703,Bike
2024-07-26,관악구,2723,Bike
2024-07-26,광진구,5338,Bike
2024-07-26,구로구,4939,Bike
2024-07-26,금천구,2529,Bike
2024-07-26,노원구,6900,Bike
2024-07-26,도봉구,2279,Bike
2024-07-26,동대문구,3539,Bike
2024-07-26,동작구,2085,Bike
2024-07-26,마포구,4998,Bike
2024-07-26,서대문구,2104,Bike
2024-07-26,서초구,3491,Bike
2024-07-26,성동구,4266,Bike
2024-07-26,성북구,2209,Bike
2024-07-26,송파구,10015,Bike
2024-07-26,양천구,7353,Bike
2024-07-26,영등포구,10757,Bike
2024-07-26,용산구,2019,Bike
2024-07-26,은평구,2682,Bike
2024-07-26,종로구,4200,Bike
2024-07-26,중구,3107,Bike
2024-07-26,중랑구,3150,Bike
2024-07-27,강남구,2368,Bike
2024-07-27,강동구,3792,Bike
2024-07-27,강북구,1102,Bike
2024-07-27,강서구,9845,Bike
2024-07-27,관악구,2075,Bike
2024-07-27,광진구,3880,Bike
2024-07-27,구로구,2982,Bike
2024-07-27,금천구,1154,Bike
2024-07-27,노원구,4789,Bike
2024-07-27,도봉구,1802,Bike
2024-07-27,동대문구,2261,Bike
2024-07-27,동작구,1487,Bike
2024-07-27,마포구,3193,Bike
2024-07-27,서대문구,1469,Bike
2024-07-27,서초구,2290,Bike
2024-07-27,성동구,2490,Bike
2024-07-27,성북구,1510,Bike
2024-07-27,송파구,7439,Bike
2024-07-27,양천구,5004,Bike
2024-07-27,영등포구,5865,Bike
2024-07-27,용산구,1279,Bike
2024-07-27,은평구,2057,Bike
2024-07-27,종로구,1965,Bike
2024-07-27,중구,1290,Bike
2024-07-27,중랑구,2191,Bike
2024-07-28,강남구,3021,Bike
2024-07-28,강동구,4713,Bike
2024-07-28,강북구,1505,Bike
2024-07-28,강서구,10658,Bike
2024-07-28,관악구,2646,Bike
2024-07-28,광진구,5279,Bike
2024-07-28,구로구,3769,Bike
2024-07-28,금천구,1285,Bike
2024-07-28,노원구,7088,Bike
2024-07-28,도봉구,2538,Bike
2024-07-28,동대문구,3090,Bike
2024-07-28,동작구,2141,Bike
2024-07-28,마포구,5157,Bike
2024-07-28,서대문구,1982,Bike
2024-07-28,서초구,2868,Bike
2024-07-28,성동구,3512,Bike
2024-07-28,성북구,2233,Bike
2024-07-28,송파구,9503,Bike
2024-07-28,양천구,6641,Bike
2024-07-28,영등포구,8593,Bike
2024-07-28,용산구,2256,Bike
2024-07-28,은평구,2722,Bike
2024-07-28,종로구,2839,Bike
2024-07-28,중구,1853,Bike
2024-07-28,중랑구,3066,Bike
2024-07-29,강남구,4615,Bike
2024-07-29,강동구,5791,Bike
2024-07-29,강북구,1600,Bike
2024-07-29,강서구,17719,Bike
2024-07-29,관악구,3058,Bike
2024-07-29,광진구,6620,Bike
2024-07-29,구로구,5651,Bike
2024-07-29,금천구,2885,Bike
2024-07-29,노원구,7849,Bike
2024-07-29,도봉구,2706,Bike
2024-07-29,동대문구,4247,Bike
2024-07-29,동작구,2422,Bike
2024-07-29,마포구,6242,Bike
2024-07-29,서대문구,2522,Bike
2024-07-29,서초구,4171,Bike
2024-07-29,성동구,5167,Bike
2024-07-29,성북구,2810,Bike
2024-07-29,송파구,12021,Bike
2024-07-29,양천구,8454,Bike
2024-07-29,영등포구,12540,Bike
2024-07-29,용산구,2500,Bike
2024-07-29,은평구,3246,Bike
2024-07-29,종로구,4929,Bike
2024-07-29,중구,3708,Bike
2024-07-29,중랑구,3787,Bike
2024-07-30,강남구,4844,Bike
2024-07-30,강동구,6240,Bike
2024-07-30,강북구,1950,Bike
2024-07-30,강서구,19198,Bike
2024-07-30,관악구,3309,Bike
2024-07-30,광진구,6746,Bike
2024-07-30,구로구,6002,Bike
2024-07-30,금천구,3070,Bike
2024-07-30,노원구,9144,Bike
2024-07-30,도봉구,3150,Bike
2024-07-30,동대문구,4663,Bike
2024-07-30,동작구,2691,Bike
2024-07-30,마포구,6758,Bike
2024-07-30,서대문구,2767,Bike
2024-07-30,서초구,4605,Bike
2024-07-30,성동구,5819,Bike
2024-07-30,성북구,3190,Bike
2024-07-30,송파구,13091,Bike
2024-07-30,양천구,8908,Bike
2024-07-30,영등포구,13103,Bike
2024-07-30,용산구,2643,Bike
2024-07-30,은평구,3423,Bike
2024-07-30,종로구,5391,Bike
2024-07-30,중구,3944,Bike
2024-07-30,중랑구,4124,Bike
2024-07-31,강남구,5072,Bike
2024-07-31,강동구,6340,Bike
2024-07-31,강북구,1929,Bike
2024-07-31,강서구,18797,Bike
2024-07-31,관악구,3320,Bike
2024-07-31,광진구,6835,Bike
2024-07-31,구로구,6076,Bike
2024-07-31,금천구,2971,Bike
2024-07-31,노원구,9183,Bike
2024-07-31,도봉구,3231,Bike
2024-07-31,동대문구,4464,Bike
2024-07-31,동작구,2599,Bike
2024-07-31,마포구,7428,Bike
2024-07-31,서대문구,2651,Bike
2024-07-31,서초구,4393,Bike
2024-07-31,성동구,5505,Bike
2024-07-31,성북구,2994,Bike
2024-07-31,송파구,13272,Bike
2024-07-31,양천구,8950,Bike
2024-07-31,영등포구,12817,Bike
2024-07-31,용산구,2670,Bike
2024-07-31,은평구,3381,Bike
2024-07-31,종로구,5263,Bike
2024-07-31,중구,3869,Bike
2024-07-31,중랑구,4087,Bike
2024-08-01,강남구,4726,Bike
2024-08-01,강동구,6152,Bike
2024-08-01,강북구,1954,Bike
2024-08-01,강서구,18321,Bike
2024-08-01,관악구,3174,Bike
2024-08-01,광진구,6677,Bike
2024-08-01,구로구,5618,Bike
2024-08-01,금천구,2871,Bike
2024-08-01,노원구,8678,Bike
2024-08-01,도봉구,3205,Bike
2024-08-01,동대문구,4523,Bike
2024-08-01,동작구,2587,Bike
2024-08-01,마포구,6392,Bike
2024-08-01,서대문구,2640,Bike
2024-08-01,서초구,4379,Bike
2024-08-01,성동구,5531,Bike
2024-08-01,성북구,2944,Bike
2024-08-01,송파구,13148,Bike
2024-08-01,양천구,8582,Bike
2024-08-01,영등포구,12753,Bike
2024-08-01,용산구,2488,Bike
2024-08-01,은평구,3523,Bike
2024-08-01,종로구,4955,Bike
2024-08-01,중구,3848,Bike
2024-08-01,중랑구,4076,Bike
2024-08-02,강남구,4484,Bike
2024-08-02,강동구,6087,Bike
2024-08-02,강북구,1813,Bike
2024-08-02,강서구,17798,Bike
2024-08-02,관악구,3177,Bike
2024-08-02,광진구,6737,Bike
2024-08-02,구로구,5598,Bike
2024-08-02,금천구,2734,Bike
2024-08-02,노원구,8643,Bike
2024-08-02,도봉구,3022,Bike
2024-08-02,동대문구,4190,Bike
2024-08-02,동작구,2345,Bike
2024-08-02,마포구,6316,Bike
2024-08-02,서대문구,2522,Bike
2024-08-02,서초구,4195,Bike
2024-08-02,성동구,5099,Bike
2024-08-02,성북구,2708,Bike
2024-08-02,송파구,12772,Bike
2024-08-02,양천구,8278,Bike
2024-08-02,영등포구,12411,Bike
2024-08-02,용산구,2392,Bike
2024-08-02,은평구,3214,Bike
2024-08-02,종로구,4654,Bike
2024-08-02,중구,3514,Bike
2024-08-02,중랑구,3755,Bike
2024-08-03,강남구,3043,Bike
2024-08-03,강동구,4936,Bike
2024-08-03,강북구,1602,Bike
2024-08-03,강서구,11787,Bike
2024-08-03,관악구,2794,Bike
2024-08-03,광진구,5170,Bike
2024-08-03,구로구,4087,Bike
2024-08-03,금천구,1416,Bike
2024-08-03,노원구,7143,Bike
2024-08-03,도봉구,2591,Bike
2024-08-03,동대문구,3165,Bike
2024-08-03,동작구,2126,Bike
2024-08-03,마포구,5478,Bike
2024-08-03,서대문구,2015,Bike
2024-08-03,서초구,2947,Bike
2024-08-03,성동구,3314,Bike
2024-08-03,성북구,2269,Bike
2024-08-03,송파구,9788,Bike
2024-08-03,양천구,6794,Bike
2024-08-03,영등포구,8789,Bike
2024-08-03,용산구,2078,Bike
2024-08-03,은평구,2905,Bike
2024-08-03,종로구,2732,Bike
2024-08-03,중구,1863,Bike
2024-08-03,중랑구,3207,Bike
2024-08-04,강남구,2562,Bike
2024-08-04,강동구,4209,Bike
2024-08-04,강북구,1360,Bike
2024-08-04,강서구,9830,Bike
2024-08-04,관악구,2476,Bike
2024-08-04,광진구,4718,Bike
2024-08-04,구로구,3453,Bike
2024-08-04,금천구,1265,Bike
2024-08-04,노원구,6289,Bike
2024-08-04,도봉구,2237,Bike
2024-08-04,동대문구,2629,Bike
2024-08-04,동작구,1723,Bike
2024-08-04,마포구,4215,Bike
2024-08-04,서대문구,1746,Bike
2024-08-04,서초구,2609,Bike
2024-08-04,성동구,2791,Bike
2024-08-04,성북구,1914,Bike
2024-08-04,송파구,7997,Bike
2024-08-04,양천구,6025,Bike
2024-08-04,영등포구,7764,Bike
2024-08-04,용산구,1775,Bike
2024-08-04,은평구,2384,Bike
2024-08-04,종로구,2364,Bike
2024-08-04,중구,1525,Bike
2024-08-04,중랑구,2785,Bike
2024-08-05,강남구,3756,Bike
2024-08-05,강동구,5022,Bike
2024-08-05,강북구,1266,Bike
2024-08-05,강서구,17423,Bike
2024-08-05,관악구,2665,Bike
2024-08-05,광진구,5314,Bike
2024-08-05,구로구,5331,Bike
2024-08-05,금천구,2829,Bike
2024-08-05,노원구,6673,Bike
2024-08-05,도봉구,2457,Bike
2024-08-05,동대문구,3221,Bike
2024-08-05,동작구,2042,Bike
2024-08-05,마포구,5628,Bike
2024-08-05,서대문구,2175,Bike
2024-08-05,서초구,3569,Bike
2024-08-05,성동구,4236,Bike
2024-08-05,성북구,2096,Bike
2024-08-05,송파구,10771,Bike
2024-08-05,양천구,8354,Bike
2024-08-05,영등포구,11974,Bike
2024-08-05,용산구,1973,Bike
2024-08-05,은평구,3074,Bike
2024-08-05,종로구,3959,Bike
2024-08-05,중구,2907,Bike
2024-08-05,중랑구,3009,Bike
2024-08-06,강남구,3995,Bike
2024-08-06,강동구,5196,Bike
2024-08-06,강북구,1743,Bike
2024-08-06,강서구,19026,Bike
2024-08-06,관악구,2907,Bike
2024-08-06,광진구,5852,Bike
2024-08-06,구로구,5740,Bike
2024-08-06,금천구,2847,Bike
2024-08-06,노원구,8417,Bike
2024-08-06,도봉구,3029,Bike
2024-08-06,동대문구,4000,Bike
2024-08-06,동작구,2372,Bike
2024-08-06,마포구,6027,Bike
2024-08-06,서대문구,2367,Bike
2024-08-06,서초구,4019,Bike
2024-08-06,성동구,4615,Bike
2024-08-06,성북구,2646,Bike
2024-08-06,송파구,10914,Bike
2024-08-06,양천구,8721,Bike
2024-08-06,영등포구,12685,Bike
2024-08-06,용산구,2470,Bike
2024-08-06,은평구,3286,Bike
2024-08-06,종로구,4791,Bike
2024-08-06,중구,3447,Bike
2024-08-06,중랑구,3829,Bike
2024-08-07,강남구,4282,Bike
2024-08-07,강동구,6054,Bike
2024-08-07,강북구,1788,Bike
2024-08-07,강서구,18816,Bike
2024-08-07,관악구,3255,Bike
2024-08-07,광진구,6451,Bike
2024-08-07,구로구,5749,Bike
2024-08-07,금천구,2928,Bike
2024-08-07,노원구,8475,Bike
2024-08-07,도봉구,2990,Bike
2024-08-07,동대문구,4320,Bike
2024-08-07,동작구,2541,Bike
2024-08-07,마포구,6089,Bike
2024-08-07,서대문구,2340,Bike
2024-08-07,서초구,4234,Bike
2024-08-07,성동구,5004,Bike
2024-08-07,성북구,2816,Bike
2024-08-07,송파구,12318,Bike
2024-08-07,양천구,8675,Bike
2024-08-07,영등포구,12379,Bike
2024-08-07,용산구,2567,Bike
2024-08-07,은평구,3375,Bike
2024-08-07,종로구,4691,Bike
2024-08-07,중구,3378,Bike
2024-08-07,중랑구,3861,Bike
2024-08-08,강남구,3604,Bike
2024-08-08,강동구,5188,Bike
2024-08-08,강북구,1797,Bike
2024-08-08,강서구,19065,Bike
2024-08-08,관악구,3081,Bike
2024-08-08,광진구,6164,Bike
2024-08-08,구로구,5722,Bike
2024-08-08,금천구,2938,Bike
2024-08-08,노원구,8470,Bike
2024-08-08,도봉구,3021,Bike
2024-08-08,동대문구,4352,Bike
2024-08-08,동작구,2450,Bike
2024-08-08,마포구,6440,Bike
2024-08-08,서대문구,2505,Bike
2024-08-08,서초구,3843,Bike
2024-08-08,성동구,4679,Bike
2024-08-08,성북구,2885,Bike
2024-08-08,송파구,9613,Bike
2024-08-08,양천구,8809,Bike
2024-08-08,영등포구,12751,Bike
2024-08-08,용산구,2514,Bike
2024-08-08,은평구,3423,Bike
2024-08-08,종로구,4814,Bike
2024-08-08,중구,3583,Bike
2024-08-08,중랑구,3998,Bike
2024-08-09,강남구,4482,Bike
2024-08-09,강동구,5834,Bike
2024-08-09,강북구,1916,Bike
2024-08-09,강서구,19054,Bike
2024-08-09,관악구,2878,Bike
2024-08-09,광진구,5223,Bike
2024-08-09,구로구,5617,Bike
2024-08-09,금천구,2794,Bike
2024-08-09,노원구,8902,Bike
2024-08-09,도봉구,3268,Bike
2024-08-09,동대문구,3950,Bike
2024-08-09,동작구,2379,Bike
2024-08-09,마포구,6488,Bike
2024-08-09,서대문구,2534,Bike
2024-08-09,서초구,4176,Bike
2024-08-09,성동구,4320,Bike
2024-08-09,성북구,2619,Bike
2024-08-09,송파구,11147,Bike
2024-08-09,양천구,9081,Bike
2024-08-09,영등포구,12648,Bike
2024-08-09,용산구,2604,Bike
2024-08-09,은평구,3525,Bike
2024-08-09,종로구,4994,Bike
2024-08-09,중구,3449,Bike
2024-08-09,중랑구,3962,Bike
2024-08-10,강남구,3419,Bike
2024-08-10,강동구,5344,Bike
2024-08-10,강북구,1806,Bike
2024-08-10,강서구,12863,Bike
2024-08-10,관악구,2980,Bike
2024-08-10,광진구,5454,Bike
2024-08-10,구로구,4385,Bike
2024-08-10,금천구,1626,Bike
2024-08-10,노원구,7700,Bike
2024-08-10,도봉구,2828,Bike
2024-08-10,동대문구,3447,Bike
2024-08-10,동작구,2313,Bike
2024-08-10,마포구,5507,Bike
2024-08-10,서대문구,2096,Bike
2024-08-10,서초구,3200,Bike
2024-08-10,성동구,4015,Bike
2024-08-10,성북구,2390,Bike
2024-08-10,송파구,10473,Bike
2024-08-10,양천구,7826,Bike
2024-08-10,영등포구,9482,Bike
2024-08-10,용산구,2224,Bike
2024-08-10,은평구,3046,Bike
2024-08-10,종로구,3121,Bike
2024-08-10,중구,2124,Bike
2024-08-10,중랑구,3586,Bike
2024-08-11,강남구,3010,Bike
2024-08-11,강동구,4705,Bike
2024-08-11,강북구,1605,Bike
2024-08-11,강서구,10483,Bike
2024-08-11,관악구,2685,Bike
2024-08-11,광진구,5134,Bike
2024-08-11,구로구,3802,Bike
2024-08-11,금천구,1334,Bike
2024-08-11,노원구,6859,Bike
2024-08-11,도봉구,2526,Bike
2024-08-11,동대문구,3129,Bike
2024-08-11,동작구,2020,Bike
2024-08-11,마포구,4874,Bike
2024-08-11,서대문구,1884,Bike
2024-08-11,서초구,2928,Bike
2024-08-11,성동구,3428,Bike
2024-08-11,성북구,2120,Bike
2024-08-11,송파구,9228,Bike
2024-08-11,양천구,6504,Bike
2024-08-11,영등포구,8298,Bike
2024-08-11,용산구,2193,Bike
2024-08-11,은평구,2586,Bike
2024-08-11,종로구,2570,Bike
2024-08-11,중구,1621,Bike
2024-08-11,중랑구,3051,Bike
2024-08-12,강남구,4652,Bike
2024-08-12,강동구,5963,Bike
2024-08-12,강북구,1853,Bike
2024-08-12,강서구,19128,Bike
2024-08-12,관악구,3144,Bike
2024-08-12,광진구,6425,Bike
2024-08-12,구로구,5791,Bike
2024-08-12,금천구,2973,Bike
2024-08-12,노원구,8543,Bike
2024-08-12,도봉구,3046,Bike
2024-08-12,동대문구,4426,Bike
2024-08-12,동작구,2597,Bike
2024-08-12,마포구,6409,Bike
2024-08-12,서대문구,2418,Bike
2024-08-12,서초구,4189,Bike
2024-08-12,성동구,5143,Bike
2024-08-12,성북구,2858,Bike
2024-08-12,송파구,12238,Bike
2024-08-12,양천구,8709,Bike
2024-08-12,영등포구,13125,Bike
2024-08-12,용산구,2509,Bike
2024-08-12,은평구,3290,Bike
2024-08-12,종로구,4814,Bike
2024-08-12,중구,3521,Bike
2024-08-12,중랑구,3804,Bike
2024-08-13,강남구,3481,Bike
2024-08-13,강동구,5957,Bike
2024-08-13,강북구,1652,Bike
2024-08-13,강서구,18970,Bike
2024-08-13,관악구,2504,Bike
2024-08-13,광진구,6483,Bike
2024-08-13,구로구,5510,Bike
2024-08-13,금천구,2507,Bike
2024-08-13,노원구,8345,Bike
2024-08-13,도봉구,2934,Bike
2024-08-13,동대문구,4264,Bike
2024-08-13,동작구,2012,Bike
2024-08-13,마포구,6086,Bike
2024-08-13,서대문구,2385,Bike
2024-08-13,서초구,3069,Bike
2024-08-13,성동구,5225,Bike
2024-08-13,성북구,2507,Bike
2024-08-13,송파구,11175,Bike
2024-08-13,양천구,8936,Bike
2024-08-13,영등포구,11555,Bike
2024-08-13,용산구,1890,Bike
2024-08-13,은평구,3419,Bike
2024-08-13,종로구,4402,Bike
2024-08-13,중구,3308,Bike
2024-08-13,중랑구,3906,Bike
2024-08-14,강남구,4645,Bike
2024-08-14,강동구,5990,Bike
2024-08-14,강북구,1713,Bike
2024-08-14,강서구,14637,Bike
2024-08-14,관악구,2843,Bike
2024-08-14,광진구,6630,Bike
2024-08-14,구로구,5007,Bike
2024-08-14,금천구,2446,Bike
2024-08-14,노원구,8617,Bike
2024-08-14,도봉구,3053,Bike
2024-08-14,동대문구,4207,Bike
2024-08-14,동작구,2304,Bike
2024-08-14,마포구,5826,Bike
2024-08-14,서대문구,2226,Bike
2024-08-14,서초구,4172,Bike
2024-08-14,성동구,5274,Bike
2024-08-14,성북구,2617,Bike
2024-08-14,송파구,12183,Bike
2024-08-14,양천구,7455,Bike
2024-08-14,영등포구,12057,Bike
2024-08-14,용산구,2512,Bike
2024-08-14,은평구,2907,Bike
2024-08-14,종로구,4485,Bike
2024-08-14,중구,3451,Bike
2024-08-14,중랑구,3885,Bike
2024-08-15,강남구,2951,Bike
2024-08-15,강동구,4522,Bike
2024-08-15,강북구,1615,Bike
2024-08-15,강서구,10931,Bike
2024-08-15,관악구,2736,Bike
2024-08-15,광진구,5154,Bike
2024-08-15,구로구,3493,Bike
2024-08-15,금천구,1456,Bike
2024-08-15,노원구,7207,Bike
2024-08-15,도봉구,2603,Bike
2024-08-15,동대문구,3458,Bike
2024-08-15,동작구,2081,Bike
2024-08-15,마포구,4561,Bike
2024-08-15,서대문구,1700,Bike
2024-08-15,서초구,2889,Bike
2024-08-15,성동구,3750,Bike
2024-08-15,성북구,2379,Bike
2024-08-15,송파구,9193,Bike
2024-08-15,양천구,6365,Bike
2024-08-15,영등포구,8774,Bike
2024-08-15,용산구,2196,Bike
2024-08-15,은평구,2591,Bike
2024-08-15,종로구,3183,Bike
2024-08-15,중구,2132,Bike
2024-08-15,중랑구,3321,Bike
2024-08-16,강남구,4235,Bike
2024-08-16,강동구,5860,Bike
2024-08-16,강북구,1884,Bike
2024-08-16,강서구,16980,Bike
2024-08-16,관악구,3022,Bike
2024-08-16,광진구,6782,Bike
2024-08-16,구로구,5577,Bike
2024-08-16,금천구,2446,Bike
2024-08-16,노원구,8838,Bike
2024-08-16,도봉구,3185,Bike
2024-08-16,동대문구,4286,Bike
2024-08-16,동작구,2552,Bike
2024-08-16,마포구,6623,Bike
2024-08-16,서대문구,2535,Bike
2024-08-16,서초구,4086,Bike
2024-08-16,성동구,5215,Bike
2024-08-16,성북구,2969,Bike
2024-08-16,송파구,12101,Bike
2024-08-16,양천구,9131,Bike
2024-08-16,영등포구,12797,Bike
2024-08-16,용산구,2514,Bike
2024-08-16,은평구,3366,Bike
2024-08-16,종로구,4807,Bike
2024-08-16,중구,3455,Bike
2024-08-16,중랑구,4031,Bike
2024-08-17,강남구,3291,Bike
2024-08-17,강동구,4894,Bike
2024-08-17,강북구,1433,Bike
2024-08-17,강서구,11740,Bike
2024-08-17,관악구,2493,Bike
2024-08-17,광진구,5566,Bike
2024-08-17,구로구,4014,Bike
2024-08-17,금천구,1314,Bike
2024-08-17,노원구,7399,Bike
2024-08-17,도봉구,2767,Bike
2024-08-17,동대문구,3267,Bike
2024-08-17,동작구,2016,Bike
2024-08-17,마포구,4943,Bike
2024-08-17,서대문구,1947,Bike
2024-08-17,서초구,3141,Bike
2024-08-17,성동구,3704,Bike
2024-08-17,성북구,2061,Bike
2024-08-17,송파구,10055,Bike
2024-08-17,양천구,7402,Bike
2024-08-17,영등포구,8517,Bike
2024-08-17,용산구,2095,Bike
2024-08-17,은평구,2609,Bike
2024-08-17,종로구,2799,Bike
2024-08-17,중구,1924,Bike
2024-08-17,중랑구,3470,Bike
2024-08-18,강남구,2659,Bike
2024-08-18,강동구,3928,Bike
2024-08-18,강북구,1409,Bike
2024-08-18,강서구,10241,Bike
2024-08-18,관악구,2736,Bike
2024-08-18,광진구,4481,Bike
2024-08-18,구로구,3606,Bike
2024-08-18,금천구,1406,Bike
2024-08-18,노원구,6336,Bike
2024-08-18,도봉구,2246,Bike
2024-08-18,동대문구,2736,Bike
2024-08-18,동작구,1977,Bike
2024-08-18,마포구,4643,Bike
2024-08-18,서대문구,1957,Bike
2024-08-18,서초구,2725,Bike
2024-08-18,성동구,3162,Bike
2024-08-18,성북구,1927,Bike
2024-08-18,송파구,8095,Bike
2024-08-18,양천구,6277,Bike
2024-08-18,영등포구,8318,Bike
2024-08-18,용산구,2064,Bike
2024-08-18,은평구,2604,Bike
2024-08-18,종로구,2525,Bike
2024-08-18,중구,1774,Bike
2024-08-18,중랑구,2783,Bike
2024-08-19,강남구,4572,Bike
2024-08-19,강동구,5948,Bike
2024-08-19,강북구,1820,Bike
2024-08-19,강서구,19275,Bike
2024-08-19,관악구,3246,Bike
2024-08-19,광진구,6818,Bike
2024-08-19,구로구,5913,Bike
2024-08-19,금천구,2982,Bike
2024-08-19,노원구,8850,Bike
2024-08-19,도봉구,2911,Bike
2024-08-19,동대문구,4500,Bike
2024-08-19,동작구,2587,Bike
2024-08-19,마포구,5231,Bike
2024-08-19,서대문구,2072,Bike
2024-08-19,서초구,4380,Bike
2024-08-19,성동구,5212,Bike
2024-08-19,성북구,2884,Bike
2024-08-19,송파구,12112,Bike
2024-08-19,양천구,9025,Bike
2024-08-19,영등포구,13364,Bike
2024-08-19,용산구,2565,Bike
2024-08-19,은평구,2808,Bike
2024-08-19,종로구,4786,Bike
2024-08-19,중구,3597,Bike
2024-08-19,중랑구,4073,Bike
2024-08-20,강남구,4515,Bike
2024-08-20,강동구,6266,Bike
2024-08-20,강북구,1887,Bike
2024-08-20,강서구,19757,Bike
2024-08-20,관악구,3149,Bike
2024-08-20,광진구,6943,Bike
2024-08-20,구로구,5915,Bike
2024-08-20,금천구,2965,Bike
2024-08-20,노원구,8856,Bike
2024-08-20,도봉구,3231,Bike
2024-08-20,동대문구,4457,Bike
2024-08-20,동작구,2487,Bike
2024-08-20,마포구,5995,Bike
2024-08-20,서대문구,2508,Bike
2024-08-20,서초구,4290,Bike
2024-08-20,성동구,5167,Bike
2024-08-20,성북구,2926,Bike
2024-08-20,송파구,12553,Bike
2024-08-20,양천구,9147,Bike
2024-08-20,영등포구,13251,Bike
2024-08-20,용산구,2519,Bike
2024-08-20,은평구,3338,Bike
2024-08-20,종로구,5109,Bike
2024-08-20,중구,3761,Bike
2024-08-20,중랑구,4058,Bike
2024-08-21,강남구,2172,Bike
2024-08-21,강동구,3436,Bike
2024-08-21,강북구,971,Bike
2024-08-21,강서구,8753,Bike
2024-08-21,관악구,1821,Bike
2024-08-21,광진구,3260,Bike
2024-08-21,구로구,3181,Bike
2024-08-21,금천구,1472,Bike
2024-08-21,노원구,4133,Bike
2024-08-21,도봉구,1518,Bike
2024-08-21,동대문구,1895,Bike
2024-08-21,동작구,1453,Bike
2024-08-21,마포구,3510,Bike
2024-08-21,서대문구,1405,Bike
2024-08-21,서초구,1869,Bike
2024-08-21,성동구,1970,Bike
2024-08-21,성북구,1551,Bike
2024-08-21,송파구,6770,Bike
2024-08-21,양천구,5167,Bike
2024-08-21,영등포구,6864,Bike
2024-08-21,용산구,1323,Bike
2024-08-21,은평구,1924,Bike
2024-08-21,종로구,2392,Bike
2024-08-21,중구,1792,Bike
2024-08-21,중랑구,1663,Bike
2024-08-22,강남구,3815,Bike
2024-08-22,강동구,5486,Bike
2024-08-22,강북구,1594,Bike
2024-08-22,강서구,17713,Bike
2024-08-22,관악구,2610,Bike
2024-08-22,광진구,5798,Bike
2024-08-22,구로구,5172,Bike
2024-08-22,금천구,2645,Bike
2024-08-22,노원구,7294,Bike
2024-08-22,도봉구,2737,Bike
2024-08-22,동대문구,3625,Bike
2024-08-22,동작구,2250,Bike
2024-08-22,마포구,5309,Bike
2024-08-22,서대문구,2240,Bike
2024-08-22,서초구,3438,Bike
2024-08-22,성동구,4386,Bike
2024-08-22,성북구,2486,Bike
2024-08-22,송파구,10491,Bike
2024-08-22,양천구,8170,Bike
2024-08-22,영등포구,11547,Bike
2024-08-22,용산구,2054,Bike
2024-08-22,은평구,3132,Bike
2024-08-22,종로구,4305,Bike
2024-08-22,중구,3056,Bike
2024-08-22,중랑구,3050,Bike
2024-08-23,강남구,4799,Bike
2024-08-23,강동구,6641,Bike
2024-08-23,강북구,2062,Bike
2024-08-23,강서구,19473,Bike
2024-08-23,관악구,3098,Bike
2024-08-23,광진구,7077,Bike
2024-08-23,구로구,6414,Bike
2024-08-23,금천구,2868,Bike
2024-08-23,노원구,8911,Bike
2024-08-23,도봉구,3206,Bike
2024-08-23,동대문구,4533,Bike
2024-08-23,동작구,2598,Bike
2024-08-23,마포구,6625,Bike
2024-08-23,서대문구,2581,Bike
2024-08-23,서초구,4454,Bike
2024-08-23,성동구,5372,Bike
2024-08-23,성북구,3063,Bike
2024-08-23,송파구,13191,Bike
2024-08-23,양천구,9767,Bike
2024-08-23,영등포구,13485,Bike
2024-08-23,용산구,2748,Bike
2024-08-23,은평구,3434,Bike
2024-08-23,종로구,5289,Bike
2024-08-23,중구,3700,Bike
2024-08-23,중랑구,4163,Bike
2024-08-24,강남구,3406,Bike
2024-08-24,강동구,4316,Bike
2024-08-24,강북구,1587,Bike
2024-08-24,강서구,12386,Bike
2024-08-24,관악구,3043,Bike
2024-08-24,광진구,4555,Bike
2024-08-24,구로구,4680,Bike
2024-08-24,금천구,1603,Bike
2024-08-24,노원구,7443,Bike
2024-08-24,도봉구,2765,Bike
2024-08-24,동대문구,3129,Bike
2024-08-24,동작구,2240,Bike
2024-08-24,마포구,5126,Bike
2024-08-24,서대문구,2056,Bike
2024-08-24,서초구,3235,Bike
2024-08-24,성동구,3100,Bike
2024-08-24,성북구,2400,Bike
2024-08-24,송파구,9070,Bike
2024-08-24,양천구,6581,Bike
2024-08-24,영등포구,8515,Bike
2024-08-24,용산구,2051,Bike
2024-08-24,은평구,3441,Bike
2024-08-24,종로구,2950,Bike
2024-08-24,중구,1766,Bike
2024-08-24,중랑구,2933,Bike
2024-08-25,강남구,2997,Bike
2024-08-25,강동구,4341,Bike
2024-08-25,강북구,1575,Bike
2024-08-25,강서구,11450,Bike
2024-08-25,관악구,2439,Bike
2024-08-25,광진구,4393,Bike
2024-08-25,구로구,4145,Bike
2024-08-25,금천구,1356,Bike
2024-08-25,노원구,6882,Bike
2024-08-25,도봉구,2607,Bike
2024-08-25,동대문구,3050,Bike
2024-08-25,동작구,1985,Bike
2024-08-25,마포구,5317,Bike
2024-08-25,서대문구,2098,Bike
2024-08-25,서초구,3007,Bike
2024-08-25,성동구,3444,Bike
2024-08-25,성북구,2339,Bike
2024-08-25,송파구,8747,Bike
2024-08-25,양천구,7385,Bike
2024-08-25,영등포구,8724,Bike
2024-08-25,용산구,2190,Bike
2024-08-25,은평구,2849,Bike
2024-08-25,종로구,2796,Bike
2024-08-25,중구,1836,Bike
2024-08-25,중랑구,2729,Bike
2024-08-26,강남구,4120,Bike
2024-08-26,강동구,5423,Bike
2024-08-26,강북구,1952,Bike
2024-08-26,강서구,20488,Bike
2024-08-26,관악구,2887,Bike
2024-08-26,광진구,6317,Bike
2024-08-26,구로구,5387,Bike
2024-08-26,금천구,2771,Bike
2024-08-26,노원구,9071,Bike
2024-08-26,도봉구,3292,Bike
2024-08-26,동대문구,4547,Bike
2024-08-26,동작구,2510,Bike
2024-08-26,마포구,6524,Bike
2024-08-26,서대문구,2617,Bike
2024-08-26,서초구,4025,Bike
2024-08-26,성동구,5230,Bike
2024-08-26,성북구,2990,Bike
2024-08-26,송파구,10647,Bike
2024-08-26,양천구,8516,Bike
2024-08-26,영등포구,12444,Bike
2024-08-26,용산구,2629,Bike
2024-08-26,은평구,3528,Bike
2024-08-26,종로구,5067,Bike
2024-08-26,중구,3772,Bike
2024-08-26,중랑구,3866,Bike
2024-08-27,강남구,4885,Bike
2024-08-27,강동구,6323,Bike
2024-08-27,강북구,1970,Bike
2024-08-27,강서구,18000,Bike
2024-08-27,관악구,3289,Bike
2024-08-27,광진구,6932,Bike
2024-08-27,구로구,6172,Bike
2024-08-27,금천구,2838,Bike
2024-08-27,노원구,9228,Bike
2024-08-27,도봉구,3400,Bike
2024-08-27,동대문구,4696,Bike
2024-08-27,동작구,2874,Bike
2024-08-27,마포구,6552,Bike
2024-08-27,서대문구,2669,Bike
2024-08-27,서초구,4627,Bike
2024-08-27,성동구,5373,Bike
2024-08-27,성북구,3079,Bike
2024-08-27,송파구,12728,Bike
2024-08-27,양천구,9368,Bike
2024-08-27,영등포구,13389,Bike
2024-08-27,용산구,2819,Bike
2024-08-27,은평구,3465,Bike
2024-08-27,종로구,4781,Bike
2024-08-27,중구,3646,Bike
2024-08-27,중랑구,4201,Bike
2024-08-28,강남구,5194,Bike
2024-08-28,강동구,6967,Bike
2024-08-28,강북구,2111,Bike
2024-08-28,강서구,21270,Bike
2024-08-28,관악구,3459,Bike
2024-08-28,광진구,7601,Bike
2024-08-28,구로구,6746,Bike
2024-08-28,금천구,3318,Bike
2024-08-28,노원구,10073,Bike
2024-08-28,도봉구,3555,Bike
2024-08-28,동대문구,5226,Bike
2024-08-28,동작구,3114,Bike
2024-08-28,마포구,7368,Bike
2024-08-28,서대문구,3006,Bike
2024-08-28,서초구,4913,Bike
2024-08-28,성동구,6193,Bike
2024-08-28,성북구,3501,Bike
2024-08-28,송파구,14270,Bike
2024-08-28,양천구,10329,Bike
2024-08-28,영등포구,14935,Bike
2024-08-28,용산구,3026,Bike
2024-08-28,은평구,3949,Bike
2024-08-28,종로구,5316,Bike
2024-08-28,중구,4133,Bike
2024-08-28,중랑구,4587,Bike
2024-08-29,강남구,5251,Bike
2024-08-29,강동구,6936,Bike
2024-08-29,강북구,2200,Bike
2024-08-29,강서구,21374,Bike
2024-08-29,관악구,3565,Bike
2024-08-29,광진구,7589,Bike
2024-08-29,구로구,6908,Bike
2024-08-29,금천구,3321,Bike
2024-08-29,노원구,9812,Bike
2024-08-29,도봉구,3693,Bike
2024-08-29,동대문구,5168,Bike
2024-08-29,동작구,2970,Bike
2024-08-29,마포구,7426,Bike
2024-08-29,서대문구,3088,Bike
2024-08-29,서초구,5101,Bike
2024-08-29,성동구,6242,Bike
2024-08-29,성북구,3476,Bike
2024-08-29,송파구,14290,Bike
2024-08-29,양천구,10237,Bike
2024-08-29,영등포구,14743,Bike
2024-08-29,용산구,3137,Bike
2024-08-29,은평구,3995,Bike
2024-08-29,종로구,5362,Bike
2024-08-29,중구,4159,Bike
2024-08-29,중랑구,4419,Bike
2024-08-30,강남구,5263,Bike
2024-08-30,강동구,6995,Bike
2024-08-30,강북구,2128,Bike
2024-08-30,강서구,21372,Bike
2024-08-30,관악구,3443,Bike
2024-08-30,광진구,7553,Bike
2024-08-30,구로구,6657,Bike
2024-08-30,금천구,3228,Bike
2024-08-30,노원구,10247,Bike
2024-08-30,도봉구,3697,Bike
2024-08-30,동대문구,5167,Bike
2024-08-30,동작구,3014,Bike
2024-08-30,마포구,7652,Bike
2024-08-30,서대문구,2945,Bike
2024-08-30,서초구,5076,Bike
2024-08-30,성동구,6114,Bike
2024-08-30,성북구,3380,Bike
2024-08-30,송파구,14563,Bike
2024-08-30,양천구,10563,Bike
2024-08-30,영등포구,14635,Bike
2024-08-30,용산구,3314,Bike
2024-08-30,은평구,4014,Bike
2024-08-30,종로구,5400,Bike
2024-08-30,중구,4101,Bike
2024-08-30,중랑구,4634,Bike
2024-08-31,강남구,4113,Bike
2024-08-31,강동구,5814,Bike
2024-08-31,강북구,1907,Bike
2024-08-31,강서구,14480,Bike
2024-08-31,관악구,3365,Bike
2024-08-31,광진구,6724,Bike
2024-08-31,구로구,5022,Bike
2024-08-31,금천구,1891,Bike
2024-08-31,노원구,8676,Bike
2024-08-31,도봉구,3110,Bike
2024-08-31,동대문구,4381,Bike
2024-08-31,동작구,2892,Bike
2024-08-31,마포구,6977,Bike
2024-08-31,서대문구,2470,Bike
2024-08-31,서초구,4092,Bike
2024-08-31,성동구,4732,Bike
2024-08-31,성북구,2818,Bike
2024-08-31,송파구,12587,Bike
2024-08-31,양천구,8810,Bike
2024-08-31,영등포구,11456,Bike
2024-08-31,용산구,2953,Bike
2024-08-31,은평구,3514,Bike
2024-08-31,종로구,3692,Bike
2024-08-31,중구,2391,Bike
2024-08-31,중랑구,4035,Bike
2024-09-01,강남구,3780,Bike
2024-09-01,강동구,5614,Bike
2024-09-01,강북구,1804,Bike
2024-09-01,강서구,12925,Bike
2024-09-01,관악구,3154,Bike
2024-09-01,광진구,6541,Bike
2024-09-01,구로구,4565,Bike
2024-09-01,금천구,1543,Bike
2024-09-01,노원구,7729,Bike
2024-09-01,도봉구,2923,Bike
2024-09-01,동대문구,3957,Bike
2024-09-01,동작구,2738,Bike
2024-09-01,마포구,6448,Bike
2024-09-01,서대문구,2510,Bike
2024-09-01,서초구,3962,Bike
2024-09-01,성동구,4663,Bike
2024-09-01,성북구,2774,Bike
2024-09-01,송파구,11628,Bike
2024-09-01,양천구,8029,Bike
2024-09-01,영등포구,10896,Bike
2024-09-01,용산구,3054,Bike
2024-09-01,은평구,3343,Bike
2024-09-01,종로구,3230,Bike
2024-09-01,중구,2081,Bike
2024-09-01,중랑구,3776,Bike
2024-09-02,강남구,5142,Bike
2024-09-02,강동구,6211,Bike
2024-09-02,강북구,2002,Bike
2024-09-02,강서구,18967,Bike
2024-09-02,관악구,3263,Bike
2024-09-02,광진구,7659,Bike
2024-09-02,구로구,5985,Bike
2024-09-02,금천구,2786,Bike
2024-09-02,노원구,9509,Bike
2024-09-02,도봉구,3436,Bike
2024-09-02,동대문구,5303,Bike
2024-09-02,동작구,2895,Bike
2024-09-02,마포구,6864,Bike
2024-09-02,서대문구,3000,Bike
2024-09-02,서초구,4715,Bike
2024-09-02,성동구,5839,Bike
2024-09-02,성북구,3586,Bike
2024-09-02,송파구,12873,Bike
2024-09-02,양천구,9010,Bike
2024-09-02,영등포구,13201,Bike
2024-09-02,용산구,2769,Bike
2024-09-02,은평구,3804,Bike
2024-09-02,종로구,5070,Bike
2024-09-02,중구,3569,Bike
2024-09-02,중랑구,4375,Bike
2024-09-03,강남구,5903,Bike
2024-09-03,강동구,7213,Bike
2024-09-03,강북구,2406,Bike
2024-09-03,강서구,22787,Bike
2024-09-03,관악구,3832,Bike
2024-09-03,광진구,8378,Bike
2024-09-03,구로구,7247,Bike
2024-09-03,금천구,3531,Bike
2024-09-03,노원구,10705,Bike
2024-09-03,도봉구,3939,Bike
2024-09-03,동대문구,5890,Bike
2024-09-03,동작구,3323,Bike
2024-09-03,마포구,8103,Bike
2024-09-03,서대문구,3186,Bike
2024-09-03,서초구,5642,Bike
2024-09-03,성동구,6759,Bike
2024-09-03,성북구,4124,Bike
2024-09-03,송파구,15074,Bike
2024-09-03,양천구,10400,Bike
2024-09-03,영등포구,15449,Bike
2024-09-03,용산구,3366,Bike
2024-09-03,은평구,4153,Bike
2024-09-03,종로구,5770,Bike
2024-09-03,중구,4361,Bike
2024-09-03,중랑구,4938,Bike
2024-09-04,강남구,5454,Bike
2024-09-04,강동구,7421,Bike
2024-09-04,강북구,2287,Bike
2024-09-04,강서구,22865,Bike
2024-09-04,관악구,3677,Bike
2024-09-04,광진구,8030,Bike
2024-09-04,구로구,7218,Bike
2024-09-04,금천구,3508,Bike
2024-09-04,노원구,10773,Bike
2024-09-04,도봉구,3758,Bike
2024-09-04,동대문구,5667,Bike
2024-09-04,동작구,3227,Bike
2024-09-04,마포구,7972,Bike
2024-09-04,서대문구,3224,Bike
2024-09-04,서초구,5428,Bike
2024-09-04,성동구,6497,Bike
2024-09-04,성북구,4120,Bike
2024-09-04,송파구,15046,Bike
2024-09-04,양천구,10482,Bike
2024-09-04,영등포구,15212,Bike
2024-09-04,용산구,3341,Bike
2024-09-04,은평구,4240,Bike
2024-09-04,종로구,6041,Bike
2024-09-04,중구,4352,Bike
2024-09-04,중랑구,4705,Bike
2024-09-05,강남구,4315,Bike
2024-09-05,강동구,5917,Bike
2024-09-05,강북구,1933,Bike
2024-09-05,강서구,18940,Bike
2024-09-05,관악구,2859,Bike
2024-09-05,광진구,6481,Bike
2024-09-05,구로구,5827,Bike
2024-09-05,금천구,2938,Bike
2024-09-05,노원구,9695,Bike
2024-09-05,도봉구,3427,Bike
2024-09-05,동대문구,4493,Bike
2024-09-05,동작구,2325,Bike
2024-09-05,마포구,6593,Bike
2024-09-05,서대문구,2560,Bike
2024-09-05,서초구,4005,Bike
2024-09-05,성동구,4996,Bike
2024-09-05,성북구,3278,Bike
2024-09-05,송파구,11922,Bike
2024-09-05,양천구,8500,Bike
2024-09-05,영등포구,12039,Bike
2024-09-05,용산구,2295,Bike
2024-09-05,은평구,3510,Bike
2024-09-05,종로구,4541,Bike
2024-09-05,중구,3296,Bike
2024-09-05,중랑구,3923,Bike
2024-09-06,강남구,3935,Bike
2024-09-06,강동구,5285,Bike
2024-09-06,강북구,2154,Bike
2024-09-06,강서구,20875,Bike
2024-09-06,관악구,3086,Bike
2024-09-06,광진구,6318,Bike
2024-09-06,구로구,6451,Bike
2024-09-06,금천구,3093,Bike
2024-09-06,노원구,10496,Bike
2024-09-06,도봉구,3731,Bike
2024-09-06,동대문구,4833,Bike
2024-09-06,동작구,2583,Bike
2024-09-06,마포구,7159,Bike
2024-09-06,서대문구,2927,Bike
2024-09-06,서초구,3615,Bike
2024-09-06,성동구,5288,Bike
2024-09-06,성북구,3263,Bike
2024-09-06,송파구,10904,Bike
2024-09-06,양천구,9791,Bike
2024-09-06,영등포구,13463,Bike
2024-09-06,용산구,2766,Bike
2024-09-06,은평구,4052,Bike
2024-09-06,종로구,4769,Bike
2024-09-06,중구,3490,Bike
2024-09-06,중랑구,4095,Bike
2024-09-07,강남구,4643,Bike
2024-09-07,강동구,6496,Bike
2024-09-07,강북구,2106,Bike
2024-09-07,강서구,15992,Bike
2024-09-07,관악구,3705,Bike
2024-09-07,광진구,7582,Bike
2024-09-07,구로구,5546,Bike
2024-09-07,금천구,2023,Bike
2024-09-07,노원구,9486,Bike
2024-09-07,도봉구,3405,Bike
2024-09-07,동대문구,4494,Bike
2024-09-07,동작구,3168,Bike
2024-09-07,마포구,8073,Bike
2024-09-07,서대문구,2960,Bike
2024-09-07,서초구,4597,Bike
2024-09-07,성동구,5450,Bike
2024-09-07,성북구,3184,Bike
2024-09-07,송파구,13678,Bike
2024-09-07,양천구,9504,Bike
2024-09-07,영등포구,12379,Bike
2024-09-07,용산구,3529,Bike
2024-09-07,은평구,3938,Bike
2024-09-07,종로구,3980,Bike
2024-09-07,중구,2712,Bike
2024-09-07,중랑구,4353,Bike
2024-09-08,강남구,4020,Bike
2024-09-08,강동구,5952,Bike
2024-09-08,강북구,1927,Bike
2024-09-08,강서구,13198,Bike
2024-09-08,관악구,3468,Bike
2024-09-08,광진구,6691,Bike
2024-09-08,구로구,4871,Bike
2024-09-08,금천구,1648,Bike
2024-09-08,노원구,8343,Bike
2024-09-08,도봉구,3144,Bike
2024-09-08,동대문구,4115,Bike
2024-09-08,동작구,2859,Bike
2024-09-08,마포구,6897,Bike
2024-09-08,서대문구,2635,Bike
2024-09-08,서초구,4114,Bike
2024-09-08,성동구,4918,Bike
2024-09-08,성북구,2982,Bike
2024-09-08,송파구,12663,Bike
2024-09-08,양천구,8015,Bike
2024-09-08,영등포구,11110,Bike
2024-09-08,용산구,3128,Bike
2024-09-08,은평구,3416,Bike
2024-09-08,종로구,3533,Bike
2024-09-08,중구,2156,Bike
2024-09-08,중랑구,3907,Bike
2024-09-09,강남구,5462,Bike
2024-09-09,강동구,7074,Bike
2024-09-09,강북구,2168,Bike
2024-09-09,강서구,21769,Bike
2024-09-09,관악구,3379,Bike
2024-09-09,광진구,8208,Bike
2024-09-09,구로구,7182,Bike
2024-09-09,금천구,3457,Bike
2024-09-09,노원구,10552,Bike
2024-09-09,도봉구,3718,Bike
2024-09-09,동대문구,5581,Bike
2024-09-09,동작구,2918,Bike
2024-09-09,마포구,7448,Bike
2024-09-09,서대문구,3128,Bike
2024-09-09,서초구,5305,Bike
2024-09-09,성동구,6181,Bike
2024-09-09,성북구,3730,Bike
2024-09-09,송파구,14275,Bike
2024-09-09,양천구,10264,Bike
2024-09-09,영등포구,14948,Bike
2024-09-09,용산구,2925,Bike
2024-09-09,은평구,4134,Bike
2024-09-09,종로구,5439,Bike
2024-09-09,중구,4194,Bike
2024-09-09,중랑구,4796,Bike
2024-09-10,강남구,5422,Bike
2024-09-10,강동구,7329,Bike
2024-09-10,강북구,2161,Bike
2024-09-10,강서구,22068,Bike
2024-09-10,관악구,3600,Bike
2024-09-10,광진구,7941,Bike
2024-09-10,구로구,7238,Bike
2024-09-10,금천구,3495,Bike
2024-09-10,노원구,10612,Bike
2024-09-10,도봉구,3689,Bike
2024-09-10,동대문구,5431,Bike
2024-09-10,동작구,2948,Bike
2024-09-10,마포구,7263,Bike
2024-09-10,서대문구,3040,Bike
2024-09-10,서초구,5149,Bike
2024-09-10,성동구,6167,Bike
2024-09-10,성북구,3760,Bike
2024-09-10,송파구,13803,Bike
2024-09-10,양천구,10120,Bike
2024-09-10,영등포구,15080,Bike
2024-09-10,용산구,2941,Bike
2024-09-10,은평구,3998,Bike
2024-09-10,종로구,5451,Bike
2024-09-10,중구,4197,Bike
2024-09-10,중랑구,4650,Bike
2024-09-11,강남구,4807,Bike
2024-09-11,강동구,6659,Bike
2024-09-11,강북구,1893,Bike
2024-09-11,강서구,19510,Bike
2024-09-11,관악구,3230,Bike
2024-09-11,광진구,7512,Bike
2024-09-11,구로구,6297,Bike
2024-09-11,금천구,3126,Bike
2024-09-11,노원구,9049,Bike
2024-09-11,도봉구,3286,Bike
2024-09-11,동대문구,5198,Bike
2024-09-11,동작구,2645,Bike
2024-09-11,마포구,6512,Bike
2024-09-11,서대문구,2635,Bike
2024-09-11,서초구,4394,Bike
2024-09-11,성동구,5601,Bike
2024-09-11,성북구,3364,Bike
2024-09-11,송파구,13116,Bike
2024-09-11,양천구,9455,Bike
2024-09-11,영등포구,13629,Bike
2024-09-11,용산구,2622,Bike
2024-09-11,은평구,3684,Bike
2024-09-11,종로구,5401,Bike
2024-09-11,중구,3885,Bike
2024-09-11,중랑구,4335,Bike
2024-09-12,강남구,1723,Bike
2024-09-12,강동구,2803,Bike
2024-09-12,강북구,866,Bike
2024-09-12,강서구,7380,Bike
2024-09-12,관악구,1341,Bike
2024-09-12,광진구,3263,Bike
2024-09-12,구로구,2537,Bike
2024-09-12,금천구,1217,Bike
2024-09-12,노원구,4877,Bike
2024-09-12,도봉구,1698,Bike
2024-09-12,동대문구,2296,Bike
2024-09-12,동작구,1007,Bike
2024-09-12,마포구,2614,Bike
2024-09-12,서대문구,1232,Bike
2024-09-12,서초구,1725,Bike
2024-09-12,성동구,2252,Bike
2024-09-12,성북구,1577,Bike
2024-09-12,송파구,4801,Bike
2024-09-12,양천구,3685,Bike
2024-09-12,영등포구,4091,Bike
2024-09-12,용산구,965,Bike
2024-09-12,은평구,1480,Bike
2024-09-12,종로구,2132,Bike
2024-09-12,중구,1534,Bike
2024-09-12,중랑구,2041,Bike
2024-09-13,강남구,2464,Bike
2024-09-13,강동구,3532,Bike
2024-09-13,강북구,868,Bike
2024-09-13,강서구,10570,Bike
2024-09-13,관악구,1378,Bike
2024-09-13,광진구,3834,Bike
2024-09-13,구로구,3222,Bike
2024-09-13,금천구,1453,Bike
2024-09-13,노원구,4360,Bike
2024-09-13,도봉구,1650,Bike
2024-09-13,동대문구,2252,Bike
2024-09-13,동작구,1212,Bike
2024-09-13,마포구,2928,Bike
2024-09-13,서대문구,1284,Bike
2024-09-13,서초구,2057,Bike
2024-09-13,성동구,2740,Bike
2024-09-13,성북구,1517,Bike
2024-09-13,송파구,6629,Bike
2024-09-13,양천구,5160,Bike
2024-09-13,영등포구,6627,Bike
2024-09-13,용산구,1111,Bike
2024-09-13,은평구,1873,Bike
2024-09-13,종로구,2442,Bike
2024-09-13,중구,1627,Bike
2024-09-13,중랑구,1797,Bike
2024-09-14,강남구,3410,Bike
2024-09-14,강동구,5393,Bike
2024-09-14,강북구,1694,Bike
2024-09-14,강서구,12480,Bike
2024-09-14,관악구,2676,Bike
2024-09-14,광진구,5445,Bike
2024-09-14,구로구,4329,Bike
2024-09-14,금천구,1420,Bike
2024-09-14,노원구,8103,Bike
2024-09-14,도봉구,2928,Bike
2024-09-14,동대문구,3552,Bike
2024-09-14,동작구,2229,Bike
2024-09-14,마포구,6085,Bike
2024-09-14,서대문구,2119,Bike
2024-09-14,서초구,3311,Bike
2024-09-14,성동구,3928,Bike
2024-09-14,성북구,2541,Bike
2024-09-14,송파구,10604,Bike
2024-09-14,양천구,8242,Bike
2024-09-14,영등포구,8934,Bike
2024-09-14,용산구,2431,Bike
2024-09-14,은평구,3240,Bike
2024-09-14,종로구,3281,Bike
2024-09-14,중구,2107,Bike
2024-09-14,중랑구,3705,Bike
2024-09-15,강남구,3162,Bike
2024-09-15,강동구,4848,Bike
2024-09-15,강북구,1661,Bike
2024-09-15,강서구,10310,Bike
2024-09-15,관악구,2348,Bike
2024-09-15,광진구,5079,Bike
2024-09-15,구로구,3764,Bike
2024-09-15,금천구,1209,Bike
2024-09-15,노원구,7403,Bike
2024-09-15,도봉구,2792,Bike
2024-09-15,동대문구,3126,Bike
2024-09-15,동작구,2082,Bike
2024-09-15,마포구,5535,Bike
2024-09-15,서대문구,2120,Bike
2024-09-15,서초구,3095,Bike
2024-09-15,성동구,3648,Bike
2024-09-15,성북구,2204,Bike
2024-09-15,송파구,9377,Bike
2024-09-15,양천구,6711,Bike
2024-09-15,영등포구,7909,Bike
2024-09-15,용산구,2305,Bike
2024-09-15,은평구,2970,Bike
2024-09-15,종로구,2667,Bike
2024-09-15,중구,1824,Bike
2024-09-15,중랑구,3317,Bike
2024-09-16,강남구,2849,Bike
2024-09-16,강동구,4158,Bike
2024-09-16,강북구,1536,Bike
2024-09-16,강서구,8652,Bike
2024-09-16,관악구,2041,Bike
2024-09-16,광진구,4212,Bike
2024-09-16,구로구,3338,Bike
2024-09-16,금천구,1126,Bike
2024-09-16,노원구,5951,Bike
2024-09-16,도봉구,2506,Bike
2024-09-16,동대문구,2676,Bike
2024-09-16,동작구,1925,Bike
2024-09-16,마포구,4759,Bike
2024-09-16,서대문구,1951,Bike
2024-09-16,서초구,2693,Bike
2024-09-16,성동구,3117,Bike
2024-09-16,성북구,2012,Bike
2024-09-16,송파구,8369,Bike
2024-09-16,양천구,5534,Bike
2024-09-16,영등포구,6865,Bike
2024-09-16,용산구,2199,Bike
2024-09-16,은평구,2620,Bike
2024-09-16,종로구,2460,Bike
2024-09-16,중구,1509,Bike
2024-09-16,중랑구,2932,Bike
2024-09-17,강남구,2367,Bike
2024-09-17,강동구,3464,Bike
2024-09-17,강북구,1451,Bike
2024-09-17,강서구,7982,Bike
2024-09-17,관악구,1889,Bike
2024-09-17,광진구,3750,Bike
2024-09-17,구로구,3142,Bike
2024-09-17,금천구,1062,Bike
2024-09-17,노원구,5534,Bike
2024-09-17,도봉구,2363,Bike
2024-09-17,동대문구,2409,Bike
2024-09-17,동작구,1675,Bike
2024-09-17,마포구,4122,Bike
2024-09-17,서대문구,1708,Bike
2024-09-17,서초구,2305,Bike
2024-09-17,성동구,2855,Bike
2024-09-17,성북구,1866,Bike
2024-09-17,송파구,6974,Bike
2024-09-17,양천구,4742,Bike
2024-09-17,영등포구,6304,Bike
2024-09-17,용산구,1781,Bike
2024-09-17,은평구,2441,Bike
2024-09-17,종로구,2100,Bike
2024-09-17,중구,1412,Bike
2024-09-17,중랑구,2533,Bike
2024-09-18,강남구,3059,Bike
2024-09-18,강동구,4452,Bike
2024-09-18,강북구,1519,Bike
2024-09-18,강서구,10613,Bike
2024-09-18,관악구,2546,Bike
2024-09-18,광진구,4888,Bike
2024-09-18,구로구,3933,Bike
2024-09-18,금천구,1296,Bike
2024-09-18,노원구,6738,Bike
2024-09-18,도봉구,2603,Bike
2024-09-18,동대문구,2947,Bike
2024-09-18,동작구,2040,Bike
2024-09-18,마포구,5322,Bike
2024-09-18,서대문구,2039,Bike
2024-09-18,서초구,2957,Bike
2024-09-18,성동구,3457,Bike
2024-09-18,성북구,2147,Bike
2024-09-18,송파구,9227,Bike
2024-09-18,양천구,6694,Bike
2024-09-18,영등포구,8591,Bike
2024-09-18,용산구,2238,Bike
2024-09-18,은평구,2757,Bike
2024-09-18,종로구,2731,Bike
2024-09-18,중구,1760,Bike
2024-09-18,중랑구,3283,Bike
2024-09-19,강남구,4963,Bike
2024-09-19,강동구,6494,Bike
2024-09-19,강북구,2036,Bike
2024-09-19,강서구,18967,Bike
2024-09-19,관악구,3186,Bike
2024-09-19,광진구,7576,Bike
2024-09-19,구로구,6639,Bike
2024-09-19,금천구,2893,Bike
2024-09-19,노원구,9653,Bike
2024-09-19,도봉구,3425,Bike
2024-09-19,동대문구,4823,Bike
2024-09-19,동작구,2642,Bike
2024-09-19,마포구,6862,Bike
2024-09-19,서대문구,2691,Bike
2024-09-19,서초구,4662,Bike
2024-09-19,성동구,5765,Bike
2024-09-19,성북구,3352,Bike
2024-09-19,송파구,12980,Bike
2024-09-19,양천구,9640,Bike
2024-09-19,영등포구,13936,Bike
2024-09-19,용산구,2724,Bike
2024-09-19,은평구,3685,Bike
2024-09-19,종로구,5247,Bike
2024-09-19,중구,3922,Bike
2024-09-19,중랑구,4268,Bike
2024-09-20,강남구,1428,Bike
2024-09-20,강동구,1970,Bike
2024-09-20,강북구,593,Bike
2024-09-20,강서구,6922,Bike
2024-09-20,관악구,955,Bike
2024-09-20,광진구,2528,Bike
2024-09-20,구로구,2013,Bike
2024-09-20,금천구,997,Bike
2024-09-20,노원구,2974,Bike
2024-09-20,도봉구,1030,Bike
2024-09-20,동대문구,1740,Bike
2024-09-20,동작구,781,Bike
2024-09-20,마포구,1842,Bike
2024-09-20,서대문구,1044,Bike
2024-09-20,서초구,1286,Bike
2024-09-20,성동구,1724,Bike
2024-09-20,성북구,1087,Bike
2024-09-20,송파구,3926,Bike
2024-09-20,양천구,2882,Bike
2024-09-20,영등포구,4206,Bike
2024-09-20,용산구,799,Bike
2024-09-20,은평구,1228,Bike
2024-09-20,종로구,1749,Bike
2024-09-20,중구,1261,Bike
2024-09-20,중랑구,1359,Bike
2024-09-21,강남구,3551,Bike
2024-09-21,강동구,4524,Bike
2024-09-21,강북구,1547,Bike
2024-09-21,강서구,11900,Bike
2024-09-21,관악구,2521,Bike
2024-09-21,광진구,5279,Bike
2024-09-21,구로구,3979,Bike
2024-09-21,금천구,1341,Bike
2024-09-21,노원구,7009,Bike
2024-09-21,도봉구,2681,Bike
2024-09-21,동대문구,3458,Bike
2024-09-21,동작구,2206,Bike
2024-09-21,마포구,7275,Bike
2024-09-21,서대문구,2276,Bike
2024-09-21,서초구,3282,Bike
2024-09-21,성동구,4142,Bike
2024-09-21,성북구,2458,Bike
2024-09-21,송파구,9856,Bike
2024-09-21,양천구,7253,Bike
2024-09-21,영등포구,9273,Bike
2024-09-21,용산구,2555,Bike
2024-09-21,은평구,3176,Bike
2024-09-21,종로구,3388,Bike
2024-09-21,중구,2174,Bike
2024-09-21,중랑구,3324,Bike
2024-09-22,강남구,5397,Bike
2024-09-22,강동구,6623,Bike
2024-09-22,강북구,2009,Bike
2024-09-22,강서구,14944,Bike
2024-09-22,관악구,3728,Bike
2024-09-22,광진구,8141,Bike
2024-09-22,구로구,5757,Bike
2024-09-22,금천구,1961,Bike
2024-09-22,노원구,8903,Bike
2024-09-22,도봉구,3504,Bike
2024-09-22,동대문구,4796,Bike
2024-09-22,동작구,3615,Bike
2024-09-22,마포구,11244,Bike
2024-09-22,서대문구,3416,Bike
2024-09-22,서초구,5391,Bike
2024-09-22,성동구,6417,Bike
2024-09-22,성북구,3226,Bike
2024-09-22,송파구,15246,Bike
2024-09-22,양천구,9074,Bike
2024-09-22,영등포구,13660,Bike
2024-09-22,용산구,4689,Bike
2024-09-22,은평구,4036,Bike
2024-09-22,종로구,4113,Bike
2024-09-22,중구,2755,Bike
2024-09-22,중랑구,4557,Bike
2024-09-23,강남구,6623,Bike
2024-09-23,강동구,7243,Bike
2024-09-23,강북구,2325,Bike
2024-09-23,강서구,23158,Bike
2024-09-23,관악구,3795,Bike
2024-09-23,광진구,8760,Bike
2024-09-23,구로구,7920,Bike
2024-09-23,금천구,3675,Bike
2024-09-23,노원구,10480,Bike
2024-09-23,도봉구,3778,Bike
2024-09-23,동대문구,5929,Bike
2024-09-23,동작구,3400,Bike
2024-09-23,마포구,8999,Bike
2024-09-23,서대문구,3438,Bike
2024-09-23,서초구,6214,Bike
2024-09-23,성동구,7329,Bike
2024-09-23,성북구,3958,Bike
2024-09-23,송파구,16180,Bike
2024-09-23,양천구,10682,Bike
2024-09-23,영등포구,17040,Bike
2024-09-23,용산구,3786,Bike
2024-09-23,은평구,4193,Bike
2024-09-23,종로구,6611,Bike
2024-09-23,중구,4895,Bike
2024-09-23,중랑구,5014,Bike
2024-09-24,강남구,6489,Bike
2024-09-24,강동구,7778,Bike
2024-09-24,강북구,2272,Bike
2024-09-24,강서구,23828,Bike
2024-09-24,관악구,3718,Bike
2024-09-24,광진구,9024,Bike
2024-09-24,구로구,7950,Bike
2024-09-24,금천구,3854,Bike
2024-09-24,노원구,10838,Bike
2024-09-24,도봉구,3790,Bike
2024-09-24,동대문구,6107,Bike
2024-09-24,동작구,3463,Bike
2024-09-24,마포구,9132,Bike
2024-09-24,서대문구,3594,Bike
2024-09-24,서초구,6119,Bike
2024-09-24,성동구,7195,Bike
2024-09-24,성북구,4019,Bike
2024-09-24,송파구,15917,Bike
2024-09-24,양천구,11157,Bike
2024-09-24,영등포구,17216,Bike
2024-09-24,용산구,3840,Bike
2024-09-24,은평구,4289,Bike
2024-09-24,종로구,6546,Bike
2024-09-24,중구,5000,Bike
2024-09-24,중랑구,5024,Bike
2024-09-25,강남구,6253,Bike
2024-09-25,강동구,7584,Bike
2024-09-25,강북구,2283,Bike
2024-09-25,강서구,23446,Bike
2024-09-25,관악구,3672,Bike
2024-09-25,광진구,8874,Bike
2024-09-25,구로구,7694,Bike
2024-09-25,금천구,3718,Bike
2024-09-25,노원구,10924,Bike
2024-09-25,도봉구,3969,Bike
2024-09-25,동대문구,5944,Bike
2024-09-25,동작구,3303,Bike
2024-09-25,마포구,8823,Bike
2024-09-25,서대문구,3436,Bike
2024-09-25,서초구,5982,Bike
2024-09-25,성동구,6928,Bike
2024-09-25,성북구,3978,Bike
2024-09-25,송파구,16068,Bike
2024-09-25,양천구,11308,Bike
2024-09-25,영등포구,16287,Bike
2024-09-25,용산구,3630,Bike
2024-09-25,은평구,4392,Bike
2024-09-25,종로구,6401,Bike
2024-09-25,중구,4661,Bike
2024-09-25,중랑구,5040,Bike
2024-09-26,강남구,5991,Bike
2024-09-26,강동구,7848,Bike
2024-09-26,강북구,2005,Bike
2024-09-26,강서구,20851,Bike
2024-09-26,관악구,3775,Bike
2024-09-26,광진구,8516,Bike
2024-09-26,구로구,7484,Bike
2024-09-26,금천구,3596,Bike
2024-09-26,노원구,9374,Bike
2024-09-26,도봉구,3283,Bike
2024-09-26,동대문구,5703,Bike
2024-09-26,동작구,3260,Bike
2024-09-26,마포구,8252,Bike
2024-09-26,서대문구,3172,Bike
2024-09-26,서초구,5876,Bike
2024-09-26,성동구,6521,Bike
2024-09-26,성북구,3583,Bike
2024-09-26,송파구,15625,Bike
2024-09-26,양천구,10469,Bike
2024-09-26,영등포구,15912,Bike
2024-09-26,용산구,3273,Bike
2024-09-26,은평구,3753,Bike
2024-09-26,종로구,6030,Bike
2024-09-26,중구,4280,Bike
2024-09-26,중랑구,4624,Bike
2024-09-27,강남구,5946,Bike
2024-09-27,강동구,7919,Bike
2024-09-27,강북구,2357,Bike
2024-09-27,강서구,23457,Bike
2024-09-27,관악구,3883,Bike
2024-09-27,광진구,8669,Bike
2024-09-27,구로구,8108,Bike
2024-09-27,금천구,3678,Bike
2024-09-27,노원구,11170,Bike
2024-09-27,도봉구,3991,Bike
2024-09-27,동대문구,5901,Bike
2024-09-27,동작구,3496,Bike
2024-09-27,마포구,9111,Bike
2024-09-27,서대문구,3449,Bike
2024-09-27,서초구,6138,Bike
2024-09-27,성동구,6986,Bike
2024-09-27,성북구,3892,Bike
2024-09-27,송파구,17019,Bike
2024-09-27,양천구,11708,Bike
2024-09-27,영등포구,17043,Bike
2024-09-27,용산구,3723,Bike
2024-09-27,은평구,4537,Bike
2024-09-27,종로구,6341,Bike
2024-09-27,중구,4696,Bike
2024-09-27,중랑구,5145,Bike
2024-09-28,강남구,5038,Bike
2024-09-28,강동구,7168,Bike
2024-09-28,강북구,2109,Bike
2024-09-28,강서구,17204,Bike
2024-09-28,관악구,3964,Bike
2024-09-28,광진구,8465,Bike
2024-09-28,구로구,6354,Bike
2024-09-28,금천구,2290,Bike
2024-09-28,노원구,10335,Bike
2024-09-28,도봉구,3727,Bike
2024-09-28,동대문구,4938,Bike
2024-09-28,동작구,3437,Bike
2024-09-28,마포구,9913,Bike
2024-09-28,서대문구,3185,Bike
2024-09-28,서초구,5834,Bike
2024-09-28,성동구,6017,Bike
2024-09-28,성북구,3416,Bike
2024-09-28,송파구,16641,Bike
2024-09-28,양천구,10328,Bike
2024-09-28,영등포구,14216,Bike
2024-09-28,용산구,4552,Bike
2024-09-28,은평구,4423,Bike
2024-09-28,종로구,4963,Bike
2024-09-28,중구,3070,Bike
2024-09-28,중랑구,4860,Bike
2024-09-29,강남구,4659,Bike
2024-09-29,강동구,6846,Bike
2024-09-29,강북구,2060,Bike
2024-09-29,강서구,15282,Bike
2024-09-29,관악구,3540,Bike
2024-09-29,광진구,7584,Bike
2024-09-29,구로구,5730,Bike
2024-09-29,금천구,1982,Bike
2024-09-29,노원구,8988,Bike
2024-09-29,도봉구,3300,Bike
2024-09-29,동대문구,4465,Bike
2024-09-29,동작구,3435,Bike
2024-09-29,마포구,9562,Bike
2024-09-29,서대문구,3154,Bike
2024-09-29,서초구,5181,Bike
2024-09-29,성동구,5869,Bike
2024-09-29,성북구,3265,Bike
2024-09-29,송파구,15197,Bike
2024-09-29,양천구,9260,Bike
2024-09-29,영등포구,13249,Bike
2024-09-29,용산구,4258,Bike
2024-09-29,은평구,4053,Bike
2024-09-29,종로구,3989,Bike
2024-09-29,중구,2614,Bike
2024-09-29,중랑구,4508,Bike
2024-09-30,강남구,6270,Bike
2024-09-30,강동구,7738,Bike
2024-09-30,강북구,2358,Bike
2024-09-30,강서구,23142,Bike
2024-09-30,관악구,3714,Bike
2024-09-30,광진구,8478,Bike
2024-09-30,구로구,7722,Bike
2024-09-30,금천구,3763,Bike
2024-09-30,노원구,10864,Bike
2024-09-30,도봉구,3913,Bike
2024-09-30,동대문구,5927,Bike
2024-09-30,동작구,3410,Bike
2024-09-30,마포구,8692,Bike
2024-09-30,서대문구,3462,Bike
2024-09-30,서초구,5871,Bike
2024-09-30,성동구,6756,Bike
2024-09-30,성북구,3826,Bike
2024-09-30,송파구,16315,Bike
2024-09-30,양천구,11213,Bike
2024-09-30,영등포구,16803,Bike
2024-09-30,용산구,3552,Bike
2024-09-30,은평구,4352,Bike
2024-09-30,종로구,5827,Bike
2024-09-30,중구,4360,Bike
2024-09-30,중랑구,5112,Bike
2024-10-01,강남구,3995,Bike
2024-10-01,강동구,5582,Bike
2024-10-01,강북구,1825,Bike
2024-10-01,강서구,14163,Bike
2024-10-01,관악구,3094,Bike
2024-10-01,광진구,6486,Bike
2024-10-01,구로구,4867,Bike
2024-10-01,금천구,1788,Bike
2024-10-01,노원구,8086,Bike
2024-10-01,도봉구,2924,Bike
2024-10-01,동대문구,4119,Bike
2024-10-01,동작구,2854,Bike
2024-10-01,마포구,7276,Bike
2024-10-01,서대문구,2936,Bike
2024-10-01,서초구,4044,Bike
2024-10-01,성동구,4509,Bike
2024-10-01,성북구,2974,Bike
2024-10-01,송파구,11892,Bike
2024-10-01,양천구,7915,Bike
2024-10-01,영등포구,10868,Bike
2024-10-01,용산구,3539,Bike
2024-10-01,은평구,3385,Bike
2024-10-01,종로구,3807,Bike
2024-10-01,중구,2545,Bike
2024-10-01,중랑구,4069,Bike
2024-10-02,강남구,5838,Bike
2024-10-02,강동구,7146,Bike
2024-10-02,강북구,2323,Bike
2024-10-02,강서구,22377,Bike
2024-10-02,관악구,3571,Bike
2024-10-02,광진구,8150,Bike
2024-10-02,구로구,7188,Bike
2024-10-02,금천구,3413,Bike
2024-10-02,노원구,10739,Bike
2024-10-02,도봉구,3619,Bike
2024-10-02,동대문구,5498,Bike
2024-10-02,동작구,3195,Bike
2024-10-02,마포구,8190,Bike
2024-10-02,서대문구,3161,Bike
2024-10-02,서초구,5459,Bike
2024-10-02,성동구,6544,Bike
2024-10-02,성북구,3682,Bike
2024-10-02,송파구,15326,Bike
2024-10-02,양천구,10947,Bike
2024-10-02,영등포구,15684,Bike
2024-10-02,용산구,3265,Bike
2024-10-02,은평구,4173,Bike
2024-10-02,종로구,5353,Bike
2024-10-02,중구,4174,Bike
2024-10-02,중랑구,4881,Bike
2024-10-03,강남구,4876,Bike
2024-10-03,강동구,6443,Bike
2024-10-03,강북구,2125,Bike
2024-10-03,강서구,15267,Bike
2024-10-03,관악구,3662,Bike
2024-10-03,광진구,7630,Bike
2024-10-03,구로구,5606,Bike
2024-10-03,금천구,2068,Bike
2024-10-03,노원구,9007,Bike
2024-10-03,도봉구,3271,Bike
2024-10-03,동대문구,4748,Bike
2024-10-03,동작구,3463,Bike
2024-10-03,마포구,9367,Bike
2024-10-03,서대문구,3088,Bike
2024-10-03,서초구,4866,Bike
2024-10-03,성동구,6182,Bike
2024-10-03,성북구,3208,Bike
2024-10-03,송파구,14689,Bike
2024-10-03,양천구,8739,Bike
2024-10-03,영등포구,13751,Bike
2024-10-03,용산구,4346,Bike
2024-10-03,은평구,4130,Bike
2024-10-03,종로구,3893,Bike
2024-10-03,중구,2603,Bike
2024-10-03,중랑구,4408,Bike
2024-10-04,강남구,5973,Bike
2024-10-04,강동구,7433,Bike
2024-10-04,강북구,2364,Bike
2024-10-04,강서구,21412,Bike
2024-10-04,관악구,3750,Bike
2024-10-04,광진구,8492,Bike
2024-10-04,구로구,7518,Bike
2024-10-04,금천구,3375,Bike
2024-10-04,노원구,10470,Bike
2024-10-04,도봉구,3724,Bike
2024-10-04,동대문구,5546,Bike
2024-10-04,동작구,3380,Bike
2024-10-04,마포구,9224,Bike
2024-10-04,서대문구,3375,Bike
2024-10-04,서초구,5770,Bike
2024-10-04,성동구,7223,Bike
2024-10-04,성북구,3518,Bike
2024-10-04,송파구,15882,Bike
2024-10-04,양천구,11367,Bike
2024-10-04,영등포구,16285,Bike
2024-10-04,용산구,3895,Bike
2024-10-04,은평구,4266,Bike
2024-10-04,종로구,5699,Bike
2024-10-04,중구,4076,Bike
2024-10-04,중랑구,4939,Bike
2024-10-05,강남구,5103,Bike
2024-10-05,강동구,6684,Bike
2024-10-05,강북구,2168,Bike
2024-10-05,강서구,17388,Bike
2024-10-05,관악구,3739,Bike
2024-10-05,광진구,7951,Bike
2024-10-05,구로구,6027,Bike
2024-10-05,금천구,2153,Bike
2024-10-05,노원구,9392,Bike
2024-10-05,도봉구,3527,Bike
2024-10-05,동대문구,4710,Bike
2024-10-05,동작구,4228,Bike
2024-10-05,마포구,10827,Bike
2024-10-05,서대문구,3088,Bike
2024-10-05,서초구,5851,Bike
2024-10-05,성동구,6134,Bike
2024-10-05,성북구,3175,Bike
2024-10-05,송파구,15043,Bike
2024-10-05,양천구,10183,Bike
2024-10-05,영등포구,14511,Bike
2024-10-05,용산구,5957,Bike
2024-10-05,은평구,4042,Bike
2024-10-05,종로구,3764,Bike
2024-10-05,중구,2503,Bike
2024-10-05,중랑구,4574,Bike
2024-10-06,강남구,3345,Bike
2024-10-06,강동구,4824,Bike
2024-10-06,강북구,1577,Bike
2024-10-06,강서구,11116,Bike
2024-10-06,관악구,2853,Bike
2024-10-06,광진구,5349,Bike
2024-10-06,구로구,3962,Bike
2024-10-06,금천구,1398,Bike
2024-10-06,노원구,7057,Bike
2024-10-06,도봉구,2511,Bike
2024-10-06,동대문구,3631,Bike
2024-10-06,동작구,2197,Bike
2024-10-06,마포구,6088,Bike
2024-10-06,서대문구,2115,Bike
2024-10-06,서초구,3092,Bike
2024-10-06,성동구,3979,Bike
2024-10-06,성북구,2375,Bike
2024-10-06,송파구,10469,Bike
2024-10-06,양천구,6821,Bike
2024-10-06,영등포구,8559,Bike
2024-10-06,용산구,2648,Bike
2024-10-06,은평구,2763,Bike
2024-10-06,종로구,2744,Bike
2024-10-06,중구,1755,Bike
2024-10-06,중랑구,3554,Bike
2024-10-07,강남구,5837,Bike
2024-10-07,강동구,7074,Bike
2024-10-07,강북구,2217,Bike
2024-10-07,강서구,22090,Bike
2024-10-07,관악구,3554,Bike
2024-10-07,광진구,7952,Bike
2024-10-07,구로구,7382,Bike
2024-10-07,금천구,3596,Bike
2024-10-07,노원구,10007,Bike
2024-10-07,도봉구,3827,Bike
2024-10-07,동대문구,5565,Bike
2024-10-07,동작구,3133,Bike
2024-10-07,마포구,8021,Bike
2024-10-07,서대문구,2971,Bike
2024-10-07,서초구,5446,Bike
2024-10-07,성동구,6547,Bike
2024-10-07,성북구,3600,Bike
2024-10-07,송파구,14657,Bike
2024-10-07,양천구,10875,Bike
2024-10-07,영등포구,14995,Bike
2024-10-07,용산구,3129,Bike
2024-10-07,은평구,3978,Bike
2024-10-07,종로구,5584,Bike
2024-10-07,중구,4128,Bike
2024-10-07,중랑구,4806,Bike
2024-10-08,강남구,6008,Bike
2024-10-08,강동구,7325,Bike
2024-10-08,강북구,2309,Bike
2024-10-08,강서구,22746,Bike
2024-10-08,관악구,3750,Bike
2024-10-08,광진구,8708,Bike
2024-10-08,구로구,7564,Bike
2024-10-08,금천구,3736,Bike
2024-10-08,노원구,10773,Bike
2024-10-08,도봉구,3937,Bike
2024-10-08,동대문구,5660,Bike
2024-10-08,동작구,3322,Bike
2024-10-08,마포구,8463,Bike
2024-10-08,서대문구,3223,Bike
2024-10-08,서초구,5598,Bike
2024-10-08,성동구,7116,Bike
2024-10-08,성북구,3734,Bike
2024-10-08,송파구,15577,Bike
2024-10-08,양천구,11129,Bike
2024-10-08,영등포구,15966,Bike
2024-10-08,용산구,3456,Bike
2024-10-08,은평구,4149,Bike
2024-10-08,종로구,5936,Bike
2024-10-08,중구,4377,Bike
2024-10-08,중랑구,4947,Bike
2024-10-09,강남구,5157,Bike
2024-10-09,강동구,6866,Bike
2024-10-09,강북구,2137,Bike
2024-10-09,강서구,15831,Bike
2024-10-09,관악구,3869,Bike
2024-10-09,광진구,8146,Bike
2024-10-09,구로구,6035,Bike
2024-10-09,금천구,2329,Bike
2024-10-09,노원구,9246,Bike
2024-10-09,도봉구,3473,Bike
2024-10-09,동대문구,4818,Bike
2024-10-09,동작구,3552,Bike
2024-10-09,마포구,9498,Bike
2024-10-09,서대문구,3178,Bike
2024-10-09,서초구,5053,Bike
2024-10-09,성동구,6803,Bike
2024-10-09,성북구,3338,Bike
2024-10-09,송파구,15250,Bike
2024-10-09,양천구,9066,Bike
2024-10-09,영등포구,13527,Bike
2024-10-09,용산구,4432,Bike
2024-10-09,은평구,3994,Bike
2024-10-09,종로구,4321,Bike
2024-10-09,중구,2891,Bike
2024-10-09,중랑구,4735,Bike
2024-10-10,강남구,5580,Bike
2024-10-10,강동구,7534,Bike
2024-10-10,강북구,2267,Bike
2024-10-10,강서구,22535,Bike
2024-10-10,관악구,3716,Bike
2024-10-10,광진구,8280,Bike
2024-10-10,구로구,7560,Bike
2024-10-10,금천구,3654,Bike
2024-10-10,노원구,10439,Bike
2024-10-10,도봉구,3923,Bike
2024-10-10,동대문구,5605,Bike
2024-10-10,동작구,3177,Bike
2024-10-10,마포구,8426,Bike
2024-10-10,서대문구,3262,Bike
2024-10-10,서초구,5392,Bike
2024-10-10,성동구,7000,Bike
2024-10-10,성북구,3567,Bike
2024-10-10,송파구,15472,Bike
2024-10-10,양천구,11017,Bike
2024-10-10,영등포구,16038,Bike
2024-10-10,용산구,3302,Bike
2024-10-10,은평구,4171,Bike
2024-10-10,종로구,5810,Bike
2024-10-10,중구,4329,Bike
2024-10-10,중랑구,4923,Bike
2024-10-11,강남구,6010,Bike
2024-10-11,강동구,8047,Bike
2024-10-11,강북구,2391,Bike
2024-10-11,강서구,23252,Bike
2024-10-11,관악구,3944,Bike
2024-10-11,광진구,8507,Bike
2024-10-11,구로구,7872,Bike
2024-10-11,금천구,3760,Bike
2024-10-11,노원구,11132,Bike
2024-10-11,도봉구,4003,Bike
2024-10-11,동대문구,5908,Bike
2024-10-11,동작구,3314,Bike
2024-10-11,마포구,8887,Bike
2024-10-11,서대문구,3346,Bike
2024-10-11,서초구,5853,Bike
2024-10-11,성동구,7310,Bike
2024-10-11,성북구,3541,Bike
2024-10-11,송파구,16905,Bike
2024-10-11,양천구,11683,Bike
2024-10-11,영등포구,16383,Bike
2024-10-11,용산구,3684,Bike
2024-10-11,은평구,4490,Bike
2024-10-11,종로구,6101,Bike
2024-10-11,중구,4399,Bike
2024-10-11,중랑구,5221,Bike
2024-10-12,강남구,5051,Bike
2024-10-12,강동구,7064,Bike
2024-10-12,강북구,2112,Bike
2024-10-12,강서구,17585,Bike
2024-10-12,관악구,3952,Bike
2024-10-12,광진구,8020,Bike
2024-10-12,구로구,5904,Bike
2024-10-12,금천구,2331,Bike
2024-10-12,노원구,9751,Bike
2024-10-12,도봉구,3578,Bike
2024-10-12,동대문구,5047,Bike
2024-10-12,동작구,3298,Bike
2024-10-12,마포구,9300,Bike
2024-10-12,서대문구,3214,Bike
2024-10-12,서초구,5012,Bike
2024-10-12,성동구,6026,Bike
2024-10-12,성북구,3120,Bike
2024-10-12,송파구,15438,Bike
2024-10-12,양천구,10100,Bike
2024-10-12,영등포구,13500,Bike
2024-10-12,용산구,3996,Bike
2024-10-12,은평구,4179,Bike
2024-10-12,종로구,4230,Bike
2024-10-12,중구,2621,Bike
2024-10-12,중랑구,4650,Bike
2024-10-13,강남구,4331,Bike
2024-10-13,강동구,6497,Bike
2024-10-13,강북구,1986,Bike
2024-10-13,강서구,15145,Bike
2024-10-13,관악구,3302,Bike
2024-10-13,광진구,7044,Bike
2024-10-13,구로구,5482,Bike
2024-10-13,금천구,1910,Bike
2024-10-13,노원구,8438,Bike
2024-10-13,도봉구,3164,Bike
2024-10-13,동대문구,4364,Bike
2024-10-13,동작구,2971,Bike
2024-10-13,마포구,7925,Bike
2024-10-13,서대문구,2772,Bike
2024-10-13,서초구,4597,Bike
2024-10-13,성동구,5451,Bike
2024-10-13,성북구,2871,Bike
2024-10-13,송파구,13707,Bike
2024-10-13,양천구,8712,Bike
2024-10-13,영등포구,11868,Bike
2024-10-13,용산구,3679,Bike
2024-10-13,은평구,3574,Bike
2024-10-13,종로구,3588,Bike
2024-10-13,중구,2293,Bike
2024-10-13,중랑구,4175,Bike
2024-10-14,강남구,5411,Bike
2024-10-14,강동구,7065,Bike
2024-10-14,강북구,2184,Bike
2024-10-14,강서구,22089,Bike
2024-10-14,관악구,3379,Bike
2024-10-14,광진구,7716,Bike
2024-10-14,구로구,7235,Bike
2024-10-14,금천구,3531,Bike
2024-10-14,노원구,9940,Bike
2024-10-14,도봉구,3731,Bike
2024-10-14,동대문구,5494,Bike
2024-10-14,동작구,2917,Bike
2024-10-14,마포구,7964,Bike
2024-10-14,서대문구,3073,Bike
2024-10-14,서초구,5056,Bike
2024-10-14,성동구,6222,Bike
2024-10-14,성북구,3458,Bike
2024-10-14,송파구,14628,Bike
2024-10-14,양천구,10658,Bike
2024-10-14,영등포구,15459,Bike
2024-10-14,용산구,2861,Bike
2024-10-14,은평구,4134,Bike
2024-10-14,종로구,5360,Bike
2024-10-14,중구,3932,Bike
2024-10-14,중랑구,4764,Bike
2024-10-15,강남구,4779,Bike
2024-10-15,강동구,6444,Bike
2024-10-15,강북구,1968,Bike
2024-10-15,강서구,20015,Bike
2024-10-15,관악구,3026,Bike
2024-10-15,광진구,6952,Bike
2024-10-15,구로구,6209,Bike
2024-10-15,금천구,2783,Bike
2024-10-15,노원구,9747,Bike
2024-10-15,도봉구,3440,Bike
2024-10-15,동대문구,5187,Bike
2024-10-15,동작구,2486,Bike
2024-10-15,마포구,7002,Bike
2024-10-15,서대문구,2881,Bike
2024-10-15,서초구,4450,Bike
2024-10-15,성동구,5655,Bike
2024-10-15,성북구,3428,Bike
2024-10-15,송파구,13346,Bike
2024-10-15,양천구,9583,Bike
2024-10-15,영등포구,13502,Bike
2024-10-15,용산구,2601,Bike
2024-10-15,은평구,3723,Bike
2024-10-15,종로구,5187,Bike
2024-10-15,중구,3956,Bike
2024-10-15,중랑구,4378,Bike
2024-10-16,강남구,6018,Bike
2024-10-16,강동구,7428,Bike
2024-10-16,강북구,2273,Bike
2024-10-16,강서구,23014,Bike
2024-10-16,관악구,3644,Bike
2024-10-16,광진구,8265,Bike
2024-10-16,구로구,7514,Bike
2024-10-16,금천구,3741,Bike
2024-10-16,노원구,10815,Bike
2024-10-16,도봉구,3725,Bike
2024-10-16,동대문구,5714,Bike
2024-10-16,동작구,3263,Bike
2024-10-16,마포구,8300,Bike
2024-10-16,서대문구,3387,Bike
2024-10-16,서초구,5404,Bike
2024-10-16,성동구,6609,Bike
2024-10-16,성북구,3812,Bike
2024-10-16,송파구,15576,Bike
2024-10-16,양천구,11132,Bike
2024-10-16,영등포구,15775,Bike
2024-10-16,용산구,3177,Bike
2024-10-16,은평구,4298,Bike
2024-10-16,종로구,5914,Bike
2024-10-16,중구,4123,Bike
2024-10-16,중랑구,4820,Bike
2024-10-17,강남구,5554,Bike
2024-10-17,강동구,7622,Bike
2024-10-17,강북구,2426,Bike
2024-10-17,강서구,23026,Bike
2024-10-17,관악구,3520,Bike
2024-10-17,광진구,8090,Bike
2024-10-17,구로구,7644,Bike
2024-10-17,금천구,3603,Bike
2024-10-17,노원구,10943,Bike
2024-10-17,도봉구,3802,Bike
2024-10-17,동대문구,5687,Bike
2024-10-17,동작구,3096,Bike
2024-10-17,마포구,8447,Bike
2024-10-17,서대문구,3313,Bike
2024-10-17,서초구,5434,Bike
2024-10-17,성동구,6709,Bike
2024-10-17,성북구,3763,Bike
2024-10-17,송파구,15807,Bike
2024-10-17,양천구,10979,Bike
2024-10-17,영등포구,15788,Bike
2024-10-17,용산구,3213,Bike
2024-10-17,은평구,4209,Bike
2024-10-17,종로구,5806,Bike
2024-10-17,중구,4326,Bike
2024-10-17,중랑구,5010,Bike
2024-10-18,강남구,2251,Bike
2024-10-18,강동구,3431,Bike
2024-10-18,강북구,971,Bike
2024-10-18,강서구,11283,Bike
2024-10-18,관악구,1560,Bike
2024-10-18,광진구,3476,Bike
2024-10-18,구로구,3611,Bike
2024-10-18,금천구,1699,Bike
2024-10-18,노원구,4564,Bike
2024-10-18,도봉구,1602,Bike
2024-10-18,동대문구,2470,Bike
2024-10-18,동작구,1246,Bike
2024-10-18,마포구,3251,Bike
2024-10-18,서대문구,1426,Bike
2024-10-18,서초구,2037,Bike
2024-10-18,성동구,2702,Bike
2024-10-18,성북구,1630,Bike
2024-10-18,송파구,6413,Bike
2024-10-18,양천구,5516,Bike
2024-10-18,영등포구,6974,Bike
2024-10-18,용산구,1054,Bike
2024-10-18,은평구,1828,Bike
2024-10-18,종로구,2386,Bike
2024-10-18,중구,1657,Bike
2024-10-18,중랑구,2062,Bike
2024-10-19,강남구,4193,Bike
2024-10-19,강동구,5724,Bike
2024-10-19,강북구,1863,Bike
2024-10-19,강서구,14812,Bike
2024-10-19,관악구,2938,Bike
2024-10-19,광진구,5843,Bike
2024-10-19,구로구,4916,Bike
2024-10-19,금천구,1770,Bike
2024-10-19,노원구,8542,Bike
2024-10-19,도봉구,2995,Bike
2024-10-19,동대문구,3960,Bike
2024-10-19,동작구,2436,Bike
2024-10-19,마포구,6998,Bike
2024-10-19,서대문구,2424,Bike
2024-10-19,서초구,3911,Bike
2024-10-19,성동구,4691,Bike
2024-10-19,성북구,2698,Bike
2024-10-19,송파구,12458,Bike
2024-10-19,양천구,8922,Bike
2024-10-19,영등포구,10687,Bike
2024-10-19,용산구,2679,Bike
2024-10-19,은평구,3462,Bike
2024-10-19,종로구,3511,Bike
2024-10-19,중구,2315,Bike
2024-10-19,중랑구,3721,Bike
2024-10-20,강남구,4040,Bike
2024-10-20,강동구,5330,Bike
2024-10-20,강북구,1755,Bike
2024-10-20,강서구,12350,Bike
2024-10-20,관악구,2959,Bike
2024-10-20,광진구,5910,Bike
2024-10-20,구로구,4591,Bike
2024-10-20,금천구,1636,Bike
2024-10-20,노원구,7736,Bike
2024-10-20,도봉구,2831,Bike
2024-10-20,동대문구,3582,Bike
2024-10-20,동작구,2360,Bike
2024-10-20,마포구,8236,Bike
2024-10-20,서대문구,2380,Bike
2024-10-20,서초구,3559,Bike
2024-10-20,성동구,4350,Bike
2024-10-20,성북구,2329,Bike
2024-10-20,송파구,11646,Bike
2024-10-20,양천구,7842,Bike
2024-10-20,영등포구,10187,Bike
2024-10-20,용산구,2843,Bike
2024-10-20,은평구,3128,Bike
2024-10-20,종로구,2966,Bike
2024-10-20,중구,2056,Bike
2024-10-20,중랑구,3707,Bike
2024-10-21,강남구,5194,Bike
2024-10-21,강동구,6510,Bike
2024-10-21,강북구,1982,Bike
2024-10-21,강서구,19389,Bike
2024-10-21,관악구,3002,Bike
2024-10-21,광진구,6917,Bike
2024-10-21,구로구,6658,Bike
2024-10-21,금천구,3192,Bike
2024-10-21,노원구,9092,Bike
2024-10-21,도봉구,3271,Bike
2024-10-21,동대문구,4807,Bike
2024-10-21,동작구,2529,Bike
2024-10-21,마포구,6624,Bike
2024-10-21,서대문구,2581,Bike
2024-10-21,서초구,4564,Bike
2024-10-21,성동구,6036,Bike
2024-10-21,성북구,2951,Bike
2024-10-21,송파구,13629,Bike
2024-10-21,양천구,9232,Bike
2024-10-21,영등포구,14240,Bike
2024-10-21,용산구,2607,Bike
2024-10-21,은평구,3384,Bike
2024-10-21,종로구,5144,Bike
2024-10-21,중구,3720,Bike
2024-10-21,중랑구,4354,Bike
2024-10-22,강남구,652,Bike
2024-10-22,강동구,860,Bike
2024-10-22,강북구,328,Bike
2024-10-22,강서구,4909,Bike
2024-10-22,관악구,479,Bike
2024-10-22,광진구,1130,Bike
2024-10-22,구로구,1288,Bike
2024-10-22,금천구,541,Bike
2024-10-22,노원구,1503,Bike
2024-10-22,도봉구,554,Bike
2024-10-22,동대문구,806,Bike
2024-10-22,동작구,372,Bike
2024-10-22,마포구,1097,Bike
2024-10-22,서대문구,602,Bike
2024-10-22,서초구,526,Bike
2024-10-22,성동구,843,Bike
2024-10-22,성북구,562,Bike
2024-10-22,송파구,1557,Bike
2024-10-22,양천구,2134,Bike
2024-10-22,영등포구,2446,Bike
2024-10-22,용산구,372,Bike
2024-10-22,은평구,681,Bike
2024-10-22,종로구,860,Bike
2024-10-22,중구,583,Bike
2024-10-22,중랑구,667,Bike
2024-10-23,강남구,4530,Bike
2024-10-23,강동구,5933,Bike
2024-10-23,강북구,1758,Bike
2024-10-23,강서구,18937,Bike
2024-10-23,관악구,2805,Bike
2024-10-23,광진구,6257,Bike
2024-10-23,구로구,6128,Bike
2024-10-23,금천구,2963,Bike
2024-10-23,노원구,8802,Bike
2024-10-23,도봉구,2873,Bike
2024-10-23,동대문구,4383,Bike
2024-10-23,동작구,2328,Bike
2024-10-23,마포구,6473,Bike
2024-10-23,서대문구,2419,Bike
2024-10-23,서초구,4189,Bike
2024-10-23,성동구,5395,Bike
2024-10-23,성북구,2825,Bike
2024-10-23,송파구,12297,Bike
2024-10-23,양천구,8943,Bike
2024-10-23,영등포구,12689,Bike
2024-10-23,용산구,2395,Bike
2024-10-23,은평구,3177,Bike
2024-10-23,종로구,4968,Bike
2024-10-23,중구,3576,Bike
2024-10-23,중랑구,3955,Bike
2024-10-24,강남구,5048,Bike
2024-10-24,강동구,6699,Bike
2024-10-24,강북구,1971,Bike
2024-10-24,강서구,20188,Bike
2024-10-24,관악구,3104,Bike
2024-10-24,광진구,6918,Bike
2024-10-24,구로구,6963,Bike
2024-10-24,금천구,3213,Bike
2024-10-24,노원구,9360,Bike
2024-10-24,도봉구,3172,Bike
2024-10-24,동대문구,4908,Bike
2024-10-24,동작구,2704,Bike
2024-10-24,마포구,7224,Bike
2024-10-24,서대문구,2748,Bike
2024-10-24,서초구,4887,Bike
2024-10-24,성동구,5956,Bike
2024-10-24,성북구,3063,Bike
2024-10-24,송파구,13789,Bike
2024-10-24,양천구,9825,Bike
2024-10-24,영등포구,14563,Bike
2024-10-24,용산구,2849,Bike
2024-10-24,은평구,3586,Bike
2024-10-24,종로구,5548,Bike
2024-10-24,중구,3914,Bike
2024-10-24,중랑구,4190,Bike
2024-10-25,강남구,5167,Bike
2024-10-25,강동구,7040,Bike
2024-10-25,강북구,2082,Bike
2024-10-25,강서구,20849,Bike
2024-10-25,관악구,3217,Bike
2024-10-25,광진구,7435,Bike
2024-10-25,구로구,7012,Bike
2024-10-25,금천구,3253,Bike
2024-10-25,노원구,10087,Bike
2024-10-25,도봉구,3213,Bike
2024-10-25,동대문구,5007,Bike
2024-10-25,동작구,2888,Bike
2024-10-25,마포구,7614,Bike
2024-10-25,서대문구,2784,Bike
2024-10-25,서초구,4978,Bike
2024-10-25,성동구,6156,Bike
2024-10-25,성북구,3355,Bike
2024-10-25,송파구,14875,Bike
2024-10-25,양천구,10333,Bike
2024-10-25,영등포구,15118,Bike
2024-10-25,용산구,3215,Bike
2024-10-25,은평구,3613,Bike
2024-10-25,종로구,5674,Bike
2024-10-25,중구,3834,Bike
2024-10-25,중랑구,4540,Bike
2024-10-26,강남구,4439,Bike
2024-10-26,강동구,6399,Bike
2024-10-26,강북구,1852,Bike
2024-10-26,강서구,15762,Bike
2024-10-26,관악구,3460,Bike
2024-10-26,광진구,7181,Bike
2024-10-26,구로구,5528,Bike
2024-10-26,금천구,1956,Bike
2024-10-26,노원구,9068,Bike
2024-10-26,도봉구,3177,Bike
2024-10-26,동대문구,4376,Bike
2024-10-26,동작구,2855,Bike
2024-10-26,마포구,8126,Bike
2024-10-26,서대문구,2621,Bike
2024-10-26,서초구,4486,Bike
2024-10-26,성동구,5294,Bike
2024-10-26,성북구,2967,Bike
2024-10-26,송파구,13879,Bike
2024-10-26,양천구,9433,Bike
2024-10-26,영등포구,12254,Bike
2024-10-26,용산구,3403,Bike
2024-10-26,은평구,3812,Bike
2024-10-26,종로구,3800,Bike
2024-10-26,중구,2387,Bike
2024-10-26,중랑구,4304,Bike
2024-10-27,강남구,3317,Bike
2024-10-27,강동구,4993,Bike
2024-10-27,강북구,1606,Bike
2024-10-27,강서구,11604,Bike
2024-10-27,관악구,2671,Bike
2024-10-27,광진구,5559,Bike
2024-10-27,구로구,4219,Bike
2024-10-27,금천구,1503,Bike
2024-10-27,노원구,6982,Bike
2024-10-27,도봉구,2631,Bike
2024-10-27,동대문구,3425,Bike
2024-10-27,동작구,2212,Bike
2024-10-27,마포구,5771,Bike
2024-10-27,서대문구,2220,Bike
2024-10-27,서초구,3209,Bike
2024-10-27,성동구,3987,Bike
2024-10-27,성북구,2332,Bike
2024-10-27,송파구,10331,Bike
2024-10-27,양천구,7689,Bike
2024-10-27,영등포구,9333,Bike
2024-10-27,용산구,2568,Bike
2024-10-27,은평구,2763,Bike
2024-10-27,종로구,2933,Bike
2024-10-27,중구,1828,Bike
2024-10-27,중랑구,3302,Bike
2024-10-28,강남구,5066,Bike
2024-10-28,강동구,6585,Bike
2024-10-28,강북구,1930,Bike
2024-10-28,강서구,20606,Bike
2024-10-28,관악구,3095,Bike
2024-10-28,광진구,7063,Bike
2024-10-28,구로구,6933,Bike
2024-10-28,금천구,3305,Bike
2024-10-28,노원구,9509,Bike
2024-10-28,도봉구,3334,Bike
2024-10-28,동대문구,4934,Bike
2024-10-28,동작구,2756,Bike
2024-10-28,마포구,7037,Bike
2024-10-28,서대문구,2722,Bike
2024-10-28,서초구,4784,Bike
2024-10-28,성동구,6011,Bike
2024-10-28,성북구,3107,Bike
2024-10-28,송파구,13957,Bike
2024-10-28,양천구,9969,Bike
2024-10-28,영등포구,14408,Bike
2024-10-28,용산구,2469,Bike
2024-10-28,은평구,3684,Bike
2024-10-28,종로구,5115,Bike
2024-10-28,중구,3705,Bike
2024-10-28,중랑구,4329,Bike
2024-10-29,강남구,5118,Bike
2024-10-29,강동구,6711,Bike
2024-10-29,강북구,1875,Bike
2024-10-29,강서구,19851,Bike
2024-10-29,관악구,3054,Bike
2024-10-29,광진구,6888,Bike
2024-10-29,구로구,6644,Bike
2024-10-29,금천구,3355,Bike
2024-10-29,노원구,8833,Bike
2024-10-29,도봉구,2994,Bike
2024-10-29,동대문구,4949,Bike
2024-10-29,동작구,2710,Bike
2024-10-29,마포구,6741,Bike
2024-10-29,서대문구,2564,Bike
2024-10-29,서초구,4598,Bike
2024-10-29,성동구,5693,Bike
2024-10-29,성북구,3258,Bike
2024-10-29,송파구,13401,Bike
2024-10-29,양천구,9615,Bike
2024-10-29,영등포구,13937,Bike
2024-10-29,용산구,2571,Bike
2024-10-29,은평구,3202,Bike
2024-10-29,종로구,5132,Bike
2024-10-29,중구,3735,Bike
2024-10-29,중랑구,4197,Bike
2024-10-30,강남구,5476,Bike
2024-10-30,강동구,6963,Bike
2024-10-30,강북구,2124,Bike
2024-10-30,강서구,21867,Bike
2024-10-30,관악구,3357,Bike
2024-10-30,광진구,7409,Bike
2024-10-30,구로구,6989,Bike
2024-10-30,금천구,3562,Bike
2024-10-30,노원구,9854,Bike
2024-10-30,도봉구,3466,Bike
2024-10-30,동대문구,5195,Bike
2024-10-30,동작구,2833,Bike
2024-10-30,마포구,7503,Bike
2024-10-30,서대문구,2996,Bike
2024-10-30,서초구,4953,Bike
2024-10-30,성동구,6086,Bike
2024-10-30,성북구,3295,Bike
2024-10-30,송파구,14336,Bike
2024-10-30,양천구,10573,Bike
2024-10-30,영등포구,14959,Bike
2024-10-30,용산구,2867,Bike
2024-10-30,은평구,3856,Bike
2024-10-30,종로구,5739,Bike
2024-10-30,중구,3964,Bike
2024-10-30,중랑구,4610,Bike
2024-10-31,강남구,5539,Bike
2024-10-31,강동구,6968,Bike
2024-10-31,강북구,2056,Bike
2024-10-31,강서구,21619,Bike
2024-10-31,관악구,3225,Bike
2024-10-31,광진구,7621,Bike
2024-10-31,구로구,7006,Bike
2024-10-31,금천구,3493,Bike
2024-10-31,노원구,9576,Bike
2024-10-31,도봉구,3343,Bike
2024-10-31,동대문구,5244,Bike
2024-10-31,동작구,2831,Bike
2024-10-31,마포구,7635,Bike
2024-10-31,서대문구,3005,Bike
2024-10-31,서초구,5096,Bike
2024-10-31,성동구,6098,Bike
2024-10-31,성북구,3400,Bike
2024-10-31,송파구,14774,Bike
2024-10-31,양천구,10330,Bike
2024-10-31,영등포구,14985,Bike
2024-10-31,용산구,2778,Bike
2024-10-31,은평구,3840,Bike
2024-10-31,종로구,5767,Bike
2024-10-31,중구,4050,Bike
2024-10-31,중랑구,4501,Bike
2024-11-01,강남구,5382,Bike
2024-11-01,강동구,7062,Bike
2024-11-01,강북구,2065,Bike
2024-11-01,강서구,21312,Bike
2024-11-01,관악구,3397,Bike
2024-11-01,광진구,7441,Bike
2024-11-01,구로구,7167,Bike
2024-11-01,금천구,3378,Bike
2024-11-01,노원구,9627,Bike
2024-11-01,도봉구,3590,Bike
2024-11-01,동대문구,5129,Bike
2024-11-01,동작구,2915,Bike
2024-11-01,마포구,7231,Bike
2024-11-01,서대문구,2869,Bike
2024-11-01,서초구,4969,Bike
2024-11-01,성동구,5863,Bike
2024-11-01,성북구,3185,Bike
2024-11-01,송파구,14648,Bike
2024-11-01,양천구,10439,Bike
2024-11-01,영등포구,14826,Bike
2024-11-01,용산구,2921,Bike
2024-11-01,은평구,3818,Bike
2024-11-01,종로구,5582,Bike
2024-11-01,중구,3991,Bike
2024-11-01,중랑구,4507,Bike
2024-11-02,강남구,4654,Bike
2024-11-02,강동구,6496,Bike
2024-11-02,강북구,1995,Bike
2024-11-02,강서구,15285,Bike
2024-11-02,관악구,3219,Bike
2024-11-02,광진구,7097,Bike
2024-11-02,구로구,5708,Bike
2024-11-02,금천구,1954,Bike
2024-11-02,노원구,8803,Bike
2024-11-02,도봉구,3194,Bike
2024-11-02,동대문구,4325,Bike
2024-11-02,동작구,2955,Bike
2024-11-02,마포구,8158,Bike
2024-11-02,서대문구,2767,Bike
2024-11-02,서초구,4482,Bike
2024-11-02,성동구,5256,Bike
2024-11-02,성북구,2888,Bike
2024-11-02,송파구,14247,Bike
2024-11-02,양천구,9598,Bike
2024-11-02,영등포구,12369,Bike
2024-11-02,용산구,3509,Bike
2024-11-02,은평구,3791,Bike
2024-11-02,종로구,4260,Bike
2024-11-02,중구,2687,Bike
2024-11-02,중랑구,4293,Bike
2024-11-03,강남구,4074,Bike
2024-11-03,강동구,5917,Bike
2024-11-03,강북구,1733,Bike
2024-11-03,강서구,13103,Bike
2024-11-03,관악구,3022,Bike
2024-11-03,광진구,6748,Bike
2024-11-03,구로구,4865,Bike
2024-11-03,금천구,1715,Bike
2024-11-03,노원구,7962,Bike
2024-11-03,도봉구,2968,Bike
2024-11-03,동대문구,3826,Bike
2024-11-03,동작구,2633,Bike
2024-11-03,마포구,7479,Bike
2024-11-03,서대문구,2690,Bike
2024-11-03,서초구,4044,Bike
2024-11-03,성동구,4950,Bike
2024-11-03,성북구,2606,Bike
2024-11-03,송파구,13918,Bike
2024-11-03,양천구,8426,Bike
2024-11-03,영등포구,11333,Bike
2024-11-03,용산구,3322,Bike
2024-11-03,은평구,3385,Bike
2024-11-03,종로구,3579,Bike
2024-11-03,중구,2293,Bike
2024-11-03,중랑구,3871,Bike
2024-11-04,강남구,4938,Bike
2024-11-04,강동구,6644,Bike
2024-11-04,강북구,1832,Bike
2024-11-04,강서구,19571,Bike
2024-11-04,관악구,2969,Bike
2024-11-04,광진구,6881,Bike
2024-11-04,구로구,6643,Bike
2024-11-04,금천구,3151,Bike
2024-11-04,노원구,8923,Bike
2024-11-04,도봉구,3112,Bike
2024-11-04,동대문구,4839,Bike
2024-11-04,동작구,2503,Bike
2024-11-04,마포구,6784,Bike
2024-11-04,서대문구,2670,Bike
2024-11-04,서초구,4529,Bike
2024-11-04,성동구,5644,Bike
2024-11-04,성북구,3162,Bike
2024-11-04,송파구,13400,Bike
2024-11-04,양천구,9483,Bike
2024-11-04,영등포구,13865,Bike
2024-11-04,용산구,2408,Bike
2024-11-04,은평구,3437,Bike
2024-11-04,종로구,5308,Bike
2024-11-04,중구,3786,Bike
2024-11-04,중랑구,4168,Bike
2024-11-05,강남구,4646,Bike
2024-11-05,강동구,6247,Bike
2024-11-05,강북구,1748,Bike
2024-11-05,강서구,18866,Bike
2024-11-05,관악구,2807,Bike
2024-11-05,광진구,6652,Bike
2024-11-05,구로구,6125,Bike
2024-11-05,금천구,3070,Bike
2024-11-05,노원구,8780,Bike
2024-11-05,도봉구,2993,Bike
2024-11-05,동대문구,4536,Bike
2024-11-05,동작구,2381,Bike
2024-11-05,마포구,6143,Bike
2024-11-05,서대문구,2514,Bike
2024-11-05,서초구,4163,Bike
2024-11-05,성동구,5385,Bike
2024-11-05,성북구,2978,Bike
2024-11-05,송파구,13123,Bike
2024-11-05,양천구,8946,Bike
2024-11-05,영등포구,12956,Bike
2024-11-05,용산구,2317,Bike
2024-11-05,은평구,3223,Bike
2024-11-05,종로구,4981,Bike
2024-11-05,중구,3513,Bike
2024-11-05,중랑구,3968,Bike
2024-11-06,강남구,4384,Bike
2024-11-06,강동구,5864,Bike
2024-11-06,강북구,1804,Bike
2024-11-06,강서구,18375,Bike
2024-11-06,관악구,2698,Bike
2024-11-06,광진구,6318,Bike
2024-11-06,구로구,5946,Bike
2024-11-06,금천구,2787,Bike
2024-11-06,노원구,8546,Bike
2024-11-06,도봉구,2931,Bike
2024-11-06,동대문구,4277,Bike
2024-11-06,동작구,2344,Bike
2024-11-06,마포구,5726,Bike
2024-11-06,서대문구,2266,Bike
2024-11-06,서초구,3983,Bike
2024-11-06,성동구,5015,Bike
2024-11-06,성북구,2808,Bike
2024-11-06,송파구,12208,Bike
2024-11-06,양천구,8625,Bike
2024-11-06,영등포구,12308,Bike
2024-11-06,용산구,2185,Bike
2024-11-06,은평구,3079,Bike
2024-11-06,종로구,4850,Bike
2024-11-06,중구,3429,Bike
2024-11-06,중랑구,3723,Bike
2024-11-07,강남구,4505,Bike
2024-11-07,강동구,6062,Bike
2024-11-07,강북구,1745,Bike
2024-11-07,강서구,18515,Bike
2024-11-07,관악구,2605,Bike
2024-11-07,광진구,6388,Bike
2024-11-07,구로구,5891,Bike
2024-11-07,금천구,2954,Bike
2024-11-07,노원구,8316,Bike
2024-11-07,도봉구,2858,Bike
2024-11-07,동대문구,4149,Bike
2024-11-07,동작구,2285,Bike
2024-11-07,마포구,5900,Bike
2024-11-07,서대문구,2497,Bike
2024-11-07,서초구,4164,Bike
2024-11-07,성동구,5029,Bike
2024-11-07,성북구,2807,Bike
2024-11-07,송파구,12372,Bike
2024-11-07,양천구,8627,Bike
2024-11-07,영등포구,12878,Bike
2024-11-07,용산구,2284,Bike
2024-11-07,은평구,3090,Bike
2024-11-07,종로구,4957,Bike
2024-11-07,중구,3412,Bike
2024-11-07,중랑구,3666,Bike
2024-11-08,강남구,4873,Bike
2024-11-08,강동구,6224,Bike
2024-11-08,강북구,1776,Bike
2024-11-08,강서구,18927,Bike
2024-11-08,관악구,2709,Bike
2024-11-08,광진구,6389,Bike
2024-11-08,구로구,6213,Bike
2024-11-08,금천구,2941,Bike
2024-11-08,노원구,8617,Bike
2024-11-08,도봉구,2927,Bike
2024-11-08,동대문구,4293,Bike
2024-11-08,동작구,2385,Bike
2024-11-08,마포구,6387,Bike
2024-11-08,서대문구,2559,Bike
2024-11-08,서초구,4312,Bike
2024-11-08,성동구,5279,Bike
2024-11-08,성북구,2806,Bike
2024-11-08,송파구,13227,Bike
2024-11-08,양천구,9322,Bike
2024-11-08,영등포구,13341,Bike
2024-11-08,용산구,2567,Bike
2024-11-08,은평구,3311,Bike
2024-11-08,종로구,5295,Bike
2024-11-08,중구,3625,Bike
2024-11-08,중랑구,3811,Bike
2024-11-09,강남구,3991,Bike
2024-11-09,강동구,5651,Bike
2024-11-09,강북구,1726,Bike
2024-11-09,강서구,13818,Bike
2024-11-09,관악구,2866,Bike
2024-11-09,광진구,6029,Bike
2024-11-09,구로구,4882,Bike
2024-11-09,금천구,1766,Bike
2024-11-09,노원구,7885,Bike
2024-11-09,도봉구,2798,Bike
2024-11-09,동대문구,3557,Bike
2024-11-09,동작구,2461,Bike
2024-11-09,마포구,6336,Bike
2024-11-09,서대문구,2404,Bike
2024-11-09,서초구,3689,Bike
2024-11-09,성동구,4309,Bike
2024-11-09,성북구,2502,Bike
2024-11-09,송파구,12082,Bike
2024-11-09,양천구,8407,Bike
2024-11-09,영등포구,10112,Bike
2024-11-09,용산구,3090,Bike
2024-11-09,은평구,3178,Bike
2024-11-09,종로구,3985,Bike
2024-11-09,중구,2666,Bike
2024-11-09,중랑구,3731,Bike
2024-11-10,강남구,3606,Bike
2024-11-10,강동구,5418,Bike
2024-11-10,강북구,1577,Bike
2024-11-10,강서구,11633,Bike
2024-11-10,관악구,2881,Bike
2024-11-10,광진구,5609,Bike
2024-11-10,구로구,4469,Bike
2024-11-10,금천구,1533,Bike
2024-11-10,노원구,7152,Bike
2024-11-10,도봉구,2651,Bike
2024-11-10,동대문구,3341,Bike
2024-11-10,동작구,2268,Bike
2024-11-10,마포구,6598,Bike
2024-11-10,서대문구,2199,Bike
2024-11-10,서초구,3359,Bike
2024-11-10,성동구,4085,Bike
2024-11-10,성북구,2421,Bike
2024-11-10,송파구,11342,Bike
2024-11-10,양천구,7465,Bike
2024-11-10,영등포구,9539,Bike
2024-11-10,용산구,2771,Bike
2024-11-10,은평구,2937,Bike
2024-11-10,종로구,3414,Bike
2024-11-10,중구,2228,Bike
2024-11-10,중랑구,3499,Bike
2024-11-11,강남구,5219,Bike
2024-11-11,강동구,6457,Bike
2024-11-11,강북구,1916,Bike
2024-11-11,강서구,20134,Bike
2024-11-11,관악구,3063,Bike
2024-11-11,광진구,6799,Bike
2024-11-11,구로구,6676,Bike
2024-11-11,금천구,3244,Bike
2024-11-11,노원구,8951,Bike
2024-11-11,도봉구,3184,Bike
2024-11-11,동대문구,4709,Bike
2024-11-11,동작구,2631,Bike
2024-11-11,마포구,6798,Bike
2024-11-11,서대문구,2726,Bike
2024-11-11,서초구,4408,Bike
2024-11-11,성동구,5597,Bike
2024-11-11,성북구,3005,Bike
2024-11-11,송파구,13804,Bike
2024-11-11,양천구,9613,Bike
2024-11-11,영등포구,14074,Bike
2024-11-11,용산구,2521,Bike
2024-11-11,은평구,3641,Bike
2024-11-11,종로구,5504,Bike
2024-11-11,중구,3844,Bike
2024-11-11,중랑구,4254,Bike
2024-11-12,강남구,5208,Bike
2024-11-12,강동구,6688,Bike
2024-11-12,강북구,1895,Bike
2024-11-12,강서구,20372,Bike
2024-11-12,관악구,3093,Bike
2024-11-12,광진구,6860,Bike
2024-11-12,구로구,6810,Bike
2024-11-12,금천구,3282,Bike
2024-11-12,노원구,9256,Bike
2024-11-12,도봉구,3246,Bike
2024-11-12,동대문구,4981,Bike
2024-11-12,동작구,2684,Bike
2024-11-12,마포구,7008,Bike
2024-11-12,서대문구,2828,Bike
2024-11-12,서초구,4406,Bike
2024-11-12,성동구,5910,Bike
2024-11-12,성북구,3219,Bike
2024-11-12,송파구,14038,Bike
2024-11-12,양천구,9747,Bike
2024-11-12,영등포구,14404,Bike
2024-11-12,용산구,2639,Bike
2024-11-12,은평구,3503,Bike
2024-11-12,종로구,5352,Bike
2024-11-12,중구,3951,Bike
2024-11-12,중랑구,4281,Bike
2024-11-13,강남구,5284,Bike
2024-11-13,강동구,6843,Bike
2024-11-13,강북구,2022,Bike
2024-11-13,강서구,21252,Bike
2024-11-13,관악구,3097,Bike
2024-11-13,광진구,7353,Bike
2024-11-13,구로구,6916,Bike
2024-11-13,금천구,3304,Bike
2024-11-13,노원구,9451,Bike
2024-11-13,도봉구,3396,Bike
2024-11-13,동대문구,5031,Bike
2024-11-13,동작구,2838,Bike
2024-11-13,마포구,7142,Bike
2024-11-13,서대문구,2762,Bike
2024-11-13,서초구,4700,Bike
2024-11-13,성동구,6011,Bike
2024-11-13,성북구,3365,Bike
2024-11-13,송파구,14111,Bike
2024-11-13,양천구,10416,Bike
2024-11-13,영등포구,14513,Bike
2024-11-13,용산구,2800,Bike
2024-11-13,은평구,3573,Bike
2024-11-13,종로구,5476,Bike
2024-11-13,중구,4041,Bike
2024-11-13,중랑구,4613,Bike
2024-11-14,강남구,4356,Bike
2024-11-14,강동구,5858,Bike
2024-11-14,강북구,1759,Bike
2024-11-14,강서구,17968,Bike
2024-11-14,관악구,2752,Bike
2024-11-14,광진구,6281,Bike
2024-11-14,구로구,5774,Bike
2024-11-14,금천구,2888,Bike
2024-11-14,노원구,7748,Bike
2024-11-14,도봉구,2819,Bike
2024-11-14,동대문구,4312,Bike
2024-11-14,동작구,2229,Bike
2024-11-14,마포구,6020,Bike
2024-11-14,서대문구,2479,Bike
2024-11-14,서초구,3876,Bike
2024-11-14,성동구,5243,Bike
2024-11-14,성북구,2773,Bike
2024-11-14,송파구,11990,Bike
2024-11-14,양천구,8503,Bike
2024-11-14,영등포구,12287,Bike
2024-11-14,용산구,2153,Bike
2024-11-14,은평구,3227,Bike
2024-11-14,종로구,4622,Bike
2024-11-14,중구,3280,Bike
2024-11-14,중랑구,3838,Bike
2024-11-15,강남구,5081,Bike
2024-11-15,강동구,6615,Bike
2024-11-15,강북구,2076,Bike
2024-11-15,강서구,20502,Bike
2024-11-15,관악구,2938,Bike
2024-11-15,광진구,7202,Bike
2024-11-15,구로구,6394,Bike
2024-11-15,금천구,3010,Bike
2024-11-15,노원구,9437,Bike
2024-11-15,도봉구,3349,Bike
2024-11-15,동대문구,4721,Bike
2024-11-15,동작구,2643,Bike
2024-11-15,마포구,7375,Bike
2024-11-15,서대문구,2843,Bike
2024-11-15,서초구,4578,Bike
2024-11-15,성동구,6005,Bike
2024-11-15,성북구,3164,Bike
2024-11-15,송파구,13675,Bike
2024-11-15,양천구,9805,Bike
2024-11-15,영등포구,14330,Bike
2024-11-15,용산구,2879,Bike
2024-11-15,은평구,3896,Bike
2024-11-15,종로구,5293,Bike
2024-11-15,중구,3919,Bike
2024-11-15,중랑구,4408,Bike
2024-11-16,강남구,2552,Bike
2024-11-16,강동구,3802,Bike
2024-11-16,강북구,1197,Bike
2024-11-16,강서구,8776,Bike
2024-11-16,관악구,1776,Bike
2024-11-16,광진구,3945,Bike
2024-11-16,구로구,2967,Bike
2024-11-16,금천구,1074,Bike
2024-11-16,노원구,5442,Bike
2024-11-16,도봉구,1911,Bike
2024-11-16,동대문구,2582,Bike
2024-11-16,동작구,1601,Bike
2024-11-16,마포구,3571,Bike
2024-11-16,서대문구,1496,Bike
2024-11-16,서초구,2376,Bike
2024-11-16,성동구,2805,Bike
2024-11-16,성북구,1797,Bike
2024-11-16,송파구,7965,Bike
2024-11-16,양천구,5414,Bike
2024-11-16,영등포구,6403,Bike
2024-11-16,용산구,1553,Bike
2024-11-16,은평구,1990,Bike
2024-11-16,종로구,2216,Bike
2024-11-16,중구,1437,Bike
2024-11-16,중랑구,2473,Bike
2024-11-17,강남구,2322,Bike
2024-11-17,강동구,3829,Bike
2024-11-17,강북구,1172,Bike
2024-11-17,강서구,8133,Bike
2024-11-17,관악구,1958,Bike
2024-11-17,광진구,3855,Bike
2024-11-17,구로구,3074,Bike
2024-11-17,금천구,1001,Bike
2024-11-17,노원구,5515,Bike
2024-11-17,도봉구,1909,Bike
2024-11-17,동대문구,2593,Bike
2024-11-17,동작구,1425,Bike
2024-11-17,마포구,3754,Bike
2024-11-17,서대문구,1592,Bike
2024-11-17,서초구,2129,Bike
2024-11-17,성동구,2557,Bike
2024-11-17,성북구,1787,Bike
2024-11-17,송파구,7561,Bike
2024-11-17,양천구,5224,Bike
2024-11-17,영등포구,6362,Bike
2024-11-17,용산구,1513,Bike
2024-11-17,은평구,2097,Bike
2024-11-17,종로구,2183,Bike
2024-11-17,중구,1289,Bike
2024-11-17,중랑구,2568,Bike
2024-11-18,강남구,3480,Bike
2024-11-18,강동구,4614,Bike
2024-11-18,강북구,1383,Bike
2024-11-18,강서구,14926,Bike
2024-11-18,관악구,2063,Bike
2024-11-18,광진구,4979,Bike
2024-11-18,구로구,4909,Bike
2024-11-18,금천구,2355,Bike
2024-11-18,노원구,6509,Bike
2024-11-18,도봉구,2221,Bike
2024-11-18,동대문구,3330,Bike
2024-11-18,동작구,1749,Bike
2024-11-18,마포구,4392,Bike
2024-11-18,서대문구,1934,Bike
2024-11-18,서초구,3078,Bike
2024-11-18,성동구,4047,Bike
2024-11-18,성북구,2134,Bike
2024-11-18,송파구,9467,Bike
2024-11-18,양천구,6800,Bike
2024-11-18,영등포구,9827,Bike
2024-11-18,용산구,1642,Bike
2024-11-18,은평구,2444,Bike
2024-11-18,종로구,3839,Bike
2024-11-18,중구,2694,Bike
2024-11-18,중랑구,3052,Bike
2024-11-19,강남구,4189,Bike
2024-11-19,강동구,5169,Bike
2024-11-19,강북구,1538,Bike
2024-11-19,강서구,16713,Bike
2024-11-19,관악구,2369,Bike
2024-11-19,광진구,5555,Bike
2024-11-19,구로구,5409,Bike
2024-11-19,금천구,2621,Bike
2024-11-19,노원구,7456,Bike
2024-11-19,도봉구,2530,Bike
2024-11-19,동대문구,3854,Bike
2024-11-19,동작구,2017,Bike
2024-11-19,마포구,5227,Bike
2024-11-19,서대문구,2139,Bike
2024-11-19,서초구,3593,Bike
2024-11-19,성동구,4666,Bike
2024-11-19,성북구,2451,Bike
2024-11-19,송파구,10948,Bike
2024-11-19,양천구,7707,Bike
2024-11-19,영등포구,11104,Bike
2024-11-19,용산구,2028,Bike
2024-11-19,은평구,2657,Bike
2024-11-19,종로구,4312,Bike
2024-11-19,중구,3140,Bike
2024-11-19,중랑구,3355,Bike
2024-11-20,강남구,4076,Bike
2024-11-20,강동구,5210,Bike
2024-11-20,강북구,1567,Bike
2024-11-20,강서구,16986,Bike
2024-11-20,관악구,2074,Bike
2024-11-20,광진구,5773,Bike
2024-11-20,구로구,4796,Bike
2024-11-20,금천구,2322,Bike
2024-11-20,노원구,7814,Bike
2024-11-20,도봉구,2654,Bike
2024-11-20,동대문구,3979,Bike
2024-11-20,동작구,1865,Bike
2024-11-20,마포구,5280,Bike
2024-11-20,서대문구,2090,Bike
2024-11-20,서초구,3372,Bike
2024-11-20,성동구,4653,Bike
2024-11-20,성북구,2577,Bike
2024-11-20,송파구,10894,Bike
2024-11-20,양천구,7324,Bike
2024-11-20,영등포구,10583,Bike
2024-11-20,용산구,2010,Bike
2024-11-20,은평구,2804,Bike
2024-11-20,종로구,4595,Bike
2024-11-20,중구,3385,Bike
2024-11-20,중랑구,3441,Bike
2024-11-21,강남구,3838,Bike
2024-11-21,강동구,5474,Bike
2024-11-21,강북구,1623,Bike
2024-11-21,강서구,17391,Bike
2024-11-21,관악구,2247,Bike
2024-11-21,광진구,5932,Bike
2024-11-21,구로구,5096,Bike
2024-11-21,금천구,2486,Bike
2024-11-21,노원구,8092,Bike
2024-11-21,도봉구,2612,Bike
2024-11-21,동대문구,4093,Bike
2024-11-21,동작구,1950,Bike
2024-11-21,마포구,5552,Bike
2024-11-21,서대문구,2324,Bike
2024-11-21,서초구,3328,Bike
2024-11-21,성동구,4851,Bike
2024-11-21,성북구,2612,Bike
2024-11-21,송파구,10593,Bike
2024-11-21,양천구,7627,Bike
2024-11-21,영등포구,10974,Bike
2024-11-21,용산구,2141,Bike
2024-11-21,은평구,2907,Bike
2024-11-21,종로구,4700,Bike
2024-11-21,중구,3353,Bike
2024-11-21,중랑구,3603,Bike
2024-11-22,강남구,4175,Bike
2024-11-22,강동구,5441,Bike
2024-11-22,강북구,1567,Bike
2024-11-22,강서구,17025,Bike
2024-11-22,관악구,2406,Bike
2024-11-22,광진구,5494,Bike
2024-11-22,구로구,5460,Bike
2024-11-22,금천구,2630,Bike
2024-11-22,노원구,7831,Bike
2024-11-22,도봉구,2731,Bike
2024-11-22,동대문구,4031,Bike
2024-11-22,동작구,1998,Bike
2024-11-22,마포구,5283,Bike
2024-11-22,서대문구,2221,Bike
2024-11-22,서초구,3579,Bike
2024-11-22,성동구,4686,Bike
2024-11-22,성북구,2457,Bike
2024-11-22,송파구,11010,Bike
2024-11-22,양천구,8102,Bike
2024-11-22,영등포구,11188,Bike
2024-11-22,용산구,2145,Bike
2024-11-22,은평구,2829,Bike
2024-11-22,종로구,4535,Bike
2024-11-22,중구,3125,Bike
2024-11-22,중랑구,3456,Bike
2024-11-23,강남구,2960,Bike
2024-11-23,강동구,4221,Bike
2024-11-23,강북구,1368,Bike
2024-11-23,강서구,10890,Bike
2024-11-23,관악구,2196,Bike
2024-11-23,광진구,4482,Bike
2024-11-23,구로구,3767,Bike
2024-11-23,금천구,1420,Bike
2024-11-23,노원구,6351,Bike
2024-11-23,도봉구,2212,Bike
2024-11-23,동대문구,2952,Bike
2024-11-23,동작구,1829,Bike
2024-11-23,마포구,4339,Bike
2024-11-23,서대문구,1763,Bike
2024-11-23,서초구,2677,Bike
2024-11-23,성동구,3254,Bike
2024-11-23,성북구,1926,Bike
2024-11-23,송파구,8838,Bike
2024-11-23,양천구,6506,Bike
2024-11-23,영등포구,7682,Bike
2024-11-23,용산구,1882,Bike
2024-11-23,은평구,2484,Bike
2024-11-23,종로구,2721,Bike
2024-11-23,중구,1926,Bike
2024-11-23,중랑구,2933,Bike
2024-11-24,강남구,2700,Bike
2024-11-24,강동구,3785,Bike
2024-11-24,강북구,1252,Bike
2024-11-24,강서구,9223,Bike
2024-11-24,관악구,1998,Bike
2024-11-24,광진구,4148,Bike
2024-11-24,구로구,3452,Bike
2024-11-24,금천구,1170,Bike
2024-11-24,노원구,5775,Bike
2024-11-24,도봉구,1881,Bike
2024-11-24,동대문구,2688,Bike
2024-11-24,동작구,1643,Bike
2024-11-24,마포구,4256,Bike
2024-11-24,서대문구,1683,Bike
2024-11-24,서초구,2410,Bike
2024-11-24,성동구,2980,Bike
2024-11-24,성북구,1830,Bike
2024-11-24,송파구,8215,Bike
2024-11-24,양천구,5916,Bike
2024-11-24,영등포구,6755,Bike
2024-11-24,용산구,1849,Bike
2024-11-24,은평구,2159,Bike
2024-11-24,종로구,2599,Bike
2024-11-24,중구,1734,Bike
2024-11-24,중랑구,2504,Bike
2024-11-25,강남구,4356,Bike
2024-11-25,강동구,5309,Bike
2024-11-25,강북구,1656,Bike
2024-11-25,강서구,17483,Bike
2024-11-25,관악구,2501,Bike
2024-11-25,광진구,5539,Bike
2024-11-25,구로구,5612,Bike
2024-11-25,금천구,2725,Bike
2024-11-25,노원구,7959,Bike
2024-11-25,도봉구,2710,Bike
2024-11-25,동대문구,3986,Bike
2024-11-25,동작구,2169,Bike
2024-11-25,마포구,5543,Bike
2024-11-25,서대문구,2252,Bike
2024-11-25,서초구,3562,Bike
2024-11-25,성동구,4886,Bike
2024-11-25,성북구,2602,Bike
2024-11-25,송파구,11083,Bike
2024-11-25,양천구,8168,Bike
2024-11-25,영등포구,11873,Bike
2024-11-25,용산구,2131,Bike
2024-11-25,은평구,2874,Bike
2024-11-25,종로구,4572,Bike
2024-11-25,중구,3374,Bike
2024-11-25,중랑구,3528,Bike
2024-11-26,강남구,1050,Bike
2024-11-26,강동구,1338,Bike
2024-11-26,강북구,363,Bike
2024-11-26,강서구,5435,Bike
2024-11-26,관악구,646,Bike
2024-11-26,광진구,1686,Bike
2024-11-26,구로구,1594,Bike
2024-11-26,금천구,744,Bike
2024-11-26,노원구,2043,Bike
2024-11-26,도봉구,667,Bike
2024-11-26,동대문구,1087,Bike
2024-11-26,동작구,498,Bike
2024-11-26,마포구,1482,Bike
2024-11-26,서대문구,601,Bike
2024-11-26,서초구,871,Bike
2024-11-26,성동구,1316,Bike
2024-11-26,성북구,740,Bike
2024-11-26,송파구,2618,Bike
2024-11-26,양천구,2280,Bike
2024-11-26,영등포구,3379,Bike
2024-11-26,용산구,520,Bike
2024-11-26,은평구,689,Bike
2024-11-26,종로구,1299,Bike
2024-11-26,중구,934,Bike
2024-11-26,중랑구,900,Bike
2024-11-27,강남구,557,Bike
2024-11-27,강동구,758,Bike
2024-11-27,강북구,285,Bike
2024-11-27,강서구,2424,Bike
2024-11-27,관악구,261,Bike
2024-11-27,광진구,1115,Bike
2024-11-27,구로구,826,Bike
2024-11-27,금천구,367,Bike
2024-11-27,노원구,1856,Bike
2024-11-27,도봉구,664,Bike
2024-11-27,동대문구,752,Bike
2024-11-27,동작구,222,Bike
2024-11-27,마포구,737,Bike
2024-11-27,서대문구,323,Bike
2024-11-27,서초구,426,Bike
2024-11-27,성동구,912,Bike
2024-11-27,성북구,480,Bike
2024-11-27,송파구,1484,Bike
2024-11-27,양천구,1497,Bike
2024-11-27,영등포구,2060,Bike
2024-11-27,용산구,300,Bike
2024-11-27,은평구,401,Bike
2024-11-27,종로구,645,Bike
2024-11-27,중구,465,Bike
2024-11-27,중랑구,723,Bike
2024-11-28,강남구,949,Bike
2024-11-28,강동구,1846,Bike
2024-11-28,강북구,672,Bike
2024-11-28,강서구,5372,Bike
2024-11-28,관악구,557,Bike
2024-11-28,광진구,2321,Bike
2024-11-28,구로구,1448,Bike
2024-11-28,금천구,547,Bike
2024-11-28,노원구,3575,Bike
2024-11-28,도봉구,1338,Bike
2024-11-28,동대문구,1649,Bike
2024-11-28,동작구,462,Bike
2024-11-28,마포구,1807,Bike
2024-11-28,서대문구,719,Bike
2024-11-28,서초구,749,Bike
2024-11-28,성동구,1776,Bike
2024-11-28,성북구,1021,Bike
2024-11-28,송파구,2906,Bike
2024-11-28,양천구,2792,Bike
2024-11-28,영등포구,3720,Bike
2024-11-28,용산구,671,Bike
2024-11-28,은평구,1130,Bike
2024-11-28,종로구,1553,Bike
2024-11-28,중구,1149,Bike
2024-11-28,중랑구,1497,Bike
2024-11-29,강남구,1975,Bike
2024-11-29,강동구,3138,Bike
2024-11-29,강북구,947,Bike
2024-11-29,강서구,10112,Bike
2024-11-29,관악구,1175,Bike
2024-11-29,광진구,3609,Bike
2024-11-29,구로구,2951,Bike
2024-11-29,금천구,1184,Bike
2024-11-29,노원구,5076,Bike
2024-11-29,도봉구,1711,Bike
2024-11-29,동대문구,2425,Bike
2024-11-29,동작구,1019,Bike
2024-11-29,마포구,3098,Bike
2024-11-29,서대문구,1299,Bike
2024-11-29,서초구,1504,Bike
2024-11-29,성동구,2791,Bike
2024-11-29,성북구,1545,Bike
2024-11-29,송파구,5467,Bike
2024-11-29,양천구,4933,Bike
2024-11-29,영등포구,7001,Bike
2024-11-29,용산구,1246,Bike
2024-11-29,은평구,1684,Bike
2024-11-29,종로구,2666,Bike
2024-11-29,중구,1882,Bike
2024-11-29,중랑구,2193,Bike
2024-11-30,강남구,1634,Bike
2024-11-30,강동구,2618,Bike
2024-11-30,강북구,806,Bike
2024-11-30,강서구,7070,Bike
2024-11-30,관악구,1290,Bike
2024-11-30,광진구,2664,Bike
2024-11-30,구로구,2295,Bike
2024-11-30,금천구,851,Bike
2024-11-30,노원구,3823,Bike
2024-11-30,도봉구,1388,Bike
2024-11-30,동대문구,1804,Bike
2024-11-30,동작구,996,Bike
2024-11-30,마포구,2556,Bike
2024-11-30,서대문구,974,Bike
2024-11-30,서초구,1509,Bike
2024-11-30,성동구,2017,Bike
2024-11-30,성북구,1221,Bike
2024-11-30,송파구,4880,Bike
2024-11-30,양천구,4206,Bike
2024-11-30,영등포구,4885,Bike
2024-11-30,용산구,1101,Bike
2024-11-30,은평구,1398,Bike
2024-11-30,종로구,1680,Bike
2024-11-30,중구,1093,Bike
2024-11-30,중랑구,1736,Bike
2024-12-01,강남구,1659,Bike
2024-12-01,강동구,2700,Bike
2024-12-01,강북구,878,Bike
2024-12-01,강서구,6660,Bike
2024-12-01,관악구,1325,Bike
2024-12-01,광진구,2746,Bike
2024-12-01,구로구,2374,Bike
2024-12-01,금천구,767,Bike
2024-12-01,노원구,4078,Bike
2024-12-01,도봉구,1399,Bike
2024-12-01,동대문구,1854,Bike
2024-12-01,동작구,1025,Bike
2024-12-01,마포구,2589,Bike
2024-12-01,서대문구,1085,Bike
2024-12-01,서초구,1532,Bike
2024-12-01,성동구,2021,Bike
2024-12-01,성북구,1316,Bike
2024-12-01,송파구,5230,Bike
2024-12-01,양천구,4427,Bike
2024-12-01,영등포구,4923,Bike
2024-12-01,용산구,1166,Bike
2024-12-01,은평구,1458,Bike
2024-12-01,종로구,1664,Bike
2024-12-01,중구,1091,Bike
2024-12-01,중랑구,1807,Bike
2024-12-02,강남구,3131,Bike
2024-12-02,강동구,4101,Bike
2024-12-02,강북구,1180,Bike
2024-12-02,강서구,13746,Bike
2024-12-02,관악구,1830,Bike
2024-12-02,광진구,4327,Bike
2024-12-02,구로구,4354,Bike
2024-12-02,금천구,2063,Bike
2024-12-02,노원구,6074,Bike
2024-12-02,도봉구,2117,Bike
2024-12-02,동대문구,2955,Bike
2024-12-02,동작구,1542,Bike
2024-12-02,마포구,4170,Bike
2024-12-02,서대문구,1733,Bike
2024-12-02,서초구,2722,Bike
2024-12-02,성동구,3760,Bike
2024-12-02,성북구,2104,Bike
2024-12-02,송파구,8473,Bike
2024-12-02,양천구,6365,Bike
2024-12-02,영등포구,9199,Bike
2024-12-02,용산구,1579,Bike
2024-12-02,은평구,2287,Bike
2024-12-02,종로구,3634,Bike
2024-12-02,중구,2716,Bike
2024-12-02,중랑구,2655,Bike
2024-12-03,강남구,2845,Bike
2024-12-03,강동구,3912,Bike
2024-12-03,강북구,1139,Bike
2024-12-03,강서구,13217,Bike
2024-12-03,관악구,1732,Bike
2024-12-03,광진구,4345,Bike
2024-12-03,구로구,4089,Bike
2024-12-03,금천구,2040,Bike
2024-12-03,노원구,5955,Bike
2024-12-03,도봉구,1939,Bike
2024-12-03,동대문구,2998,Bike
2024-12-03,동작구,1475,Bike
2024-12-03,마포구,3861,Bike
2024-12-03,서대문구,1642,Bike
2024-12-03,서초구,2489,Bike
2024-12-03,성동구,3479,Bike
2024-12-03,성북구,1969,Bike
2024-12-03,송파구,7847,Bike
2024-12-03,양천구,5837,Bike
2024-12-03,영등포구,8629,Bike
2024-12-03,용산구,1519,Bike
2024-12-03,은평구,2079,Bike
2024-12-03,종로구,3285,Bike
2024-12-03,중구,2339,Bike
2024-12-03,중랑구,2598,Bike
2024-12-04,강남구,2890,Bike
2024-12-04,강동구,4061,Bike
2024-12-04,강북구,1219,Bike
2024-12-04,강서구,13669,Bike
2024-12-04,관악구,1895,Bike
2024-12-04,광진구,4445,Bike
2024-12-04,구로구,4189,Bike
2024-12-04,금천구,1988,Bike
2024-12-04,노원구,5952,Bike
2024-12-04,도봉구,2015,Bike
2024-12-04,동대문구,2992,Bike
2024-12-04,동작구,1528,Bike
2024-12-04,마포구,3949,Bike
2024-12-04,서대문구,1704,Bike
2024-12-04,서초구,2444,Bike
2024-12-04,성동구,3529,Bike
2024-12-04,성북구,2046,Bike
2024-12-04,송파구,8096,Bike
2024-12-04,양천구,6251,Bike
2024-12-04,영등포구,9035,Bike
2024-12-04,용산구,1520,Bike
2024-12-04,은평구,2087,Bike
2024-12-04,종로구,3363,Bike
2024-12-04,중구,2479,Bike
2024-12-04,중랑구,2555,Bike
2024-12-05,강남구,2582,Bike
2024-12-05,강동구,3358,Bike
2024-12-05,강북구,1039,Bike
2024-12-05,강서구,11593,Bike
2024-12-05,관악구,1577,Bike
2024-12-05,광진구,3749,Bike
2024-12-05,구로구,3635,Bike
2024-12-05,금천구,1775,Bike
2024-12-05,노원구,5413,Bike
2024-12-05,도봉구,1846,Bike
2024-12-05,동대문구,2571,Bike
2024-12-05,동작구,1309,Bike
2024-12-05,마포구,3292,Bike
2024-12-05,서대문구,1570,Bike
2024-12-05,서초구,2195,Bike
2024-12-05,성동구,3049,Bike
2024-12-05,성북구,1754,Bike
2024-12-05,송파구,6908,Bike
2024-12-05,양천구,5104,Bike
2024-12-05,영등포구,7435,Bike
2024-12-05,용산구,1253,Bike
2024-12-05,은평구,1940,Bike
2024-12-05,종로구,2932,Bike
2024-12-05,중구,2145,Bike
2024-12-05,중랑구,2283,Bike
2024-12-06,강남구,2805,Bike
2024-12-06,강동구,3919,Bike
2024-12-06,강북구,1167,Bike
2024-12-06,강서구,12558,Bike
2024-12-06,관악구,1644,Bike
2024-12-06,광진구,3766,Bike
2024-12-06,구로구,4169,Bike
2024-12-06,금천구,2005,Bike
2024-12-06,노원구,5855,Bike
2024-12-06,도봉구,1954,Bike
2024-12-06,동대문구,2877,Bike
2024-12-06,동작구,1392,Bike
2024-12-06,마포구,3749,Bike
2024-12-06,서대문구,1636,Bike
2024-12-06,서초구,2455,Bike
2024-12-06,성동구,3448,Bike
2024-12-06,성북구,1928,Bike
2024-12-06,송파구,7821,Bike
2024-12-06,양천구,6031,Bike
2024-12-06,영등포구,8581,Bike
2024-12-06,용산구,1423,Bike
2024-12-06,은평구,1974,Bike
2024-12-06,종로구,3361,Bike
2024-12-06,중구,2421,Bike
2024-12-06,중랑구,2405,Bike
2024-12-07,강남구,1694,Bike
2024-12-07,강동구,2830,Bike
2024-12-07,강북구,911,Bike
2024-12-07,강서구,7580,Bike
2024-12-07,관악구,1464,Bike
2024-12-07,광진구,2775,Bike
2024-12-07,구로구,2727,Bike
2024-12-07,금천구,960,Bike
2024-12-07,노원구,4264,Bike
2024-12-07,도봉구,1423,Bike
2024-12-07,동대문구,1952,Bike
2024-12-07,동작구,1805,Bike
2024-12-07,마포구,3183,Bike
2024-12-07,서대문구,1273,Bike
2024-12-07,서초구,1806,Bike
2024-12-07,성동구,1959,Bike
2024-12-07,성북구,1368,Bike
2024-12-07,송파구,5348,Bike
2024-12-07,양천구,4557,Bike
2024-12-07,영등포구,8027,Bike
2024-12-07,용산구,1133,Bike
2024-12-07,은평구,1574,Bike
2024-12-07,종로구,1751,Bike
2024-12-07,중구,1071,Bike
2024-12-07,중랑구,1987,Bike
2024-12-08,강남구,1420,Bike
2024-12-08,강동구,2197,Bike
2024-12-08,강북구,847,Bike
2024-12-08,강서구,5745,Bike
2024-12-08,관악구,1091,Bike
2024-12-08,광진구,2363,Bike
2024-12-08,구로구,2158,Bike
2024-12-08,금천구,665,Bike
2024-12-08,노원구,3606,Bike
2024-12-08,도봉구,1272,Bike
2024-12-08,동대문구,1608,Bike
2024-12-08,동작구,899,Bike
2024-12-08,마포구,2211,Bike
2024-12-08,서대문구,892,Bike
2024-12-08,서초구,1264,Bike
2024-12-08,성동구,1633,Bike
2024-12-08,성북구,1189,Bike
2024-12-08,송파구,4364,Bike
2024-12-08,양천구,3630,Bike
2024-12-08,영등포구,4321,Bike
2024-12-08,용산구,918,Bike
2024-12-08,은평구,1281,Bike
2024-12-08,종로구,1373,Bike
2024-12-08,중구,904,Bike
2024-12-08,중랑구,1532,Bike
2024-12-09,강남구,2641,Bike
2024-12-09,강동구,3498,Bike
2024-12-09,강북구,1113,Bike
2024-12-09,강서구,12614,Bike
2024-12-09,관악구,1641,Bike
2024-12-09,광진구,4035,Bike
2024-12-09,구로구,3808,Bike
2024-12-09,금천구,1948,Bike
2024-12-09,노원구,5479,Bike
2024-12-09,도봉구,1802,Bike
2024-12-09,동대문구,2834,Bike
2024-12-09,동작구,1432,Bike
2024-12-09,마포구,3758,Bike
2024-12-09,서대문구,1387,Bike
2024-12-09,서초구,2295,Bike
2024-12-09,성동구,3235,Bike
2024-12-09,성북구,1834,Bike
2024-12-09,송파구,7672,Bike
2024-12-09,양천구,5642,Bike
2024-12-09,영등포구,8317,Bike
2024-12-09,용산구,1393,Bike
2024-12-09,은평구,1950,Bike
2024-12-09,종로구,3148,Bike
2024-12-09,중구,2334,Bike
2024-12-09,중랑구,2362,Bike
2024-12-10,강남구,2717,Bike
2024-12-10,강동구,3841,Bike
2024-12-10,강북구,1165,Bike
2024-12-10,강서구,13347,Bike
2024-12-10,관악구,1748,Bike
2024-12-10,광진구,4377,Bike
2024-12-10,구로구,4176,Bike
2024-12-10,금천구,2078,Bike
2024-12-10,노원구,5895,Bike
2024-12-10,도봉구,1806,Bike
2024-12-10,동대문구,3029,Bike
2024-12-10,동작구,1421,Bike
2024-12-10,마포구,3914,Bike
2024-12-10,서대문구,1589,Bike
2024-12-10,서초구,2440,Bike
2024-12-10,성동구,3606,Bike
2024-12-10,성북구,1915,Bike
2024-12-10,송파구,8116,Bike
2024-12-10,양천구,5883,Bike
2024-12-10,영등포구,8850,Bike
2024-12-10,용산구,1479,Bike
2024-12-10,은평구,2077,Bike
2024-12-10,종로구,3265,Bike
2024-12-10,중구,2483,Bike
2024-12-10,중랑구,2648,Bike
2024-12-11,강남구,2924,Bike
2024-12-11,강동구,4024,Bike
2024-12-11,강북구,1242,Bike
2024-12-11,강서구,13356,Bike
2024-12-11,관악구,1883,Bike
2024-12-11,광진구,4580,Bike
2024-12-11,구로구,4212,Bike
2024-12-11,금천구,2071,Bike
2024-12-11,노원구,6145,Bike
2024-12-11,도봉구,1954,Bike
2024-12-11,동대문구,3081,Bike
2024-12-11,동작구,1592,Bike
2024-12-11,마포구,4077,Bike
2024-12-11,서대문구,1715,Bike
2024-12-11,서초구,2519,Bike
2024-12-11,성동구,3603,Bike
2024-12-11,성북구,2029,Bike
2024-12-11,송파구,8407,Bike
2024-12-11,양천구,6221,Bike
2024-12-11,영등포구,8915,Bike
2024-12-11,용산구,1550,Bike
2024-12-11,은평구,2254,Bike
2024-12-11,종로구,3417,Bike
2024-12-11,중구,2542,Bike
2024-12-11,중랑구,2712,Bike
2024-12-12,강남구,2708,Bike
2024-12-12,강동구,3912,Bike
2024-12-12,강북구,1144,Bike
2024-12-12,강서구,12709,Bike
2024-12-12,관악구,1658,Bike
2024-12-12,광진구,4249,Bike
2024-12-12,구로구,3878,Bike
2024-12-12,금천구,1903,Bike
2024-12-12,노원구,5792,Bike
2024-12-12,도봉구,1844,Bike
2024-12-12,동대문구,2808,Bike
2024-12-12,동작구,1381,Bike
2024-12-12,마포구,3760,Bike
2024-12-12,서대문구,1592,Bike
2024-12-12,서초구,2239,Bike
2024-12-12,성동구,3467,Bike
2024-12-12,성북구,1817,Bike
2024-12-12,송파구,7972,Bike
2024-12-12,양천구,5761,Bike
2024-12-12,영등포구,8419,Bike
2024-12-12,용산구,1489,Bike
2024-12-12,은평구,2019,Bike
2024-12-12,종로구,3172,Bike
2024-12-12,중구,2334,Bike
2024-12-12,중랑구,2488,Bike
2024-12-13,강남구,2727,Bike
2024-12-13,강동구,3790,Bike
2024-12-13,강북구,1161,Bike
2024-12-13,강서구,12403,Bike
2024-12-13,관악구,1717,Bike
2024-12-13,광진구,3988,Bike
2024-12-13,구로구,3793,Bike
2024-12-13,금천구,1797,Bike
2024-12-13,노원구,5568,Bike
2024-12-13,도봉구,1782,Bike
2024-12-13,동대문구,2781,Bike
2024-12-13,동작구,1386,Bike
2024-12-13,마포구,3605,Bike
2024-12-13,서대문구,1565,Bike
2024-12-13,서초구,2346,Bike
2024-12-13,성동구,3257,Bike
2024-12-13,성북구,1697,Bike
2024-12-13,송파구,7616,Bike
2024-12-13,양천구,5800,Bike
2024-12-13,영등포구,8382,Bike
2024-12-13,용산구,1397,Bike
2024-12-13,은평구,1980,Bike
2024-12-13,종로구,2963,Bike
2024-12-13,중구,2181,Bike
2024-12-13,중랑구,2476,Bike
2024-12-14,강남구,1662,Bike
2024-12-14,강동구,2688,Bike
2024-12-14,강북구,895,Bike
2024-12-14,강서구,7316,Bike
2024-12-14,관악구,1313,Bike
2024-12-14,광진구,2812,Bike
2024-12-14,구로구,2559,Bike
2024-12-14,금천구,923,Bike
2024-12-14,노원구,3997,Bike
2024-12-14,도봉구,1333,Bike
2024-12-14,동대문구,1932,Bike
2024-12-14,동작구,1546,Bike
2024-12-14,마포구,3313,Bike
2024-12-14,서대문구,1059,Bike
2024-12-14,서초구,1672,Bike
2024-12-14,성동구,1866,Bike
2024-12-14,성북구,1276,Bike
2024-12-14,송파구,5076,Bike
2024-12-14,양천구,4216,Bike
2024-12-14,영등포구,8878,Bike
2024-12-14,용산구,1109,Bike
2024-12-14,은평구,1527,Bike
2024-12-14,종로구,1597,Bike
2024-12-14,중구,1093,Bike
2024-12-14,중랑구,1776,Bike
2024-12-15,강남구,1507,Bike
2024-12-15,강동구,2334,Bike
2024-12-15,강북구,799,Bike
2024-12-15,강서구,5787,Bike
2024-12-15,관악구,1279,Bike
2024-12-15,광진구,2591,Bike
2024-12-15,구로구,2107,Bike
2024-12-15,금천구,674,Bike
2024-12-15,노원구,3688,Bike
2024-12-15,도봉구,1156,Bike
2024-12-15,동대문구,1690,Bike
2024-12-15,동작구,980,Bike
2024-12-15,마포구,2387,Bike
2024-12-15,서대문구,1042,Bike
2024-12-15,서초구,1281,Bike
2024-12-15,성동구,1581,Bike
2024-12-15,성북구,1092,Bike
2024-12-15,송파구,4425,Bike
2024-12-15,양천구,3579,Bike
2024-12-15,영등포구,4191,Bike
2024-12-15,용산구,1004,Bike
2024-12-15,은평구,1273,Bike
2024-12-15,종로구,1391,Bike
2024-12-15,중구,991,Bike
2024-12-15,중랑구,1648,Bike
2024-12-16,강남구,2149,Bike
2024-12-16,강동구,2874,Bike
2024-12-16,강북구,1012,Bike
2024-12-16,강서구,11323,Bike
2024-12-16,관악구,1379,Bike
2024-12-16,광진구,3487,Bike
2024-12-16,구로구,3346,Bike
2024-12-16,금천구,1531,Bike
2024-12-16,노원구,4677,Bike
2024-12-16,도봉구,1433,Bike
2024-12-16,동대문구,2488,Bike
2024-12-16,동작구,1110,Bike
2024-12-16,마포구,3268,Bike
2024-12-16,서대문구,1377,Bike
2024-12-16,서초구,1856,Bike
2024-12-16,성동구,3015,Bike
2024-12-16,성북구,1574,Bike
2024-12-16,송파구,6115,Bike
2024-12-16,양천구,5260,Bike
2024-12-16,영등포구,7612,Bike
2024-12-16,용산구,1198,Bike
2024-12-16,은평구,1664,Bike
2024-12-16,종로구,2791,Bike
2024-12-16,중구,2028,Bike
2024-12-16,중랑구,2155,Bike
2024-12-17,강남구,2388,Bike
2024-12-17,강동구,3245,Bike
2024-12-17,강북구,1128,Bike
2024-12-17,강서구,11912,Bike
2024-12-17,관악구,1487,Bike
2024-12-17,광진구,3731,Bike
2024-12-17,구로구,3645,Bike
2024-12-17,금천구,1746,Bike
2024-12-17,노원구,5133,Bike
2024-12-17,도봉구,1562,Bike
2024-12-17,동대문구,2559,Bike
2024-12-17,동작구,1273,Bike
2024-12-17,마포구,3463,Bike
2024-12-17,서대문구,1394,Bike
2024-12-17,서초구,2202,Bike
2024-12-17,성동구,3149,Bike
2024-12-17,성북구,1685,Bike
2024-12-17,송파구,6859,Bike
2024-12-17,양천구,5339,Bike
2024-12-17,영등포구,7728,Bike
2024-12-17,용산구,1272,Bike
2024-12-17,은평구,1815,Bike
2024-12-17,종로구,3030,Bike
2024-12-17,중구,2068,Bike
2024-12-17,중랑구,2270,Bike
2024-12-18,강남구,2181,Bike
2024-12-18,강동구,3036,Bike
2024-12-18,강북구,944,Bike
2024-12-18,강서구,10720,Bike
2024-12-18,관악구,1389,Bike
2024-12-18,광진구,3517,Bike
2024-12-18,구로구,3277,Bike
2024-12-18,금천구,1681,Bike
2024-12-18,노원구,4886,Bike
2024-12-18,도봉구,1544,Bike
2024-12-18,동대문구,2499,Bike
2024-12-18,동작구,1111,Bike
2024-12-18,마포구,3062,Bike
2024-12-18,서대문구,1285,Bike
2024-12-18,서초구,2033,Bike
2024-12-18,성동구,2799,Bike
2024-12-18,성북구,1559,Bike
2024-12-18,송파구,6377,Bike
2024-12-18,양천구,4693,Bike
2024-12-18,영등포구,6908,Bike
2024-12-18,용산구,1130,Bike
2024-12-18,은평구,1614,Bike
2024-12-18,종로구,2655,Bike
2024-12-18,중구,1967,Bike
2024-12-18,중랑구,2072,Bike
2024-12-19,강남구,2387,Bike
2024-12-19,강동구,3229,Bike
2024-12-19,강북구,1051,Bike
2024-12-19,강서구,11150,Bike
2024-12-19,관악구,1434,Bike
2024-12-19,광진구,3499,Bike
2024-12-19,구로구,3359,Bike
2024-12-19,금천구,1679,Bike
2024-12-19,노원구,4883,Bike
2024-12-19,도봉구,1591,Bike
2024-12-19,동대문구,2523,Bike
2024-12-19,동작구,1150,Bike
2024-12-19,마포구,3271,Bike
2024-12-19,서대문구,1334,Bike
2024-12-19,서초구,2151,Bike
2024-12-19,성동구,3035,Bike
2024-12-19,성북구,1569,Bike
2024-12-19,송파구,6768,Bike
2024-12-19,양천구,5022,Bike
2024-12-19,영등포구,7200,Bike
2024-12-19,용산구,1152,Bike
2024-12-19,은평구,1678,Bike
2024-12-19,종로구,2802,Bike
2024-12-19,중구,2007,Bike
2024-12-19,중랑구,2187,Bike
2024-12-20,강남구,2300,Bike
2024-12-20,강동구,3342,Bike
2024-12-20,강북구,987,Bike
2024-12-20,강서구,11259,Bike
2024-12-20,관악구,1428,Bike
2024-12-20,광진구,3602,Bike
2024-12-20,구로구,3455,Bike
2024-12-20,금천구,1650,Bike
2024-12-20,노원구,5094,Bike
2024-12-20,도봉구,1636,Bike
2024-12-20,동대문구,2551,Bike
2024-12-20,동작구,1239,Bike
2024-12-20,마포구,3377,Bike
2024-12-20,서대문구,1333,Bike
2024-12-20,서초구,2051,Bike
2024-12-20,성동구,3014,Bike
2024-12-20,성북구,1562,Bike
2024-12-20,송파구,6631,Bike
2024-12-20,양천구,5041,Bike
2024-12-20,영등포구,7370,Bike
2024-12-20,용산구,1195,Bike
2024-12-20,은평구,1756,Bike
2024-12-20,종로구,2911,Bike
2024-12-20,중구,1964,Bike
2024-12-20,중랑구,2191,Bike
2024-12-21,강남구,1046,Bike
2024-12-21,강동구,1682,Bike
2024-12-21,강북구,592,Bike
2024-12-21,강서구,4962,Bike
2024-12-21,관악구,804,Bike
2024-12-21,광진구,1806,Bike
2024-12-21,구로구,1623,Bike
2024-12-21,금천구,621,Bike
2024-12-21,노원구,2894,Bike
2024-12-21,도봉구,955,Bike
2024-12-21,동대문구,1298,Bike
2024-12-21,동작구,681,Bike
2024-12-21,마포구,1706,Bike
2024-12-21,서대문구,703,Bike
2024-12-21,서초구,1020,Bike
2024-12-21,성동구,1237,Bike
2024-12-21,성북구,792,Bike
2024-12-21,송파구,3132,Bike
2024-12-21,양천구,3000,Bike
2024-12-21,영등포구,3369,Bike
2024-12-21,용산구,651,Bike
2024-12-21,은평구,1029,Bike
2024-12-21,종로구,1267,Bike
2024-12-21,중구,784,Bike
2024-12-21,중랑구,1159,Bike
2024-12-22,강남구,960,Bike
2024-12-22,강동구,1699,Bike
2024-12-22,강북구,652,Bike
2024-12-22,강서구,4656,Bike
2024-12-22,관악구,883,Bike
2024-12-22,광진구,1891,Bike
2024-12-22,구로구,1596,Bike
2024-12-22,금천구,547,Bike
2024-12-22,노원구,2674,Bike
2024-12-22,도봉구,897,Bike
2024-12-22,동대문구,1298,Bike
2024-12-22,동작구,670,Bike
2024-12-22,마포구,1741,Bike
2024-12-22,서대문구,771,Bike
2024-12-22,서초구,955,Bike
2024-12-22,성동구,1272,Bike
2024-12-22,성북구,805,Bike
2024-12-22,송파구,3089,Bike
2024-12-22,양천구,2760,Bike
2024-12-22,영등포구,3167,Bike
2024-12-22,용산구,663,Bike
2024-12-22,은평구,888,Bike
2024-12-22,종로구,1020,Bike
2024-12-22,중구,722,Bike
2024-12-22,중랑구,1192,Bike
2024-12-23,강남구,2265,Bike
2024-12-23,강동구,2943,Bike
2024-12-23,강북구,920,Bike
2024-12-23,강서구,10513,Bike
2024-12-23,관악구,1461,Bike
2024-12-23,광진구,3250,Bike
2024-12-23,구로구,3357,Bike
2024-12-23,금천구,1662,Bike
2024-12-23,노원구,4557,Bike
2024-12-23,도봉구,1424,Bike
2024-12-23,동대문구,2375,Bike
2024-12-23,동작구,1237,Bike
2024-12-23,마포구,3213,Bike
2024-12-23,서대문구,1278,Bike
2024-12-23,서초구,2027,Bike
2024-12-23,성동구,2840,Bike
2024-12-23,성북구,1453,Bike
2024-12-23,송파구,6207,Bike
2024-12-23,양천구,5073,Bike
2024-12-23,영등포구,7283,Bike
2024-12-23,용산구,1179,Bike
2024-12-23,은평구,1590,Bike
2024-12-23,종로구,2720,Bike
2024-12-23,중구,1987,Bike
2024-12-23,중랑구,2061,Bike
2024-12-24,강남구,2229,Bike
2024-12-24,강동구,3142,Bike
2024-12-24,강북구,1008,Bike
2024-12-24,강서구,10874,Bike
2024-12-24,관악구,1441,Bike
2024-12-24,광진구,3330,Bike
2024-12-24,구로구,3406,Bike
2024-12-24,금천구,1617,Bike
2024-12-24,노원구,4668,Bike
2024-12-24,도봉구,1522,Bike
2024-12-24,동대문구,2303,Bike
2024-12-24,동작구,1154,Bike
2024-12-24,마포구,3269,Bike
2024-12-24,서대문구,1390,Bike
2024-12-24,서초구,2013,Bike
2024-12-24,성동구,2912,Bike
2024-12-24,성북구,1457,Bike
2024-12-24,송파구,6542,Bike
2024-12-24,양천구,5162,Bike
2024-12-24,영등포구,7372,Bike
2024-12-24,용산구,1165,Bike
2024-12-24,은평구,1678,Bike
2024-12-24,종로구,2791,Bike
2024-12-24,중구,2000,Bike
2024-12-24,중랑구,2111,Bike
2024-12-25,강남구,1240,Bike
2024-12-25,강동구,1953,Bike
2024-12-25,강북구,724,Bike
2024-12-25,강서구,5349,Bike
2024-12-25,관악구,1072,Bike
2024-12-25,광진구,2043,Bike
2024-12-25,구로구,1835,Bike
2024-12-25,금천구,617,Bike
2024-12-25,노원구,3225,Bike
2024-12-25,도봉구,1077,Bike
2024-12-25,동대문구,1337,Bike
2024-12-25,동작구,802,Bike
2024-12-25,마포구,2010,Bike
2024-12-25,서대문구,874,Bike
2024-12-25,서초구,1014,Bike
2024-12-25,성동구,1457,Bike
2024-12-25,성북구,1050,Bike
2024-12-25,송파구,4206,Bike
2024-12-25,양천구,3015,Bike
2024-12-25,영등포구,3979,Bike
2024-12-25,용산구,849,Bike
2024-12-25,은평구,1075,Bike
2024-12-25,종로구,1379,Bike
2024-12-25,중구,973,Bike
2024-12-25,중랑구,1439,Bike
2024-12-26,강남구,1913,Bike
2024-12-26,강동구,2744,Bike
2024-12-26,강북구,899,Bike
2024-12-26,강서구,9528,Bike
2024-12-26,관악구,1222,Bike
2024-12-26,광진구,3069,Bike
2024-12-26,구로구,2924,Bike
2024-12-26,금천구,1396,Bike
2024-12-26,노원구,4357,Bike
2024-12-26,도봉구,1405,Bike
2024-12-26,동대문구,2201,Bike
2024-12-26,동작구,1037,Bike
2024-12-26,마포구,2860,Bike
2024-12-26,서대문구,1273,Bike
2024-12-26,서초구,1718,Bike
2024-12-26,성동구,2649,Bike
2024-12-26,성북구,1497,Bike
2024-12-26,송파구,5592,Bike
2024-12-26,양천구,4433,Bike
2024-12-26,영등포구,6485,Bike
2024-12-26,용산구,988,Bike
2024-12-26,은평구,1548,Bike
2024-12-26,종로구,2469,Bike
2024-12-26,중구,1780,Bike
2024-12-26,중랑구,2066,Bike
2024-12-27,강남구,1843,Bike
2024-12-27,강동구,2775,Bike
2024-12-27,강북구,914,Bike
2024-12-27,강서구,9409,Bike
2024-12-27,관악구,1257,Bike
2024-12-27,광진구,3088,Bike
2024-12-27,구로구,3071,Bike
2024-12-27,금천구,1421,Bike
2024-12-27,노원구,4308,Bike
2024-12-27,도봉구,1397,Bike
2024-12-27,동대문구,2073,Bike
2024-12-27,동작구,993,Bike
2024-12-27,마포구,2869,Bike
2024-12-27,서대문구,1260,Bike
2024-12-27,서초구,1836,Bike
2024-12-27,성동구,2464,Bike
2024-12-27,성북구,1357,Bike
2024-12-27,송파구,5809,Bike
2024-12-27,양천구,4501,Bike
2024-12-27,영등포구,6230,Bike
2024-12-27,용산구,964,Bike
2024-12-27,은평구,1463,Bike
2024-12-27,종로구,2406,Bike
2024-12-27,중구,1617,Bike
2024-12-27,중랑구,1915,Bike
2024-12-28,강남구,1205,Bike
2024-12-28,강동구,2051,Bike
2024-12-28,강북구,667,Bike
2024-12-28,강서구,5682,Bike
2024-12-28,관악구,1037,Bike
2024-12-28,광진구,2069,Bike
2024-12-28,구로구,1950,Bike
2024-12-28,금천구,727,Bike
2024-12-28,노원구,3239,Bike
2024-12-28,도봉구,1081,Bike
2024-12-28,동대문구,1402,Bike
2024-12-28,동작구,792,Bike
2024-12-28,마포구,1951,Bike
2024-12-28,서대문구,906,Bike
2024-12-28,서초구,1169,Bike
2024-12-28,성동구,1391,Bike
2024-12-28,성북구,970,Bike
2024-12-28,송파구,3948,Bike
2024-12-28,양천구,3411,Bike
2024-12-28,영등포구,3724,Bike
2024-12-28,용산구,722,Bike
2024-12-28,은평구,1133,Bike
2024-12-28,종로구,1532,Bike
2024-12-28,중구,870,Bike
2024-12-28,중랑구,1353,Bike
2024-12-29,강남구,1203,Bike
2024-12-29,강동구,2069,Bike
2024-12-29,강북구,663,Bike
2024-12-29,강서구,5096,Bike
2024-12-29,관악구,1044,Bike
2024-12-29,광진구,2004,Bike
2024-12-29,구로구,1858,Bike
2024-12-29,금천구,598,Bike
2024-12-29,노원구,3161,Bike
2024-12-29,도봉구,998,Bike
2024-12-29,동대문구,1419,Bike
2024-12-29,동작구,724,Bike
2024-12-29,마포구,1994,Bike
2024-12-29,서대문구,843,Bike
2024-12-29,서초구,1127,Bike
2024-12-29,성동구,1392,Bike
2024-12-29,성북구,1006,Bike
2024-12-29,송파구,3789,Bike
2024-12-29,양천구,3122,Bike
2024-12-29,영등포구,3471,Bike
2024-12-29,용산구,832,Bike
2024-12-29,은평구,1081,Bike
2024-12-29,종로구,1222,Bike
2024-12-29,중구,844,Bike
2024-12-29,중랑구,1397,Bike
2024-12-30,강남구,2448,Bike
2024-12-30,강동구,3358,Bike
2024-12-30,강북구,1040,Bike
2024-12-30,강서구,10276,Bike
2024-12-30,관악구,1552,Bike
2024-12-30,광진구,3633,Bike
2024-12-30,구로구,3528,Bike
2024-12-30,금천구,1546,Bike
2024-12-30,노원구,4816,Bike
2024-12-30,도봉구,1604,Bike
2024-12-30,동대문구,2360,Bike
2024-12-30,동작구,1347,Bike
2024-12-30,마포구,3416,Bike
2024-12-30,서대문구,1391,Bike
2024-12-30,서초구,2053,Bike
2024-12-30,성동구,2994,Bike
2024-12-30,성북구,1551,Bike
2024-12-30,송파구,6856,Bike
2024-12-30,양천구,5242,Bike
2024-12-30,영등포구,7240,Bike
2024-12-30,용산구,1182,Bike
2024-12-30,은평구,1829,Bike
2024-12-30,종로구,2632,Bike
2024-12-30,중구,2072,Bike
2024-12-30,중랑구,2255,Bike
2024-12-31,강남구,2112,Bike
2024-12-31,강동구,2948,Bike
2024-12-31,강북구,998,Bike
2024-12-31,강서구,9568,Bike
2024-12-31,관악구,1413,Bike
2024-12-31,광진구,3324,Bike
2024-12-31,구로구,3254,Bike
2024-12-31,금천구,1421,Bike
2024-12-31,노원구,4645,Bike
2024-12-31,도봉구,1489,Bike
2024-12-31,동대문구,2309,Bike
2024-12-31,동작구,1187,Bike
2024-12-31,마포구,2991,Bike
2024-12-31,서대문구,1306,Bike
2024-12-31,서초구,1843,Bike
2024-12-31,성동구,2577,Bike
2024-12-31,성북구,1467,Bike
2024-12-31,송파구,6193,Bike
2024-12-31,양천구,4944,Bike
2024-12-31,영등포구,6807,Bike
2024-12-31,용산구,1083,Bike
2024-12-31,은평구,1718,Bike
2024-12-31,종로구,2314,Bike
2024-12-31,중구,1823,Bike
2024-12-31,중랑구,2045,Bike
2024-01-01,강남구,95566,Subway
2024-01-01,강동구,33742,Subway
2024-01-01,강북구,22887,Subway
2024-01-01,강서구,78185,Subway
2024-01-01,관악구,64662,Subway
2024-01-01,광진구,35607,Subway
2024-01-01,구로구,47542,Subway
2024-01-01,금천구,21926,Subway
2024-01-01,노원구,67258,Subway
2024-01-01,도봉구,42240,Subway
2024-01-01,동대문구,41544,Subway
2024-01-01,동작구,37851,Subway
2024-01-01,마포구,137641,Subway
2024-01-01,서대문구,39786,Subway
2024-01-01,서초구,82573,Subway
2024-01-01,성동구,44550,Subway
2024-01-01,성북구,19333,Subway
2024-01-01,송파구,64991,Subway
2024-01-01,양천구,12638,Subway
2024-01-01,영등포구,106256,Subway
2024-01-01,은평구,52780,Subway
2024-01-01,종로구,107995,Subway
2024-01-01,중구,109039,Subway
2024-01-01,중랑구,26606,Subway
2024-01-02,강남구,386115,Subway
2024-01-02,강동구,89982,Subway
2024-01-02,강북구,44689,Subway
2024-01-02,강서구,177590,Subway
2024-01-02,관악구,139441,Subway
2024-01-02,광진구,58797,Subway
2024-01-02,구로구,123841,Subway
2024-01-02,금천구,98906,Subway
2024-01-02,노원구,156688,Subway
2024-01-02,도봉구,87547,Subway
2024-01-02,동대문구,95838,Subway
2024-01-02,동작구,84726,Subway
2024-01-02,마포구,245782,Subway
2024-01-02,서대문구,88176,Subway
2024-01-02,서초구,142403,Subway
2024-01-02,성동구,116493,Subway
2024-01-02,성북구,44868,Subway
2024-01-02,송파구,184247,Subway
2024-01-02,양천구,34678,Subway
2024-01-02,영등포구,307632,Subway
2024-01-02,은평구,117936,Subway
2024-01-02,종로구,218983,Subway
2024-01-02,중구,257142,Subway
2024-01-02,중랑구,62391,Subway
2024-01-03,강남구,406235,Subway
2024-01-03,강동구,93021,Subway
2024-01-03,강북구,45644,Subway
2024-01-03,강서구,183398,Subway
2024-01-03,관악구,148693,Subway
2024-01-03,광진구,61330,Subway
2024-01-03,구로구,128001,Subway
2024-01-03,금천구,101136,Subway
2024-01-03,노원구,160440,Subway
2024-01-03,도봉구,89596,Subway
2024-01-03,동대문구,100575,Subway
2024-01-03,동작구,88665,Subway
2024-01-03,마포구,253373,Subway
2024-01-03,서대문구,90933,Subway
2024-01-03,서초구,143299,Subway
2024-01-03,성동구,122127,Subway
2024-01-03,성북구,46944,Subway
2024-01-03,송파구,193314,Subway
2024-01-03,양천구,35612,Subway
2024-01-03,영등포구,320145,Subway
2024-01-03,은평구,120775,Subway
2024-01-03,종로구,238281,Subway
2024-01-03,중구,263560,Subway
2024-01-03,중랑구,64251,Subway
2024-01-04,강남구,410754,Subway
2024-01-04,강동구,94641,Subway
2024-01-04,강북구,46799,Subway
2024-01-04,강서구,185698,Subway
2024-01-04,관악구,152832,Subway
2024-01-04,광진구,69724,Subway
2024-01-04,구로구,128413,Subway
2024-01-04,금천구,102040,Subway
2024-01-04,노원구,162728,Subway
2024-01-04,도봉구,91974,Subway
2024-01-04,동대문구,102869,Subway
2024-01-04,동작구,90068,Subway
2024-01-04,마포구,259438,Subway
2024-01-04,서대문구,91581,Subway
2024-01-04,서초구,145748,Subway
2024-01-04,성동구,125256,Subway
2024-01-04,성북구,47601,Subway
2024-01-04,송파구,197026,Subway
2024-01-04,양천구,36033,Subway
2024-01-04,영등포구,323615,Subway
2024-01-04,은평구,123178,Subway
2024-01-04,종로구,243413,Subway
2024-01-04,중구,265818,Subway
2024-01-04,중랑구,65330,Subway
2024-01-05,강남구,416787,Subway
2024-01-05,강동구,97383,Subway
2024-01-05,강북구,48489,Subway
2024-01-05,강서구,190048,Subway
2024-01-05,관악구,160233,Subway
2024-01-05,광진구,66889,Subway
2024-01-05,구로구,132034,Subway
2024-01-05,금천구,102267,Subway
2024-01-05,노원구,167243,Subway
2024-01-05,도봉구,94901,Subway
2024-01-05,동대문구,106738,Subway
2024-01-05,동작구,94924,Subway
2024-01-05,마포구,277347,Subway
2024-01-05,서대문구,96029,Subway
2024-01-05,서초구,154899,Subway
2024-01-05,성동구,127198,Subway
2024-01-05,성북구,49269,Subway
2024-01-05,송파구,203634,Subway
2024-01-05,양천구,36845,Subway
2024-01-05,영등포구,334864,Subway
2024-01-05,은평구,125925,Subway
2024-01-05,종로구,248331,Subway
2024-01-05,중구,272430,Subway
2024-01-05,중랑구,67286,Subway
2024-01-06,강남구,236737,Subway
2024-01-06,강동구,63886,Subway
2024-01-06,강북구,37559,Subway
2024-01-06,강서구,127751,Subway
2024-01-06,관악구,127185,Subway
2024-01-06,광진구,57782,Subway
2024-01-06,구로구,85318,Subway
2024-01-06,금천구,38586,Subway
2024-01-06,노원구,123943,Subway
2024-01-06,도봉구,71860,Subway
2024-01-06,동대문구,77311,Subway
2024-01-06,동작구,71908,Subway
2024-01-06,마포구,223297,Subway
2024-01-06,서대문구,74246,Subway
2024-01-06,서초구,124346,Subway
2024-01-06,성동구,85319,Subway
2024-01-06,성북구,33908,Subway
2024-01-06,송파구,128258,Subway
2024-01-06,양천구,25023,Subway
2024-01-06,영등포구,211898,Subway
2024-01-06,은평구,92232,Subway
2024-01-06,종로구,187385,Subway
2024-01-06,중구,163848,Subway
2024-01-06,중랑구,48499,Subway
2024-01-07,강남구,138817,Subway
2024-01-07,강동구,45190,Subway
2024-01-07,강북구,27343,Subway
2024-01-07,강서구,94275,Subway
2024-01-07,관악구,89810,Subway
2024-01-07,광진구,42464,Subway
2024-01-07,구로구,59407,Subway
2024-01-07,금천구,25918,Subway
2024-01-07,노원구,87754,Subway
2024-01-07,도봉구,53158,Subway
2024-01-07,동대문구,54642,Subway
2024-01-07,동작구,51687,Subway
2024-01-07,마포구,166106,Subway
2024-01-07,서대문구,55246,Subway
2024-01-07,서초구,100067,Subway
2024-01-07,성동구,65377,Subway
2024-01-07,성북구,25794,Subway
2024-01-07,송파구,89164,Subway
2024-01-07,양천구,16797,Subway
2024-01-07,영등포구,152706,Subway
2024-01-07,은평구,64810,Subway
2024-01-07,종로구,118782,Subway
2024-01-07,중구,121593,Subway
2024-01-07,중랑구,34046,Subway
2024-01-08,강남구,397338,Subway
2024-01-08,강동구,90955,Subway
2024-01-08,강북구,44229,Subway
2024-01-08,강서구,177254,Subway
2024-01-08,관악구,145260,Subway
2024-01-08,광진구,59985,Subway
2024-01-08,구로구,124026,Subway
2024-01-08,금천구,100741,Subway
2024-01-08,노원구,154579,Subway
2024-01-08,도봉구,86389,Subway
2024-01-08,동대문구,96071,Subway
2024-01-08,동작구,87366,Subway
2024-01-08,마포구,248123,Subway
2024-01-08,서대문구,88537,Subway
2024-01-08,서초구,141515,Subway
2024-01-08,성동구,117351,Subway
2024-01-08,성북구,45251,Subway
2024-01-08,송파구,188290,Subway
2024-01-08,양천구,34608,Subway
2024-01-08,영등포구,311334,Subway
2024-01-08,은평구,116779,Subway
2024-01-08,종로구,224950,Subway
2024-01-08,중구,251288,Subway
2024-01-08,중랑구,62361,Subway
2024-01-09,강남구,418420,Subway
2024-01-09,강동구,96974,Subway
2024-01-09,강북구,45580,Subway
2024-01-09,강서구,186604,Subway
2024-01-09,관악구,150110,Subway
2024-01-09,광진구,61680,Subway
2024-01-09,구로구,128992,Subway
2024-01-09,금천구,104280,Subway
2024-01-09,노원구,161904,Subway
2024-01-09,도봉구,89722,Subway
2024-01-09,동대문구,98810,Subway
2024-01-09,동작구,90185,Subway
2024-01-09,마포구,256756,Subway
2024-01-09,서대문구,92133,Subway
2024-01-09,서초구,147231,Subway
2024-01-09,성동구,124629,Subway
2024-01-09,성북구,47411,Subway
2024-01-09,송파구,203571,Subway
2024-01-09,양천구,36833,Subway
2024-01-09,영등포구,327135,Subway
2024-01-09,은평구,120809,Subway
2024-01-09,종로구,236080,Subway
2024-01-09,중구,262055,Subway
2024-01-09,중랑구,65268,Subway
2024-01-10,강남구,415073,Subway
2024-01-10,강동구,96735,Subway
2024-01-10,강북구,46698,Subway
2024-01-10,강서구,188119,Subway
2024-01-10,관악구,155795,Subway
2024-01-10,광진구,63791,Subway
2024-01-10,구로구,130519,Subway
2024-01-10,금천구,103416,Subway
2024-01-10,노원구,165969,Subway
2024-01-10,도봉구,92767,Subway
2024-01-10,동대문구,102660,Subway
2024-01-10,동작구,91949,Subway
2024-01-10,마포구,265249,Subway
2024-01-10,서대문구,94246,Subway
2024-01-10,서초구,146316,Subway
2024-01-10,성동구,125533,Subway
2024-01-10,성북구,48508,Subway
2024-01-10,송파구,201660,Subway
2024-01-10,양천구,36749,Subway
2024-01-10,영등포구,329893,Subway
2024-01-10,은평구,124327,Subway
2024-01-10,종로구,244232,Subway
2024-01-10,중구,267243,Subway
2024-01-10,중랑구,66244,Subway
2024-01-11,강남구,418745,Subway
2024-01-11,강동구,95711,Subway
2024-01-11,강북구,47357,Subway
2024-01-11,강서구,187308,Subway
2024-01-11,관악구,157730,Subway
2024-01-11,광진구,63274,Subway
2024-01-11,구로구,130247,Subway
2024-01-11,금천구,103512,Subway
2024-01-11,노원구,164085,Subway
2024-01-11,도봉구,92243,Subway
2024-01-11,동대문구,103443,Subway
2024-01-11,동작구,92206,Subway
2024-01-11,마포구,266822,Subway
2024-01-11,서대문구,93998,Subway
2024-01-11,서초구,150138,Subway
2024-01-11,성동구,123209,Subway
2024-01-11,성북구,48515,Subway
2024-01-11,송파구,199344,Subway
2024-01-11,양천구,36884,Subway
2024-01-11,영등포구,330984,Subway
2024-01-11,은평구,124181,Subway
2024-01-11,종로구,247071,Subway
2024-01-11,중구,263690,Subway
2024-01-11,중랑구,65765,Subway
2024-01-12,강남구,425884,Subway
2024-01-12,강동구,97928,Subway
2024-01-12,강북구,47827,Subway
2024-01-12,강서구,192395,Subway
2024-01-12,관악구,165298,Subway
2024-01-12,광진구,66981,Subway
2024-01-12,구로구,132596,Subway
2024-01-12,금천구,103335,Subway
2024-01-12,노원구,169029,Subway
2024-01-12,도봉구,95576,Subway
2024-01-12,동대문구,106762,Subway
2024-01-12,동작구,97770,Subway
2024-01-12,마포구,277724,Subway
2024-01-12,서대문구,98251,Subway
2024-01-12,서초구,160645,Subway
2024-01-12,성동구,126947,Subway
2024-01-12,성북구,49127,Subway
2024-01-12,송파구,204400,Subway
2024-01-12,양천구,37408,Subway
2024-01-12,영등포구,343509,Subway
2024-01-12,은평구,127051,Subway
2024-01-12,종로구,251196,Subway
2024-01-12,중구,272056,Subway
2024-01-12,중랑구,67411,Subway
2024-01-13,강남구,246712,Subway
2024-01-13,강동구,65747,Subway
2024-01-13,강북구,39809,Subway
2024-01-13,강서구,132010,Subway
2024-01-13,관악구,133386,Subway
2024-01-13,광진구,57819,Subway
2024-01-13,구로구,88144,Subway
2024-01-13,금천구,40467,Subway
2024-01-13,노원구,128141,Subway
2024-01-13,도봉구,73743,Subway
2024-01-13,동대문구,79645,Subway
2024-01-13,동작구,75364,Subway
2024-01-13,마포구,232970,Subway
2024-01-13,서대문구,77495,Subway
2024-01-13,서초구,130672,Subway
2024-01-13,성동구,82744,Subway
2024-01-13,성북구,34826,Subway
2024-01-13,송파구,133844,Subway
2024-01-13,양천구,25233,Subway
2024-01-13,영등포구,226101,Subway
2024-01-13,은평구,94983,Subway
2024-01-13,종로구,191740,Subway
2024-01-13,중구,163713,Subway
2024-01-13,중랑구,50060,Subway
2024-01-14,강남구,137121,Subway
2024-01-14,강동구,43984,Subway
2024-01-14,강북구,25736,Subway
2024-01-14,강서구,92159,Subway
2024-01-14,관악구,88514,Subway
2024-01-14,광진구,39131,Subway
2024-01-14,구로구,58560,Subway
2024-01-14,금천구,25653,Subway
2024-01-14,노원구,86305,Subway
2024-01-14,도봉구,51087,Subway
2024-01-14,동대문구,50681,Subway
2024-01-14,동작구,47190,Subway
2024-01-14,마포구,162769,Subway
2024-01-14,서대문구,50788,Subway
2024-01-14,서초구,100787,Subway
2024-01-14,성동구,53446,Subway
2024-01-14,성북구,25291,Subway
2024-01-14,송파구,88886,Subway
2024-01-14,양천구,16331,Subway
2024-01-14,영등포구,152687,Subway
2024-01-14,은평구,63305,Subway
2024-01-14,종로구,115465,Subway
2024-01-14,중구,111533,Subway
2024-01-14,중랑구,45789,Subway
2024-01-15,강남구,402629,Subway
2024-01-15,강동구,92934,Subway
2024-01-15,강북구,44771,Subway
2024-01-15,강서구,182660,Subway
2024-01-15,관악구,147528,Subway
2024-01-15,광진구,60071,Subway
2024-01-15,구로구,125733,Subway
2024-01-15,금천구,101475,Subway
2024-01-15,노원구,157232,Subway
2024-01-15,도봉구,87790,Subway
2024-01-15,동대문구,98810,Subway
2024-01-15,동작구,88552,Subway
2024-01-15,마포구,254500,Subway
2024-01-15,서대문구,90184,Subway
2024-01-15,서초구,143109,Subway
2024-01-15,성동구,115680,Subway
2024-01-15,성북구,46260,Subway
2024-01-15,송파구,190818,Subway
2024-01-15,양천구,35124,Subway
2024-01-15,영등포구,316383,Subway
2024-01-15,은평구,119118,Subway
2024-01-15,종로구,228503,Subway
2024-01-15,중구,252520,Subway
2024-01-15,중랑구,86926,Subway
2024-01-16,강남구,416164,Subway
2024-01-16,강동구,95256,Subway
2024-01-16,강북구,45915,Subway
2024-01-16,강서구,186490,Subway
2024-01-16,관악구,152692,Subway
2024-01-16,광진구,61822,Subway
2024-01-16,구로구,129149,Subway
2024-01-16,금천구,102491,Subway
2024-01-16,노원구,161372,Subway
2024-01-16,도봉구,91711,Subway
2024-01-16,동대문구,100975,Subway
2024-01-16,동작구,90584,Subway
2024-01-16,마포구,259472,Subway
2024-01-16,서대문구,92725,Subway
2024-01-16,서초구,145702,Subway
2024-01-16,성동구,120779,Subway
2024-01-16,성북구,47284,Subway
2024-01-16,송파구,196755,Subway
2024-01-16,양천구,36661,Subway
2024-01-16,영등포구,324929,Subway
2024-01-16,은평구,122807,Subway
2024-01-16,종로구,238583,Subway
2024-01-16,중구,261593,Subway
2024-01-16,중랑구,89012,Subway
2024-01-17,강남구,419504,Subway
2024-01-17,강동구,96056,Subway
2024-01-17,강북구,45457,Subway
2024-01-17,강서구,186334,Subway
2024-01-17,관악구,153534,Subway
2024-01-17,광진구,62102,Subway
2024-01-17,구로구,128374,Subway
2024-01-17,금천구,102606,Subway
2024-01-17,노원구,162856,Subway
2024-01-17,도봉구,91026,Subway
2024-01-17,동대문구,102423,Subway
2024-01-17,동작구,90811,Subway
2024-01-17,마포구,262182,Subway
2024-01-17,서대문구,92470,Subway
2024-01-17,서초구,148839,Subway
2024-01-17,성동구,121518,Subway
2024-01-17,성북구,47569,Subway
2024-01-17,송파구,199792,Subway
2024-01-17,양천구,36025,Subway
2024-01-17,영등포구,330425,Subway
2024-01-17,은평구,121758,Subway
2024-01-17,종로구,247617,Subway
2024-01-17,중구,269372,Subway
2024-01-17,중랑구,88747,Subway
2024-01-18,강남구,418061,Subway
2024-01-18,강동구,96732,Subway
2024-01-18,강북구,46641,Subway
2024-01-18,강서구,189124,Subway
2024-01-18,관악구,156900,Subway
2024-01-18,광진구,63400,Subway
2024-01-18,구로구,130664,Subway
2024-01-18,금천구,103327,Subway
2024-01-18,노원구,163796,Subway
2024-01-18,도봉구,92370,Subway
2024-01-18,동대문구,104512,Subway
2024-01-18,동작구,92737,Subway
2024-01-18,마포구,266040,Subway
2024-01-18,서대문구,92541,Subway
2024-01-18,서초구,149178,Subway
2024-01-18,성동구,122706,Subway
2024-01-18,성북구,48340,Subway
2024-01-18,송파구,201658,Subway
2024-01-18,양천구,36927,Subway
2024-01-18,영등포구,332370,Subway
2024-01-18,은평구,123947,Subway
2024-01-18,종로구,248113,Subway
2024-01-18,중구,266273,Subway
2024-01-18,중랑구,90307,Subway
2024-01-19,강남구,423334,Subway
2024-01-19,강동구,98106,Subway
2024-01-19,강북구,48409,Subway
2024-01-19,강서구,193018,Subway
2024-01-19,관악구,165728,Subway
2024-01-19,광진구,66669,Subway
2024-01-19,구로구,132852,Subway
2024-01-19,금천구,102872,Subway
2024-01-19,노원구,169206,Subway
2024-01-19,도봉구,97062,Subway
2024-01-19,동대문구,108136,Subway
2024-01-19,동작구,97732,Subway
2024-01-19,마포구,278352,Subway
2024-01-19,서대문구,95210,Subway
2024-01-19,서초구,160615,Subway
2024-01-19,성동구,126083,Subway
2024-01-19,성북구,49302,Subway
2024-01-19,송파구,209673,Subway
2024-01-19,양천구,37410,Subway
2024-01-19,영등포구,341143,Subway
2024-01-19,은평구,127589,Subway
2024-01-19,종로구,256136,Subway
2024-01-19,중구,272411,Subway
2024-01-19,중랑구,92887,Subway
2024-01-20,강남구,242404,Subway
2024-01-20,강동구,66809,Subway
2024-01-20,강북구,38354,Subway
2024-01-20,강서구,130443,Subway
2024-01-20,관악구,131719,Subway
2024-01-20,광진구,56575,Subway
2024-01-20,구로구,86210,Subway
2024-01-20,금천구,39490,Subway
2024-01-20,노원구,125377,Subway
2024-01-20,도봉구,72002,Subway
2024-01-20,동대문구,78253,Subway
2024-01-20,동작구,73505,Subway
2024-01-20,마포구,226328,Subway
2024-01-20,서대문구,75191,Subway
2024-01-20,서초구,130066,Subway
2024-01-20,성동구,81779,Subway
2024-01-20,성북구,34700,Subway
2024-01-20,송파구,133525,Subway
2024-01-20,양천구,24664,Subway
2024-01-20,영등포구,221245,Subway
2024-01-20,은평구,93202,Subway
2024-01-20,종로구,193011,Subway
2024-01-20,중구,164044,Subway
2024-01-20,중랑구,68557,Subway
2024-01-21,강남구,141832,Subway
2024-01-21,강동구,46052,Subway
2024-01-21,강북구,28249,Subway
2024-01-21,강서구,97032,Subway
2024-01-21,관악구,91368,Subway
2024-01-21,광진구,42140,Subway
2024-01-21,구로구,62505,Subway
2024-01-21,금천구,27297,Subway
2024-01-21,노원구,91447,Subway
2024-01-21,도봉구,54939,Subway
2024-01-21,동대문구,58858,Subway
2024-01-21,동작구,49823,Subway
2024-01-21,마포구,166887,Subway
2024-01-21,서대문구,52945,Subway
2024-01-21,서초구,102436,Subway
2024-01-21,성동구,56876,Subway
2024-01-21,성북구,26253,Subway
2024-01-21,송파구,90484,Subway
2024-01-21,양천구,17085,Subway
2024-01-21,영등포구,157266,Subway
2024-01-21,은평구,66914,Subway
2024-01-21,종로구,126410,Subway
2024-01-21,중구,118594,Subway
2024-01-21,중랑구,49138,Subway
2024-01-22,강남구,393290,Subway
2024-01-22,강동구,91928,Subway
2024-01-22,강북구,43371,Subway
2024-01-22,강서구,178071,Subway
2024-01-22,관악구,142320,Subway
2024-01-22,광진구,58918,Subway
2024-01-22,구로구,122055,Subway
2024-01-22,금천구,99877,Subway
2024-01-22,노원구,154248,Subway
2024-01-22,도봉구,85310,Subway
2024-01-22,동대문구,95471,Subway
2024-01-22,동작구,85412,Subway
2024-01-22,마포구,243047,Subway
2024-01-22,서대문구,85463,Subway
2024-01-22,서초구,139246,Subway
2024-01-22,성동구,113018,Subway
2024-01-22,성북구,45204,Subway
2024-01-22,송파구,188793,Subway
2024-01-22,양천구,34369,Subway
2024-01-22,영등포구,310728,Subway
2024-01-22,은평구,116108,Subway
2024-01-22,종로구,222472,Subway
2024-01-22,중구,248966,Subway
2024-01-22,중랑구,84319,Subway
2024-01-23,강남구,392819,Subway
2024-01-23,강동구,88248,Subway
2024-01-23,강북구,42022,Subway
2024-01-23,강서구,168704,Subway
2024-01-23,관악구,141975,Subway
2024-01-23,광진구,57140,Subway
2024-01-23,구로구,119308,Subway
2024-01-23,금천구,97479,Subway
2024-01-23,노원구,148058,Subway
2024-01-23,도봉구,81828,Subway
2024-01-23,동대문구,91324,Subway
2024-01-23,동작구,83181,Subway
2024-01-23,마포구,237540,Subway
2024-01-23,서대문구,83134,Subway
2024-01-23,서초구,133987,Subway
2024-01-23,성동구,110858,Subway
2024-01-23,성북구,43703,Subway
2024-01-23,송파구,183130,Subway
2024-01-23,양천구,33713,Subway
2024-01-23,영등포구,305813,Subway
2024-01-23,은평구,112207,Subway
2024-01-23,종로구,217643,Subway
2024-01-23,중구,248163,Subway
2024-01-23,중랑구,81920,Subway
2024-01-24,강남구,399175,Subway
2024-01-24,강동구,91849,Subway
2024-01-24,강북구,44315,Subway
2024-01-24,강서구,181270,Subway
2024-01-24,관악구,147255,Subway
2024-01-24,광진구,60412,Subway
2024-01-24,구로구,123203,Subway
2024-01-24,금천구,99338,Subway
2024-01-24,노원구,154428,Subway
2024-01-24,도봉구,85699,Subway
2024-01-24,동대문구,96189,Subway
2024-01-24,동작구,86099,Subway
2024-01-24,마포구,247047,Subway
2024-01-24,서대문구,86456,Subway
2024-01-24,서초구,141156,Subway
2024-01-24,성동구,116004,Subway
2024-01-24,성북구,45656,Subway
2024-01-24,송파구,189983,Subway
2024-01-24,양천구,34376,Subway
2024-01-24,영등포구,316671,Subway
2024-01-24,은평구,117266,Subway
2024-01-24,종로구,228891,Subway
2024-01-24,중구,255950,Subway
2024-01-24,중랑구,84973,Subway
2024-01-25,강남구,409951,Subway
2024-01-25,강동구,94479,Subway
2024-01-25,강북구,46426,Subway
2024-01-25,강서구,185414,Subway
2024-01-25,관악구,152541,Subway
2024-01-25,광진구,62439,Subway
2024-01-25,구로구,126229,Subway
2024-01-25,금천구,101133,Subway
2024-01-25,노원구,159859,Subway
2024-01-25,도봉구,89583,Subway
2024-01-25,동대문구,101402,Subway
2024-01-25,동작구,89331,Subway
2024-01-25,마포구,259492,Subway
2024-01-25,서대문구,89542,Subway
2024-01-25,서초구,146147,Subway
2024-01-25,성동구,119475,Subway
2024-01-25,성북구,47299,Subway
2024-01-25,송파구,194733,Subway
2024-01-25,양천구,35854,Subway
2024-01-25,영등포구,326084,Subway
2024-01-25,은평구,122099,Subway
2024-01-25,종로구,240775,Subway
2024-01-25,중구,264186,Subway
2024-01-25,중랑구,88312,Subway
2024-01-26,강남구,419327,Subway
2024-01-26,강동구,97391,Subway
2024-01-26,강북구,47783,Subway
2024-01-26,강서구,190196,Subway
2024-01-26,관악구,163337,Subway
2024-01-26,광진구,65848,Subway
2024-01-26,구로구,130567,Subway
2024-01-26,금천구,101960,Subway
2024-01-26,노원구,168231,Subway
2024-01-26,도봉구,95141,Subway
2024-01-26,동대문구,107431,Subway
2024-01-26,동작구,95913,Subway
2024-01-26,마포구,276076,Subway
2024-01-26,서대문구,93845,Subway
2024-01-26,서초구,159694,Subway
2024-01-26,성동구,123688,Subway
2024-01-26,성북구,48750,Subway
2024-01-26,송파구,202451,Subway
2024-01-26,양천구,37187,Subway
2024-01-26,영등포구,340155,Subway
2024-01-26,은평구,126390,Subway
2024-01-26,종로구,249579,Subway
2024-01-26,중구,270050,Subway
2024-01-26,중랑구,92427,Subway
2024-01-27,강남구,240276,Subway
2024-01-27,강동구,65031,Subway
2024-01-27,강북구,38247,Subway
2024-01-27,강서구,132259,Subway
2024-01-27,관악구,129615,Subway
2024-01-27,광진구,56446,Subway
2024-01-27,구로구,86292,Subway
2024-01-27,금천구,40033,Subway
2024-01-27,노원구,126127,Subway
2024-01-27,도봉구,73374,Subway
2024-01-27,동대문구,81384,Subway
2024-01-27,동작구,72313,Subway
2024-01-27,마포구,227026,Subway
2024-01-27,서대문구,75003,Subway
2024-01-27,서초구,129335,Subway
2024-01-27,성동구,81417,Subway
2024-01-27,성북구,34453,Subway
2024-01-27,송파구,137231,Subway
2024-01-27,양천구,24931,Subway
2024-01-27,영등포구,221909,Subway
2024-01-27,은평구,93957,Subway
2024-01-27,종로구,190179,Subway
2024-01-27,중구,169067,Subway
2024-01-27,중랑구,69035,Subway
2024-01-28,강남구,140990,Subway
2024-01-28,강동구,46107,Subway
2024-01-28,강북구,28195,Subway
2024-01-28,강서구,97073,Subway
2024-01-28,관악구,92458,Subway
2024-01-28,광진구,41038,Subway
2024-01-28,구로구,61708,Subway
2024-01-28,금천구,27882,Subway
2024-01-28,노원구,92084,Subway
2024-01-28,도봉구,56510,Subway
2024-01-28,동대문구,60451,Subway
2024-01-28,동작구,49949,Subway
2024-01-28,마포구,170536,Subway
2024-01-28,서대문구,53859,Subway
2024-01-28,서초구,102991,Subway
2024-01-28,성동구,59252,Subway
2024-01-28,성북구,26689,Subway
2024-01-28,송파구,96176,Subway
2024-01-28,양천구,17219,Subway
2024-01-28,영등포구,158372,Subway
2024-01-28,은평구,68221,Subway
2024-01-28,종로구,128909,Subway
2024-01-28,중구,123826,Subway
2024-01-28,중랑구,49066,Subway
2024-01-29,강남구,399904,Subway
2024-01-29,강동구,94065,Subway
2024-01-29,강북구,46036,Subway
2024-01-29,강서구,184555,Subway
2024-01-29,관악구,147230,Subway
2024-01-29,광진구,60423,Subway
2024-01-29,구로구,127051,Subway
2024-01-29,금천구,102475,Subway
2024-01-29,노원구,159515,Subway
2024-01-29,도봉구,90513,Subway
2024-01-29,동대문구,101693,Subway
2024-01-29,동작구,88359,Subway
2024-01-29,마포구,251133,Subway
2024-01-29,서대문구,87545,Subway
2024-01-29,서초구,143867,Subway
2024-01-29,성동구,117625,Subway
2024-01-29,성북구,46555,Subway
2024-01-29,송파구,192901,Subway
2024-01-29,양천구,35662,Subway
2024-01-29,영등포구,319624,Subway
2024-01-29,은평구,120931,Subway
2024-01-29,종로구,231199,Subway
2024-01-29,중구,256388,Subway
2024-01-29,중랑구,87891,Subway
2024-01-30,강남구,414361,Subway
2024-01-30,강동구,95688,Subway
2024-01-30,강북구,47634,Subway
2024-01-30,강서구,188151,Subway
2024-01-30,관악구,152950,Subway
2024-01-30,광진구,61165,Subway
2024-01-30,구로구,129661,Subway
2024-01-30,금천구,103751,Subway
2024-01-30,노원구,162465,Subway
2024-01-30,도봉구,93402,Subway
2024-01-30,동대문구,103927,Subway
2024-01-30,동작구,90873,Subway
2024-01-30,마포구,257990,Subway
2024-01-30,서대문구,89823,Subway
2024-01-30,서초구,146284,Subway
2024-01-30,성동구,121344,Subway
2024-01-30,성북구,47513,Subway
2024-01-30,송파구,199828,Subway
2024-01-30,양천구,36605,Subway
2024-01-30,영등포구,328744,Subway
2024-01-30,은평구,124659,Subway
2024-01-30,종로구,242247,Subway
2024-01-30,중구,265213,Subway
2024-01-30,중랑구,90139,Subway
2024-01-31,강남구,414729,Subway
2024-01-31,강동구,96256,Subway
2024-01-31,강북구,47802,Subway
2024-01-31,강서구,189055,Subway
2024-01-31,관악구,153684,Subway
2024-01-31,광진구,62498,Subway
2024-01-31,구로구,130307,Subway
2024-01-31,금천구,103293,Subway
2024-01-31,노원구,164685,Subway
2024-01-31,도봉구,93559,Subway
2024-01-31,동대문구,104793,Subway
2024-01-31,동작구,91216,Subway
2024-01-31,마포구,259310,Subway
2024-01-31,서대문구,90587,Subway
2024-01-31,서초구,145964,Subway
2024-01-31,성동구,121632,Subway
2024-01-31,성북구,47908,Subway
2024-01-31,송파구,200270,Subway
2024-01-31,양천구,36686,Subway
2024-01-31,영등포구,330328,Subway
2024-01-31,은평구,124552,Subway
2024-01-31,종로구,245040,Subway
2024-01-31,중구,268699,Subway
2024-01-31,중랑구,90186,Subway
2024-02-01,강남구,421121,Subway
2024-02-01,강동구,96783,Subway
2024-02-01,강북구,47236,Subway
2024-02-01,강서구,189906,Subway
2024-02-01,관악구,154930,Subway
2024-02-01,광진구,62390,Subway
2024-02-01,구로구,130564,Subway
2024-02-01,금천구,102998,Subway
2024-02-01,노원구,163578,Subway
2024-02-01,도봉구,92852,Subway
2024-02-01,동대문구,105522,Subway
2024-02-01,동작구,91077,Subway
2024-02-01,마포구,264588,Subway
2024-02-01,서대문구,90990,Subway
2024-02-01,서초구,146870,Subway
2024-02-01,성동구,123033,Subway
2024-02-01,성북구,48199,Subway
2024-02-01,송파구,201063,Subway
2024-02-01,양천구,36730,Subway
2024-02-01,영등포구,329463,Subway
2024-02-01,은평구,124595,Subway
2024-02-01,종로구,243700,Subway
2024-02-01,중구,266490,Subway
2024-02-01,중랑구,89898,Subway
2024-02-02,강남구,427310,Subway
2024-02-02,강동구,99659,Subway
2024-02-02,강북구,49158,Subway
2024-02-02,강서구,193862,Subway
2024-02-02,관악구,161416,Subway
2024-02-02,광진구,65290,Subway
2024-02-02,구로구,132947,Subway
2024-02-02,금천구,102831,Subway
2024-02-02,노원구,169098,Subway
2024-02-02,도봉구,96073,Subway
2024-02-02,동대문구,108773,Subway
2024-02-02,동작구,95636,Subway
2024-02-02,마포구,274839,Subway
2024-02-02,서대문구,95636,Subway
2024-02-02,서초구,156932,Subway
2024-02-02,성동구,127491,Subway
2024-02-02,성북구,49420,Subway
2024-02-02,송파구,206142,Subway
2024-02-02,양천구,37545,Subway
2024-02-02,영등포구,340197,Subway
2024-02-02,은평구,128289,Subway
2024-02-02,종로구,250820,Subway
2024-02-02,중구,278480,Subway
2024-02-02,중랑구,93127,Subway
2024-02-03,강남구,238294,Subway
2024-02-03,강동구,64563,Subway
2024-02-03,강북구,37297,Subway
2024-02-03,강서구,129787,Subway
2024-02-03,관악구,124680,Subway
2024-02-03,광진구,54210,Subway
2024-02-03,구로구,85349,Subway
2024-02-03,금천구,38627,Subway
2024-02-03,노원구,122821,Subway
2024-02-03,도봉구,72706,Subway
2024-02-03,동대문구,80710,Subway
2024-02-03,동작구,70251,Subway
2024-02-03,마포구,224948,Subway
2024-02-03,서대문구,73439,Subway
2024-02-03,서초구,123117,Subway
2024-02-03,성동구,83769,Subway
2024-02-03,성북구,33241,Subway
2024-02-03,송파구,131831,Subway
2024-02-03,양천구,24109,Subway
2024-02-03,영등포구,216200,Subway
2024-02-03,은평구,92099,Subway
2024-02-03,종로구,178541,Subway
2024-02-03,중구,157290,Subway
2024-02-03,중랑구,67784,Subway
2024-02-04,강남구,143589,Subway
2024-02-04,강동구,47789,Subway
2024-02-04,강북구,30546,Subway
2024-02-04,강서구,97434,Subway
2024-02-04,관악구,91584,Subway
2024-02-04,광진구,41729,Subway
2024-02-04,구로구,63659,Subway
2024-02-04,금천구,28370,Subway
2024-02-04,노원구,94118,Subway
2024-02-04,도봉구,59760,Subway
2024-02-04,동대문구,62623,Subway
2024-02-04,동작구,50704,Subway
2024-02-04,마포구,176157,Subway
2024-02-04,서대문구,54323,Subway
2024-02-04,서초구,98902,Subway
2024-02-04,성동구,63308,Subway
2024-02-04,성북구,27773,Subway
2024-02-04,송파구,94131,Subway
2024-02-04,양천구,17681,Subway
2024-02-04,영등포구,160397,Subway
2024-02-04,은평구,70186,Subway
2024-02-04,종로구,129640,Subway
2024-02-04,중구,121040,Subway
2024-02-04,중랑구,50645,Subway
2024-02-05,강남구,405984,Subway
2024-02-05,강동구,96109,Subway
2024-02-05,강북구,45541,Subway
2024-02-05,강서구,184797,Subway
2024-02-05,관악구,146331,Subway
2024-02-05,광진구,60722,Subway
2024-02-05,구로구,126257,Subway
2024-02-05,금천구,102515,Subway
2024-02-05,노원구,160249,Subway
2024-02-05,도봉구,89697,Subway
2024-02-05,동대문구,100643,Subway
2024-02-05,동작구,88791,Subway
2024-02-05,마포구,254513,Subway
2024-02-05,서대문구,88995,Subway
2024-02-05,서초구,143702,Subway
2024-02-05,성동구,119501,Subway
2024-02-05,성북구,46920,Subway
2024-02-05,송파구,195458,Subway
2024-02-05,양천구,35178,Subway
2024-02-05,영등포구,321896,Subway
2024-02-05,은평구,120596,Subway
2024-02-05,종로구,231454,Subway
2024-02-05,중구,260564,Subway
2024-02-05,중랑구,88273,Subway
2024-02-06,강남구,419928,Subway
2024-02-06,강동구,98148,Subway
2024-02-06,강북구,47507,Subway
2024-02-06,강서구,190528,Subway
2024-02-06,관악구,153667,Subway
2024-02-06,광진구,62820,Subway
2024-02-06,구로구,130642,Subway
2024-02-06,금천구,105114,Subway
2024-02-06,노원구,165422,Subway
2024-02-06,도봉구,93699,Subway
2024-02-06,동대문구,106489,Subway
2024-02-06,동작구,91870,Subway
2024-02-06,마포구,261675,Subway
2024-02-06,서대문구,93062,Subway
2024-02-06,서초구,147633,Subway
2024-02-06,성동구,122832,Subway
2024-02-06,성북구,48431,Subway
2024-02-06,송파구,203107,Subway
2024-02-06,양천구,36837,Subway
2024-02-06,영등포구,330748,Subway
2024-02-06,은평구,126152,Subway
2024-02-06,종로구,239947,Subway
2024-02-06,중구,264955,Subway
2024-02-06,중랑구,91842,Subway
2024-02-07,강남구,412778,Subway
2024-02-07,강동구,98249,Subway
2024-02-07,강북구,47773,Subway
2024-02-07,강서구,190615,Subway
2024-02-07,관악구,155626,Subway
2024-02-07,광진구,63722,Subway
2024-02-07,구로구,130844,Subway
2024-02-07,금천구,103548,Subway
2024-02-07,노원구,166118,Subway
2024-02-07,도봉구,94555,Subway
2024-02-07,동대문구,106619,Subway
2024-02-07,동작구,92523,Subway
2024-02-07,마포구,262742,Subway
2024-02-07,서대문구,92428,Subway
2024-02-07,서초구,147256,Subway
2024-02-07,성동구,121314,Subway
2024-02-07,성북구,48708,Subway
2024-02-07,송파구,201563,Subway
2024-02-07,양천구,36597,Subway
2024-02-07,영등포구,331029,Subway
2024-02-07,은평구,126140,Subway
2024-02-07,종로구,238771,Subway
2024-02-07,중구,262388,Subway
2024-02-07,중랑구,91772,Subway
2024-02-08,강남구,380613,Subway
2024-02-08,강동구,92454,Subway
2024-02-08,강북구,46222,Subway
2024-02-08,강서구,184594,Subway
2024-02-08,관악구,149831,Subway
2024-02-08,광진구,63847,Subway
2024-02-08,구로구,126351,Subway
2024-02-08,금천구,94435,Subway
2024-02-08,노원구,160790,Subway
2024-02-08,도봉구,91787,Subway
2024-02-08,동대문구,102588,Subway
2024-02-08,동작구,91274,Subway
2024-02-08,마포구,256880,Subway
2024-02-08,서대문구,90370,Subway
2024-02-08,서초구,143208,Subway
2024-02-08,성동구,116698,Subway
2024-02-08,성북구,46994,Subway
2024-02-08,송파구,187190,Subway
2024-02-08,양천구,35346,Subway
2024-02-08,영등포구,316341,Subway
2024-02-08,은평구,123235,Subway
2024-02-08,종로구,224454,Subway
2024-02-08,중구,240096,Subway
2024-02-08,중랑구,90334,Subway
2024-02-09,강남구,102831,Subway
2024-02-09,강동구,36475,Subway
2024-02-09,강북구,22804,Subway
2024-02-09,강서구,83036,Subway
2024-02-09,관악구,69142,Subway
2024-02-09,광진구,31458,Subway
2024-02-09,구로구,50936,Subway
2024-02-09,금천구,25670,Subway
2024-02-09,노원구,72325,Subway
2024-02-09,도봉구,43863,Subway
2024-02-09,동대문구,45251,Subway
2024-02-09,동작구,44511,Subway
2024-02-09,마포구,124543,Subway
2024-02-09,서대문구,40893,Subway
2024-02-09,서초구,59439,Subway
2024-02-09,성동구,43403,Subway
2024-02-09,성북구,20569,Subway
2024-02-09,송파구,68126,Subway
2024-02-09,양천구,14013,Subway
2024-02-09,영등포구,106367,Subway
2024-02-09,은평구,58147,Subway
2024-02-09,종로구,100944,Subway
2024-02-09,중구,91399,Subway
2024-02-09,중랑구,41995,Subway
2024-02-10,강남구,59757,Subway
2024-02-10,강동구,26839,Subway
2024-02-10,강북구,21793,Subway
2024-02-10,강서구,65890,Subway
2024-02-10,관악구,50430,Subway
2024-02-10,광진구,22817,Subway
2024-02-10,구로구,41399,Subway
2024-02-10,금천구,20317,Subway
2024-02-10,노원구,62704,Subway
2024-02-10,도봉구,38694,Subway
2024-02-10,동대문구,31991,Subway
2024-02-10,동작구,30911,Subway
2024-02-10,마포구,93706,Subway
2024-02-10,서대문구,29173,Subway
2024-02-10,서초구,57197,Subway
2024-02-10,성동구,29361,Subway
2024-02-10,성북구,18192,Subway
2024-02-10,송파구,46961,Subway
2024-02-10,양천구,11133,Subway
2024-02-10,영등포구,81667,Subway
2024-02-10,은평구,46893,Subway
2024-02-10,종로구,94073,Subway
2024-02-10,중구,87321,Subway
2024-02-10,중랑구,35389,Subway
2024-02-11,강남구,89821,Subway
2024-02-11,강동구,37013,Subway
2024-02-11,강북구,25698,Subway
2024-02-11,강서구,83985,Subway
2024-02-11,관악구,67776,Subway
2024-02-11,광진구,31929,Subway
2024-02-11,구로구,51809,Subway
2024-02-11,금천구,24804,Subway
2024-02-11,노원구,78333,Subway
2024-02-11,도봉구,49098,Subway
2024-02-11,동대문구,41612,Subway
2024-02-11,동작구,37909,Subway
2024-02-11,마포구,137340,Subway
2024-02-11,서대문구,39686,Subway
2024-02-11,서초구,111249,Subway
2024-02-11,성동구,46059,Subway
2024-02-11,성북구,21931,Subway
2024-02-11,송파구,69519,Subway
2024-02-11,양천구,14689,Subway
2024-02-11,영등포구,124249,Subway
2024-02-11,은평구,60024,Subway
2024-02-11,종로구,126152,Subway
2024-02-11,중구,118284,Subway
2024-02-11,중랑구,40926,Subway
2024-02-12,강남구,118871,Subway
2024-02-12,강동구,40662,Subway
2024-02-12,강북구,27837,Subway
2024-02-12,강서구,91272,Subway
2024-02-12,관악구,76573,Subway
2024-02-12,광진구,36676,Subway
2024-02-12,구로구,55893,Subway
2024-02-12,금천구,27362,Subway
2024-02-12,노원구,86006,Subway
2024-02-12,도봉구,52335,Subway
2024-02-12,동대문구,45942,Subway
2024-02-12,동작구,42291,Subway
2024-02-12,마포구,151558,Subway
2024-02-12,서대문구,46103,Subway
2024-02-12,서초구,117401,Subway
2024-02-12,성동구,52300,Subway
2024-02-12,성북구,23339,Subway
2024-02-12,송파구,76136,Subway
2024-02-12,양천구,15744,Subway
2024-02-12,영등포구,135640,Subway
2024-02-12,은평구,64330,Subway
2024-02-12,종로구,126074,Subway
2024-02-12,중구,115030,Subway
2024-02-12,중랑구,45404,Subway
2024-02-13,강남구,386479,Subway
2024-02-13,강동구,90074,Subway
2024-02-13,강북구,44851,Subway
2024-02-13,강서구,178708,Subway
2024-02-13,관악구,141914,Subway
2024-02-13,광진구,59328,Subway
2024-02-13,구로구,122973,Subway
2024-02-13,금천구,97089,Subway
2024-02-13,노원구,157108,Subway
2024-02-13,도봉구,88633,Subway
2024-02-13,동대문구,93461,Subway
2024-02-13,동작구,84075,Subway
2024-02-13,마포구,252036,Subway
2024-02-13,서대문구,86448,Subway
2024-02-13,서초구,153927,Subway
2024-02-13,성동구,115130,Subway
2024-02-13,성북구,44817,Subway
2024-02-13,송파구,185112,Subway
2024-02-13,양천구,34526,Subway
2024-02-13,영등포구,309994,Subway
2024-02-13,은평구,118425,Subway
2024-02-13,종로구,216357,Subway
2024-02-13,중구,248515,Subway
2024-02-13,중랑구,85722,Subway
2024-02-14,강남구,420719,Subway
2024-02-14,강동구,96869,Subway
2024-02-14,강북구,48297,Subway
2024-02-14,강서구,189957,Subway
2024-02-14,관악구,156436,Subway
2024-02-14,광진구,63005,Subway
2024-02-14,구로구,132822,Subway
2024-02-14,금천구,105579,Subway
2024-02-14,노원구,168082,Subway
2024-02-14,도봉구,94372,Subway
2024-02-14,동대문구,102364,Subway
2024-02-14,동작구,90355,Subway
2024-02-14,마포구,276535,Subway
2024-02-14,서대문구,94760,Subway
2024-02-14,서초구,155151,Subway
2024-02-14,성동구,127459,Subway
2024-02-14,성북구,49558,Subway
2024-02-14,송파구,199778,Subway
2024-02-14,양천구,37414,Subway
2024-02-14,영등포구,335726,Subway
2024-02-14,은평구,126133,Subway
2024-02-14,종로구,250923,Subway
2024-02-14,중구,271239,Subway
2024-02-14,중랑구,91006,Subway
2024-02-15,강남구,418929,Subway
2024-02-15,강동구,94227,Subway
2024-02-15,강북구,45071,Subway
2024-02-15,강서구,186348,Subway
2024-02-15,관악구,153672,Subway
2024-02-15,광진구,61758,Subway
2024-02-15,구로구,127415,Subway
2024-02-15,금천구,102421,Subway
2024-02-15,노원구,160468,Subway
2024-02-15,도봉구,88193,Subway
2024-02-15,동대문구,99028,Subway
2024-02-15,동작구,88639,Subway
2024-02-15,마포구,267986,Subway
2024-02-15,서대문구,92507,Subway
2024-02-15,서초구,154316,Subway
2024-02-15,성동구,124437,Subway
2024-02-15,성북구,47703,Subway
2024-02-15,송파구,198825,Subway
2024-02-15,양천구,36034,Subway
2024-02-15,영등포구,329663,Subway
2024-02-15,은평구,121897,Subway
2024-02-15,종로구,241764,Subway
2024-02-15,중구,273350,Subway
2024-02-15,중랑구,88611,Subway
2024-02-16,강남구,435679,Subway
2024-02-16,강동구,100352,Subway
2024-02-16,강북구,49255,Subway
2024-02-16,강서구,196287,Subway
2024-02-16,관악구,167278,Subway
2024-02-16,광진구,68449,Subway
2024-02-16,구로구,135337,Subway
2024-02-16,금천구,105156,Subway
2024-02-16,노원구,172780,Subway
2024-02-16,도봉구,97826,Subway
2024-02-16,동대문구,107866,Subway
2024-02-16,동작구,96406,Subway
2024-02-16,마포구,292387,Subway
2024-02-16,서대문구,100764,Subway
2024-02-16,서초구,172344,Subway
2024-02-16,성동구,133881,Subway
2024-02-16,성북구,49925,Subway
2024-02-16,송파구,207812,Subway
2024-02-16,양천구,38382,Subway
2024-02-16,영등포구,348348,Subway
2024-02-16,은평구,131150,Subway
2024-02-16,종로구,264937,Subway
2024-02-16,중구,286004,Subway
2024-02-16,중랑구,95443,Subway
2024-02-17,강남구,258859,Subway
2024-02-17,강동구,69085,Subway
2024-02-17,강북구,40529,Subway
2024-02-17,강서구,139078,Subway
2024-02-17,관악구,138892,Subway
2024-02-17,광진구,59807,Subway
2024-02-17,구로구,92546,Subway
2024-02-17,금천구,42641,Subway
2024-02-17,노원구,134521,Subway
2024-02-17,도봉구,78163,Subway
2024-02-17,동대문구,81823,Subway
2024-02-17,동작구,74433,Subway
2024-02-17,마포구,255434,Subway
2024-02-17,서대문구,81317,Subway
2024-02-17,서초구,142023,Subway
2024-02-17,성동구,96284,Subway
2024-02-17,성북구,36117,Subway
2024-02-17,송파구,138789,Subway
2024-02-17,양천구,26242,Subway
2024-02-17,영등포구,233535,Subway
2024-02-17,은평구,100212,Subway
2024-02-17,종로구,209807,Subway
2024-02-17,중구,184229,Subway
2024-02-17,중랑구,73484,Subway
2024-02-18,강남구,151708,Subway
2024-02-18,강동구,47406,Subway
2024-02-18,강북구,29288,Subway
2024-02-18,강서구,100596,Subway
2024-02-18,관악구,96229,Subway
2024-02-18,광진구,42757,Subway
2024-02-18,구로구,64370,Subway
2024-02-18,금천구,28399,Subway
2024-02-18,노원구,94343,Subway
2024-02-18,도봉구,57303,Subway
2024-02-18,동대문구,58343,Subway
2024-02-18,동작구,50591,Subway
2024-02-18,마포구,189828,Subway
2024-02-18,서대문구,56754,Subway
2024-02-18,서초구,110741,Subway
2024-02-18,성동구,67374,Subway
2024-02-18,성북구,26920,Subway
2024-02-18,송파구,92723,Subway
2024-02-18,양천구,17694,Subway
2024-02-18,영등포구,169371,Subway
2024-02-18,은평구,70252,Subway
2024-02-18,종로구,135273,Subway
2024-02-18,중구,126009,Subway
2024-02-18,중랑구,51022,Subway
2024-02-19,강남구,401651,Subway
2024-02-19,강동구,93201,Subway
2024-02-19,강북구,43904,Subway
2024-02-19,강서구,181687,Subway
2024-02-19,관악구,146940,Subway
2024-02-19,광진구,60158,Subway
2024-02-19,구로구,125613,Subway
2024-02-19,금천구,102379,Subway
2024-02-19,노원구,155743,Subway
2024-02-19,도봉구,86809,Subway
2024-02-19,동대문구,96145,Subway
2024-02-19,동작구,87025,Subway
2024-02-19,마포구,255361,Subway
2024-02-19,서대문구,89905,Subway
2024-02-19,서초구,149702,Subway
2024-02-19,성동구,118774,Subway
2024-02-19,성북구,47090,Subway
2024-02-19,송파구,190991,Subway
2024-02-19,양천구,35264,Subway
2024-02-19,영등포구,319243,Subway
2024-02-19,은평구,118595,Subway
2024-02-19,종로구,229751,Subway
2024-02-19,중구,260944,Subway
2024-02-19,중랑구,86531,Subway
2024-02-20,강남구,424178,Subway
2024-02-20,강동구,97280,Subway
2024-02-20,강북구,47076,Subway
2024-02-20,강서구,192702,Subway
2024-02-20,관악구,155988,Subway
2024-02-20,광진구,62475,Subway
2024-02-20,구로구,131072,Subway
2024-02-20,금천구,105685,Subway
2024-02-20,노원구,166325,Subway
2024-02-20,도봉구,93189,Subway
2024-02-20,동대문구,103816,Subway
2024-02-20,동작구,91290,Subway
2024-02-20,마포구,271094,Subway
2024-02-20,서대문구,96362,Subway
2024-02-20,서초구,157912,Subway
2024-02-20,성동구,125898,Subway
2024-02-20,성북구,48270,Subway
2024-02-20,송파구,201602,Subway
2024-02-20,양천구,37258,Subway
2024-02-20,영등포구,335924,Subway
2024-02-20,은평구,125708,Subway
2024-02-20,종로구,250064,Subway
2024-02-20,중구,275838,Subway
2024-02-20,중랑구,91195,Subway
2024-02-21,강남구,416215,Subway
2024-02-21,강동구,96036,Subway
2024-02-21,강북구,45723,Subway
2024-02-21,강서구,186307,Subway
2024-02-21,관악구,153809,Subway
2024-02-21,광진구,61346,Subway
2024-02-21,구로구,127093,Subway
2024-02-21,금천구,102437,Subway
2024-02-21,노원구,160854,Subway
2024-02-21,도봉구,88820,Subway
2024-02-21,동대문구,103560,Subway
2024-02-21,동작구,89416,Subway
2024-02-21,마포구,266148,Subway
2024-02-21,서대문구,92006,Subway
2024-02-21,서초구,154506,Subway
2024-02-21,성동구,122423,Subway
2024-02-21,성북구,47854,Subway
2024-02-21,송파구,197543,Subway
2024-02-21,양천구,36245,Subway
2024-02-21,영등포구,331681,Subway
2024-02-21,은평구,122239,Subway
2024-02-21,종로구,246137,Subway
2024-02-21,중구,274371,Subway
2024-02-21,중랑구,88863,Subway
2024-02-22,강남구,429244,Subway
2024-02-22,강동구,98461,Subway
2024-02-22,강북구,47043,Subway
2024-02-22,강서구,194098,Subway
2024-02-22,관악구,159431,Subway
2024-02-22,광진구,69615,Subway
2024-02-22,구로구,132069,Subway
2024-02-22,금천구,104624,Subway
2024-02-22,노원구,167060,Subway
2024-02-22,도봉구,92794,Subway
2024-02-22,동대문구,105844,Subway
2024-02-22,동작구,93046,Subway
2024-02-22,마포구,281173,Subway
2024-02-22,서대문구,98026,Subway
2024-02-22,서초구,160807,Subway
2024-02-22,성동구,128105,Subway
2024-02-22,성북구,49569,Subway
2024-02-22,송파구,205199,Subway
2024-02-22,양천구,38111,Subway
2024-02-22,영등포구,345546,Subway
2024-02-22,은평구,125596,Subway
2024-02-22,종로구,251067,Subway
2024-02-22,중구,279804,Subway
2024-02-22,중랑구,93459,Subway
2024-02-23,강남구,434869,Subway
2024-02-23,강동구,99719,Subway
2024-02-23,강북구,49207,Subway
2024-02-23,강서구,197031,Subway
2024-02-23,관악구,168328,Subway
2024-02-23,광진구,68246,Subway
2024-02-23,구로구,133816,Subway
2024-02-23,금천구,103789,Subway
2024-02-23,노원구,171482,Subway
2024-02-23,도봉구,97038,Subway
2024-02-23,동대문구,109342,Subway
2024-02-23,동작구,98100,Subway
2024-02-23,마포구,292855,Subway
2024-02-23,서대문구,101737,Subway
2024-02-23,서초구,171188,Subway
2024-02-23,성동구,133533,Subway
2024-02-23,성북구,50143,Subway
2024-02-23,송파구,206905,Subway
2024-02-23,양천구,38119,Subway
2024-02-23,영등포구,351601,Subway
2024-02-23,은평구,131191,Subway
2024-02-23,종로구,263167,Subway
2024-02-23,중구,293541,Subway
2024-02-23,중랑구,95657,Subway
2024-02-24,강남구,266097,Subway
2024-02-24,강동구,69524,Subway
2024-02-24,강북구,40506,Subway
2024-02-24,강서구,138151,Subway
2024-02-24,관악구,138018,Subway
2024-02-24,광진구,60696,Subway
2024-02-24,구로구,92713,Subway
2024-02-24,금천구,41923,Subway
2024-02-24,노원구,134634,Subway
2024-02-24,도봉구,76286,Subway
2024-02-24,동대문구,81359,Subway
2024-02-24,동작구,75258,Subway
2024-02-24,마포구,249626,Subway
2024-02-24,서대문구,83286,Subway
2024-02-24,서초구,145939,Subway
2024-02-24,성동구,95003,Subway
2024-02-24,성북구,36285,Subway
2024-02-24,송파구,141394,Subway
2024-02-24,양천구,26379,Subway
2024-02-24,영등포구,239868,Subway
2024-02-24,은평구,99887,Subway
2024-02-24,종로구,206224,Subway
2024-02-24,중구,185337,Subway
2024-02-24,중랑구,73607,Subway
2024-02-25,강남구,162684,Subway
2024-02-25,강동구,49280,Subway
2024-02-25,강북구,29883,Subway
2024-02-25,강서구,104999,Subway
2024-02-25,관악구,97569,Subway
2024-02-25,광진구,45840,Subway
2024-02-25,구로구,66136,Subway
2024-02-25,금천구,29271,Subway
2024-02-25,노원구,98548,Subway
2024-02-25,도봉구,58440,Subway
2024-02-25,동대문구,60327,Subway
2024-02-25,동작구,52242,Subway
2024-02-25,마포구,190804,Subway
2024-02-25,서대문구,60631,Subway
2024-02-25,서초구,114181,Subway
2024-02-25,성동구,68922,Subway
2024-02-25,성북구,28242,Subway
2024-02-25,송파구,98821,Subway
2024-02-25,양천구,18687,Subway
2024-02-25,영등포구,174472,Subway
2024-02-25,은평구,72268,Subway
2024-02-25,종로구,135835,Subway
2024-02-25,중구,134854,Subway
2024-02-25,중랑구,52570,Subway
2024-02-26,강남구,410161,Subway
2024-02-26,강동구,96268,Subway
2024-02-26,강북구,47128,Subway
2024-02-26,강서구,186861,Subway
2024-02-26,관악구,152468,Subway
2024-02-26,광진구,62801,Subway
2024-02-26,구로구,130078,Subway
2024-02-26,금천구,103912,Subway
2024-02-26,노원구,163519,Subway
2024-02-26,도봉구,92637,Subway
2024-02-26,동대문구,103296,Subway
2024-02-26,동작구,90320,Subway
2024-02-26,마포구,270559,Subway
2024-02-26,서대문구,99889,Subway
2024-02-26,서초구,154113,Subway
2024-02-26,성동구,125303,Subway
2024-02-26,성북구,48083,Subway
2024-02-26,송파구,195757,Subway
2024-02-26,양천구,36751,Subway
2024-02-26,영등포구,328717,Subway
2024-02-26,은평구,125170,Subway
2024-02-26,종로구,243140,Subway
2024-02-26,중구,266803,Subway
2024-02-26,중랑구,91092,Subway
2024-02-27,강남구,424105,Subway
2024-02-27,강동구,96694,Subway
2024-02-27,강북구,48157,Subway
2024-02-27,강서구,189718,Subway
2024-02-27,관악구,158319,Subway
2024-02-27,광진구,63704,Subway
2024-02-27,구로구,132055,Subway
2024-02-27,금천구,104706,Subway
2024-02-27,노원구,168020,Subway
2024-02-27,도봉구,95137,Subway
2024-02-27,동대문구,104839,Subway
2024-02-27,동작구,92756,Subway
2024-02-27,마포구,274497,Subway
2024-02-27,서대문구,96132,Subway
2024-02-27,서초구,157417,Subway
2024-02-27,성동구,128450,Subway
2024-02-27,성북구,48897,Subway
2024-02-27,송파구,201826,Subway
2024-02-27,양천구,37627,Subway
2024-02-27,영등포구,335849,Subway
2024-02-27,은평구,127099,Subway
2024-02-27,종로구,250155,Subway
2024-02-27,중구,273421,Subway
2024-02-27,중랑구,93042,Subway
2024-02-28,강남구,425616,Subway
2024-02-28,강동구,98273,Subway
2024-02-28,강북구,48471,Subway
2024-02-28,강서구,193199,Subway
2024-02-28,관악구,160107,Subway
2024-02-28,광진구,65194,Subway
2024-02-28,구로구,133067,Subway
2024-02-28,금천구,104744,Subway
2024-02-28,노원구,169964,Subway
2024-02-28,도봉구,95867,Subway
2024-02-28,동대문구,106803,Subway
2024-02-28,동작구,93819,Subway
2024-02-28,마포구,274422,Subway
2024-02-28,서대문구,95833,Subway
2024-02-28,서초구,158557,Subway
2024-02-28,성동구,129336,Subway
2024-02-28,성북구,49360,Subway
2024-02-28,송파구,205530,Subway
2024-02-28,양천구,37770,Subway
2024-02-28,영등포구,341009,Subway
2024-02-28,은평구,129020,Subway
2024-02-28,종로구,254562,Subway
2024-02-28,중구,277737,Subway
2024-02-28,중랑구,93796,Subway
2024-02-29,강남구,426305,Subway
2024-02-29,강동구,98576,Subway
2024-02-29,강북구,48481,Subway
2024-02-29,강서구,194479,Subway
2024-02-29,관악구,165831,Subway
2024-02-29,광진구,67985,Subway
2024-02-29,구로구,134155,Subway
2024-02-29,금천구,103388,Subway
2024-02-29,노원구,170405,Subway
2024-02-29,도봉구,96105,Subway
2024-02-29,동대문구,110462,Subway
2024-02-29,동작구,95667,Subway
2024-02-29,마포구,286217,Subway
2024-02-29,서대문구,99440,Subway
2024-02-29,서초구,169259,Subway
2024-02-29,성동구,128650,Subway
2024-02-29,성북구,49789,Subway
2024-02-29,송파구,205388,Subway
2024-02-29,양천구,38122,Subway
2024-02-29,영등포구,342899,Subway
2024-02-29,은평구,129612,Subway
2024-02-29,종로구,258140,Subway
2024-02-29,중구,276923,Subway
2024-02-29,중랑구,94368,Subway
2024-03-01,강남구,182077,Subway
2024-03-01,강동구,56241,Subway
2024-03-01,강북구,34038,Subway
2024-03-01,강서구,119001,Subway
2024-03-01,관악구,109932,Subway
2024-03-01,광진구,53061,Subway
2024-03-01,구로구,74221,Subway
2024-03-01,금천구,34979,Subway
2024-03-01,노원구,107348,Subway
2024-03-01,도봉구,63247,Subway
2024-03-01,동대문구,69450,Subway
2024-03-01,동작구,61654,Subway
2024-03-01,마포구,210185,Subway
2024-03-01,서대문구,76019,Subway
2024-03-01,서초구,117310,Subway
2024-03-01,성동구,79361,Subway
2024-03-01,성북구,29985,Subway
2024-03-01,송파구,111948,Subway
2024-03-01,양천구,20966,Subway
2024-03-01,영등포구,193735,Subway
2024-03-01,은평구,83477,Subway
2024-03-01,종로구,188327,Subway
2024-03-01,중구,167775,Subway
2024-03-01,중랑구,60402,Subway
2024-03-02,강남구,217143,Subway
2024-03-02,강동구,59591,Subway
2024-03-02,강북구,34530,Subway
2024-03-02,강서구,121187,Subway
2024-03-02,관악구,113830,Subway
2024-03-02,광진구,53393,Subway
2024-03-02,구로구,78523,Subway
2024-03-02,금천구,34119,Subway
2024-03-02,노원구,114319,Subway
2024-03-02,도봉구,65517,Subway
2024-03-02,동대문구,71703,Subway
2024-03-02,동작구,64721,Subway
2024-03-02,마포구,216638,Subway
2024-03-02,서대문구,73816,Subway
2024-03-02,서초구,125067,Subway
2024-03-02,성동구,79082,Subway
2024-03-02,성북구,31205,Subway
2024-03-02,송파구,117488,Subway
2024-03-02,양천구,21928,Subway
2024-03-02,영등포구,197037,Subway
2024-03-02,은평구,87158,Subway
2024-03-02,종로구,171726,Subway
2024-03-02,중구,153113,Subway
2024-03-02,중랑구,62839,Subway
2024-03-03,강남구,141252,Subway
2024-03-03,강동구,46985,Subway
2024-03-03,강북구,29526,Subway
2024-03-03,강서구,98606,Subway
2024-03-03,관악구,92469,Subway
2024-03-03,광진구,42346,Subway
2024-03-03,구로구,62792,Subway
2024-03-03,금천구,27746,Subway
2024-03-03,노원구,94472,Subway
2024-03-03,도봉구,57724,Subway
2024-03-03,동대문구,60865,Subway
2024-03-03,동작구,49982,Subway
2024-03-03,마포구,167501,Subway
2024-03-03,서대문구,56054,Subway
2024-03-03,서초구,114970,Subway
2024-03-03,성동구,61710,Subway
2024-03-03,성북구,27557,Subway
2024-03-03,송파구,92640,Subway
2024-03-03,양천구,17560,Subway
2024-03-03,영등포구,165431,Subway
2024-03-03,은평구,70574,Subway
2024-03-03,종로구,123862,Subway
2024-03-03,중구,115993,Subway
2024-03-03,중랑구,50134,Subway
2024-03-04,강남구,390205,Subway
2024-03-04,강동구,97274,Subway
2024-03-04,강북구,49296,Subway
2024-03-04,강서구,187693,Subway
2024-03-04,관악구,150906,Subway
2024-03-04,광진구,65277,Subway
2024-03-04,구로구,130640,Subway
2024-03-04,금천구,100868,Subway
2024-03-04,노원구,170025,Subway
2024-03-04,도봉구,95941,Subway
2024-03-04,동대문구,109408,Subway
2024-03-04,동작구,92557,Subway
2024-03-04,마포구,253248,Subway
2024-03-04,서대문구,102108,Subway
2024-03-04,서초구,148352,Subway
2024-03-04,성동구,125938,Subway
2024-03-04,성북구,52233,Subway
2024-03-04,송파구,198499,Subway
2024-03-04,양천구,37114,Subway
2024-03-04,영등포구,316776,Subway
2024-03-04,은평구,126229,Subway
2024-03-04,종로구,232915,Subway
2024-03-04,중구,258863,Subway
2024-03-04,중랑구,93622,Subway
2024-03-05,강남구,408975,Subway
2024-03-05,강동구,98796,Subway
2024-03-05,강북구,50191,Subway
2024-03-05,강서구,189407,Subway
2024-03-05,관악구,156525,Subway
2024-03-05,광진구,66525,Subway
2024-03-05,구로구,132863,Subway
2024-03-05,금천구,105324,Subway
2024-03-05,노원구,172571,Subway
2024-03-05,도봉구,96699,Subway
2024-03-05,동대문구,110825,Subway
2024-03-05,동작구,94370,Subway
2024-03-05,마포구,260690,Subway
2024-03-05,서대문구,104476,Subway
2024-03-05,서초구,151210,Subway
2024-03-05,성동구,131039,Subway
2024-03-05,성북구,53572,Subway
2024-03-05,송파구,204615,Subway
2024-03-05,양천구,38213,Subway
2024-03-05,영등포구,328193,Subway
2024-03-05,은평구,127904,Subway
2024-03-05,종로구,240538,Subway
2024-03-05,중구,276202,Subway
2024-03-05,중랑구,95081,Subway
2024-03-06,강남구,413618,Subway
2024-03-06,강동구,100393,Subway
2024-03-06,강북구,51061,Subway
2024-03-06,강서구,191649,Subway
2024-03-06,관악구,159714,Subway
2024-03-06,광진구,67293,Subway
2024-03-06,구로구,134685,Subway
2024-03-06,금천구,105445,Subway
2024-03-06,노원구,175829,Subway
2024-03-06,도봉구,98811,Subway
2024-03-06,동대문구,114080,Subway
2024-03-06,동작구,96075,Subway
2024-03-06,마포구,267265,Subway
2024-03-06,서대문구,105744,Subway
2024-03-06,서초구,153753,Subway
2024-03-06,성동구,132979,Subway
2024-03-06,성북구,54431,Subway
2024-03-06,송파구,205125,Subway
2024-03-06,양천구,38470,Subway
2024-03-06,영등포구,334823,Subway
2024-03-06,은평구,130052,Subway
2024-03-06,종로구,251500,Subway
2024-03-06,중구,285981,Subway
2024-03-06,중랑구,96774,Subway
2024-03-07,강남구,421509,Subway
2024-03-07,강동구,100270,Subway
2024-03-07,강북구,50686,Subway
2024-03-07,강서구,192883,Subway
2024-03-07,관악구,161506,Subway
2024-03-07,광진구,67543,Subway
2024-03-07,구로구,134351,Subway
2024-03-07,금천구,104884,Subway
2024-03-07,노원구,174602,Subway
2024-03-07,도봉구,97312,Subway
2024-03-07,동대문구,114309,Subway
2024-03-07,동작구,95911,Subway
2024-03-07,마포구,274096,Subway
2024-03-07,서대문구,108295,Subway
2024-03-07,서초구,159301,Subway
2024-03-07,성동구,133665,Subway
2024-03-07,성북구,54001,Subway
2024-03-07,송파구,207154,Subway
2024-03-07,양천구,38527,Subway
2024-03-07,영등포구,336907,Subway
2024-03-07,은평구,129436,Subway
2024-03-07,종로구,254535,Subway
2024-03-07,중구,293303,Subway
2024-03-07,중랑구,96288,Subway
2024-03-08,강남구,433476,Subway
2024-03-08,강동구,102838,Subway
2024-03-08,강북구,51250,Subway
2024-03-08,강서구,197578,Subway
2024-03-08,관악구,169738,Subway
2024-03-08,광진구,70264,Subway
2024-03-08,구로구,136925,Subway
2024-03-08,금천구,104578,Subway
2024-03-08,노원구,177759,Subway
2024-03-08,도봉구,101321,Subway
2024-03-08,동대문구,116061,Subway
2024-03-08,동작구,100205,Subway
2024-03-08,마포구,288814,Subway
2024-03-08,서대문구,109611,Subway
2024-03-08,서초구,171488,Subway
2024-03-08,성동구,137117,Subway
2024-03-08,성북구,54157,Subway
2024-03-08,송파구,211107,Subway
2024-03-08,양천구,39056,Subway
2024-03-08,영등포구,352266,Subway
2024-03-08,은평구,132900,Subway
2024-03-08,종로구,266625,Subway
2024-03-08,중구,295893,Subway
2024-03-08,중랑구,98987,Subway
2024-03-09,강남구,256300,Subway
2024-03-09,강동구,70098,Subway
2024-03-09,강북구,40738,Subway
2024-03-09,강서구,138063,Subway
2024-03-09,관악구,140215,Subway
2024-03-09,광진구,61195,Subway
2024-03-09,구로구,91717,Subway
2024-03-09,금천구,42173,Subway
2024-03-09,노원구,134258,Subway
2024-03-09,도봉구,79166,Subway
2024-03-09,동대문구,85243,Subway
2024-03-09,동작구,75770,Subway
2024-03-09,마포구,246234,Subway
2024-03-09,서대문구,84071,Subway
2024-03-09,서초구,140962,Subway
2024-03-09,성동구,93832,Subway
2024-03-09,성북구,36402,Subway
2024-03-09,송파구,138437,Subway
2024-03-09,양천구,26109,Subway
2024-03-09,영등포구,238815,Subway
2024-03-09,은평구,100110,Subway
2024-03-09,종로구,203861,Subway
2024-03-09,중구,182200,Subway
2024-03-09,중랑구,73173,Subway
2024-03-10,강남구,154998,Subway
2024-03-10,강동구,49796,Subway
2024-03-10,강북구,31729,Subway
2024-03-10,강서구,103223,Subway
2024-03-10,관악구,99733,Subway
2024-03-10,광진구,45846,Subway
2024-03-10,구로구,67337,Subway
2024-03-10,금천구,30471,Subway
2024-03-10,노원구,100737,Subway
2024-03-10,도봉구,62598,Subway
2024-03-10,동대문구,65138,Subway
2024-03-10,동작구,53223,Subway
2024-03-10,마포구,197368,Subway
2024-03-10,서대문구,60090,Subway
2024-03-10,서초구,113209,Subway
2024-03-10,성동구,68667,Subway
2024-03-10,성북구,27911,Subway
2024-03-10,송파구,95942,Subway
2024-03-10,양천구,18813,Subway
2024-03-10,영등포구,171971,Subway
2024-03-10,은평구,76205,Subway
2024-03-10,종로구,142440,Subway
2024-03-10,중구,138136,Subway
2024-03-10,중랑구,53556,Subway
2024-03-11,강남구,400625,Subway
2024-03-11,강동구,98777,Subway
2024-03-11,강북구,49865,Subway
2024-03-11,강서구,189375,Subway
2024-03-11,관악구,154098,Subway
2024-03-11,광진구,65128,Subway
2024-03-11,구로구,131958,Subway
2024-03-11,금천구,105103,Subway
2024-03-11,노원구,171088,Subway
2024-03-11,도봉구,96095,Subway
2024-03-11,동대문구,111258,Subway
2024-03-11,동작구,93610,Subway
2024-03-11,마포구,261944,Subway
2024-03-11,서대문구,103019,Subway
2024-03-11,서초구,151739,Subway
2024-03-11,성동구,128861,Subway
2024-03-11,성북구,54053,Subway
2024-03-11,송파구,200500,Subway
2024-03-11,양천구,37898,Subway
2024-03-11,영등포구,325321,Subway
2024-03-11,은평구,127100,Subway
2024-03-11,종로구,241700,Subway
2024-03-11,중구,276396,Subway
2024-03-11,중랑구,94705,Subway
2024-03-12,강남구,413790,Subway
2024-03-12,강동구,98904,Subway
2024-03-12,강북구,50040,Subway
2024-03-12,강서구,190326,Subway
2024-03-12,관악구,158103,Subway
2024-03-12,광진구,66175,Subway
2024-03-12,구로구,132897,Subway
2024-03-12,금천구,105738,Subway
2024-03-12,노원구,172518,Subway
2024-03-12,도봉구,95766,Subway
2024-03-12,동대문구,110496,Subway
2024-03-12,동작구,95067,Subway
2024-03-12,마포구,266260,Subway
2024-03-12,서대문구,105049,Subway
2024-03-12,서초구,154883,Subway
2024-03-12,성동구,133442,Subway
2024-03-12,성북구,53470,Subway
2024-03-12,송파구,203868,Subway
2024-03-12,양천구,38157,Subway
2024-03-12,영등포구,332279,Subway
2024-03-12,은평구,127938,Subway
2024-03-12,종로구,248352,Subway
2024-03-12,중구,285108,Subway
2024-03-12,중랑구,93963,Subway
2024-03-13,강남구,415032,Subway
2024-03-13,강동구,101318,Subway
2024-03-13,강북구,51866,Subway
2024-03-13,강서구,193732,Subway
2024-03-13,관악구,162258,Subway
2024-03-13,광진구,68092,Subway
2024-03-13,구로구,135870,Subway
2024-03-13,금천구,106064,Subway
2024-03-13,노원구,177680,Subway
2024-03-13,도봉구,100086,Subway
2024-03-13,동대문구,115343,Subway
2024-03-13,동작구,98088,Subway
2024-03-13,마포구,274040,Subway
2024-03-13,서대문구,107796,Subway
2024-03-13,서초구,158329,Subway
2024-03-13,성동구,136510,Subway
2024-03-13,성북구,54602,Subway
2024-03-13,송파구,209032,Subway
2024-03-13,양천구,38862,Subway
2024-03-13,영등포구,341794,Subway
2024-03-13,은평구,132009,Subway
2024-03-13,종로구,259785,Subway
2024-03-13,중구,294433,Subway
2024-03-13,중랑구,97185,Subway
2024-03-14,강남구,422002,Subway
2024-03-14,강동구,101029,Subway
2024-03-14,강북구,51504,Subway
2024-03-14,강서구,194515,Subway
2024-03-14,관악구,165211,Subway
2024-03-14,광진구,69362,Subway
2024-03-14,구로구,136545,Subway
2024-03-14,금천구,106472,Subway
2024-03-14,노원구,178447,Subway
2024-03-14,도봉구,100716,Subway
2024-03-14,동대문구,116290,Subway
2024-03-14,동작구,98419,Subway
2024-03-14,마포구,280063,Subway
2024-03-14,서대문구,108203,Subway
2024-03-14,서초구,163302,Subway
2024-03-14,성동구,138955,Subway
2024-03-14,성북구,55149,Subway
2024-03-14,송파구,212268,Subway
2024-03-14,양천구,38974,Subway
2024-03-14,영등포구,340361,Subway
2024-03-14,은평구,131876,Subway
2024-03-14,종로구,261618,Subway
2024-03-14,중구,295089,Subway
2024-03-14,중랑구,97749,Subway
2024-03-15,강남구,432946,Subway
2024-03-15,강동구,102971,Subway
2024-03-15,강북구,52079,Subway
2024-03-15,강서구,200050,Subway
2024-03-15,관악구,171856,Subway
2024-03-15,광진구,71743,Subway
2024-03-15,구로구,137856,Subway
2024-03-15,금천구,105101,Subway
2024-03-15,노원구,179600,Subway
2024-03-15,도봉구,102123,Subway
2024-03-15,동대문구,117654,Subway
2024-03-15,동작구,101868,Subway
2024-03-15,마포구,294435,Subway
2024-03-15,서대문구,108159,Subway
2024-03-15,서초구,175300,Subway
2024-03-15,성동구,141286,Subway
2024-03-15,성북구,54352,Subway
2024-03-15,송파구,216374,Subway
2024-03-15,양천구,39446,Subway
2024-03-15,영등포구,351997,Subway
2024-03-15,은평구,137832,Subway
2024-03-15,종로구,267189,Subway
2024-03-15,중구,297301,Subway
2024-03-15,중랑구,100040,Subway
2024-03-16,강남구,263768,Subway
2024-03-16,강동구,71473,Subway
2024-03-16,강북구,42755,Subway
2024-03-16,강서구,143918,Subway
2024-03-16,관악구,143065,Subway
2024-03-16,광진구,64503,Subway
2024-03-16,구로구,94474,Subway
2024-03-16,금천구,44282,Subway
2024-03-16,노원구,138384,Subway
2024-03-16,도봉구,82071,Subway
2024-03-16,동대문구,90106,Subway
2024-03-16,동작구,79181,Subway
2024-03-16,마포구,259457,Subway
2024-03-16,서대문구,86659,Subway
2024-03-16,서초구,147355,Subway
2024-03-16,성동구,105896,Subway
2024-03-16,성북구,38148,Subway
2024-03-16,송파구,149814,Subway
2024-03-16,양천구,27249,Subway
2024-03-16,영등포구,243572,Subway
2024-03-16,은평구,103594,Subway
2024-03-16,종로구,219294,Subway
2024-03-16,중구,193337,Subway
2024-03-16,중랑구,76355,Subway
2024-03-17,강남구,161306,Subway
2024-03-17,강동구,50186,Subway
2024-03-17,강북구,31604,Subway
2024-03-17,강서구,105520,Subway
2024-03-17,관악구,101400,Subway
2024-03-17,광진구,48190,Subway
2024-03-17,구로구,68981,Subway
2024-03-17,금천구,31562,Subway
2024-03-17,노원구,100268,Subway
2024-03-17,도봉구,61737,Subway
2024-03-17,동대문구,70021,Subway
2024-03-17,동작구,54174,Subway
2024-03-17,마포구,189509,Subway
2024-03-17,서대문구,61541,Subway
2024-03-17,서초구,118091,Subway
2024-03-17,성동구,76450,Subway
2024-03-17,성북구,28022,Subway
2024-03-17,송파구,135054,Subway
2024-03-17,양천구,19150,Subway
2024-03-17,영등포구,175822,Subway
2024-03-17,은평구,75375,Subway
2024-03-17,종로구,150757,Subway
2024-03-17,중구,146390,Subway
2024-03-17,중랑구,54228,Subway
2024-03-18,강남구,403998,Subway
2024-03-18,강동구,99081,Subway
2024-03-18,강북구,48959,Subway
2024-03-18,강서구,190347,Subway
2024-03-18,관악구,154557,Subway
2024-03-18,광진구,65648,Subway
2024-03-18,구로구,133894,Subway
2024-03-18,금천구,105438,Subway
2024-03-18,노원구,174310,Subway
2024-03-18,도봉구,100278,Subway
2024-03-18,동대문구,111287,Subway
2024-03-18,동작구,95285,Subway
2024-03-18,마포구,265505,Subway
2024-03-18,서대문구,103949,Subway
2024-03-18,서초구,148520,Subway
2024-03-18,성동구,133583,Subway
2024-03-18,성북구,55403,Subway
2024-03-18,송파구,202570,Subway
2024-03-18,양천구,37709,Subway
2024-03-18,영등포구,325051,Subway
2024-03-18,은평구,128226,Subway
2024-03-18,종로구,245333,Subway
2024-03-18,중구,285371,Subway
2024-03-18,중랑구,95029,Subway
2024-03-19,강남구,415132,Subway
2024-03-19,강동구,99896,Subway
2024-03-19,강북구,49753,Subway
2024-03-19,강서구,191139,Subway
2024-03-19,관악구,159558,Subway
2024-03-19,광진구,66911,Subway
2024-03-19,구로구,133587,Subway
2024-03-19,금천구,105592,Subway
2024-03-19,노원구,172646,Subway
2024-03-19,도봉구,96999,Subway
2024-03-19,동대문구,111174,Subway
2024-03-19,동작구,96597,Subway
2024-03-19,마포구,270195,Subway
2024-03-19,서대문구,106218,Subway
2024-03-19,서초구,156433,Subway
2024-03-19,성동구,136490,Subway
2024-03-19,성북구,53528,Subway
2024-03-19,송파구,208725,Subway
2024-03-19,양천구,38481,Subway
2024-03-19,영등포구,333408,Subway
2024-03-19,은평구,128184,Subway
2024-03-19,종로구,250639,Subway
2024-03-19,중구,290310,Subway
2024-03-19,중랑구,94676,Subway
2024-03-20,강남구,413597,Subway
2024-03-20,강동구,100680,Subway
2024-03-20,강북구,51167,Subway
2024-03-20,강서구,192530,Subway
2024-03-20,관악구,161095,Subway
2024-03-20,광진구,67303,Subway
2024-03-20,구로구,135795,Subway
2024-03-20,금천구,104589,Subway
2024-03-20,노원구,177049,Subway
2024-03-20,도봉구,98767,Subway
2024-03-20,동대문구,114458,Subway
2024-03-20,동작구,98121,Subway
2024-03-20,마포구,274495,Subway
2024-03-20,서대문구,107406,Subway
2024-03-20,서초구,156382,Subway
2024-03-20,성동구,136971,Subway
2024-03-20,성북구,54511,Subway
2024-03-20,송파구,205621,Subway
2024-03-20,양천구,38570,Subway
2024-03-20,영등포구,338907,Subway
2024-03-20,은평구,130962,Subway
2024-03-20,종로구,260129,Subway
2024-03-20,중구,295400,Subway
2024-03-20,중랑구,96272,Subway
2024-03-21,강남구,424316,Subway
2024-03-21,강동구,101663,Subway
2024-03-21,강북구,51579,Subway
2024-03-21,강서구,196271,Subway
2024-03-21,관악구,165917,Subway
2024-03-21,광진구,68504,Subway
2024-03-21,구로구,136974,Subway
2024-03-21,금천구,105462,Subway
2024-03-21,노원구,176778,Subway
2024-03-21,도봉구,100573,Subway
2024-03-21,동대문구,116444,Subway
2024-03-21,동작구,98538,Subway
2024-03-21,마포구,296065,Subway
2024-03-21,서대문구,109982,Subway
2024-03-21,서초구,162223,Subway
2024-03-21,성동구,139697,Subway
2024-03-21,성북구,55148,Subway
2024-03-21,송파구,210971,Subway
2024-03-21,양천구,38609,Subway
2024-03-21,영등포구,342559,Subway
2024-03-21,은평구,132628,Subway
2024-03-21,종로구,262576,Subway
2024-03-21,중구,297716,Subway
2024-03-21,중랑구,97429,Subway
2024-03-22,강남구,431844,Subway
2024-03-22,강동구,101644,Subway
2024-03-22,강북구,50536,Subway
2024-03-22,강서구,196560,Subway
2024-03-22,관악구,168965,Subway
2024-03-22,광진구,70571,Subway
2024-03-22,구로구,134635,Subway
2024-03-22,금천구,103440,Subway
2024-03-22,노원구,176353,Subway
2024-03-22,도봉구,99548,Subway
2024-03-22,동대문구,115536,Subway
2024-03-22,동작구,101335,Subway
2024-03-22,마포구,287291,Subway
2024-03-22,서대문구,109290,Subway
2024-03-22,서초구,173012,Subway
2024-03-22,성동구,140721,Subway
2024-03-22,성북구,54066,Subway
2024-03-22,송파구,211595,Subway
2024-03-22,양천구,38589,Subway
2024-03-22,영등포구,350411,Subway
2024-03-22,은평구,130603,Subway
2024-03-22,종로구,266013,Subway
2024-03-22,중구,296891,Subway
2024-03-22,중랑구,98271,Subway
2024-03-23,강남구,265088,Subway
2024-03-23,강동구,70400,Subway
2024-03-23,강북구,42199,Subway
2024-03-23,강서구,140343,Subway
2024-03-23,관악구,140047,Subway
2024-03-23,광진구,64141,Subway
2024-03-23,구로구,92873,Subway
2024-03-23,금천구,43629,Subway
2024-03-23,노원구,137465,Subway
2024-03-23,도봉구,80611,Subway
2024-03-23,동대문구,89121,Subway
2024-03-23,동작구,80886,Subway
2024-03-23,마포구,250783,Subway
2024-03-23,서대문구,85858,Subway
2024-03-23,서초구,146940,Subway
2024-03-23,성동구,108124,Subway
2024-03-23,성북구,38059,Subway
2024-03-23,송파구,158414,Subway
2024-03-23,양천구,26462,Subway
2024-03-23,영등포구,241196,Subway
2024-03-23,은평구,102312,Subway
2024-03-23,종로구,212310,Subway
2024-03-23,중구,190116,Subway
2024-03-23,중랑구,75851,Subway
2024-03-24,강남구,156817,Subway
2024-03-24,강동구,51055,Subway
2024-03-24,강북구,32466,Subway
2024-03-24,강서구,106030,Subway
2024-03-24,관악구,101694,Subway
2024-03-24,광진구,48077,Subway
2024-03-24,구로구,68193,Subway
2024-03-24,금천구,32340,Subway
2024-03-24,노원구,102469,Subway
2024-03-24,도봉구,64644,Subway
2024-03-24,동대문구,66792,Subway
2024-03-24,동작구,55368,Subway
2024-03-24,마포구,186544,Subway
2024-03-24,서대문구,61014,Subway
2024-03-24,서초구,123046,Subway
2024-03-24,성동구,82905,Subway
2024-03-24,성북구,28282,Subway
2024-03-24,송파구,114461,Subway
2024-03-24,양천구,19594,Subway
2024-03-24,영등포구,178202,Subway
2024-03-24,은평구,76236,Subway
2024-03-24,종로구,152313,Subway
2024-03-24,중구,144300,Subway
2024-03-24,중랑구,55517,Subway
2024-03-25,강남구,402817,Subway
2024-03-25,강동구,98370,Subway
2024-03-25,강북구,48304,Subway
2024-03-25,강서구,189237,Subway
2024-03-25,관악구,152024,Subway
2024-03-25,광진구,63873,Subway
2024-03-25,구로구,130551,Subway
2024-03-25,금천구,103780,Subway
2024-03-25,노원구,168145,Subway
2024-03-25,도봉구,93775,Subway
2024-03-25,동대문구,108767,Subway
2024-03-25,동작구,94203,Subway
2024-03-25,마포구,261510,Subway
2024-03-25,서대문구,101235,Subway
2024-03-25,서초구,154210,Subway
2024-03-25,성동구,131235,Subway
2024-03-25,성북구,53289,Subway
2024-03-25,송파구,202121,Subway
2024-03-25,양천구,37239,Subway
2024-03-25,영등포구,327117,Subway
2024-03-25,은평구,126103,Subway
2024-03-25,종로구,245328,Subway
2024-03-25,중구,285230,Subway
2024-03-25,중랑구,93606,Subway
2024-03-26,강남구,413607,Subway
2024-03-26,강동구,100139,Subway
2024-03-26,강북구,50503,Subway
2024-03-26,강서구,192137,Subway
2024-03-26,관악구,159138,Subway
2024-03-26,광진구,66965,Subway
2024-03-26,구로구,133108,Subway
2024-03-26,금천구,105157,Subway
2024-03-26,노원구,172798,Subway
2024-03-26,도봉구,97171,Subway
2024-03-26,동대문구,112710,Subway
2024-03-26,동작구,96420,Subway
2024-03-26,마포구,272192,Subway
2024-03-26,서대문구,106461,Subway
2024-03-26,서초구,154813,Subway
2024-03-26,성동구,136874,Subway
2024-03-26,성북구,53543,Subway
2024-03-26,송파구,213457,Subway
2024-03-26,양천구,38497,Subway
2024-03-26,영등포구,332987,Subway
2024-03-26,은평구,129198,Subway
2024-03-26,종로구,252810,Subway
2024-03-26,중구,298488,Subway
2024-03-26,중랑구,95649,Subway
2024-03-27,강남구,421423,Subway
2024-03-27,강동구,101126,Subway
2024-03-27,강북구,51996,Subway
2024-03-27,강서구,196974,Subway
2024-03-27,관악구,164637,Subway
2024-03-27,광진구,69351,Subway
2024-03-27,구로구,137186,Subway
2024-03-27,금천구,106435,Subway
2024-03-27,노원구,179835,Subway
2024-03-27,도봉구,101959,Subway
2024-03-27,동대문구,119177,Subway
2024-03-27,동작구,99203,Subway
2024-03-27,마포구,280006,Subway
2024-03-27,서대문구,108837,Subway
2024-03-27,서초구,157943,Subway
2024-03-27,성동구,141993,Subway
2024-03-27,성북구,55282,Subway
2024-03-27,송파구,220038,Subway
2024-03-27,양천구,39079,Subway
2024-03-27,영등포구,342133,Subway
2024-03-27,은평구,133927,Subway
2024-03-27,종로구,270926,Subway
2024-03-27,중구,303481,Subway
2024-03-27,중랑구,98783,Subway
2024-03-28,강남구,440891,Subway
2024-03-28,강동구,106327,Subway
2024-03-28,강북구,63512,Subway
2024-03-28,강서구,209368,Subway
2024-03-28,관악구,170317,Subway
2024-03-28,광진구,73213,Subway
2024-03-28,구로구,144879,Subway
2024-03-28,금천구,112983,Subway
2024-03-28,노원구,182870,Subway
2024-03-28,도봉구,106189,Subway
2024-03-28,동대문구,129440,Subway
2024-03-28,동작구,105918,Subway
2024-03-28,마포구,301546,Subway
2024-03-28,서대문구,129937,Subway
2024-03-28,서초구,167958,Subway
2024-03-28,성동구,145968,Subway
2024-03-28,성북구,66974,Subway
2024-03-28,송파구,232406,Subway
2024-03-28,양천구,45740,Subway
2024-03-28,영등포구,353936,Subway
2024-03-28,은평구,147085,Subway
2024-03-28,종로구,276503,Subway
2024-03-28,중구,314527,Subway
2024-03-28,중랑구,106893,Subway
2024-03-29,강남구,432392,Subway
2024-03-29,강동구,100911,Subway
2024-03-29,강북구,50364,Subway
2024-03-29,강서구,197562,Subway
2024-03-29,관악구,168751,Subway
2024-03-29,광진구,72408,Subway
2024-03-29,구로구,135284,Subway
2024-03-29,금천구,103148,Subway
2024-03-29,노원구,173963,Subway
2024-03-29,도봉구,97778,Subway
2024-03-29,동대문구,115127,Subway
2024-03-29,동작구,101234,Subway
2024-03-29,마포구,295667,Subway
2024-03-29,서대문구,108829,Subway
2024-03-29,서초구,171461,Subway
2024-03-29,성동구,145778,Subway
2024-03-29,성북구,54100,Subway
2024-03-29,송파구,225171,Subway
2024-03-29,양천구,38401,Subway
2024-03-29,영등포구,351108,Subway
2024-03-29,은평구,129888,Subway
2024-03-29,종로구,265803,Subway
2024-03-29,중구,303380,Subway
2024-03-29,중랑구,98382,Subway
2024-03-30,강남구,256969,Subway
2024-03-30,강동구,69622,Subway
2024-03-30,강북구,41731,Subway
2024-03-30,강서구,142586,Subway
2024-03-30,관악구,136573,Subway
2024-03-30,광진구,63652,Subway
2024-03-30,구로구,92594,Subway
2024-03-30,금천구,43241,Subway
2024-03-30,노원구,134291,Subway
2024-03-30,도봉구,79060,Subway
2024-03-30,동대문구,86398,Subway
2024-03-30,동작구,78010,Subway
2024-03-30,마포구,253971,Subway
2024-03-30,서대문구,86718,Subway
2024-03-30,서초구,144244,Subway
2024-03-30,성동구,110089,Subway
2024-03-30,성북구,37596,Subway
2024-03-30,송파구,155262,Subway
2024-03-30,양천구,27021,Subway
2024-03-30,영등포구,246032,Subway
2024-03-30,은평구,100651,Subway
2024-03-30,종로구,218125,Subway
2024-03-30,중구,201746,Subway
2024-03-30,중랑구,74327,Subway
2024-03-31,강남구,157703,Subway
2024-03-31,강동구,51823,Subway
2024-03-31,강북구,32482,Subway
2024-03-31,강서구,108029,Subway
2024-03-31,관악구,101189,Subway
2024-03-31,광진구,48211,Subway
2024-03-31,구로구,69570,Subway
2024-03-31,금천구,32008,Subway
2024-03-31,노원구,100518,Subway
2024-03-31,도봉구,63713,Subway
2024-03-31,동대문구,65944,Subway
2024-03-31,동작구,54707,Subway
2024-03-31,마포구,191833,Subway
2024-03-31,서대문구,62140,Subway
2024-03-31,서초구,121951,Subway
2024-03-31,성동구,84766,Subway
2024-03-31,성북구,28583,Subway
2024-03-31,송파구,116676,Subway
2024-03-31,양천구,19477,Subway
2024-03-31,영등포구,188231,Subway
2024-03-31,은평구,76779,Subway
2024-03-31,종로구,151008,Subway
2024-03-31,중구,148099,Subway
2024-03-31,중랑구,55572,Subway
2024-04-01,강남구,403104,Subway
2024-04-01,강동구,98350,Subway
2024-04-01,강북구,50661,Subway
2024-04-01,강서구,191808,Subway
2024-04-01,관악구,152921,Subway
2024-04-01,광진구,66093,Subway
2024-04-01,구로구,132693,Subway
2024-04-01,금천구,105492,Subway
2024-04-01,노원구,171546,Subway
2024-04-01,도봉구,97606,Subway
2024-04-01,동대문구,111387,Subway
2024-04-01,동작구,96398,Subway
2024-04-01,마포구,273507,Subway
2024-04-01,서대문구,106270,Subway
2024-04-01,서초구,149759,Subway
2024-04-01,성동구,141444,Subway
2024-04-01,성북구,52775,Subway
2024-04-01,송파구,202557,Subway
2024-04-01,양천구,37725,Subway
2024-04-01,영등포구,331018,Subway
2024-04-01,은평구,128234,Subway
2024-04-01,종로구,248592,Subway
2024-04-01,중구,290412,Subway
2024-04-01,중랑구,94899,Subway
2024-04-02,강남구,415958,Subway
2024-04-02,강동구,101490,Subway
2024-04-02,강북구,52132,Subway
2024-04-02,강서구,195129,Subway
2024-04-02,관악구,160535,Subway
2024-04-02,광진구,67979,Subway
2024-04-02,구로구,135824,Subway
2024-04-02,금천구,106926,Subway
2024-04-02,노원구,176953,Subway
2024-04-02,도봉구,100607,Subway
2024-04-02,동대문구,114381,Subway
2024-04-02,동작구,98218,Subway
2024-04-02,마포구,280127,Subway
2024-04-02,서대문구,109150,Subway
2024-04-02,서초구,159346,Subway
2024-04-02,성동구,145507,Subway
2024-04-02,성북구,54965,Subway
2024-04-02,송파구,216148,Subway
2024-04-02,양천구,39384,Subway
2024-04-02,영등포구,344876,Subway
2024-04-02,은평구,132086,Subway
2024-04-02,종로구,259068,Subway
2024-04-02,중구,296731,Subway
2024-04-02,중랑구,98027,Subway
2024-04-03,강남구,410659,Subway
2024-04-03,강동구,100224,Subway
2024-04-03,강북구,50434,Subway
2024-04-03,강서구,192846,Subway
2024-04-03,관악구,158846,Subway
2024-04-03,광진구,66723,Subway
2024-04-03,구로구,134206,Subway
2024-04-03,금천구,105252,Subway
2024-04-03,노원구,174330,Subway
2024-04-03,도봉구,97523,Subway
2024-04-03,동대문구,112970,Subway
2024-04-03,동작구,97739,Subway
2024-04-03,마포구,278157,Subway
2024-04-03,서대문구,106346,Subway
2024-04-03,서초구,155030,Subway
2024-04-03,성동구,140220,Subway
2024-04-03,성북구,54255,Subway
2024-04-03,송파구,211641,Subway
2024-04-03,양천구,38337,Subway
2024-04-03,영등포구,339820,Subway
2024-04-03,은평구,130323,Subway
2024-04-03,종로구,255404,Subway
2024-04-03,중구,294728,Subway
2024-04-03,중랑구,96124,Subway
2024-04-04,강남구,417509,Subway
2024-04-04,강동구,101448,Subway
2024-04-04,강북구,51928,Subway
2024-04-04,강서구,197013,Subway
2024-04-04,관악구,164381,Subway
2024-04-04,광진구,70020,Subway
2024-04-04,구로구,136045,Subway
2024-04-04,금천구,106662,Subway
2024-04-04,노원구,176421,Subway
2024-04-04,도봉구,99736,Subway
2024-04-04,동대문구,115993,Subway
2024-04-04,동작구,98831,Subway
2024-04-04,마포구,289111,Subway
2024-04-04,서대문구,112125,Subway
2024-04-04,서초구,163163,Subway
2024-04-04,성동구,147556,Subway
2024-04-04,성북구,55028,Subway
2024-04-04,송파구,223100,Subway
2024-04-04,양천구,39027,Subway
2024-04-04,영등포구,353821,Subway
2024-04-04,은평구,133187,Subway
2024-04-04,종로구,262300,Subway
2024-04-04,중구,301856,Subway
2024-04-04,중랑구,98638,Subway
2024-04-05,강남구,423105,Subway
2024-04-05,강동구,102883,Subway
2024-04-05,강북구,52440,Subway
2024-04-05,강서구,201290,Subway
2024-04-05,관악구,170227,Subway
2024-04-05,광진구,72885,Subway
2024-04-05,구로구,137409,Subway
2024-04-05,금천구,104909,Subway
2024-04-05,노원구,177807,Subway
2024-04-05,도봉구,101861,Subway
2024-04-05,동대문구,117879,Subway
2024-04-05,동작구,103914,Subway
2024-04-05,마포구,301920,Subway
2024-04-05,서대문구,112352,Subway
2024-04-05,서초구,177190,Subway
2024-04-05,성동구,155598,Subway
2024-04-05,성북구,54789,Subway
2024-04-05,송파구,225548,Subway
2024-04-05,양천구,39511,Subway
2024-04-05,영등포구,369395,Subway
2024-04-05,은평구,136515,Subway
2024-04-05,종로구,270101,Subway
2024-04-05,중구,305363,Subway
2024-04-05,중랑구,100757,Subway
2024-04-06,강남구,249932,Subway
2024-04-06,강동구,71894,Subway
2024-04-06,강북구,43279,Subway
2024-04-06,강서구,145020,Subway
2024-04-06,관악구,140762,Subway
2024-04-06,광진구,66287,Subway
2024-04-06,구로구,94037,Subway
2024-04-06,금천구,46253,Subway
2024-04-06,노원구,135930,Subway
2024-04-06,도봉구,82180,Subway
2024-04-06,동대문구,88547,Subway
2024-04-06,동작구,81754,Subway
2024-04-06,마포구,262034,Subway
2024-04-06,서대문구,89934,Subway
2024-04-06,서초구,150773,Subway
2024-04-06,성동구,130259,Subway
2024-04-06,성북구,39017,Subway
2024-04-06,송파구,166012,Subway
2024-04-06,양천구,28197,Subway
2024-04-06,영등포구,280114,Subway
2024-04-06,은평구,109365,Subway
2024-04-06,종로구,212547,Subway
2024-04-06,중구,201742,Subway
2024-04-06,중랑구,77230,Subway
2024-04-07,강남구,153051,Subway
2024-04-07,강동구,51733,Subway
2024-04-07,강북구,33650,Subway
2024-04-07,강서구,110705,Subway
2024-04-07,관악구,104169,Subway
2024-04-07,광진구,49682,Subway
2024-04-07,구로구,70178,Subway
2024-04-07,금천구,33970,Subway
2024-04-07,노원구,102043,Subway
2024-04-07,도봉구,64698,Subway
2024-04-07,동대문구,67281,Subway
2024-04-07,동작구,57457,Subway
2024-04-07,마포구,191331,Subway
2024-04-07,서대문구,64708,Subway
2024-04-07,서초구,128409,Subway
2024-04-07,성동구,95710,Subway
2024-04-07,성북구,28802,Subway
2024-04-07,송파구,119283,Subway
2024-04-07,양천구,20311,Subway
2024-04-07,영등포구,209021,Subway
2024-04-07,은평구,78988,Subway
2024-04-07,종로구,150535,Subway
2024-04-07,중구,149814,Subway
2024-04-07,중랑구,57002,Subway
2024-04-08,강남구,400097,Subway
2024-04-08,강동구,98586,Subway
2024-04-08,강북구,50107,Subway
2024-04-08,강서구,191103,Subway
2024-04-08,관악구,155300,Subway
2024-04-08,광진구,65407,Subway
2024-04-08,구로구,132914,Subway
2024-04-08,금천구,105061,Subway
2024-04-08,노원구,171505,Subway
2024-04-08,도봉구,97056,Subway
2024-04-08,동대문구,111145,Subway
2024-04-08,동작구,95835,Subway
2024-04-08,마포구,263823,Subway
2024-04-08,서대문구,103771,Subway
2024-04-08,서초구,154306,Subway
2024-04-08,성동구,136400,Subway
2024-04-08,성북구,52657,Subway
2024-04-08,송파구,204613,Subway
2024-04-08,양천구,37977,Subway
2024-04-08,영등포구,333887,Subway
2024-04-08,은평구,127726,Subway
2024-04-08,종로구,242192,Subway
2024-04-08,중구,280016,Subway
2024-04-08,중랑구,95499,Subway
2024-04-09,강남구,423672,Subway
2024-04-09,강동구,103505,Subway
2024-04-09,강북구,54158,Subway
2024-04-09,강서구,199929,Subway
2024-04-09,관악구,170579,Subway
2024-04-09,광진구,71145,Subway
2024-04-09,구로구,139772,Subway
2024-04-09,금천구,107858,Subway
2024-04-09,노원구,181125,Subway
2024-04-09,도봉구,104248,Subway
2024-04-09,동대문구,116946,Subway
2024-04-09,동작구,103364,Subway
2024-04-09,마포구,283952,Subway
2024-04-09,서대문구,111241,Subway
2024-04-09,서초구,165863,Subway
2024-04-09,성동구,146226,Subway
2024-04-09,성북구,56089,Subway
2024-04-09,송파구,231383,Subway
2024-04-09,양천구,40180,Subway
2024-04-09,영등포구,349456,Subway
2024-04-09,은평구,134873,Subway
2024-04-09,종로구,265671,Subway
2024-04-09,중구,299265,Subway
2024-04-09,중랑구,100496,Subway
2024-04-10,강남구,171749,Subway
2024-04-10,강동구,56299,Subway
2024-04-10,강북구,35684,Subway
2024-04-10,강서구,113965,Subway
2024-04-10,관악구,108612,Subway
2024-04-10,광진구,52980,Subway
2024-04-10,구로구,73725,Subway
2024-04-10,금천구,36022,Subway
2024-04-10,노원구,110950,Subway
2024-04-10,도봉구,66913,Subway
2024-04-10,동대문구,69038,Subway
2024-04-10,동작구,63415,Subway
2024-04-10,마포구,193025,Subway
2024-04-10,서대문구,67220,Subway
2024-04-10,서초구,103911,Subway
2024-04-10,성동구,95732,Subway
2024-04-10,성북구,31222,Subway
2024-04-10,송파구,124189,Subway
2024-04-10,양천구,21296,Subway
2024-04-10,영등포구,182345,Subway
2024-04-10,은평구,83537,Subway
2024-04-10,종로구,174041,Subway
2024-04-10,중구,148697,Subway
2024-04-10,중랑구,62655,Subway
2024-04-11,강남구,409732,Subway
2024-04-11,강동구,99060,Subway
2024-04-11,강북구,50869,Subway
2024-04-11,강서구,189076,Subway
2024-04-11,관악구,159578,Subway
2024-04-11,광진구,66327,Subway
2024-04-11,구로구,134071,Subway
2024-04-11,금천구,103617,Subway
2024-04-11,노원구,172716,Subway
2024-04-11,도봉구,97260,Subway
2024-04-11,동대문구,111495,Subway
2024-04-11,동작구,96769,Subway
2024-04-11,마포구,270475,Subway
2024-04-11,서대문구,105562,Subway
2024-04-11,서초구,158685,Subway
2024-04-11,성동구,137975,Subway
2024-04-11,성북구,53224,Subway
2024-04-11,송파구,219045,Subway
2024-04-11,양천구,38049,Subway
2024-04-11,영등포구,328937,Subway
2024-04-11,은평구,128153,Subway
2024-04-11,종로구,251735,Subway
2024-04-11,중구,285569,Subway
2024-04-11,중랑구,96265,Subway
2024-04-12,강남구,424169,Subway
2024-04-12,강동구,101996,Subway
2024-04-12,강북구,52528,Subway
2024-04-12,강서구,194880,Subway
2024-04-12,관악구,169606,Subway
2024-04-12,광진구,70369,Subway
2024-04-12,구로구,137576,Subway
2024-04-12,금천구,103891,Subway
2024-04-12,노원구,178604,Subway
2024-04-12,도봉구,101852,Subway
2024-04-12,동대문구,115223,Subway
2024-04-12,동작구,102135,Subway
2024-04-12,마포구,285745,Subway
2024-04-12,서대문구,108180,Subway
2024-04-12,서초구,173680,Subway
2024-04-12,성동구,146136,Subway
2024-04-12,성북구,54079,Subway
2024-04-12,송파구,231981,Subway
2024-04-12,양천구,39066,Subway
2024-04-12,영등포구,344970,Subway
2024-04-12,은평구,134412,Subway
2024-04-12,종로구,267443,Subway
2024-04-12,중구,292871,Subway
2024-04-12,중랑구,100704,Subway
2024-04-13,강남구,247958,Subway
2024-04-13,강동구,69593,Subway
2024-04-13,강북구,42289,Subway
2024-04-13,강서구,139745,Subway
2024-04-13,관악구,137690,Subway
2024-04-13,광진구,60499,Subway
2024-04-13,구로구,92401,Subway
2024-04-13,금천구,43366,Subway
2024-04-13,노원구,137647,Subway
2024-04-13,도봉구,81569,Subway
2024-04-13,동대문구,84816,Subway
2024-04-13,동작구,79769,Subway
2024-04-13,마포구,242256,Subway
2024-04-13,서대문구,84462,Subway
2024-04-13,서초구,147570,Subway
2024-04-13,성동구,114105,Subway
2024-04-13,성북구,37350,Subway
2024-04-13,송파구,163725,Subway
2024-04-13,양천구,26429,Subway
2024-04-13,영등포구,238230,Subway
2024-04-13,은평구,101222,Subway
2024-04-13,종로구,206877,Subway
2024-04-13,중구,191590,Subway
2024-04-13,중랑구,75463,Subway
2024-04-14,강남구,148070,Subway
2024-04-14,강동구,50394,Subway
2024-04-14,강북구,32234,Subway
2024-04-14,강서구,106636,Subway
2024-04-14,관악구,100252,Subway
2024-04-14,광진구,44547,Subway
2024-04-14,구로구,67357,Subway
2024-04-14,금천구,31437,Subway
2024-04-14,노원구,98360,Subway
2024-04-14,도봉구,63122,Subway
2024-04-14,동대문구,62893,Subway
2024-04-14,동작구,55039,Subway
2024-04-14,마포구,174970,Subway
2024-04-14,서대문구,59258,Subway
2024-04-14,서초구,121049,Subway
2024-04-14,성동구,81061,Subway
2024-04-14,성북구,27934,Subway
2024-04-14,송파구,121183,Subway
2024-04-14,양천구,19315,Subway
2024-04-14,영등포구,172538,Subway
2024-04-14,은평구,72646,Subway
2024-04-14,종로구,139006,Subway
2024-04-14,중구,133898,Subway
2024-04-14,중랑구,54417,Subway
2024-04-15,강남구,396332,Subway
2024-04-15,강동구,95686,Subway
2024-04-15,강북구,45833,Subway
2024-04-15,강서구,184880,Subway
2024-04-15,관악구,150313,Subway
2024-04-15,광진구,60745,Subway
2024-04-15,구로구,128508,Subway
2024-04-15,금천구,101679,Subway
2024-04-15,노원구,162357,Subway
2024-04-15,도봉구,89976,Subway
2024-04-15,동대문구,103991,Subway
2024-04-15,동작구,91617,Subway
2024-04-15,마포구,251685,Subway
2024-04-15,서대문구,98324,Subway
2024-04-15,서초구,150850,Subway
2024-04-15,성동구,126711,Subway
2024-04-15,성북구,50176,Subway
2024-04-15,송파구,196803,Subway
2024-04-15,양천구,36642,Subway
2024-04-15,영등포구,314266,Subway
2024-04-15,은평구,121904,Subway
2024-04-15,종로구,229007,Subway
2024-04-15,중구,268577,Subway
2024-04-15,중랑구,90821,Subway
2024-04-16,강남구,414684,Subway
2024-04-16,강동구,100260,Subway
2024-04-16,강북구,50961,Subway
2024-04-16,강서구,193482,Subway
2024-04-16,관악구,160464,Subway
2024-04-16,광진구,65756,Subway
2024-04-16,구로구,135052,Subway
2024-04-16,금천구,105917,Subway
2024-04-16,노원구,174534,Subway
2024-04-16,도봉구,98118,Subway
2024-04-16,동대문구,111364,Subway
2024-04-16,동작구,96670,Subway
2024-04-16,마포구,268409,Subway
2024-04-16,서대문구,105712,Subway
2024-04-16,서초구,155502,Subway
2024-04-16,성동구,138151,Subway
2024-04-16,성북구,54225,Subway
2024-04-16,송파구,216787,Subway
2024-04-16,양천구,39379,Subway
2024-04-16,영등포구,336001,Subway
2024-04-16,은평구,130788,Subway
2024-04-16,종로구,250102,Subway
2024-04-16,중구,288870,Subway
2024-04-16,중랑구,96781,Subway
2024-04-17,강남구,415967,Subway
2024-04-17,강동구,101931,Subway
2024-04-17,강북구,51775,Subway
2024-04-17,강서구,196715,Subway
2024-04-17,관악구,162139,Subway
2024-04-17,광진구,66022,Subway
2024-04-17,구로구,137226,Subway
2024-04-17,금천구,105081,Subway
2024-04-17,노원구,177708,Subway
2024-04-17,도봉구,100686,Subway
2024-04-17,동대문구,114635,Subway
2024-04-17,동작구,99253,Subway
2024-04-17,마포구,269854,Subway
2024-04-17,서대문구,105049,Subway
2024-04-17,서초구,157426,Subway
2024-04-17,성동구,139005,Subway
2024-04-17,성북구,54550,Subway
2024-04-17,송파구,218114,Subway
2024-04-17,양천구,39155,Subway
2024-04-17,영등포구,341711,Subway
2024-04-17,은평구,133416,Subway
2024-04-17,종로구,256884,Subway
2024-04-17,중구,289820,Subway
2024-04-17,중랑구,98905,Subway
2024-04-18,강남구,417315,Subway
2024-04-18,강동구,101469,Subway
2024-04-18,강북구,52891,Subway
2024-04-18,강서구,195113,Subway
2024-04-18,관악구,163390,Subway
2024-04-18,광진구,65620,Subway
2024-04-18,구로구,136092,Subway
2024-04-18,금천구,105568,Subway
2024-04-18,노원구,176771,Subway
2024-04-18,도봉구,100572,Subway
2024-04-18,동대문구,114045,Subway
2024-04-18,동작구,98755,Subway
2024-04-18,마포구,272420,Subway
2024-04-18,서대문구,105597,Subway
2024-04-18,서초구,160736,Subway
2024-04-18,성동구,139934,Subway
2024-04-18,성북구,54761,Subway
2024-04-18,송파구,218870,Subway
2024-04-18,양천구,39034,Subway
2024-04-18,영등포구,340073,Subway
2024-04-18,은평구,132124,Subway
2024-04-18,종로구,256157,Subway
2024-04-18,중구,290775,Subway
2024-04-18,중랑구,97671,Subway
2024-04-19,강남구,422201,Subway
2024-04-19,강동구,101981,Subway
2024-04-19,강북구,52119,Subway
2024-04-19,강서구,198939,Subway
2024-04-19,관악구,169937,Subway
2024-04-19,광진구,68191,Subway
2024-04-19,구로구,136800,Subway
2024-04-19,금천구,103803,Subway
2024-04-19,노원구,179030,Subway
2024-04-19,도봉구,102324,Subway
2024-04-19,동대문구,114705,Subway
2024-04-19,동작구,101664,Subway
2024-04-19,마포구,283818,Subway
2024-04-19,서대문구,104698,Subway
2024-04-19,서초구,171865,Subway
2024-04-19,성동구,144709,Subway
2024-04-19,성북구,54225,Subway
2024-04-19,송파구,218903,Subway
2024-04-19,양천구,39364,Subway
2024-04-19,영등포구,348408,Subway
2024-04-19,은평구,134343,Subway
2024-04-19,종로구,266558,Subway
2024-04-19,중구,296800,Subway
2024-04-19,중랑구,99340,Subway
2024-04-20,강남구,234046,Subway
2024-04-20,강동구,65651,Subway
2024-04-20,강북구,37712,Subway
2024-04-20,강서구,131125,Subway
2024-04-20,관악구,130272,Subway
2024-04-20,광진구,54071,Subway
2024-04-20,구로구,86821,Subway
2024-04-20,금천구,40363,Subway
2024-04-20,노원구,125578,Subway
2024-04-20,도봉구,72523,Subway
2024-04-20,동대문구,77022,Subway
2024-04-20,동작구,72954,Subway
2024-04-20,마포구,221168,Subway
2024-04-20,서대문구,77143,Subway
2024-04-20,서초구,138106,Subway
2024-04-20,성동구,92140,Subway
2024-04-20,성북구,35254,Subway
2024-04-20,송파구,132118,Subway
2024-04-20,양천구,24807,Subway
2024-04-20,영등포구,226437,Subway
2024-04-20,은평구,93462,Subway
2024-04-20,종로구,186427,Subway
2024-04-20,중구,170073,Subway
2024-04-20,중랑구,69837,Subway
2024-04-21,강남구,144264,Subway
2024-04-21,강동구,48426,Subway
2024-04-21,강북구,30351,Subway
2024-04-21,강서구,101156,Subway
2024-04-21,관악구,96618,Subway
2024-04-21,광진구,40819,Subway
2024-04-21,구로구,66840,Subway
2024-04-21,금천구,30780,Subway
2024-04-21,노원구,97783,Subway
2024-04-21,도봉구,61259,Subway
2024-04-21,동대문구,60849,Subway
2024-04-21,동작구,52216,Subway
2024-04-21,마포구,166145,Subway
2024-04-21,서대문구,55930,Subway
2024-04-21,서초구,112388,Subway
2024-04-21,성동구,75260,Subway
2024-04-21,성북구,27085,Subway
2024-04-21,송파구,102621,Subway
2024-04-21,양천구,18120,Subway
2024-04-21,영등포구,168146,Subway
2024-04-21,은평구,72051,Subway
2024-04-21,종로구,134068,Subway
2024-04-21,중구,131490,Subway
2024-04-21,중랑구,53081,Subway
2024-04-22,강남구,393996,Subway
2024-04-22,강동구,98265,Subway
2024-04-22,강북구,49878,Subway
2024-04-22,강서구,191028,Subway
2024-04-22,관악구,153737,Subway
2024-04-22,광진구,62116,Subway
2024-04-22,구로구,132552,Subway
2024-04-22,금천구,104513,Subway
2024-04-22,노원구,172530,Subway
2024-04-22,도봉구,96730,Subway
2024-04-22,동대문구,108856,Subway
2024-04-22,동작구,94912,Subway
2024-04-22,마포구,256283,Subway
2024-04-22,서대문구,97235,Subway
2024-04-22,서초구,152191,Subway
2024-04-22,성동구,130053,Subway
2024-04-22,성북구,52077,Subway
2024-04-22,송파구,199787,Subway
2024-04-22,양천구,37492,Subway
2024-04-22,영등포구,323797,Subway
2024-04-22,은평구,128128,Subway
2024-04-22,종로구,238786,Subway
2024-04-22,중구,276362,Subway
2024-04-22,중랑구,94568,Subway
2024-04-23,강남구,410978,Subway
2024-04-23,강동구,100377,Subway
2024-04-23,강북구,51065,Subway
2024-04-23,강서구,192964,Subway
2024-04-23,관악구,159870,Subway
2024-04-23,광진구,64244,Subway
2024-04-23,구로구,134852,Subway
2024-04-23,금천구,106590,Subway
2024-04-23,노원구,176565,Subway
2024-04-23,도봉구,99359,Subway
2024-04-23,동대문구,110774,Subway
2024-04-23,동작구,97044,Subway
2024-04-23,마포구,265709,Subway
2024-04-23,서대문구,102456,Subway
2024-04-23,서초구,153245,Subway
2024-04-23,성동구,136049,Subway
2024-04-23,성북구,53520,Subway
2024-04-23,송파구,211138,Subway
2024-04-23,양천구,38901,Subway
2024-04-23,영등포구,334865,Subway
2024-04-23,은평구,130734,Subway
2024-04-23,종로구,249347,Subway
2024-04-23,중구,285288,Subway
2024-04-23,중랑구,96940,Subway
2024-04-24,강남구,406016,Subway
2024-04-24,강동구,99026,Subway
2024-04-24,강북구,50080,Subway
2024-04-24,강서구,192436,Subway
2024-04-24,관악구,159454,Subway
2024-04-24,광진구,64289,Subway
2024-04-24,구로구,134212,Subway
2024-04-24,금천구,104038,Subway
2024-04-24,노원구,174053,Subway
2024-04-24,도봉구,95818,Subway
2024-04-24,동대문구,109421,Subway
2024-04-24,동작구,95846,Subway
2024-04-24,마포구,262929,Subway
2024-04-24,서대문구,100560,Subway
2024-04-24,서초구,153343,Subway
2024-04-24,성동구,131707,Subway
2024-04-24,성북구,53092,Subway
2024-04-24,송파구,209461,Subway
2024-04-24,양천구,37953,Subway
2024-04-24,영등포구,334016,Subway
2024-04-24,은평구,129473,Subway
2024-04-24,종로구,248508,Subway
2024-04-24,중구,283261,Subway
2024-04-24,중랑구,95541,Subway
2024-04-25,강남구,414747,Subway
2024-04-25,강동구,102610,Subway
2024-04-25,강북구,52734,Subway
2024-04-25,강서구,196078,Subway
2024-04-25,관악구,166423,Subway
2024-04-25,광진구,66925,Subway
2024-04-25,구로구,136871,Subway
2024-04-25,금천구,105858,Subway
2024-04-25,노원구,180398,Subway
2024-04-25,도봉구,101607,Subway
2024-04-25,동대문구,115711,Subway
2024-04-25,동작구,98719,Subway
2024-04-25,마포구,277922,Subway
2024-04-25,서대문구,103417,Subway
2024-04-25,서초구,161764,Subway
2024-04-25,성동구,139697,Subway
2024-04-25,성북구,54920,Subway
2024-04-25,송파구,214948,Subway
2024-04-25,양천구,38718,Subway
2024-04-25,영등포구,341431,Subway
2024-04-25,은평구,134325,Subway
2024-04-25,종로구,259640,Subway
2024-04-25,중구,293280,Subway
2024-04-25,중랑구,98829,Subway
2024-04-26,강남구,426434,Subway
2024-04-26,강동구,103218,Subway
2024-04-26,강북구,53180,Subway
2024-04-26,강서구,202245,Subway
2024-04-26,관악구,173499,Subway
2024-04-26,광진구,72734,Subway
2024-04-26,구로구,138505,Subway
2024-04-26,금천구,104473,Subway
2024-04-26,노원구,182933,Subway
2024-04-26,도봉구,104118,Subway
2024-04-26,동대문구,117309,Subway
2024-04-26,동작구,104013,Subway
2024-04-26,마포구,298618,Subway
2024-04-26,서대문구,107581,Subway
2024-04-26,서초구,179039,Subway
2024-04-26,성동구,149476,Subway
2024-04-26,성북구,54675,Subway
2024-04-26,송파구,227402,Subway
2024-04-26,양천구,39675,Subway
2024-04-26,영등포구,354783,Subway
2024-04-26,은평구,136773,Subway
2024-04-26,종로구,271718,Subway
2024-04-26,중구,300204,Subway
2024-04-26,중랑구,100595,Subway
2024-04-27,강남구,255176,Subway
2024-04-27,강동구,72359,Subway
2024-04-27,강북구,43840,Subway
2024-04-27,강서구,144718,Subway
2024-04-27,관악구,142755,Subway
2024-04-27,광진구,65357,Subway
2024-04-27,구로구,96469,Subway
2024-04-27,금천구,45174,Subway
2024-04-27,노원구,144398,Subway
2024-04-27,도봉구,84275,Subway
2024-04-27,동대문구,88140,Subway
2024-04-27,동작구,80737,Subway
2024-04-27,마포구,267587,Subway
2024-04-27,서대문구,90017,Subway
2024-04-27,서초구,151720,Subway
2024-04-27,성동구,113265,Subway
2024-04-27,성북구,38914,Subway
2024-04-27,송파구,171879,Subway
2024-04-27,양천구,27753,Subway
2024-04-27,영등포구,246841,Subway
2024-04-27,은평구,106749,Subway
2024-04-27,종로구,211269,Subway
2024-04-27,중구,195710,Subway
2024-04-27,중랑구,78747,Subway
2024-04-28,강남구,157807,Subway
2024-04-28,강동구,50759,Subway
2024-04-28,강북구,32273,Subway
2024-04-28,강서구,108974,Subway
2024-04-28,관악구,104340,Subway
2024-04-28,광진구,46799,Subway
2024-04-28,구로구,70629,Subway
2024-04-28,금천구,32277,Subway
2024-04-28,노원구,105280,Subway
2024-04-28,도봉구,65217,Subway
2024-04-28,동대문구,66296,Subway
2024-04-28,동작구,55788,Subway
2024-04-28,마포구,210974,Subway
2024-04-28,서대문구,62519,Subway
2024-04-28,서초구,129217,Subway
2024-04-28,성동구,82121,Subway
2024-04-28,성북구,28726,Subway
2024-04-28,송파구,118619,Subway
2024-04-28,양천구,19750,Subway
2024-04-28,영등포구,191264,Subway
2024-04-28,은평구,77936,Subway
2024-04-28,종로구,147736,Subway
2024-04-28,중구,148726,Subway
2024-04-28,중랑구,55803,Subway
2024-04-29,강남구,402342,Subway
2024-04-29,강동구,99516,Subway
2024-04-29,강북구,51078,Subway
2024-04-29,강서구,193450,Subway
2024-04-29,관악구,156130,Subway
2024-04-29,광진구,66607,Subway
2024-04-29,구로구,133519,Subway
2024-04-29,금천구,105337,Subway
2024-04-29,노원구,175208,Subway
2024-04-29,도봉구,97875,Subway
2024-04-29,동대문구,111478,Subway
2024-04-29,동작구,97019,Subway
2024-04-29,마포구,275882,Subway
2024-04-29,서대문구,105528,Subway
2024-04-29,서초구,155982,Subway
2024-04-29,성동구,137609,Subway
2024-04-29,성북구,53586,Subway
2024-04-29,송파구,203993,Subway
2024-04-29,양천구,37834,Subway
2024-04-29,영등포구,332006,Subway
2024-04-29,은평구,130898,Subway
2024-04-29,종로구,250970,Subway
2024-04-29,중구,292159,Subway
2024-04-29,중랑구,95759,Subway
2024-04-30,강남구,423022,Subway
2024-04-30,강동구,103077,Subway
2024-04-30,강북구,53123,Subway
2024-04-30,강서구,199308,Subway
2024-04-30,관악구,169745,Subway
2024-04-30,광진구,71190,Subway
2024-04-30,구로구,140269,Subway
2024-04-30,금천구,108176,Subway
2024-04-30,노원구,183409,Subway
2024-04-30,도봉구,103651,Subway
2024-04-30,동대문구,116789,Subway
2024-04-30,동작구,102016,Subway
2024-04-30,마포구,291034,Subway
2024-04-30,서대문구,112602,Subway
2024-04-30,서초구,163822,Subway
2024-04-30,성동구,146284,Subway
2024-04-30,성북구,55490,Subway
2024-04-30,송파구,226243,Subway
2024-04-30,양천구,39788,Subway
2024-04-30,영등포구,349074,Subway
2024-04-30,은평구,136048,Subway
2024-04-30,종로구,262202,Subway
2024-04-30,중구,304549,Subway
2024-04-30,중랑구,100407,Subway
2024-05-01,강남구,218027,Subway
2024-05-01,강동구,70573,Subway
2024-05-01,강북구,43746,Subway
2024-05-01,강서구,132325,Subway
2024-05-01,관악구,120724,Subway
2024-05-01,광진구,59850,Subway
2024-05-01,구로구,87713,Subway
2024-05-01,금천구,42673,Subway
2024-05-01,노원구,139503,Subway
2024-05-01,도봉구,83059,Subway
2024-05-01,동대문구,86434,Subway
2024-05-01,동작구,74962,Subway
2024-05-01,마포구,221081,Subway
2024-05-01,서대문구,87207,Subway
2024-05-01,서초구,120756,Subway
2024-05-01,성동구,106942,Subway
2024-05-01,성북구,39632,Subway
2024-05-01,송파구,148828,Subway
2024-05-01,양천구,26705,Subway
2024-05-01,영등포구,206417,Subway
2024-05-01,은평구,102030,Subway
2024-05-01,종로구,215646,Subway
2024-05-01,중구,211231,Subway
2024-05-01,중랑구,70914,Subway
2024-05-02,강남구,421472,Subway
2024-05-02,강동구,101757,Subway
2024-05-02,강북구,52822,Subway
2024-05-02,강서구,197106,Subway
2024-05-02,관악구,163713,Subway
2024-05-02,광진구,69871,Subway
2024-05-02,구로구,138785,Subway
2024-05-02,금천구,105743,Subway
2024-05-02,노원구,182421,Subway
2024-05-02,도봉구,102083,Subway
2024-05-02,동대문구,116887,Subway
2024-05-02,동작구,99101,Subway
2024-05-02,마포구,290628,Subway
2024-05-02,서대문구,112519,Subway
2024-05-02,서초구,163788,Subway
2024-05-02,성동구,145301,Subway
2024-05-02,성북구,55439,Subway
2024-05-02,송파구,223104,Subway
2024-05-02,양천구,39501,Subway
2024-05-02,영등포구,345197,Subway
2024-05-02,은평구,132852,Subway
2024-05-02,종로구,266061,Subway
2024-05-02,중구,302018,Subway
2024-05-02,중랑구,97900,Subway
2024-05-03,강남구,430685,Subway
2024-05-03,강동구,102672,Subway
2024-05-03,강북구,53566,Subway
2024-05-03,강서구,203500,Subway
2024-05-03,관악구,169954,Subway
2024-05-03,광진구,73706,Subway
2024-05-03,구로구,139981,Subway
2024-05-03,금천구,105000,Subway
2024-05-03,노원구,186233,Subway
2024-05-03,도봉구,104371,Subway
2024-05-03,동대문구,118888,Subway
2024-05-03,동작구,103837,Subway
2024-05-03,마포구,309146,Subway
2024-05-03,서대문구,114467,Subway
2024-05-03,서초구,183898,Subway
2024-05-03,성동구,150839,Subway
2024-05-03,성북구,55177,Subway
2024-05-03,송파구,228940,Subway
2024-05-03,양천구,39754,Subway
2024-05-03,영등포구,359660,Subway
2024-05-03,은평구,136193,Subway
2024-05-03,종로구,282398,Subway
2024-05-03,중구,309505,Subway
2024-05-03,중랑구,101854,Subway
2024-05-04,강남구,239982,Subway
2024-05-04,강동구,68872,Subway
2024-05-04,강북구,42298,Subway
2024-05-04,강서구,141016,Subway
2024-05-04,관악구,130755,Subway
2024-05-04,광진구,60668,Subway
2024-05-04,구로구,93464,Subway
2024-05-04,금천구,43008,Subway
2024-05-04,노원구,134804,Subway
2024-05-04,도봉구,80080,Subway
2024-05-04,동대문구,85129,Subway
2024-05-04,동작구,77792,Subway
2024-05-04,마포구,276262,Subway
2024-05-04,서대문구,88978,Subway
2024-05-04,서초구,150951,Subway
2024-05-04,성동구,111781,Subway
2024-05-04,성북구,37396,Subway
2024-05-04,송파구,154932,Subway
2024-05-04,양천구,25937,Subway
2024-05-04,영등포구,230496,Subway
2024-05-04,은평구,102924,Subway
2024-05-04,종로구,216949,Subway
2024-05-04,중구,205731,Subway
2024-05-04,중랑구,74992,Subway
2024-05-05,강남구,138952,Subway
2024-05-05,강동구,43309,Subway
2024-05-05,강북구,25242,Subway
2024-05-05,강서구,92378,Subway
2024-05-05,관악구,83431,Subway
2024-05-05,광진구,39928,Subway
2024-05-05,구로구,58932,Subway
2024-05-05,금천구,24799,Subway
2024-05-05,노원구,84080,Subway
2024-05-05,도봉구,48236,Subway
2024-05-05,동대문구,51180,Subway
2024-05-05,동작구,45487,Subway
2024-05-05,마포구,172135,Subway
2024-05-05,서대문구,55125,Subway
2024-05-05,서초구,110404,Subway
2024-05-05,성동구,63761,Subway
2024-05-05,성북구,24362,Subway
2024-05-05,송파구,91035,Subway
2024-05-05,양천구,15661,Subway
2024-05-05,영등포구,159483,Subway
2024-05-05,은평구,63558,Subway
2024-05-05,종로구,123753,Subway
2024-05-05,중구,128655,Subway
2024-05-05,중랑구,46441,Subway
2024-05-06,강남구,144753,Subway
2024-05-06,강동구,46477,Subway
2024-05-06,강북구,28303,Subway
2024-05-06,강서구,99126,Subway
2024-05-06,관악구,85119,Subway
2024-05-06,광진구,41726,Subway
2024-05-06,구로구,60856,Subway
2024-05-06,금천구,27943,Subway
2024-05-06,노원구,91205,Subway
2024-05-06,도봉구,52865,Subway
2024-05-06,동대문구,55618,Subway
2024-05-06,동작구,50431,Subway
2024-05-06,마포구,170091,Subway
2024-05-06,서대문구,55724,Subway
2024-05-06,서초구,130041,Subway
2024-05-06,성동구,64327,Subway
2024-05-06,성북구,25230,Subway
2024-05-06,송파구,88795,Subway
2024-05-06,양천구,17012,Subway
2024-05-06,영등포구,150520,Subway
2024-05-06,은평구,65911,Subway
2024-05-06,종로구,133560,Subway
2024-05-06,중구,121819,Subway
2024-05-06,중랑구,50110,Subway
2024-05-07,강남구,406143,Subway
2024-05-07,강동구,100458,Subway
2024-05-07,강북구,50493,Subway
2024-05-07,강서구,192070,Subway
2024-05-07,관악구,155772,Subway
2024-05-07,광진구,64895,Subway
2024-05-07,구로구,133417,Subway
2024-05-07,금천구,105989,Subway
2024-05-07,노원구,175885,Subway
2024-05-07,도봉구,98301,Subway
2024-05-07,동대문구,109510,Subway
2024-05-07,동작구,96168,Subway
2024-05-07,마포구,264234,Subway
2024-05-07,서대문구,105461,Subway
2024-05-07,서초구,159238,Subway
2024-05-07,성동구,132625,Subway
2024-05-07,성북구,53550,Subway
2024-05-07,송파구,212222,Subway
2024-05-07,양천구,38013,Subway
2024-05-07,영등포구,329845,Subway
2024-05-07,은평구,129676,Subway
2024-05-07,종로구,237702,Subway
2024-05-07,중구,274656,Subway
2024-05-07,중랑구,95598,Subway
2024-05-08,강남구,410421,Subway
2024-05-08,강동구,102893,Subway
2024-05-08,강북구,54126,Subway
2024-05-08,강서구,198798,Subway
2024-05-08,관악구,161795,Subway
2024-05-08,광진구,67278,Subway
2024-05-08,구로구,138182,Subway
2024-05-08,금천구,107085,Subway
2024-05-08,노원구,182950,Subway
2024-05-08,도봉구,102932,Subway
2024-05-08,동대문구,115371,Subway
2024-05-08,동작구,100349,Subway
2024-05-08,마포구,266452,Subway
2024-05-08,서대문구,109480,Subway
2024-05-08,서초구,158052,Subway
2024-05-08,성동구,137239,Subway
2024-05-08,성북구,56265,Subway
2024-05-08,송파구,217052,Subway
2024-05-08,양천구,38552,Subway
2024-05-08,영등포구,339635,Subway
2024-05-08,은평구,135886,Subway
2024-05-08,종로구,255231,Subway
2024-05-08,중구,281436,Subway
2024-05-08,중랑구,99157,Subway
2024-05-09,강남구,423326,Subway
2024-05-09,강동구,102586,Subway
2024-05-09,강북구,53165,Subway
2024-05-09,강서구,199216,Subway
2024-05-09,관악구,164751,Subway
2024-05-09,광진구,69647,Subway
2024-05-09,구로구,137820,Subway
2024-05-09,금천구,107195,Subway
2024-05-09,노원구,184009,Subway
2024-05-09,도봉구,102717,Subway
2024-05-09,동대문구,116803,Subway
2024-05-09,동작구,100568,Subway
2024-05-09,마포구,276844,Subway
2024-05-09,서대문구,110734,Subway
2024-05-09,서초구,163867,Subway
2024-05-09,성동구,140183,Subway
2024-05-09,성북구,55831,Subway
2024-05-09,송파구,221949,Subway
2024-05-09,양천구,38981,Subway
2024-05-09,영등포구,344023,Subway
2024-05-09,은평구,134514,Subway
2024-05-09,종로구,262551,Subway
2024-05-09,중구,290115,Subway
2024-05-09,중랑구,99440,Subway
2024-05-10,강남구,435609,Subway
2024-05-10,강동구,105615,Subway
2024-05-10,강북구,53830,Subway
2024-05-10,강서구,205442,Subway
2024-05-10,관악구,174597,Subway
2024-05-10,광진구,73780,Subway
2024-05-10,구로구,142589,Subway
2024-05-10,금천구,106976,Subway
2024-05-10,노원구,188803,Subway
2024-05-10,도봉구,106645,Subway
2024-05-10,동대문구,118662,Subway
2024-05-10,동작구,105188,Subway
2024-05-10,마포구,294838,Subway
2024-05-10,서대문구,113812,Subway
2024-05-10,서초구,179220,Subway
2024-05-10,성동구,147941,Subway
2024-05-10,성북구,56905,Subway
2024-05-10,송파구,228063,Subway
2024-05-10,양천구,40867,Subway
2024-05-10,영등포구,358290,Subway
2024-05-10,은평구,138557,Subway
2024-05-10,종로구,279078,Subway
2024-05-10,중구,297111,Subway
2024-05-10,중랑구,103738,Subway
2024-05-11,강남구,252418,Subway
2024-05-11,강동구,68433,Subway
2024-05-11,강북구,39653,Subway
2024-05-11,강서구,131780,Subway
2024-05-11,관악구,130913,Subway
2024-05-11,광진구,59525,Subway
2024-05-11,구로구,87294,Subway
2024-05-11,금천구,39804,Subway
2024-05-11,노원구,130798,Subway
2024-05-11,도봉구,74621,Subway
2024-05-11,동대문구,82564,Subway
2024-05-11,동작구,74518,Subway
2024-05-11,마포구,228053,Subway
2024-05-11,서대문구,84190,Subway
2024-05-11,서초구,144675,Subway
2024-05-11,성동구,94151,Subway
2024-05-11,성북구,36496,Subway
2024-05-11,송파구,141759,Subway
2024-05-11,양천구,24922,Subway
2024-05-11,영등포구,229112,Subway
2024-05-11,은평구,95886,Subway
2024-05-11,종로구,234843,Subway
2024-05-11,중구,183436,Subway
2024-05-11,중랑구,71901,Subway
2024-05-12,강남구,161458,Subway
2024-05-12,강동구,51847,Subway
2024-05-12,강북구,34025,Subway
2024-05-12,강서구,108285,Subway
2024-05-12,관악구,103629,Subway
2024-05-12,광진구,49424,Subway
2024-05-12,구로구,70561,Subway
2024-05-12,금천구,32885,Subway
2024-05-12,노원구,111380,Subway
2024-05-12,도봉구,66687,Subway
2024-05-12,동대문구,67503,Subway
2024-05-12,동작구,55960,Subway
2024-05-12,마포구,191164,Subway
2024-05-12,서대문구,62279,Subway
2024-05-12,서초구,131236,Subway
2024-05-12,성동구,83954,Subway
2024-05-12,성북구,30644,Subway
2024-05-12,송파구,120114,Subway
2024-05-12,양천구,19564,Subway
2024-05-12,영등포구,176231,Subway
2024-05-12,은평구,78801,Subway
2024-05-12,종로구,164369,Subway
2024-05-12,중구,146597,Subway
2024-05-12,중랑구,58097,Subway
2024-05-13,강남구,405262,Subway
2024-05-13,강동구,100842,Subway
2024-05-13,강북구,52000,Subway
2024-05-13,강서구,193001,Subway
2024-05-13,관악구,158451,Subway
2024-05-13,광진구,67195,Subway
2024-05-13,구로구,134739,Subway
2024-05-13,금천구,106622,Subway
2024-05-13,노원구,178655,Subway
2024-05-13,도봉구,100051,Subway
2024-05-13,동대문구,112931,Subway
2024-05-13,동작구,97926,Subway
2024-05-13,마포구,266775,Subway
2024-05-13,서대문구,105670,Subway
2024-05-13,서초구,159211,Subway
2024-05-13,성동구,133187,Subway
2024-05-13,성북구,53827,Subway
2024-05-13,송파구,206785,Subway
2024-05-13,양천구,38388,Subway
2024-05-13,영등포구,332789,Subway
2024-05-13,은평구,131408,Subway
2024-05-13,종로구,250881,Subway
2024-05-13,중구,280394,Subway
2024-05-13,중랑구,97886,Subway
2024-05-14,강남구,426232,Subway
2024-05-14,강동구,106968,Subway
2024-05-14,강북구,54460,Subway
2024-05-14,강서구,202138,Subway
2024-05-14,관악구,173397,Subway
2024-05-14,광진구,72600,Subway
2024-05-14,구로구,141095,Subway
2024-05-14,금천구,108568,Subway
2024-05-14,노원구,190828,Subway
2024-05-14,도봉구,105601,Subway
2024-05-14,동대문구,119437,Subway
2024-05-14,동작구,104021,Subway
2024-05-14,마포구,287260,Subway
2024-05-14,서대문구,113804,Subway
2024-05-14,서초구,171500,Subway
2024-05-14,성동구,142359,Subway
2024-05-14,성북구,56727,Subway
2024-05-14,송파구,228718,Subway
2024-05-14,양천구,40561,Subway
2024-05-14,영등포구,349651,Subway
2024-05-14,은평구,137047,Subway
2024-05-14,종로구,272870,Subway
2024-05-14,중구,298517,Subway
2024-05-14,중랑구,102512,Subway
2024-05-15,강남구,176165,Subway
2024-05-15,강동구,53709,Subway
2024-05-15,강북구,37009,Subway
2024-05-15,강서구,108099,Subway
2024-05-15,관악구,103067,Subway
2024-05-15,광진구,48538,Subway
2024-05-15,구로구,69114,Subway
2024-05-15,금천구,32457,Subway
2024-05-15,노원구,112098,Subway
2024-05-15,도봉구,64195,Subway
2024-05-15,동대문구,65962,Subway
2024-05-15,동작구,59188,Subway
2024-05-15,마포구,185163,Subway
2024-05-15,서대문구,65588,Subway
2024-05-15,서초구,104108,Subway
2024-05-15,성동구,71651,Subway
2024-05-15,성북구,31138,Subway
2024-05-15,송파구,113502,Subway
2024-05-15,양천구,19292,Subway
2024-05-15,영등포구,173705,Subway
2024-05-15,은평구,82203,Subway
2024-05-15,종로구,179654,Subway
2024-05-15,중구,135871,Subway
2024-05-15,중랑구,58477,Subway
2024-05-16,강남구,417951,Subway
2024-05-16,강동구,101999,Subway
2024-05-16,강북구,52305,Subway
2024-05-16,강서구,195963,Subway
2024-05-16,관악구,164636,Subway
2024-05-16,광진구,68493,Subway
2024-05-16,구로구,135653,Subway
2024-05-16,금천구,105605,Subway
2024-05-16,노원구,184113,Subway
2024-05-16,도봉구,102206,Subway
2024-05-16,동대문구,115903,Subway
2024-05-16,동작구,99454,Subway
2024-05-16,마포구,278864,Subway
2024-05-16,서대문구,110031,Subway
2024-05-16,서초구,163953,Subway
2024-05-16,성동구,136951,Subway
2024-05-16,성북구,55264,Subway
2024-05-16,송파구,219043,Subway
2024-05-16,양천구,39282,Subway
2024-05-16,영등포구,339988,Subway
2024-05-16,은평구,133447,Subway
2024-05-16,종로구,261159,Subway
2024-05-16,중구,289432,Subway
2024-05-16,중랑구,99879,Subway
2024-05-17,강남구,423734,Subway
2024-05-17,강동구,102744,Subway
2024-05-17,강북구,52893,Subway
2024-05-17,강서구,200135,Subway
2024-05-17,관악구,171896,Subway
2024-05-17,광진구,71650,Subway
2024-05-17,구로구,137988,Subway
2024-05-17,금천구,105643,Subway
2024-05-17,노원구,190866,Subway
2024-05-17,도봉구,105320,Subway
2024-05-17,동대문구,118213,Subway
2024-05-17,동작구,103787,Subway
2024-05-17,마포구,291405,Subway
2024-05-17,서대문구,111897,Subway
2024-05-17,서초구,176684,Subway
2024-05-17,성동구,142264,Subway
2024-05-17,성북구,55143,Subway
2024-05-17,송파구,230267,Subway
2024-05-17,양천구,39604,Subway
2024-05-17,영등포구,349526,Subway
2024-05-17,은평구,135850,Subway
2024-05-17,종로구,269518,Subway
2024-05-17,중구,299079,Subway
2024-05-17,중랑구,103573,Subway
2024-05-18,강남구,250144,Subway
2024-05-18,강동구,72993,Subway
2024-05-18,강북구,43447,Subway
2024-05-18,강서구,142637,Subway
2024-05-18,관악구,141460,Subway
2024-05-18,광진구,66360,Subway
2024-05-18,구로구,95158,Subway
2024-05-18,금천구,45053,Subway
2024-05-18,노원구,164992,Subway
2024-05-18,도봉구,83341,Subway
2024-05-18,동대문구,87298,Subway
2024-05-18,동작구,80382,Subway
2024-05-18,마포구,254587,Subway
2024-05-18,서대문구,90042,Subway
2024-05-18,서초구,153711,Subway
2024-05-18,성동구,107596,Subway
2024-05-18,성북구,39787,Subway
2024-05-18,송파구,172180,Subway
2024-05-18,양천구,28027,Subway
2024-05-18,영등포구,240840,Subway
2024-05-18,은평구,103947,Subway
2024-05-18,종로구,214536,Subway
2024-05-18,중구,193706,Subway
2024-05-18,중랑구,91765,Subway
2024-05-19,강남구,153432,Subway
2024-05-19,강동구,52068,Subway
2024-05-19,강북구,33550,Subway
2024-05-19,강서구,106246,Subway
2024-05-19,관악구,101905,Subway
2024-05-19,광진구,48240,Subway
2024-05-19,구로구,69804,Subway
2024-05-19,금천구,33110,Subway
2024-05-19,노원구,127428,Subway
2024-05-19,도봉구,66075,Subway
2024-05-19,동대문구,65404,Subway
2024-05-19,동작구,56186,Subway
2024-05-19,마포구,191796,Subway
2024-05-19,서대문구,64051,Subway
2024-05-19,서초구,127832,Subway
2024-05-19,성동구,75201,Subway
2024-05-19,성북구,30050,Subway
2024-05-19,송파구,116417,Subway
2024-05-19,양천구,20246,Subway
2024-05-19,영등포구,177644,Subway
2024-05-19,은평구,77795,Subway
2024-05-19,종로구,145541,Subway
2024-05-19,중구,142432,Subway
2024-05-19,중랑구,69495,Subway
2024-05-20,강남구,397350,Subway
2024-05-20,강동구,99602,Subway
2024-05-20,강북구,49573,Subway
2024-05-20,강서구,192167,Subway
2024-05-20,관악구,155503,Subway
2024-05-20,광진구,63813,Subway
2024-05-20,구로구,132854,Subway
2024-05-20,금천구,105034,Subway
2024-05-20,노원구,180575,Subway
2024-05-20,도봉구,97890,Subway
2024-05-20,동대문구,111407,Subway
2024-05-20,동작구,95850,Subway
2024-05-20,마포구,263142,Subway
2024-05-20,서대문구,102733,Subway
2024-05-20,서초구,150290,Subway
2024-05-20,성동구,130055,Subway
2024-05-20,성북구,53076,Subway
2024-05-20,송파구,203138,Subway
2024-05-20,양천구,37543,Subway
2024-05-20,영등포구,321199,Subway
2024-05-20,은평구,128866,Subway
2024-05-20,종로구,242337,Subway
2024-05-20,중구,272681,Subway
2024-05-20,중랑구,97554,Subway
2024-05-21,강남구,417586,Subway
2024-05-21,강동구,101762,Subway
2024-05-21,강북구,52388,Subway
2024-05-21,강서구,195404,Subway
2024-05-21,관악구,162238,Subway
2024-05-21,광진구,68250,Subway
2024-05-21,구로구,135602,Subway
2024-05-21,금천구,106823,Subway
2024-05-21,노원구,187739,Subway
2024-05-21,도봉구,101861,Subway
2024-05-21,동대문구,113551,Subway
2024-05-21,동작구,98847,Subway
2024-05-21,마포구,270812,Subway
2024-05-21,서대문구,107692,Subway
2024-05-21,서초구,160958,Subway
2024-05-21,성동구,135642,Subway
2024-05-21,성북구,54716,Subway
2024-05-21,송파구,218416,Subway
2024-05-21,양천구,39300,Subway
2024-05-21,영등포구,337655,Subway
2024-05-21,은평구,132564,Subway
2024-05-21,종로구,255304,Subway
2024-05-21,중구,287785,Subway
2024-05-21,중랑구,100130,Subway
2024-05-22,강남구,412534,Subway
2024-05-22,강동구,102254,Subway
2024-05-22,강북구,52629,Subway
2024-05-22,강서구,197175,Subway
2024-05-22,관악구,164139,Subway
2024-05-22,광진구,68248,Subway
2024-05-22,구로구,137121,Subway
2024-05-22,금천구,105866,Subway
2024-05-22,노원구,187671,Subway
2024-05-22,도봉구,101816,Subway
2024-05-22,동대문구,117226,Subway
2024-05-22,동작구,99583,Subway
2024-05-22,마포구,272292,Subway
2024-05-22,서대문구,108168,Subway
2024-05-22,서초구,160199,Subway
2024-05-22,성동구,142225,Subway
2024-05-22,성북구,55242,Subway
2024-05-22,송파구,216195,Subway
2024-05-22,양천구,38879,Subway
2024-05-22,영등포구,341303,Subway
2024-05-22,은평구,132457,Subway
2024-05-22,종로구,261949,Subway
2024-05-22,중구,290025,Subway
2024-05-22,중랑구,100247,Subway
2024-05-23,강남구,415903,Subway
2024-05-23,강동구,101479,Subway
2024-05-23,강북구,52318,Subway
2024-05-23,강서구,196866,Subway
2024-05-23,관악구,164907,Subway
2024-05-23,광진구,68426,Subway
2024-05-23,구로구,136805,Subway
2024-05-23,금천구,105277,Subway
2024-05-23,노원구,185945,Subway
2024-05-23,도봉구,101466,Subway
2024-05-23,동대문구,118939,Subway
2024-05-23,동작구,99396,Subway
2024-05-23,마포구,277505,Subway
2024-05-23,서대문구,109140,Subway
2024-05-23,서초구,163906,Subway
2024-05-23,성동구,141381,Subway
2024-05-23,성북구,54941,Subway
2024-05-23,송파구,218002,Subway
2024-05-23,양천구,38800,Subway
2024-05-23,영등포구,345893,Subway
2024-05-23,은평구,132867,Subway
2024-05-23,종로구,261539,Subway
2024-05-23,중구,293202,Subway
2024-05-23,중랑구,99769,Subway
2024-05-24,강남구,423684,Subway
2024-05-24,강동구,103842,Subway
2024-05-24,강북구,53156,Subway
2024-05-24,강서구,200600,Subway
2024-05-24,관악구,172241,Subway
2024-05-24,광진구,71418,Subway
2024-05-24,구로구,138385,Subway
2024-05-24,금천구,104330,Subway
2024-05-24,노원구,187272,Subway
2024-05-24,도봉구,104318,Subway
2024-05-24,동대문구,121528,Subway
2024-05-24,동작구,103222,Subway
2024-05-24,마포구,291736,Subway
2024-05-24,서대문구,110117,Subway
2024-05-24,서초구,177179,Subway
2024-05-24,성동구,146092,Subway
2024-05-24,성북구,55028,Subway
2024-05-24,송파구,224837,Subway
2024-05-24,양천구,39487,Subway
2024-05-24,영등포구,355384,Subway
2024-05-24,은평구,135055,Subway
2024-05-24,종로구,270120,Subway
2024-05-24,중구,296670,Subway
2024-05-24,중랑구,102055,Subway
2024-05-25,강남구,251005,Subway
2024-05-25,강동구,73691,Subway
2024-05-25,강북구,44381,Subway
2024-05-25,강서구,144325,Subway
2024-05-25,관악구,143724,Subway
2024-05-25,광진구,63807,Subway
2024-05-25,구로구,96822,Subway
2024-05-25,금천구,44851,Subway
2024-05-25,노원구,154345,Subway
2024-05-25,도봉구,85092,Subway
2024-05-25,동대문구,90582,Subway
2024-05-25,동작구,81069,Subway
2024-05-25,마포구,272966,Subway
2024-05-25,서대문구,89922,Subway
2024-05-25,서초구,153238,Subway
2024-05-25,성동구,106757,Subway
2024-05-25,성북구,40398,Subway
2024-05-25,송파구,160629,Subway
2024-05-25,양천구,28294,Subway
2024-05-25,영등포구,252864,Subway
2024-05-25,은평구,106923,Subway
2024-05-25,종로구,223289,Subway
2024-05-25,중구,209138,Subway
2024-05-25,중랑구,83116,Subway
2024-05-26,강남구,148846,Subway
2024-05-26,강동구,48826,Subway
2024-05-26,강북구,29993,Subway
2024-05-26,강서구,100133,Subway
2024-05-26,관악구,96972,Subway
2024-05-26,광진구,43679,Subway
2024-05-26,구로구,66302,Subway
2024-05-26,금천구,29827,Subway
2024-05-26,노원구,101677,Subway
2024-05-26,도봉구,59446,Subway
2024-05-26,동대문구,62785,Subway
2024-05-26,동작구,51994,Subway
2024-05-26,마포구,190440,Subway
2024-05-26,서대문구,62039,Subway
2024-05-26,서초구,119877,Subway
2024-05-26,성동구,67149,Subway
2024-05-26,성북구,26949,Subway
2024-05-26,송파구,106484,Subway
2024-05-26,양천구,17981,Subway
2024-05-26,영등포구,175716,Subway
2024-05-26,은평구,71521,Subway
2024-05-26,종로구,134261,Subway
2024-05-26,중구,135131,Subway
2024-05-26,중랑구,52804,Subway
2024-05-27,강남구,402730,Subway
2024-05-27,강동구,99880,Subway
2024-05-27,강북구,50633,Subway
2024-05-27,강서구,193472,Subway
2024-05-27,관악구,156680,Subway
2024-05-27,광진구,64601,Subway
2024-05-27,구로구,133689,Subway
2024-05-27,금천구,105511,Subway
2024-05-27,노원구,174965,Subway
2024-05-27,도봉구,99011,Subway
2024-05-27,동대문구,112548,Subway
2024-05-27,동작구,96634,Subway
2024-05-27,마포구,265761,Subway
2024-05-27,서대문구,102996,Subway
2024-05-27,서초구,156055,Subway
2024-05-27,성동구,132336,Subway
2024-05-27,성북구,52906,Subway
2024-05-27,송파구,203598,Subway
2024-05-27,양천구,37709,Subway
2024-05-27,영등포구,332933,Subway
2024-05-27,은평구,129785,Subway
2024-05-27,종로구,245594,Subway
2024-05-27,중구,281831,Subway
2024-05-27,중랑구,96533,Subway
2024-05-28,강남구,414081,Subway
2024-05-28,강동구,102950,Subway
2024-05-28,강북구,52137,Subway
2024-05-28,강서구,195147,Subway
2024-05-28,관악구,161944,Subway
2024-05-28,광진구,66305,Subway
2024-05-28,구로구,136618,Subway
2024-05-28,금천구,106439,Subway
2024-05-28,노원구,177649,Subway
2024-05-28,도봉구,101766,Subway
2024-05-28,동대문구,114028,Subway
2024-05-28,동작구,98418,Subway
2024-05-28,마포구,271869,Subway
2024-05-28,서대문구,106883,Subway
2024-05-28,서초구,156762,Subway
2024-05-28,성동구,136506,Subway
2024-05-28,성북구,54470,Subway
2024-05-28,송파구,213796,Subway
2024-05-28,양천구,38752,Subway
2024-05-28,영등포구,338875,Subway
2024-05-28,은평구,133136,Subway
2024-05-28,종로구,255657,Subway
2024-05-28,중구,291210,Subway
2024-05-28,중랑구,97942,Subway
2024-05-29,강남구,410898,Subway
2024-05-29,강동구,102418,Subway
2024-05-29,강북구,51776,Subway
2024-05-29,강서구,196520,Subway
2024-05-29,관악구,162842,Subway
2024-05-29,광진구,66238,Subway
2024-05-29,구로구,137029,Subway
2024-05-29,금천구,106352,Subway
2024-05-29,노원구,179482,Subway
2024-05-29,도봉구,102716,Subway
2024-05-29,동대문구,114046,Subway
2024-05-29,동작구,98476,Subway
2024-05-29,마포구,271359,Subway
2024-05-29,서대문구,106360,Subway
2024-05-29,서초구,157734,Subway
2024-05-29,성동구,136629,Subway
2024-05-29,성북구,54704,Subway
2024-05-29,송파구,214712,Subway
2024-05-29,양천구,38785,Subway
2024-05-29,영등포구,340665,Subway
2024-05-29,은평구,132593,Subway
2024-05-29,종로구,264581,Subway
2024-05-29,중구,301750,Subway
2024-05-29,중랑구,97675,Subway
2024-05-30,강남구,412676,Subway
2024-05-30,강동구,100997,Subway
2024-05-30,강북구,51597,Subway
2024-05-30,강서구,194877,Subway
2024-05-30,관악구,163645,Subway
2024-05-30,광진구,66436,Subway
2024-05-30,구로구,135416,Subway
2024-05-30,금천구,105395,Subway
2024-05-30,노원구,177245,Subway
2024-05-30,도봉구,100615,Subway
2024-05-30,동대문구,114177,Subway
2024-05-30,동작구,97652,Subway
2024-05-30,마포구,273025,Subway
2024-05-30,서대문구,107276,Subway
2024-05-30,서초구,159390,Subway
2024-05-30,성동구,137278,Subway
2024-05-30,성북구,55420,Subway
2024-05-30,송파구,214367,Subway
2024-05-30,양천구,38194,Subway
2024-05-30,영등포구,338451,Subway
2024-05-30,은평구,131258,Subway
2024-05-30,종로구,261279,Subway
2024-05-30,중구,295104,Subway
2024-05-30,중랑구,97134,Subway
2024-05-31,강남구,421808,Subway
2024-05-31,강동구,103594,Subway
2024-05-31,강북구,51997,Subway
2024-05-31,강서구,201651,Subway
2024-05-31,관악구,171089,Subway
2024-05-31,광진구,70438,Subway
2024-05-31,구로구,137433,Subway
2024-05-31,금천구,104381,Subway
2024-05-31,노원구,180838,Subway
2024-05-31,도봉구,103301,Subway
2024-05-31,동대문구,116941,Subway
2024-05-31,동작구,102687,Subway
2024-05-31,마포구,286904,Subway
2024-05-31,서대문구,107264,Subway
2024-05-31,서초구,173082,Subway
2024-05-31,성동구,142226,Subway
2024-05-31,성북구,54445,Subway
2024-05-31,송파구,227498,Subway
2024-05-31,양천구,39033,Subway
2024-05-31,영등포구,352266,Subway
2024-05-31,은평구,133461,Subway
2024-05-31,종로구,266632,Subway
2024-05-31,중구,292263,Subway
2024-05-31,중랑구,99834,Subway
2024-06-01,강남구,246521,Subway
2024-06-01,강동구,70773,Subway
2024-06-01,강북구,42368,Subway
2024-06-01,강서구,140866,Subway
2024-06-01,관악구,136761,Subway
2024-06-01,광진구,68197,Subway
2024-06-01,구로구,92594,Subway
2024-06-01,금천구,43525,Subway
2024-06-01,노원구,138151,Subway
2024-06-01,도봉구,81600,Subway
2024-06-01,동대문구,85311,Subway
2024-06-01,동작구,77869,Subway
2024-06-01,마포구,241909,Subway
2024-06-01,서대문구,85799,Subway
2024-06-01,서초구,144939,Subway
2024-06-01,성동구,104644,Subway
2024-06-01,성북구,38072,Subway
2024-06-01,송파구,153971,Subway
2024-06-01,양천구,27233,Subway
2024-06-01,영등포구,240962,Subway
2024-06-01,은평구,101401,Subway
2024-06-01,종로구,219429,Subway
2024-06-01,중구,219359,Subway
2024-06-01,중랑구,75666,Subway
2024-06-02,강남구,145139,Subway
2024-06-02,강동구,50441,Subway
2024-06-02,강북구,32001,Subway
2024-06-02,강서구,103277,Subway
2024-06-02,관악구,97733,Subway
2024-06-02,광진구,44731,Subway
2024-06-02,구로구,67375,Subway
2024-06-02,금천구,30829,Subway
2024-06-02,노원구,100061,Subway
2024-06-02,도봉구,63814,Subway
2024-06-02,동대문구,63197,Subway
2024-06-02,동작구,54149,Subway
2024-06-02,마포구,179931,Subway
2024-06-02,서대문구,58988,Subway
2024-06-02,서초구,117785,Subway
2024-06-02,성동구,74215,Subway
2024-06-02,성북구,27486,Subway
2024-06-02,송파구,111538,Subway
2024-06-02,양천구,18886,Subway
2024-06-02,영등포구,173462,Subway
2024-06-02,은평구,74253,Subway
2024-06-02,종로구,137574,Subway
2024-06-02,중구,132883,Subway
2024-06-02,중랑구,54772,Subway
2024-06-03,강남구,399340,Subway
2024-06-03,강동구,99236,Subway
2024-06-03,강북구,50595,Subway
2024-06-03,강서구,191624,Subway
2024-06-03,관악구,155129,Subway
2024-06-03,광진구,63833,Subway
2024-06-03,구로구,133159,Subway
2024-06-03,금천구,105856,Subway
2024-06-03,노원구,173477,Subway
2024-06-03,도봉구,98147,Subway
2024-06-03,동대문구,110815,Subway
2024-06-03,동작구,95514,Subway
2024-06-03,마포구,258943,Subway
2024-06-03,서대문구,101849,Subway
2024-06-03,서초구,151882,Subway
2024-06-03,성동구,129626,Subway
2024-06-03,성북구,52415,Subway
2024-06-03,송파구,201857,Subway
2024-06-03,양천구,37844,Subway
2024-06-03,영등포구,329836,Subway
2024-06-03,은평구,128934,Subway
2024-06-03,종로구,240923,Subway
2024-06-03,중구,275523,Subway
2024-06-03,중랑구,95487,Subway
2024-06-04,강남구,416141,Subway
2024-06-04,강동구,101445,Subway
2024-06-04,강북구,52108,Subway
2024-06-04,강서구,194625,Subway
2024-06-04,관악구,162341,Subway
2024-06-04,광진구,65697,Subway
2024-06-04,구로구,135386,Subway
2024-06-04,금천구,106206,Subway
2024-06-04,노원구,177470,Subway
2024-06-04,도봉구,100339,Subway
2024-06-04,동대문구,112958,Subway
2024-06-04,동작구,97725,Subway
2024-06-04,마포구,267479,Subway
2024-06-04,서대문구,104998,Subway
2024-06-04,서초구,156069,Subway
2024-06-04,성동구,133827,Subway
2024-06-04,성북구,54340,Subway
2024-06-04,송파구,216475,Subway
2024-06-04,양천구,39291,Subway
2024-06-04,영등포구,336076,Subway
2024-06-04,은평구,131021,Subway
2024-06-04,종로구,250373,Subway
2024-06-04,중구,283089,Subway
2024-06-04,중랑구,97308,Subway
2024-06-05,강남구,418549,Subway
2024-06-05,강동구,103722,Subway
2024-06-05,강북구,53306,Subway
2024-06-05,강서구,202227,Subway
2024-06-05,관악구,170477,Subway
2024-06-05,광진구,68790,Subway
2024-06-05,구로구,139748,Subway
2024-06-05,금천구,107364,Subway
2024-06-05,노원구,183883,Subway
2024-06-05,도봉구,102140,Subway
2024-06-05,동대문구,116051,Subway
2024-06-05,동작구,101762,Subway
2024-06-05,마포구,278376,Subway
2024-06-05,서대문구,109430,Subway
2024-06-05,서초구,170478,Subway
2024-06-05,성동구,137422,Subway
2024-06-05,성북구,55458,Subway
2024-06-05,송파구,222425,Subway
2024-06-05,양천구,39544,Subway
2024-06-05,영등포구,347250,Subway
2024-06-05,은평구,134968,Subway
2024-06-05,종로구,258312,Subway
2024-06-05,중구,288757,Subway
2024-06-05,중랑구,100928,Subway
2024-06-06,강남구,163869,Subway
2024-06-06,강동구,54690,Subway
2024-06-06,강북구,36336,Subway
2024-06-06,강서구,114928,Subway
2024-06-06,관악구,107590,Subway
2024-06-06,광진구,52226,Subway
2024-06-06,구로구,72850,Subway
2024-06-06,금천구,35276,Subway
2024-06-06,노원구,110454,Subway
2024-06-06,도봉구,67556,Subway
2024-06-06,동대문구,68619,Subway
2024-06-06,동작구,61368,Subway
2024-06-06,마포구,197563,Subway
2024-06-06,서대문구,65434,Subway
2024-06-06,서초구,108939,Subway
2024-06-06,성동구,88122,Subway
2024-06-06,성북구,30698,Subway
2024-06-06,송파구,117925,Subway
2024-06-06,양천구,20913,Subway
2024-06-06,영등포구,178587,Subway
2024-06-06,은평구,82148,Subway
2024-06-06,종로구,181564,Subway
2024-06-06,중구,156947,Subway
2024-06-06,중랑구,60532,Subway
2024-06-07,강남구,365498,Subway
2024-06-07,강동구,92237,Subway
2024-06-07,강북구,48835,Subway
2024-06-07,강서구,182424,Subway
2024-06-07,관악구,153981,Subway
2024-06-07,광진구,65167,Subway
2024-06-07,구로구,122873,Subway
2024-06-07,금천구,85626,Subway
2024-06-07,노원구,167250,Subway
2024-06-07,도봉구,94897,Subway
2024-06-07,동대문구,106071,Subway
2024-06-07,동작구,92565,Subway
2024-06-07,마포구,270134,Subway
2024-06-07,서대문구,101287,Subway
2024-06-07,서초구,158595,Subway
2024-06-07,성동구,131992,Subway
2024-06-07,성북구,48645,Subway
2024-06-07,송파구,200938,Subway
2024-06-07,양천구,34811,Subway
2024-06-07,영등포구,317328,Subway
2024-06-07,은평구,124400,Subway
2024-06-07,종로구,249519,Subway
2024-06-07,중구,269625,Subway
2024-06-07,중랑구,92548,Subway
2024-06-08,강남구,216261,Subway
2024-06-08,강동구,61079,Subway
2024-06-08,강북구,35624,Subway
2024-06-08,강서구,123549,Subway
2024-06-08,관악구,121126,Subway
2024-06-08,광진구,50714,Subway
2024-06-08,구로구,83271,Subway
2024-06-08,금천구,37342,Subway
2024-06-08,노원구,116980,Subway
2024-06-08,도봉구,67407,Subway
2024-06-08,동대문구,72998,Subway
2024-06-08,동작구,67472,Subway
2024-06-08,마포구,208939,Subway
2024-06-08,서대문구,72953,Subway
2024-06-08,서초구,131380,Subway
2024-06-08,성동구,87949,Subway
2024-06-08,성북구,32568,Subway
2024-06-08,송파구,138825,Subway
2024-06-08,양천구,24195,Subway
2024-06-08,영등포구,209108,Subway
2024-06-08,은평구,86780,Subway
2024-06-08,종로구,176749,Subway
2024-06-08,중구,161799,Subway
2024-06-08,중랑구,65139,Subway
2024-06-09,강남구,141368,Subway
2024-06-09,강동구,48596,Subway
2024-06-09,강북구,30939,Subway
2024-06-09,강서구,100321,Subway
2024-06-09,관악구,95551,Subway
2024-06-09,광진구,41457,Subway
2024-06-09,구로구,65361,Subway
2024-06-09,금천구,29666,Subway
2024-06-09,노원구,97014,Subway
2024-06-09,도봉구,62272,Subway
2024-06-09,동대문구,61069,Subway
2024-06-09,동작구,51477,Subway
2024-06-09,마포구,165683,Subway
2024-06-09,서대문구,55205,Subway
2024-06-09,서초구,121846,Subway
2024-06-09,성동구,71559,Subway
2024-06-09,성북구,26543,Subway
2024-06-09,송파구,113091,Subway
2024-06-09,양천구,18717,Subway
2024-06-09,영등포구,170416,Subway
2024-06-09,은평구,72148,Subway
2024-06-09,종로구,132754,Subway
2024-06-09,중구,131461,Subway
2024-06-09,중랑구,52370,Subway
2024-06-10,강남구,399678,Subway
2024-06-10,강동구,98445,Subway
2024-06-10,강북구,49488,Subway
2024-06-10,강서구,191669,Subway
2024-06-10,관악구,154399,Subway
2024-06-10,광진구,62377,Subway
2024-06-10,구로구,132568,Subway
2024-06-10,금천구,103999,Subway
2024-06-10,노원구,169389,Subway
2024-06-10,도봉구,96212,Subway
2024-06-10,동대문구,108685,Subway
2024-06-10,동작구,93551,Subway
2024-06-10,마포구,257601,Subway
2024-06-10,서대문구,98077,Subway
2024-06-10,서초구,150904,Subway
2024-06-10,성동구,126655,Subway
2024-06-10,성북구,51690,Subway
2024-06-10,송파구,200686,Subway
2024-06-10,양천구,37019,Subway
2024-06-10,영등포구,325793,Subway
2024-06-10,은평구,127881,Subway
2024-06-10,종로구,239132,Subway
2024-06-10,중구,269091,Subway
2024-06-10,중랑구,92927,Subway
2024-06-11,강남구,412972,Subway
2024-06-11,강동구,100049,Subway
2024-06-11,강북구,51126,Subway
2024-06-11,강서구,193598,Subway
2024-06-11,관악구,160840,Subway
2024-06-11,광진구,64252,Subway
2024-06-11,구로구,134651,Subway
2024-06-11,금천구,105052,Subway
2024-06-11,노원구,174143,Subway
2024-06-11,도봉구,98496,Subway
2024-06-11,동대문구,109717,Subway
2024-06-11,동작구,95574,Subway
2024-06-11,마포구,279943,Subway
2024-06-11,서대문구,103189,Subway
2024-06-11,서초구,155068,Subway
2024-06-11,성동구,130605,Subway
2024-06-11,성북구,53269,Subway
2024-06-11,송파구,218547,Subway
2024-06-11,양천구,38186,Subway
2024-06-11,영등포구,335040,Subway
2024-06-11,은평구,130199,Subway
2024-06-11,종로구,246331,Subway
2024-06-11,중구,282235,Subway
2024-06-11,중랑구,95714,Subway
2024-06-12,강남구,410356,Subway
2024-06-12,강동구,100361,Subway
2024-06-12,강북구,50944,Subway
2024-06-12,강서구,196424,Subway
2024-06-12,관악구,161435,Subway
2024-06-12,광진구,64686,Subway
2024-06-12,구로구,135770,Subway
2024-06-12,금천구,104219,Subway
2024-06-12,노원구,175127,Subway
2024-06-12,도봉구,98891,Subway
2024-06-12,동대문구,110240,Subway
2024-06-12,동작구,96495,Subway
2024-06-12,마포구,266933,Subway
2024-06-12,서대문구,102076,Subway
2024-06-12,서초구,156795,Subway
2024-06-12,성동구,132673,Subway
2024-06-12,성북구,53107,Subway
2024-06-12,송파구,221413,Subway
2024-06-12,양천구,38131,Subway
2024-06-12,영등포구,340573,Subway
2024-06-12,은평구,131232,Subway
2024-06-12,종로구,251129,Subway
2024-06-12,중구,290078,Subway
2024-06-12,중랑구,96194,Subway
2024-06-13,강남구,417502,Subway
2024-06-13,강동구,100471,Subway
2024-06-13,강북구,51063,Subway
2024-06-13,강서구,195810,Subway
2024-06-13,관악구,164634,Subway
2024-06-13,광진구,65873,Subway
2024-06-13,구로구,135607,Subway
2024-06-13,금천구,104183,Subway
2024-06-13,노원구,174694,Subway
2024-06-13,도봉구,98462,Subway
2024-06-13,동대문구,112058,Subway
2024-06-13,동작구,96258,Subway
2024-06-13,마포구,273666,Subway
2024-06-13,서대문구,103552,Subway
2024-06-13,서초구,160460,Subway
2024-06-13,성동구,135466,Subway
2024-06-13,성북구,53290,Subway
2024-06-13,송파구,240748,Subway
2024-06-13,양천구,38335,Subway
2024-06-13,영등포구,342224,Subway
2024-06-13,은평구,130866,Subway
2024-06-13,종로구,251988,Subway
2024-06-13,중구,290018,Subway
2024-06-13,중랑구,96206,Subway
2024-06-14,강남구,422075,Subway
2024-06-14,강동구,102029,Subway
2024-06-14,강북구,51241,Subway
2024-06-14,강서구,199448,Subway
2024-06-14,관악구,171100,Subway
2024-06-14,광진구,67950,Subway
2024-06-14,구로구,135942,Subway
2024-06-14,금천구,103213,Subway
2024-06-14,노원구,177971,Subway
2024-06-14,도봉구,100170,Subway
2024-06-14,동대문구,111957,Subway
2024-06-14,동작구,99430,Subway
2024-06-14,마포구,287452,Subway
2024-06-14,서대문구,104768,Subway
2024-06-14,서초구,169656,Subway
2024-06-14,성동구,138382,Subway
2024-06-14,성북구,52955,Subway
2024-06-14,송파구,225245,Subway
2024-06-14,양천구,38525,Subway
2024-06-14,영등포구,350312,Subway
2024-06-14,은평구,132286,Subway
2024-06-14,종로구,259877,Subway
2024-06-14,중구,294407,Subway
2024-06-14,중랑구,98335,Subway
2024-06-15,강남구,240541,Subway
2024-06-15,강동구,67398,Subway
2024-06-15,강북구,39929,Subway
2024-06-15,강서구,135681,Subway
2024-06-15,관악구,136998,Subway
2024-06-15,광진구,55640,Subway
2024-06-15,구로구,90458,Subway
2024-06-15,금천구,42291,Subway
2024-06-15,노원구,128717,Subway
2024-06-15,도봉구,75232,Subway
2024-06-15,동대문구,79151,Subway
2024-06-15,동작구,74704,Subway
2024-06-15,마포구,236319,Subway
2024-06-15,서대문구,78819,Subway
2024-06-15,서초구,139048,Subway
2024-06-15,성동구,91656,Subway
2024-06-15,성북구,35743,Subway
2024-06-15,송파구,148524,Subway
2024-06-15,양천구,25865,Subway
2024-06-15,영등포구,235720,Subway
2024-06-15,은평구,97123,Subway
2024-06-15,종로구,193799,Subway
2024-06-15,중구,177935,Subway
2024-06-15,중랑구,71802,Subway
2024-06-16,강남구,147414,Subway
2024-06-16,강동구,48859,Subway
2024-06-16,강북구,31836,Subway
2024-06-16,강서구,103131,Subway
2024-06-16,관악구,99816,Subway
2024-06-16,광진구,42072,Subway
2024-06-16,구로구,66391,Subway
2024-06-16,금천구,30684,Subway
2024-06-16,노원구,96849,Subway
2024-06-16,도봉구,61945,Subway
2024-06-16,동대문구,60205,Subway
2024-06-16,동작구,52905,Subway
2024-06-16,마포구,178433,Subway
2024-06-16,서대문구,57586,Subway
2024-06-16,서초구,116070,Subway
2024-06-16,성동구,69851,Subway
2024-06-16,성북구,26988,Subway
2024-06-16,송파구,109987,Subway
2024-06-16,양천구,18512,Subway
2024-06-16,영등포구,175523,Subway
2024-06-16,은평구,74138,Subway
2024-06-16,종로구,136007,Subway
2024-06-16,중구,134609,Subway
2024-06-16,중랑구,53684,Subway
2024-06-17,강남구,402151,Subway
2024-06-17,강동구,97262,Subway
2024-06-17,강북구,48743,Subway
2024-06-17,강서구,190170,Subway
2024-06-17,관악구,155057,Subway
2024-06-17,광진구,63641,Subway
2024-06-17,구로구,131184,Subway
2024-06-17,금천구,103419,Subway
2024-06-17,노원구,168601,Subway
2024-06-17,도봉구,95655,Subway
2024-06-17,동대문구,107349,Subway
2024-06-17,동작구,93330,Subway
2024-06-17,마포구,261903,Subway
2024-06-17,서대문구,97961,Subway
2024-06-17,서초구,148392,Subway
2024-06-17,성동구,130972,Subway
2024-06-17,성북구,50060,Subway
2024-06-17,송파구,200140,Subway
2024-06-17,양천구,36642,Subway
2024-06-17,영등포구,322825,Subway
2024-06-17,은평구,126804,Subway
2024-06-17,종로구,239226,Subway
2024-06-17,중구,275575,Subway
2024-06-17,중랑구,93858,Subway
2024-06-18,강남구,417349,Subway
2024-06-18,강동구,98855,Subway
2024-06-18,강북구,49733,Subway
2024-06-18,강서구,191819,Subway
2024-06-18,관악구,159890,Subway
2024-06-18,광진구,65038,Subway
2024-06-18,구로구,132889,Subway
2024-06-18,금천구,103954,Subway
2024-06-18,노원구,170629,Subway
2024-06-18,도봉구,97359,Subway
2024-06-18,동대문구,108684,Subway
2024-06-18,동작구,94998,Subway
2024-06-18,마포구,266452,Subway
2024-06-18,서대문구,99159,Subway
2024-06-18,서초구,157859,Subway
2024-06-18,성동구,132428,Subway
2024-06-18,성북구,51660,Subway
2024-06-18,송파구,211917,Subway
2024-06-18,양천구,37537,Subway
2024-06-18,영등포구,344585,Subway
2024-06-18,은평구,128766,Subway
2024-06-18,종로구,246497,Subway
2024-06-18,중구,280500,Subway
2024-06-18,중랑구,95296,Subway
2024-06-19,강남구,414133,Subway
2024-06-19,강동구,99337,Subway
2024-06-19,강북구,49635,Subway
2024-06-19,강서구,193829,Subway
2024-06-19,관악구,160686,Subway
2024-06-19,광진구,65356,Subway
2024-06-19,구로구,132522,Subway
2024-06-19,금천구,103413,Subway
2024-06-19,노원구,171678,Subway
2024-06-19,도봉구,97049,Subway
2024-06-19,동대문구,108279,Subway
2024-06-19,동작구,94663,Subway
2024-06-19,마포구,269402,Subway
2024-06-19,서대문구,99192,Subway
2024-06-19,서초구,158863,Subway
2024-06-19,성동구,133040,Subway
2024-06-19,성북구,52067,Subway
2024-06-19,송파구,214410,Subway
2024-06-19,양천구,37697,Subway
2024-06-19,영등포구,339949,Subway
2024-06-19,은평구,128615,Subway
2024-06-19,종로구,248765,Subway
2024-06-19,중구,282731,Subway
2024-06-19,중랑구,94897,Subway
2024-06-20,강남구,417143,Subway
2024-06-20,강동구,99246,Subway
2024-06-20,강북구,49815,Subway
2024-06-20,강서구,194016,Subway
2024-06-20,관악구,163684,Subway
2024-06-20,광진구,69243,Subway
2024-06-20,구로구,132697,Subway
2024-06-20,금천구,103196,Subway
2024-06-20,노원구,172408,Subway
2024-06-20,도봉구,97112,Subway
2024-06-20,동대문구,110028,Subway
2024-06-20,동작구,95806,Subway
2024-06-20,마포구,273204,Subway
2024-06-20,서대문구,101676,Subway
2024-06-20,서초구,162954,Subway
2024-06-20,성동구,134549,Subway
2024-06-20,성북구,52481,Subway
2024-06-20,송파구,213750,Subway
2024-06-20,양천구,37692,Subway
2024-06-20,영등포구,340219,Subway
2024-06-20,은평구,129621,Subway
2024-06-20,종로구,252283,Subway
2024-06-20,중구,284118,Subway
2024-06-20,중랑구,95270,Subway
2024-06-21,강남구,423727,Subway
2024-06-21,강동구,100831,Subway
2024-06-21,강북구,50880,Subway
2024-06-21,강서구,199723,Subway
2024-06-21,관악구,169742,Subway
2024-06-21,광진구,71059,Subway
2024-06-21,구로구,134783,Subway
2024-06-21,금천구,101453,Subway
2024-06-21,노원구,174670,Subway
2024-06-21,도봉구,98733,Subway
2024-06-21,동대문구,112270,Subway
2024-06-21,동작구,99566,Subway
2024-06-21,마포구,288016,Subway
2024-06-21,서대문구,103613,Subway
2024-06-21,서초구,174010,Subway
2024-06-21,성동구,138805,Subway
2024-06-21,성북구,52129,Subway
2024-06-21,송파구,223361,Subway
2024-06-21,양천구,38074,Subway
2024-06-21,영등포구,350612,Subway
2024-06-21,은평구,131207,Subway
2024-06-21,종로구,258766,Subway
2024-06-21,중구,288182,Subway
2024-06-21,중랑구,96304,Subway
2024-06-22,강남구,236527,Subway
2024-06-22,강동구,65742,Subway
2024-06-22,강북구,37474,Subway
2024-06-22,강서구,129430,Subway
2024-06-22,관악구,129246,Subway
2024-06-22,광진구,57291,Subway
2024-06-22,구로구,85894,Subway
2024-06-22,금천구,38268,Subway
2024-06-22,노원구,124332,Subway
2024-06-22,도봉구,71480,Subway
2024-06-22,동대문구,77533,Subway
2024-06-22,동작구,71171,Subway
2024-06-22,마포구,227156,Subway
2024-06-22,서대문구,78282,Subway
2024-06-22,서초구,136079,Subway
2024-06-22,성동구,88324,Subway
2024-06-22,성북구,35482,Subway
2024-06-22,송파구,137751,Subway
2024-06-22,양천구,24318,Subway
2024-06-22,영등포구,226025,Subway
2024-06-22,은평구,93794,Subway
2024-06-22,종로구,179861,Subway
2024-06-22,중구,170349,Subway
2024-06-22,중랑구,68968,Subway
2024-06-23,강남구,150338,Subway
2024-06-23,강동구,47733,Subway
2024-06-23,강북구,30658,Subway
2024-06-23,강서구,101905,Subway
2024-06-23,관악구,95873,Subway
2024-06-23,광진구,43965,Subway
2024-06-23,구로구,65716,Subway
2024-06-23,금천구,29493,Subway
2024-06-23,노원구,95015,Subway
2024-06-23,도봉구,59827,Subway
2024-06-23,동대문구,60906,Subway
2024-06-23,동작구,51669,Subway
2024-06-23,마포구,178339,Subway
2024-06-23,서대문구,57563,Subway
2024-06-23,서초구,118530,Subway
2024-06-23,성동구,72856,Subway
2024-06-23,성북구,28115,Subway
2024-06-23,송파구,111358,Subway
2024-06-23,양천구,17942,Subway
2024-06-23,영등포구,170545,Subway
2024-06-23,은평구,72573,Subway
2024-06-23,종로구,132610,Subway
2024-06-23,중구,131758,Subway
2024-06-23,중랑구,51466,Subway
2024-06-24,강남구,403485,Subway
2024-06-24,강동구,97121,Subway
2024-06-24,강북구,47866,Subway
2024-06-24,강서구,189121,Subway
2024-06-24,관악구,152889,Subway
2024-06-24,광진구,63455,Subway
2024-06-24,구로구,129297,Subway
2024-06-24,금천구,102281,Subway
2024-06-24,노원구,164976,Subway
2024-06-24,도봉구,92987,Subway
2024-06-24,동대문구,105146,Subway
2024-06-24,동작구,90433,Subway
2024-06-24,마포구,264324,Subway
2024-06-24,서대문구,94435,Subway
2024-06-24,서초구,152391,Subway
2024-06-24,성동구,124591,Subway
2024-06-24,성북구,49532,Subway
2024-06-24,송파구,199269,Subway
2024-06-24,양천구,36333,Subway
2024-06-24,영등포구,327771,Subway
2024-06-24,은평구,124691,Subway
2024-06-24,종로구,240495,Subway
2024-06-24,중구,270716,Subway
2024-06-24,중랑구,91788,Subway
2024-06-25,강남구,421259,Subway
2024-06-25,강동구,99827,Subway
2024-06-25,강북구,50179,Subway
2024-06-25,강서구,194263,Subway
2024-06-25,관악구,160566,Subway
2024-06-25,광진구,64708,Subway
2024-06-25,구로구,133348,Subway
2024-06-25,금천구,104274,Subway
2024-06-25,노원구,170216,Subway
2024-06-25,도봉구,97287,Subway
2024-06-25,동대문구,107981,Subway
2024-06-25,동작구,93892,Subway
2024-06-25,마포구,274812,Subway
2024-06-25,서대문구,97946,Subway
2024-06-25,서초구,157002,Subway
2024-06-25,성동구,130637,Subway
2024-06-25,성북구,50773,Subway
2024-06-25,송파구,219808,Subway
2024-06-25,양천구,37627,Subway
2024-06-25,영등포구,338242,Subway
2024-06-25,은평구,130615,Subway
2024-06-25,종로구,251163,Subway
2024-06-25,중구,281080,Subway
2024-06-25,중랑구,94159,Subway
2024-06-26,강남구,424229,Subway
2024-06-26,강동구,99699,Subway
2024-06-26,강북구,50251,Subway
2024-06-26,강서구,196520,Subway
2024-06-26,관악구,162303,Subway
2024-06-26,광진구,65807,Subway
2024-06-26,구로구,133375,Subway
2024-06-26,금천구,103576,Subway
2024-06-26,노원구,172489,Subway
2024-06-26,도봉구,97456,Subway
2024-06-26,동대문구,109007,Subway
2024-06-26,동작구,94765,Subway
2024-06-26,마포구,276910,Subway
2024-06-26,서대문구,99160,Subway
2024-06-26,서초구,158252,Subway
2024-06-26,성동구,130547,Subway
2024-06-26,성북구,51488,Subway
2024-06-26,송파구,220436,Subway
2024-06-26,양천구,37906,Subway
2024-06-26,영등포구,343520,Subway
2024-06-26,은평구,130948,Subway
2024-06-26,종로구,257058,Subway
2024-06-26,중구,284147,Subway
2024-06-26,중랑구,94438,Subway
2024-06-27,강남구,425396,Subway
2024-06-27,강동구,99168,Subway
2024-06-27,강북구,49637,Subway
2024-06-27,강서구,196336,Subway
2024-06-27,관악구,163552,Subway
2024-06-27,광진구,64647,Subway
2024-06-27,구로구,133367,Subway
2024-06-27,금천구,103433,Subway
2024-06-27,노원구,171151,Subway
2024-06-27,도봉구,97429,Subway
2024-06-27,동대문구,109040,Subway
2024-06-27,동작구,93769,Subway
2024-06-27,마포구,279094,Subway
2024-06-27,서대문구,97951,Subway
2024-06-27,서초구,159848,Subway
2024-06-27,성동구,130580,Subway
2024-06-27,성북구,51357,Subway
2024-06-27,송파구,218486,Subway
2024-06-27,양천구,37460,Subway
2024-06-27,영등포구,346515,Subway
2024-06-27,은평구,129990,Subway
2024-06-27,종로구,255758,Subway
2024-06-27,중구,286439,Subway
2024-06-27,중랑구,94328,Subway
2024-06-28,강남구,431959,Subway
2024-06-28,강동구,102425,Subway
2024-06-28,강북구,50941,Subway
2024-06-28,강서구,201557,Subway
2024-06-28,관악구,171150,Subway
2024-06-28,광진구,68134,Subway
2024-06-28,구로구,135039,Subway
2024-06-28,금천구,102497,Subway
2024-06-28,노원구,175808,Subway
2024-06-28,도봉구,99844,Subway
2024-06-28,동대문구,112217,Subway
2024-06-28,동작구,97733,Subway
2024-06-28,마포구,292296,Subway
2024-06-28,서대문구,102767,Subway
2024-06-28,서초구,172603,Subway
2024-06-28,성동구,138362,Subway
2024-06-28,성북구,52022,Subway
2024-06-28,송파구,221942,Subway
2024-06-28,양천구,38372,Subway
2024-06-28,영등포구,355281,Subway
2024-06-28,은평구,133057,Subway
2024-06-28,종로구,261643,Subway
2024-06-28,중구,290449,Subway
2024-06-28,중랑구,97183,Subway
2024-06-29,강남구,247237,Subway
2024-06-29,강동구,66750,Subway
2024-06-29,강북구,40310,Subway
2024-06-29,강서구,134805,Subway
2024-06-29,관악구,132627,Subway
2024-06-29,광진구,56197,Subway
2024-06-29,구로구,87740,Subway
2024-06-29,금천구,40045,Subway
2024-06-29,노원구,127926,Subway
2024-06-29,도봉구,75258,Subway
2024-06-29,동대문구,79093,Subway
2024-06-29,동작구,73355,Subway
2024-06-29,마포구,229808,Subway
2024-06-29,서대문구,80323,Subway
2024-06-29,서초구,137468,Subway
2024-06-29,성동구,92998,Subway
2024-06-29,성북구,35143,Subway
2024-06-29,송파구,149380,Subway
2024-06-29,양천구,24938,Subway
2024-06-29,영등포구,231769,Subway
2024-06-29,은평구,96618,Subway
2024-06-29,종로구,196913,Subway
2024-06-29,중구,171118,Subway
2024-06-29,중랑구,70471,Subway
2024-06-30,강남구,139377,Subway
2024-06-30,강동구,43493,Subway
2024-06-30,강북구,26931,Subway
2024-06-30,강서구,93982,Subway
2024-06-30,관악구,87314,Subway
2024-06-30,광진구,38052,Subway
2024-06-30,구로구,60316,Subway
2024-06-30,금천구,26160,Subway
2024-06-30,노원구,83487,Subway
2024-06-30,도봉구,51905,Subway
2024-06-30,동대문구,54011,Subway
2024-06-30,동작구,47336,Subway
2024-06-30,마포구,156927,Subway
2024-06-30,서대문구,51273,Subway
2024-06-30,서초구,106909,Subway
2024-06-30,성동구,58416,Subway
2024-06-30,성북구,24927,Subway
2024-06-30,송파구,98086,Subway
2024-06-30,양천구,16081,Subway
2024-06-30,영등포구,157546,Subway
2024-06-30,은평구,63330,Subway
2024-06-30,종로구,112862,Subway
2024-06-30,중구,117036,Subway
2024-06-30,중랑구,47264,Subway
2024-07-01,강남구,402106,Subway
2024-07-01,강동구,96795,Subway
2024-07-01,강북구,48900,Subway
2024-07-01,강서구,187964,Subway
2024-07-01,관악구,151585,Subway
2024-07-01,광진구,61750,Subway
2024-07-01,구로구,129641,Subway
2024-07-01,금천구,102204,Subway
2024-07-01,노원구,165738,Subway
2024-07-01,도봉구,93625,Subway
2024-07-01,동대문구,104349,Subway
2024-07-01,동작구,90052,Subway
2024-07-01,마포구,262373,Subway
2024-07-01,서대문구,94955,Subway
2024-07-01,서초구,144679,Subway
2024-07-01,성동구,123961,Subway
2024-07-01,성북구,48835,Subway
2024-07-01,송파구,198617,Subway
2024-07-01,양천구,36029,Subway
2024-07-01,영등포구,327801,Subway
2024-07-01,은평구,125452,Subway
2024-07-01,종로구,236217,Subway
2024-07-01,중구,269089,Subway
2024-07-01,중랑구,91000,Subway
2024-07-02,강남구,395999,Subway
2024-07-02,강동구,93517,Subway
2024-07-02,강북구,44078,Subway
2024-07-02,강서구,178358,Subway
2024-07-02,관악구,145078,Subway
2024-07-02,광진구,57491,Subway
2024-07-02,구로구,122853,Subway
2024-07-02,금천구,99733,Subway
2024-07-02,노원구,154381,Subway
2024-07-02,도봉구,85593,Subway
2024-07-02,동대문구,95302,Subway
2024-07-02,동작구,85417,Subway
2024-07-02,마포구,246794,Subway
2024-07-02,서대문구,89092,Subway
2024-07-02,서초구,142674,Subway
2024-07-02,성동구,116762,Subway
2024-07-02,성북구,46221,Subway
2024-07-02,송파구,194516,Subway
2024-07-02,양천구,34457,Subway
2024-07-02,영등포구,319407,Subway
2024-07-02,은평구,118462,Subway
2024-07-02,종로구,221594,Subway
2024-07-02,중구,259247,Subway
2024-07-02,중랑구,85435,Subway
2024-07-03,강남구,416211,Subway
2024-07-03,강동구,99140,Subway
2024-07-03,강북구,49389,Subway
2024-07-03,강서구,190461,Subway
2024-07-03,관악구,157936,Subway
2024-07-03,광진구,64386,Subway
2024-07-03,구로구,132707,Subway
2024-07-03,금천구,102753,Subway
2024-07-03,노원구,170357,Subway
2024-07-03,도봉구,95493,Subway
2024-07-03,동대문구,106462,Subway
2024-07-03,동작구,92117,Subway
2024-07-03,마포구,269727,Subway
2024-07-03,서대문구,97837,Subway
2024-07-03,서초구,151535,Subway
2024-07-03,성동구,128893,Subway
2024-07-03,성북구,50561,Subway
2024-07-03,송파구,217618,Subway
2024-07-03,양천구,37233,Subway
2024-07-03,영등포구,339314,Subway
2024-07-03,은평구,128013,Subway
2024-07-03,종로구,249924,Subway
2024-07-03,중구,276082,Subway
2024-07-03,중랑구,92853,Subway
2024-07-04,강남구,426142,Subway
2024-07-04,강동구,99896,Subway
2024-07-04,강북구,49663,Subway
2024-07-04,강서구,193031,Subway
2024-07-04,관악구,160510,Subway
2024-07-04,광진구,64154,Subway
2024-07-04,구로구,131583,Subway
2024-07-04,금천구,102675,Subway
2024-07-04,노원구,169426,Subway
2024-07-04,도봉구,95985,Subway
2024-07-04,동대문구,106394,Subway
2024-07-04,동작구,92999,Subway
2024-07-04,마포구,273898,Subway
2024-07-04,서대문구,98250,Subway
2024-07-04,서초구,154263,Subway
2024-07-04,성동구,129287,Subway
2024-07-04,성북구,50309,Subway
2024-07-04,송파구,219840,Subway
2024-07-04,양천구,37394,Subway
2024-07-04,영등포구,338144,Subway
2024-07-04,은평구,129818,Subway
2024-07-04,종로구,252692,Subway
2024-07-04,중구,278185,Subway
2024-07-04,중랑구,92709,Subway
2024-07-05,강남구,429922,Subway
2024-07-05,강동구,102262,Subway
2024-07-05,강북구,50633,Subway
2024-07-05,강서구,198109,Subway
2024-07-05,관악구,167549,Subway
2024-07-05,광진구,67624,Subway
2024-07-05,구로구,133859,Subway
2024-07-05,금천구,101671,Subway
2024-07-05,노원구,174596,Subway
2024-07-05,도봉구,99052,Subway
2024-07-05,동대문구,109137,Subway
2024-07-05,동작구,96591,Subway
2024-07-05,마포구,290186,Subway
2024-07-05,서대문구,101450,Subway
2024-07-05,서초구,165449,Subway
2024-07-05,성동구,133681,Subway
2024-07-05,성북구,51437,Subway
2024-07-05,송파구,206840,Subway
2024-07-05,양천구,38214,Subway
2024-07-05,영등포구,344936,Subway
2024-07-05,은평구,131707,Subway
2024-07-05,종로구,255753,Subway
2024-07-05,중구,281040,Subway
2024-07-05,중랑구,96453,Subway
2024-07-06,강남구,245848,Subway
2024-07-06,강동구,64790,Subway
2024-07-06,강북구,37743,Subway
2024-07-06,강서구,128664,Subway
2024-07-06,관악구,126290,Subway
2024-07-06,광진구,55465,Subway
2024-07-06,구로구,85847,Subway
2024-07-06,금천구,38691,Subway
2024-07-06,노원구,121023,Subway
2024-07-06,도봉구,69811,Subway
2024-07-06,동대문구,74984,Subway
2024-07-06,동작구,69087,Subway
2024-07-06,마포구,225874,Subway
2024-07-06,서대문구,76742,Subway
2024-07-06,서초구,131095,Subway
2024-07-06,성동구,81913,Subway
2024-07-06,성북구,33183,Subway
2024-07-06,송파구,131516,Subway
2024-07-06,양천구,23702,Subway
2024-07-06,영등포구,221538,Subway
2024-07-06,은평구,91862,Subway
2024-07-06,종로구,178333,Subway
2024-07-06,중구,166730,Subway
2024-07-06,중랑구,66288,Subway
2024-07-07,강남구,148910,Subway
2024-07-07,강동구,49079,Subway
2024-07-07,강북구,31308,Subway
2024-07-07,강서구,101421,Subway
2024-07-07,관악구,93905,Subway
2024-07-07,광진구,41745,Subway
2024-07-07,구로구,64118,Subway
2024-07-07,금천구,28444,Subway
2024-07-07,노원구,95307,Subway
2024-07-07,도봉구,60040,Subway
2024-07-07,동대문구,58795,Subway
2024-07-07,동작구,50827,Subway
2024-07-07,마포구,178961,Subway
2024-07-07,서대문구,58222,Subway
2024-07-07,서초구,112290,Subway
2024-07-07,성동구,65079,Subway
2024-07-07,성북구,27481,Subway
2024-07-07,송파구,97415,Subway
2024-07-07,양천구,17766,Subway
2024-07-07,영등포구,169622,Subway
2024-07-07,은평구,71770,Subway
2024-07-07,종로구,128212,Subway
2024-07-07,중구,128045,Subway
2024-07-07,중랑구,51945,Subway
2024-07-08,강남구,393451,Subway
2024-07-08,강동구,92974,Subway
2024-07-08,강북구,44720,Subway
2024-07-08,강서구,180854,Subway
2024-07-08,관악구,145097,Subway
2024-07-08,광진구,57940,Subway
2024-07-08,구로구,124024,Subway
2024-07-08,금천구,99759,Subway
2024-07-08,노원구,156261,Subway
2024-07-08,도봉구,87187,Subway
2024-07-08,동대문구,97449,Subway
2024-07-08,동작구,86858,Subway
2024-07-08,마포구,250358,Subway
2024-07-08,서대문구,90460,Subway
2024-07-08,서초구,143342,Subway
2024-07-08,성동구,117898,Subway
2024-07-08,성북구,46421,Subway
2024-07-08,송파구,192770,Subway
2024-07-08,양천구,35368,Subway
2024-07-08,영등포구,315056,Subway
2024-07-08,은평구,119025,Subway
2024-07-08,종로구,225819,Subway
2024-07-08,중구,253122,Subway
2024-07-08,중랑구,87352,Subway
2024-07-09,강남구,414832,Subway
2024-07-09,강동구,97332,Subway
2024-07-09,강북구,47831,Subway
2024-07-09,강서구,189637,Subway
2024-07-09,관악구,155200,Subway
2024-07-09,광진구,61503,Subway
2024-07-09,구로구,130848,Subway
2024-07-09,금천구,102710,Subway
2024-07-09,노원구,164632,Subway
2024-07-09,도봉구,93484,Subway
2024-07-09,동대문구,103598,Subway
2024-07-09,동작구,91468,Subway
2024-07-09,마포구,265195,Subway
2024-07-09,서대문구,95528,Subway
2024-07-09,서초구,147992,Subway
2024-07-09,성동구,125980,Subway
2024-07-09,성북구,48771,Subway
2024-07-09,송파구,215930,Subway
2024-07-09,양천구,37428,Subway
2024-07-09,영등포구,331077,Subway
2024-07-09,은평구,125120,Subway
2024-07-09,종로구,239914,Subway
2024-07-09,중구,270038,Subway
2024-07-09,중랑구,91574,Subway
2024-07-10,강남구,417050,Subway
2024-07-10,강동구,99010,Subway
2024-07-10,강북구,48942,Subway
2024-07-10,강서구,192173,Subway
2024-07-10,관악구,159399,Subway
2024-07-10,광진구,64007,Subway
2024-07-10,구로구,133520,Subway
2024-07-10,금천구,102636,Subway
2024-07-10,노원구,168920,Subway
2024-07-10,도봉구,95817,Subway
2024-07-10,동대문구,104979,Subway
2024-07-10,동작구,92561,Subway
2024-07-10,마포구,270671,Subway
2024-07-10,서대문구,96716,Subway
2024-07-10,서초구,152505,Subway
2024-07-10,성동구,129271,Subway
2024-07-10,성북구,49757,Subway
2024-07-10,송파구,218218,Subway
2024-07-10,양천구,37455,Subway
2024-07-10,영등포구,340450,Subway
2024-07-10,은평구,128362,Subway
2024-07-10,종로구,248906,Subway
2024-07-10,중구,275281,Subway
2024-07-10,중랑구,92873,Subway
2024-07-11,강남구,421039,Subway
2024-07-11,강동구,98619,Subway
2024-07-11,강북구,49266,Subway
2024-07-11,강서구,194092,Subway
2024-07-11,관악구,161453,Subway
2024-07-11,광진구,63850,Subway
2024-07-11,구로구,132709,Subway
2024-07-11,금천구,102938,Subway
2024-07-11,노원구,169598,Subway
2024-07-11,도봉구,96220,Subway
2024-07-11,동대문구,106942,Subway
2024-07-11,동작구,93124,Subway
2024-07-11,마포구,276171,Subway
2024-07-11,서대문구,98613,Subway
2024-07-11,서초구,154681,Subway
2024-07-11,성동구,130980,Subway
2024-07-11,성북구,50453,Subway
2024-07-11,송파구,218699,Subway
2024-07-11,양천구,37173,Subway
2024-07-11,영등포구,338989,Subway
2024-07-11,은평구,128936,Subway
2024-07-11,종로구,251722,Subway
2024-07-11,중구,276477,Subway
2024-07-11,중랑구,93360,Subway
2024-07-12,강남구,428195,Subway
2024-07-12,강동구,102390,Subway
2024-07-12,강북구,50718,Subway
2024-07-12,강서구,198390,Subway
2024-07-12,관악구,167720,Subway
2024-07-12,광진구,67502,Subway
2024-07-12,구로구,134461,Subway
2024-07-12,금천구,101162,Subway
2024-07-12,노원구,173514,Subway
2024-07-12,도봉구,98937,Subway
2024-07-12,동대문구,111329,Subway
2024-07-12,동작구,97587,Subway
2024-07-12,마포구,285746,Subway
2024-07-12,서대문구,101559,Subway
2024-07-12,서초구,168323,Subway
2024-07-12,성동구,134333,Subway
2024-07-12,성북구,51184,Subway
2024-07-12,송파구,224042,Subway
2024-07-12,양천구,38318,Subway
2024-07-12,영등포구,348265,Subway
2024-07-12,은평구,131158,Subway
2024-07-12,종로구,255469,Subway
2024-07-12,중구,280811,Subway
2024-07-12,중랑구,95954,Subway
2024-07-13,강남구,252251,Subway
2024-07-13,강동구,68228,Subway
2024-07-13,강북구,40679,Subway
2024-07-13,강서구,136701,Subway
2024-07-13,관악구,136085,Subway
2024-07-13,광진구,58120,Subway
2024-07-13,구로구,89872,Subway
2024-07-13,금천구,41402,Subway
2024-07-13,노원구,132475,Subway
2024-07-13,도봉구,77212,Subway
2024-07-13,동대문구,81362,Subway
2024-07-13,동작구,73854,Subway
2024-07-13,마포구,247271,Subway
2024-07-13,서대문구,81491,Subway
2024-07-13,서초구,140772,Subway
2024-07-13,성동구,93068,Subway
2024-07-13,성북구,36007,Subway
2024-07-13,송파구,156956,Subway
2024-07-13,양천구,26034,Subway
2024-07-13,영등포구,232426,Subway
2024-07-13,은평구,99738,Subway
2024-07-13,종로구,196332,Subway
2024-07-13,중구,179659,Subway
2024-07-13,중랑구,72002,Subway
2024-07-14,강남구,156832,Subway
2024-07-14,강동구,48690,Subway
2024-07-14,강북구,31189,Subway
2024-07-14,강서구,102406,Subway
2024-07-14,관악구,97541,Subway
2024-07-14,광진구,41868,Subway
2024-07-14,구로구,65921,Subway
2024-07-14,금천구,29361,Subway
2024-07-14,노원구,97700,Subway
2024-07-14,도봉구,59187,Subway
2024-07-14,동대문구,60116,Subway
2024-07-14,동작구,50670,Subway
2024-07-14,마포구,186534,Subway
2024-07-14,서대문구,58470,Subway
2024-07-14,서초구,117528,Subway
2024-07-14,성동구,70017,Subway
2024-07-14,성북구,27531,Subway
2024-07-14,송파구,117244,Subway
2024-07-14,양천구,18910,Subway
2024-07-14,영등포구,167974,Subway
2024-07-14,은평구,72186,Subway
2024-07-14,종로구,131902,Subway
2024-07-14,중구,135514,Subway
2024-07-14,중랑구,51126,Subway
2024-07-15,강남구,406788,Subway
2024-07-15,강동구,97065,Subway
2024-07-15,강북구,47858,Subway
2024-07-15,강서구,188535,Subway
2024-07-15,관악구,152042,Subway
2024-07-15,광진구,60703,Subway
2024-07-15,구로구,128630,Subway
2024-07-15,금천구,101816,Subway
2024-07-15,노원구,164402,Subway
2024-07-15,도봉구,93079,Subway
2024-07-15,동대문구,102726,Subway
2024-07-15,동작구,90965,Subway
2024-07-15,마포구,266714,Subway
2024-07-15,서대문구,94704,Subway
2024-07-15,서초구,149435,Subway
2024-07-15,성동구,125035,Subway
2024-07-15,성북구,48686,Subway
2024-07-15,송파구,198303,Subway
2024-07-15,양천구,35908,Subway
2024-07-15,영등포구,320254,Subway
2024-07-15,은평구,125218,Subway
2024-07-15,종로구,236974,Subway
2024-07-15,중구,268417,Subway
2024-07-15,중랑구,90890,Subway
2024-07-16,강남구,417808,Subway
2024-07-16,강동구,96432,Subway
2024-07-16,강북구,47223,Subway
2024-07-16,강서구,189537,Subway
2024-07-16,관악구,154649,Subway
2024-07-16,광진구,60425,Subway
2024-07-16,구로구,128804,Subway
2024-07-16,금천구,102069,Subway
2024-07-16,노원구,163359,Subway
2024-07-16,도봉구,92538,Subway
2024-07-16,동대문구,100967,Subway
2024-07-16,동작구,91396,Subway
2024-07-16,마포구,264809,Subway
2024-07-16,서대문구,95214,Subway
2024-07-16,서초구,149659,Subway
2024-07-16,성동구,125124,Subway
2024-07-16,성북구,48243,Subway
2024-07-16,송파구,202512,Subway
2024-07-16,양천구,36396,Subway
2024-07-16,영등포구,333284,Subway
2024-07-16,은평구,124376,Subway
2024-07-16,종로구,243723,Subway
2024-07-16,중구,274204,Subway
2024-07-16,중랑구,90116,Subway
2024-07-17,강남구,402244,Subway
2024-07-17,강동구,93165,Subway
2024-07-17,강북구,44524,Subway
2024-07-17,강서구,182138,Subway
2024-07-17,관악구,151737,Subway
2024-07-17,광진구,59045,Subway
2024-07-17,구로구,124877,Subway
2024-07-17,금천구,99581,Subway
2024-07-17,노원구,157770,Subway
2024-07-17,도봉구,88599,Subway
2024-07-17,동대문구,96328,Subway
2024-07-17,동작구,88564,Subway
2024-07-17,마포구,255135,Subway
2024-07-17,서대문구,89515,Subway
2024-07-17,서초구,145462,Subway
2024-07-17,성동구,119941,Subway
2024-07-17,성북구,46552,Subway
2024-07-17,송파구,202274,Subway
2024-07-17,양천구,34843,Subway
2024-07-17,영등포구,323793,Subway
2024-07-17,은평구,117505,Subway
2024-07-17,종로구,230281,Subway
2024-07-17,중구,262942,Subway
2024-07-17,중랑구,86645,Subway
2024-07-18,강남구,393042,Subway
2024-07-18,강동구,91856,Subway
2024-07-18,강북구,44370,Subway
2024-07-18,강서구,178250,Subway
2024-07-18,관악구,145361,Subway
2024-07-18,광진구,57769,Subway
2024-07-18,구로구,120301,Subway
2024-07-18,금천구,95722,Subway
2024-07-18,노원구,160034,Subway
2024-07-18,도봉구,92293,Subway
2024-07-18,동대문구,95443,Subway
2024-07-18,동작구,84739,Subway
2024-07-18,마포구,251361,Subway
2024-07-18,서대문구,87031,Subway
2024-07-18,서초구,142378,Subway
2024-07-18,성동구,117508,Subway
2024-07-18,성북구,46736,Subway
2024-07-18,송파구,193539,Subway
2024-07-18,양천구,34451,Subway
2024-07-18,영등포구,315257,Subway
2024-07-18,은평구,116045,Subway
2024-07-18,종로구,219114,Subway
2024-07-18,중구,258605,Subway
2024-07-18,중랑구,86181,Subway
2024-07-19,강남구,424450,Subway
2024-07-19,강동구,101666,Subway
2024-07-19,강북구,51339,Subway
2024-07-19,강서구,198285,Subway
2024-07-19,관악구,167774,Subway
2024-07-19,광진구,67386,Subway
2024-07-19,구로구,133757,Subway
2024-07-19,금천구,101387,Subway
2024-07-19,노원구,175350,Subway
2024-07-19,도봉구,99324,Subway
2024-07-19,동대문구,108436,Subway
2024-07-19,동작구,97419,Subway
2024-07-19,마포구,288658,Subway
2024-07-19,서대문구,101727,Subway
2024-07-19,서초구,165469,Subway
2024-07-19,성동구,133151,Subway
2024-07-19,성북구,50914,Subway
2024-07-19,송파구,223162,Subway
2024-07-19,양천구,37935,Subway
2024-07-19,영등포구,349484,Subway
2024-07-19,은평구,133185,Subway
2024-07-19,종로구,256917,Subway
2024-07-19,중구,283619,Subway
2024-07-19,중랑구,96606,Subway
2024-07-20,강남구,232686,Subway
2024-07-20,강동구,63408,Subway
2024-07-20,강북구,37469,Subway
2024-07-20,강서구,128849,Subway
2024-07-20,관악구,128245,Subway
2024-07-20,광진구,51942,Subway
2024-07-20,구로구,83492,Subway
2024-07-20,금천구,38150,Subway
2024-07-20,노원구,122255,Subway
2024-07-20,도봉구,70938,Subway
2024-07-20,동대문구,75427,Subway
2024-07-20,동작구,70484,Subway
2024-07-20,마포구,225721,Subway
2024-07-20,서대문구,74927,Subway
2024-07-20,서초구,128279,Subway
2024-07-20,성동구,83462,Subway
2024-07-20,성북구,33209,Subway
2024-07-20,송파구,137338,Subway
2024-07-20,양천구,23702,Subway
2024-07-20,영등포구,209617,Subway
2024-07-20,은평구,91660,Subway
2024-07-20,종로구,176553,Subway
2024-07-20,중구,164939,Subway
2024-07-20,중랑구,67569,Subway
2024-07-21,강남구,143757,Subway
2024-07-21,강동구,45125,Subway
2024-07-21,강북구,29440,Subway
2024-07-21,강서구,97973,Subway
2024-07-21,관악구,95035,Subway
2024-07-21,광진구,39768,Subway
2024-07-21,구로구,61891,Subway
2024-07-21,금천구,27323,Subway
2024-07-21,노원구,89717,Subway
2024-07-21,도봉구,54737,Subway
2024-07-21,동대문구,55686,Subway
2024-07-21,동작구,48661,Subway
2024-07-21,마포구,176975,Subway
2024-07-21,서대문구,56432,Subway
2024-07-21,서초구,108454,Subway
2024-07-21,성동구,63826,Subway
2024-07-21,성북구,26351,Subway
2024-07-21,송파구,100865,Subway
2024-07-21,양천구,16839,Subway
2024-07-21,영등포구,157234,Subway
2024-07-21,은평구,67508,Subway
2024-07-21,종로구,122125,Subway
2024-07-21,중구,127364,Subway
2024-07-21,중랑구,48590,Subway
2024-07-22,강남구,397928,Subway
2024-07-22,강동구,92733,Subway
2024-07-22,강북구,44637,Subway
2024-07-22,강서구,179708,Subway
2024-07-22,관악구,146861,Subway
2024-07-22,광진구,57865,Subway
2024-07-22,구로구,123411,Subway
2024-07-22,금천구,99596,Subway
2024-07-22,노원구,154769,Subway
2024-07-22,도봉구,86606,Subway
2024-07-22,동대문구,96992,Subway
2024-07-22,동작구,87004,Subway
2024-07-22,마포구,257717,Subway
2024-07-22,서대문구,88879,Subway
2024-07-22,서초구,144929,Subway
2024-07-22,성동구,120935,Subway
2024-07-22,성북구,47038,Subway
2024-07-22,송파구,190198,Subway
2024-07-22,양천구,34497,Subway
2024-07-22,영등포구,315572,Subway
2024-07-22,은평구,117305,Subway
2024-07-22,종로구,225724,Subway
2024-07-22,중구,262300,Subway
2024-07-22,중랑구,86308,Subway
2024-07-23,강남구,412144,Subway
2024-07-23,강동구,94583,Subway
2024-07-23,강북구,45912,Subway
2024-07-23,강서구,185248,Subway
2024-07-23,관악구,152078,Subway
2024-07-23,광진구,60328,Subway
2024-07-23,구로구,129586,Subway
2024-07-23,금천구,101805,Subway
2024-07-23,노원구,159486,Subway
2024-07-23,도봉구,90291,Subway
2024-07-23,동대문구,99221,Subway
2024-07-23,동작구,89563,Subway
2024-07-23,마포구,266803,Subway
2024-07-23,서대문구,91720,Subway
2024-07-23,서초구,147294,Subway
2024-07-23,성동구,124835,Subway
2024-07-23,성북구,47493,Subway
2024-07-23,송파구,200555,Subway
2024-07-23,양천구,35555,Subway
2024-07-23,영등포구,327718,Subway
2024-07-23,은평구,121612,Subway
2024-07-23,종로구,236972,Subway
2024-07-23,중구,269428,Subway
2024-07-23,중랑구,88795,Subway
2024-07-24,강남구,418345,Subway
2024-07-24,강동구,96357,Subway
2024-07-24,강북구,47717,Subway
2024-07-24,강서구,190067,Subway
2024-07-24,관악구,156968,Subway
2024-07-24,광진구,61293,Subway
2024-07-24,구로구,132542,Subway
2024-07-24,금천구,102301,Subway
2024-07-24,노원구,164993,Subway
2024-07-24,도봉구,93259,Subway
2024-07-24,동대문구,102966,Subway
2024-07-24,동작구,90824,Subway
2024-07-24,마포구,274283,Subway
2024-07-24,서대문구,94580,Subway
2024-07-24,서초구,151655,Subway
2024-07-24,성동구,129114,Subway
2024-07-24,성북구,49176,Subway
2024-07-24,송파구,204096,Subway
2024-07-24,양천구,36308,Subway
2024-07-24,영등포구,336879,Subway
2024-07-24,은평구,126501,Subway
2024-07-24,종로구,248091,Subway
2024-07-24,중구,276901,Subway
2024-07-24,중랑구,91359,Subway
2024-07-25,강남구,426470,Subway
2024-07-25,강동구,97684,Subway
2024-07-25,강북구,47773,Subway
2024-07-25,강서구,189863,Subway
2024-07-25,관악구,159629,Subway
2024-07-25,광진구,61747,Subway
2024-07-25,구로구,129822,Subway
2024-07-25,금천구,101175,Subway
2024-07-25,노원구,164656,Subway
2024-07-25,도봉구,93799,Subway
2024-07-25,동대문구,103616,Subway
2024-07-25,동작구,91764,Subway
2024-07-25,마포구,276549,Subway
2024-07-25,서대문구,94481,Subway
2024-07-25,서초구,154742,Subway
2024-07-25,성동구,128282,Subway
2024-07-25,성북구,49021,Subway
2024-07-25,송파구,213285,Subway
2024-07-25,양천구,36262,Subway
2024-07-25,영등포구,336832,Subway
2024-07-25,은평구,127161,Subway
2024-07-25,종로구,251633,Subway
2024-07-25,중구,278161,Subway
2024-07-25,중랑구,91069,Subway
2024-07-26,강남구,419923,Subway
2024-07-26,강동구,95573,Subway
2024-07-26,강북구,47184,Subway
2024-07-26,강서구,187714,Subway
2024-07-26,관악구,161653,Subway
2024-07-26,광진구,63487,Subway
2024-07-26,구로구,128865,Subway
2024-07-26,금천구,98412,Subway
2024-07-26,노원구,163066,Subway
2024-07-26,도봉구,92461,Subway
2024-07-26,동대문구,103071,Subway
2024-07-26,동작구,93234,Subway
2024-07-26,마포구,279631,Subway
2024-07-26,서대문구,94082,Subway
2024-07-26,서초구,163743,Subway
2024-07-26,성동구,128600,Subway
2024-07-26,성북구,48483,Subway
2024-07-26,송파구,199561,Subway
2024-07-26,양천구,36074,Subway
2024-07-26,영등포구,338020,Subway
2024-07-26,은평구,126120,Subway
2024-07-26,종로구,246371,Subway
2024-07-26,중구,272066,Subway
2024-07-26,중랑구,91446,Subway
2024-07-27,강남구,225004,Subway
2024-07-27,강동구,61077,Subway
2024-07-27,강북구,36105,Subway
2024-07-27,강서구,122602,Subway
2024-07-27,관악구,120054,Subway
2024-07-27,광진구,51162,Subway
2024-07-27,구로구,81064,Subway
2024-07-27,금천구,36665,Subway
2024-07-27,노원구,118411,Subway
2024-07-27,도봉구,68198,Subway
2024-07-27,동대문구,71584,Subway
2024-07-27,동작구,67209,Subway
2024-07-27,마포구,210806,Subway
2024-07-27,서대문구,71232,Subway
2024-07-27,서초구,125411,Subway
2024-07-27,성동구,77923,Subway
2024-07-27,성북구,31557,Subway
2024-07-27,송파구,127526,Subway
2024-07-27,양천구,23186,Subway
2024-07-27,영등포구,202253,Subway
2024-07-27,은평구,90603,Subway
2024-07-27,종로구,171649,Subway
2024-07-27,중구,152884,Subway
2024-07-27,중랑구,64741,Subway
2024-07-28,강남구,137518,Subway
2024-07-28,강동구,45748,Subway
2024-07-28,강북구,29731,Subway
2024-07-28,강서구,95778,Subway
2024-07-28,관악구,90151,Subway
2024-07-28,광진구,39594,Subway
2024-07-28,구로구,60590,Subway
2024-07-28,금천구,27042,Subway
2024-07-28,노원구,90940,Subway
2024-07-28,도봉구,56124,Subway
2024-07-28,동대문구,55137,Subway
2024-07-28,동작구,48367,Subway
2024-07-28,마포구,169514,Subway
2024-07-28,서대문구,53484,Subway
2024-07-28,서초구,109885,Subway
2024-07-28,성동구,63475,Subway
2024-07-28,성북구,26079,Subway
2024-07-28,송파구,100453,Subway
2024-07-28,양천구,17219,Subway
2024-07-28,영등포구,157797,Subway
2024-07-28,은평구,68984,Subway
2024-07-28,종로구,124367,Subway
2024-07-28,중구,124929,Subway
2024-07-28,중랑구,48502,Subway
2024-07-29,강남구,383982,Subway
2024-07-29,강동구,89323,Subway
2024-07-29,강북구,44446,Subway
2024-07-29,강서구,175221,Subway
2024-07-29,관악구,144722,Subway
2024-07-29,광진구,57560,Subway
2024-07-29,구로구,120957,Subway
2024-07-29,금천구,94984,Subway
2024-07-29,노원구,151109,Subway
2024-07-29,도봉구,86367,Subway
2024-07-29,동대문구,94402,Subway
2024-07-29,동작구,84816,Subway
2024-07-29,마포구,252640,Subway
2024-07-29,서대문구,84723,Subway
2024-07-29,서초구,145222,Subway
2024-07-29,성동구,116814,Subway
2024-07-29,성북구,44383,Subway
2024-07-29,송파구,180899,Subway
2024-07-29,양천구,32947,Subway
2024-07-29,영등포구,309755,Subway
2024-07-29,은평구,116541,Subway
2024-07-29,종로구,229077,Subway
2024-07-29,중구,255475,Subway
2024-07-29,중랑구,84751,Subway
2024-07-30,강남구,397041,Subway
2024-07-30,강동구,91629,Subway
2024-07-30,강북구,45608,Subway
2024-07-30,강서구,179915,Subway
2024-07-30,관악구,151202,Subway
2024-07-30,광진구,59217,Subway
2024-07-30,구로구,123167,Subway
2024-07-30,금천구,95881,Subway
2024-07-30,노원구,156802,Subway
2024-07-30,도봉구,89979,Subway
2024-07-30,동대문구,97478,Subway
2024-07-30,동작구,87183,Subway
2024-07-30,마포구,265348,Subway
2024-07-30,서대문구,90132,Subway
2024-07-30,서초구,148909,Subway
2024-07-30,성동구,121581,Subway
2024-07-30,성북구,45954,Subway
2024-07-30,송파구,201008,Subway
2024-07-30,양천구,34106,Subway
2024-07-30,영등포구,320713,Subway
2024-07-30,은평구,120781,Subway
2024-07-30,종로구,244236,Subway
2024-07-30,중구,267457,Subway
2024-07-30,중랑구,87396,Subway
2024-07-31,강남구,398955,Subway
2024-07-31,강동구,92341,Subway
2024-07-31,강북구,46134,Subway
2024-07-31,강서구,181910,Subway
2024-07-31,관악구,154295,Subway
2024-07-31,광진구,61325,Subway
2024-07-31,구로구,123433,Subway
2024-07-31,금천구,93381,Subway
2024-07-31,노원구,158636,Subway
2024-07-31,도봉구,89605,Subway
2024-07-31,동대문구,97590,Subway
2024-07-31,동작구,87633,Subway
2024-07-31,마포구,280506,Subway
2024-07-31,서대문구,89904,Subway
2024-07-31,서초구,151996,Subway
2024-07-31,성동구,120449,Subway
2024-07-31,성북구,46541,Subway
2024-07-31,송파구,201788,Subway
2024-07-31,양천구,33887,Subway
2024-07-31,영등포구,324990,Subway
2024-07-31,은평구,121228,Subway
2024-07-31,종로구,237711,Subway
2024-07-31,중구,265366,Subway
2024-07-31,중랑구,87635,Subway
2024-08-01,강남구,393672,Subway
2024-08-01,강동구,89024,Subway
2024-08-01,강북구,44423,Subway
2024-08-01,강서구,178371,Subway
2024-08-01,관악구,151347,Subway
2024-08-01,광진구,59006,Subway
2024-08-01,구로구,118428,Subway
2024-08-01,금천구,90665,Subway
2024-08-01,노원구,152287,Subway
2024-08-01,도봉구,86550,Subway
2024-08-01,동대문구,94580,Subway
2024-08-01,동작구,85464,Subway
2024-08-01,마포구,262583,Subway
2024-08-01,서대문구,88704,Subway
2024-08-01,서초구,147563,Subway
2024-08-01,성동구,118870,Subway
2024-08-01,성북구,45331,Subway
2024-08-01,송파구,197750,Subway
2024-08-01,양천구,33088,Subway
2024-08-01,영등포구,318175,Subway
2024-08-01,은평구,117195,Subway
2024-08-01,종로구,226420,Subway
2024-08-01,중구,258023,Subway
2024-08-01,중랑구,84720,Subway
2024-08-02,강남구,390633,Subway
2024-08-02,강동구,88593,Subway
2024-08-02,강북구,44183,Subway
2024-08-02,강서구,176077,Subway
2024-08-02,관악구,152162,Subway
2024-08-02,광진구,60997,Subway
2024-08-02,구로구,116867,Subway
2024-08-02,금천구,87238,Subway
2024-08-02,노원구,151669,Subway
2024-08-02,도봉구,86844,Subway
2024-08-02,동대문구,95177,Subway
2024-08-02,동작구,87193,Subway
2024-08-02,마포구,268652,Subway
2024-08-02,서대문구,89188,Subway
2024-08-02,서초구,154885,Subway
2024-08-02,성동구,118673,Subway
2024-08-02,성북구,44296,Subway
2024-08-02,송파구,190394,Subway
2024-08-02,양천구,32769,Subway
2024-08-02,영등포구,316291,Subway
2024-08-02,은평구,116556,Subway
2024-08-02,종로구,224184,Subway
2024-08-02,중구,255369,Subway
2024-08-02,중랑구,85515,Subway
2024-08-03,강남구,214840,Subway
2024-08-03,강동구,56894,Subway
2024-08-03,강북구,34504,Subway
2024-08-03,강서구,117307,Subway
2024-08-03,관악구,113629,Subway
2024-08-03,광진구,48782,Subway
2024-08-03,구로구,76407,Subway
2024-08-03,금천구,33600,Subway
2024-08-03,노원구,111946,Subway
2024-08-03,도봉구,65859,Subway
2024-08-03,동대문구,67539,Subway
2024-08-03,동작구,63324,Subway
2024-08-03,마포구,225990,Subway
2024-08-03,서대문구,68344,Subway
2024-08-03,서초구,123817,Subway
2024-08-03,성동구,74819,Subway
2024-08-03,성북구,29614,Subway
2024-08-03,송파구,133804,Subway
2024-08-03,양천구,21131,Subway
2024-08-03,영등포구,194680,Subway
2024-08-03,은평구,86632,Subway
2024-08-03,종로구,158329,Subway
2024-08-03,중구,147278,Subway
2024-08-03,중랑구,62299,Subway
2024-08-04,강남구,131123,Subway
2024-08-04,강동구,42353,Subway
2024-08-04,강북구,27745,Subway
2024-08-04,강서구,90152,Subway
2024-08-04,관악구,83563,Subway
2024-08-04,광진구,37305,Subway
2024-08-04,구로구,55949,Subway
2024-08-04,금천구,24123,Subway
2024-08-04,노원구,84341,Subway
2024-08-04,도봉구,51973,Subway
2024-08-04,동대문구,51236,Subway
2024-08-04,동작구,45425,Subway
2024-08-04,마포구,157138,Subway
2024-08-04,서대문구,50683,Subway
2024-08-04,서초구,107689,Subway
2024-08-04,성동구,55275,Subway
2024-08-04,성북구,24103,Subway
2024-08-04,송파구,99600,Subway
2024-08-04,양천구,15171,Subway
2024-08-04,영등포구,144928,Subway
2024-08-04,은평구,65064,Subway
2024-08-04,종로구,111318,Subway
2024-08-04,중구,112728,Subway
2024-08-04,중랑구,45743,Subway
2024-08-05,강남구,378007,Subway
2024-08-05,강동구,88300,Subway
2024-08-05,강북구,42314,Subway
2024-08-05,강서구,173856,Subway
2024-08-05,관악구,141690,Subway
2024-08-05,광진구,55954,Subway
2024-08-05,구로구,116800,Subway
2024-08-05,금천구,93506,Subway
2024-08-05,노원구,147933,Subway
2024-08-05,도봉구,83032,Subway
2024-08-05,동대문구,91817,Subway
2024-08-05,동작구,82699,Subway
2024-08-05,마포구,243663,Subway
2024-08-05,서대문구,84548,Subway
2024-08-05,서초구,141928,Subway
2024-08-05,성동구,111495,Subway
2024-08-05,성북구,42411,Subway
2024-08-05,송파구,178259,Subway
2024-08-05,양천구,32649,Subway
2024-08-05,영등포구,298498,Subway
2024-08-05,은평구,114132,Subway
2024-08-05,종로구,204987,Subway
2024-08-05,중구,247140,Subway
2024-08-05,중랑구,82235,Subway
2024-08-06,강남구,393639,Subway
2024-08-06,강동구,90331,Subway
2024-08-06,강북구,44282,Subway
2024-08-06,강서구,178376,Subway
2024-08-06,관악구,146602,Subway
2024-08-06,광진구,57970,Subway
2024-08-06,구로구,120895,Subway
2024-08-06,금천구,95681,Subway
2024-08-06,노원구,152246,Subway
2024-08-06,도봉구,86196,Subway
2024-08-06,동대문구,93848,Subway
2024-08-06,동작구,85380,Subway
2024-08-06,마포구,251502,Subway
2024-08-06,서대문구,88061,Subway
2024-08-06,서초구,143689,Subway
2024-08-06,성동구,116316,Subway
2024-08-06,성북구,44290,Subway
2024-08-06,송파구,195363,Subway
2024-08-06,양천구,33541,Subway
2024-08-06,영등포구,313789,Subway
2024-08-06,은평구,117485,Subway
2024-08-06,종로구,216541,Subway
2024-08-06,중구,256419,Subway
2024-08-06,중랑구,84570,Subway
2024-08-07,강남구,393929,Subway
2024-08-07,강동구,91367,Subway
2024-08-07,강북구,44124,Subway
2024-08-07,강서구,179641,Subway
2024-08-07,관악구,149136,Subway
2024-08-07,광진구,58852,Subway
2024-08-07,구로구,122268,Subway
2024-08-07,금천구,96023,Subway
2024-08-07,노원구,155535,Subway
2024-08-07,도봉구,87209,Subway
2024-08-07,동대문구,95898,Subway
2024-08-07,동작구,86403,Subway
2024-08-07,마포구,253916,Subway
2024-08-07,서대문구,88844,Subway
2024-08-07,서초구,145097,Subway
2024-08-07,성동구,118275,Subway
2024-08-07,성북구,44764,Subway
2024-08-07,송파구,197020,Subway
2024-08-07,양천구,33835,Subway
2024-08-07,영등포구,318081,Subway
2024-08-07,은평구,117860,Subway
2024-08-07,종로구,221299,Subway
2024-08-07,중구,260241,Subway
2024-08-07,중랑구,85787,Subway
2024-08-08,강남구,403851,Subway
2024-08-08,강동구,91768,Subway
2024-08-08,강북구,44731,Subway
2024-08-08,강서구,180551,Subway
2024-08-08,관악구,151613,Subway
2024-08-08,광진구,59295,Subway
2024-08-08,구로구,123382,Subway
2024-08-08,금천구,96215,Subway
2024-08-08,노원구,155601,Subway
2024-08-08,도봉구,88188,Subway
2024-08-08,동대문구,97661,Subway
2024-08-08,동작구,86981,Subway
2024-08-08,마포구,260487,Subway
2024-08-08,서대문구,88878,Subway
2024-08-08,서초구,146890,Subway
2024-08-08,성동구,119895,Subway
2024-08-08,성북구,45445,Subway
2024-08-08,송파구,198828,Subway
2024-08-08,양천구,34250,Subway
2024-08-08,영등포구,320578,Subway
2024-08-08,은평구,119388,Subway
2024-08-08,종로구,231482,Subway
2024-08-08,중구,261239,Subway
2024-08-08,중랑구,86374,Subway
2024-08-09,강남구,407829,Subway
2024-08-09,강동구,93556,Subway
2024-08-09,강북구,45982,Subway
2024-08-09,강서구,183368,Subway
2024-08-09,관악구,156882,Subway
2024-08-09,광진구,62109,Subway
2024-08-09,구로구,124061,Subway
2024-08-09,금천구,95004,Subway
2024-08-09,노원구,159294,Subway
2024-08-09,도봉구,90226,Subway
2024-08-09,동대문구,98711,Subway
2024-08-09,동작구,90639,Subway
2024-08-09,마포구,269072,Subway
2024-08-09,서대문구,91412,Subway
2024-08-09,서초구,156898,Subway
2024-08-09,성동구,121993,Subway
2024-08-09,성북구,45785,Subway
2024-08-09,송파구,198568,Subway
2024-08-09,양천구,34764,Subway
2024-08-09,영등포구,326519,Subway
2024-08-09,은평구,121504,Subway
2024-08-09,종로구,234265,Subway
2024-08-09,중구,263617,Subway
2024-08-09,중랑구,88908,Subway
2024-08-10,강남구,230345,Subway
2024-08-10,강동구,62613,Subway
2024-08-10,강북구,37385,Subway
2024-08-10,강서구,124166,Subway
2024-08-10,관악구,120301,Subway
2024-08-10,광진구,51030,Subway
2024-08-10,구로구,80545,Subway
2024-08-10,금천구,35725,Subway
2024-08-10,노원구,118555,Subway
2024-08-10,도봉구,68302,Subway
2024-08-10,동대문구,71284,Subway
2024-08-10,동작구,66809,Subway
2024-08-10,마포구,215147,Subway
2024-08-10,서대문구,69664,Subway
2024-08-10,서초구,125280,Subway
2024-08-10,성동구,77053,Subway
2024-08-10,성북구,31759,Subway
2024-08-10,송파구,132744,Subway
2024-08-10,양천구,22780,Subway
2024-08-10,영등포구,203590,Subway
2024-08-10,은평구,90108,Subway
2024-08-10,종로구,167543,Subway
2024-08-10,중구,156304,Subway
2024-08-10,중랑구,65246,Subway
2024-08-11,강남구,140044,Subway
2024-08-11,강동구,43891,Subway
2024-08-11,강북구,28055,Subway
2024-08-11,강서구,94039,Subway
2024-08-11,관악구,87505,Subway
2024-08-11,광진구,37738,Subway
2024-08-11,구로구,58501,Subway
2024-08-11,금천구,25482,Subway
2024-08-11,노원구,86822,Subway
2024-08-11,도봉구,53287,Subway
2024-08-11,동대문구,54770,Subway
2024-08-11,동작구,46403,Subway
2024-08-11,마포구,167375,Subway
2024-08-11,서대문구,50407,Subway
2024-08-11,서초구,108010,Subway
2024-08-11,성동구,59505,Subway
2024-08-11,성북구,25367,Subway
2024-08-11,송파구,96355,Subway
2024-08-11,양천구,16155,Subway
2024-08-11,영등포구,151349,Subway
2024-08-11,은평구,65454,Subway
2024-08-11,종로구,125363,Subway
2024-08-11,중구,122351,Subway
2024-08-11,중랑구,46306,Subway
2024-08-12,강남구,390855,Subway
2024-08-12,강동구,89542,Subway
2024-08-12,강북구,44346,Subway
2024-08-12,강서구,179961,Subway
2024-08-12,관악구,146134,Subway
2024-08-12,광진구,57666,Subway
2024-08-12,구로구,122048,Subway
2024-08-12,금천구,96797,Subway
2024-08-12,노원구,153340,Subway
2024-08-12,도봉구,87094,Subway
2024-08-12,동대문구,96121,Subway
2024-08-12,동작구,85296,Subway
2024-08-12,마포구,253739,Subway
2024-08-12,서대문구,86145,Subway
2024-08-12,서초구,146083,Subway
2024-08-12,성동구,117649,Subway
2024-08-12,성북구,44911,Subway
2024-08-12,송파구,188533,Subway
2024-08-12,양천구,33917,Subway
2024-08-12,영등포구,313567,Subway
2024-08-12,은평구,118106,Subway
2024-08-12,종로구,230356,Subway
2024-08-12,중구,263219,Subway
2024-08-12,중랑구,85127,Subway
2024-08-13,강남구,405542,Subway
2024-08-13,강동구,90103,Subway
2024-08-13,강북구,44826,Subway
2024-08-13,강서구,183415,Subway
2024-08-13,관악구,150999,Subway
2024-08-13,광진구,58944,Subway
2024-08-13,구로구,123861,Subway
2024-08-13,금천구,97701,Subway
2024-08-13,노원구,155383,Subway
2024-08-13,도봉구,88541,Subway
2024-08-13,동대문구,98795,Subway
2024-08-13,동작구,86874,Subway
2024-08-13,마포구,261333,Subway
2024-08-13,서대문구,90420,Subway
2024-08-13,서초구,151249,Subway
2024-08-13,성동구,122114,Subway
2024-08-13,성북구,45759,Subway
2024-08-13,송파구,203319,Subway
2024-08-13,양천구,34835,Subway
2024-08-13,영등포구,323805,Subway
2024-08-13,은평구,121063,Subway
2024-08-13,종로구,239118,Subway
2024-08-13,중구,272760,Subway
2024-08-13,중랑구,86392,Subway
2024-08-14,강남구,408405,Subway
2024-08-14,강동구,92260,Subway
2024-08-14,강북구,46156,Subway
2024-08-14,강서구,185548,Subway
2024-08-14,관악구,158451,Subway
2024-08-14,광진구,61718,Subway
2024-08-14,구로구,126932,Subway
2024-08-14,금천구,96551,Subway
2024-08-14,노원구,159286,Subway
2024-08-14,도봉구,90693,Subway
2024-08-14,동대문구,100453,Subway
2024-08-14,동작구,89429,Subway
2024-08-14,마포구,269535,Subway
2024-08-14,서대문구,92395,Subway
2024-08-14,서초구,157489,Subway
2024-08-14,성동구,124329,Subway
2024-08-14,성북구,47078,Subway
2024-08-14,송파구,208854,Subway
2024-08-14,양천구,35106,Subway
2024-08-14,영등포구,331240,Subway
2024-08-14,은평구,121860,Subway
2024-08-14,종로구,247892,Subway
2024-08-14,중구,276034,Subway
2024-08-14,중랑구,88195,Subway
2024-08-15,강남구,155439,Subway
2024-08-15,강동구,48583,Subway
2024-08-15,강북구,30624,Subway
2024-08-15,강서구,103636,Subway
2024-08-15,관악구,94471,Subway
2024-08-15,광진구,42221,Subway
2024-08-15,구로구,65104,Subway
2024-08-15,금천구,29937,Subway
2024-08-15,노원구,95353,Subway
2024-08-15,도봉구,56739,Subway
2024-08-15,동대문구,59366,Subway
2024-08-15,동작구,52965,Subway
2024-08-15,마포구,179846,Subway
2024-08-15,서대문구,61791,Subway
2024-08-15,서초구,96879,Subway
2024-08-15,성동구,67297,Subway
2024-08-15,성북구,26096,Subway
2024-08-15,송파구,110661,Subway
2024-08-15,양천구,17748,Subway
2024-08-15,영등포구,160501,Subway
2024-08-15,은평구,72535,Subway
2024-08-15,종로구,154547,Subway
2024-08-15,중구,147642,Subway
2024-08-15,중랑구,52683,Subway
2024-08-16,강남구,350442,Subway
2024-08-16,강동구,83087,Subway
2024-08-16,강북구,43774,Subway
2024-08-16,강서구,167771,Subway
2024-08-16,관악구,141877,Subway
2024-08-16,광진구,58971,Subway
2024-08-16,구로구,112131,Subway
2024-08-16,금천구,76165,Subway
2024-08-16,노원구,149980,Subway
2024-08-16,도봉구,85806,Subway
2024-08-16,동대문구,93367,Subway
2024-08-16,동작구,82937,Subway
2024-08-16,마포구,253755,Subway
2024-08-16,서대문구,86414,Subway
2024-08-16,서초구,145204,Subway
2024-08-16,성동구,111588,Subway
2024-08-16,성북구,43801,Subway
2024-08-16,송파구,186924,Subway
2024-08-16,양천구,31632,Subway
2024-08-16,영등포구,294344,Subway
2024-08-16,은평구,113470,Subway
2024-08-16,종로구,220330,Subway
2024-08-16,중구,243020,Subway
2024-08-16,중랑구,82957,Subway
2024-08-17,강남구,210840,Subway
2024-08-17,강동구,57489,Subway
2024-08-17,강북구,34709,Subway
2024-08-17,강서구,120852,Subway
2024-08-17,관악구,113166,Subway
2024-08-17,광진구,48619,Subway
2024-08-17,구로구,76604,Subway
2024-08-17,금천구,33469,Subway
2024-08-17,노원구,113069,Subway
2024-08-17,도봉구,66075,Subway
2024-08-17,동대문구,69036,Subway
2024-08-17,동작구,63491,Subway
2024-08-17,마포구,207008,Subway
2024-08-17,서대문구,68016,Subway
2024-08-17,서초구,119750,Subway
2024-08-17,성동구,73627,Subway
2024-08-17,성북구,30023,Subway
2024-08-17,송파구,128491,Subway
2024-08-17,양천구,22312,Subway
2024-08-17,영등포구,190692,Subway
2024-08-17,은평구,84949,Subway
2024-08-17,종로구,160668,Subway
2024-08-17,중구,152685,Subway
2024-08-17,중랑구,61992,Subway
2024-08-18,강남구,135129,Subway
2024-08-18,강동구,42772,Subway
2024-08-18,강북구,29548,Subway
2024-08-18,강서구,93968,Subway
2024-08-18,관악구,86234,Subway
2024-08-18,광진구,37387,Subway
2024-08-18,구로구,57930,Subway
2024-08-18,금천구,24655,Subway
2024-08-18,노원구,86473,Subway
2024-08-18,도봉구,53987,Subway
2024-08-18,동대문구,53401,Subway
2024-08-18,동작구,46546,Subway
2024-08-18,마포구,158771,Subway
2024-08-18,서대문구,51159,Subway
2024-08-18,서초구,108626,Subway
2024-08-18,성동구,56438,Subway
2024-08-18,성북구,25589,Subway
2024-08-18,송파구,100468,Subway
2024-08-18,양천구,16225,Subway
2024-08-18,영등포구,150052,Subway
2024-08-18,은평구,66060,Subway
2024-08-18,종로구,112732,Subway
2024-08-18,중구,113755,Subway
2024-08-18,중랑구,47241,Subway
2024-08-19,강남구,387503,Subway
2024-08-19,강동구,89333,Subway
2024-08-19,강북구,44648,Subway
2024-08-19,강서구,180785,Subway
2024-08-19,관악구,145645,Subway
2024-08-19,광진구,56454,Subway
2024-08-19,구로구,122059,Subway
2024-08-19,금천구,97157,Subway
2024-08-19,노원구,153182,Subway
2024-08-19,도봉구,87184,Subway
2024-08-19,동대문구,97068,Subway
2024-08-19,동작구,86009,Subway
2024-08-19,마포구,247378,Subway
2024-08-19,서대문구,86716,Subway
2024-08-19,서초구,139287,Subway
2024-08-19,성동구,114469,Subway
2024-08-19,성북구,45596,Subway
2024-08-19,송파구,189086,Subway
2024-08-19,양천구,33977,Subway
2024-08-19,영등포구,307734,Subway
2024-08-19,은평구,119439,Subway
2024-08-19,종로구,224619,Subway
2024-08-19,중구,250082,Subway
2024-08-19,중랑구,85395,Subway
2024-08-20,강남구,399933,Subway
2024-08-20,강동구,91286,Subway
2024-08-20,강북구,46312,Subway
2024-08-20,강서구,184972,Subway
2024-08-20,관악구,150740,Subway
2024-08-20,광진구,58342,Subway
2024-08-20,구로구,124038,Subway
2024-08-20,금천구,98066,Subway
2024-08-20,노원구,157959,Subway
2024-08-20,도봉구,89830,Subway
2024-08-20,동대문구,98501,Subway
2024-08-20,동작구,87983,Subway
2024-08-20,마포구,255201,Subway
2024-08-20,서대문구,89189,Subway
2024-08-20,서초구,147266,Subway
2024-08-20,성동구,118705,Subway
2024-08-20,성북구,46842,Subway
2024-08-20,송파구,206142,Subway
2024-08-20,양천구,34888,Subway
2024-08-20,영등포구,320392,Subway
2024-08-20,은평구,121112,Subway
2024-08-20,종로구,232459,Subway
2024-08-20,중구,264130,Subway
2024-08-20,중랑구,87262,Subway
2024-08-21,강남구,387917,Subway
2024-08-21,강동구,89684,Subway
2024-08-21,강북구,44460,Subway
2024-08-21,강서구,179963,Subway
2024-08-21,관악구,148135,Subway
2024-08-21,광진구,57054,Subway
2024-08-21,구로구,121590,Subway
2024-08-21,금천구,96182,Subway
2024-08-21,노원구,153662,Subway
2024-08-21,도봉구,86411,Subway
2024-08-21,동대문구,98441,Subway
2024-08-21,동작구,86237,Subway
2024-08-21,마포구,246553,Subway
2024-08-21,서대문구,85798,Subway
2024-08-21,서초구,142160,Subway
2024-08-21,성동구,116259,Subway
2024-08-21,성북구,46693,Subway
2024-08-21,송파구,196111,Subway
2024-08-21,양천구,33903,Subway
2024-08-21,영등포구,312611,Subway
2024-08-21,은평구,117198,Subway
2024-08-21,종로구,226228,Subway
2024-08-21,중구,259669,Subway
2024-08-21,중랑구,84919,Subway
2024-08-22,강남구,398725,Subway
2024-08-22,강동구,90917,Subway
2024-08-22,강북구,45914,Subway
2024-08-22,강서구,184052,Subway
2024-08-22,관악구,152262,Subway
2024-08-22,광진구,59838,Subway
2024-08-22,구로구,123867,Subway
2024-08-22,금천구,97542,Subway
2024-08-22,노원구,157089,Subway
2024-08-22,도봉구,89776,Subway
2024-08-22,동대문구,100559,Subway
2024-08-22,동작구,88179,Subway
2024-08-22,마포구,259648,Subway
2024-08-22,서대문구,89794,Subway
2024-08-22,서초구,146785,Subway
2024-08-22,성동구,121789,Subway
2024-08-22,성북구,47226,Subway
2024-08-22,송파구,205190,Subway
2024-08-22,양천구,34811,Subway
2024-08-22,영등포구,320915,Subway
2024-08-22,은평구,121054,Subway
2024-08-22,종로구,236451,Subway
2024-08-22,중구,271144,Subway
2024-08-22,중랑구,87179,Subway
2024-08-23,강남구,413506,Subway
2024-08-23,강동구,94867,Subway
2024-08-23,강북구,48992,Subway
2024-08-23,강서구,194283,Subway
2024-08-23,관악구,162366,Subway
2024-08-23,광진구,63982,Subway
2024-08-23,구로구,128609,Subway
2024-08-23,금천구,98539,Subway
2024-08-23,노원구,166247,Subway
2024-08-23,도봉구,95101,Subway
2024-08-23,동대문구,105864,Subway
2024-08-23,동작구,94821,Subway
2024-08-23,마포구,279598,Subway
2024-08-23,서대문구,95932,Subway
2024-08-23,서초구,163596,Subway
2024-08-23,성동구,127084,Subway
2024-08-23,성북구,49636,Subway
2024-08-23,송파구,220138,Subway
2024-08-23,양천구,36443,Subway
2024-08-23,영등포구,337467,Subway
2024-08-23,은평구,128198,Subway
2024-08-23,종로구,249836,Subway
2024-08-23,중구,280262,Subway
2024-08-23,중랑구,92861,Subway
2024-08-24,강남구,240823,Subway
2024-08-24,강동구,63629,Subway
2024-08-24,강북구,37795,Subway
2024-08-24,강서구,128550,Subway
2024-08-24,관악구,127388,Subway
2024-08-24,광진구,53323,Subway
2024-08-24,구로구,85386,Subway
2024-08-24,금천구,38148,Subway
2024-08-24,노원구,123205,Subway
2024-08-24,도봉구,72643,Subway
2024-08-24,동대문구,75734,Subway
2024-08-24,동작구,70418,Subway
2024-08-24,마포구,229343,Subway
2024-08-24,서대문구,74897,Subway
2024-08-24,서초구,134028,Subway
2024-08-24,성동구,83987,Subway
2024-08-24,성북구,33445,Subway
2024-08-24,송파구,148110,Subway
2024-08-24,양천구,23516,Subway
2024-08-24,영등포구,217892,Subway
2024-08-24,은평구,94919,Subway
2024-08-24,종로구,175342,Subway
2024-08-24,중구,167522,Subway
2024-08-24,중랑구,67325,Subway
2024-08-25,강남구,148336,Subway
2024-08-25,강동구,45899,Subway
2024-08-25,강북구,28533,Subway
2024-08-25,강서구,98940,Subway
2024-08-25,관악구,92252,Subway
2024-08-25,광진구,39602,Subway
2024-08-25,구로구,62296,Subway
2024-08-25,금천구,26209,Subway
2024-08-25,노원구,91714,Subway
2024-08-25,도봉구,56727,Subway
2024-08-25,동대문구,57088,Subway
2024-08-25,동작구,49166,Subway
2024-08-25,마포구,173028,Subway
2024-08-25,서대문구,55002,Subway
2024-08-25,서초구,111464,Subway
2024-08-25,성동구,64266,Subway
2024-08-25,성북구,26457,Subway
2024-08-25,송파구,111463,Subway
2024-08-25,양천구,16860,Subway
2024-08-25,영등포구,161710,Subway
2024-08-25,은평구,69145,Subway
2024-08-25,종로구,120503,Subway
2024-08-25,중구,126094,Subway
2024-08-25,중랑구,48800,Subway
2024-08-26,강남구,392600,Subway
2024-08-26,강동구,91936,Subway
2024-08-26,강북구,46449,Subway
2024-08-26,강서구,183776,Subway
2024-08-26,관악구,147913,Subway
2024-08-26,광진구,58527,Subway
2024-08-26,구로구,125459,Subway
2024-08-26,금천구,99325,Subway
2024-08-26,노원구,159072,Subway
2024-08-26,도봉구,90167,Subway
2024-08-26,동대문구,100501,Subway
2024-08-26,동작구,88436,Subway
2024-08-26,마포구,254109,Subway
2024-08-26,서대문구,88947,Subway
2024-08-26,서초구,145163,Subway
2024-08-26,성동구,119245,Subway
2024-08-26,성북구,46790,Subway
2024-08-26,송파구,193589,Subway
2024-08-26,양천구,34640,Subway
2024-08-26,영등포구,317127,Subway
2024-08-26,은평구,122744,Subway
2024-08-26,종로구,229344,Subway
2024-08-26,중구,266291,Subway
2024-08-26,중랑구,87947,Subway
2024-08-27,강남구,409299,Subway
2024-08-27,강동구,93205,Subway
2024-08-27,강북구,47859,Subway
2024-08-27,강서구,187693,Subway
2024-08-27,관악구,153915,Subway
2024-08-27,광진구,59899,Subway
2024-08-27,구로구,128701,Subway
2024-08-27,금천구,101039,Subway
2024-08-27,노원구,161540,Subway
2024-08-27,도봉구,92847,Subway
2024-08-27,동대문구,103416,Subway
2024-08-27,동작구,90859,Subway
2024-08-27,마포구,264628,Subway
2024-08-27,서대문구,92538,Subway
2024-08-27,서초구,148637,Subway
2024-08-27,성동구,124399,Subway
2024-08-27,성북구,48343,Subway
2024-08-27,송파구,206723,Subway
2024-08-27,양천구,35684,Subway
2024-08-27,영등포구,327634,Subway
2024-08-27,은평구,124435,Subway
2024-08-27,종로구,240108,Subway
2024-08-27,중구,274943,Subway
2024-08-27,중랑구,89607,Subway
2024-08-28,강남구,409630,Subway
2024-08-28,강동구,94421,Subway
2024-08-28,강북구,48533,Subway
2024-08-28,강서구,189034,Subway
2024-08-28,관악구,157828,Subway
2024-08-28,광진구,61383,Subway
2024-08-28,구로구,130380,Subway
2024-08-28,금천구,100292,Subway
2024-08-28,노원구,165384,Subway
2024-08-28,도봉구,94134,Subway
2024-08-28,동대문구,105425,Subway
2024-08-28,동작구,92034,Subway
2024-08-28,마포구,267094,Subway
2024-08-28,서대문구,94114,Subway
2024-08-28,서초구,151060,Subway
2024-08-28,성동구,125991,Subway
2024-08-28,성북구,49092,Subway
2024-08-28,송파구,208649,Subway
2024-08-28,양천구,36229,Subway
2024-08-28,영등포구,336208,Subway
2024-08-28,은평구,126905,Subway
2024-08-28,종로구,248239,Subway
2024-08-28,중구,280222,Subway
2024-08-28,중랑구,90635,Subway
2024-08-29,강남구,405257,Subway
2024-08-29,강동구,93543,Subway
2024-08-29,강북구,48133,Subway
2024-08-29,강서구,190140,Subway
2024-08-29,관악구,157509,Subway
2024-08-29,광진구,61260,Subway
2024-08-29,구로구,129594,Subway
2024-08-29,금천구,100281,Subway
2024-08-29,노원구,162945,Subway
2024-08-29,도봉구,93787,Subway
2024-08-29,동대문구,105358,Subway
2024-08-29,동작구,91981,Subway
2024-08-29,마포구,270816,Subway
2024-08-29,서대문구,95050,Subway
2024-08-29,서초구,152015,Subway
2024-08-29,성동구,127130,Subway
2024-08-29,성북구,49029,Subway
2024-08-29,송파구,207932,Subway
2024-08-29,양천구,35781,Subway
2024-08-29,영등포구,330881,Subway
2024-08-29,은평구,125866,Subway
2024-08-29,종로구,245170,Subway
2024-08-29,중구,281349,Subway
2024-08-29,중랑구,90087,Subway
2024-08-30,강남구,409228,Subway
2024-08-30,강동구,95930,Subway
2024-08-30,강북구,49485,Subway
2024-08-30,강서구,194326,Subway
2024-08-30,관악구,164668,Subway
2024-08-30,광진구,65152,Subway
2024-08-30,구로구,131776,Subway
2024-08-30,금천구,99595,Subway
2024-08-30,노원구,161285,Subway
2024-08-30,도봉구,96537,Subway
2024-08-30,동대문구,108068,Subway
2024-08-30,동작구,96664,Subway
2024-08-30,마포구,284708,Subway
2024-08-30,서대문구,102223,Subway
2024-08-30,서초구,163996,Subway
2024-08-30,성동구,131061,Subway
2024-08-30,성북구,49726,Subway
2024-08-30,송파구,204309,Subway
2024-08-30,양천구,37069,Subway
2024-08-30,영등포구,343525,Subway
2024-08-30,은평구,128797,Subway
2024-08-30,종로구,251368,Subway
2024-08-30,중구,291908,Subway
2024-08-30,중랑구,93654,Subway
2024-08-31,강남구,235863,Subway
2024-08-31,강동구,64997,Subway
2024-08-31,강북구,38938,Subway
2024-08-31,강서구,132591,Subway
2024-08-31,관악구,130889,Subway
2024-08-31,광진구,54728,Subway
2024-08-31,구로구,87313,Subway
2024-08-31,금천구,38647,Subway
2024-08-31,노원구,117498,Subway
2024-08-31,도봉구,73611,Subway
2024-08-31,동대문구,79362,Subway
2024-08-31,동작구,72970,Subway
2024-08-31,마포구,233003,Subway
2024-08-31,서대문구,76887,Subway
2024-08-31,서초구,136053,Subway
2024-08-31,성동구,88186,Subway
2024-08-31,성북구,34740,Subway
2024-08-31,송파구,150614,Subway
2024-08-31,양천구,24789,Subway
2024-08-31,영등포구,223521,Subway
2024-08-31,은평구,95910,Subway
2024-08-31,종로구,187336,Subway
2024-08-31,중구,180407,Subway
2024-08-31,중랑구,69260,Subway
2024-09-01,강남구,143734,Subway
2024-09-01,강동구,47551,Subway
2024-09-01,강북구,29535,Subway
2024-09-01,강서구,100786,Subway
2024-09-01,관악구,93293,Subway
2024-09-01,광진구,40521,Subway
2024-09-01,구로구,63739,Subway
2024-09-01,금천구,27286,Subway
2024-09-01,노원구,86661,Subway
2024-09-01,도봉구,57709,Subway
2024-09-01,동대문구,59457,Subway
2024-09-01,동작구,50107,Subway
2024-09-01,마포구,175817,Subway
2024-09-01,서대문구,56199,Subway
2024-09-01,서초구,115796,Subway
2024-09-01,성동구,66554,Subway
2024-09-01,성북구,27040,Subway
2024-09-01,송파구,112401,Subway
2024-09-01,양천구,17491,Subway
2024-09-01,영등포구,165899,Subway
2024-09-01,은평구,70516,Subway
2024-09-01,종로구,127098,Subway
2024-09-01,중구,134860,Subway
2024-09-01,중랑구,50149,Subway
2024-09-02,강남구,393585,Subway
2024-09-02,강동구,94480,Subway
2024-09-02,강북구,48631,Subway
2024-09-02,강서구,187149,Subway
2024-09-02,관악구,152409,Subway
2024-09-02,광진구,63088,Subway
2024-09-02,구로구,129154,Subway
2024-09-02,금천구,102426,Subway
2024-09-02,노원구,156293,Subway
2024-09-02,도봉구,94544,Subway
2024-09-02,동대문구,108700,Subway
2024-09-02,동작구,93701,Subway
2024-09-02,마포구,258102,Subway
2024-09-02,서대문구,100286,Subway
2024-09-02,서초구,148488,Subway
2024-09-02,성동구,129697,Subway
2024-09-02,성북구,50638,Subway
2024-09-02,송파구,199219,Subway
2024-09-02,양천구,36402,Subway
2024-09-02,영등포구,319408,Subway
2024-09-02,은평구,126812,Subway
2024-09-02,종로구,233254,Subway
2024-09-02,중구,276215,Subway
2024-09-02,중랑구,92540,Subway
2024-09-03,강남구,410927,Subway
2024-09-03,강동구,96826,Subway
2024-09-03,강북구,51132,Subway
2024-09-03,강서구,191438,Subway
2024-09-03,관악구,158544,Subway
2024-09-03,광진구,63596,Subway
2024-09-03,구로구,132371,Subway
2024-09-03,금천구,103668,Subway
2024-09-03,노원구,159629,Subway
2024-09-03,도봉구,98501,Subway
2024-09-03,동대문구,111683,Subway
2024-09-03,동작구,96948,Subway
2024-09-03,마포구,266286,Subway
2024-09-03,서대문구,104719,Subway
2024-09-03,서초구,154665,Subway
2024-09-03,성동구,135571,Subway
2024-09-03,성북구,52746,Subway
2024-09-03,송파구,205809,Subway
2024-09-03,양천구,37473,Subway
2024-09-03,영등포구,331081,Subway
2024-09-03,은평구,129917,Subway
2024-09-03,종로구,248473,Subway
2024-09-03,중구,292873,Subway
2024-09-03,중랑구,94376,Subway
2024-09-04,강남구,409171,Subway
2024-09-04,강동구,97250,Subway
2024-09-04,강북구,50687,Subway
2024-09-04,강서구,193227,Subway
2024-09-04,관악구,160124,Subway
2024-09-04,광진구,66257,Subway
2024-09-04,구로구,134458,Subway
2024-09-04,금천구,103254,Subway
2024-09-04,노원구,161432,Subway
2024-09-04,도봉구,98971,Subway
2024-09-04,동대문구,113232,Subway
2024-09-04,동작구,97651,Subway
2024-09-04,마포구,271060,Subway
2024-09-04,서대문구,104789,Subway
2024-09-04,서초구,155997,Subway
2024-09-04,성동구,136323,Subway
2024-09-04,성북구,53084,Subway
2024-09-04,송파구,216118,Subway
2024-09-04,양천구,37772,Subway
2024-09-04,영등포구,335946,Subway
2024-09-04,은평구,131789,Subway
2024-09-04,종로구,255502,Subway
2024-09-04,중구,296730,Subway
2024-09-04,중랑구,94555,Subway
2024-09-05,강남구,413396,Subway
2024-09-05,강동구,95788,Subway
2024-09-05,강북구,50559,Subway
2024-09-05,강서구,190460,Subway
2024-09-05,관악구,161135,Subway
2024-09-05,광진구,64930,Subway
2024-09-05,구로구,132345,Subway
2024-09-05,금천구,102283,Subway
2024-09-05,노원구,157613,Subway
2024-09-05,도봉구,97252,Subway
2024-09-05,동대문구,112287,Subway
2024-09-05,동작구,96175,Subway
2024-09-05,마포구,284382,Subway
2024-09-05,서대문구,105239,Subway
2024-09-05,서초구,158260,Subway
2024-09-05,성동구,135491,Subway
2024-09-05,성북구,52862,Subway
2024-09-05,송파구,212366,Subway
2024-09-05,양천구,37122,Subway
2024-09-05,영등포구,335030,Subway
2024-09-05,은평구,130207,Subway
2024-09-05,종로구,249700,Subway
2024-09-05,중구,292429,Subway
2024-09-05,중랑구,93829,Subway
2024-09-06,강남구,423337,Subway
2024-09-06,강동구,98164,Subway
2024-09-06,강북구,50460,Subway
2024-09-06,강서구,197135,Subway
2024-09-06,관악구,168292,Subway
2024-09-06,광진구,67619,Subway
2024-09-06,구로구,133863,Subway
2024-09-06,금천구,102034,Subway
2024-09-06,노원구,160704,Subway
2024-09-06,도봉구,100327,Subway
2024-09-06,동대문구,114990,Subway
2024-09-06,동작구,101336,Subway
2024-09-06,마포구,287287,Subway
2024-09-06,서대문구,106108,Subway
2024-09-06,서초구,169837,Subway
2024-09-06,성동구,142007,Subway
2024-09-06,성북구,53526,Subway
2024-09-06,송파구,223703,Subway
2024-09-06,양천구,37652,Subway
2024-09-06,영등포구,346380,Subway
2024-09-06,은평구,132089,Subway
2024-09-06,종로구,260442,Subway
2024-09-06,중구,295948,Subway
2024-09-06,중랑구,97067,Subway
2024-09-07,강남구,262758,Subway
2024-09-07,강동구,68800,Subway
2024-09-07,강북구,41061,Subway
2024-09-07,강서구,139357,Subway
2024-09-07,관악구,136503,Subway
2024-09-07,광진구,59341,Subway
2024-09-07,구로구,91498,Subway
2024-09-07,금천구,41195,Subway
2024-09-07,노원구,121558,Subway
2024-09-07,도봉구,79418,Subway
2024-09-07,동대문구,86453,Subway
2024-09-07,동작구,77893,Subway
2024-09-07,마포구,246857,Subway
2024-09-07,서대문구,83469,Subway
2024-09-07,서초구,148035,Subway
2024-09-07,성동구,100875,Subway
2024-09-07,성북구,37119,Subway
2024-09-07,송파구,158945,Subway
2024-09-07,양천구,26366,Subway
2024-09-07,영등포구,235222,Subway
2024-09-07,은평구,100022,Subway
2024-09-07,종로구,198356,Subway
2024-09-07,중구,190457,Subway
2024-09-07,중랑구,72568,Subway
2024-09-08,강남구,153728,Subway
2024-09-08,강동구,48134,Subway
2024-09-08,강북구,29733,Subway
2024-09-08,강서구,101193,Subway
2024-09-08,관악구,96589,Subway
2024-09-08,광진구,42825,Subway
2024-09-08,구로구,65140,Subway
2024-09-08,금천구,29462,Subway
2024-09-08,노원구,89205,Subway
2024-09-08,도봉구,59709,Subway
2024-09-08,동대문구,63708,Subway
2024-09-08,동작구,52480,Subway
2024-09-08,마포구,181890,Subway
2024-09-08,서대문구,58617,Subway
2024-09-08,서초구,119600,Subway
2024-09-08,성동구,75265,Subway
2024-09-08,성북구,26643,Subway
2024-09-08,송파구,115800,Subway
2024-09-08,양천구,18590,Subway
2024-09-08,영등포구,172207,Subway
2024-09-08,은평구,72653,Subway
2024-09-08,종로구,133085,Subway
2024-09-08,중구,137705,Subway
2024-09-08,중랑구,50825,Subway
2024-09-09,강남구,400536,Subway
2024-09-09,강동구,96126,Subway
2024-09-09,강북구,49778,Subway
2024-09-09,강서구,191834,Subway
2024-09-09,관악구,155351,Subway
2024-09-09,광진구,63983,Subway
2024-09-09,구로구,131600,Subway
2024-09-09,금천구,103571,Subway
2024-09-09,노원구,157293,Subway
2024-09-09,도봉구,96614,Subway
2024-09-09,동대문구,111354,Subway
2024-09-09,동작구,96199,Subway
2024-09-09,마포구,260455,Subway
2024-09-09,서대문구,101653,Subway
2024-09-09,서초구,153032,Subway
2024-09-09,성동구,130688,Subway
2024-09-09,성북구,51948,Subway
2024-09-09,송파구,204439,Subway
2024-09-09,양천구,37029,Subway
2024-09-09,영등포구,327801,Subway
2024-09-09,은평구,128449,Subway
2024-09-09,종로구,240405,Subway
2024-09-09,중구,282902,Subway
2024-09-09,중랑구,93879,Subway
2024-09-10,강남구,417107,Subway
2024-09-10,강동구,97613,Subway
2024-09-10,강북구,50999,Subway
2024-09-10,강서구,192808,Subway
2024-09-10,관악구,161376,Subway
2024-09-10,광진구,66158,Subway
2024-09-10,구로구,134129,Subway
2024-09-10,금천구,103663,Subway
2024-09-10,노원구,160510,Subway
2024-09-10,도봉구,98928,Subway
2024-09-10,동대문구,114066,Subway
2024-09-10,동작구,98697,Subway
2024-09-10,마포구,266543,Subway
2024-09-10,서대문구,105615,Subway
2024-09-10,서초구,157155,Subway
2024-09-10,성동구,137216,Subway
2024-09-10,성북구,54420,Subway
2024-09-10,송파구,223878,Subway
2024-09-10,양천구,38100,Subway
2024-09-10,영등포구,336122,Subway
2024-09-10,은평구,131919,Subway
2024-09-10,종로구,249881,Subway
2024-09-10,중구,290224,Subway
2024-09-10,중랑구,96147,Subway
2024-09-11,강남구,410144,Subway
2024-09-11,강동구,96938,Subway
2024-09-11,강북구,50571,Subway
2024-09-11,강서구,191501,Subway
2024-09-11,관악구,161560,Subway
2024-09-11,광진구,65842,Subway
2024-09-11,구로구,132379,Subway
2024-09-11,금천구,102644,Subway
2024-09-11,노원구,159089,Subway
2024-09-11,도봉구,97743,Subway
2024-09-11,동대문구,113231,Subway
2024-09-11,동작구,98304,Subway
2024-09-11,마포구,265860,Subway
2024-09-11,서대문구,104170,Subway
2024-09-11,서초구,156630,Subway
2024-09-11,성동구,134672,Subway
2024-09-11,성북구,53587,Subway
2024-09-11,송파구,215551,Subway
2024-09-11,양천구,37451,Subway
2024-09-11,영등포구,342957,Subway
2024-09-11,은평구,130157,Subway
2024-09-11,종로구,247914,Subway
2024-09-11,중구,286487,Subway
2024-09-11,중랑구,94769,Subway
2024-09-12,강남구,406052,Subway
2024-09-12,강동구,95667,Subway
2024-09-12,강북구,49883,Subway
2024-09-12,강서구,188811,Subway
2024-09-12,관악구,158809,Subway
2024-09-12,광진구,65770,Subway
2024-09-12,구로구,130237,Subway
2024-09-12,금천구,101716,Subway
2024-09-12,노원구,157570,Subway
2024-09-12,도봉구,96053,Subway
2024-09-12,동대문구,112582,Subway
2024-09-12,동작구,97150,Subway
2024-09-12,마포구,262695,Subway
2024-09-12,서대문구,102555,Subway
2024-09-12,서초구,157921,Subway
2024-09-12,성동구,131843,Subway
2024-09-12,성북구,53178,Subway
2024-09-12,송파구,206185,Subway
2024-09-12,양천구,37006,Subway
2024-09-12,영등포구,331785,Subway
2024-09-12,은평구,128241,Subway
2024-09-12,종로구,240157,Subway
2024-09-12,중구,274776,Subway
2024-09-12,중랑구,93915,Subway
2024-09-13,강남구,399721,Subway
2024-09-13,강동구,98116,Subway
2024-09-13,강북구,50715,Subway
2024-09-13,강서구,194242,Subway
2024-09-13,관악구,162856,Subway
2024-09-13,광진구,69504,Subway
2024-09-13,구로구,132824,Subway
2024-09-13,금천구,98663,Subway
2024-09-13,노원구,161390,Subway
2024-09-13,도봉구,98387,Subway
2024-09-13,동대문구,115219,Subway
2024-09-13,동작구,100966,Subway
2024-09-13,마포구,270957,Subway
2024-09-13,서대문구,104252,Subway
2024-09-13,서초구,164227,Subway
2024-09-13,성동구,133036,Subway
2024-09-13,성북구,53053,Subway
2024-09-13,송파구,211051,Subway
2024-09-13,양천구,37403,Subway
2024-09-13,영등포구,340275,Subway
2024-09-13,은평구,130857,Subway
2024-09-13,종로구,244899,Subway
2024-09-13,중구,268753,Subway
2024-09-13,중랑구,96385,Subway
2024-09-14,강남구,188496,Subway
2024-09-14,강동구,57008,Subway
2024-09-14,강북구,35008,Subway
2024-09-14,강서구,116806,Subway
2024-09-14,관악구,107550,Subway
2024-09-14,광진구,48765,Subway
2024-09-14,구로구,74770,Subway
2024-09-14,금천구,34093,Subway
2024-09-14,노원구,105079,Subway
2024-09-14,도봉구,68689,Subway
2024-09-14,동대문구,75002,Subway
2024-09-14,동작구,67123,Subway
2024-09-14,마포구,200041,Subway
2024-09-14,서대문구,68375,Subway
2024-09-14,서초구,106150,Subway
2024-09-14,성동구,76895,Subway
2024-09-14,성북구,31211,Subway
2024-09-14,송파구,125932,Subway
2024-09-14,양천구,21792,Subway
2024-09-14,영등포구,173450,Subway
2024-09-14,은평구,88106,Subway
2024-09-14,종로구,156526,Subway
2024-09-14,중구,144352,Subway
2024-09-14,중랑구,62742,Subway
2024-09-15,강남구,116679,Subway
2024-09-15,강동구,42327,Subway
2024-09-15,강북구,27629,Subway
2024-09-15,강서구,90293,Subway
2024-09-15,관악구,77134,Subway
2024-09-15,광진구,36858,Subway
2024-09-15,구로구,56026,Subway
2024-09-15,금천구,26198,Subway
2024-09-15,노원구,78397,Subway
2024-09-15,도봉구,55154,Subway
2024-09-15,동대문구,57111,Subway
2024-09-15,동작구,47404,Subway
2024-09-15,마포구,154329,Subway
2024-09-15,서대문구,49633,Subway
2024-09-15,서초구,85653,Subway
2024-09-15,성동구,61027,Subway
2024-09-15,성북구,24676,Subway
2024-09-15,송파구,80414,Subway
2024-09-15,양천구,15868,Subway
2024-09-15,영등포구,133041,Subway
2024-09-15,은평구,66735,Subway
2024-09-15,종로구,130639,Subway
2024-09-15,중구,132845,Subway
2024-09-15,중랑구,47022,Subway
2024-09-16,강남구,88677,Subway
2024-09-16,강동구,32324,Subway
2024-09-16,강북구,21702,Subway
2024-09-16,강서구,75048,Subway
2024-09-16,관악구,60034,Subway
2024-09-16,광진구,29194,Subway
2024-09-16,구로구,45242,Subway
2024-09-16,금천구,22194,Subway
2024-09-16,노원구,60965,Subway
2024-09-16,도봉구,41969,Subway
2024-09-16,동대문구,42170,Subway
2024-09-16,동작구,38047,Subway
2024-09-16,마포구,122830,Subway
2024-09-16,서대문구,39944,Subway
2024-09-16,서초구,62580,Subway
2024-09-16,성동구,47133,Subway
2024-09-16,성북구,18240,Subway
2024-09-16,송파구,72175,Subway
2024-09-16,양천구,12880,Subway
2024-09-16,영등포구,96575,Subway
2024-09-16,은평구,53623,Subway
2024-09-16,종로구,117414,Subway
2024-09-16,중구,113979,Subway
2024-09-16,중랑구,37668,Subway
2024-09-17,강남구,65384,Subway
2024-09-17,강동구,27212,Subway
2024-09-17,강북구,21924,Subway
2024-09-17,강서구,69530,Subway
2024-09-17,관악구,53350,Subway
2024-09-17,광진구,25708,Subway
2024-09-17,구로구,42175,Subway
2024-09-17,금천구,19599,Subway
2024-09-17,노원구,57751,Subway
2024-09-17,도봉구,40500,Subway
2024-09-17,동대문구,33658,Subway
2024-09-17,동작구,31741,Subway
2024-09-17,마포구,101348,Subway
2024-09-17,서대문구,32628,Subway
2024-09-17,서초구,88719,Subway
2024-09-17,성동구,34574,Subway
2024-09-17,성북구,17638,Subway
2024-09-17,송파구,63809,Subway
2024-09-17,양천구,11273,Subway
2024-09-17,영등포구,89242,Subway
2024-09-17,은평구,48957,Subway
2024-09-17,종로구,90476,Subway
2024-09-17,중구,99136,Subway
2024-09-17,중랑구,36011,Subway
2024-09-18,강남구,97519,Subway
2024-09-18,강동구,36180,Subway
2024-09-18,강북구,24926,Subway
2024-09-18,강서구,87054,Subway
2024-09-18,관악구,70596,Subway
2024-09-18,광진구,33660,Subway
2024-09-18,구로구,50544,Subway
2024-09-18,금천구,23257,Subway
2024-09-18,노원구,74022,Subway
2024-09-18,도봉구,48762,Subway
2024-09-18,동대문구,42280,Subway
2024-09-18,동작구,39886,Subway
2024-09-18,마포구,132632,Subway
2024-09-18,서대문구,41151,Subway
2024-09-18,서초구,130848,Subway
2024-09-18,성동구,49129,Subway
2024-09-18,성북구,20515,Subway
2024-09-18,송파구,70438,Subway
2024-09-18,양천구,14475,Subway
2024-09-18,영등포구,125345,Subway
2024-09-18,은평구,59759,Subway
2024-09-18,종로구,106525,Subway
2024-09-18,중구,102576,Subway
2024-09-18,중랑구,41716,Subway
2024-09-19,강남구,363693,Subway
2024-09-19,강동구,88605,Subway
2024-09-19,강북구,47286,Subway
2024-09-19,강서구,174957,Subway
2024-09-19,관악구,145080,Subway
2024-09-19,광진구,59271,Subway
2024-09-19,구로구,120633,Subway
2024-09-19,금천구,91503,Subway
2024-09-19,노원구,149874,Subway
2024-09-19,도봉구,90813,Subway
2024-09-19,동대문구,99152,Subway
2024-09-19,동작구,87479,Subway
2024-09-19,마포구,239154,Subway
2024-09-19,서대문구,95387,Subway
2024-09-19,서초구,156573,Subway
2024-09-19,성동구,119233,Subway
2024-09-19,성북구,48534,Subway
2024-09-19,송파구,200445,Subway
2024-09-19,양천구,33799,Subway
2024-09-19,영등포구,299047,Subway
2024-09-19,은평구,120160,Subway
2024-09-19,종로구,215762,Subway
2024-09-19,중구,248493,Subway
2024-09-19,중랑구,87652,Subway
2024-09-20,강남구,393296,Subway
2024-09-20,강동구,91866,Subway
2024-09-20,강북구,46771,Subway
2024-09-20,강서구,182104,Subway
2024-09-20,관악구,153283,Subway
2024-09-20,광진구,62268,Subway
2024-09-20,구로구,122858,Subway
2024-09-20,금천구,94211,Subway
2024-09-20,노원구,151157,Subway
2024-09-20,도봉구,89896,Subway
2024-09-20,동대문구,102366,Subway
2024-09-20,동작구,91456,Subway
2024-09-20,마포구,259601,Subway
2024-09-20,서대문구,98597,Subway
2024-09-20,서초구,154086,Subway
2024-09-20,성동구,125064,Subway
2024-09-20,성북구,49210,Subway
2024-09-20,송파구,201059,Subway
2024-09-20,양천구,34888,Subway
2024-09-20,영등포구,323218,Subway
2024-09-20,은평구,120660,Subway
2024-09-20,종로구,236865,Subway
2024-09-20,중구,268330,Subway
2024-09-20,중랑구,89668,Subway
2024-09-21,강남구,235817,Subway
2024-09-21,강동구,61517,Subway
2024-09-21,강북구,36741,Subway
2024-09-21,강서구,126029,Subway
2024-09-21,관악구,125162,Subway
2024-09-21,광진구,54900,Subway
2024-09-21,구로구,84024,Subway
2024-09-21,금천구,36291,Subway
2024-09-21,노원구,112934,Subway
2024-09-21,도봉구,69752,Subway
2024-09-21,동대문구,74281,Subway
2024-09-21,동작구,71095,Subway
2024-09-21,마포구,243610,Subway
2024-09-21,서대문구,76575,Subway
2024-09-21,서초구,131620,Subway
2024-09-21,성동구,88352,Subway
2024-09-21,성북구,33406,Subway
2024-09-21,송파구,151643,Subway
2024-09-21,양천구,23411,Subway
2024-09-21,영등포구,215833,Subway
2024-09-21,은평구,91085,Subway
2024-09-21,종로구,177370,Subway
2024-09-21,중구,169177,Subway
2024-09-21,중랑구,66733,Subway
2024-09-22,강남구,152257,Subway
2024-09-22,강동구,48454,Subway
2024-09-22,강북구,31440,Subway
2024-09-22,강서구,102828,Subway
2024-09-22,관악구,97621,Subway
2024-09-22,광진구,43886,Subway
2024-09-22,구로구,66138,Subway
2024-09-22,금천구,28858,Subway
2024-09-22,노원구,89341,Subway
2024-09-22,도봉구,61442,Subway
2024-09-22,동대문구,63082,Subway
2024-09-22,동작구,53567,Subway
2024-09-22,마포구,207385,Subway
2024-09-22,서대문구,58196,Subway
2024-09-22,서초구,114163,Subway
2024-09-22,성동구,76497,Subway
2024-09-22,성북구,28380,Subway
2024-09-22,송파구,112510,Subway
2024-09-22,양천구,18406,Subway
2024-09-22,영등포구,170559,Subway
2024-09-22,은평구,74422,Subway
2024-09-22,종로구,138503,Subway
2024-09-22,중구,143023,Subway
2024-09-22,중랑구,52327,Subway
2024-09-23,강남구,406995,Subway
2024-09-23,강동구,96893,Subway
2024-09-23,강북구,50660,Subway
2024-09-23,강서구,192606,Subway
2024-09-23,관악구,158264,Subway
2024-09-23,광진구,64790,Subway
2024-09-23,구로구,133837,Subway
2024-09-23,금천구,104754,Subway
2024-09-23,노원구,159615,Subway
2024-09-23,도봉구,98296,Subway
2024-09-23,동대문구,111230,Subway
2024-09-23,동작구,96268,Subway
2024-09-23,마포구,266505,Subway
2024-09-23,서대문구,103995,Subway
2024-09-23,서초구,153499,Subway
2024-09-23,성동구,136036,Subway
2024-09-23,성북구,52573,Subway
2024-09-23,송파구,220539,Subway
2024-09-23,양천구,37326,Subway
2024-09-23,영등포구,331284,Subway
2024-09-23,은평구,130293,Subway
2024-09-23,종로구,247587,Subway
2024-09-23,중구,284540,Subway
2024-09-23,중랑구,95516,Subway
2024-09-24,강남구,417000,Subway
2024-09-24,강동구,97927,Subway
2024-09-24,강북구,51702,Subway
2024-09-24,강서구,194498,Subway
2024-09-24,관악구,164169,Subway
2024-09-24,광진구,65878,Subway
2024-09-24,구로구,136283,Subway
2024-09-24,금천구,105831,Subway
2024-09-24,노원구,161438,Subway
2024-09-24,도봉구,100674,Subway
2024-09-24,동대문구,113622,Subway
2024-09-24,동작구,98549,Subway
2024-09-24,마포구,270130,Subway
2024-09-24,서대문구,106533,Subway
2024-09-24,서초구,159385,Subway
2024-09-24,성동구,139871,Subway
2024-09-24,성북구,54181,Subway
2024-09-24,송파구,224690,Subway
2024-09-24,양천구,38656,Subway
2024-09-24,영등포구,339590,Subway
2024-09-24,은평구,132806,Subway
2024-09-24,종로구,255817,Subway
2024-09-24,중구,292187,Subway
2024-09-24,중랑구,96518,Subway
2024-09-25,강남구,416245,Subway
2024-09-25,강동구,98791,Subway
2024-09-25,강북구,51715,Subway
2024-09-25,강서구,195129,Subway
2024-09-25,관악구,165042,Subway
2024-09-25,광진구,66601,Subway
2024-09-25,구로구,135829,Subway
2024-09-25,금천구,105003,Subway
2024-09-25,노원구,163040,Subway
2024-09-25,도봉구,100737,Subway
2024-09-25,동대문구,114948,Subway
2024-09-25,동작구,98796,Subway
2024-09-25,마포구,272873,Subway
2024-09-25,서대문구,106000,Subway
2024-09-25,서초구,157997,Subway
2024-09-25,성동구,141077,Subway
2024-09-25,성북구,54312,Subway
2024-09-25,송파구,226053,Subway
2024-09-25,양천구,38281,Subway
2024-09-25,영등포구,340823,Subway
2024-09-25,은평구,133348,Subway
2024-09-25,종로구,259100,Subway
2024-09-25,중구,293413,Subway
2024-09-25,중랑구,96974,Subway
2024-09-26,강남구,415867,Subway
2024-09-26,강동구,98518,Subway
2024-09-26,강북구,51854,Subway
2024-09-26,강서구,195710,Subway
2024-09-26,관악구,166645,Subway
2024-09-26,광진구,66197,Subway
2024-09-26,구로구,135464,Subway
2024-09-26,금천구,104611,Subway
2024-09-26,노원구,161484,Subway
2024-09-26,도봉구,99961,Subway
2024-09-26,동대문구,114324,Subway
2024-09-26,동작구,98999,Subway
2024-09-26,마포구,275242,Subway
2024-09-26,서대문구,106060,Subway
2024-09-26,서초구,162156,Subway
2024-09-26,성동구,141263,Subway
2024-09-26,성북구,54287,Subway
2024-09-26,송파구,223162,Subway
2024-09-26,양천구,38029,Subway
2024-09-26,영등포구,339523,Subway
2024-09-26,은평구,132653,Subway
2024-09-26,종로구,259029,Subway
2024-09-26,중구,294918,Subway
2024-09-26,중랑구,96407,Subway
2024-09-27,강남구,429339,Subway
2024-09-27,강동구,100503,Subway
2024-09-27,강북구,52028,Subway
2024-09-27,강서구,204721,Subway
2024-09-27,관악구,175212,Subway
2024-09-27,광진구,70466,Subway
2024-09-27,구로구,137163,Subway
2024-09-27,금천구,104406,Subway
2024-09-27,노원구,165632,Subway
2024-09-27,도봉구,102746,Subway
2024-09-27,동대문구,115920,Subway
2024-09-27,동작구,103800,Subway
2024-09-27,마포구,294176,Subway
2024-09-27,서대문구,110798,Subway
2024-09-27,서초구,176587,Subway
2024-09-27,성동구,149823,Subway
2024-09-27,성북구,54426,Subway
2024-09-27,송파구,232560,Subway
2024-09-27,양천구,38871,Subway
2024-09-27,영등포구,355063,Subway
2024-09-27,은평구,135458,Subway
2024-09-27,종로구,269713,Subway
2024-09-27,중구,299515,Subway
2024-09-27,중랑구,98848,Subway
2024-09-28,강남구,256493,Subway
2024-09-28,강동구,70307,Subway
2024-09-28,강북구,42594,Subway
2024-09-28,강서구,141069,Subway
2024-09-28,관악구,144161,Subway
2024-09-28,광진구,64850,Subway
2024-09-28,구로구,95004,Subway
2024-09-28,금천구,43895,Subway
2024-09-28,노원구,130424,Subway
2024-09-28,도봉구,81750,Subway
2024-09-28,동대문구,88048,Subway
2024-09-28,동작구,81103,Subway
2024-09-28,마포구,248732,Subway
2024-09-28,서대문구,89453,Subway
2024-09-28,서초구,153210,Subway
2024-09-28,성동구,110056,Subway
2024-09-28,성북구,38269,Subway
2024-09-28,송파구,147086,Subway
2024-09-28,양천구,27359,Subway
2024-09-28,영등포구,247768,Subway
2024-09-28,은평구,103330,Subway
2024-09-28,종로구,221603,Subway
2024-09-28,중구,202745,Subway
2024-09-28,중랑구,75013,Subway
2024-09-29,강남구,155821,Subway
2024-09-29,강동구,50413,Subway
2024-09-29,강북구,31530,Subway
2024-09-29,강서구,102391,Subway
2024-09-29,관악구,100352,Subway
2024-09-29,광진구,44480,Subway
2024-09-29,구로구,69355,Subway
2024-09-29,금천구,30605,Subway
2024-09-29,노원구,94731,Subway
2024-09-29,도봉구,63483,Subway
2024-09-29,동대문구,64052,Subway
2024-09-29,동작구,54005,Subway
2024-09-29,마포구,186605,Subway
2024-09-29,서대문구,61371,Subway
2024-09-29,서초구,122699,Subway
2024-09-29,성동구,79874,Subway
2024-09-29,성북구,28001,Subway
2024-09-29,송파구,101823,Subway
2024-09-29,양천구,18609,Subway
2024-09-29,영등포구,182839,Subway
2024-09-29,은평구,75467,Subway
2024-09-29,종로구,141849,Subway
2024-09-29,중구,148370,Subway
2024-09-29,중랑구,53859,Subway
2024-09-30,강남구,404753,Subway
2024-09-30,강동구,98248,Subway
2024-09-30,강북구,50863,Subway
2024-09-30,강서구,193103,Subway
2024-09-30,관악구,162226,Subway
2024-09-30,광진구,66611,Subway
2024-09-30,구로구,135395,Subway
2024-09-30,금천구,104833,Subway
2024-09-30,노원구,159717,Subway
2024-09-30,도봉구,99533,Subway
2024-09-30,동대문구,112302,Subway
2024-09-30,동작구,98705,Subway
2024-09-30,마포구,269521,Subway
2024-09-30,서대문구,104446,Subway
2024-09-30,서초구,158405,Subway
2024-09-30,성동구,134751,Subway
2024-09-30,성북구,52628,Subway
2024-09-30,송파구,206507,Subway
2024-09-30,양천구,37745,Subway
2024-09-30,영등포구,333412,Subway
2024-09-30,은평구,132062,Subway
2024-09-30,종로구,251238,Subway
2024-09-30,중구,283021,Subway
2024-09-30,중랑구,95976,Subway
2024-10-01,강남구,193575,Subway
2024-10-01,강동구,56598,Subway
2024-10-01,강북구,33945,Subway
2024-10-01,강서구,116216,Subway
2024-10-01,관악구,108331,Subway
2024-10-01,광진구,50364,Subway
2024-10-01,구로구,76591,Subway
2024-10-01,금천구,39542,Subway
2024-10-01,노원구,102773,Subway
2024-10-01,도봉구,65344,Subway
2024-10-01,동대문구,73374,Subway
2024-10-01,동작구,66700,Subway
2024-10-01,마포구,192436,Subway
2024-10-01,서대문구,76980,Subway
2024-10-01,서초구,107151,Subway
2024-10-01,성동구,83796,Subway
2024-10-01,성북구,32053,Subway
2024-10-01,송파구,114604,Subway
2024-10-01,양천구,21836,Subway
2024-10-01,영등포구,177408,Subway
2024-10-01,은평구,86250,Subway
2024-10-01,종로구,209288,Subway
2024-10-01,중구,186579,Subway
2024-10-01,중랑구,61014,Subway
2024-10-02,강남구,404750,Subway
2024-10-02,강동구,99156,Subway
2024-10-02,강북구,51227,Subway
2024-10-02,강서구,194710,Subway
2024-10-02,관악구,165671,Subway
2024-10-02,광진구,68162,Subway
2024-10-02,구로구,134602,Subway
2024-10-02,금천구,102568,Subway
2024-10-02,노원구,168535,Subway
2024-10-02,도봉구,100732,Subway
2024-10-02,동대문구,114946,Subway
2024-10-02,동작구,99196,Subway
2024-10-02,마포구,276809,Subway
2024-10-02,서대문구,108084,Subway
2024-10-02,서초구,162947,Subway
2024-10-02,성동구,138711,Subway
2024-10-02,성북구,54072,Subway
2024-10-02,송파구,224135,Subway
2024-10-02,양천구,38473,Subway
2024-10-02,영등포구,336464,Subway
2024-10-02,은평구,134007,Subway
2024-10-02,종로구,261936,Subway
2024-10-02,중구,293316,Subway
2024-10-02,중랑구,96764,Subway
2024-10-03,강남구,176974,Subway
2024-10-03,강동구,54778,Subway
2024-10-03,강북구,36325,Subway
2024-10-03,강서구,113819,Subway
2024-10-03,관악구,108937,Subway
2024-10-03,광진구,50038,Subway
2024-10-03,구로구,75370,Subway
2024-10-03,금천구,37038,Subway
2024-10-03,노원구,100066,Subway
2024-10-03,도봉구,68959,Subway
2024-10-03,동대문구,72207,Subway
2024-10-03,동작구,63843,Subway
2024-10-03,마포구,210097,Subway
2024-10-03,서대문구,68166,Subway
2024-10-03,서초구,111218,Subway
2024-10-03,성동구,97002,Subway
2024-10-03,성북구,31149,Subway
2024-10-03,송파구,123497,Subway
2024-10-03,양천구,21219,Subway
2024-10-03,영등포구,193601,Subway
2024-10-03,은평구,85574,Subway
2024-10-03,종로구,198784,Subway
2024-10-03,중구,181360,Subway
2024-10-03,중랑구,60139,Subway
2024-10-04,강남구,386930,Subway
2024-10-04,강동구,92950,Subway
2024-10-04,강북구,48823,Subway
2024-10-04,강서구,184584,Subway
2024-10-04,관악구,158616,Subway
2024-10-04,광진구,69664,Subway
2024-10-04,구로구,125296,Subway
2024-10-04,금천구,89650,Subway
2024-10-04,노원구,155804,Subway
2024-10-04,도봉구,97330,Subway
2024-10-04,동대문구,109392,Subway
2024-10-04,동작구,95506,Subway
2024-10-04,마포구,286642,Subway
2024-10-04,서대문구,105552,Subway
2024-10-04,서초구,163979,Subway
2024-10-04,성동구,145292,Subway
2024-10-04,성북구,50247,Subway
2024-10-04,송파구,195617,Subway
2024-10-04,양천구,36143,Subway
2024-10-04,영등포구,323553,Subway
2024-10-04,은평구,127638,Subway
2024-10-04,종로구,260958,Subway
2024-10-04,중구,290063,Subway
2024-10-04,중랑구,93504,Subway
2024-10-05,강남구,246713,Subway
2024-10-05,강동구,69203,Subway
2024-10-05,강북구,41811,Subway
2024-10-05,강서구,142001,Subway
2024-10-05,관악구,137733,Subway
2024-10-05,광진구,58922,Subway
2024-10-05,구로구,96039,Subway
2024-10-05,금천구,43246,Subway
2024-10-05,노원구,121757,Subway
2024-10-05,도봉구,82061,Subway
2024-10-05,동대문구,87196,Subway
2024-10-05,동작구,104100,Subway
2024-10-05,마포구,290654,Subway
2024-10-05,서대문구,84353,Subway
2024-10-05,서초구,154774,Subway
2024-10-05,성동구,106772,Subway
2024-10-05,성북구,37863,Subway
2024-10-05,송파구,162764,Subway
2024-10-05,양천구,27230,Subway
2024-10-05,영등포구,329594,Subway
2024-10-05,은평구,102256,Subway
2024-10-05,종로구,208909,Subway
2024-10-05,중구,200213,Subway
2024-10-05,중랑구,74313,Subway
2024-10-06,강남구,144623,Subway
2024-10-06,강동구,46938,Subway
2024-10-06,강북구,30073,Subway
2024-10-06,강서구,98189,Subway
2024-10-06,관악구,95173,Subway
2024-10-06,광진구,43562,Subway
2024-10-06,구로구,66189,Subway
2024-10-06,금천구,30516,Subway
2024-10-06,노원구,86062,Subway
2024-10-06,도봉구,60583,Subway
2024-10-06,동대문구,61148,Subway
2024-10-06,동작구,51709,Subway
2024-10-06,마포구,179505,Subway
2024-10-06,서대문구,58350,Subway
2024-10-06,서초구,118944,Subway
2024-10-06,성동구,75080,Subway
2024-10-06,성북구,26120,Subway
2024-10-06,송파구,118829,Subway
2024-10-06,양천구,18211,Subway
2024-10-06,영등포구,165082,Subway
2024-10-06,은평구,71096,Subway
2024-10-06,종로구,132347,Subway
2024-10-06,중구,139204,Subway
2024-10-06,중랑구,51437,Subway
2024-10-07,강남구,399484,Subway
2024-10-07,강동구,96332,Subway
2024-10-07,강북구,49897,Subway
2024-10-07,강서구,190951,Subway
2024-10-07,관악구,155832,Subway
2024-10-07,광진구,63904,Subway
2024-10-07,구로구,133037,Subway
2024-10-07,금천구,104889,Subway
2024-10-07,노원구,159000,Subway
2024-10-07,도봉구,97703,Subway
2024-10-07,동대문구,110999,Subway
2024-10-07,동작구,96037,Subway
2024-10-07,마포구,262172,Subway
2024-10-07,서대문구,102301,Subway
2024-10-07,서초구,153951,Subway
2024-10-07,성동구,135250,Subway
2024-10-07,성북구,51969,Subway
2024-10-07,송파구,205115,Subway
2024-10-07,양천구,37482,Subway
2024-10-07,영등포구,325473,Subway
2024-10-07,은평구,129275,Subway
2024-10-07,종로구,242163,Subway
2024-10-07,중구,277221,Subway
2024-10-07,중랑구,94556,Subway
2024-10-08,강남구,417646,Subway
2024-10-08,강동구,99650,Subway
2024-10-08,강북구,52435,Subway
2024-10-08,강서구,197648,Subway
2024-10-08,관악구,170040,Subway
2024-10-08,광진구,68389,Subway
2024-10-08,구로구,138738,Subway
2024-10-08,금천구,107075,Subway
2024-10-08,노원구,165364,Subway
2024-10-08,도봉구,102205,Subway
2024-10-08,동대문구,115572,Subway
2024-10-08,동작구,101870,Subway
2024-10-08,마포구,278685,Subway
2024-10-08,서대문구,108640,Subway
2024-10-08,서초구,163867,Subway
2024-10-08,성동구,140262,Subway
2024-10-08,성북구,54434,Subway
2024-10-08,송파구,216183,Subway
2024-10-08,양천구,38969,Subway
2024-10-08,영등포구,342403,Subway
2024-10-08,은평구,135382,Subway
2024-10-08,종로구,265645,Subway
2024-10-08,중구,293640,Subway
2024-10-08,중랑구,98708,Subway
2024-10-09,강남구,169114,Subway
2024-10-09,강동구,56444,Subway
2024-10-09,강북구,35321,Subway
2024-10-09,강서구,111251,Subway
2024-10-09,관악구,109546,Subway
2024-10-09,광진구,53118,Subway
2024-10-09,구로구,76080,Subway
2024-10-09,금천구,37136,Subway
2024-10-09,노원구,100566,Subway
2024-10-09,도봉구,69437,Subway
2024-10-09,동대문구,72867,Subway
2024-10-09,동작구,63989,Subway
2024-10-09,마포구,195767,Subway
2024-10-09,서대문구,66893,Subway
2024-10-09,서초구,103744,Subway
2024-10-09,성동구,92629,Subway
2024-10-09,성북구,30716,Subway
2024-10-09,송파구,111246,Subway
2024-10-09,양천구,21463,Subway
2024-10-09,영등포구,184428,Subway
2024-10-09,은평구,85259,Subway
2024-10-09,종로구,189231,Subway
2024-10-09,중구,168492,Subway
2024-10-09,중랑구,60397,Subway
2024-10-10,강남구,412425,Subway
2024-10-10,강동구,97957,Subway
2024-10-10,강북구,51104,Subway
2024-10-10,강서구,191703,Subway
2024-10-10,관악구,162401,Subway
2024-10-10,광진구,66861,Subway
2024-10-10,구로구,134488,Subway
2024-10-10,금천구,104336,Subway
2024-10-10,노원구,160644,Subway
2024-10-10,도봉구,99553,Subway
2024-10-10,동대문구,113197,Subway
2024-10-10,동작구,98177,Subway
2024-10-10,마포구,271833,Subway
2024-10-10,서대문구,106023,Subway
2024-10-10,서초구,161441,Subway
2024-10-10,성동구,139518,Subway
2024-10-10,성북구,54004,Subway
2024-10-10,송파구,209303,Subway
2024-10-10,양천구,37762,Subway
2024-10-10,영등포구,335452,Subway
2024-10-10,은평구,131293,Subway
2024-10-10,종로구,255328,Subway
2024-10-10,중구,288038,Subway
2024-10-10,중랑구,96167,Subway
2024-10-11,강남구,427143,Subway
2024-10-11,강동구,101837,Subway
2024-10-11,강북구,51989,Subway
2024-10-11,강서구,202399,Subway
2024-10-11,관악구,171174,Subway
2024-10-11,광진구,71178,Subway
2024-10-11,구로구,136478,Subway
2024-10-11,금천구,104445,Subway
2024-10-11,노원구,163847,Subway
2024-10-11,도봉구,102986,Subway
2024-10-11,동대문구,115646,Subway
2024-10-11,동작구,102069,Subway
2024-10-11,마포구,294874,Subway
2024-10-11,서대문구,107417,Subway
2024-10-11,서초구,173482,Subway
2024-10-11,성동구,152031,Subway
2024-10-11,성북구,54356,Subway
2024-10-11,송파구,233949,Subway
2024-10-11,양천구,38858,Subway
2024-10-11,영등포구,347078,Subway
2024-10-11,은평구,134296,Subway
2024-10-11,종로구,270831,Subway
2024-10-11,중구,300580,Subway
2024-10-11,중랑구,98631,Subway
2024-10-12,강남구,249706,Subway
2024-10-12,강동구,73014,Subway
2024-10-12,강북구,42265,Subway
2024-10-12,강서구,141982,Subway
2024-10-12,관악구,139780,Subway
2024-10-12,광진구,59872,Subway
2024-10-12,구로구,93849,Subway
2024-10-12,금천구,43865,Subway
2024-10-12,노원구,123571,Subway
2024-10-12,도봉구,83487,Subway
2024-10-12,동대문구,88078,Subway
2024-10-12,동작구,79414,Subway
2024-10-12,마포구,249315,Subway
2024-10-12,서대문구,95977,Subway
2024-10-12,서초구,147149,Subway
2024-10-12,성동구,117475,Subway
2024-10-12,성북구,37791,Subway
2024-10-12,송파구,146715,Subway
2024-10-12,양천구,26638,Subway
2024-10-12,영등포구,237553,Subway
2024-10-12,은평구,102993,Subway
2024-10-12,종로구,215922,Subway
2024-10-12,중구,204108,Subway
2024-10-12,중랑구,74530,Subway
2024-10-13,강남구,152495,Subway
2024-10-13,강동구,55478,Subway
2024-10-13,강북구,31725,Subway
2024-10-13,강서구,105080,Subway
2024-10-13,관악구,100767,Subway
2024-10-13,광진구,45000,Subway
2024-10-13,구로구,69278,Subway
2024-10-13,금천구,31724,Subway
2024-10-13,노원구,90446,Subway
2024-10-13,도봉구,64807,Subway
2024-10-13,동대문구,67024,Subway
2024-10-13,동작구,54465,Subway
2024-10-13,마포구,185688,Subway
2024-10-13,서대문구,60731,Subway
2024-10-13,서초구,121031,Subway
2024-10-13,성동구,88640,Subway
2024-10-13,성북구,27910,Subway
2024-10-13,송파구,105749,Subway
2024-10-13,양천구,19044,Subway
2024-10-13,영등포구,177175,Subway
2024-10-13,은평구,75448,Subway
2024-10-13,종로구,152755,Subway
2024-10-13,중구,165818,Subway
2024-10-13,중랑구,53968,Subway
2024-10-14,강남구,402565,Subway
2024-10-14,강동구,97200,Subway
2024-10-14,강북구,48711,Subway
2024-10-14,강서구,191323,Subway
2024-10-14,관악구,155922,Subway
2024-10-14,광진구,62628,Subway
2024-10-14,구로구,131982,Subway
2024-10-14,금천구,104384,Subway
2024-10-14,노원구,155065,Subway
2024-10-14,도봉구,96661,Subway
2024-10-14,동대문구,111333,Subway
2024-10-14,동작구,94846,Subway
2024-10-14,마포구,267043,Subway
2024-10-14,서대문구,100786,Subway
2024-10-14,서초구,154802,Subway
2024-10-14,성동구,137262,Subway
2024-10-14,성북구,51414,Subway
2024-10-14,송파구,205029,Subway
2024-10-14,양천구,37362,Subway
2024-10-14,영등포구,324369,Subway
2024-10-14,은평구,127972,Subway
2024-10-14,종로구,243229,Subway
2024-10-14,중구,285088,Subway
2024-10-14,중랑구,94267,Subway
2024-10-15,강남구,411469,Subway
2024-10-15,강동구,96700,Subway
2024-10-15,강북구,50161,Subway
2024-10-15,강서구,191796,Subway
2024-10-15,관악구,160638,Subway
2024-10-15,광진구,64424,Subway
2024-10-15,구로구,134233,Subway
2024-10-15,금천구,105279,Subway
2024-10-15,노원구,158699,Subway
2024-10-15,도봉구,98160,Subway
2024-10-15,동대문구,112409,Subway
2024-10-15,동작구,97656,Subway
2024-10-15,마포구,268487,Subway
2024-10-15,서대문구,103730,Subway
2024-10-15,서초구,156035,Subway
2024-10-15,성동구,139439,Subway
2024-10-15,성북구,53688,Subway
2024-10-15,송파구,209537,Subway
2024-10-15,양천구,37667,Subway
2024-10-15,영등포구,333847,Subway
2024-10-15,은평구,129460,Subway
2024-10-15,종로구,241162,Subway
2024-10-15,중구,291412,Subway
2024-10-15,중랑구,95124,Subway
2024-10-16,강남구,412291,Subway
2024-10-16,강동구,98528,Subway
2024-10-16,강북구,50987,Subway
2024-10-16,강서구,193599,Subway
2024-10-16,관악구,162384,Subway
2024-10-16,광진구,64989,Subway
2024-10-16,구로구,135237,Subway
2024-10-16,금천구,104504,Subway
2024-10-16,노원구,160438,Subway
2024-10-16,도봉구,99736,Subway
2024-10-16,동대문구,113181,Subway
2024-10-16,동작구,98230,Subway
2024-10-16,마포구,270393,Subway
2024-10-16,서대문구,103393,Subway
2024-10-16,서초구,158000,Subway
2024-10-16,성동구,140221,Subway
2024-10-16,성북구,53581,Subway
2024-10-16,송파구,210705,Subway
2024-10-16,양천구,38220,Subway
2024-10-16,영등포구,336358,Subway
2024-10-16,은평구,131623,Subway
2024-10-16,종로구,261340,Subway
2024-10-16,중구,295730,Subway
2024-10-16,중랑구,96121,Subway
2024-10-17,강남구,413177,Subway
2024-10-17,강동구,97007,Subway
2024-10-17,강북구,51506,Subway
2024-10-17,강서구,193541,Subway
2024-10-17,관악구,164641,Subway
2024-10-17,광진구,64264,Subway
2024-10-17,구로구,134744,Subway
2024-10-17,금천구,104511,Subway
2024-10-17,노원구,159914,Subway
2024-10-17,도봉구,100991,Subway
2024-10-17,동대문구,113495,Subway
2024-10-17,동작구,97200,Subway
2024-10-17,마포구,274691,Subway
2024-10-17,서대문구,103928,Subway
2024-10-17,서초구,161504,Subway
2024-10-17,성동구,141412,Subway
2024-10-17,성북구,53961,Subway
2024-10-17,송파구,226626,Subway
2024-10-17,양천구,37796,Subway
2024-10-17,영등포구,338073,Subway
2024-10-17,은평구,132995,Subway
2024-10-17,종로구,262602,Subway
2024-10-17,중구,295661,Subway
2024-10-17,중랑구,96121,Subway
2024-10-18,강남구,410748,Subway
2024-10-18,강동구,95545,Subway
2024-10-18,강북구,48182,Subway
2024-10-18,강서구,189515,Subway
2024-10-18,관악구,163084,Subway
2024-10-18,광진구,64354,Subway
2024-10-18,구로구,129234,Subway
2024-10-18,금천구,99210,Subway
2024-10-18,노원구,155194,Subway
2024-10-18,도봉구,95626,Subway
2024-10-18,동대문구,107953,Subway
2024-10-18,동작구,97458,Subway
2024-10-18,마포구,274960,Subway
2024-10-18,서대문구,99963,Subway
2024-10-18,서초구,168971,Subway
2024-10-18,성동구,135725,Subway
2024-10-18,성북구,50981,Subway
2024-10-18,송파구,207805,Subway
2024-10-18,양천구,36265,Subway
2024-10-18,영등포구,341721,Subway
2024-10-18,은평구,125725,Subway
2024-10-18,종로구,254368,Subway
2024-10-18,중구,289556,Subway
2024-10-18,중랑구,93778,Subway
2024-10-19,강남구,248608,Subway
2024-10-19,강동구,68697,Subway
2024-10-19,강북구,40825,Subway
2024-10-19,강서구,137594,Subway
2024-10-19,관악구,137480,Subway
2024-10-19,광진구,56581,Subway
2024-10-19,구로구,93988,Subway
2024-10-19,금천구,43130,Subway
2024-10-19,노원구,124193,Subway
2024-10-19,도봉구,80726,Subway
2024-10-19,동대문구,85129,Subway
2024-10-19,동작구,79845,Subway
2024-10-19,마포구,252442,Subway
2024-10-19,서대문구,80848,Subway
2024-10-19,서초구,144917,Subway
2024-10-19,성동구,107609,Subway
2024-10-19,성북구,37381,Subway
2024-10-19,송파구,155098,Subway
2024-10-19,양천구,26378,Subway
2024-10-19,영등포구,238351,Subway
2024-10-19,은평구,103027,Subway
2024-10-19,종로구,215265,Subway
2024-10-19,중구,196606,Subway
2024-10-19,중랑구,73031,Subway
2024-10-20,강남구,154104,Subway
2024-10-20,강동구,51267,Subway
2024-10-20,강북구,32994,Subway
2024-10-20,강서구,105229,Subway
2024-10-20,관악구,104805,Subway
2024-10-20,광진구,42942,Subway
2024-10-20,구로구,70810,Subway
2024-10-20,금천구,32483,Subway
2024-10-20,노원구,92046,Subway
2024-10-20,도봉구,65467,Subway
2024-10-20,동대문구,65094,Subway
2024-10-20,동작구,55182,Subway
2024-10-20,마포구,218936,Subway
2024-10-20,서대문구,59651,Subway
2024-10-20,서초구,122207,Subway
2024-10-20,성동구,83025,Subway
2024-10-20,성북구,28146,Subway
2024-10-20,송파구,104041,Subway
2024-10-20,양천구,19909,Subway
2024-10-20,영등포구,181954,Subway
2024-10-20,은평구,79718,Subway
2024-10-20,종로구,151299,Subway
2024-10-20,중구,153519,Subway
2024-10-20,중랑구,55338,Subway
2024-10-21,강남구,400484,Subway
2024-10-21,강동구,96087,Subway
2024-10-21,강북구,50082,Subway
2024-10-21,강서구,189392,Subway
2024-10-21,관악구,155450,Subway
2024-10-21,광진구,61779,Subway
2024-10-21,구로구,132581,Subway
2024-10-21,금천구,104946,Subway
2024-10-21,노원구,157517,Subway
2024-10-21,도봉구,96952,Subway
2024-10-21,동대문구,109992,Subway
2024-10-21,동작구,95194,Subway
2024-10-21,마포구,259840,Subway
2024-10-21,서대문구,99419,Subway
2024-10-21,서초구,151015,Subway
2024-10-21,성동구,133125,Subway
2024-10-21,성북구,50590,Subway
2024-10-21,송파구,202753,Subway
2024-10-21,양천구,37396,Subway
2024-10-21,영등포구,325495,Subway
2024-10-21,은평구,128545,Subway
2024-10-21,종로구,245670,Subway
2024-10-21,중구,284136,Subway
2024-10-21,중랑구,93707,Subway
2024-10-22,강남구,410375,Subway
2024-10-22,강동구,94659,Subway
2024-10-22,강북구,47717,Subway
2024-10-22,강서구,185382,Subway
2024-10-22,관악구,155048,Subway
2024-10-22,광진구,61080,Subway
2024-10-22,구로구,129794,Subway
2024-10-22,금천구,103823,Subway
2024-10-22,노원구,154528,Subway
2024-10-22,도봉구,92855,Subway
2024-10-22,동대문구,106033,Subway
2024-10-22,동작구,93827,Subway
2024-10-22,마포구,258234,Subway
2024-10-22,서대문구,97890,Subway
2024-10-22,서초구,156966,Subway
2024-10-22,성동구,132501,Subway
2024-10-22,성북구,51246,Subway
2024-10-22,송파구,206153,Subway
2024-10-22,양천구,36717,Subway
2024-10-22,영등포구,329752,Subway
2024-10-22,은평구,124329,Subway
2024-10-22,종로구,243961,Subway
2024-10-22,중구,285470,Subway
2024-10-22,중랑구,91522,Subway
2024-10-23,강남구,411079,Subway
2024-10-23,강동구,96906,Subway
2024-10-23,강북구,50913,Subway
2024-10-23,강서구,194294,Subway
2024-10-23,관악구,162036,Subway
2024-10-23,광진구,65059,Subway
2024-10-23,구로구,134369,Subway
2024-10-23,금천구,105397,Subway
2024-10-23,노원구,163058,Subway
2024-10-23,도봉구,99834,Subway
2024-10-23,동대문구,113294,Subway
2024-10-23,동작구,98203,Subway
2024-10-23,마포구,272709,Subway
2024-10-23,서대문구,101590,Subway
2024-10-23,서초구,156974,Subway
2024-10-23,성동구,139027,Subway
2024-10-23,성북구,53732,Subway
2024-10-23,송파구,209889,Subway
2024-10-23,양천구,37941,Subway
2024-10-23,영등포구,341109,Subway
2024-10-23,은평구,131284,Subway
2024-10-23,종로구,262203,Subway
2024-10-23,중구,295725,Subway
2024-10-23,중랑구,96105,Subway
2024-10-24,강남구,413305,Subway
2024-10-24,강동구,97516,Subway
2024-10-24,강북구,51602,Subway
2024-10-24,강서구,193771,Subway
2024-10-24,관악구,164157,Subway
2024-10-24,광진구,65060,Subway
2024-10-24,구로구,134529,Subway
2024-10-24,금천구,104500,Subway
2024-10-24,노원구,162851,Subway
2024-10-24,도봉구,100674,Subway
2024-10-24,동대문구,115042,Subway
2024-10-24,동작구,98075,Subway
2024-10-24,마포구,279443,Subway
2024-10-24,서대문구,103442,Subway
2024-10-24,서초구,159587,Subway
2024-10-24,성동구,141620,Subway
2024-10-24,성북구,54169,Subway
2024-10-24,송파구,211839,Subway
2024-10-24,양천구,38169,Subway
2024-10-24,영등포구,338630,Subway
2024-10-24,은평구,132410,Subway
2024-10-24,종로구,263256,Subway
2024-10-24,중구,299959,Subway
2024-10-24,중랑구,96111,Subway
2024-10-25,강남구,423439,Subway
2024-10-25,강동구,100704,Subway
2024-10-25,강북구,52447,Subway
2024-10-25,강서구,198586,Subway
2024-10-25,관악구,172702,Subway
2024-10-25,광진구,69666,Subway
2024-10-25,구로구,136716,Subway
2024-10-25,금천구,104033,Subway
2024-10-25,노원구,167294,Subway
2024-10-25,도봉구,103868,Subway
2024-10-25,동대문구,117490,Subway
2024-10-25,동작구,103563,Subway
2024-10-25,마포구,293229,Subway
2024-10-25,서대문구,106713,Subway
2024-10-25,서초구,176941,Subway
2024-10-25,성동구,146913,Subway
2024-10-25,성북구,54595,Subway
2024-10-25,송파구,215753,Subway
2024-10-25,양천구,39176,Subway
2024-10-25,영등포구,349715,Subway
2024-10-25,은평구,135778,Subway
2024-10-25,종로구,276515,Subway
2024-10-25,중구,302994,Subway
2024-10-25,중랑구,99322,Subway
2024-10-26,강남구,253151,Subway
2024-10-26,강동구,71191,Subway
2024-10-26,강북구,43992,Subway
2024-10-26,강서구,141824,Subway
2024-10-26,관악구,143169,Subway
2024-10-26,광진구,64382,Subway
2024-10-26,구로구,96799,Subway
2024-10-26,금천구,45188,Subway
2024-10-26,노원구,128818,Subway
2024-10-26,도봉구,84714,Subway
2024-10-26,동대문구,87766,Subway
2024-10-26,동작구,83563,Subway
2024-10-26,마포구,257912,Subway
2024-10-26,서대문구,92448,Subway
2024-10-26,서초구,152353,Subway
2024-10-26,성동구,110037,Subway
2024-10-26,성북구,38374,Subway
2024-10-26,송파구,148012,Subway
2024-10-26,양천구,27083,Subway
2024-10-26,영등포구,247173,Subway
2024-10-26,은평구,106826,Subway
2024-10-26,종로구,222046,Subway
2024-10-26,중구,207175,Subway
2024-10-26,중랑구,77630,Subway
2024-10-27,강남구,154062,Subway
2024-10-27,강동구,53065,Subway
2024-10-27,강북구,33138,Subway
2024-10-27,강서구,107871,Subway
2024-10-27,관악구,105832,Subway
2024-10-27,광진구,44844,Subway
2024-10-27,구로구,71545,Subway
2024-10-27,금천구,32913,Subway
2024-10-27,노원구,93355,Subway
2024-10-27,도봉구,68453,Subway
2024-10-27,동대문구,67004,Subway
2024-10-27,동작구,56152,Subway
2024-10-27,마포구,198098,Subway
2024-10-27,서대문구,65654,Subway
2024-10-27,서초구,127778,Subway
2024-10-27,성동구,80400,Subway
2024-10-27,성북구,28089,Subway
2024-10-27,송파구,105025,Subway
2024-10-27,양천구,21641,Subway
2024-10-27,영등포구,200391,Subway
2024-10-27,은평구,79819,Subway
2024-10-27,종로구,178674,Subway
2024-10-27,중구,203066,Subway
2024-10-27,중랑구,54884,Subway
2024-10-28,강남구,397167,Subway
2024-10-28,강동구,96181,Subway
2024-10-28,강북구,50346,Subway
2024-10-28,강서구,189997,Subway
2024-10-28,관악구,156206,Subway
2024-10-28,광진구,63647,Subway
2024-10-28,구로구,132615,Subway
2024-10-28,금천구,104352,Subway
2024-10-28,노원구,157784,Subway
2024-10-28,도봉구,97558,Subway
2024-10-28,동대문구,111087,Subway
2024-10-28,동작구,96516,Subway
2024-10-28,마포구,262081,Subway
2024-10-28,서대문구,101416,Subway
2024-10-28,서초구,154626,Subway
2024-10-28,성동구,134274,Subway
2024-10-28,성북구,52482,Subway
2024-10-28,송파구,205003,Subway
2024-10-28,양천구,37169,Subway
2024-10-28,영등포구,331195,Subway
2024-10-28,은평구,129498,Subway
2024-10-28,종로구,248134,Subway
2024-10-28,중구,286563,Subway
2024-10-28,중랑구,94422,Subway
2024-10-29,강남구,410547,Subway
2024-10-29,강동구,97343,Subway
2024-10-29,강북구,51699,Subway
2024-10-29,강서구,192549,Subway
2024-10-29,관악구,160450,Subway
2024-10-29,광진구,64961,Subway
2024-10-29,구로구,134222,Subway
2024-10-29,금천구,105720,Subway
2024-10-29,노원구,160323,Subway
2024-10-29,도봉구,100095,Subway
2024-10-29,동대문구,113370,Subway
2024-10-29,동작구,98011,Subway
2024-10-29,마포구,271230,Subway
2024-10-29,서대문구,104917,Subway
2024-10-29,서초구,156156,Subway
2024-10-29,성동구,138494,Subway
2024-10-29,성북구,53882,Subway
2024-10-29,송파구,213106,Subway
2024-10-29,양천구,38543,Subway
2024-10-29,영등포구,338745,Subway
2024-10-29,은평구,131358,Subway
2024-10-29,종로구,256151,Subway
2024-10-29,중구,298263,Subway
2024-10-29,중랑구,95781,Subway
2024-10-30,강남구,408253,Subway
2024-10-30,강동구,99553,Subway
2024-10-30,강북구,52328,Subway
2024-10-30,강서구,193815,Subway
2024-10-30,관악구,163589,Subway
2024-10-30,광진구,67641,Subway
2024-10-30,구로구,136064,Subway
2024-10-30,금천구,104872,Subway
2024-10-30,노원구,164297,Subway
2024-10-30,도봉구,102790,Subway
2024-10-30,동대문구,115308,Subway
2024-10-30,동작구,99174,Subway
2024-10-30,마포구,276508,Subway
2024-10-30,서대문구,105963,Subway
2024-10-30,서초구,156724,Subway
2024-10-30,성동구,140350,Subway
2024-10-30,성북구,54082,Subway
2024-10-30,송파구,211130,Subway
2024-10-30,양천구,38513,Subway
2024-10-30,영등포구,341797,Subway
2024-10-30,은평구,133859,Subway
2024-10-30,종로구,267277,Subway
2024-10-30,중구,303089,Subway
2024-10-30,중랑구,97000,Subway
2024-10-31,강남구,412497,Subway
2024-10-31,강동구,98362,Subway
2024-10-31,강북구,52313,Subway
2024-10-31,강서구,194089,Subway
2024-10-31,관악구,165371,Subway
2024-10-31,광진구,68815,Subway
2024-10-31,구로구,136023,Subway
2024-10-31,금천구,104550,Subway
2024-10-31,노원구,162814,Subway
2024-10-31,도봉구,101937,Subway
2024-10-31,동대문구,117087,Subway
2024-10-31,동작구,99804,Subway
2024-10-31,마포구,286572,Subway
2024-10-31,서대문구,107612,Subway
2024-10-31,서초구,161828,Subway
2024-10-31,성동구,141803,Subway
2024-10-31,성북구,54884,Subway
2024-10-31,송파구,213553,Subway
2024-10-31,양천구,38281,Subway
2024-10-31,영등포구,342326,Subway
2024-10-31,은평구,134115,Subway
2024-10-31,종로구,265698,Subway
2024-10-31,중구,297046,Subway
2024-10-31,중랑구,97508,Subway
2024-11-01,강남구,415006,Subway
2024-11-01,강동구,99582,Subway
2024-11-01,강북구,53011,Subway
2024-11-01,강서구,197499,Subway
2024-11-01,관악구,169697,Subway
2024-11-01,광진구,70676,Subway
2024-11-01,구로구,137148,Subway
2024-11-01,금천구,102467,Subway
2024-11-01,노원구,164347,Subway
2024-11-01,도봉구,102414,Subway
2024-11-01,동대문구,116445,Subway
2024-11-01,동작구,102744,Subway
2024-11-01,마포구,299961,Subway
2024-11-01,서대문구,107615,Subway
2024-11-01,서초구,171078,Subway
2024-11-01,성동구,144576,Subway
2024-11-01,성북구,54363,Subway
2024-11-01,송파구,213610,Subway
2024-11-01,양천구,38517,Subway
2024-11-01,영등포구,354296,Subway
2024-11-01,은평구,134580,Subway
2024-11-01,종로구,267713,Subway
2024-11-01,중구,299368,Subway
2024-11-01,중랑구,99210,Subway
2024-11-02,강남구,253340,Subway
2024-11-02,강동구,71284,Subway
2024-11-02,강북구,44785,Subway
2024-11-02,강서구,142438,Subway
2024-11-02,관악구,141618,Subway
2024-11-02,광진구,67075,Subway
2024-11-02,구로구,97390,Subway
2024-11-02,금천구,45157,Subway
2024-11-02,노원구,128362,Subway
2024-11-02,도봉구,87210,Subway
2024-11-02,동대문구,89359,Subway
2024-11-02,동작구,84457,Subway
2024-11-02,마포구,270030,Subway
2024-11-02,서대문구,88895,Subway
2024-11-02,서초구,148787,Subway
2024-11-02,성동구,113476,Subway
2024-11-02,성북구,38745,Subway
2024-11-02,송파구,148016,Subway
2024-11-02,양천구,27417,Subway
2024-11-02,영등포구,247150,Subway
2024-11-02,은평구,107369,Subway
2024-11-02,종로구,227712,Subway
2024-11-02,중구,228543,Subway
2024-11-02,중랑구,77408,Subway
2024-11-03,강남구,155546,Subway
2024-11-03,강동구,53030,Subway
2024-11-03,강북구,35105,Subway
2024-11-03,강서구,107617,Subway
2024-11-03,관악구,103678,Subway
2024-11-03,광진구,48349,Subway
2024-11-03,구로구,70796,Subway
2024-11-03,금천구,32259,Subway
2024-11-03,노원구,93689,Subway
2024-11-03,도봉구,68910,Subway
2024-11-03,동대문구,71614,Subway
2024-11-03,동작구,58814,Subway
2024-11-03,마포구,203695,Subway
2024-11-03,서대문구,63553,Subway
2024-11-03,서초구,125373,Subway
2024-11-03,성동구,85958,Subway
2024-11-03,성북구,29776,Subway
2024-11-03,송파구,122597,Subway
2024-11-03,양천구,19927,Subway
2024-11-03,영등포구,199925,Subway
2024-11-03,은평구,78606,Subway
2024-11-03,종로구,162449,Subway
2024-11-03,중구,170918,Subway
2024-11-03,중랑구,56751,Subway
2024-11-04,강남구,400031,Subway
2024-11-04,강동구,96036,Subway
2024-11-04,강북구,49385,Subway
2024-11-04,강서구,189130,Subway
2024-11-04,관악구,155569,Subway
2024-11-04,광진구,63769,Subway
2024-11-04,구로구,133170,Subway
2024-11-04,금천구,104467,Subway
2024-11-04,노원구,156008,Subway
2024-11-04,도봉구,97073,Subway
2024-11-04,동대문구,110342,Subway
2024-11-04,동작구,95959,Subway
2024-11-04,마포구,264868,Subway
2024-11-04,서대문구,102201,Subway
2024-11-04,서초구,155479,Subway
2024-11-04,성동구,136469,Subway
2024-11-04,성북구,53268,Subway
2024-11-04,송파구,205311,Subway
2024-11-04,양천구,37390,Subway
2024-11-04,영등포구,331157,Subway
2024-11-04,은평구,128699,Subway
2024-11-04,종로구,247093,Subway
2024-11-04,중구,286951,Subway
2024-11-04,중랑구,93839,Subway
2024-11-05,강남구,414824,Subway
2024-11-05,강동구,97687,Subway
2024-11-05,강북구,51313,Subway
2024-11-05,강서구,193919,Subway
2024-11-05,관악구,161342,Subway
2024-11-05,광진구,65604,Subway
2024-11-05,구로구,135051,Subway
2024-11-05,금천구,105970,Subway
2024-11-05,노원구,160941,Subway
2024-11-05,도봉구,99920,Subway
2024-11-05,동대문구,113255,Subway
2024-11-05,동작구,98157,Subway
2024-11-05,마포구,271132,Subway
2024-11-05,서대문구,105719,Subway
2024-11-05,서초구,156590,Subway
2024-11-05,성동구,139035,Subway
2024-11-05,성북구,53214,Subway
2024-11-05,송파구,211545,Subway
2024-11-05,양천구,38134,Subway
2024-11-05,영등포구,341472,Subway
2024-11-05,은평구,130854,Subway
2024-11-05,종로구,258221,Subway
2024-11-05,중구,294585,Subway
2024-11-05,중랑구,96412,Subway
2024-11-06,강남구,410517,Subway
2024-11-06,강동구,98404,Subway
2024-11-06,강북구,51443,Subway
2024-11-06,강서구,194276,Subway
2024-11-06,관악구,162860,Subway
2024-11-06,광진구,65712,Subway
2024-11-06,구로구,135895,Subway
2024-11-06,금천구,105102,Subway
2024-11-06,노원구,162210,Subway
2024-11-06,도봉구,99401,Subway
2024-11-06,동대문구,113759,Subway
2024-11-06,동작구,98825,Subway
2024-11-06,마포구,270525,Subway
2024-11-06,서대문구,105003,Subway
2024-11-06,서초구,159345,Subway
2024-11-06,성동구,137910,Subway
2024-11-06,성북구,53910,Subway
2024-11-06,송파구,212962,Subway
2024-11-06,양천구,37846,Subway
2024-11-06,영등포구,344693,Subway
2024-11-06,은평구,131854,Subway
2024-11-06,종로구,262962,Subway
2024-11-06,중구,296670,Subway
2024-11-06,중랑구,96000,Subway
2024-11-07,강남구,413679,Subway
2024-11-07,강동구,96904,Subway
2024-11-07,강북구,51387,Subway
2024-11-07,강서구,193978,Subway
2024-11-07,관악구,163873,Subway
2024-11-07,광진구,66557,Subway
2024-11-07,구로구,133965,Subway
2024-11-07,금천구,104852,Subway
2024-11-07,노원구,161039,Subway
2024-11-07,도봉구,99379,Subway
2024-11-07,동대문구,113759,Subway
2024-11-07,동작구,99131,Subway
2024-11-07,마포구,273800,Subway
2024-11-07,서대문구,104740,Subway
2024-11-07,서초구,160918,Subway
2024-11-07,성동구,138590,Subway
2024-11-07,성북구,53518,Subway
2024-11-07,송파구,211963,Subway
2024-11-07,양천구,38008,Subway
2024-11-07,영등포구,342423,Subway
2024-11-07,은평구,130627,Subway
2024-11-07,종로구,257538,Subway
2024-11-07,중구,291997,Subway
2024-11-07,중랑구,95662,Subway
2024-11-08,강남구,421693,Subway
2024-11-08,강동구,99117,Subway
2024-11-08,강북구,52406,Subway
2024-11-08,강서구,199208,Subway
2024-11-08,관악구,171474,Subway
2024-11-08,광진구,69204,Subway
2024-11-08,구로구,137159,Subway
2024-11-08,금천구,103063,Subway
2024-11-08,노원구,164180,Subway
2024-11-08,도봉구,102283,Subway
2024-11-08,동대문구,115810,Subway
2024-11-08,동작구,103987,Subway
2024-11-08,마포구,289941,Subway
2024-11-08,서대문구,107429,Subway
2024-11-08,서초구,177005,Subway
2024-11-08,성동구,143060,Subway
2024-11-08,성북구,54111,Subway
2024-11-08,송파구,213883,Subway
2024-11-08,양천구,38654,Subway
2024-11-08,영등포구,353762,Subway
2024-11-08,은평구,133825,Subway
2024-11-08,종로구,269261,Subway
2024-11-08,중구,300457,Subway
2024-11-08,중랑구,98633,Subway
2024-11-09,강남구,254853,Subway
2024-11-09,강동구,70041,Subway
2024-11-09,강북구,43780,Subway
2024-11-09,강서구,142825,Subway
2024-11-09,관악구,142681,Subway
2024-11-09,광진구,61149,Subway
2024-11-09,구로구,96324,Subway
2024-11-09,금천구,45035,Subway
2024-11-09,노원구,127116,Subway
2024-11-09,도봉구,84731,Subway
2024-11-09,동대문구,89431,Subway
2024-11-09,동작구,83301,Subway
2024-11-09,마포구,256829,Subway
2024-11-09,서대문구,92375,Subway
2024-11-09,서초구,150909,Subway
2024-11-09,성동구,106459,Subway
2024-11-09,성북구,38911,Subway
2024-11-09,송파구,147292,Subway
2024-11-09,양천구,27429,Subway
2024-11-09,영등포구,250962,Subway
2024-11-09,은평구,106367,Subway
2024-11-09,종로구,240188,Subway
2024-11-09,중구,256750,Subway
2024-11-09,중랑구,75616,Subway
2024-11-10,강남구,150201,Subway
2024-11-10,강동구,50240,Subway
2024-11-10,강북구,33118,Subway
2024-11-10,강서구,106618,Subway
2024-11-10,관악구,101552,Subway
2024-11-10,광진구,44396,Subway
2024-11-10,구로구,70819,Subway
2024-11-10,금천구,32895,Subway
2024-11-10,노원구,92511,Subway
2024-11-10,도봉구,65857,Subway
2024-11-10,동대문구,66715,Subway
2024-11-10,동작구,55324,Subway
2024-11-10,마포구,194050,Subway
2024-11-10,서대문구,61745,Subway
2024-11-10,서초구,127202,Subway
2024-11-10,성동구,78297,Subway
2024-11-10,성북구,28452,Subway
2024-11-10,송파구,103599,Subway
2024-11-10,양천구,18927,Subway
2024-11-10,영등포구,181119,Subway
2024-11-10,은평구,77088,Subway
2024-11-10,종로구,157222,Subway
2024-11-10,중구,159348,Subway
2024-11-10,중랑구,54482,Subway
2024-11-11,강남구,398285,Subway
2024-11-11,강동구,95474,Subway
2024-11-11,강북구,50157,Subway
2024-11-11,강서구,190739,Subway
2024-11-11,관악구,156019,Subway
2024-11-11,광진구,64159,Subway
2024-11-11,구로구,132989,Subway
2024-11-11,금천구,103400,Subway
2024-11-11,노원구,158437,Subway
2024-11-11,도봉구,98584,Subway
2024-11-11,동대문구,110642,Subway
2024-11-11,동작구,97106,Subway
2024-11-11,마포구,261402,Subway
2024-11-11,서대문구,101870,Subway
2024-11-11,서초구,155946,Subway
2024-11-11,성동구,133075,Subway
2024-11-11,성북구,51713,Subway
2024-11-11,송파구,206259,Subway
2024-11-11,양천구,36957,Subway
2024-11-11,영등포구,328818,Subway
2024-11-11,은평구,128637,Subway
2024-11-11,종로구,246162,Subway
2024-11-11,중구,279005,Subway
2024-11-11,중랑구,94238,Subway
2024-11-12,강남구,411010,Subway
2024-11-12,강동구,98034,Subway
2024-11-12,강북구,51340,Subway
2024-11-12,강서구,193659,Subway
2024-11-12,관악구,162307,Subway
2024-11-12,광진구,65018,Subway
2024-11-12,구로구,134486,Subway
2024-11-12,금천구,105161,Subway
2024-11-12,노원구,160341,Subway
2024-11-12,도봉구,100367,Subway
2024-11-12,동대문구,112928,Subway
2024-11-12,동작구,98644,Subway
2024-11-12,마포구,266088,Subway
2024-11-12,서대문구,104899,Subway
2024-11-12,서초구,156660,Subway
2024-11-12,성동구,137207,Subway
2024-11-12,성북구,53298,Subway
2024-11-12,송파구,211572,Subway
2024-11-12,양천구,37849,Subway
2024-11-12,영등포구,340415,Subway
2024-11-12,은평구,131375,Subway
2024-11-12,종로구,254579,Subway
2024-11-12,중구,291086,Subway
2024-11-12,중랑구,95688,Subway
2024-11-13,강남구,409663,Subway
2024-11-13,강동구,99069,Subway
2024-11-13,강북구,52337,Subway
2024-11-13,강서구,197087,Subway
2024-11-13,관악구,164434,Subway
2024-11-13,광진구,66669,Subway
2024-11-13,구로구,135420,Subway
2024-11-13,금천구,105404,Subway
2024-11-13,노원구,164212,Subway
2024-11-13,도봉구,102039,Subway
2024-11-13,동대문구,113523,Subway
2024-11-13,동작구,100464,Subway
2024-11-13,마포구,271587,Subway
2024-11-13,서대문구,104423,Subway
2024-11-13,서초구,157495,Subway
2024-11-13,성동구,139472,Subway
2024-11-13,성북구,54493,Subway
2024-11-13,송파구,212488,Subway
2024-11-13,양천구,38260,Subway
2024-11-13,영등포구,346388,Subway
2024-11-13,은평구,133335,Subway
2024-11-13,종로구,262848,Subway
2024-11-13,중구,291066,Subway
2024-11-13,중랑구,96325,Subway
2024-11-14,강남구,407635,Subway
2024-11-14,강동구,95860,Subway
2024-11-14,강북구,49894,Subway
2024-11-14,강서구,191601,Subway
2024-11-14,관악구,162386,Subway
2024-11-14,광진구,66567,Subway
2024-11-14,구로구,132141,Subway
2024-11-14,금천구,103025,Subway
2024-11-14,노원구,157410,Subway
2024-11-14,도봉구,97807,Subway
2024-11-14,동대문구,111671,Subway
2024-11-14,동작구,97196,Subway
2024-11-14,마포구,271565,Subway
2024-11-14,서대문구,103651,Subway
2024-11-14,서초구,160887,Subway
2024-11-14,성동구,137776,Subway
2024-11-14,성북구,52842,Subway
2024-11-14,송파구,205482,Subway
2024-11-14,양천구,37105,Subway
2024-11-14,영등포구,338845,Subway
2024-11-14,은평구,127990,Subway
2024-11-14,종로구,251467,Subway
2024-11-14,중구,285234,Subway
2024-11-14,중랑구,94281,Subway
2024-11-15,강남구,417331,Subway
2024-11-15,강동구,98256,Subway
2024-11-15,강북구,50899,Subway
2024-11-15,강서구,197150,Subway
2024-11-15,관악구,171056,Subway
2024-11-15,광진구,69773,Subway
2024-11-15,구로구,134775,Subway
2024-11-15,금천구,101922,Subway
2024-11-15,노원구,165346,Subway
2024-11-15,도봉구,101439,Subway
2024-11-15,동대문구,114383,Subway
2024-11-15,동작구,103727,Subway
2024-11-15,마포구,291462,Subway
2024-11-15,서대문구,105161,Subway
2024-11-15,서초구,177274,Subway
2024-11-15,성동구,144798,Subway
2024-11-15,성북구,53155,Subway
2024-11-15,송파구,211143,Subway
2024-11-15,양천구,37878,Subway
2024-11-15,영등포구,347505,Subway
2024-11-15,은평구,132814,Subway
2024-11-15,종로구,265067,Subway
2024-11-15,중구,295997,Subway
2024-11-15,중랑구,97781,Subway
2024-11-16,강남구,257164,Subway
2024-11-16,강동구,68312,Subway
2024-11-16,강북구,41256,Subway
2024-11-16,강서구,139010,Subway
2024-11-16,관악구,139548,Subway
2024-11-16,광진구,69760,Subway
2024-11-16,구로구,92157,Subway
2024-11-16,금천구,43521,Subway
2024-11-16,노원구,125991,Subway
2024-11-16,도봉구,79571,Subway
2024-11-16,동대문구,88001,Subway
2024-11-16,동작구,80846,Subway
2024-11-16,마포구,249827,Subway
2024-11-16,서대문구,89326,Subway
2024-11-16,서초구,153188,Subway
2024-11-16,성동구,104850,Subway
2024-11-16,성북구,38514,Subway
2024-11-16,송파구,145600,Subway
2024-11-16,양천구,26985,Subway
2024-11-16,영등포구,246624,Subway
2024-11-16,은평구,100189,Subway
2024-11-16,종로구,233716,Subway
2024-11-16,중구,213994,Subway
2024-11-16,중랑구,72665,Subway
2024-11-17,강남구,160515,Subway
2024-11-17,강동구,49611,Subway
2024-11-17,강북구,31669,Subway
2024-11-17,강서구,106436,Subway
2024-11-17,관악구,102791,Subway
2024-11-17,광진구,44942,Subway
2024-11-17,구로구,67877,Subway
2024-11-17,금천구,31384,Subway
2024-11-17,노원구,93849,Subway
2024-11-17,도봉구,62279,Subway
2024-11-17,동대문구,69017,Subway
2024-11-17,동작구,55082,Subway
2024-11-17,마포구,195279,Subway
2024-11-17,서대문구,64114,Subway
2024-11-17,서초구,127967,Subway
2024-11-17,성동구,77844,Subway
2024-11-17,성북구,27979,Subway
2024-11-17,송파구,116678,Subway
2024-11-17,양천구,19635,Subway
2024-11-17,영등포구,182864,Subway
2024-11-17,은평구,75262,Subway
2024-11-17,종로구,158847,Subway
2024-11-17,중구,163939,Subway
2024-11-17,중랑구,53476,Subway
2024-11-18,강남구,395629,Subway
2024-11-18,강동구,94746,Subway
2024-11-18,강북구,48564,Subway
2024-11-18,강서구,187592,Subway
2024-11-18,관악구,155657,Subway
2024-11-18,광진구,63956,Subway
2024-11-18,구로구,128358,Subway
2024-11-18,금천구,101956,Subway
2024-11-18,노원구,155950,Subway
2024-11-18,도봉구,93381,Subway
2024-11-18,동대문구,106327,Subway
2024-11-18,동작구,94136,Subway
2024-11-18,마포구,261088,Subway
2024-11-18,서대문구,98418,Subway
2024-11-18,서초구,148230,Subway
2024-11-18,성동구,131944,Subway
2024-11-18,성북구,50860,Subway
2024-11-18,송파구,201713,Subway
2024-11-18,양천구,36379,Subway
2024-11-18,영등포구,327273,Subway
2024-11-18,은평구,125115,Subway
2024-11-18,종로구,236021,Subway
2024-11-18,중구,278588,Subway
2024-11-18,중랑구,92182,Subway
2024-11-19,강남구,409828,Subway
2024-11-19,강동구,96557,Subway
2024-11-19,강북구,50014,Subway
2024-11-19,강서구,191080,Subway
2024-11-19,관악구,160726,Subway
2024-11-19,광진구,65142,Subway
2024-11-19,구로구,130952,Subway
2024-11-19,금천구,102667,Subway
2024-11-19,노원구,158820,Subway
2024-11-19,도봉구,97159,Subway
2024-11-19,동대문구,109398,Subway
2024-11-19,동작구,97819,Subway
2024-11-19,마포구,266507,Subway
2024-11-19,서대문구,102661,Subway
2024-11-19,서초구,157728,Subway
2024-11-19,성동구,135447,Subway
2024-11-19,성북구,52615,Subway
2024-11-19,송파구,209943,Subway
2024-11-19,양천구,37436,Subway
2024-11-19,영등포구,338487,Subway
2024-11-19,은평구,127916,Subway
2024-11-19,종로구,245159,Subway
2024-11-19,중구,285474,Subway
2024-11-19,중랑구,94468,Subway
2024-11-20,강남구,413258,Subway
2024-11-20,강동구,98455,Subway
2024-11-20,강북구,50948,Subway
2024-11-20,강서구,192994,Subway
2024-11-20,관악구,164257,Subway
2024-11-20,광진구,66081,Subway
2024-11-20,구로구,131675,Subway
2024-11-20,금천구,102231,Subway
2024-11-20,노원구,161350,Subway
2024-11-20,도봉구,97718,Subway
2024-11-20,동대문구,112360,Subway
2024-11-20,동작구,98298,Subway
2024-11-20,마포구,269240,Subway
2024-11-20,서대문구,103137,Subway
2024-11-20,서초구,159239,Subway
2024-11-20,성동구,136270,Subway
2024-11-20,성북구,54411,Subway
2024-11-20,송파구,210692,Subway
2024-11-20,양천구,37514,Subway
2024-11-20,영등포구,343594,Subway
2024-11-20,은평구,129248,Subway
2024-11-20,종로구,253211,Subway
2024-11-20,중구,295728,Subway
2024-11-20,중랑구,95199,Subway
2024-11-21,강남구,415995,Subway
2024-11-21,강동구,96701,Subway
2024-11-21,강북구,50757,Subway
2024-11-21,강서구,192845,Subway
2024-11-21,관악구,165449,Subway
2024-11-21,광진구,66203,Subway
2024-11-21,구로구,129986,Subway
2024-11-21,금천구,101943,Subway
2024-11-21,노원구,159196,Subway
2024-11-21,도봉구,97405,Subway
2024-11-21,동대문구,112324,Subway
2024-11-21,동작구,98918,Subway
2024-11-21,마포구,275244,Subway
2024-11-21,서대문구,103821,Subway
2024-11-21,서초구,161571,Subway
2024-11-21,성동구,138852,Subway
2024-11-21,성북구,53659,Subway
2024-11-21,송파구,211215,Subway
2024-11-21,양천구,37872,Subway
2024-11-21,영등포구,343119,Subway
2024-11-21,은평구,129204,Subway
2024-11-21,종로구,252283,Subway
2024-11-21,중구,290607,Subway
2024-11-21,중랑구,94275,Subway
2024-11-22,강남구,426320,Subway
2024-11-22,강동구,99048,Subway
2024-11-22,강북구,51156,Subway
2024-11-22,강서구,199031,Subway
2024-11-22,관악구,173949,Subway
2024-11-22,광진구,69839,Subway
2024-11-22,구로구,132537,Subway
2024-11-22,금천구,101091,Subway
2024-11-22,노원구,164106,Subway
2024-11-22,도봉구,99996,Subway
2024-11-22,동대문구,113667,Subway
2024-11-22,동작구,103255,Subway
2024-11-22,마포구,293104,Subway
2024-11-22,서대문구,105598,Subway
2024-11-22,서초구,175050,Subway
2024-11-22,성동구,148501,Subway
2024-11-22,성북구,53567,Subway
2024-11-22,송파구,214764,Subway
2024-11-22,양천구,38564,Subway
2024-11-22,영등포구,353995,Subway
2024-11-22,은평구,131526,Subway
2024-11-22,종로구,262396,Subway
2024-11-22,중구,297903,Subway
2024-11-22,중랑구,97695,Subway
2024-11-23,강남구,261026,Subway
2024-11-23,강동구,68410,Subway
2024-11-23,강북구,40900,Subway
2024-11-23,강서구,139863,Subway
2024-11-23,관악구,142503,Subway
2024-11-23,광진구,61774,Subway
2024-11-23,구로구,93318,Subway
2024-11-23,금천구,43842,Subway
2024-11-23,노원구,124834,Subway
2024-11-23,도봉구,79752,Subway
2024-11-23,동대문구,89186,Subway
2024-11-23,동작구,83470,Subway
2024-11-23,마포구,253167,Subway
2024-11-23,서대문구,88495,Subway
2024-11-23,서초구,150428,Subway
2024-11-23,성동구,120897,Subway
2024-11-23,성북구,39237,Subway
2024-11-23,송파구,143316,Subway
2024-11-23,양천구,26924,Subway
2024-11-23,영등포구,246246,Subway
2024-11-23,은평구,100003,Subway
2024-11-23,종로구,219986,Subway
2024-11-23,중구,214110,Subway
2024-11-23,중랑구,72943,Subway
2024-11-24,강남구,158775,Subway
2024-11-24,강동구,50012,Subway
2024-11-24,강북구,33159,Subway
2024-11-24,강서구,106853,Subway
2024-11-24,관악구,100580,Subway
2024-11-24,광진구,45941,Subway
2024-11-24,구로구,68322,Subway
2024-11-24,금천구,32117,Subway
2024-11-24,노원구,91715,Subway
2024-11-24,도봉구,62989,Subway
2024-11-24,동대문구,66339,Subway
2024-11-24,동작구,57815,Subway
2024-11-24,마포구,187501,Subway
2024-11-24,서대문구,64862,Subway
2024-11-24,서초구,123667,Subway
2024-11-24,성동구,97771,Subway
2024-11-24,성북구,29596,Subway
2024-11-24,송파구,103971,Subway
2024-11-24,양천구,19404,Subway
2024-11-24,영등포구,179008,Subway
2024-11-24,은평구,73888,Subway
2024-11-24,종로구,153777,Subway
2024-11-24,중구,156844,Subway
2024-11-24,중랑구,52842,Subway
2024-11-25,강남구,399303,Subway
2024-11-25,강동구,97618,Subway
2024-11-25,강북구,49677,Subway
2024-11-25,강서구,192493,Subway
2024-11-25,관악구,158386,Subway
2024-11-25,광진구,64030,Subway
2024-11-25,구로구,131085,Subway
2024-11-25,금천구,103027,Subway
2024-11-25,노원구,159402,Subway
2024-11-25,도봉구,96865,Subway
2024-11-25,동대문구,109839,Subway
2024-11-25,동작구,96791,Subway
2024-11-25,마포구,263144,Subway
2024-11-25,서대문구,100133,Subway
2024-11-25,서초구,157988,Subway
2024-11-25,성동구,134189,Subway
2024-11-25,성북구,51861,Subway
2024-11-25,송파구,205521,Subway
2024-11-25,양천구,37007,Subway
2024-11-25,영등포구,332674,Subway
2024-11-25,은평구,128853,Subway
2024-11-25,종로구,242044,Subway
2024-11-25,중구,280370,Subway
2024-11-25,중랑구,94373,Subway
2024-11-26,강남구,414263,Subway
2024-11-26,강동구,96984,Subway
2024-11-26,강북구,48877,Subway
2024-11-26,강서구,192976,Subway
2024-11-26,관악구,159883,Subway
2024-11-26,광진구,64403,Subway
2024-11-26,구로구,129871,Subway
2024-11-26,금천구,103504,Subway
2024-11-26,노원구,158043,Subway
2024-11-26,도봉구,94408,Subway
2024-11-26,동대문구,108172,Subway
2024-11-26,동작구,97244,Subway
2024-11-26,마포구,266119,Subway
2024-11-26,서대문구,100952,Subway
2024-11-26,서초구,157784,Subway
2024-11-26,성동구,135756,Subway
2024-11-26,성북구,51775,Subway
2024-11-26,송파구,211029,Subway
2024-11-26,양천구,37773,Subway
2024-11-26,영등포구,340965,Subway
2024-11-26,은평구,126734,Subway
2024-11-26,종로구,247757,Subway
2024-11-26,중구,289063,Subway
2024-11-26,중랑구,93485,Subway
2024-11-27,강남구,427806,Subway
2024-11-27,강동구,103797,Subway
2024-11-27,강북구,52173,Subway
2024-11-27,강서구,204997,Subway
2024-11-27,관악구,165378,Subway
2024-11-27,광진구,69081,Subway
2024-11-27,구로구,135824,Subway
2024-11-27,금천구,111790,Subway
2024-11-27,노원구,166534,Subway
2024-11-27,도봉구,98265,Subway
2024-11-27,동대문구,112151,Subway
2024-11-27,동작구,101705,Subway
2024-11-27,마포구,281860,Subway
2024-11-27,서대문구,105780,Subway
2024-11-27,서초구,165305,Subway
2024-11-27,성동구,142384,Subway
2024-11-27,성북구,56393,Subway
2024-11-27,송파구,224585,Subway
2024-11-27,양천구,39258,Subway
2024-11-27,영등포구,364264,Subway
2024-11-27,은평구,132228,Subway
2024-11-27,종로구,262253,Subway
2024-11-27,중구,301866,Subway
2024-11-27,중랑구,96827,Subway
2024-11-28,강남구,401125,Subway
2024-11-28,강동구,101598,Subway
2024-11-28,강북구,50465,Subway
2024-11-28,강서구,200818,Subway
2024-11-28,관악구,157481,Subway
2024-11-28,광진구,66351,Subway
2024-11-28,구로구,134606,Subway
2024-11-28,금천구,105844,Subway
2024-11-28,노원구,161302,Subway
2024-11-28,도봉구,96797,Subway
2024-11-28,동대문구,110886,Subway
2024-11-28,동작구,99066,Subway
2024-11-28,마포구,276913,Subway
2024-11-28,서대문구,102991,Subway
2024-11-28,서초구,160229,Subway
2024-11-28,성동구,139051,Subway
2024-11-28,성북구,53707,Subway
2024-11-28,송파구,222166,Subway
2024-11-28,양천구,39079,Subway
2024-11-28,영등포구,350467,Subway
2024-11-28,은평구,129620,Subway
2024-11-28,종로구,247321,Subway
2024-11-28,중구,290743,Subway
2024-11-28,중랑구,94606,Subway
2024-11-29,강남구,426504,Subway
2024-11-29,강동구,100991,Subway
2024-11-29,강북구,50197,Subway
2024-11-29,강서구,202609,Subway
2024-11-29,관악구,173169,Subway
2024-11-29,광진구,70773,Subway
2024-11-29,구로구,137125,Subway
2024-11-29,금천구,103630,Subway
2024-11-29,노원구,163205,Subway
2024-11-29,도봉구,99155,Subway
2024-11-29,동대문구,113919,Subway
2024-11-29,동작구,105179,Subway
2024-11-29,마포구,296240,Subway
2024-11-29,서대문구,106145,Subway
2024-11-29,서초구,175833,Subway
2024-11-29,성동구,146785,Subway
2024-11-29,성북구,53525,Subway
2024-11-29,송파구,221560,Subway
2024-11-29,양천구,38637,Subway
2024-11-29,영등포구,362789,Subway
2024-11-29,은평구,132055,Subway
2024-11-29,종로구,259502,Subway
2024-11-29,중구,300626,Subway
2024-11-29,중랑구,97147,Subway
2024-11-30,강남구,257867,Subway
2024-11-30,강동구,68449,Subway
2024-11-30,강북구,39299,Subway
2024-11-30,강서구,141411,Subway
2024-11-30,관악구,140273,Subway
2024-11-30,광진구,61453,Subway
2024-11-30,구로구,95035,Subway
2024-11-30,금천구,43371,Subway
2024-11-30,노원구,120002,Subway
2024-11-30,도봉구,76178,Subway
2024-11-30,동대문구,86317,Subway
2024-11-30,동작구,81673,Subway
2024-11-30,마포구,254011,Subway
2024-11-30,서대문구,83476,Subway
2024-11-30,서초구,149707,Subway
2024-11-30,성동구,112352,Subway
2024-11-30,성북구,37175,Subway
2024-11-30,송파구,141949,Subway
2024-11-30,양천구,25888,Subway
2024-11-30,영등포구,247188,Subway
2024-11-30,은평구,98714,Subway
2024-11-30,종로구,206181,Subway
2024-11-30,중구,201982,Subway
2024-11-30,중랑구,71897,Subway
2024-12-01,강남구,154423,Subway
2024-12-01,강동구,49686,Subway
2024-12-01,강북구,31456,Subway
2024-12-01,강서구,108782,Subway
2024-12-01,관악구,100646,Subway
2024-12-01,광진구,45856,Subway
2024-12-01,구로구,69613,Subway
2024-12-01,금천구,31413,Subway
2024-12-01,노원구,90391,Subway
2024-12-01,도봉구,60743,Subway
2024-12-01,동대문구,66321,Subway
2024-12-01,동작구,56497,Subway
2024-12-01,마포구,188599,Subway
2024-12-01,서대문구,63357,Subway
2024-12-01,서초구,123390,Subway
2024-12-01,성동구,83997,Subway
2024-12-01,성북구,27708,Subway
2024-12-01,송파구,101176,Subway
2024-12-01,양천구,19112,Subway
2024-12-01,영등포구,185281,Subway
2024-12-01,은평구,73026,Subway
2024-12-01,종로구,136216,Subway
2024-12-01,중구,144695,Subway
2024-12-01,중랑구,52894,Subway
2024-12-02,강남구,402367,Subway
2024-12-02,강동구,97531,Subway
2024-12-02,강북구,49058,Subway
2024-12-02,강서구,192321,Subway
2024-12-02,관악구,157182,Subway
2024-12-02,광진구,63447,Subway
2024-12-02,구로구,131482,Subway
2024-12-02,금천구,104254,Subway
2024-12-02,노원구,158297,Subway
2024-12-02,도봉구,96027,Subway
2024-12-02,동대문구,110250,Subway
2024-12-02,동작구,96209,Subway
2024-12-02,마포구,264474,Subway
2024-12-02,서대문구,100004,Subway
2024-12-02,서초구,154237,Subway
2024-12-02,성동구,133400,Subway
2024-12-02,성북구,51883,Subway
2024-12-02,송파구,206904,Subway
2024-12-02,양천구,37192,Subway
2024-12-02,영등포구,333733,Subway
2024-12-02,은평구,128114,Subway
2024-12-02,종로구,239766,Subway
2024-12-02,중구,281233,Subway
2024-12-02,중랑구,93441,Subway
2024-12-03,강남구,416287,Subway
2024-12-03,강동구,98701,Subway
2024-12-03,강북구,49730,Subway
2024-12-03,강서구,193918,Subway
2024-12-03,관악구,162100,Subway
2024-12-03,광진구,64417,Subway
2024-12-03,구로구,132239,Subway
2024-12-03,금천구,105379,Subway
2024-12-03,노원구,159883,Subway
2024-12-03,도봉구,97032,Subway
2024-12-03,동대문구,110345,Subway
2024-12-03,동작구,99013,Subway
2024-12-03,마포구,269226,Subway
2024-12-03,서대문구,101480,Subway
2024-12-03,서초구,158109,Subway
2024-12-03,성동구,134893,Subway
2024-12-03,성북구,52677,Subway
2024-12-03,송파구,211171,Subway
2024-12-03,양천구,37896,Subway
2024-12-03,영등포구,345018,Subway
2024-12-03,은평구,128887,Subway
2024-12-03,종로구,247032,Subway
2024-12-03,중구,287083,Subway
2024-12-03,중랑구,94637,Subway
2024-12-04,강남구,406003,Subway
2024-12-04,강동구,98110,Subway
2024-12-04,강북구,49634,Subway
2024-12-04,강서구,191711,Subway
2024-12-04,관악구,161179,Subway
2024-12-04,광진구,64639,Subway
2024-12-04,구로구,133584,Subway
2024-12-04,금천구,103499,Subway
2024-12-04,노원구,159034,Subway
2024-12-04,도봉구,96180,Subway
2024-12-04,동대문구,109689,Subway
2024-12-04,동작구,98318,Subway
2024-12-04,마포구,263914,Subway
2024-12-04,서대문구,100579,Subway
2024-12-04,서초구,153541,Subway
2024-12-04,성동구,132985,Subway
2024-12-04,성북구,52446,Subway
2024-12-04,송파구,209667,Subway
2024-12-04,양천구,36943,Subway
2024-12-04,영등포구,350531,Subway
2024-12-04,은평구,128529,Subway
2024-12-04,종로구,244793,Subway
2024-12-04,중구,288985,Subway
2024-12-04,중랑구,94004,Subway
2024-12-05,강남구,413831,Subway
2024-12-05,강동구,98597,Subway
2024-12-05,강북구,48813,Subway
2024-12-05,강서구,192969,Subway
2024-12-05,관악구,164576,Subway
2024-12-05,광진구,65858,Subway
2024-12-05,구로구,130228,Subway
2024-12-05,금천구,101973,Subway
2024-12-05,노원구,158487,Subway
2024-12-05,도봉구,95299,Subway
2024-12-05,동대문구,108445,Subway
2024-12-05,동작구,98916,Subway
2024-12-05,마포구,270862,Subway
2024-12-05,서대문구,100969,Subway
2024-12-05,서초구,161961,Subway
2024-12-05,성동구,135315,Subway
2024-12-05,성북구,52144,Subway
2024-12-05,송파구,209334,Subway
2024-12-05,양천구,37268,Subway
2024-12-05,영등포구,347765,Subway
2024-12-05,은평구,127284,Subway
2024-12-05,종로구,248605,Subway
2024-12-05,중구,292142,Subway
2024-12-05,중랑구,94772,Subway
2024-12-06,강남구,422179,Subway
2024-12-06,강동구,99681,Subway
2024-12-06,강북구,49398,Subway
2024-12-06,강서구,199834,Subway
2024-12-06,관악구,175395,Subway
2024-12-06,광진구,68582,Subway
2024-12-06,구로구,132815,Subway
2024-12-06,금천구,101057,Subway
2024-12-06,노원구,162350,Subway
2024-12-06,도봉구,97299,Subway
2024-12-06,동대문구,110105,Subway
2024-12-06,동작구,105833,Subway
2024-12-06,마포구,289781,Subway
2024-12-06,서대문구,103724,Subway
2024-12-06,서초구,180139,Subway
2024-12-06,성동구,140547,Subway
2024-12-06,성북구,53071,Subway
2024-12-06,송파구,214376,Subway
2024-12-06,양천구,38287,Subway
2024-12-06,영등포구,380258,Subway
2024-12-06,은평구,131214,Subway
2024-12-06,종로구,260662,Subway
2024-12-06,중구,304636,Subway
2024-12-06,중랑구,96026,Subway
2024-12-07,강남구,261376,Subway
2024-12-07,강동구,71581,Subway
2024-12-07,강북구,40644,Subway
2024-12-07,강서구,148907,Subway
2024-12-07,관악구,153085,Subway
2024-12-07,광진구,58820,Subway
2024-12-07,구로구,98031,Subway
2024-12-07,금천구,43570,Subway
2024-12-07,노원구,124940,Subway
2024-12-07,도봉구,78481,Subway
2024-12-07,동대문구,85314,Subway
2024-12-07,동작구,89997,Subway
2024-12-07,마포구,269287,Subway
2024-12-07,서대문구,86302,Subway
2024-12-07,서초구,165220,Subway
2024-12-07,성동구,103083,Subway
2024-12-07,성북구,39138,Subway
2024-12-07,송파구,148342,Subway
2024-12-07,양천구,28458,Subway
2024-12-07,영등포구,437142,Subway
2024-12-07,은평구,103969,Subway
2024-12-07,종로구,202804,Subway
2024-12-07,중구,201758,Subway
2024-12-07,중랑구,73863,Subway
2024-12-08,강남구,153056,Subway
2024-12-08,강동구,48993,Subway
2024-12-08,강북구,29344,Subway
2024-12-08,강서구,102722,Subway
2024-12-08,관악구,101511,Subway
2024-12-08,광진구,41862,Subway
2024-12-08,구로구,67383,Subway
2024-12-08,금천구,29088,Subway
2024-12-08,노원구,87851,Subway
2024-12-08,도봉구,57662,Subway
2024-12-08,동대문구,59949,Subway
2024-12-08,동작구,55781,Subway
2024-12-08,마포구,178060,Subway
2024-12-08,서대문구,63698,Subway
2024-12-08,서초구,124550,Subway
2024-12-08,성동구,73821,Subway
2024-12-08,성북구,26596,Subway
2024-12-08,송파구,97286,Subway
2024-12-08,양천구,18573,Subway
2024-12-08,영등포구,200257,Subway
2024-12-08,은평구,71967,Subway
2024-12-08,종로구,127406,Subway
2024-12-08,중구,135943,Subway
2024-12-08,중랑구,51388,Subway
2024-12-09,강남구,396202,Subway
2024-12-09,강동구,97321,Subway
2024-12-09,강북구,48191,Subway
2024-12-09,강서구,188459,Subway
2024-12-09,관악구,156214,Subway
2024-12-09,광진구,62561,Subway
2024-12-09,구로구,127646,Subway
2024-12-09,금천구,101124,Subway
2024-12-09,노원구,154692,Subway
2024-12-09,도봉구,93373,Subway
2024-12-09,동대문구,105066,Subway
2024-12-09,동작구,95104,Subway
2024-12-09,마포구,255818,Subway
2024-12-09,서대문구,95645,Subway
2024-12-09,서초구,153712,Subway
2024-12-09,성동구,127154,Subway
2024-12-09,성북구,50493,Subway
2024-12-09,송파구,203804,Subway
2024-12-09,양천구,36380,Subway
2024-12-09,영등포구,340586,Subway
2024-12-09,은평구,125534,Subway
2024-12-09,종로구,233702,Subway
2024-12-09,중구,274159,Subway
2024-12-09,중랑구,92160,Subway
2024-12-10,강남구,414397,Subway
2024-12-10,강동구,99263,Subway
2024-12-10,강북구,50099,Subway
2024-12-10,강서구,194791,Subway
2024-12-10,관악구,165220,Subway
2024-12-10,광진구,64588,Subway
2024-12-10,구로구,129701,Subway
2024-12-10,금천구,102583,Subway
2024-12-10,노원구,160159,Subway
2024-12-10,도봉구,97634,Subway
2024-12-10,동대문구,107866,Subway
2024-12-10,동작구,99136,Subway
2024-12-10,마포구,267404,Subway
2024-12-10,서대문구,99686,Subway
2024-12-10,서초구,159335,Subway
2024-12-10,성동구,133393,Subway
2024-12-10,성북구,52560,Subway
2024-12-10,송파구,211774,Subway
2024-12-10,양천구,38566,Subway
2024-12-10,영등포구,353172,Subway
2024-12-10,은평구,129310,Subway
2024-12-10,종로구,247780,Subway
2024-12-10,중구,285234,Subway
2024-12-10,중랑구,95099,Subway
2024-12-11,강남구,414980,Subway
2024-12-11,강동구,100559,Subway
2024-12-11,강북구,50343,Subway
2024-12-11,강서구,195363,Subway
2024-12-11,관악구,168456,Subway
2024-12-11,광진구,66307,Subway
2024-12-11,구로구,130224,Subway
2024-12-11,금천구,102107,Subway
2024-12-11,노원구,163794,Subway
2024-12-11,도봉구,98056,Subway
2024-12-11,동대문구,108950,Subway
2024-12-11,동작구,99603,Subway
2024-12-11,마포구,270425,Subway
2024-12-11,서대문구,99153,Subway
2024-12-11,서초구,160751,Subway
2024-12-11,성동구,135963,Subway
2024-12-11,성북구,52655,Subway
2024-12-11,송파구,214116,Subway
2024-12-11,양천구,37991,Subway
2024-12-11,영등포구,363953,Subway
2024-12-11,은평구,130367,Subway
2024-12-11,종로구,252590,Subway
2024-12-11,중구,288562,Subway
2024-12-11,중랑구,95040,Subway
2024-12-12,강남구,420864,Subway
2024-12-12,강동구,100497,Subway
2024-12-12,강북구,50263,Subway
2024-12-12,강서구,196905,Subway
2024-12-12,관악구,171210,Subway
2024-12-12,광진구,66912,Subway
2024-12-12,구로구,131875,Subway
2024-12-12,금천구,103444,Subway
2024-12-12,노원구,162372,Subway
2024-12-12,도봉구,98138,Subway
2024-12-12,동대문구,110540,Subway
2024-12-12,동작구,101733,Subway
2024-12-12,마포구,277575,Subway
2024-12-12,서대문구,101104,Subway
2024-12-12,서초구,166401,Subway
2024-12-12,성동구,137155,Subway
2024-12-12,성북구,53071,Subway
2024-12-12,송파구,215270,Subway
2024-12-12,양천구,38231,Subway
2024-12-12,영등포구,363690,Subway
2024-12-12,은평구,129997,Subway
2024-12-12,종로구,256705,Subway
2024-12-12,중구,296711,Subway
2024-12-12,중랑구,95296,Subway
2024-12-13,강남구,429729,Subway
2024-12-13,강동구,102562,Subway
2024-12-13,강북구,50751,Subway
2024-12-13,강서구,203431,Subway
2024-12-13,관악구,181416,Subway
2024-12-13,광진구,70972,Subway
2024-12-13,구로구,135128,Subway
2024-12-13,금천구,102006,Subway
2024-12-13,노원구,166644,Subway
2024-12-13,도봉구,99949,Subway
2024-12-13,동대문구,112334,Subway
2024-12-13,동작구,107218,Subway
2024-12-13,마포구,298365,Subway
2024-12-13,서대문구,106427,Subway
2024-12-13,서초구,181266,Subway
2024-12-13,성동구,141893,Subway
2024-12-13,성북구,53727,Subway
2024-12-13,송파구,219492,Subway
2024-12-13,양천구,39166,Subway
2024-12-13,영등포구,393408,Subway
2024-12-13,은평구,133276,Subway
2024-12-13,종로구,265717,Subway
2024-12-13,중구,298491,Subway
2024-12-13,중랑구,97381,Subway
2024-12-14,강남구,273781,Subway
2024-12-14,강동구,74660,Subway
2024-12-14,강북구,41992,Subway
2024-12-14,강서구,155202,Subway
2024-12-14,관악구,160238,Subway
2024-12-14,광진구,61779,Subway
2024-12-14,구로구,101177,Subway
2024-12-14,금천구,46638,Subway
2024-12-14,노원구,129500,Subway
2024-12-14,도봉구,81457,Subway
2024-12-14,동대문구,87328,Subway
2024-12-14,동작구,95127,Subway
2024-12-14,마포구,297984,Subway
2024-12-14,서대문구,86845,Subway
2024-12-14,서초구,167883,Subway
2024-12-14,성동구,101870,Subway
2024-12-14,성북구,40278,Subway
2024-12-14,송파구,157034,Subway
2024-12-14,양천구,28765,Subway
2024-12-14,영등포구,464467,Subway
2024-12-14,은평구,107612,Subway
2024-12-14,종로구,216129,Subway
2024-12-14,중구,216166,Subway
2024-12-14,중랑구,75943,Subway
2024-12-15,강남구,160721,Subway
2024-12-15,강동구,49846,Subway
2024-12-15,강북구,30633,Subway
2024-12-15,강서구,106065,Subway
2024-12-15,관악구,103754,Subway
2024-12-15,광진구,44498,Subway
2024-12-15,구로구,68086,Subway
2024-12-15,금천구,30496,Subway
2024-12-15,노원구,89937,Subway
2024-12-15,도봉구,59374,Subway
2024-12-15,동대문구,61935,Subway
2024-12-15,동작구,56726,Subway
2024-12-15,마포구,189569,Subway
2024-12-15,서대문구,60393,Subway
2024-12-15,서초구,121845,Subway
2024-12-15,성동구,74842,Subway
2024-12-15,성북구,27154,Subway
2024-12-15,송파구,102907,Subway
2024-12-15,양천구,18196,Subway
2024-12-15,영등포구,180327,Subway
2024-12-15,은평구,72686,Subway
2024-12-15,종로구,137855,Subway
2024-12-15,중구,140927,Subway
2024-12-15,중랑구,52898,Subway
2024-12-16,강남구,405767,Subway
2024-12-16,강동구,97302,Subway
2024-12-16,강북구,47834,Subway
2024-12-16,강서구,189803,Subway
2024-12-16,관악구,158225,Subway
2024-12-16,광진구,63021,Subway
2024-12-16,구로구,128822,Subway
2024-12-16,금천구,102021,Subway
2024-12-16,노원구,155850,Subway
2024-12-16,도봉구,94061,Subway
2024-12-16,동대문구,105929,Subway
2024-12-16,동작구,95653,Subway
2024-12-16,마포구,261898,Subway
2024-12-16,서대문구,96286,Subway
2024-12-16,서초구,158437,Subway
2024-12-16,성동구,131684,Subway
2024-12-16,성북구,50059,Subway
2024-12-16,송파구,204430,Subway
2024-12-16,양천구,36720,Subway
2024-12-16,영등포구,334089,Subway
2024-12-16,은평구,125583,Subway
2024-12-16,종로구,244823,Subway
2024-12-16,중구,276019,Subway
2024-12-16,중랑구,92905,Subway
2024-12-17,강남구,424216,Subway
2024-12-17,강동구,98777,Subway
2024-12-17,강북구,50005,Subway
2024-12-17,강서구,196718,Subway
2024-12-17,관악구,168530,Subway
2024-12-17,광진구,66607,Subway
2024-12-17,구로구,132544,Subway
2024-12-17,금천구,103851,Subway
2024-12-17,노원구,161146,Subway
2024-12-17,도봉구,97902,Subway
2024-12-17,동대문구,109023,Subway
2024-12-17,동작구,99620,Subway
2024-12-17,마포구,275054,Subway
2024-12-17,서대문구,99673,Subway
2024-12-17,서초구,164000,Subway
2024-12-17,성동구,138897,Subway
2024-12-17,성북구,51716,Subway
2024-12-17,송파구,213609,Subway
2024-12-17,양천구,38888,Subway
2024-12-17,영등포구,346294,Subway
2024-12-17,은평구,128895,Subway
2024-12-17,종로구,255326,Subway
2024-12-17,중구,286518,Subway
2024-12-17,중랑구,95200,Subway
2024-12-18,강남구,419224,Subway
2024-12-18,강동구,98674,Subway
2024-12-18,강북구,49306,Subway
2024-12-18,강서구,193769,Subway
2024-12-18,관악구,167029,Subway
2024-12-18,광진구,67710,Subway
2024-12-18,구로구,131675,Subway
2024-12-18,금천구,102634,Subway
2024-12-18,노원구,161585,Subway
2024-12-18,도봉구,96103,Subway
2024-12-18,동대문구,108412,Subway
2024-12-18,동작구,99352,Subway
2024-12-18,마포구,274242,Subway
2024-12-18,서대문구,98074,Subway
2024-12-18,서초구,162407,Subway
2024-12-18,성동구,137444,Subway
2024-12-18,성북구,51826,Subway
2024-12-18,송파구,211199,Subway
2024-12-18,양천구,37472,Subway
2024-12-18,영등포구,349205,Subway
2024-12-18,은평구,128404,Subway
2024-12-18,종로구,259190,Subway
2024-12-18,중구,287656,Subway
2024-12-18,중랑구,94398,Subway
2024-12-19,강남구,427982,Subway
2024-12-19,강동구,98608,Subway
2024-12-19,강북구,49117,Subway
2024-12-19,강서구,196888,Subway
2024-12-19,관악구,170390,Subway
2024-12-19,광진구,68927,Subway
2024-12-19,구로구,132267,Subway
2024-12-19,금천구,102823,Subway
2024-12-19,노원구,160469,Subway
2024-12-19,도봉구,97513,Subway
2024-12-19,동대문구,110052,Subway
2024-12-19,동작구,99775,Subway
2024-12-19,마포구,282622,Subway
2024-12-19,서대문구,100173,Subway
2024-12-19,서초구,166199,Subway
2024-12-19,성동구,138710,Subway
2024-12-19,성북구,51799,Subway
2024-12-19,송파구,214156,Subway
2024-12-19,양천구,37772,Subway
2024-12-19,영등포구,350072,Subway
2024-12-19,은평구,129745,Subway
2024-12-19,종로구,260335,Subway
2024-12-19,중구,286285,Subway
2024-12-19,중랑구,95356,Subway
2024-12-20,강남구,441341,Subway
2024-12-20,강동구,101855,Subway
2024-12-20,강북구,51193,Subway
2024-12-20,강서구,204399,Subway
2024-12-20,관악구,181800,Subway
2024-12-20,광진구,73721,Subway
2024-12-20,구로구,138462,Subway
2024-12-20,금천구,102166,Subway
2024-12-20,노원구,168059,Subway
2024-12-20,도봉구,100705,Subway
2024-12-20,동대문구,115465,Subway
2024-12-20,동작구,107514,Subway
2024-12-20,마포구,303480,Subway
2024-12-20,서대문구,104338,Subway
2024-12-20,서초구,185697,Subway
2024-12-20,성동구,145877,Subway
2024-12-20,성북구,53383,Subway
2024-12-20,송파구,223469,Subway
2024-12-20,양천구,39220,Subway
2024-12-20,영등포구,367127,Subway
2024-12-20,은평구,134989,Subway
2024-12-20,종로구,276031,Subway
2024-12-20,중구,299935,Subway
2024-12-20,중랑구,100132,Subway
2024-12-21,강남구,276442,Subway
2024-12-21,강동구,73945,Subway
2024-12-21,강북구,43482,Subway
2024-12-21,강서구,147605,Subway
2024-12-21,관악구,157074,Subway
2024-12-21,광진구,64956,Subway
2024-12-21,구로구,99117,Subway
2024-12-21,금천구,43461,Subway
2024-12-21,노원구,130002,Subway
2024-12-21,도봉구,79719,Subway
2024-12-21,동대문구,87186,Subway
2024-12-21,동작구,87278,Subway
2024-12-21,마포구,274315,Subway
2024-12-21,서대문구,92723,Subway
2024-12-21,서초구,159570,Subway
2024-12-21,성동구,108716,Subway
2024-12-21,성북구,39186,Subway
2024-12-21,송파구,156957,Subway
2024-12-21,양천구,27556,Subway
2024-12-21,영등포구,262525,Subway
2024-12-21,은평구,107145,Subway
2024-12-21,종로구,251255,Subway
2024-12-21,중구,251147,Subway
2024-12-21,중랑구,76444,Subway
2024-12-22,강남구,164306,Subway
2024-12-22,강동구,49711,Subway
2024-12-22,강북구,29435,Subway
2024-12-22,강서구,104470,Subway
2024-12-22,관악구,107050,Subway
2024-12-22,광진구,51713,Subway
2024-12-22,구로구,66019,Subway
2024-12-22,금천구,29503,Subway
2024-12-22,노원구,88736,Subway
2024-12-22,도봉구,56518,Subway
2024-12-22,동대문구,61119,Subway
2024-12-22,동작구,56543,Subway
2024-12-22,마포구,199895,Subway
2024-12-22,서대문구,60059,Subway
2024-12-22,서초구,123679,Subway
2024-12-22,성동구,82159,Subway
2024-12-22,성북구,30024,Subway
2024-12-22,송파구,105217,Subway
2024-12-22,양천구,18128,Subway
2024-12-22,영등포구,176802,Subway
2024-12-22,은평구,72091,Subway
2024-12-22,종로구,136997,Subway
2024-12-22,중구,150631,Subway
2024-12-22,중랑구,51076,Subway
2024-12-23,강남구,416023,Subway
2024-12-23,강동구,96467,Subway
2024-12-23,강북구,47533,Subway
2024-12-23,강서구,193419,Subway
2024-12-23,관악구,161405,Subway
2024-12-23,광진구,66612,Subway
2024-12-23,구로구,129071,Subway
2024-12-23,금천구,101099,Subway
2024-12-23,노원구,156200,Subway
2024-12-23,도봉구,93257,Subway
2024-12-23,동대문구,106575,Subway
2024-12-23,동작구,96094,Subway
2024-12-23,마포구,281584,Subway
2024-12-23,서대문구,95996,Subway
2024-12-23,서초구,162363,Subway
2024-12-23,성동구,135542,Subway
2024-12-23,성북구,49945,Subway
2024-12-23,송파구,203905,Subway
2024-12-23,양천구,36563,Subway
2024-12-23,영등포구,340128,Subway
2024-12-23,은평구,126835,Subway
2024-12-23,종로구,250726,Subway
2024-12-23,중구,286168,Subway
2024-12-23,중랑구,92484,Subway
2024-12-24,강남구,410383,Subway
2024-12-24,강동구,98504,Subway
2024-12-24,강북구,50206,Subway
2024-12-24,강서구,199098,Subway
2024-12-24,관악구,163367,Subway
2024-12-24,광진구,70842,Subway
2024-12-24,구로구,130622,Subway
2024-12-24,금천구,100256,Subway
2024-12-24,노원구,158973,Subway
2024-12-24,도봉구,96690,Subway
2024-12-24,동대문구,108977,Subway
2024-12-24,동작구,98801,Subway
2024-12-24,마포구,297220,Subway
2024-12-24,서대문구,100725,Subway
2024-12-24,서초구,169712,Subway
2024-12-24,성동구,146663,Subway
2024-12-24,성북구,51990,Subway
2024-12-24,송파구,208375,Subway
2024-12-24,양천구,36940,Subway
2024-12-24,영등포구,348972,Subway
2024-12-24,은평구,130963,Subway
2024-12-24,종로구,276486,Subway
2024-12-24,중구,315783,Subway
2024-12-24,중랑구,94094,Subway
2024-12-25,강남구,165485,Subway
2024-12-25,강동구,53510,Subway
2024-12-25,강북구,33014,Subway
2024-12-25,강서구,113817,Subway
2024-12-25,관악구,105646,Subway
2024-12-25,광진구,58043,Subway
2024-12-25,구로구,70414,Subway
2024-12-25,금천구,31737,Subway
2024-12-25,노원구,99314,Subway
2024-12-25,도봉구,61283,Subway
2024-12-25,동대문구,65649,Subway
2024-12-25,동작구,58539,Subway
2024-12-25,마포구,234723,Subway
2024-12-25,서대문구,63906,Subway
2024-12-25,서초구,107041,Subway
2024-12-25,성동구,104899,Subway
2024-12-25,성북구,29404,Subway
2024-12-25,송파구,111241,Subway
2024-12-25,양천구,19359,Subway
2024-12-25,영등포구,190492,Subway
2024-12-25,은평구,79284,Subway
2024-12-25,종로구,189333,Subway
2024-12-25,중구,226114,Subway
2024-12-25,중랑구,55534,Subway
2024-12-26,강남구,402247,Subway
2024-12-26,강동구,94368,Subway
2024-12-26,강북구,47937,Subway
2024-12-26,강서구,189323,Subway
2024-12-26,관악구,161562,Subway
2024-12-26,광진구,65546,Subway
2024-12-26,구로구,127542,Subway
2024-12-26,금천구,95316,Subway
2024-12-26,노원구,154160,Subway
2024-12-26,도봉구,93844,Subway
2024-12-26,동대문구,105483,Subway
2024-12-26,동작구,95086,Subway
2024-12-26,마포구,281996,Subway
2024-12-26,서대문구,96703,Subway
2024-12-26,서초구,159153,Subway
2024-12-26,성동구,133513,Subway
2024-12-26,성북구,48843,Subway
2024-12-26,송파구,201139,Subway
2024-12-26,양천구,35896,Subway
2024-12-26,영등포구,334101,Subway
2024-12-26,은평구,126049,Subway
2024-12-26,종로구,259567,Subway
2024-12-26,중구,282286,Subway
2024-12-26,중랑구,90816,Subway
2024-12-27,강남구,410211,Subway
2024-12-27,강동구,96765,Subway
2024-12-27,강북구,48667,Subway
2024-12-27,강서구,191737,Subway
2024-12-27,관악구,167917,Subway
2024-12-27,광진구,75526,Subway
2024-12-27,구로구,128971,Subway
2024-12-27,금천구,94364,Subway
2024-12-27,노원구,158486,Subway
2024-12-27,도봉구,95673,Subway
2024-12-27,동대문구,106930,Subway
2024-12-27,동작구,98711,Subway
2024-12-27,마포구,285043,Subway
2024-12-27,서대문구,99327,Subway
2024-12-27,서초구,169848,Subway
2024-12-27,성동구,133805,Subway
2024-12-27,성북구,49561,Subway
2024-12-27,송파구,207008,Subway
2024-12-27,양천구,36492,Subway
2024-12-27,영등포구,340928,Subway
2024-12-27,은평구,126835,Subway
2024-12-27,종로구,261586,Subway
2024-12-27,중구,287972,Subway
2024-12-27,중랑구,93458,Subway
2024-12-28,강남구,246915,Subway
2024-12-28,강동구,66238,Subway
2024-12-28,강북구,37976,Subway
2024-12-28,강서구,133653,Subway
2024-12-28,관악구,133943,Subway
2024-12-28,광진구,56424,Subway
2024-12-28,구로구,89881,Subway
2024-12-28,금천구,39597,Subway
2024-12-28,노원구,115973,Subway
2024-12-28,도봉구,73044,Subway
2024-12-28,동대문구,81855,Subway
2024-12-28,동작구,76142,Subway
2024-12-28,마포구,239408,Subway
2024-12-28,서대문구,79221,Subway
2024-12-28,서초구,139402,Subway
2024-12-28,성동구,91479,Subway
2024-12-28,성북구,34965,Subway
2024-12-28,송파구,136949,Subway
2024-12-28,양천구,25144,Subway
2024-12-28,영등포구,227921,Subway
2024-12-28,은평구,98571,Subway
2024-12-28,종로구,231536,Subway
2024-12-28,중구,239798,Subway
2024-12-28,중랑구,68563,Subway
2024-12-29,강남구,152285,Subway
2024-12-29,강동구,46808,Subway
2024-12-29,강북구,28003,Subway
2024-12-29,강서구,98890,Subway
2024-12-29,관악구,95025,Subway
2024-12-29,광진구,42305,Subway
2024-12-29,구로구,64941,Subway
2024-12-29,금천구,27705,Subway
2024-12-29,노원구,84274,Subway
2024-12-29,도봉구,57156,Subway
2024-12-29,동대문구,59174,Subway
2024-12-29,동작구,51476,Subway
2024-12-29,마포구,181676,Subway
2024-12-29,서대문구,55674,Subway
2024-12-29,서초구,112879,Subway
2024-12-29,성동구,72303,Subway
2024-12-29,성북구,25808,Subway
2024-12-29,송파구,98025,Subway
2024-12-29,양천구,17121,Subway
2024-12-29,영등포구,161462,Subway
2024-12-29,은평구,69341,Subway
2024-12-29,종로구,134641,Subway
2024-12-29,중구,146462,Subway
2024-12-29,중랑구,48956,Subway
2024-12-30,강남구,379157,Subway
2024-12-30,강동구,91471,Subway
2024-12-30,강북구,46339,Subway
2024-12-30,강서구,180191,Subway
2024-12-30,관악구,150829,Subway
2024-12-30,광진구,62071,Subway
2024-12-30,구로구,122870,Subway
2024-12-30,금천구,91263,Subway
2024-12-30,노원구,149902,Subway
2024-12-30,도봉구,91090,Subway
2024-12-30,동대문구,101997,Subway
2024-12-30,동작구,89901,Subway
2024-12-30,마포구,265825,Subway
2024-12-30,서대문구,91867,Subway
2024-12-30,서초구,150964,Subway
2024-12-30,성동구,126099,Subway
2024-12-30,성북구,46171,Subway
2024-12-30,송파구,188361,Subway
2024-12-30,양천구,34262,Subway
2024-12-30,영등포구,315992,Subway
2024-12-30,은평구,122814,Subway
2024-12-30,종로구,243715,Subway
2024-12-30,중구,271998,Subway
2024-12-30,중랑구,87555,Subway
2024-12-31,강남구,351678,Subway
2024-12-31,강동구,90730,Subway
2024-12-31,강북구,47882,Subway
2024-12-31,강서구,177123,Subway
2024-12-31,관악구,149546,Subway
2024-12-31,광진구,63285,Subway
2024-12-31,구로구,120872,Subway
2024-12-31,금천구,84508,Subway
2024-12-31,노원구,150113,Subway
2024-12-31,도봉구,91134,Subway
2024-12-31,동대문구,102120,Subway
2024-12-31,동작구,91209,Subway
2024-12-31,마포구,257208,Subway
2024-12-31,서대문구,93041,Subway
2024-12-31,서초구,150170,Subway
2024-12-31,성동구,122764,Subway
2024-12-31,성북구,47017,Subway
2024-12-31,송파구,182208,Subway
2024-12-31,양천구,33721,Subway
2024-12-31,영등포구,306713,Subway
2024-12-31,은평구,123888,Subway
2024-12-31,종로구,250149,Subway
2024-12-31,중구,282201,Subway
2024-12-31,중랑구,89012,Subway
