일자,자치구,총사용수(B),총사용수(S),평균기온(°C),최저기온(°C),최고기온(°C),일강수량(mm),이산화질소농도(ppm),오존농도(ppm),일산화탄소농도(ppm),아황산가스농도(ppm),미세먼지농도(㎍/㎥),초미세먼지농도(㎍/㎥)
2024-01-01,강남구,1319,95566,3.7,-0.9,7.1,0.0,0.028,0.013,0.65,0.0028,23.0,18.0
2024-01-01,강동구,1855,33742,2.9,-1.1,6.8,0.0,0.0305,0.0116,0.92,0.002,20.0,15.0
2024-01-01,강북구,731,22887,2.6,-1.4,6.5,0.0,0.0243,0.0157,0.71,0.0025,19.0,15.0
2024-01-01,강서구,5668,78185,3.5,-1.5,7.2,0.0,0.0354,0.0123,0.92,0.0033,29.0,19.0
2024-01-01,관악구,1438,64662,2.0,-1.3,5.6,0.0,0.0332,0.0115,0.87,0.0027,33.0,24.0
2024-01-01,광진구,2295,35607,3.6,-0.4,6.8,0.0,0.033,0.0133,0.79,0.0026,18.0,12.0
2024-01-01,구로구,1954,47542,3.3,-0.9,7.0,0.0,0.0218,0.0102,0.69,0.0026,30.0,24.0
2024-01-01,금천구,644,21926,3.9,0.4,7.1,0.0,0.0324,0.0117,0.89,0.0028,28.0,22.0
2024-01-01,노원구,2692,67258,1.9,-3.9,6.8,0.0,0.0281,0.0132,0.75,0.003,24.0,19.0
2024-01-01,도봉구,1093,42240,2.2,-2.4,6.9,0.0,0.027,0.0169,0.88,0.0029,18.0,16.0
2024-01-01,동대문구,1516,41544,3.4,-0.3,7.3,0.0,0.0301,0.0137,0.78,0.0031,23.0,17.0
2024-01-01,동작구,1082,37851,2.3,-2.5,7.2,0.0,0.0323,0.0129,0.71,0.0025,27.0,20.0
2024-01-01,마포구,2659,137641,3.8,0.8,8.3,0.0,0.0345,0.0117,0.81,0.0028,24.0,22.0
2024-01-01,서대문구,1063,39786,2.9,-0.9,6.7,0.0,0.0268,0.0165,1.04,0.0037,21.0,18.0
2024-01-01,서초구,1210,82573,3.4,-1.2,7.1,0.0,0.0252,0.0123,0.68,0.0027,27.0,20.0
2024-01-01,성동구,1595,44550,3.8,-0.1,7.4,0.0,0.0288,0.0116,0.66,0.0022,24.0,17.0
2024-01-01,성북구,1024,19333,3.1,-0.4,5.8,0.0,0.0262,0.0138,0.86,0.0023,21.0,17.0
2024-01-01,송파구,4092,64991,4.0,0.2,7.2,0.0,0.03,0.0123,0.71,0.0026,22.0,18.0
2024-01-01,양천구,3467,12638,4.1,0.9,7.1,0.0,0.0373,0.0117,0.88,0.0031,29.0,24.0
2024-01-01,영등포구,4022,106256,4.2,1.2,7.4,0.0,0.0305,0.0151,0.79,0.0029,25.0,21.0
2024-01-01,용산구,1090,0,,,,0.0,0.0301,0.0125,0.76,0.0026,21.0,15.0
2024-01-01,은평구,1429,52780,1.8,-3.0,7.2,0.0,0.0246,0.0139,1.13,0.0025,21.0,16.0
2024-01-01,종로구,1565,107995,2.1,-1.3,5.9,0.0,0.0278,0.0148,0.77,0.0033,22.0,19.0
2024-01-01,중구,1062,109039,1.9,-0.7,5.3,0.0,0.0304,0.0116,0.72,0.0031,18.0,20.0
2024-01-01,중랑구,1394,26606,3.6,-0.1,7.4,0.0,0.0304,0.0126,0.66,0.0024,21.0,15.0
2024-01-02,강남구,2694,386115,3.6,1.6,4.8,0.0,0.0241,0.0237,0.47,0.0028,42.0,30.0
2024-01-02,강동구,3408,89982,3.1,1.7,4.6,0.0,0.0297,0.0184,0.84,0.0021,38.0,30.0
2024-01-02,강북구,1197,44689,2.7,1.1,4.6,0.0,0.0133,0.0296,0.48,0.0025,35.0,26.0
2024-01-02,강서구,11837,177590,3.3,1.6,5.4,0.0,0.0249,0.0226,0.52,0.003,44.0,27.0
2024-01-02,관악구,2000,139441,1.5,-0.3,3.5,0.0,0.0246,0.0213,0.55,0.0026,45.0,29.0
2024-01-02,광진구,3912,58797,4.0,2.4,4.9,0.0,0.0282,0.0233,0.64,0.0026,38.0,26.0
2024-01-02,구로구,3702,123841,2.9,1.6,5.3,0.0,0.0171,0.0172,0.48,0.0024,45.0,30.0
2024-01-02,금천구,1933,98906,3.7,3.0,4.7,0.0,0.0324,0.0153,0.57,0.0028,45.0,34.0
2024-01-02,노원구,4906,156688,1.5,-1.1,4.8,0.0,0.0196,0.0244,0.49,0.0028,41.0,30.0
2024-01-02,도봉구,1880,87547,2.3,0.6,4.9,0.0,0.013,0.0336,0.53,0.0027,32.0,25.0
2024-01-02,동대문구,2858,95838,3.5,2.6,4.7,0.0,0.0196,0.0258,0.52,0.0029,41.0,28.0
2024-01-02,동작구,1664,84726,2.6,0.3,4.9,0.0,0.0305,0.0179,0.51,0.0024,45.0,33.0
2024-01-02,마포구,3859,245782,2.9,1.7,4.5,0.0,0.027,0.0202,0.53,0.0027,39.0,31.0
2024-01-02,서대문구,1668,88176,2.2,0.6,4.1,0.0,0.0212,0.0225,0.91,0.0031,39.0,30.0
2024-01-02,서초구,2455,142403,3.7,2.0,4.9,0.0,0.0199,0.0211,0.44,0.0026,43.0,30.0
2024-01-02,성동구,3489,116493,3.8,2.9,4.7,0.0,0.0223,0.0224,0.44,0.0022,39.0,26.0
2024-01-02,성북구,1933,44868,2.7,1.4,4.3,0.0,0.0184,0.0235,0.58,0.0022,38.0,28.0
2024-01-02,송파구,7586,184247,4.1,3.0,5.3,0.0,0.0274,0.0215,0.53,0.0026,42.0,30.0
2024-01-02,양천구,5753,34678,3.6,2.9,4.9,0.0,0.0278,0.0205,0.56,0.0029,44.0,34.0
2024-01-02,영등포구,8213,307632,3.7,3.1,5.0,0.0,0.0249,0.0234,0.52,0.0027,38.0,31.0
2024-01-02,용산구,1551,0,3.5,2.1,4.6,0.0,0.0219,0.0231,0.57,0.0024,40.0,27.0
2024-01-02,은평구,2031,117936,1.1,-0.8,4.7,0.0,0.0194,0.0195,0.99,0.0025,40.0,30.0
2024-01-02,종로구,2982,218983,1.8,1.1,2.9,0.0,0.0193,0.0259,0.55,0.0028,42.0,33.0
2024-01-02,중구,2120,257142,1.3,0.7,2.9,0.0,0.0207,0.0244,0.49,0.0028,35.0,30.0
2024-01-02,중랑구,2335,62391,3.7,2.7,4.7,0.0,0.0249,0.0213,0.5,0.0025,36.0,29.0
2024-01-03,강남구,2031,406235,2.2,0.5,5.0,0.5,0.0341,0.0134,0.51,0.003,43.0,30.0
2024-01-03,강동구,2824,93021,1.6,-0.4,3.8,0.5,0.0399,0.0087,0.89,0.0023,40.0,30.0
2024-01-03,강북구,975,45644,1.6,-1.4,3.2,0.5,0.0182,0.0232,0.5,0.0024,34.0,24.0
2024-01-03,강서구,10732,183398,2.2,-0.9,5.0,0.0,0.033,0.016,0.52,0.0032,46.0,27.0
2024-01-03,관악구,1529,148693,0.6,-2.8,3.5,3.5,0.0296,0.017,0.55,0.0027,49.0,30.0
2024-01-03,광진구,3403,61330,2.5,0.7,4.4,0.0,0.0434,0.0096,0.74,0.0028,38.0,25.0
2024-01-03,구로구,3050,128001,1.9,-0.9,4.8,0.0,0.0225,0.0137,0.5,0.0024,49.0,33.0
2024-01-03,금천구,1363,101136,2.4,0.4,4.5,2.0,0.0389,0.0105,0.66,0.0029,45.0,34.0
2024-01-03,노원구,4209,160440,0.7,-3.9,2.9,0.0,0.0291,0.0132,0.53,0.0029,42.0,28.0
2024-01-03,도봉구,1466,89596,1.2,-2.1,3.7,0.5,0.0254,0.021,0.65,0.0027,36.0,27.0
2024-01-03,동대문구,2443,100575,2.2,0.1,3.9,0.0,0.0295,0.0184,0.56,0.003,41.0,27.0
2024-01-03,동작구,1286,88665,2.1,-1.8,5.4,0.5,0.0303,0.0172,0.47,0.0025,45.0,32.0
2024-01-03,마포구,3231,253373,1.8,-1.3,5.0,0.0,0.0324,0.0155,0.51,0.0027,39.0,29.0
2024-01-03,서대문구,1452,90933,1.1,-2.5,3.9,0.0,0.0243,0.0202,0.88,0.0036,38.0,29.0
2024-01-03,서초구,2011,143299,2.4,0.4,5.2,1.0,0.0254,0.0166,0.43,0.0027,46.0,31.0
2024-01-03,성동구,2931,122127,2.5,0.3,4.6,0.0,0.0322,0.012,0.49,0.0024,40.0,26.0
2024-01-03,성북구,1639,46944,1.5,-1.6,3.1,0.5,0.0255,0.017,0.62,0.0021,38.0,28.0
2024-01-03,송파구,5557,193314,2.7,0.7,4.9,0.0,0.0377,0.0086,0.58,0.0024,40.0,28.0
2024-01-03,양천구,4808,35612,2.5,0.2,5.0,0.5,0.0336,0.0161,0.55,0.0029,45.0,33.0
2024-01-03,영등포구,6497,320145,2.7,0.3,5.0,0.5,0.0297,0.0188,0.51,0.0028,40.0,30.0
2024-01-03,용산구,1258,0,,,,0.5,0.0272,0.0195,0.54,0.0025,40.0,25.0
2024-01-03,은평구,1661,120775,0.1,-3.8,3.2,0.5,0.0232,0.0171,0.98,0.0026,41.0,29.0
2024-01-03,종로구,2683,238281,0.7,-2.1,3.1,0.5,0.0238,0.0228,0.55,0.0028,42.0,31.0
2024-01-03,중구,1865,263560,0.2,-2.3,2.8,0.0,0.0236,0.0227,0.47,0.0029,36.0,29.0
2024-01-03,중랑구,2064,64251,2.4,0.1,3.7,0.5,0.0323,0.0144,0.52,0.0025,35.0,27.0
2024-01-04,강남구,2795,410754,2.0,-2.6,5.3,0.0,0.0341,0.0139,0.63,0.0032,53.0,36.0
2024-01-04,강동구,3690,94641,0.9,-3.6,4.4,0.0,0.0399,0.0103,1.03,0.0026,56.0,41.0
2024-01-04,강북구,1222,46799,0.2,-4.4,3.6,0.0,0.0309,0.0121,0.71,0.0024,54.0,37.0
2024-01-04,강서구,12613,185698,2.1,-3.8,5.6,0.0,0.0389,0.0142,0.74,0.0036,53.0,30.0
2024-01-04,관악구,2012,152832,0.6,-4.6,3.8,0.0,0.0308,0.0177,0.65,0.0029,52.0,32.0
2024-01-04,광진구,4107,69724,2.1,-1.8,5.1,0.0,0.0408,0.0114,0.9,0.0028,51.0,33.0
2024-01-04,구로구,3861,128413,1.9,-3.2,5.5,0.0,0.0242,0.0144,0.59,0.0029,54.0,35.0
2024-01-04,금천구,1909,102040,2.6,-1.8,5.3,0.0,0.0337,0.0163,0.61,0.0028,49.0,35.0
2024-01-04,노원구,5067,162728,-0.8,-6.6,3.4,0.0,0.0372,0.0095,0.74,0.0031,58.0,40.0
2024-01-04,도봉구,1872,91974,-0.4,-5.1,4.1,0.0,0.0359,0.0132,0.86,0.0029,50.0,38.0
2024-01-04,동대문구,3132,102869,1.7,-2.6,5.0,0.0,0.0391,0.013,0.76,0.0036,54.0,35.0
2024-01-04,동작구,1656,90068,1.4,-4.7,6.0,0.0,0.0347,0.0157,0.58,0.0027,48.0,34.0
2024-01-04,마포구,3953,259438,2.3,-1.9,5.4,0.0,0.0338,0.0159,0.67,0.0029,50.0,37.0
2024-01-04,서대문구,1761,91581,1.3,-3.4,4.7,0.0,0.0318,0.0159,1.07,0.0051,49.0,38.0
2024-01-04,서초구,2580,145748,1.8,-3.3,5.6,0.0,0.027,0.0163,0.54,0.003,51.0,34.0
2024-01-04,성동구,3575,125256,2.1,-1.5,5.1,0.0,0.0345,0.0122,0.63,0.0025,54.0,33.0
2024-01-04,성북구,2128,47601,1.1,-3.4,4.2,0.0,0.0361,0.0091,0.88,0.0027,54.0,38.0
2024-01-04,송파구,7712,197026,2.5,-1.4,6.0,0.0,0.037,0.013,0.64,0.0027,50.0,36.0
2024-01-04,양천구,5808,36033,,,,0.0,0.0373,0.0155,0.69,0.0033,53.0,37.0
2024-01-04,영등포구,8076,323615,3.0,-0.6,5.7,0.0,0.0339,0.0176,0.67,0.0034,48.0,35.0
2024-01-04,용산구,1627,0,,,,0.0,0.03,0.0155,0.65,0.0026,49.0,27.0
2024-01-04,은평구,2116,123178,1.0,-6.2,5.7,0.0,0.0263,0.0162,1.1,0.003,50.0,35.0
2024-01-04,종로구,3364,243413,0.8,-4.2,4.6,0.0,0.034,0.0153,0.75,0.0034,56.0,40.0
2024-01-04,중구,2509,265818,0.3,-3.1,3.6,0.0,0.0364,0.0134,0.74,0.0034,49.0,39.0
2024-01-04,중랑구,2491,65330,1.9,-2.5,5.0,0.0,0.0361,0.0116,0.65,0.0027,47.0,36.0
2024-01-05,강남구,2972,416787,5.5,2.2,10.2,0.0,0.0308,0.0233,0.69,0.0033,83.0,59.0
2024-01-05,강동구,3996,97383,5.4,2.2,9.5,0.0,0.0355,0.0237,1.05,0.0026,85.0,61.0
2024-01-05,강북구,1347,48489,4.3,0.8,8.7,0.0,0.0321,0.0211,0.83,0.0032,82.0,57.0
2024-01-05,강서구,12845,190048,5.4,0.8,10.1,0.0,0.0308,0.0257,0.74,0.0035,86.0,56.0
2024-01-05,관악구,2078,160233,3.9,-0.9,7.7,0.0,0.0295,0.026,0.77,0.0032,93.0,56.0
2024-01-05,광진구,4359,66889,5.7,3.1,9.4,0.0,0.0353,0.0321,0.68,0.0032,75.0,47.0
2024-01-05,구로구,3925,132034,,,,0.0,0.0221,0.0212,0.65,0.0028,92.0,62.0
2024-01-05,금천구,1893,102267,5.4,1.5,8.9,0.0,0.0315,0.0258,0.81,0.0032,87.0,63.0
2024-01-05,노원구,5567,167243,3.2,-3.0,9.5,0.0,0.0317,0.0218,0.72,0.0033,83.0,56.0
2024-01-05,도봉구,2064,94901,3.7,-0.5,10.6,0.0,0.0363,0.022,0.95,0.0033,77.0,59.0
2024-01-05,동대문구,3141,106738,5.5,2.4,9.7,0.0,0.0398,0.0183,0.87,0.0037,84.0,56.0
2024-01-05,동작구,1737,94924,4.5,-0.7,9.8,0.0,0.0264,0.032,0.65,0.003,84.0,59.0
2024-01-05,마포구,4294,277347,5.2,0.6,9.5,0.0,0.034,0.0241,0.73,0.0034,75.0,57.0
2024-01-05,서대문구,1846,96029,4.6,-0.1,9.1,0.0,0.0332,0.0217,1.17,0.0042,80.0,60.0
2024-01-05,서초구,2611,154899,5.7,2.4,10.0,0.0,0.0256,0.0238,0.63,0.0029,94.0,64.0
2024-01-05,성동구,3735,127198,5.6,2.5,9.3,0.0,0.0336,0.0195,0.7,0.0027,82.0,51.0
2024-01-05,성북구,2210,49269,4.3,0.5,8.9,0.0,0.0359,0.0177,0.99,0.0028,87.0,59.0
2024-01-05,송파구,8428,203634,6.0,3.2,10.0,0.0,0.0353,0.0214,0.69,0.003,74.0,49.0
2024-01-05,양천구,6190,36845,,,,0.0,0.0332,0.0243,0.76,0.0033,84.0,60.0
2024-01-05,영등포구,8457,334864,5.9,2.3,9.8,0.0,0.03,0.0266,0.72,0.0034,75.0,56.0
2024-01-05,용산구,1584,0,,,,0.0,0.0344,0.0175,0.78,0.0025,78.0,42.0
2024-01-05,은평구,2134,125925,4.0,-2.4,9.1,0.0,0.0267,0.0211,1.28,0.0032,88.0,61.0
2024-01-05,종로구,3425,248331,4.2,0.4,8.9,0.0,0.0363,0.02,0.84,0.0037,89.0,61.0
2024-01-05,중구,2611,272430,3.7,-0.2,8.6,0.0,0.0369,0.0181,0.75,0.0034,76.0,58.0
2024-01-05,중랑구,2683,67286,5.8,2.8,9.3,0.0,0.0328,0.022,0.73,0.0029,72.0,56.0
2024-01-06,강남구,1680,236737,1.6,-0.8,5.7,0.0,0.0192,0.0244,0.38,0.0031,23.0,13.0
2024-01-06,강동구,2591,63886,1.4,-1.9,5.5,1.5,0.0256,0.0207,0.8,0.0024,25.0,12.0
2024-01-06,강북구,929,37559,0.3,-3.0,4.0,2.0,0.0136,0.0282,0.41,0.0026,22.0,13.0
2024-01-06,강서구,6718,127751,0.8,-3.2,5.6,1.5,0.0225,0.0226,0.44,0.0036,26.0,12.0
2024-01-06,관악구,1620,127185,-0.5,-3.9,4.4,0.0,0.0206,0.0226,0.44,0.0028,25.0,11.0
2024-01-06,광진구,2743,57782,1.6,-0.5,4.8,1.0,0.0236,0.0238,0.27,0.0027,27.0,12.0
2024-01-06,구로구,2305,85318,,,,,,,,,,
2024-01-06,금천구,850,38586,1.2,-0.9,5.4,0.0,0.0241,0.021,0.44,0.0026,22.0,10.0
2024-01-06,노원구,4057,123943,-0.4,-6.4,5.5,0.5,0.0206,0.0218,0.44,0.0028,31.0,18.0
2024-01-06,도봉구,1502,71860,0.6,-4.3,6.7,0.0,0.0127,0.0324,0.48,0.0029,19.0,13.0
2024-01-06,동대문구,1917,77311,1.5,-1.3,5.0,1.0,0.0177,0.0253,0.43,0.0033,26.0,14.0
2024-01-06,동작구,1143,71908,1.0,-4.4,6.1,1.0,0.0219,0.0233,0.36,0.0026,22.0,12.0
2024-01-06,마포구,2482,223297,0.3,-2.6,4.6,0.0,0.0214,0.0229,0.42,0.0027,21.0,11.0
2024-01-06,서대문구,1122,74246,-0.3,-3.7,4.2,2.0,0.017,0.0257,0.64,0.0031,23.0,14.0
2024-01-06,서초구,1569,124346,1.5,-0.9,5.3,1.0,0.0148,0.0238,0.35,0.0029,37.0,9.0
2024-01-06,성동구,1902,85319,1.3,-0.9,5.2,0.0,0.0172,0.0234,0.36,0.0025,23.0,12.0
2024-01-06,성북구,1468,33908,0.6,-2.3,4.2,0.0,0.017,0.023,0.53,0.0025,24.0,14.0
2024-01-06,송파구,5498,128258,1.7,-0.5,5.3,1.0,0.022,0.024,0.42,0.0028,25.0,12.0
2024-01-06,양천구,4062,25023,1.4,-0.9,5.4,1.0,0.0242,0.022,0.46,0.0031,25.0,13.0
2024-01-06,영등포구,4566,211898,1.4,-1.0,6.1,1.5,0.0206,0.0248,0.41,0.0027,21.0,11.0
2024-01-06,용산구,1030,0,1.0,-2.0,5.0,1.5,0.0174,0.0221,0.45,0.0025,25.0,12.0
2024-01-06,은평구,1548,92232,-1.2,-6.2,4.6,1.5,0.0152,0.022,0.89,0.0029,27.0,16.0
2024-01-06,종로구,1697,187385,-0.3,-3.3,4.6,0.5,0.0156,0.0281,0.44,0.0029,25.0,15.0
2024-01-06,중구,1127,163848,-1.2,-3.6,3.4,2.5,0.0161,0.0264,0.39,0.0031,19.0,13.0
2024-01-06,중랑구,1800,48499,1.7,-0.8,5.2,1.5,0.022,0.0213,0.42,0.0026,23.0,15.0
2024-01-07,강남구,886,138817,-3.1,-6.9,0.0,0.0,0.0102,0.0275,0.38,0.003,24.0,15.0
2024-01-07,강동구,1447,45190,-3.6,-7.6,-0.4,0.0,0.0119,0.027,0.77,0.0029,22.0,11.0
2024-01-07,강북구,544,27343,-4.6,-8.9,-1.1,0.0,0.0059,0.0306,0.4,0.0024,24.0,15.0
2024-01-07,강서구,3254,94275,-3.7,-7.5,-0.7,0.0,0.0131,0.0256,0.43,0.0033,26.0,12.0
2024-01-07,관악구,1044,89810,-4.8,-8.7,-1.2,0.0,0.012,0.0251,0.44,0.0025,25.0,13.0
2024-01-07,광진구,1676,42464,-3.4,-6.8,0.1,0.0,0.0108,0.028,0.29,0.0026,25.0,13.0
2024-01-07,구로구,1452,59407,,,,0.0,0.0086,0.0221,0.42,0.0028,26.0,14.0
2024-01-07,금천구,452,25918,-3.7,-7.3,-0.5,0.0,0.0112,0.0269,0.43,0.0023,22.0,14.0
2024-01-07,노원구,2490,87754,-3.8,-9.0,-0.7,0.0,0.0095,0.0259,0.41,0.0027,26.0,15.0
2024-01-07,도봉구,982,53158,-4.1,-8.1,-0.7,0.0,0.0061,0.0324,0.48,0.0029,20.0,14.0
2024-01-07,동대문구,1060,54642,-3.7,-7.3,-0.4,0.0,0.0109,0.0268,0.44,0.0033,25.0,14.0
2024-01-07,동작구,722,51687,-3.3,-7.2,-0.2,0.0,0.0116,0.0264,0.38,0.0024,25.0,15.0
2024-01-07,마포구,1241,166106,-4.7,-8.9,-1.1,0.0,0.0132,0.0255,0.43,0.0024,22.0,13.0
2024-01-07,서대문구,580,55246,-5.2,-9.1,-2.4,0.0,0.0109,0.0266,0.62,0.0033,23.0,15.0
2024-01-07,서초구,859,100067,-3.2,-6.9,-0.4,0.0,0.0074,0.0276,0.35,0.003,,11.0
2024-01-07,성동구,1059,65377,-3.6,-7.2,-0.3,0.0,0.0089,0.0268,0.36,0.0023,22.0,12.0
2024-01-07,성북구,818,25794,-4.8,-8.4,-1.4,0.0,0.006,0.0272,0.53,0.0027,22.0,14.0
2024-01-07,송파구,2684,89164,-3.1,-6.7,0.2,0.0,0.0123,0.0274,0.43,0.0025,24.0,14.0
2024-01-07,양천구,2530,16797,-3.4,-7.1,-0.6,0.0,0.0147,0.0246,0.46,0.0029,26.0,16.0
2024-01-07,영등포구,2670,152706,-3.5,-7.2,-0.6,0.0,0.012,0.0285,0.43,0.0028,22.0,14.0
2024-01-07,용산구,544,0,-3.6,-7.5,-0.6,0.0,0.0104,0.024,0.46,0.0024,24.0,13.0
2024-01-07,은평구,830,64810,-6.6,-11.3,-2.3,0.0,0.0111,0.0223,0.87,0.003,26.0,14.0
2024-01-07,종로구,902,118782,-5.6,-9.7,-2.4,0.0,0.0094,0.029,0.44,0.0026,24.0,16.0
2024-01-07,중구,513,121593,-6.4,-10.2,-3.2,0.0,0.0112,0.0265,0.41,0.003,20.0,15.0
2024-01-07,중랑구,1052,34046,-3.5,-7.0,0.0,0.0,0.0125,0.0244,0.41,0.0025,21.0,14.0
2024-01-08,강남구,2077,397338,-3.7,-8.5,0.7,0.0,0.0269,0.0119,0.45,0.0029,23.0,14.0
2024-01-08,강동구,2691,90955,-4.0,-9.3,0.6,0.0,0.0298,0.0114,0.7,0.003,22.0,10.0
2024-01-08,강북구,884,44229,-5.4,-11.2,-0.6,0.0,0.0214,0.0147,0.5,0.0023,23.0,13.0
2024-01-08,강서구,8738,177254,-4.0,-9.9,0.1,0.0,0.0287,0.0134,0.54,0.0036,25.0,11.0
2024-01-08,관악구,1472,145260,-6.1,-12.0,-0.7,0.0,0.0268,0.0117,0.52,0.0028,23.0,11.0
2024-01-08,광진구,3101,59985,-3.9,-8.5,0.0,0.0,0.0298,0.014,0.38,0.0024,22.0,12.0
2024-01-08,구로구,2718,124026,-4.4,-10.0,0.0,0.0,0.0192,0.0113,0.47,0.0029,27.0,13.0
2024-01-08,금천구,1407,100741,-3.8,-8.4,0.1,0.0,0.0288,0.0127,0.53,0.0025,24.0,15.0
2024-01-08,노원구,3943,154579,-5.6,-13.3,-0.1,0.0,0.0277,0.0121,0.53,0.003,28.0,17.0
2024-01-08,도봉구,1507,86389,-5.1,-11.1,2.3,0.0,0.024,0.0166,0.54,0.0026,20.0,13.0
2024-01-08,동대문구,2132,96071,-3.9,-8.9,0.3,0.0,0.0296,0.013,0.52,0.0035,22.0,12.0
2024-01-08,동작구,1186,87366,-4.4,-10.6,0.7,0.0,0.0274,0.0121,0.46,0.0024,23.0,14.0
2024-01-08,마포구,2526,248123,-4.5,-9.9,-0.7,0.0,0.0288,0.0109,0.52,0.0026,23.0,15.0
2024-01-08,서대문구,1129,88537,-5.6,-11.3,-1.0,0.0,0.0259,0.0135,0.73,0.0043,22.0,14.0
2024-01-08,서초구,1906,141515,-3.9,-9.1,0.5,0.0,0.0248,0.0118,0.41,0.003,28.0,11.0
2024-01-08,성동구,2704,117351,-3.7,-8.0,-0.1,0.0,0.026,0.0125,0.43,0.0023,22.0,11.0
2024-01-08,성북구,1464,45251,-4.9,-9.9,-1.0,0.0,0.0234,0.0128,0.65,0.0028,23.0,14.0
2024-01-08,송파구,5572,188290,-3.3,-8.2,0.4,0.0,0.0269,0.0133,0.48,0.0024,24.0,13.0
2024-01-08,양천구,4412,34608,-3.4,-8.0,0.2,0.0,0.029,0.0127,0.54,0.003,25.0,14.0
2024-01-08,영등포구,6093,311334,-3.5,-8.0,0.0,0.0,0.0275,0.0115,0.53,0.0028,21.0,13.0
2024-01-08,용산구,1029,0,-4.0,-9.3,-0.1,0.0,0.0279,0.0108,0.54,0.0026,23.0,11.0
2024-01-08,은평구,1392,116779,-6.8,-13.8,-0.8,0.0,0.0236,0.0132,0.87,0.0031,23.0,11.0
2024-01-08,종로구,2354,224950,-5.6,-11.1,-0.1,0.0,0.0254,0.0128,0.54,0.0027,23.0,16.0
2024-01-08,중구,1690,251288,-6.2,-10.6,-1.8,0.0,0.0271,0.0106,0.5,0.0031,20.0,14.0
2024-01-08,중랑구,1840,62361,-4.0,-8.9,0.0,0.0,0.0255,0.0126,0.46,0.0022,20.0,13.0
2024-01-09,강남구,1014,418420,-0.4,-1.7,0.5,1.5,0.0397,0.0031,0.47,0.0029,28.0,19.0
2024-01-09,강동구,1566,96974,-1.2,-2.5,0.2,1.0,0.0423,0.003,0.54,0.0029,28.0,19.0
2024-01-09,강북구,452,45580,-1.4,-2.4,-0.1,2.0,0.0442,0.0017,0.67,0.0026,29.0,20.0
2024-01-09,강서구,5962,186604,0.3,-1.4,1.1,0.0,0.0449,0.0041,0.66,0.0035,25.0,15.0
2024-01-09,관악구,887,150110,-0.7,-2.5,0.5,0.5,0.0441,0.0036,0.64,0.0032,28.0,16.0
2024-01-09,광진구,1871,61680,-0.4,-1.9,0.4,0.0,0.0471,0.0038,0.45,0.0024,26.0,18.0
2024-01-09,구로구,1591,128992,-0.2,-1.8,1.2,0.5,0.0307,0.0038,0.58,0.0028,31.0,20.0
2024-01-09,금천구,827,104280,0.3,-1.0,1.3,1.5,0.0352,0.0092,0.49,0.0025,26.0,17.0
2024-01-09,노원구,1977,161904,-1.7,-3.4,-0.3,0.5,0.0402,0.0035,0.54,0.0029,31.0,22.0
2024-01-09,도봉구,695,89722,-1.2,-2.6,0.4,0.5,0.0432,0.0035,0.77,0.0026,29.0,22.0
2024-01-09,동대문구,1326,98810,-0.7,-2.5,0.7,0.5,0.0478,0.0026,0.66,0.0035,30.0,18.0
2024-01-09,동작구,623,90185,-0.3,-2.3,1.0,2.0,0.0401,0.0037,0.52,0.0025,28.0,19.0
2024-01-09,마포구,1638,256756,-0.4,-1.5,0.7,0.5,0.0423,0.0019,0.58,0.0026,22.0,17.0
2024-01-09,서대문구,782,92133,-1.2,-2.5,-0.2,0.5,0.0431,0.0034,0.84,0.0037,27.0,20.0
2024-01-09,서초구,969,147231,-0.2,-1.7,1.0,2.0,0.0354,0.0051,0.48,0.0029,28.0,19.0
2024-01-09,성동구,1509,124629,-0.2,-1.6,0.8,1.0,0.0394,0.0037,0.48,0.0025,28.0,17.0
2024-01-09,성북구,812,47411,-1.3,-2.6,0.0,1.5,0.0404,0.0023,0.76,0.0028,30.0,20.0
2024-01-09,송파구,2968,203571,-0.1,-1.4,1.1,0.0,0.0393,0.0046,0.5,0.0024,25.0,16.0
2024-01-09,양천구,2813,36833,0.3,-0.8,1.4,1.0,0.0442,0.0038,0.62,0.0031,28.0,18.0
2024-01-09,영등포구,3637,327135,0.3,-1.1,1.4,0.5,0.0422,0.0028,0.62,0.003,25.0,18.0
2024-01-09,용산구,559,0,-0.2,-1.5,0.6,1.5,0.0414,0.0029,0.55,0.0025,24.0,15.0
2024-01-09,은평구,873,120809,-1.4,-3.7,0.4,1.5,0.0414,0.0045,1.08,0.0032,30.0,19.0
2024-01-09,종로구,1302,236080,-1.7,-3.1,-0.7,1.5,0.0424,0.0027,0.66,0.0031,30.0,24.0
2024-01-09,중구,942,262055,-2.4,-3.9,-1.0,1.0,0.0441,0.0026,0.63,0.0033,26.0,22.0
2024-01-09,중랑구,989,65268,-0.7,-2.6,0.4,1.0,0.0383,0.0044,0.49,0.0025,26.0,19.0
2024-01-10,강남구,2038,415073,0.2,-3.0,4.8,0.0,0.0422,0.0051,0.72,0.0031,68.0,56.0
2024-01-10,강동구,2663,96735,-0.3,-3.8,4.1,0.0,0.045,0.0063,0.8,0.0026,65.0,55.0
2024-01-10,강북구,785,46698,-2.3,-5.7,3.5,0.0,0.0312,0.0078,0.82,0.0024,64.0,49.0
2024-01-10,강서구,10266,188119,-1.1,-4.1,2.9,0.0,0.0429,0.007,0.83,0.0037,80.0,53.0
2024-01-10,관악구,1522,155795,-1.9,-4.3,2.3,0.0,0.0411,0.006,0.78,0.0031,74.0,54.0
2024-01-10,광진구,3316,63791,0.0,-3.2,3.8,0.0,0.0486,0.0063,0.71,0.0026,58.0,46.0
2024-01-10,구로구,2964,130519,-1.5,-4.5,2.4,0.0,0.0279,0.0064,0.69,0.0027,78.0,61.0
2024-01-10,금천구,1451,103416,-0.4,-1.8,2.9,0.0,0.0335,0.008,0.66,0.0024,73.0,66.0
2024-01-10,노원구,3762,165969,-3.2,-9.2,3.9,0.0,0.0412,0.0071,0.88,0.0032,76.0,60.0
2024-01-10,도봉구,1387,92767,-2.0,-6.4,6.4,0.0,0.0356,0.0104,0.9,0.0029,65.0,56.0
2024-01-10,동대문구,2251,102660,-0.2,-3.3,4.6,0.0,0.0455,0.0062,0.91,0.0035,69.0,54.0
2024-01-10,동작구,1214,91949,-1.4,-5.5,4.2,0.0,0.0398,0.0069,0.7,0.0026,71.0,59.0
2024-01-10,마포구,3092,265249,-0.8,-3.8,2.9,0.0,0.0418,0.0037,0.84,0.0028,64.0,59.0
2024-01-10,서대문구,1283,94246,-1.8,-5.2,2.1,0.0,0.0395,0.0056,1.12,0.0044,65.0,56.0
2024-01-10,서초구,1790,146316,-0.1,-2.3,3.9,0.0,0.0357,0.0053,0.66,0.0027,75.0,59.0
2024-01-10,성동구,2776,125533,0.1,-2.4,3.8,0.0,0.04,0.0057,0.71,0.0024,65.0,47.0
2024-01-10,성북구,1415,48508,-1.2,-4.6,3.4,0.0,0.0385,0.0065,1.01,0.003,69.0,54.0
2024-01-10,송파구,5294,201660,0.6,-2.5,4.3,0.0,0.0437,0.0037,0.78,0.0027,59.0,44.0
2024-01-10,양천구,4956,36749,-0.5,-2.8,2.9,0.0,0.0444,0.0058,0.9,0.0032,82.0,68.0
2024-01-10,영등포구,6684,329893,-0.2,-2.7,3.4,0.0,0.0414,0.0048,0.82,0.0032,68.0,60.0
2024-01-10,용산구,1172,0,-0.3,-3.3,3.2,0.0,0.0398,0.0056,0.78,0.0027,59.0,45.0
2024-01-10,은평구,1593,124327,-3.7,-8.8,2.8,0.0,0.0362,0.0064,1.11,0.003,66.0,53.0
2024-01-10,종로구,2640,244232,-2.1,-4.2,2.2,0.0,0.0389,0.0065,0.83,0.0033,70.0,64.0
2024-01-10,중구,1957,267243,-2.2,-4.5,2.1,0.0,0.0408,0.0049,0.76,0.0032,64.0,58.0
2024-01-10,중랑구,1803,66244,0.0,-3.0,4.1,0.0,0.0425,0.0062,0.77,0.0025,60.0,52.0
2024-01-11,강남구,2628,418745,1.9,-2.4,4.9,0.0,0.0403,0.0077,0.62,0.0033,65.0,52.0
2024-01-11,강동구,3331,95711,2.1,-1.8,5.0,0.0,0.0474,0.0062,0.75,0.0028,64.0,53.0
2024-01-11,강북구,997,47357,1.6,-4.2,4.7,0.0,0.0338,0.0143,0.69,0.0029,67.0,52.0
2024-01-11,강서구,11387,187308,2.2,-2.4,5.6,0.0,0.0431,0.0093,0.73,0.0039,70.0,47.0
2024-01-11,관악구,1943,157730,0.5,-4.2,3.8,0.0,0.0403,0.0093,0.71,0.0033,63.0,44.0
2024-01-11,광진구,3946,63274,2.0,-1.4,4.8,0.0,0.0495,0.0059,0.65,0.0026,66.0,57.0
2024-01-11,구로구,3356,130247,1.4,-3.1,5.1,0.0,0.0288,0.0082,0.61,0.0029,67.0,51.0
2024-01-11,금천구,1657,103512,1.9,-2.1,5.0,0.0,0.0368,0.008,0.69,0.0028,67.0,57.0
2024-01-11,노원구,4540,164085,1.2,-4.1,4.8,0.0,0.045,0.0067,0.69,0.0032,71.0,57.0
2024-01-11,도봉구,1665,92243,1.5,-4.4,4.7,0.0,0.0372,0.014,0.61,0.0031,62.0,51.0
2024-01-11,동대문구,2693,103443,2.0,-1.5,4.9,0.0,0.0439,0.0078,0.76,0.0034,66.0,50.0
2024-01-11,동작구,1515,92206,1.5,-4.8,5.6,0.0,0.0381,0.0107,0.6,0.0028,64.0,52.0
2024-01-11,마포구,3493,266822,1.9,-2.7,5.6,0.0,0.0421,0.0075,0.69,0.0032,52.0,50.0
2024-01-11,서대문구,1520,93998,1.2,-3.4,4.4,0.0,0.037,0.011,0.73,0.0044,61.0,49.0
2024-01-11,서초구,2354,150138,1.9,-2.7,5.1,0.0,0.034,0.0081,0.56,0.0028,70.0,51.0
2024-01-11,성동구,3276,123209,1.9,-1.8,4.9,0.0,0.0405,0.0059,0.64,0.0026,66.0,46.0
2024-01-11,성북구,1793,48515,1.4,-2.3,4.2,0.0,0.0381,0.0084,0.87,0.003,65.0,49.0
2024-01-11,송파구,6903,199344,2.4,-1.2,5.1,0.0,0.0425,0.0072,0.65,0.0029,56.0,42.0
2024-01-11,양천구,5402,36884,2.3,-1.7,5.4,0.0,0.0443,0.0082,0.75,0.0034,68.0,55.0
2024-01-11,영등포구,7317,330984,2.4,-1.6,5.4,0.0,0.0403,0.0092,0.68,0.0034,58.0,50.0
2024-01-11,용산구,1428,0,2.2,-1.7,5.3,0.0,0.039,0.0072,0.68,0.003,55.0,41.0
2024-01-11,은평구,1892,124181,0.3,-4.6,4.2,0.0,0.0402,0.0093,0.58,0.0032,63.0,48.0
2024-01-11,종로구,3180,247071,0.3,-4.3,3.8,0.0,0.0383,0.0084,0.73,0.0035,68.0,60.0
2024-01-11,중구,2272,263690,0.1,-4.0,2.8,0.0,0.0414,0.0074,0.68,0.0033,59.0,52.0
2024-01-11,중랑구,2277,65765,2.1,-1.4,4.8,0.0,0.0464,0.0063,0.68,0.0029,58.0,50.0
2024-01-12,강남구,2747,425884,2.3,-0.8,5.8,0.0,0.0254,0.0233,0.53,0.0034,58.0,39.0
2024-01-12,강동구,3338,97928,2.1,-0.9,6.0,0.0,0.0317,0.0205,0.68,0.0028,59.0,38.0
2024-01-12,강북구,1060,47827,0.6,-2.2,4.2,0.0,0.0157,0.0307,0.55,0.0031,55.0,36.0
2024-01-12,강서구,11556,192395,1.1,-2.4,4.5,0.0,0.0278,0.0218,0.58,0.0039,62.0,34.0
2024-01-12,관악구,1921,165298,0.2,-2.5,5.0,0.0,0.0281,0.0198,0.6,0.003,62.0,37.0
2024-01-12,광진구,3935,66981,2.6,0.7,4.8,0.0,0.0221,0.0246,0.31,0.0026,28.0,10.0
2024-01-12,구로구,3493,132596,1.2,-2.1,5.2,0.0,0.0205,0.0176,0.54,0.003,64.0,39.0
2024-01-12,금천구,1614,103335,2.2,0.5,5.2,0.0,0.0302,0.0175,0.64,0.0031,59.0,41.0
2024-01-12,노원구,5003,169029,0.0,-4.5,5.3,0.0,0.024,0.0232,0.59,0.0034,62.0,41.0
2024-01-12,도봉구,1776,95576,0.4,-3.2,5.4,0.0,0.0138,0.0343,0.36,0.0033,55.0,37.0
2024-01-12,동대문구,2801,106762,2.1,0.1,4.5,0.0,0.0224,0.0245,0.58,0.0036,57.0,36.0
2024-01-12,동작구,1521,97770,0.9,-3.3,5.0,0.0,0.0301,0.0202,0.56,0.003,63.0,43.0
2024-01-12,마포구,3670,277724,0.9,-1.5,4.5,0.0,0.0296,0.019,0.58,0.0031,53.0,37.0
2024-01-12,서대문구,1595,98251,0.0,-2.4,4.1,0.0,0.023,0.0227,0.62,0.0039,55.0,38.0
2024-01-12,서초구,2387,160645,2.3,0.6,4.9,0.0,0.0197,0.0214,0.48,0.003,65.0,38.0
2024-01-12,성동구,3246,126947,2.3,0.5,4.9,0.0,0.0229,0.0219,0.5,0.0027,56.0,31.0
2024-01-12,성북구,1825,49127,1.3,-1.0,4.0,0.0,0.0218,0.0208,0.66,0.003,55.0,35.0
2024-01-12,송파구,7328,204400,2.5,0.8,5.5,0.0,0.0288,0.0224,0.58,0.0032,57.0,33.0
2024-01-12,양천구,5441,37408,2.0,0.2,4.5,0.0,0.0319,0.0195,0.63,0.0034,61.0,40.0
2024-01-12,영등포구,7572,343509,2.1,0.5,4.9,0.0,0.0264,0.0228,0.58,0.0033,54.0,38.0
2024-01-12,용산구,1422,0,2.0,0.1,5.0,0.0,0.0231,0.0206,0.61,0.003,55.0,32.0
2024-01-12,은평구,1898,127051,-1.7,-5.2,4.0,0.0,0.0248,0.0189,0.45,0.0031,57.0,35.0
2024-01-12,종로구,3238,251196,0.2,-2.0,4.3,0.0,0.0204,0.0267,0.58,0.0034,59.0,44.0
2024-01-12,중구,2267,272056,-0.3,-2.2,2.9,0.0,0.023,0.0227,0.53,0.0032,51.0,38.0
2024-01-12,중랑구,2441,67411,2.2,0.2,4.8,0.0,0.0285,0.0213,0.56,0.003,49.0,38.0
2024-01-13,강남구,1889,246712,1.0,-2.6,6.3,0.0,0.0307,0.0173,0.46,0.0035,24.0,12.0
2024-01-13,강동구,2961,65747,0.0,-3.6,5.4,0.0,0.0343,0.0138,0.67,0.003,25.0,11.0
2024-01-13,강북구,959,39809,-1.0,-4.7,4.8,0.0,0.0254,0.0176,0.54,0.0029,23.0,13.0
2024-01-13,강서구,7710,132010,-0.6,-5.1,5.4,0.0,0.0341,0.0148,0.53,0.0039,27.0,12.0
2024-01-13,관악구,1661,133386,-0.9,-4.8,5.1,0.0,0.0318,0.0159,0.54,0.003,25.0,12.0
2024-01-13,광진구,3130,57819,1.3,-2.2,5.3,0.0,0.0308,0.015,0.43,0.0027,25.0,11.0
2024-01-13,구로구,2569,88144,0.1,-4.1,5.6,0.0,0.0225,0.0148,0.47,0.0032,27.0,12.0
2024-01-13,금천구,856,40467,1.4,-1.6,6.1,0.0,0.0358,0.0129,0.63,0.0032,25.0,12.0
2024-01-13,노원구,4370,128141,-2.8,-8.5,5.2,0.0,0.0325,0.0136,0.63,0.0041,27.0,14.0
2024-01-13,도봉구,1491,73743,-1.3,-6.1,8.2,0.0,0.0277,0.0195,0.32,0.0031,21.0,12.0
2024-01-13,동대문구,2119,79645,1.2,-2.5,5.5,0.0,0.0301,0.0193,0.56,0.0038,25.0,12.0
2024-01-13,동작구,1304,75364,-1.5,-6.0,6.7,0.0,0.0334,0.0164,0.45,0.0029,22.0,12.0
2024-01-13,마포구,2944,232970,1.0,-2.9,5.6,0.0,0.032,0.0159,0.52,0.0031,23.0,13.0
2024-01-13,서대문구,1278,77495,-0.3,-4.6,4.9,0.0,0.0284,0.0158,0.64,0.0043,25.0,15.0
2024-01-13,서초구,1747,130672,0.9,-2.7,5.7,0.0,0.0274,0.0143,0.42,0.0032,28.0,10.0
2024-01-13,성동구,2200,82744,1.7,-1.3,5.5,0.0,0.0271,0.0184,0.43,0.0029,23.0,10.0
2024-01-13,성북구,1521,34826,0.2,-3.3,4.9,0.0,0.0262,0.0164,0.53,0.0031,27.0,12.0
2024-01-13,송파구,5949,133844,2.0,-1.2,5.5,0.0,0.0312,0.0184,0.51,0.0031,27.0,12.0
2024-01-13,양천구,4666,25233,1.6,-1.8,5.6,0.0,0.0355,0.0146,0.56,0.0035,26.0,13.0
2024-01-13,영등포구,5279,226101,1.8,-1.7,6.5,0.0,0.0304,0.0177,0.49,0.0033,22.0,13.0
2024-01-13,용산구,1236,0,0.7,-3.0,6.0,0.0,0.0294,0.016,0.58,0.0031,28.0,13.0
2024-01-13,은평구,1762,94983,-3.0,-7.8,5.7,0.0,0.0269,0.0153,0.33,0.0032,23.0,10.0
2024-01-13,종로구,1959,191740,-0.4,-4.5,5.8,0.0,0.0265,0.0211,0.54,0.0035,24.0,15.0
2024-01-13,중구,1304,163713,-0.6,-3.7,4.1,0.0,0.0285,0.0174,0.49,0.0035,20.0,12.0
2024-01-13,중랑구,2081,50060,1.0,-2.1,5.4,0.0,0.0286,0.0165,0.47,0.0028,20.0,12.0
2024-01-14,강남구,848,137121,0.0,-2.5,3.5,2.5,0.0355,0.008,0.61,0.003,31.0,23.0
2024-01-14,강동구,1329,43984,-0.7,-3.5,1.8,2.5,0.0374,0.0062,0.79,0.0026,31.0,22.0
2024-01-14,강북구,445,25736,-1.2,-3.8,1.6,4.0,0.0332,0.0095,0.69,0.0024,32.0,24.0
2024-01-14,강서구,3524,92159,-0.2,-3.7,4.5,1.0,0.041,0.0115,0.83,0.0037,35.0,21.0
2024-01-14,관악구,903,88514,-0.3,-3.4,3.7,3.0,0.0385,0.01,0.78,0.0024,35.0,22.0
2024-01-14,광진구,1492,39131,0.4,-1.8,3.4,1.0,0.0301,0.0093,0.56,0.0022,29.0,20.0
2024-01-14,구로구,1235,58560,-0.4,-3.5,3.9,1.5,0.0274,0.0096,0.68,0.0026,37.0,24.0
2024-01-14,금천구,427,25653,0.7,-2.7,4.9,3.0,0.0332,0.0133,0.74,0.0028,32.0,23.0
2024-01-14,노원구,1896,86305,-2.2,-6.8,1.5,1.5,0.0379,0.0072,0.77,0.0035,36.0,26.0
2024-01-14,도봉구,661,51087,-1.7,-4.7,1.9,2.0,0.0372,0.0106,0.64,0.0027,30.0,24.0
2024-01-14,동대문구,900,50681,-0.1,-2.2,2.1,1.5,0.0415,0.0072,0.83,0.0033,35.0,24.0
2024-01-14,동작구,620,47190,-0.6,-4.7,5.2,3.0,0.0402,0.0099,0.69,0.0025,34.0,23.0
2024-01-14,마포구,1300,162769,0.3,-3.9,3.8,2.0,0.0418,0.0076,0.79,0.003,32.0,24.0
2024-01-14,서대문구,614,50788,-0.3,-4.6,3.1,2.0,0.0339,0.0108,0.8,0.005,31.0,24.0
2024-01-14,서초구,705,100787,-0.1,-3.6,4.5,3.0,0.0317,0.0084,0.67,0.0028,34.0,22.0
2024-01-14,성동구,987,53446,0.4,-2.3,2.8,2.0,0.0364,0.0074,0.64,0.0023,32.0,21.0
2024-01-14,성북구,742,25291,-0.5,-3.8,2.9,2.5,0.0368,0.0063,0.79,0.0025,33.0,26.0
2024-01-14,송파구,2562,88886,0.6,-1.6,4.0,1.0,0.0376,0.0081,0.69,0.0027,31.0,21.0
2024-01-14,양천구,2196,16331,1.0,-2.5,4.6,2.0,0.0404,0.0108,0.78,0.0032,35.0,23.0
2024-01-14,영등포구,2389,152687,0.9,-2.5,4.7,3.0,0.0371,0.0109,0.73,0.0031,31.0,23.0
2024-01-14,용산구,554,0,0.1,-2.5,3.4,3.0,0.0382,0.0069,0.79,0.0028,33.0,21.0
2024-01-14,은평구,759,63305,-1.4,-5.4,6.9,2.5,0.028,0.0152,0.6,0.0032,31.0,20.0
2024-01-14,종로구,844,115465,-1.2,-4.7,3.1,2.0,0.0387,0.0084,0.84,0.0032,34.0,28.0
2024-01-14,중구,540,111533,-0.7,-5.1,2.5,2.5,0.0385,0.0083,0.75,0.0032,30.0,24.0
2024-01-14,중랑구,912,45789,0.1,-1.9,2.2,2.5,0.0376,0.0068,0.67,0.0025,29.0,23.0
2024-01-15,강남구,2199,402629,-2.2,-5.0,1.6,0.0,0.0203,0.0238,0.39,0.0032,23.0,12.0
2024-01-15,강동구,2826,92934,-2.5,-6.1,2.5,0.0,0.0205,0.0237,0.56,0.0031,21.0,7.0
2024-01-15,강북구,916,44771,-4.1,-8.3,0.9,0.0,0.0111,0.031,0.39,0.0026,19.0,11.0
2024-01-15,강서구,10132,182660,-3.0,-5.8,1.0,0.0,0.0164,0.0276,0.38,0.0035,23.0,7.0
2024-01-15,관악구,1560,147528,-4.4,-8.6,0.0,0.0,0.0181,0.0237,0.41,0.0027,23.0,9.0
2024-01-15,광진구,3281,60071,-2.3,-5.1,0.8,0.0,0.0159,0.0256,0.34,0.0025,24.0,10.0
2024-01-15,구로구,3062,125733,-3.7,-6.7,0.4,0.0,0.0135,0.0208,0.39,0.0032,25.0,7.0
2024-01-15,금천구,1427,101475,-3.0,-5.8,1.0,0.0,0.0204,0.0224,0.42,0.0029,23.0,8.0
2024-01-15,노원구,3792,157232,-3.4,-8.8,1.8,0.0,0.0117,0.0288,0.37,0.003,23.0,12.0
2024-01-15,도봉구,1413,87790,-3.4,-8.4,4.7,0.0,0.0123,0.0318,0.24,0.003,17.0,10.0
2024-01-15,동대문구,2330,98810,-2.3,-5.6,2.1,0.0,0.0189,0.0246,0.47,0.0035,22.0,11.0
2024-01-15,동작구,1170,88552,-2.6,-5.8,2.0,0.0,0.0195,0.0242,0.37,0.0028,24.0,10.0
2024-01-15,마포구,3083,254500,-4.0,-6.9,0.1,0.0,0.0197,0.0238,0.41,0.0029,22.0,10.0
2024-01-15,서대문구,1370,90184,-4.4,-8.1,0.0,0.0,0.0153,0.0252,0.34,0.0035,22.0,12.0
2024-01-15,서초구,2039,143109,-2.3,-5.0,1.1,0.0,0.0155,0.0235,0.35,0.0032,27.0,8.0
2024-01-15,성동구,2748,115680,-2.4,-5.2,1.4,0.0,0.0194,0.0224,0.37,0.0026,22.0,10.0
2024-01-15,성북구,1625,46260,-3.5,-6.7,0.7,0.0,0.0152,0.0235,0.39,0.0025,19.0,10.0
2024-01-15,송파구,6219,190818,-2.1,-4.9,1.8,0.0,0.0222,0.0237,0.45,0.0028,27.0,12.0
2024-01-15,양천구,4595,35124,-2.7,-5.4,0.8,0.0,0.0206,0.0239,0.42,0.0031,23.0,9.0
2024-01-15,영등포구,6441,316383,-2.9,-5.4,1.5,0.0,0.0179,0.0274,0.39,0.0033,20.0,9.0
2024-01-15,용산구,1163,0,-2.8,-5.8,0.7,0.0,0.0185,0.0219,0.45,0.0031,25.0,10.0
2024-01-15,은평구,1558,119118,-5.8,-10.3,0.7,0.0,0.0165,0.0221,0.32,0.0034,22.0,10.0
2024-01-15,종로구,2692,228503,-4.7,-8.0,0.1,0.0,0.0155,0.0276,0.42,0.003,22.0,14.0
2024-01-15,중구,1864,252520,-5.4,-8.2,-0.7,0.0,0.0172,0.0247,0.39,0.0034,18.0,11.0
2024-01-15,중랑구,1959,86926,-2.4,-5.5,2.3,0.0,0.0189,0.0241,0.4,0.0027,19.0,10.0
2024-01-16,강남구,2519,416164,-1.8,-6.7,4.7,0.0,0.037,0.0116,0.53,0.0033,31.0,18.0
2024-01-16,강동구,3082,95256,-2.3,-7.1,4.3,0.0,0.0345,0.0147,0.72,0.0033,30.0,15.0
2024-01-16,강북구,938,45915,-3.6,-8.9,3.3,0.0,0.0268,0.0165,0.53,0.0028,27.0,17.0
2024-01-16,강서구,11062,186490,-2.5,-7.4,3.4,0.0,0.039,0.0127,0.59,0.0038,33.0,13.0
2024-01-16,관악구,1815,152692,-3.9,-9.5,3.1,0.0,0.0409,0.0102,0.67,0.0029,34.0,19.0
2024-01-16,광진구,3785,61822,-1.6,-5.6,3.4,0.0,0.0286,0.0161,0.44,0.0024,28.0,14.0
2024-01-16,구로구,3324,129149,-2.6,-7.5,3.4,0.0,0.0273,0.0106,0.54,0.0033,39.0,18.0
2024-01-16,금천구,1719,102491,-1.3,-5.7,3.6,0.0,0.0408,0.0095,0.66,0.003,33.0,19.0
2024-01-16,노원구,4294,161372,-4.5,-10.9,3.7,0.0,0.0333,0.0147,0.59,0.0036,32.0,19.0
2024-01-16,도봉구,1521,91711,-3.2,-9.1,6.7,0.0,0.0324,0.0168,0.42,0.003,26.0,18.0
2024-01-16,동대문구,2571,100975,-1.8,-6.5,4.1,0.0,0.04,0.0135,0.65,0.0038,31.0,16.0
2024-01-16,동작구,1347,90584,-3.6,-8.6,5.1,0.0,0.0423,0.0099,0.62,0.0028,33.0,20.0
2024-01-16,마포구,3418,259472,-1.5,-6.8,3.2,0.0,0.0394,0.0111,0.58,0.0033,30.0,17.0
2024-01-16,서대문구,1606,92725,-2.9,-8.3,3.2,0.0,0.0334,0.0129,0.76,0.0064,30.0,19.0
2024-01-16,서초구,2269,145702,-1.8,-6.9,4.0,0.0,0.035,0.0095,0.51,0.0033,37.0,17.0
2024-01-16,성동구,3179,120779,-1.1,-5.2,4.1,0.0,0.0343,0.0139,0.53,0.0031,31.0,14.0
2024-01-16,성북구,1767,47284,-2.7,-7.6,3.8,0.0,0.0322,0.0136,0.61,0.0029,31.0,17.0
2024-01-16,송파구,6756,196755,-0.9,-5.2,4.1,0.0,0.0339,0.0162,0.58,0.0031,33.0,16.0
2024-01-16,양천구,5043,36661,-1.1,-5.2,3.6,0.0,0.0407,0.0119,0.62,0.0034,33.0,17.0
2024-01-16,영등포구,7232,324929,-0.9,-5.0,3.8,0.0,0.037,0.0134,0.57,0.0034,29.0,17.0
2024-01-16,용산구,1379,0,-1.8,-6.5,3.8,0.0,0.0395,0.01,0.65,0.0033,32.0,16.0
2024-01-16,은평구,1755,122807,-4.8,-11.2,4.0,0.0,0.0314,0.0124,0.41,0.0033,27.0,13.0
2024-01-16,종로구,3079,238583,-3.3,-8.2,3.6,0.0,0.0364,0.0134,0.7,0.0035,31.0,21.0
2024-01-16,중구,2109,261593,-3.1,-7.6,2.1,0.0,0.0374,0.0097,0.62,0.0036,26.0,18.0
2024-01-16,중랑구,2208,89012,-1.8,-6.6,3.7,0.0,0.0275,0.0174,0.45,0.0027,24.0,16.0
2024-01-17,강남구,1111,419504,0.6,-2.4,1.9,9.0,0.0429,0.0021,0.62,0.0032,36.0,26.0
2024-01-17,강동구,1524,96056,-0.2,-3.0,2.3,7.5,0.0449,0.0025,0.85,0.0028,35.0,27.0
2024-01-17,강북구,435,45457,-0.1,-4.0,1.8,7.0,0.0431,0.0028,0.76,0.0028,34.0,26.0
2024-01-17,강서구,5334,186334,0.1,-3.8,1.7,4.5,0.0547,0.0024,0.99,0.0043,40.0,23.0
2024-01-17,관악구,798,153534,-0.3,-4.1,1.1,10.0,0.05,0.002,0.84,0.0031,41.0,26.0
2024-01-17,광진구,1818,62102,0.5,-1.5,2.1,4.5,0.0354,0.0051,0.55,0.0022,30.0,22.0
2024-01-17,구로구,1542,128374,0.4,-3.0,1.9,6.0,0.0337,0.0027,0.72,0.0029,41.0,29.0
2024-01-17,금천구,826,102606,1.0,-1.3,2.4,10.5,0.051,0.0025,0.85,0.0032,41.0,31.0
2024-01-17,노원구,1940,162856,-0.7,-6.8,1.0,4.5,0.0492,0.0026,0.83,0.0034,44.0,33.0
2024-01-17,도봉구,707,91026,-0.3,-5.0,1.6,2.5,0.0496,0.0037,0.83,0.0029,39.0,31.0
2024-01-17,동대문구,1277,102423,0.3,-1.8,1.9,4.5,0.0509,0.0023,0.83,0.0035,37.0,26.0
2024-01-17,동작구,649,90811,0.6,-4.4,2.3,10.0,0.0492,0.0014,0.75,0.0028,41.0,32.0
2024-01-17,마포구,1479,262182,0.9,-0.3,2.2,8.0,0.0504,0.0022,0.87,0.003,33.0,25.0
2024-01-17,서대문구,790,92470,0.2,-2.5,1.7,8.0,0.042,0.0065,0.79,0.0046,29.0,22.0
2024-01-17,서초구,961,148839,0.8,-3.2,2.5,9.5,0.0415,0.0006,0.69,0.003,41.0,29.0
2024-01-17,성동구,1431,121518,0.6,-1.0,2.1,8.5,0.0455,0.0023,0.65,0.003,40.0,24.0
2024-01-17,성북구,840,47569,0.2,-2.0,1.5,7.5,0.0444,0.0025,0.82,0.0027,35.0,28.0
2024-01-17,송파구,3084,199792,0.8,-1.0,2.5,4.0,0.0444,0.0029,0.74,0.0029,45.0,25.0
2024-01-17,양천구,2327,36025,1.2,-0.9,2.3,12.0,0.0564,0.0016,0.97,0.0034,42.0,29.0
2024-01-17,영등포구,3275,330425,1.2,-0.2,2.5,9.5,0.0495,0.0023,0.85,0.0035,37.0,29.0
2024-01-17,용산구,614,0,0.7,-2.4,1.9,9.5,0.0479,0.0019,0.78,0.0031,33.0,22.0
2024-01-17,은평구,856,121758,-0.7,-6.2,1.4,6.5,0.0439,0.0045,0.62,0.0034,30.0,18.0
2024-01-17,종로구,1459,247617,-0.8,-3.5,0.4,8.5,0.0462,0.0025,0.84,0.0034,36.0,31.0
2024-01-17,중구,943,269372,-1.1,-2.5,0.8,4.5,0.0467,0.0023,0.75,0.0034,31.0,27.0
2024-01-17,중랑구,983,88747,0.4,-1.8,1.8,8.0,0.0448,0.0028,0.64,0.0026,32.0,26.0
2024-01-18,강남구,2391,418061,5.1,1.7,10.4,1.0,0.0308,0.0133,0.52,0.0032,27.0,21.0
2024-01-18,강동구,2990,96732,4.5,1.1,9.4,0.0,0.0312,0.0143,0.66,0.0023,23.0,21.0
2024-01-18,강북구,957,46641,3.3,0.8,8.9,0.0,0.0267,0.0139,0.58,0.0029,26.0,22.0
2024-01-18,강서구,10171,189124,4.4,1.0,9.5,0.0,0.0282,0.0151,0.55,0.0029,27.0,19.0
2024-01-18,관악구,1647,156900,3.6,0.1,8.5,1.0,0.0321,0.0126,0.58,0.0031,25.0,18.0
2024-01-18,광진구,3549,63400,4.9,1.6,9.3,0.0,0.0247,0.0158,0.5,0.0025,23.0,18.0
2024-01-18,구로구,3140,130664,4.6,0.8,9.3,0.0,0.0219,0.0112,0.52,0.0025,29.0,22.0
2024-01-18,금천구,1682,103327,4.9,1.7,9.5,1.0,0.0303,0.0113,0.57,0.0029,24.0,21.0
2024-01-18,노원구,3975,163796,3.7,0.4,9.3,0.0,0.0255,0.0156,0.52,0.0027,27.0,21.0
2024-01-18,도봉구,1527,92370,3.8,0.0,12.3,0.0,0.0264,0.0184,0.51,0.0029,26.0,23.0
2024-01-18,동대문구,2504,104512,4.9,1.3,9.5,0.0,0.0307,0.0133,0.59,0.0032,26.0,20.0
2024-01-18,동작구,1323,92737,4.8,0.7,10.6,0.5,0.033,0.0132,0.53,0.0027,26.0,21.0
2024-01-18,마포구,3477,266040,4.4,0.7,9.6,0.5,0.0285,0.0143,0.53,0.0028,23.0,22.0
2024-01-18,서대문구,1355,92541,3.8,0.2,9.0,0.5,0.027,0.0149,0.64,0.0029,25.0,22.0
2024-01-18,서초구,2149,149178,5.0,1.8,9.6,1.0,0.0257,0.0101,0.48,0.0027,29.0,21.0
2024-01-18,성동구,3127,122706,5.0,1.7,9.3,0.5,0.0275,0.0144,0.5,0.0029,28.0,19.0
2024-01-18,성북구,1671,48340,4.0,0.9,9.1,0.0,0.0253,0.0142,0.54,0.0022,26.0,21.0
2024-01-18,송파구,6584,201658,5.4,1.8,10.4,0.0,0.0309,0.0136,0.56,0.0029,25.0,19.0
2024-01-18,양천구,4841,36927,4.9,1.4,9.5,0.5,0.0323,0.0125,0.58,0.0031,29.0,22.0
2024-01-18,영등포구,7134,332370,5.0,1.5,10.2,0.5,0.0304,0.0134,0.57,0.0029,27.0,23.0
2024-01-18,용산구,1461,0,4.9,1.6,9.9,1.0,0.0298,0.0121,0.62,0.0028,23.0,17.0
2024-01-18,은평구,1739,123947,4.3,0.3,9.2,0.5,0.0169,0.0253,0.46,0.0022,16.0,12.0
2024-01-18,종로구,3159,248113,3.3,0.0,8.0,0.5,0.0283,0.0155,0.64,0.0034,27.0,24.0
2024-01-18,중구,2232,266273,2.8,-0.1,6.6,0.0,0.0312,0.0121,0.6,0.0031,23.0,21.0
2024-01-18,중랑구,2078,90307,4.9,1.5,9.2,0.5,0.0274,0.016,0.46,0.0026,23.0,18.0
2024-01-19,강남구,3148,423334,6.0,4.7,9.8,0.0,0.0179,0.0303,0.35,0.0026,15.0,9.0
2024-01-19,강동구,3818,98106,5.3,4.0,8.9,0.0,0.0138,0.0319,0.41,0.0021,8.0,3.0
2024-01-19,강북구,1193,48409,4.8,1.8,8.6,0.0,0.016,0.0283,0.44,0.0025,13.0,9.0
2024-01-19,강서구,12012,193018,5.8,4.1,9.5,0.0,0.0178,0.0308,0.52,0.0023,15.0,8.0
2024-01-19,관악구,2057,165728,4.9,3.4,8.3,0.0,0.0183,0.0285,0.42,0.0027,16.0,8.0
2024-01-19,광진구,4205,66669,5.5,4.3,8.5,0.0,0.0091,0.0351,0.31,0.0024,13.0,7.0
2024-01-19,구로구,3776,132852,5.9,4.7,8.8,0.0,0.0119,0.0255,0.4,0.0022,15.0,8.0
2024-01-19,금천구,1796,102872,5.8,4.6,9.2,0.0,0.0156,0.0287,0.43,0.0024,14.0,8.0
2024-01-19,노원구,4897,169206,5.0,1.3,8.2,0.0,0.0136,0.0299,0.39,0.0022,15.0,9.0
2024-01-19,도봉구,1935,97062,4.8,0.2,11.1,0.0,0.017,0.0309,0.39,0.0028,14.0,9.0
2024-01-19,동대문구,2869,108136,5.5,4.1,8.5,0.0,0.0172,0.0312,0.41,0.0028,14.0,8.0
2024-01-19,동작구,1565,97732,6.0,4.6,10.1,0.0,0.0202,0.0294,0.37,0.0024,16.0,9.0
2024-01-19,마포구,4077,278352,5.4,4.0,9.1,0.0,0.0173,0.0325,0.42,0.0025,15.0,9.0
2024-01-19,서대문구,1649,95210,4.8,3.3,9.0,0.0,0.0098,0.0347,0.34,0.0024,12.0,9.0
2024-01-19,서초구,2637,160615,5.9,4.7,9.2,0.0,0.0142,0.0249,0.36,0.0026,16.0,7.0
2024-01-19,성동구,3458,126083,5.6,4.5,8.9,0.0,0.0108,0.0334,0.31,0.0026,14.0,8.0
2024-01-19,성북구,1996,49302,4.8,3.5,7.9,0.0,0.0154,0.0267,0.42,0.002,12.0,9.0
2024-01-19,송파구,8087,209673,6.3,5.1,9.6,0.0,0.0191,0.0314,0.42,0.0026,16.0,9.0
2024-01-19,양천구,5829,37410,6.0,4.8,9.1,0.0,0.0202,0.0293,0.46,0.0025,15.0,9.0
2024-01-19,영등포구,8294,341143,6.0,4.8,9.5,0.0,0.0189,0.0312,0.44,0.0023,16.0,11.0
2024-01-19,용산구,1612,0,5.8,4.4,9.4,0.0,0.0148,0.0289,0.39,0.0022,15.0,8.0
2024-01-19,은평구,2059,127589,5.7,4.1,9.2,0.0,0.0099,0.0315,0.42,0.0022,12.0,7.0
2024-01-19,종로구,3467,256136,4.1,2.7,7.8,0.0,0.0148,0.033,0.43,0.0025,13.0,10.0
2024-01-19,중구,2555,272411,3.3,2.2,6.1,0.0,0.0189,0.026,0.42,0.0025,12.0,10.0
2024-01-19,중랑구,2590,92887,5.4,4.4,8.4,0.0,0.0123,0.0331,0.33,0.0023,12.0,7.0
2024-01-20,강남구,1188,242404,3.9,2.2,6.0,0.5,0.0136,0.0317,0.27,0.0021,5.0,2.0
2024-01-20,강동구,2017,66809,3.1,1.5,4.9,0.0,0.0099,0.0321,0.36,0.0022,3.0,1.0
2024-01-20,강북구,705,38354,3.3,1.2,5.1,0.5,0.0092,0.0352,0.31,0.0021,3.0,1.0
2024-01-20,강서구,5245,130443,3.9,1.9,5.6,0.0,0.0135,0.032,0.43,0.0021,5.0,1.0
2024-01-20,관악구,1073,131719,2.6,0.6,4.4,2.5,0.015,0.0288,0.35,0.0023,7.0,2.0
2024-01-20,광진구,1992,56575,3.6,2.0,5.2,0.0,0.0064,0.0348,0.25,0.0023,4.0,1.0
2024-01-20,구로구,1597,86210,3.7,2.0,5.1,0.0,0.0099,0.026,0.34,0.002,6.0,2.0
2024-01-20,금천구,566,39490,3.6,1.7,5.2,2.0,0.0114,0.026,0.33,0.002,4.0,1.0
2024-01-20,노원구,2872,125377,3.6,2.0,5.2,0.0,0.0086,0.0325,0.3,0.002,5.0,4.0
2024-01-20,도봉구,1023,72002,3.6,1.7,5.6,0.5,0.007,0.0376,0.28,0.0026,3.0,2.0
2024-01-20,동대문구,1438,78253,3.5,2.1,5.2,0.0,0.013,0.0326,0.32,0.0026,5.0,1.0
2024-01-20,동작구,772,73505,4.1,2.3,6.0,1.0,0.0155,0.0305,0.29,0.002,6.0,2.0
2024-01-20,마포구,1719,226328,3.4,1.7,4.9,0.0,0.0126,0.0334,0.34,0.0022,5.0,2.0
2024-01-20,서대문구,863,75191,2.8,0.9,4.5,0.0,0.0064,0.0352,0.24,0.0023,5.0,2.0
2024-01-20,서초구,1028,130066,3.7,1.9,6.0,1.0,0.0107,0.0257,0.29,0.0025,8.0,1.0
2024-01-20,성동구,1371,81779,3.7,2.3,5.1,0.0,0.0072,0.0342,0.24,0.002,5.0,2.0
2024-01-20,성북구,1163,34700,2.9,1.1,4.3,0.5,0.0084,0.0303,0.33,0.0025,4.0,2.0
2024-01-20,송파구,3737,133525,4.2,2.3,6.0,0.5,0.0156,0.0315,0.36,0.0023,6.0,3.0
2024-01-20,양천구,3173,24664,3.9,2.4,5.3,0.5,0.0156,0.0307,0.36,0.0022,6.0,2.0
2024-01-20,영등포구,3284,221245,4.0,2.5,5.3,0.5,0.0148,0.0319,0.35,0.0021,7.0,3.0
2024-01-20,용산구,688,0,3.7,2.1,5.3,0.5,0.0109,0.0296,0.32,0.002,5.0,2.0
2024-01-20,은평구,1200,93202,3.5,1.9,4.8,1.0,0.0058,0.0322,0.34,0.0025,5.0,2.0
2024-01-20,종로구,1248,193011,1.8,-0.1,3.4,0.5,0.0092,0.0354,0.33,0.002,4.0,2.0
2024-01-20,중구,796,164044,1.3,-0.1,2.9,0.0,0.0135,0.0293,0.32,0.0024,4.0,3.0
2024-01-20,중랑구,1480,68557,3.6,2.1,5.1,0.5,0.0093,0.0325,0.26,0.0021,5.0,2.0
2024-01-21,강남구,1170,141832,2.6,-1.5,5.2,0.0,0.0159,0.0264,0.34,0.002,10.0,7.0
2024-01-21,강동구,1617,46052,2.2,-1.7,4.9,0.5,0.0135,0.0266,0.42,0.0023,8.0,5.0
2024-01-21,강북구,718,28249,1.6,-2.4,4.3,0.0,0.0085,0.0317,0.34,0.0019,9.0,6.0
2024-01-21,강서구,4371,97032,1.7,-2.1,4.0,0.0,0.0147,0.026,0.38,0.0023,11.0,6.0
2024-01-21,관악구,985,91368,0.9,-3.6,3.5,0.0,0.0198,0.0224,0.42,0.0023,13.0,7.0
2024-01-21,광진구,1854,42140,2.4,-1.6,4.9,0.0,0.01,0.0289,0.31,0.0024,9.0,6.0
2024-01-21,구로구,1428,62505,1.1,-2.8,3.2,0.0,0.0129,0.0204,0.4,0.0021,13.0,7.0
2024-01-21,금천구,491,27297,1.9,-2.6,4.3,0.0,0.016,0.0214,0.39,0.0019,11.0,7.0
2024-01-21,노원구,2818,91447,2.1,-1.5,4.8,0.0,0.0114,0.026,0.36,0.0021,11.0,7.0
2024-01-21,도봉구,976,54939,,,,0.0,0.0078,0.0328,0.35,0.0026,6.0,6.0
2024-01-21,동대문구,1269,58858,1.9,-2.0,4.8,0.0,0.0157,0.0266,0.38,0.0026,10.0,6.0
2024-01-21,동작구,710,49823,2.6,-1.7,4.9,0.5,0.0178,0.0256,0.35,0.0019,11.0,7.0
2024-01-21,마포구,1603,166887,1.4,-2.9,4.3,0.0,0.0174,0.0246,0.39,0.0023,11.0,8.0
2024-01-21,서대문구,744,52945,1.0,-3.2,3.9,0.0,0.0111,0.0272,0.35,0.0025,11.0,8.0
2024-01-21,서초구,1004,102436,2.4,-1.9,5.2,0.5,0.0122,0.022,0.33,0.0025,11.0,5.0
2024-01-21,성동구,1247,56876,2.1,-2.1,4.8,0.0,0.0149,0.0243,0.32,0.0019,10.0,6.0
2024-01-21,성북구,1015,26253,1.2,-2.9,4.0,0.0,0.0087,0.0261,0.41,0.0024,9.0,7.0
2024-01-21,송파구,3330,90484,2.7,-1.4,5.3,0.0,0.0161,0.0281,0.37,0.0021,10.0,7.0
2024-01-21,양천구,2554,17085,1.7,-2.4,3.8,0.0,0.0176,0.0247,0.42,0.0023,12.0,7.0
2024-01-21,영등포구,2910,157266,1.9,-2.4,4.3,0.5,0.0159,0.0263,0.39,0.0022,11.0,7.0
2024-01-21,용산구,643,0,2.1,-2.0,4.2,0.0,0.0149,0.0234,0.4,0.002,11.0,7.0
2024-01-21,은평구,1016,66914,1.2,-2.7,3.7,0.0,0.0123,0.0239,0.46,0.0026,12.0,7.0
2024-01-21,종로구,1113,126410,0.1,-4.4,2.4,0.0,0.0127,0.0287,0.39,0.002,9.0,8.0
2024-01-21,중구,662,118594,-0.4,-4.6,3.2,0.5,0.0126,0.0271,0.37,0.0024,9.0,7.0
2024-01-21,중랑구,1328,49138,2.2,-1.8,4.5,0.0,0.0157,0.0243,0.35,0.0021,9.0,5.0
2024-01-22,강남구,1494,393290,-7.6,-11.1,-1.4,0.0,0.012,0.0286,0.37,0.0019,31.0,22.0
2024-01-22,강동구,2039,91928,-7.3,-11.2,-1.7,0.0,0.0114,0.0285,0.47,0.0028,25.0,17.0
2024-01-22,강북구,619,43371,-8.8,-12.0,-2.3,0.0,0.006,0.0337,0.39,0.0017,48.0,23.0
2024-01-22,강서구,7566,178071,-7.8,-11.0,-2.1,0.0,0.0112,0.0292,0.4,0.0028,32.0,18.0
2024-01-22,관악구,1010,142320,-9.2,-11.9,-3.3,0.0,0.014,0.0268,0.42,0.0025,33.0,19.0
2024-01-22,광진구,2398,58918,-7.9,-11.3,-1.6,0.0,0.0093,0.0299,0.36,0.0023,30.0,20.0
2024-01-22,구로구,1952,122055,-8.6,-11.5,-2.8,0.0,0.0092,0.0234,0.4,0.0025,29.0,17.0
2024-01-22,금천구,1008,99877,-8.3,-11.1,-2.4,0.0,0.0108,0.0262,0.41,0.0017,29.0,19.0
2024-01-22,노원구,2703,154248,-8.0,-11.5,-1.4,0.0,0.0094,0.0284,0.4,0.0022,37.0,28.0
2024-01-22,도봉구,922,85310,-8.2,-12.0,-2.1,0.0,0.0056,0.035,0.36,0.0024,28.0,21.0
2024-01-22,동대문구,1410,95471,-8.3,-11.7,-1.9,0.0,0.0114,0.03,0.41,0.0028,32.0,20.0
2024-01-22,동작구,738,85412,-7.8,-10.9,-1.7,0.0,0.0118,0.028,0.36,0.002,43.0,22.0
2024-01-22,마포구,1969,243047,-8.9,-12.2,-2.9,0.0,0.0116,0.0286,0.41,0.0019,28.0,19.0
2024-01-22,서대문구,828,85463,-9.2,-12.5,-3.1,0.0,0.0088,0.0299,0.26,0.0027,30.0,20.0
2024-01-22,서초구,1359,139246,-7.6,-10.7,-1.8,0.0,0.0095,0.0248,0.35,0.0027,38.0,18.0
2024-01-22,성동구,1882,113018,-7.9,-11.2,-2.0,0.0,0.0113,0.0275,0.35,0.0018,31.0,18.0
2024-01-22,성북구,1024,45204,-9.1,-12.4,-2.7,0.0,0.0056,0.029,0.46,0.0027,27.0,20.0
2024-01-22,송파구,4464,188793,-7.8,-11.3,-1.0,0.0,0.0137,0.0287,0.42,0.002,30.0,20.0
2024-01-22,양천구,3108,34369,-7.9,-10.7,-2.1,0.0,0.0135,0.0272,0.43,0.0021,35.0,22.0
2024-01-22,영등포구,4517,310728,-8.0,-10.8,-2.4,0.0,0.012,0.0296,0.41,0.0022,28.0,19.0
2024-01-22,용산구,749,0,-8.2,-11.3,-2.0,0.0,0.0119,0.0249,0.42,0.0022,30.0,21.0
2024-01-22,은평구,1034,116108,-8.8,-12.2,-2.7,0.0,0.0096,0.0265,0.44,0.0028,29.0,18.0
2024-01-22,종로구,1686,222472,-10.7,-13.9,-4.4,0.0,0.01,0.0304,0.43,0.0021,34.0,26.0
2024-01-22,중구,1213,248966,-10.5,-14.1,-4.4,0.0,0.0105,0.0269,0.38,0.0026,30.0,22.0
2024-01-22,중랑구,1359,84319,-7.9,-11.3,-1.7,0.0,0.0122,0.0259,0.39,0.0019,28.0,21.0
2024-01-23,강남구,1346,392819,-10.8,-12.9,-7.5,0.0,0.0104,0.0294,0.33,0.0022,20.0,13.0
2024-01-23,강동구,1881,88248,-10.3,-13.1,-6.7,0.0,0.011,0.0319,0.39,0.0033,19.0,9.0
2024-01-23,강북구,566,42022,-11.9,-14.2,-8.7,0.0,0.0049,0.0332,0.35,0.0022,23.0,13.0
2024-01-23,강서구,6481,168704,-10.5,-13.0,-7.0,0.0,0.0109,0.0301,0.36,0.003,22.0,9.0
2024-01-23,관악구,976,141975,-11.9,-14.1,-8.7,0.0,0.0124,0.0283,0.37,0.003,22.0,11.0
2024-01-23,광진구,2135,57140,-11.0,-13.1,-8.2,0.0,0.0084,0.0307,0.28,0.0021,20.0,12.0
2024-01-23,구로구,1879,119308,-11.3,-13.7,-8.1,0.0,0.0082,0.0244,0.37,0.0028,23.0,9.0
2024-01-23,금천구,934,97479,-10.9,-13.3,-7.6,0.0,0.0113,0.0261,0.37,0.0019,20.0,12.0
2024-01-23,노원구,2387,148058,-11.2,-13.8,-8.0,0.0,0.0087,0.0276,0.36,0.0028,26.0,16.0
2024-01-23,도봉구,817,81828,-11.5,-14.1,-7.3,0.0,0.0047,0.036,0.34,0.0024,21.0,13.0
2024-01-23,동대문구,1376,91324,-11.3,-13.7,-8.5,0.0,0.0102,0.0311,0.36,0.0033,21.0,12.0
2024-01-23,동작구,680,83181,-10.6,-12.8,-7.5,0.0,0.0108,0.0283,0.32,0.0024,23.0,14.0
2024-01-23,마포구,1774,237540,-11.7,-14.1,-8.2,0.0,0.011,0.0292,0.38,0.0022,20.0,12.0
2024-01-23,서대문구,764,83134,-12.1,-14.3,-8.5,0.0,0.0088,0.0303,0.24,0.0034,21.0,12.0
2024-01-23,서초구,1233,133987,-10.5,-12.6,-7.4,0.0,0.0085,0.0263,0.31,0.003,29.0,9.0
2024-01-23,성동구,1731,110858,-11.0,-13.0,-7.9,0.0,0.0106,0.0283,0.31,0.0022,20.0,12.0
2024-01-23,성북구,910,43703,-12.0,-14.4,-9.1,0.0,0.0043,0.0302,0.43,0.0032,20.0,11.0
2024-01-23,송파구,3953,183130,-10.9,-13.0,-8.2,0.0,0.0127,0.0294,0.38,0.0023,23.0,13.0
2024-01-23,양천구,2727,33713,-10.5,-12.8,-7.3,0.0,0.0127,0.0276,0.39,0.0024,23.0,14.0
2024-01-23,영등포구,3954,305813,-10.7,-13.1,-7.2,0.0,0.0105,0.0303,0.36,0.0024,20.0,12.0
2024-01-23,용산구,637,0,-11.1,-13.3,-8.0,0.0,0.0099,0.0266,0.39,0.0027,23.0,12.0
2024-01-23,은평구,968,112207,-12.1,-15.0,-8.9,0.0,0.0099,0.0263,0.36,0.0034,24.0,9.0
2024-01-23,종로구,1720,217643,-13.6,-16.1,-10.2,0.0,0.0095,0.0307,0.41,0.0024,23.0,16.0
2024-01-23,중구,1111,248163,-13.9,-16.0,-10.4,0.0,0.0101,0.0267,0.35,0.0029,18.0,13.0
2024-01-23,중랑구,1209,81920,-11.0,-13.2,-8.4,0.0,0.0118,0.0242,0.36,0.0022,20.0,14.0
2024-01-24,강남구,1543,399175,-7.0,-10.1,-3.2,0.0,0.0114,0.0293,0.36,0.0022,22.0,12.0
2024-01-24,강동구,2121,91849,-7.1,-10.6,-2.3,0.0,0.0123,0.0351,0.36,0.0033,19.0,6.0
2024-01-24,강북구,665,44315,-8.0,-11.3,-4.0,0.0,0.0049,0.0358,0.36,0.0025,21.0,11.0
2024-01-24,강서구,7498,181270,-6.9,-10.2,-3.0,0.0,0.0125,0.0298,0.4,0.0029,24.0,9.0
2024-01-24,관악구,1066,147255,-8.3,-11.3,-4.3,0.0,0.0146,0.0276,0.42,0.0028,23.0,10.0
2024-01-24,광진구,2520,60412,-7.3,-10.3,-3.6,0.0,0.0087,0.0312,0.3,0.0021,20.0,10.0
2024-01-24,구로구,2057,123203,-7.5,-10.9,-3.8,0.0,0.0095,0.0242,0.4,0.0028,26.0,8.0
2024-01-24,금천구,1101,99338,-7.2,-10.4,-3.4,0.0,0.0128,0.0242,0.37,0.0022,22.0,11.0
2024-01-24,노원구,2889,154428,-7.7,-11.0,-3.3,0.0,0.0101,0.0284,0.38,0.0028,23.0,13.0
2024-01-24,도봉구,988,85699,-7.6,-11.7,-1.0,0.0,0.0054,0.037,0.37,0.0024,20.0,12.0
2024-01-24,동대문구,1602,96189,-7.4,-10.8,-3.5,0.0,0.0113,0.0317,0.39,0.0032,21.0,11.0
2024-01-24,동작구,816,86099,-6.8,-10.1,-2.9,0.0,0.0124,0.0285,0.35,0.0022,23.0,12.0
2024-01-24,마포구,2139,247047,-7.9,-11.3,-3.6,0.0,0.0133,0.0279,0.41,0.0023,24.0,11.0
2024-01-24,서대문구,872,86456,-8.5,-11.6,-4.3,0.0,0.0104,0.0298,0.37,0.0034,24.0,11.0
2024-01-24,서초구,1414,141156,-6.9,-10.0,-3.8,0.0,0.008,0.0278,0.32,0.0029,32.0,9.0
2024-01-24,성동구,2017,116004,-7.3,-10.2,-3.3,0.0,0.0216,0.0225,0.37,0.0026,22.0,12.0
2024-01-24,성북구,1111,45656,-8.4,-11.6,-4.5,0.0,0.0061,0.0301,0.44,0.0034,20.0,9.0
2024-01-24,송파구,4547,189983,-7.2,-10.3,-3.6,0.0,0.0139,0.03,0.35,0.0024,25.0,12.0
2024-01-24,양천구,3119,34376,-6.9,-9.9,-3.3,0.0,0.0157,0.0265,0.44,0.0025,24.0,13.0
2024-01-24,영등포구,4594,316671,-7.1,-10.1,-3.5,0.0,0.0122,0.0295,0.39,0.0024,21.0,11.0
2024-01-24,용산구,819,0,-7.3,-10.6,-3.5,0.0,0.0112,0.0267,0.42,0.0027,25.0,11.0
2024-01-24,은평구,1193,117266,-9.2,-13.7,-4.0,0.0,0.0122,0.0258,0.41,0.0035,25.0,9.0
2024-01-24,종로구,2005,228891,-9.5,-13.1,-5.4,0.0,0.0117,0.0311,0.43,0.0024,23.0,14.0
2024-01-24,중구,1320,255950,-10.0,-13.2,-5.6,0.0,0.0111,0.0276,0.37,0.0031,19.0,12.0
2024-01-24,중랑구,1452,84973,-7.3,-10.5,-3.6,0.0,0.0134,0.0247,0.39,0.0023,19.0,11.0
2024-01-25,강남구,1984,409951,-4.0,-8.5,-0.2,0.0,0.0192,0.0237,0.4,0.0025,22.0,14.0
2024-01-25,강동구,2539,94479,-4.4,-9.2,0.6,0.0,0.0269,0.0218,0.48,0.0034,23.0,9.0
2024-01-25,강북구,792,46426,-5.6,-11.0,-1.0,0.0,0.0143,0.0267,0.44,0.0025,21.0,13.0
2024-01-25,강서구,8950,185414,-4.3,-9.7,0.1,0.0,0.0193,0.0252,0.42,0.0035,23.0,10.0
2024-01-25,관악구,1274,152541,-5.7,-11.6,-0.7,0.0,0.0214,0.0235,0.45,0.0031,22.0,11.0
2024-01-25,광진구,2856,62439,-4.0,-7.9,-0.4,0.0,0.0172,0.0243,0.37,0.0023,21.0,12.0
2024-01-25,구로구,2573,126229,-4.8,-9.2,-0.2,0.0,0.0133,0.0215,0.41,0.0032,24.0,10.0
2024-01-25,금천구,1261,101133,-4.4,-8.0,-0.3,0.0,0.0169,0.0196,0.37,0.0026,21.0,11.0
2024-01-25,노원구,3573,159859,-6.7,-13.8,0.1,0.0,0.0223,0.0199,0.47,0.0031,26.0,15.0
2024-01-25,도봉구,1311,89583,-5.3,-11.8,2.9,0.0,0.0153,0.0297,0.41,0.0026,21.0,12.0
2024-01-25,동대문구,2017,101402,-4.3,-8.7,-0.3,0.0,0.0202,0.0243,0.47,0.0034,21.0,13.0
2024-01-25,동작구,1051,89331,-4.3,-10.4,0.5,0.0,0.02,0.0239,0.39,0.0026,21.0,13.0
2024-01-25,마포구,2658,259492,-5.1,-9.5,-1.0,0.0,0.0205,0.0233,0.44,0.0029,21.0,13.0
2024-01-25,서대문구,1141,89542,-6.0,-11.1,-1.6,0.0,0.0206,0.0217,0.57,0.0051,23.0,14.0
2024-01-25,서초구,1765,146147,-3.9,-7.8,-0.4,0.0,0.0147,0.0228,0.34,0.0032,22.0,10.0
2024-01-25,성동구,2419,119475,-4.3,-7.7,-0.5,0.0,0.0225,0.0198,0.38,0.0027,19.0,12.0
2024-01-25,성북구,1380,47299,-5.3,-10.0,-1.1,0.0,0.016,0.0228,0.49,0.0035,21.0,12.0
2024-01-25,송파구,5540,194733,-3.8,-7.6,0.2,0.0,0.0226,0.0237,0.4,0.0028,25.0,13.0
2024-01-25,양천구,3781,35854,-4.1,-7.9,-0.2,0.0,0.0214,0.0235,0.46,0.003,23.0,13.0
2024-01-25,영등포구,5639,326084,-4.2,-7.9,-0.1,0.0,0.0198,0.0246,0.44,0.003,20.0,13.0
2024-01-25,용산구,1042,0,-4.2,-8.4,-0.4,0.0,0.0189,0.0216,0.46,0.003,23.0,13.0
2024-01-25,은평구,1523,122099,-7.7,-13.9,-0.7,0.0,0.0206,0.0195,0.48,0.0035,23.0,11.0
2024-01-25,종로구,2508,240775,-6.3,-10.5,-1.5,0.0,0.026,0.0249,0.47,0.0028,23.0,17.0
2024-01-25,중구,1769,264186,-6.7,-10.8,-2.2,0.0,0.019,0.0229,0.41,0.0032,19.0,14.0
2024-01-25,중랑구,1715,88312,-4.2,-8.2,0.1,0.0,0.028,0.0159,0.48,0.0023,22.0,14.0
2024-01-26,강남구,2509,419327,-1.1,-6.5,4.4,0.0,0.0342,0.0139,0.55,0.0024,32.0,22.0
2024-01-26,강동구,3142,97391,-1.5,-7.3,5.2,0.0,0.0412,0.0147,0.67,0.0035,36.0,23.0
2024-01-26,강북구,969,47783,-2.9,-8.6,3.5,0.0,0.0265,0.0206,0.58,0.0025,32.0,22.0
2024-01-26,강서구,10353,190196,-2.2,-7.8,4.4,0.0,0.0401,0.0149,0.63,0.0035,34.0,18.0
2024-01-26,관악구,1584,163337,-3.4,-7.8,3.1,0.0,0.0431,0.0128,0.65,0.003,35.0,21.0
2024-01-26,광진구,3517,65848,-0.8,-6.0,4.1,0.0,0.0325,0.0155,0.54,0.0024,30.0,20.0
2024-01-26,구로구,3015,130567,-2.0,-7.1,4.0,0.0,0.0277,0.0121,0.56,0.0031,38.0,22.0
2024-01-26,금천구,1506,101960,-0.9,-5.2,3.8,0.0,0.0363,0.0121,0.58,0.0028,33.0,23.0
2024-01-26,노원구,4191,168231,-3.8,-11.5,4.3,0.0,0.0343,0.0146,0.63,0.0034,36.0,22.0
2024-01-26,도봉구,1463,95141,-3.0,-9.5,6.4,0.0,0.0305,0.0222,0.6,0.0027,34.0,23.0
2024-01-26,동대문구,2366,107431,-1.1,-6.3,3.8,0.0,0.0362,0.018,0.67,0.0033,33.0,20.0
2024-01-26,동작구,1355,95913,-2.6,-8.5,4.7,0.0,0.0389,0.0142,0.52,0.0025,33.0,22.0
2024-01-26,마포구,3276,276076,-1.3,-5.5,3.7,0.0,0.0399,0.0136,0.61,0.0027,30.0,23.0
2024-01-26,서대문구,1373,93845,-2.4,-7.3,3.3,0.0,0.0341,0.016,0.86,0.0063,34.0,24.0
2024-01-26,서초구,2156,159694,-1.4,-6.6,4.1,0.0,0.0314,0.0125,0.49,0.003,38.0,21.0
2024-01-26,성동구,2888,123688,-0.7,-5.3,3.8,0.0,0.0373,0.0151,0.54,0.0037,31.0,18.0
2024-01-26,성북구,1622,48750,-1.9,-7.3,3.0,0.0,0.0343,0.0132,0.69,0.0034,34.0,21.0
2024-01-26,송파구,6817,202451,-0.3,-5.4,4.6,0.0,0.0377,0.0159,0.53,0.0028,32.0,19.0
2024-01-26,양천구,4691,37187,-0.7,-4.8,3.9,0.0,0.0432,0.0124,0.66,0.0032,34.0,22.0
2024-01-26,영등포구,6960,340155,-0.5,-4.2,3.9,0.0,0.0384,0.0149,0.58,0.0031,30.0,21.0
2024-01-26,용산구,1353,0,-1.5,-7.0,4.0,0.0,0.0352,0.0141,0.62,0.0028,30.0,19.0
2024-01-26,은평구,1729,126390,-4.4,-10.6,3.5,0.0,0.0324,0.0149,0.63,0.0035,32.0,20.0
2024-01-26,종로구,2908,249579,-2.8,-7.8,3.0,0.0,0.044,0.0195,0.62,0.003,33.0,26.0
2024-01-26,중구,1975,270050,-2.6,-7.2,2.5,0.0,0.0338,0.0158,0.56,0.0032,28.0,23.0
2024-01-26,중랑구,2129,92427,-1.2,-6.4,3.9,0.0,0.0359,0.0138,0.58,0.0024,30.0,22.0
2024-01-27,강남구,1651,240276,0.1,-4.6,5.5,0.0,0.0344,0.02,0.67,0.0028,53.0,38.0
2024-01-27,강동구,2633,65031,-0.4,-4.8,5.2,0.0,0.0407,0.0212,0.84,0.0035,59.0,45.0
2024-01-27,강북구,860,38247,-1.4,-6.2,4.0,0.0,0.0249,0.0256,0.67,0.0026,50.0,36.0
2024-01-27,강서구,6845,132259,-0.8,-5.9,5.2,0.0,0.0359,0.0207,0.7,0.0039,54.0,31.0
2024-01-27,관악구,1590,129615,-2.1,-6.9,3.8,0.0,0.0384,0.0196,0.75,0.0035,54.0,35.0
2024-01-27,광진구,2831,56446,0.5,-3.4,4.6,0.0,0.0339,0.0187,0.72,0.0027,48.0,36.0
2024-01-27,구로구,2297,86292,-0.4,-5.3,4.7,0.0,0.0249,0.0184,0.64,0.0036,55.0,37.0
2024-01-27,금천구,808,40033,0.2,-3.0,4.5,0.0,0.0313,0.0173,0.69,0.0034,50.0,40.0
2024-01-27,노원구,3806,126127,-2.7,-9.7,5.0,0.0,0.0335,0.019,0.73,0.003,57.0,43.0
2024-01-27,도봉구,1447,73374,-1.6,-7.2,6.0,0.0,0.0319,0.0251,0.76,0.003,49.0,39.0
2024-01-27,동대문구,1878,81384,0.1,-3.6,4.4,0.0,0.0409,0.0207,0.89,0.0036,52.0,38.0
2024-01-27,동작구,1138,72313,-1.4,-7.2,5.2,0.0,0.0365,0.0199,0.64,0.003,51.0,39.0
2024-01-27,마포구,2557,227026,-0.3,-4.4,4.8,0.0,0.0369,0.0195,0.71,0.0033,47.0,40.0
2024-01-27,서대문구,1140,75003,-1.1,-5.5,4.1,0.0,0.0284,0.0236,1.04,0.0059,50.0,38.0
2024-01-27,서초구,1632,129335,0.3,-4.0,4.9,0.0,0.0277,0.0182,0.58,0.0033,54.0,37.0
2024-01-27,성동구,1884,81417,0.5,-3.1,4.7,0.0,0.0372,0.018,0.67,0.0035,49.0,31.0
2024-01-27,성북구,1502,34453,-0.5,-4.8,3.7,0.0,0.0349,0.018,0.82,0.0035,51.0,36.0
2024-01-27,송파구,5484,137231,0.7,-2.5,5.1,0.0,0.0397,0.0187,0.73,0.0031,50.0,33.0
2024-01-27,양천구,4148,24931,0.3,-3.0,4.9,0.0,0.0403,0.0201,0.78,0.0038,53.0,39.0
2024-01-27,영등포구,4715,221909,0.6,-3.0,4.8,0.0,0.0357,0.0216,0.71,0.0035,47.0,37.0
2024-01-27,용산구,1122,0,-0.1,-4.3,4.4,0.0,0.033,0.0196,0.71,0.003,45.0,32.0
2024-01-27,은평구,1597,93957,-2.8,-8.6,3.9,0.0,0.0245,0.0225,0.73,0.0036,50.0,34.0
2024-01-27,종로구,1803,190179,-1.4,-6.0,3.8,0.0,0.0388,0.0265,0.7,0.0032,50.0,42.0
2024-01-27,중구,1240,169067,-1.7,-5.0,3.2,0.0,0.0288,0.0243,0.63,0.0034,42.0,36.0
2024-01-27,중랑구,1809,69035,0.1,-3.5,4.5,0.0,0.0374,0.0174,0.7,0.0026,48.0,38.0
2024-01-28,강남구,1381,140990,-0.5,-4.3,3.9,0.0,0.0231,0.028,0.44,0.0025,29.0,20.0
2024-01-28,강동구,2320,46107,-0.5,-4.2,3.7,0.0,0.0305,0.0266,0.66,0.0032,35.0,23.0
2024-01-28,강북구,802,28195,-2.0,-5.9,2.8,0.0,0.0175,0.0296,0.53,0.0021,34.0,24.0
2024-01-28,강서구,5520,97073,-1.6,-6.3,3.8,0.0,0.0216,0.0303,0.49,0.0032,31.0,16.0
2024-01-28,관악구,1294,92458,-3.2,-6.8,2.8,0.0,0.0288,0.0239,0.55,0.0028,32.0,20.0
2024-01-28,광진구,2339,41038,-0.1,-3.2,3.2,0.0,0.0232,0.0251,0.48,0.0025,30.0,21.0
2024-01-28,구로구,1964,61708,-1.6,-5.5,3.6,0.0,0.0175,0.0229,0.48,0.003,31.0,19.0
2024-01-28,금천구,668,27882,-0.8,-3.8,3.5,0.0,0.0195,0.0209,0.45,0.0024,30.0,22.0
2024-01-28,노원구,3160,92084,-3.1,-8.6,3.3,0.0,0.0271,0.0208,0.62,0.0027,42.0,35.0
2024-01-28,도봉구,1139,56510,-2.3,-6.7,4.8,0.0,0.0202,0.0314,0.59,0.0027,34.0,28.0
2024-01-28,동대문구,1637,60451,-0.6,-3.6,3.5,0.0,0.0248,0.0283,0.6,0.0031,32.0,22.0
2024-01-28,동작구,937,49949,-1.9,-7.2,4.4,0.0,0.0254,0.0261,0.45,0.0025,29.0,21.0
2024-01-28,마포구,2194,170536,-1.2,-4.6,3.7,0.0,0.0254,0.0274,0.48,0.0027,25.0,18.0
2024-01-28,서대문구,1080,53859,-2.2,-5.7,2.9,0.0,0.0218,0.0268,0.79,0.0056,30.0,21.0
2024-01-28,서초구,1308,102991,-0.7,-4.7,3.6,0.0,0.0191,0.0237,0.42,0.003,30.0,18.0
2024-01-28,성동구,1672,59252,-0.4,-3.3,3.6,0.0,0.0263,0.0256,0.44,0.003,28.0,17.0
2024-01-28,성북구,1267,26689,-1.4,-4.8,2.6,0.0,0.0215,0.0244,0.56,0.0031,31.0,22.0
2024-01-28,송파구,4847,96176,0.3,-2.4,3.3,0.0,0.0261,0.0269,0.45,0.0026,30.0,20.0
2024-01-28,양천구,3406,17219,-0.7,-3.4,3.2,0.0,0.0252,0.0278,0.53,0.003,31.0,21.0
2024-01-28,영등포구,3916,158372,-0.5,-3.1,3.9,0.0,0.0217,0.0312,0.48,0.003,26.0,19.0
2024-01-28,용산구,1009,0,,,,0.0,0.0246,0.0243,0.48,0.0026,28.0,19.0
2024-01-28,은평구,1285,68221,-3.8,-8.7,3.0,0.0,0.021,0.0239,0.62,0.0031,31.0,20.0
2024-01-28,종로구,1420,128909,-2.7,-6.1,3.0,0.0,0.0292,0.0302,0.52,0.0027,31.0,25.0
2024-01-28,중구,921,123826,-2.6,-5.6,2.2,0.0,0.0223,0.0272,0.47,0.0028,24.0,20.0
2024-01-28,중랑구,1544,49066,-0.3,-3.4,3.5,0.0,0.0281,0.0221,0.56,0.0023,33.0,25.0
2024-01-29,강남구,2409,399904,-0.2,-5.4,5.3,0.0,0.0358,0.0171,0.61,0.0025,44.0,32.0
2024-01-29,강동구,3335,94065,-0.4,-5.5,5.0,0.0,0.0383,0.0182,0.75,0.0032,44.0,31.0
2024-01-29,강북구,989,46036,-1.6,-6.7,4.2,0.0,0.022,0.0283,0.59,0.0024,41.0,30.0
2024-01-29,강서구,10816,184555,-1.1,-6.2,4.8,0.0,0.0441,0.0172,0.73,0.0037,49.0,29.0
2024-01-29,관악구,1668,147230,-2.4,-6.2,3.9,0.0,0.0407,0.0157,0.68,0.0027,45.0,30.0
2024-01-29,광진구,3661,60423,0.5,-3.9,5.1,0.0,0.0316,0.0176,0.6,0.0027,38.0,27.0
2024-01-29,구로구,3340,127051,-0.9,-5.6,4.3,0.0,0.0282,0.0145,0.61,0.0032,48.0,33.0
2024-01-29,금천구,1628,102475,0.4,-3.4,4.2,0.0,0.0355,0.0138,0.67,0.0029,44.0,33.0
2024-01-29,노원구,4351,159515,-2.7,-9.7,5.1,0.0,0.0345,0.0173,0.69,0.0031,47.0,34.0
2024-01-29,도봉구,1508,90513,-1.5,-7.5,6.8,0.0,0.0316,0.0245,0.72,0.003,40.0,32.0
2024-01-29,동대문구,2627,101693,0.1,-4.2,4.9,0.0,0.0404,0.0187,0.71,0.0033,42.0,29.0
2024-01-29,동작구,1279,88359,-1.6,-7.1,5.4,0.0,0.04,0.0175,0.64,0.0024,44.0,32.0
2024-01-29,마포구,3446,251133,0.2,-3.2,4.7,0.0,0.0436,0.0174,0.74,0.003,40.0,33.0
2024-01-29,서대문구,1448,87545,-0.8,-4.9,4.1,0.0,0.032,0.0218,1.01,0.0056,42.0,33.0
2024-01-29,서초구,2229,143867,-0.3,-5.6,5.0,0.0,0.0348,0.0115,0.61,0.0028,50.0,33.0
2024-01-29,성동구,3150,117625,0.6,-3.3,5.1,0.0,0.0375,0.0173,0.59,0.0033,40.0,26.0
2024-01-29,성북구,1714,46555,-0.7,-5.1,4.0,0.0,0.0348,0.0161,0.73,0.0032,41.0,28.0
2024-01-29,송파구,7016,192901,0.9,-3.6,5.5,0.0,0.0393,0.017,0.6,0.0029,43.0,28.0
2024-01-29,양천구,4966,35662,0.7,-3.0,4.5,0.0,0.0448,0.0158,0.72,0.0034,48.0,35.0
2024-01-29,영등포구,7262,319624,0.8,-2.2,5.0,0.0,0.0421,0.0169,0.69,0.0033,41.0,32.0
2024-01-29,용산구,1318,0,,,,0.0,0.0369,0.0168,0.65,0.0027,40.0,28.0
2024-01-29,은평구,1890,120931,-3.3,-8.8,4.2,0.0,0.0286,0.0219,0.72,0.0032,43.0,28.0
2024-01-29,종로구,3148,231199,-1.4,-5.9,3.6,0.0,0.0506,0.0199,0.73,0.003,44.0,37.0
2024-01-29,중구,2165,256388,-1.5,-4.7,2.9,0.0,0.0329,0.0201,0.66,0.0032,37.0,32.0
2024-01-29,중랑구,2207,87891,0.3,-4.3,4.9,0.0,0.0359,0.0176,0.64,0.0024,39.0,31.0
2024-01-30,강남구,2896,414361,0.6,-4.5,8.3,0.0,0.0461,0.0108,0.68,0.0025,58.0,42.0
2024-01-30,강동구,3501,95688,0.9,-4.4,8.1,0.0,0.0465,0.015,0.88,0.003,57.0,41.0
2024-01-30,강북구,1150,47634,-0.5,-5.7,7.4,0.0,0.0279,0.022,0.69,0.0024,52.0,37.0
2024-01-30,강서구,11820,188151,0.1,-5.4,8.1,0.0,0.0527,0.012,0.9,0.004,65.0,37.0
2024-01-30,관악구,1769,152950,-0.7,-5.9,7.4,0.0,0.0526,0.0095,0.88,0.0028,64.0,44.0
2024-01-30,광진구,3926,61165,1.8,-2.9,7.7,0.0,0.0379,0.014,0.64,0.0028,49.0,35.0
2024-01-30,구로구,3518,129661,1.1,-4.4,7.6,0.0,0.0333,0.0137,0.69,0.0032,66.0,44.0
2024-01-30,금천구,1806,103751,2.2,-2.2,7.9,0.0,0.0454,0.0079,0.75,0.0031,64.0,49.0
2024-01-30,노원구,4823,162465,-1.9,-8.7,7.9,0.0,0.0426,0.0124,0.82,0.0033,58.0,43.0
2024-01-30,도봉구,1718,93402,-0.6,-6.7,10.1,0.0,0.0382,0.0202,0.76,0.0031,50.0,39.0
2024-01-30,동대문구,2773,103927,1.8,-3.4,8.1,0.0,0.0527,0.0127,0.91,0.0034,57.0,39.0
2024-01-30,동작구,1454,90873,-0.7,-6.3,8.8,0.0,0.0516,0.0094,0.79,0.0026,62.0,47.0
2024-01-30,마포구,3802,257990,2.2,-2.2,7.8,0.0,0.0537,0.0102,0.84,0.0031,55.0,44.0
2024-01-30,서대문구,1691,89823,1.0,-4.1,7.3,0.0,0.0372,0.0174,1.14,0.0064,53.0,40.0
2024-01-30,서초구,2479,146284,1.3,-4.0,7.8,0.0,0.0434,0.0088,0.73,0.0022,67.0,45.0
2024-01-30,성동구,3469,121344,2.1,-2.3,8.1,0.0,0.0497,0.0104,0.73,0.0038,56.0,34.0
2024-01-30,성북구,1940,47513,1.2,-4.0,7.2,0.0,0.0423,0.0123,0.86,0.0034,56.0,39.0
2024-01-30,송파구,7672,199828,2.3,-2.7,8.1,0.0,0.0516,0.0093,0.74,0.003,59.0,38.0
2024-01-30,양천구,5452,36605,2.5,-2.0,7.7,0.0,0.0558,0.0121,0.91,0.0038,63.0,45.0
2024-01-30,영등포구,7945,328744,3.0,-1.3,8.4,0.0,0.0482,0.013,0.77,0.0033,52.0,40.0
2024-01-30,용산구,1644,0,0.9,-4.0,8.1,0.0,0.0504,0.0101,0.82,0.0028,55.0,40.0
2024-01-30,은평구,1985,124659,-1.8,-8.3,7.8,0.0,0.0376,0.0153,0.74,0.0033,52.0,36.0
2024-01-30,종로구,3446,242247,0.3,-4.5,7.1,0.0,0.066,0.0136,0.88,0.0034,59.0,50.0
2024-01-30,중구,2411,265213,0.6,-3.8,4.9,0.0,0.0422,0.0139,0.77,0.0032,50.0,42.0
2024-01-30,중랑구,2421,90139,1.8,-3.1,7.8,0.0,0.0368,0.0175,0.63,0.0024,47.0,37.0
2024-01-31,강남구,3010,414729,5.0,-0.8,11.4,0.0,0.0436,0.0174,0.64,0.0031,54.0,38.0
2024-01-31,강동구,4004,96256,4.5,-0.7,10.9,0.0,0.0424,0.0196,0.71,0.0033,52.0,38.0
2024-01-31,강북구,1136,47802,3.5,-1.6,10.3,0.0,0.0343,0.0224,0.69,0.0028,56.0,41.0
2024-01-31,강서구,12445,189055,3.9,-1.4,10.4,0.0,0.0491,0.019,0.9,0.0044,68.0,40.0
2024-01-31,관악구,2007,153684,3.2,-0.4,9.7,0.0,0.0493,0.0172,0.85,0.0035,62.0,41.0
2024-01-31,광진구,4214,62498,5.3,0.8,11.0,0.0,0.0381,0.0174,0.59,0.0031,48.0,35.0
2024-01-31,구로구,3706,130307,4.4,0.4,9.8,0.0,0.0326,0.0166,0.73,0.0033,65.0,44.0
2024-01-31,금천구,1841,103293,5.4,1.9,10.3,0.0,0.0446,0.0162,0.77,0.0041,62.0,47.0
2024-01-31,노원구,5196,164685,2.7,-5.2,11.3,0.0,0.0411,0.0162,0.79,0.0035,60.0,44.0
2024-01-31,도봉구,1923,93559,3.4,-3.1,13.7,0.0,0.0384,0.024,0.7,0.0036,54.0,40.0
2024-01-31,동대문구,3010,104793,5.0,0.8,10.8,0.0,0.0478,0.019,0.85,0.0039,55.0,38.0
2024-01-31,동작구,1668,91216,3.8,-1.9,11.0,0.0,0.0479,0.0182,0.78,0.0033,58.0,43.0
2024-01-31,마포구,4146,259310,4.6,1.7,10.4,0.0,0.0507,0.017,0.84,0.0036,54.0,43.0
2024-01-31,서대문구,1693,90587,4.0,0.6,9.9,0.0,0.0433,0.0188,1.17,0.0068,56.0,41.0
2024-01-31,서초구,2743,145964,5.1,-0.2,10.6,0.0,0.0391,0.0156,0.68,0.0018,63.0,41.0
2024-01-31,성동구,3638,121632,5.1,1.3,10.8,0.0,0.0446,0.0165,0.64,0.0037,52.0,33.0
2024-01-31,성북구,1971,47908,4.3,1.0,9.9,0.0,0.0429,0.0163,0.85,0.0036,56.0,39.0
2024-01-31,송파구,8469,200270,5.4,1.1,11.4,0.0,0.0469,0.0173,0.66,0.0034,55.0,35.0
2024-01-31,양천구,5662,36686,5.4,1.5,10.0,0.0,0.0531,0.0175,0.95,0.0041,64.0,46.0
2024-01-31,영등포구,8511,330328,5.5,2.2,10.7,0.0,0.0472,0.0181,0.79,0.0035,56.0,42.0
2024-01-31,용산구,1758,0,4.8,-0.1,10.7,0.0,0.0444,0.0163,0.73,0.0031,52.0,37.0
2024-01-31,은평구,2110,124552,1.9,-4.0,10.0,0.0,0.04,0.0178,0.81,0.0035,58.0,41.0
2024-01-31,종로구,3737,245040,3.8,-0.8,9.8,0.0,0.0639,0.0201,0.87,0.0041,57.0,47.0
2024-01-31,중구,2583,268699,3.7,0.7,9.1,0.0,0.0463,0.0173,0.83,0.0035,50.0,42.0
2024-01-31,중랑구,2585,90186,5.2,0.9,10.9,0.0,0.0439,0.0165,0.67,0.003,47.0,38.0
2024-02-01,강남구,2928,421121,3.7,0.2,8.5,0.0,0.0289,0.0304,0.72,0.0031,87.0,58.0
2024-02-01,강동구,3870,96783,2.8,-0.6,7.9,0.0,0.0297,0.036,0.71,0.0034,89.0,68.0
2024-02-01,강북구,1178,47236,2.0,-2.1,7.5,0.0,0.0218,0.0325,0.77,0.0027,83.0,62.0
2024-02-01,강서구,12243,189906,1.9,-1.0,6.9,0.0,0.0281,0.0272,0.82,0.0038,97.0,60.0
2024-02-01,관악구,1914,154930,1.0,-2.8,6.8,0.0,0.0323,0.0245,0.81,0.003,89.0,62.0
2024-02-01,광진구,4241,62390,3.4,0.1,8.1,0.0,0.0218,0.0334,0.67,0.0031,76.0,56.0
2024-02-01,구로구,3879,130564,1.5,-1.8,6.2,0.0,0.0207,0.0231,0.73,0.0034,94.0,68.0
2024-02-01,금천구,1852,102998,2.9,-0.5,6.8,0.0,0.0294,0.0212,0.77,0.0033,92.0,75.0
2024-02-01,노원구,5199,163578,1.5,-4.3,8.1,0.0,0.0184,0.033,0.73,0.0029,93.0,69.0
2024-02-01,도봉구,1907,92852,2.1,-3.1,9.9,0.0,0.0222,0.0357,0.78,0.0039,83.0,63.0
2024-02-01,동대문구,3041,105522,3.1,-0.3,7.9,0.0,0.0278,0.0313,0.84,0.0037,86.0,60.0
2024-02-01,동작구,1605,91077,2.5,-2.8,8.3,0.0,0.0339,0.0243,0.82,0.0028,90.0,68.0
2024-02-01,마포구,3956,264588,1.9,-1.5,6.8,0.0,0.0335,0.0235,0.87,0.0033,79.0,67.0
2024-02-01,서대문구,1676,90990,1.4,-2.4,6.9,0.0,0.0253,0.0299,1.06,0.0047,82.0,63.0
2024-02-01,서초구,2634,146870,3.5,0.3,8.0,0.0,0.0276,0.0179,0.72,0.0019,92.0,67.0
2024-02-01,성동구,3622,123033,3.3,0.1,8.1,0.0,0.0299,0.0274,0.74,0.0037,84.0,53.0
2024-02-01,성북구,2019,48199,2.1,-1.2,7.5,0.0,0.0246,0.0294,0.8,0.0035,82.0,59.0
2024-02-01,송파구,8182,201063,3.9,0.5,8.4,0.0,0.0317,0.0303,0.71,0.0033,76.0,52.0
2024-02-01,양천구,5789,36730,2.5,-0.7,6.8,0.0,0.033,0.0257,0.89,0.0037,92.0,72.0
2024-02-01,영등포구,8090,329463,2.8,-0.7,7.0,0.0,0.0332,0.0251,0.83,0.0034,83.0,66.0
2024-02-01,용산구,1591,0,2.9,-0.4,7.2,0.0,0.0305,0.0243,0.79,0.0029,78.0,59.0
2024-02-01,은평구,2143,124595,0.3,-4.4,7.0,0.0,0.0253,0.0259,0.94,0.0037,88.0,64.0
2024-02-01,종로구,3776,243700,1.1,-2.4,6.2,0.0,0.038,0.032,0.83,0.0035,86.0,72.0
2024-02-01,중구,2473,266490,1.0,-2.3,5.6,0.0,0.0291,0.0279,0.73,0.0034,76.0,61.0
2024-02-01,중랑구,2514,89898,3.3,-0.2,7.6,0.0,0.0268,0.0299,0.73,0.0029,73.0,60.0
2024-02-02,강남구,3128,427310,3.8,0.7,8.6,0.0,0.0382,0.0164,0.53,0.0027,42.0,30.0
2024-02-02,강동구,4041,99659,3.4,1.2,8.4,0.0,0.035,0.0218,0.55,0.0028,38.0,28.0
2024-02-02,강북구,1232,49158,2.4,-0.8,7.6,0.0,0.0237,0.0222,0.49,0.0023,32.0,23.0
2024-02-02,강서구,12651,193862,2.1,-1.0,7.3,0.0,0.0428,0.0113,0.65,0.0046,57.0,33.0
2024-02-02,관악구,1974,161416,1.4,-1.9,5.6,0.0,0.0367,0.0161,0.64,0.003,60.0,41.0
2024-02-02,광진구,4337,65290,3.9,1.8,8.5,0.0,0.0267,0.0219,0.48,0.0028,34.0,25.0
2024-02-02,구로구,3904,132947,2.4,-0.5,6.6,0.0,0.0267,0.0127,0.61,0.0033,68.0,45.0
2024-02-02,금천구,1884,102831,3.2,1.1,6.1,0.0,0.0399,0.0117,0.76,0.0038,69.0,53.0
2024-02-02,노원구,5556,169098,2.1,-2.9,8.3,0.0,0.026,0.02,0.49,0.0024,34.0,25.0
2024-02-02,도봉구,2018,96073,3.0,-1.2,10.4,0.0,0.0244,0.0246,0.5,0.0031,32.0,25.0
2024-02-02,동대문구,3154,108773,3.6,1.6,8.1,0.0,0.0335,0.0201,0.58,0.0032,37.0,25.0
2024-02-02,동작구,1647,95636,2.6,-1.9,7.5,0.0,0.034,0.0191,0.55,0.0027,49.0,36.0
2024-02-02,마포구,4110,274839,3.0,1.0,7.5,0.0,0.0404,0.0147,0.64,0.0033,44.0,34.0
2024-02-02,서대문구,1770,95636,2.1,-0.5,7.4,0.0,0.0287,0.0208,0.76,0.0038,39.0,28.0
2024-02-02,서초구,2560,156932,3.7,0.2,8.6,0.0,0.0305,0.0131,0.45,0.0025,50.0,34.0
2024-02-02,성동구,3629,127491,3.8,2.0,7.5,0.0,0.0342,0.0187,0.49,0.003,38.0,25.0
2024-02-02,성북구,2111,49420,2.8,0.7,7.1,0.0,0.0273,0.0182,0.55,0.0028,35.0,25.0
2024-02-02,송파구,8770,206142,4.1,1.9,8.1,0.0,0.0382,0.018,0.51,0.0028,40.0,26.0
2024-02-02,양천구,6058,37545,3.2,1.5,6.4,0.0,0.0451,0.0128,0.74,0.0039,64.0,47.0
2024-02-02,영등포구,8291,340197,3.7,1.9,7.5,0.0,0.0384,0.0156,0.63,0.0035,54.0,41.0
2024-02-02,용산구,1701,0,3.4,0.6,7.2,0.0,0.0337,0.0166,0.55,0.0027,39.0,28.0
2024-02-02,은평구,2336,128289,1.3,-3.2,7.3,0.0,0.0303,0.0176,0.67,0.0033,42.0,29.0
2024-02-02,종로구,3707,250820,1.7,-0.2,6.8,0.0,0.0436,0.0213,0.59,0.003,38.0,31.0
2024-02-02,중구,2436,278480,1.7,-0.2,6.9,0.0,0.0326,0.0177,0.49,0.0031,35.0,29.0
2024-02-02,중랑구,2693,93127,3.8,1.6,7.9,0.0,0.0289,0.0212,0.46,0.0025,30.0,23.0
2024-02-03,강남구,1855,238294,4.8,-1.0,9.1,0.0,0.033,0.0157,0.46,0.0025,33.0,23.0
2024-02-03,강동구,2931,64563,4.5,-0.2,8.4,0.0,0.0313,0.0206,0.54,0.0026,31.0,21.0
2024-02-03,강북구,1149,37297,3.6,-1.8,7.9,0.0,0.0237,0.0183,0.51,0.0022,27.0,21.0
2024-02-03,강서구,7987,129787,4.1,-2.3,8.7,0.0,0.0397,0.0095,0.64,0.0034,47.0,29.0
2024-02-03,관악구,1751,124680,3.6,-2.3,8.0,0.0,0.0408,0.0098,0.61,0.0026,43.0,28.0
2024-02-03,광진구,3111,54210,5.1,0.6,8.9,0.0,0.0224,0.0211,0.43,0.0028,26.0,19.0
2024-02-03,구로구,2714,85349,4.5,-1.3,8.4,0.0,0.0272,0.0097,0.53,0.0028,42.0,30.0
2024-02-03,금천구,832,38627,5.0,1.1,8.8,0.0,0.0409,0.0116,0.69,0.0035,43.0,33.0
2024-02-03,노원구,4703,122821,2.9,-4.7,8.3,0.0,0.0282,0.0158,0.51,0.0025,35.0,26.0
2024-02-03,도봉구,1792,72706,3.4,-2.8,8.9,0.0,0.0271,0.0199,0.56,0.0031,32.0,25.0
2024-02-03,동대문구,2271,80710,4.9,0.4,8.4,0.0,0.0344,0.015,0.55,0.0031,34.0,24.0
2024-02-03,동작구,1352,70251,4.0,-2.9,9.2,0.0,0.0388,0.0119,0.54,0.0025,39.0,29.0
2024-02-03,마포구,3203,224948,4.9,0.4,9.0,0.0,0.0358,0.014,0.59,0.0029,37.0,30.0
2024-02-03,서대문구,1458,73439,4.1,-1.3,8.1,0.0,0.0249,0.0212,0.84,0.005,31.0,24.0
2024-02-03,서초구,1754,123117,4.8,-0.8,9.3,0.0,0.0304,0.0103,0.45,0.0024,41.0,28.0
2024-02-03,성동구,2386,83769,5.2,1.4,8.9,0.0,0.0335,0.0147,0.47,0.003,33.0,21.0
2024-02-03,성북구,1707,33241,4.4,0.1,7.5,0.0,0.0276,0.0145,0.58,0.0029,32.0,23.0
2024-02-03,송파구,6323,131831,5.3,1.4,8.8,0.0,0.0374,0.0143,0.52,0.0029,35.0,24.0
2024-02-03,양천구,4682,24109,5.1,0.3,8.5,0.0,0.0429,0.0102,0.65,0.0033,43.0,30.0
2024-02-03,영등포구,5569,216200,5.5,0.9,8.8,0.0,0.0378,0.012,0.54,0.003,38.0,30.0
2024-02-03,용산구,1323,0,4.7,-1.2,8.7,0.0,0.0343,0.0127,0.53,0.0026,33.0,23.0
2024-02-03,은평구,1919,92099,2.9,-4.3,8.6,0.0,0.028,0.0156,0.64,0.0029,36.0,26.0
2024-02-03,종로구,2159,178541,3.4,-1.0,7.2,0.0,0.0441,0.0172,0.54,0.003,33.0,28.0
2024-02-03,중구,1397,157290,3.2,-0.1,6.7,0.0,0.0307,0.015,0.46,0.003,29.0,24.0
2024-02-03,중랑구,2097,67784,5.1,1.0,8.5,0.0,0.0264,0.0188,0.44,0.0024,26.0,20.0
2024-02-04,강남구,2154,143589,7.6,3.6,12.0,0.0,0.0226,0.023,0.37,0.0025,20.0,14.0
2024-02-04,강동구,3524,47789,6.9,2.7,11.4,0.0,0.02,0.0293,0.47,0.0023,15.0,11.0
2024-02-04,강북구,1190,30546,6.2,2.3,10.8,0.0,0.0209,0.0202,0.5,0.0022,23.0,19.0
2024-02-04,강서구,7758,97434,6.4,2.3,11.4,0.0,0.0304,0.0161,0.51,0.0032,33.0,20.0
2024-02-04,관악구,1936,91584,5.8,1.0,9.4,0.0,0.0282,0.0185,0.47,0.0028,28.0,18.0
2024-02-04,광진구,3535,41729,7.5,3.6,11.5,0.0,0.0165,0.025,0.38,0.0029,17.0,12.0
2024-02-04,구로구,2942,63659,6.6,1.7,10.8,0.0,0.0189,0.0168,0.47,0.0027,28.0,20.0
2024-02-04,금천구,978,28370,7.6,4.3,10.9,0.0,0.0276,0.0202,0.56,0.0035,24.0,18.0
2024-02-04,노원구,4706,94118,5.7,0.3,11.7,0.0,0.0212,0.0202,0.43,0.0024,26.0,18.0
2024-02-04,도봉구,1825,59760,6.5,1.7,12.9,0.0,0.0189,0.0264,0.52,0.003,22.0,18.0
2024-02-04,동대문구,2440,62623,7.4,3.6,11.4,0.0,0.0242,0.0224,0.45,0.003,22.0,15.0
2024-02-04,동작구,1563,50704,6.5,0.2,11.9,0.0,0.0292,0.0194,0.46,0.0026,25.0,19.0
2024-02-04,마포구,3846,176157,7.2,3.7,12.3,0.0,0.0302,0.0173,0.53,0.0029,27.0,21.0
2024-02-04,서대문구,1598,54323,6.7,3.1,12.1,0.0,0.0237,0.0209,0.88,0.0056,24.0,20.0
2024-02-04,서초구,1938,98902,7.3,3.4,11.1,0.0,0.0211,0.0174,0.38,0.0021,27.0,19.0
2024-02-04,성동구,2749,63308,7.6,4.1,11.7,0.0,0.0228,0.0221,0.38,0.0027,20.0,13.0
2024-02-04,성북구,1933,27773,,,,0.0,0.0197,0.0207,0.51,0.0028,22.0,15.0
2024-02-04,송파구,7119,94131,7.8,4.2,11.1,0.0,0.0234,0.0233,0.38,0.0027,19.0,13.0
2024-02-04,양천구,4555,17681,7.4,3.5,11.2,0.0,0.0306,0.0186,0.56,0.0031,28.0,20.0
2024-02-04,영등포구,6099,160397,7.6,3.7,11.9,0.0,0.0287,0.0184,0.48,0.0027,26.0,20.0
2024-02-04,용산구,1756,0,7.5,3.2,11.6,0.0,0.0216,0.0208,0.41,0.0023,19.0,13.0
2024-02-04,은평구,1981,70186,4.9,0.3,10.8,0.0,0.0243,0.0171,0.65,0.0028,28.0,21.0
2024-02-04,종로구,2175,129640,6.3,2.3,10.1,0.0,0.0328,0.0246,0.47,0.003,23.0,18.0
2024-02-04,중구,1398,121040,5.4,2.4,9.4,0.0,0.0239,0.0205,0.43,0.0027,21.0,17.0
2024-02-04,중랑구,2198,50645,7.2,3.6,11.1,0.0,0.0205,0.0225,0.42,0.0023,19.0,14.0
2024-02-05,강남구,678,405984,2.9,0.3,7.1,4.0,0.0142,0.0345,0.26,0.0021,5.0,3.0
2024-02-05,강동구,1242,96109,2.3,-0.2,6.1,2.0,0.0126,0.0406,0.38,0.0021,3.0,1.0
2024-02-05,강북구,538,45541,3.0,-0.2,6.4,4.0,0.0094,0.0384,0.3,0.0019,5.0,3.0
2024-02-05,강서구,3328,184797,2.9,0.5,7.2,0.0,0.0147,0.0324,0.34,0.0023,6.0,2.0
2024-02-05,관악구,498,146331,1.5,-0.5,6.3,8.5,0.0143,0.0314,0.28,0.0021,8.0,3.0
2024-02-05,광진구,1403,60722,2.8,0.1,6.6,1.0,0.0084,0.0357,0.29,0.0027,5.0,3.0
2024-02-05,구로구,964,126257,2.5,0.2,7.6,4.5,0.0107,0.0269,0.34,0.0022,6.0,3.0
2024-02-05,금천구,387,102515,2.7,0.4,7.4,5.0,0.014,0.0331,0.31,0.0024,5.0,3.0
2024-02-05,노원구,2521,160249,2.7,-0.6,6.2,1.0,0.0093,0.035,0.25,0.002,8.0,5.0
2024-02-05,도봉구,848,89697,3.5,0.3,6.2,3.0,0.0081,0.0392,0.39,0.0027,6.0,4.0
2024-02-05,동대문구,1261,100643,2.8,-0.1,6.5,1.0,0.015,0.0335,0.32,0.0025,6.0,2.0
2024-02-05,동작구,370,88791,3.2,0.7,7.2,4.5,0.0146,0.0332,0.27,0.0018,7.0,3.0
2024-02-05,마포구,1058,254513,2.3,-0.1,6.6,2.0,0.0135,0.0367,0.31,0.0021,5.0,3.0
2024-02-05,서대문구,513,88995,1.9,-0.7,6.0,2.5,0.0096,0.0366,0.45,0.0025,6.0,5.0
2024-02-05,서초구,603,143702,2.7,0.3,7.2,5.5,0.0109,0.0294,0.25,0.0017,6.0,4.0
2024-02-05,성동구,1234,119501,2.9,0.3,6.7,2.5,0.0123,0.0346,0.25,0.0026,6.0,3.0
2024-02-05,성북구,921,46920,2.2,-0.5,6.0,3.5,0.0097,0.0322,0.38,0.0024,6.0,3.0
2024-02-05,송파구,2134,195458,3.2,0.5,7.4,0.5,0.016,0.0341,0.29,0.002,6.0,3.0
2024-02-05,양천구,1703,35178,2.9,0.5,7.2,3.0,0.0181,0.0322,0.36,0.0025,7.0,3.0
2024-02-05,영등포구,2138,321896,3.1,0.5,7.5,3.0,0.0162,0.0326,0.3,0.0023,8.0,4.0
2024-02-05,용산구,419,0,2.8,0.1,7.0,3.5,0.0125,0.032,0.27,0.0019,6.0,3.0
2024-02-05,은평구,561,120596,2.8,-0.1,6.2,3.5,0.0087,0.0332,0.39,0.0026,5.0,2.0
2024-02-05,종로구,1280,231454,0.9,-1.8,5.5,1.5,0.0179,0.0364,0.33,0.0023,6.0,3.0
2024-02-05,중구,798,260564,0.6,-2.0,4.4,0.0,0.0155,0.0317,0.27,0.0024,5.0,4.0
2024-02-05,중랑구,1106,88273,2.9,0.1,6.4,3.0,0.0116,0.0335,0.28,0.002,6.0,3.0
2024-02-06,강남구,2386,419928,2.0,0.2,4.3,0.0,0.0245,0.0246,0.37,0.002,13.0,9.0
2024-02-06,강동구,3408,98148,1.7,-0.4,3.7,0.0,0.0235,0.0312,0.45,0.0021,8.0,6.0
2024-02-06,강북구,1048,47507,1.0,-0.4,3.3,0.0,0.0164,0.0285,0.39,0.0019,10.0,9.0
2024-02-06,강서구,10397,190528,1.4,0.1,3.1,0.0,0.0274,0.0194,0.38,0.0027,17.0,9.0
2024-02-06,관악구,1625,153667,0.5,-0.8,2.4,0.0,0.027,0.0213,0.39,0.002,17.0,11.0
2024-02-06,광진구,3332,62820,1.9,0.1,3.6,0.0,0.0181,0.0256,0.43,0.0026,11.0,7.0
2024-02-06,구로구,3189,130642,1.3,-0.3,3.0,0.0,0.0187,0.0188,0.41,0.0023,17.0,11.0
2024-02-06,금천구,1585,105114,1.7,0.3,3.3,0.0,0.0267,0.0219,0.37,0.0023,14.0,10.0
2024-02-06,노원구,4234,165422,1.3,-0.8,3.9,0.0,0.0158,0.0266,0.32,0.002,13.0,11.0
2024-02-06,도봉구,1546,93699,1.3,-0.2,3.6,1.0,0.017,0.0284,0.47,0.0028,13.0,11.0
2024-02-06,동대문구,2495,106489,1.5,0.0,3.6,0.0,0.0251,0.0243,0.41,0.0026,12.0,8.0
2024-02-06,동작구,1294,91870,2.0,0.2,4.0,0.0,0.0264,0.0223,0.38,0.0018,15.0,10.0
2024-02-06,마포구,3247,261675,1.3,-0.1,3.2,0.0,0.0251,0.0247,0.37,0.002,14.0,10.0
2024-02-06,서대문구,1356,93062,0.6,-0.9,2.4,0.0,0.0199,0.0258,0.47,0.0026,18.0,14.0
2024-02-06,서초구,2119,147633,1.9,0.0,4.0,0.0,0.0212,0.0206,0.32,0.0017,15.0,10.0
2024-02-06,성동구,3048,122832,1.8,0.3,3.6,0.0,0.024,0.0228,0.34,0.0023,12.0,8.0
2024-02-06,성북구,1668,48431,0.8,-0.7,3.1,0.0,0.0189,0.0221,0.46,0.0025,13.0,8.0
2024-02-06,송파구,6469,203107,2.1,0.4,4.0,0.0,0.0221,0.0275,0.32,0.0018,7.0,4.0
2024-02-06,양천구,4850,36837,1.8,0.5,3.1,0.0,0.0301,0.0198,0.47,0.0025,16.0,11.0
2024-02-06,영등포구,6930,330748,2.0,0.6,3.4,0.0,0.027,0.0225,0.36,0.0024,14.0,11.0
2024-02-06,용산구,1338,0,1.7,0.1,3.6,0.0,0.0232,0.0229,0.37,0.0019,14.0,8.0
2024-02-06,은평구,1736,126152,0.7,-0.5,2.7,0.0,0.0216,0.0213,0.44,0.0027,14.0,9.0
2024-02-06,종로구,2894,239947,-0.2,-1.8,1.9,0.0,0.0321,0.0248,0.45,0.0021,13.0,11.0
2024-02-06,중구,2096,264955,-0.7,-2.1,1.7,0.5,0.0231,0.0237,0.35,0.0024,10.0,9.0
2024-02-06,중랑구,2082,91842,1.6,0.1,3.6,0.0,0.023,0.0224,0.38,0.0019,12.0,9.0
2024-02-07,강남구,2608,412778,1.5,-1.2,3.5,0.0,0.0262,0.0207,0.56,0.0021,34.0,28.0
2024-02-07,강동구,3641,98249,1.6,-0.6,3.5,0.0,0.0302,0.0233,0.66,0.0021,30.0,23.0
2024-02-07,강북구,1097,47773,0.7,-2.1,3.1,0.0,0.0121,0.0329,0.51,0.0019,26.0,21.0
2024-02-07,강서구,11473,190615,0.8,-2.1,3.7,0.0,0.0269,0.0229,0.55,0.0031,37.0,24.0
2024-02-07,관악구,1671,155626,-0.5,-3.4,1.6,0.0,0.0286,0.0206,0.57,0.0022,38.0,27.0
2024-02-07,광진구,3857,63722,1.6,0.2,3.4,0.0,0.0237,0.02,0.66,0.0027,31.0,24.0
2024-02-07,구로구,3411,130844,0.6,-1.6,3.7,0.0,0.0188,0.0194,0.54,0.0026,37.0,26.0
2024-02-07,금천구,1716,103548,1.1,-0.3,2.7,0.0,0.0311,0.0198,0.61,0.0025,36.0,30.0
2024-02-07,노원구,4898,166118,0.5,-4.6,3.7,0.0,0.0154,0.0264,0.47,0.0021,32.0,28.0
2024-02-07,도봉구,1732,94555,0.5,-3.0,3.9,0.0,0.0127,0.0321,0.51,0.0028,24.0,20.0
2024-02-07,동대문구,2776,106619,1.5,0.3,3.2,0.0,0.0263,0.0225,0.67,0.0026,32.0,25.0
2024-02-07,동작구,1526,92523,1.1,-2.5,3.9,0.0,0.0293,0.0199,0.56,0.0021,37.0,30.0
2024-02-07,마포구,3615,262742,0.5,-1.4,3.7,0.0,0.0281,0.0226,0.56,0.0022,33.0,27.0
2024-02-07,서대문구,1512,92428,-0.1,-2.2,2.6,0.0,0.0218,0.0236,0.7,0.0028,32.0,30.0
2024-02-07,서초구,2396,147256,1.6,0.2,3.9,0.0,0.0233,0.0186,0.48,0.0018,37.0,27.0
2024-02-07,성동구,3222,121314,1.4,0.2,3.2,0.0,0.0298,0.019,0.55,0.0022,32.0,24.0
2024-02-07,성북구,1807,48708,0.7,-1.2,2.8,0.0,0.0181,0.022,0.59,0.0026,26.0,22.0
2024-02-07,송파구,7306,201563,1.9,0.5,3.6,0.0,0.037,0.0176,0.56,0.002,33.0,26.0
2024-02-07,양천구,5417,36597,1.2,-0.3,3.2,0.0,0.0294,0.0226,0.64,0.0029,36.0,30.0
2024-02-07,영등포구,7496,331029,1.3,-0.2,3.4,0.0,0.0266,0.024,0.55,0.0026,33.0,28.0
2024-02-07,용산구,1450,0,1.3,-0.2,3.4,0.0,0.0257,0.0203,0.58,0.0021,35.0,27.0
2024-02-07,은평구,2009,126140,-0.5,-4.2,2.7,0.0,0.0212,0.0221,0.64,0.0028,33.0,25.0
2024-02-07,종로구,3026,238771,-0.9,-2.4,1.0,0.0,0.0309,0.0243,0.63,0.0022,33.0,31.0
2024-02-07,중구,2273,262388,-0.9,-2.5,1.6,0.0,0.0227,0.0236,0.5,0.0026,29.0,27.0
2024-02-07,중랑구,2463,91772,1.7,0.5,3.4,0.0,0.0249,0.0211,0.56,0.002,27.0,23.0
2024-02-08,강남구,2701,380613,1.2,-3.4,6.6,0.0,0.0349,0.0169,0.62,0.0025,39.0,30.0
2024-02-08,강동구,3773,92454,0.9,-3.5,6.3,0.0,0.0394,0.0168,0.77,0.0026,38.0,30.0
2024-02-08,강북구,1261,46222,-0.1,-4.4,5.7,0.0,0.0187,0.0298,0.6,0.0022,38.0,30.0
2024-02-08,강서구,11474,184594,0.1,-4.1,6.4,0.0,0.0421,0.0132,0.67,0.0036,45.0,29.0
2024-02-08,관악구,1871,149831,-1.1,-4.8,5.2,0.0,0.0371,0.0184,0.66,0.0027,43.0,31.0
2024-02-08,광진구,4101,63847,1.8,-1.9,5.9,0.0,0.0295,0.0173,0.73,0.003,34.0,27.0
2024-02-08,구로구,3642,126351,0.6,-3.6,5.9,0.0,0.0241,0.0191,0.58,0.0031,46.0,34.0
2024-02-08,금천구,1761,94435,1.2,-1.9,5.5,0.0,0.0385,0.0184,0.71,0.0031,44.0,36.0
2024-02-08,노원구,5427,160790,-1.0,-7.1,6.2,0.0,0.0291,0.0203,0.63,0.0027,40.0,34.0
2024-02-08,도봉구,1943,91787,0.0,-5.4,8.4,0.0,0.0281,0.0246,0.65,0.0031,35.0,29.0
2024-02-08,동대문구,2863,102588,1.6,-2.2,6.1,0.0,0.0428,0.0143,0.79,0.0031,38.0,28.0
2024-02-08,동작구,1609,91274,-0.1,-4.8,6.9,0.0,0.0356,0.0188,0.61,0.0023,41.0,34.0
2024-02-08,마포구,3844,256880,0.9,-2.3,6.0,0.0,0.0364,0.0214,0.61,0.0027,40.0,34.0
2024-02-08,서대문구,1666,90370,-0.2,-3.7,5.9,0.0,0.0259,0.0258,0.96,0.0059,38.0,32.0
2024-02-08,서초구,2498,143208,1.0,-3.3,6.4,0.0,0.0305,0.0184,0.51,0.0021,44.0,33.0
2024-02-08,성동구,3284,116698,1.8,-1.5,6.2,0.0,0.0359,0.0186,0.6,0.0027,37.0,27.0
2024-02-08,성북구,1832,46994,0.7,-3.4,5.6,0.0,0.031,0.018,0.76,0.0031,36.0,29.0
2024-02-08,송파구,7818,187190,1.9,-1.5,6.0,0.0,0.0414,0.0141,0.65,0.0025,40.0,32.0
2024-02-08,양천구,5836,35346,1.7,-1.3,5.9,0.0,0.037,0.0224,0.7,0.0032,43.0,37.0
2024-02-08,영등포구,8007,316341,1.9,-1.0,6.3,0.0,0.0327,0.0247,0.57,0.003,38.0,35.0
2024-02-08,용산구,1492,0,0.9,-3.3,6.3,0.0,0.0366,0.0173,0.65,0.0027,39.0,30.0
2024-02-08,은평구,2178,123235,-1.7,-6.7,5.6,0.0,0.0233,0.0241,0.61,0.003,36.0,25.0
2024-02-08,종로구,3153,224454,-0.4,-4.3,5.2,0.0,0.0478,0.0213,0.75,0.0027,39.0,35.0
2024-02-08,중구,2251,240096,-0.2,-3.1,5.2,0.0,0.0329,0.0191,0.63,0.003,34.0,31.0
2024-02-08,중랑구,2555,90334,1.6,-2.1,6.3,0.0,0.0305,0.0206,0.64,0.0023,35.0,32.0
2024-02-09,강남구,1406,102831,1.3,-2.8,6.6,0.0,,,,,,
2024-02-09,강동구,2160,36475,1.4,-3.1,6.4,0.0,,,,,,
2024-02-09,강북구,880,22804,0.2,-4.3,5.7,0.0,,,,,,
2024-02-09,강서구,5070,83036,1.2,-3.8,6.5,0.0,,,,,,
2024-02-09,관악구,1134,69142,-0.4,-3.8,4.3,0.0,,,,,,
2024-02-09,광진구,2138,31458,2.0,-1.4,6.3,0.0,,,,,,
2024-02-09,구로구,1826,50936,1.0,-3.3,6.0,0.0,,,,,,
2024-02-09,금천구,600,25670,1.4,-1.5,5.0,0.0,,,,,,
2024-02-09,노원구,3640,72325,-0.6,-6.9,6.3,0.0,,,,,,
2024-02-09,도봉구,1336,43863,-0.2,-5.1,6.8,0.0,,,,,,
2024-02-09,동대문구,1606,45251,1.7,-2.0,6.0,0.0,,,,,,
2024-02-09,동작구,956,44511,0.5,-4.6,6.4,0.0,,,,,,
2024-02-09,마포구,2183,124543,1.4,-1.6,6.7,0.0,,,,,,
2024-02-09,서대문구,1077,40893,0.6,-2.7,6.2,0.0,,,,,,
2024-02-09,서초구,1324,59439,1.1,-3.4,6.0,0.0,,,,,,
2024-02-09,성동구,1477,43403,2.0,-1.1,6.0,0.0,,,,,,
2024-02-09,성북구,1193,20569,0.8,-3.0,5.1,0.0,,,,,,
2024-02-09,송파구,4530,68126,2.6,-1.0,6.7,0.0,,,,,,
2024-02-09,양천구,3127,14013,1.9,-0.7,6.2,0.0,,,,,,
2024-02-09,영등포구,3632,106367,2.3,-0.4,6.7,0.0,,,,,,
2024-02-09,용산구,917,0,1.7,-3.0,6.2,0.0,,,,,,
2024-02-09,은평구,1530,58147,-1.4,-6.3,5.1,0.0,,,,,,
2024-02-09,종로구,1276,100944,-0.1,-3.6,5.6,0.0,,,,,,
2024-02-09,중구,844,91399,0.0,-2.9,4.8,0.0,,,,,,
2024-02-09,중랑구,1651,41995,1.9,-1.8,5.8,0.0,,,,,,
2024-02-10,강남구,1065,59757,1.7,-2.6,7.5,0.0,,,,,,
2024-02-10,강동구,1601,26839,2.1,-2.2,8.1,0.0,,,,,,
2024-02-10,강북구,722,21793,1.1,-2.3,6.7,0.0,,,,,,
2024-02-10,강서구,3596,65890,1.6,-3.1,7.8,0.0,,,,,,
2024-02-10,관악구,910,50430,0.6,-2.5,6.4,0.0,,,,,,
2024-02-10,광진구,1594,22817,2.8,-0.5,7.5,0.0,,,,,,
2024-02-10,구로구,1402,41399,1.5,-2.3,7.2,0.0,,,,,,
2024-02-10,금천구,500,20317,2.3,-0.9,7.7,0.0,,,,,,
2024-02-10,노원구,2454,62704,0.5,-5.8,8.2,0.0,,,,,,
2024-02-10,도봉구,1079,38694,0.7,-3.4,7.7,0.0,,,,,,
2024-02-10,동대문구,1149,31991,2.5,-0.5,7.5,0.0,,,,,,
2024-02-10,동작구,755,30911,0.8,-3.8,7.6,0.0,,,,,,
2024-02-10,마포구,1570,93706,2.4,-0.6,7.5,0.0,,,,,,
2024-02-10,서대문구,759,29173,1.4,-1.9,7.3,0.0,,,,,,
2024-02-10,서초구,840,57197,1.6,-2.8,7.9,0.0,,,,,,
2024-02-10,성동구,1177,29361,2.6,-0.2,7.3,0.0,,,,,,
2024-02-10,성북구,924,18192,1.7,-1.2,6.6,0.0,,,,,,
2024-02-10,송파구,3207,46961,3.0,-0.4,7.7,0.0,,,,,,
2024-02-10,양천구,2161,11133,2.7,-0.3,7.4,0.0,,,,,,
2024-02-10,영등포구,2525,81667,3.0,0.7,7.8,0.0,,,,,,
2024-02-10,용산구,738,0,2.1,-2.4,7.5,0.0,,,,,,
2024-02-10,은평구,1176,46893,-0.5,-4.9,6.6,0.0,,,,,,
2024-02-10,종로구,928,94073,0.6,-2.6,6.4,0.0,,,,,,
2024-02-10,중구,653,87321,0.9,-1.7,6.1,0.0,,,,,,
2024-02-10,중랑구,1298,35389,2.7,-0.5,7.6,0.0,,,,,,
2024-02-11,강남구,1334,89821,1.8,-3.0,6.7,0.0,0.0194,0.036,0.56,0.0025,61.0,47.0
2024-02-11,강동구,1925,37013,1.3,-3.0,5.8,0.0,0.0264,0.0373,0.79,0.0027,58.0,49.0
2024-02-11,강북구,792,25698,0.2,-4.9,5.3,0.0,0.0155,0.0384,0.59,0.0022,63.0,49.0
2024-02-11,강서구,4821,83985,1.0,-4.6,6.2,0.0,0.019,0.037,0.55,0.0036,63.0,42.0
2024-02-11,관악구,1123,67776,0.2,-4.7,4.8,0.0,0.0257,0.031,0.63,0.0025,67.0,51.0
2024-02-11,광진구,1951,31929,2.3,-1.3,5.5,0.0,0.0172,0.0353,0.7,0.0029,57.0,48.0
2024-02-11,구로구,1739,51809,1.3,-4.2,6.1,0.0,0.0171,0.0287,0.56,0.003,63.0,46.0
2024-02-11,금천구,581,24804,1.9,-1.9,5.3,0.0,0.0266,0.0299,0.62,0.0027,64.0,51.0
2024-02-11,노원구,3064,78333,-1.1,-7.5,6.0,0.0,0.0251,0.0283,0.68,0.0028,68.0,61.0
2024-02-11,도봉구,1182,49098,-0.1,-5.4,5.7,0.0,0.018,0.0387,0.68,0.0031,55.0,48.0
2024-02-11,동대문구,1348,41612,1.9,-1.9,5.4,0.0,0.0201,0.0359,0.7,0.0028,90.0,51.0
2024-02-11,동작구,853,37909,0.5,-5.8,6.3,0.0,0.0195,0.0377,0.55,0.0024,61.0,48.0
2024-02-11,마포구,1949,137340,1.4,-2.7,6.9,0.0,0.0242,0.0367,0.6,0.0029,59.0,49.0
2024-02-11,서대문구,1022,39686,0.1,-4.1,5.8,0.0,0.0236,0.0298,0.99,0.005,65.0,55.0
2024-02-11,서초구,1235,111249,1.5,-3.5,6.6,0.0,0.0157,0.0327,0.49,0.0019,58.0,44.0
2024-02-11,성동구,1420,46059,2.1,-1.7,5.4,0.0,0.0222,0.0354,0.57,0.0025,58.0,43.0
2024-02-11,성북구,1068,21931,0.6,-3.5,4.4,0.0,0.0151,0.0341,0.71,0.0032,58.0,50.0
2024-02-11,송파구,4074,69519,2.6,-1.1,6.2,0.0,0.0231,0.033,0.59,0.0025,61.0,49.0
2024-02-11,양천구,3022,14689,2.2,-1.8,6.3,0.0,0.0258,0.0341,0.65,0.003,60.0,49.0
2024-02-11,영등포구,3229,124249,2.2,-1.5,6.1,0.0,0.0206,0.0378,0.55,0.0029,58.0,48.0
2024-02-11,용산구,989,0,2.1,-1.7,6.0,0.0,0.022,0.032,0.62,0.0027,62.0,49.0
2024-02-11,은평구,1277,60024,-1.6,-7.5,4.8,0.0,0.0206,0.0269,0.74,0.0031,65.0,48.0
2024-02-11,종로구,1235,126152,0.0,-4.4,4.6,0.0,0.0256,0.0376,0.67,0.0025,67.0,62.0
2024-02-11,중구,786,118284,-0.3,-4.0,4.4,0.0,0.0194,0.0353,0.56,0.003,58.0,51.0
2024-02-11,중랑구,1483,40926,2.3,-1.1,5.9,0.0,0.0246,0.0299,0.66,0.0026,58.0,53.0
2024-02-12,강남구,1984,118871,3.6,-2.7,11.2,0.0,0.0275,0.0266,0.65,0.0026,68.0,51.0
2024-02-12,강동구,2939,40662,3.5,-2.8,10.7,0.0,0.0364,0.0243,0.95,0.0028,69.0,55.0
2024-02-12,강북구,1152,27837,2.2,-4.2,9.6,0.0,0.0206,0.0298,0.64,0.0023,60.0,43.0
2024-02-12,강서구,7086,91272,3.5,-4.0,10.5,0.0,0.0308,0.0282,0.68,0.0035,67.0,41.0
2024-02-12,관악구,1683,76573,2.6,-3.7,9.5,0.0,0.0341,0.026,0.68,0.003,60.0,41.0
2024-02-12,광진구,3235,36676,4.4,-1.2,10.8,0.0,0.0269,0.0235,0.78,0.003,63.0,52.0
2024-02-12,구로구,2622,55893,3.4,-3.4,10.1,0.0,0.0211,0.0257,0.6,0.0034,62.0,41.0
2024-02-12,금천구,906,27362,4.6,-1.4,10.3,0.0,0.0291,0.0285,0.74,0.0031,61.0,47.0
2024-02-12,노원구,4216,86006,1.0,-7.2,10.4,0.0,0.0335,0.0209,0.75,0.0032,67.0,56.0
2024-02-12,도봉구,1676,52335,1.9,-5.2,12.3,0.0,0.0303,0.0264,0.74,0.0033,55.0,45.0
2024-02-12,동대문구,2078,45942,4.0,-2.0,10.2,0.0,0.0351,0.0237,0.81,0.0029,70.0,50.0
2024-02-12,동작구,1411,42291,2.1,-5.0,11.1,0.0,0.0331,0.027,0.64,0.0027,58.0,42.0
2024-02-12,마포구,3360,151558,4.6,-0.9,10.5,0.0,0.036,0.0259,0.72,0.003,63.0,51.0
2024-02-12,서대문구,1450,46103,3.5,-2.4,9.9,0.0,0.0309,0.0241,0.93,0.0048,58.0,47.0
2024-02-12,서초구,1787,117401,3.3,-3.8,10.6,0.0,0.0214,0.0267,0.54,0.0021,59.0,44.0
2024-02-12,성동구,2328,52300,4.5,-1.0,10.4,0.0,0.0301,0.0263,0.65,0.0026,64.0,44.0
2024-02-12,성북구,1520,23339,3.0,-2.9,9.0,0.0,0.0328,0.0187,0.87,0.0033,59.0,45.0
2024-02-12,송파구,6542,76136,4.9,-0.9,10.9,0.0,0.0308,0.0249,0.66,0.0027,63.0,46.0
2024-02-12,양천구,4364,15744,4.8,-0.8,10.1,0.0,0.0342,0.0274,0.73,0.0034,63.0,48.0
2024-02-12,영등포구,5524,135640,5.1,-0.1,10.6,0.0,0.0298,0.0295,0.66,0.0031,58.0,48.0
2024-02-12,용산구,1500,0,3.5,-2.4,10.6,0.0,0.0284,0.0246,0.68,0.0028,65.0,50.0
2024-02-12,은평구,1910,64330,1.6,-6.7,9.7,0.0,0.0225,0.0272,0.7,0.0033,57.0,39.0
2024-02-12,종로구,1746,126074,3.0,-3.8,10.7,0.0,0.0438,0.0252,0.77,0.0027,67.0,59.0
2024-02-12,중구,1252,115030,3.1,-2.6,9.5,0.0,0.0302,0.0229,0.64,0.0032,57.0,49.0
2024-02-12,중랑구,2155,45404,4.2,-1.7,10.3,0.0,0.0301,0.0234,0.7,0.0026,61.0,53.0
2024-02-13,강남구,3654,386479,8.2,0.7,15.2,0.0,0.0401,0.0204,0.64,0.0027,67.0,42.0
2024-02-13,강동구,4421,90074,7.8,0.5,14.6,0.0,0.043,0.024,0.93,0.0029,61.0,40.0
2024-02-13,강북구,1384,44851,7.4,0.2,14.2,0.0,0.0275,0.0291,0.64,0.0025,68.0,43.0
2024-02-13,강서구,13268,178708,8.9,2.1,14.3,0.0,0.031,0.0338,0.6,0.0034,77.0,40.0
2024-02-13,관악구,2266,141914,9.0,4.5,13.5,0.0,0.0285,0.0372,0.58,0.0029,78.0,44.0
2024-02-13,광진구,4866,59328,9.1,2.2,14.9,0.0,0.0327,0.0234,0.73,0.0033,62.0,41.0
2024-02-13,구로구,4274,122973,9.3,3.1,14.3,0.0,0.0168,0.0347,0.5,0.0034,75.0,41.0
2024-02-13,금천구,2042,97089,10.3,6.2,13.8,0.0,0.0181,0.0474,0.47,0.0033,70.0,44.0
2024-02-13,노원구,6130,157108,5.8,-3.4,15.2,0.0,0.0414,0.0201,0.86,0.0034,72.0,54.0
2024-02-13,도봉구,2156,88633,6.8,-0.9,14.9,0.0,0.0346,0.0292,0.81,0.0035,62.0,44.0
2024-02-13,동대문구,3316,93461,8.6,2.0,14.7,0.0,0.048,0.0218,0.93,0.0033,69.0,42.0
2024-02-13,동작구,2052,84075,7.2,-1.0,15.5,0.0,0.0341,0.0335,0.57,0.0028,71.0,44.0
2024-02-13,마포구,5041,252036,9.9,4.8,16.0,0.0,0.0396,0.0311,0.66,0.0022,69.0,45.0
2024-02-13,서대문구,2075,86448,9.5,4.8,14.2,0.0,0.0336,0.0291,0.91,0.0042,69.0,46.0
2024-02-13,서초구,3100,153927,8.6,0.8,15.4,0.0,0.0306,0.0237,0.54,0.0024,77.0,40.0
2024-02-13,성동구,4198,115130,8.9,2.7,14.2,0.0,0.0503,0.013,0.75,0.0031,67.0,40.0
2024-02-13,성북구,2233,44817,8.3,2.6,13.2,0.0,0.0402,0.0188,1.01,0.0036,66.0,44.0
2024-02-13,송파구,9629,185112,9.9,3.4,14.7,0.0,0.0374,0.0274,0.59,0.003,66.0,42.0
2024-02-13,양천구,6742,34526,9.7,4.4,14.3,0.0,0.0285,0.0381,0.59,0.0032,73.0,45.0
2024-02-13,영등포구,9867,309994,10.1,5.1,14.8,0.0,0.0408,0.0276,0.69,0.0032,70.0,48.0
2024-02-13,용산구,2064,0,8.6,2.3,15.0,0.0,0.0373,0.0244,0.64,0.0029,68.0,42.0
2024-02-13,은평구,2513,118425,10.7,7.4,14.3,0.0,0.0197,0.0376,0.75,0.0036,90.0,53.0
2024-02-13,종로구,3775,216357,8.6,3.7,13.6,0.0,0.0662,0.019,0.99,0.0034,69.0,52.0
2024-02-13,중구,2617,248515,8.6,2.8,14.1,0.0,0.0397,0.0217,0.68,0.0033,60.0,43.0
2024-02-13,중랑구,2991,85722,8.8,2.2,14.4,0.0,0.0387,0.0211,0.67,0.0027,55.0,44.0
2024-02-14,강남구,4137,420719,12.8,8.1,18.9,0.0,0.0432,0.0165,0.61,0.0031,50.0,30.0
2024-02-14,강동구,5105,96869,12.1,7.6,18.1,0.0,0.042,0.0197,0.85,0.0027,45.0,28.0
2024-02-14,강북구,1659,48297,12.2,7.3,17.8,0.0,0.0238,0.024,0.53,0.0025,44.0,25.0
2024-02-14,강서구,15478,189957,12.8,8.1,18.1,0.0,0.0398,0.0189,0.63,0.0035,45.0,23.0
2024-02-14,관악구,2778,156436,12.9,10.1,16.3,0.0,0.0396,0.0211,0.57,0.0034,47.0,25.0
2024-02-14,광진구,5605,63005,12.7,8.7,18.2,0.0,0.0355,0.0155,0.71,0.0037,46.0,28.0
2024-02-14,구로구,4779,132822,12.9,9.0,18.0,0.0,0.0268,0.0189,0.55,0.0031,46.0,24.0
2024-02-14,금천구,2471,105579,13.6,10.8,17.4,0.0,0.0228,0.0334,0.51,0.0032,36.0,19.0
2024-02-14,노원구,7017,168082,12.2,4.2,18.2,0.0,0.0368,0.0166,0.75,0.0033,46.0,32.0
2024-02-14,도봉구,2629,94372,12.8,6.6,19.4,0.0,0.0345,0.0238,0.76,0.0039,43.0,29.0
2024-02-14,동대문구,3865,102364,12.9,9.2,18.1,0.0,0.0459,0.016,0.78,0.0034,55.0,32.0
2024-02-14,동작구,2368,90355,12.7,6.7,18.5,0.0,0.0415,0.0213,0.62,0.0035,44.0,26.0
2024-02-14,마포구,6218,276535,13.2,10.5,19.3,0.0,0.0409,0.0227,0.57,0.0022,44.0,27.0
2024-02-14,서대문구,2537,94760,13.3,10.5,17.7,0.0,0.0367,0.021,0.71,0.0035,40.0,27.0
2024-02-14,서초구,3694,155151,13.3,8.6,18.8,0.0,0.0372,0.0147,0.57,0.0033,56.0,29.0
2024-02-14,성동구,4987,127459,12.8,9.4,18.1,0.0,0.0258,0.0326,0.36,0.0033,39.0,21.0
2024-02-14,성북구,2746,49558,12.3,9.2,16.5,0.0,0.0361,0.0165,0.79,0.0034,47.0,29.0
2024-02-14,송파구,10887,199778,13.2,9.8,19.0,0.0,0.0446,0.0173,0.69,0.0033,48.0,29.0
2024-02-14,양천구,7439,37414,13.1,10.3,17.4,0.0,0.0416,0.0194,0.64,0.0031,45.0,25.0
2024-02-14,영등포구,11440,335726,13.5,10.9,18.3,0.0,0.0377,0.0219,0.56,0.0032,42.0,28.0
2024-02-14,용산구,2595,0,13.0,9.0,18.2,0.0,0.0399,0.0168,0.58,0.0029,51.0,29.0
2024-02-14,은평구,3005,126133,14.0,11.6,17.3,0.0,0.022,0.028,0.66,0.0032,52.0,27.0
2024-02-14,종로구,4541,250923,12.7,9.2,18.0,0.0,0.0616,0.0175,0.84,0.004,53.0,36.0
2024-02-14,중구,3270,271239,12.4,9.5,17.6,0.0,0.0406,0.0172,0.73,0.0036,45.0,30.0
2024-02-14,중랑구,3443,91006,13.0,9.2,18.2,0.0,0.0376,0.0165,0.56,0.0028,40.0,30.0
2024-02-15,강남구,1846,418929,5.7,1.8,12.1,9.0,0.019,0.0299,0.37,0.0024,22.0,16.0
2024-02-15,강동구,2510,94227,5.3,1.6,12.3,7.5,0.0192,0.0358,0.53,0.0019,21.0,13.0
2024-02-15,강북구,851,45071,4.5,-0.4,12.0,9.0,0.0066,0.0392,0.33,0.0019,20.0,13.0
2024-02-15,강서구,7628,186348,4.7,-0.2,10.5,5.5,0.0167,0.0276,0.34,0.0025,21.0,12.0
2024-02-15,관악구,1325,153672,3.7,-1.9,10.5,10.0,0.0166,0.0291,0.36,0.0023,22.0,14.0
2024-02-15,광진구,2720,61758,5.7,1.8,12.5,6.5,0.0148,0.0294,0.56,0.0031,22.0,16.0
2024-02-15,구로구,2350,127415,4.4,0.0,10.2,10.0,0.0106,0.0265,0.37,0.0024,22.0,12.0
2024-02-15,금천구,1245,102421,4.9,1.3,10.9,11.5,0.0197,0.0267,0.4,0.0025,23.0,14.0
2024-02-15,노원구,3279,160468,5.1,-1.8,12.8,6.5,0.0121,0.0308,0.35,0.0022,24.0,18.0
2024-02-15,도봉구,1177,88193,5.1,-0.1,13.0,10.0,0.0097,0.038,0.5,0.0033,18.0,14.0
2024-02-15,동대문구,1925,99028,5.3,1.7,12.5,5.5,0.0136,0.03,0.41,0.0023,23.0,15.0
2024-02-15,동작구,1040,88639,5.2,-0.3,12.2,10.0,0.0175,0.0311,0.35,0.0023,21.0,13.0
2024-02-15,마포구,2297,267986,4.1,0.1,10.5,8.0,0.0201,0.0302,0.35,0.0023,20.0,14.0
2024-02-15,서대문구,1046,92507,3.4,-1.4,10.5,8.5,0.0158,0.0293,0.46,0.0024,23.0,20.0
2024-02-15,서초구,1605,154316,5.4,1.4,11.6,8.0,0.0124,0.0269,0.32,0.0029,23.0,15.0
2024-02-15,성동구,2085,124437,5.2,1.4,11.8,7.0,0.0169,0.0302,0.37,0.0025,21.0,14.0
2024-02-15,성북구,1241,47703,4.4,0.0,11.3,7.5,0.011,0.0293,0.46,0.0025,20.0,14.0
2024-02-15,송파구,5011,198825,5.8,1.5,12.6,6.5,0.02,0.0266,0.37,0.0022,24.0,18.0
2024-02-15,양천구,3576,36034,4.9,1.3,10.7,10.5,0.0186,0.0288,0.42,0.0025,22.0,14.0
2024-02-15,영등포구,5111,329663,5.0,1.3,11.1,10.5,0.0167,0.03,0.35,0.0023,21.0,15.0
2024-02-15,용산구,940,0,5.2,1.4,11.6,10.0,0.0146,0.0282,0.37,0.002,22.0,15.0
2024-02-15,은평구,1306,121897,3.5,-1.2,11.5,9.5,0.0128,0.0302,0.59,0.0024,24.0,17.0
2024-02-15,종로구,1862,241764,3.3,-0.7,10.1,10.5,0.0192,0.0313,0.38,0.0025,22.0,17.0
2024-02-15,중구,1377,273350,2.7,-0.8,9.5,9.5,0.0134,0.0306,0.33,0.0026,18.0,14.0
2024-02-15,중랑구,1525,88611,5.6,1.6,12.6,8.0,0.0172,0.0281,0.41,0.0022,22.0,17.0
2024-02-16,강남구,3348,435679,3.4,-1.4,8.3,0.0,0.0272,0.0198,0.42,0.0024,22.0,15.0
2024-02-16,강동구,4358,100352,3.1,-1.0,8.2,0.0,0.0306,0.0204,0.45,0.0022,19.0,12.0
2024-02-16,강북구,1444,49255,1.6,-2.2,7.6,0.0,0.0186,0.022,0.45,0.0021,25.0,17.0
2024-02-16,강서구,13001,196287,2.2,-2.4,8.3,0.0,0.0281,0.0219,0.5,0.0037,30.0,16.0
2024-02-16,관악구,2131,167278,0.2,-3.6,7.0,0.0,0.0301,0.0194,0.48,0.0025,29.0,17.0
2024-02-16,광진구,4609,68449,3.5,0.1,7.9,0.0,0.0211,0.0219,0.45,0.0028,18.0,12.0
2024-02-16,구로구,4215,135337,2.1,-2.4,7.9,0.0,0.0199,0.0192,0.45,0.0029,31.0,15.0
2024-02-16,금천구,2116,105156,2.9,-0.6,7.6,0.0,0.0301,0.0189,0.55,0.0027,27.0,18.0
2024-02-16,노원구,5809,172780,0.9,-4.4,8.4,0.0,0.0277,0.0166,0.49,0.003,27.0,18.0
2024-02-16,도봉구,2124,97826,1.8,-2.7,9.9,0.0,0.0223,0.0227,0.57,0.0031,25.0,18.0
2024-02-16,동대문구,3182,107866,3.2,-0.4,7.5,0.0,0.0263,0.0206,0.48,0.0024,24.0,15.0
2024-02-16,동작구,1892,96406,1.7,-3.4,9.0,0.0,0.0285,0.0198,0.45,0.0022,26.0,17.0
2024-02-16,마포구,4414,292387,2.8,-0.9,8.3,0.0,0.0294,0.0226,0.46,0.0026,26.0,17.0
2024-02-16,서대문구,1936,100764,1.9,-2.3,8.1,0.0,0.0263,0.0191,0.68,0.004,30.0,24.0
2024-02-16,서초구,2765,172344,2.9,-1.6,7.9,0.0,0.0242,0.0166,0.39,0.0031,31.0,18.0
2024-02-16,성동구,3825,133881,3.4,0.1,7.9,0.0,0.0287,0.0196,0.43,0.0025,22.0,14.0
2024-02-16,성북구,2130,49925,2.1,-1.7,7.0,0.0,0.0219,0.0189,0.54,0.0029,25.0,17.0
2024-02-16,송파구,9131,207812,4.0,0.2,8.3,0.0,0.0265,0.0191,0.39,0.0022,23.0,14.0
2024-02-16,양천구,6467,38382,3.6,0.0,7.8,0.0,0.0307,0.0211,0.54,0.0029,28.0,17.0
2024-02-16,영등포구,9133,348348,3.8,0.4,8.2,0.0,0.0272,0.0228,0.43,0.0027,25.0,18.0
2024-02-16,용산구,1969,0,3.1,-1.3,8.1,0.0,0.0305,0.0266,0.52,0.0029,34.0,22.0
2024-02-16,은평구,2368,131150,0.5,-4.2,7.7,0.0,0.0233,0.0194,0.65,0.0028,28.0,19.0
2024-02-16,종로구,3593,264937,1.7,-3.0,8.1,0.0,0.0353,0.0218,0.48,0.0027,23.0,19.0
2024-02-16,중구,2608,286004,1.5,-1.7,7.0,0.0,0.0266,0.0194,0.44,0.0029,22.0,18.0
2024-02-16,중랑구,2810,95443,3.5,-0.3,8.1,0.0,0.0265,0.0182,0.43,0.0022,20.0,14.0
2024-02-17,강남구,2902,258859,4.7,-1.0,12.0,0.0,0.0353,0.0168,0.52,0.0027,39.0,28.0
2024-02-17,강동구,4133,69085,4.4,-1.4,11.2,0.0,0.0377,0.0181,0.6,0.0024,38.0,27.0
2024-02-17,강북구,1416,40529,3.1,-2.5,10.9,0.0,0.027,0.0184,0.58,0.0024,43.0,30.0
2024-02-17,강서구,9658,139078,3.5,-2.3,10.4,0.0,0.0367,0.0212,0.63,0.0038,43.0,27.0
2024-02-17,관악구,2389,138892,2.6,-2.5,10.5,0.0,0.0379,0.0195,0.66,0.0031,46.0,30.0
2024-02-17,광진구,4526,59807,5.3,-0.1,11.6,0.0,0.0299,0.0179,0.48,0.0028,34.0,25.0
2024-02-17,구로구,3508,92546,4.2,-1.9,10.5,0.0,0.026,0.0184,0.56,0.0034,50.0,31.0
2024-02-17,금천구,1211,42641,5.0,0.2,10.4,0.0,0.0358,0.0195,0.69,0.0032,43.0,31.0
2024-02-17,노원구,5771,134521,2.1,-5.3,11.5,0.0,0.0379,0.0139,0.66,0.0036,48.0,37.0
2024-02-17,도봉구,2139,78163,3.3,-3.3,13.7,0.0,0.0347,0.0191,0.69,0.0032,44.0,35.0
2024-02-17,동대문구,2937,81823,5.1,-0.7,11.2,0.0,0.0372,0.0174,0.65,0.003,43.0,29.0
2024-02-17,동작구,1991,74433,3.2,-3.3,11.8,0.0,0.0374,0.0193,0.58,0.0026,43.0,31.0
2024-02-17,마포구,4362,255434,5.5,0.3,10.9,0.0,0.0432,0.0186,0.67,0.0032,41.0,32.0
2024-02-17,서대문구,1856,81317,4.4,-1.4,10.3,0.0,0.0364,0.0178,0.79,0.0049,45.0,35.0
2024-02-17,서초구,2655,142023,4.7,-1.7,11.7,0.0,0.0325,0.0145,0.53,0.0034,54.0,34.0
2024-02-17,성동구,3434,96284,5.5,0.3,11.3,0.0,0.0361,0.0175,0.54,0.0029,38.0,24.0
2024-02-17,성북구,2045,36117,4.1,-1.3,10.5,0.0,0.0318,0.0153,0.66,0.0032,42.0,29.0
2024-02-17,송파구,8742,138789,5.8,0.4,11.7,0.0,0.0376,0.0169,0.53,0.0028,41.0,26.0
2024-02-17,양천구,5807,26242,5.5,0.6,10.8,0.0,0.04,0.0205,0.66,0.0037,45.0,32.0
2024-02-17,영등포구,7432,233535,5.8,1.4,11.1,0.0,0.0389,0.0193,0.59,0.0034,41.0,33.0
2024-02-17,용산구,2179,0,4.5,-1.0,11.2,0.0,0.0354,0.0181,0.61,0.0028,38.0,25.0
2024-02-17,은평구,2412,100212,1.7,-4.5,10.2,0.0,0.0302,0.02,0.75,0.0031,45.0,31.0
2024-02-17,종로구,2678,209807,3.8,-2.2,10.6,0.0,0.05,0.019,0.62,0.0032,42.0,34.0
2024-02-17,중구,1718,184229,4.2,-0.9,9.8,0.0,0.0347,0.0185,0.56,0.0033,37.0,32.0
2024-02-17,중랑구,2764,73484,5.3,0.0,11.5,0.0,0.0348,0.0164,0.55,0.0025,37.0,30.0
2024-02-18,강남구,1337,151708,6.3,0.0,10.5,16.0,0.0339,0.0123,0.49,0.0024,34.0,23.0
2024-02-18,강동구,2068,47406,6.2,0.5,10.3,14.0,0.0348,0.0159,0.64,0.0021,32.0,23.0
2024-02-18,강북구,643,29288,5.7,-0.5,9.9,16.0,0.0213,0.0202,0.54,0.0021,36.0,24.0
2024-02-18,강서구,3829,100596,6.3,-0.5,10.4,7.5,0.0386,0.0125,0.73,0.0029,39.0,25.0
2024-02-18,관악구,1077,96229,6.6,0.1,12.4,13.5,0.038,0.0109,0.6,0.0025,40.0,26.0
2024-02-18,광진구,2132,42757,7.0,2.0,10.4,14.0,0.0247,0.0181,0.44,0.0026,29.0,21.0
2024-02-18,구로구,1508,64370,7.1,2.0,9.9,9.5,0.0257,0.0115,0.54,0.0026,44.0,26.0
2024-02-18,금천구,481,28399,7.5,3.1,10.5,14.0,0.0372,0.0102,0.68,0.0031,35.0,24.0
2024-02-18,노원구,2671,94343,5.0,-3.6,10.1,15.5,0.0384,0.0086,0.65,0.0033,43.0,34.0
2024-02-18,도봉구,929,57303,5.3,-1.5,9.8,16.5,0.0296,0.0177,0.73,0.0031,37.0,31.0
2024-02-18,동대문구,1373,58343,6.7,1.8,10.0,17.5,0.039,0.0096,0.69,0.0026,42.0,29.0
2024-02-18,동작구,878,50591,6.0,-1.5,10.4,14.0,0.0361,0.0128,0.58,0.0024,38.0,27.0
2024-02-18,마포구,1865,189828,7.4,3.6,9.9,15.0,0.039,0.0147,0.62,0.0027,35.0,29.0
2024-02-18,서대문구,833,56754,6.5,0.9,9.4,13.5,0.0271,0.0216,0.69,0.0035,33.0,27.0
2024-02-18,서초구,1049,110741,6.7,1.0,10.5,13.0,0.0295,0.0103,0.48,0.0029,43.0,28.0
2024-02-18,성동구,1455,67374,6.8,2.2,9.9,19.0,0.0387,0.0084,0.58,0.0027,39.0,24.0
2024-02-18,성북구,924,26920,6.5,1.5,9.5,17.0,0.0287,0.0132,0.71,0.0028,40.0,28.0
2024-02-18,송파구,3956,92723,7.1,2.6,10.7,14.0,0.0372,0.0092,0.57,0.0026,36.0,23.0
2024-02-18,양천구,2569,17694,7.5,3.6,10.2,13.5,0.0409,0.011,0.66,0.0028,41.0,28.0
2024-02-18,영등포구,3099,169371,7.6,4.0,10.2,16.0,0.0362,0.0126,0.59,0.0026,39.0,31.0
2024-02-18,용산구,799,0,6.5,2.0,9.7,15.0,0.0375,0.0087,0.61,0.0025,35.0,23.0
2024-02-18,은평구,1026,70252,7.2,-2.0,14.3,7.5,0.0213,0.0244,0.7,0.0026,27.0,18.0
2024-02-18,종로구,1166,135273,5.7,1.6,8.6,11.5,0.0477,0.0134,0.6,0.0028,39.0,32.0
2024-02-18,중구,689,126009,5.4,2.5,7.9,10.0,0.0366,0.0099,0.59,0.0029,37.0,32.0
2024-02-18,중랑구,1270,51022,7.1,2.2,10.3,17.0,0.025,0.0194,0.47,0.0023,30.0,24.0
2024-02-19,강남구,1267,401651,9.7,5.3,12.4,7.0,0.0337,0.0096,0.57,0.0026,13.0,8.0
2024-02-19,강동구,1533,93201,9.3,6.1,11.7,9.0,0.0369,0.0107,0.74,0.002,10.0,5.0
2024-02-19,강북구,586,43904,9.2,4.4,12.2,9.5,0.0234,0.0098,0.61,0.0023,12.0,4.0
2024-02-19,강서구,6067,181687,9.2,3.8,12.1,2.0,0.0296,0.0114,0.56,0.0028,13.0,7.0
2024-02-19,관악구,842,146940,9.2,3.5,12.3,4.5,0.031,0.0106,0.54,0.0028,15.0,7.0
2024-02-19,광진구,1872,60158,9.5,5.5,12.1,8.0,0.0322,0.008,0.63,0.003,12.0,6.0
2024-02-19,구로구,1684,125613,8.8,3.5,11.8,6.0,0.0201,0.0112,0.49,0.0025,14.0,6.0
2024-02-19,금천구,799,102379,9.2,4.1,12.4,5.0,0.0261,0.0147,0.55,0.0028,12.0,6.0
2024-02-19,노원구,2433,155743,9.2,6.1,11.9,7.0,0.036,0.006,0.71,0.0031,13.0,9.0
2024-02-19,도봉구,887,86809,9.4,5.2,12.1,10.0,0.028,0.015,0.87,0.0035,10.0,8.0
2024-02-19,동대문구,1136,96145,9.4,5.2,12.1,7.0,0.0318,0.0101,0.65,0.0026,13.0,7.0
2024-02-19,동작구,668,87025,9.4,4.9,12.5,5.5,0.0306,0.0111,0.53,0.0027,13.0,7.0
2024-02-19,마포구,1701,255361,9.0,3.5,12.1,7.5,0.0312,0.013,0.52,0.0025,12.0,8.0
2024-02-19,서대문구,765,89905,8.7,3.4,12.0,6.5,0.0261,0.014,0.74,0.0026,14.0,14.0
2024-02-19,서초구,1112,149702,9.6,4.6,12.5,7.0,0.0236,0.0105,0.46,0.003,17.0,7.0
2024-02-19,성동구,1499,118774,9.2,5.0,11.9,8.5,0.0323,0.0084,0.54,0.003,12.0,6.0
2024-02-19,성북구,796,47090,8.9,4.1,11.7,9.0,0.0287,0.0073,0.74,0.0027,12.0,7.0
2024-02-19,송파구,3639,190991,9.8,5.4,12.5,7.0,0.0334,0.0091,0.58,0.0027,12.0,7.0
2024-02-19,양천구,2922,35264,9.2,4.2,11.9,7.5,0.0311,0.011,0.6,0.0026,14.0,6.0
2024-02-19,영등포구,3647,319243,9.4,4.4,12.1,5.0,0.0294,0.0108,0.52,0.0025,13.0,8.0
2024-02-19,용산구,615,0,,,,5.5,0.0274,0.0124,0.52,0.0023,11.0,6.0
2024-02-19,은평구,789,118595,9.8,3.6,14.1,5.5,0.0207,0.0159,0.78,0.0025,13.0,8.0
2024-02-19,종로구,1337,229751,7.9,2.7,11.1,5.0,0.0423,0.0103,0.67,0.0029,12.0,8.0
2024-02-19,중구,961,260944,7.9,2.1,11.3,3.5,0.0285,0.0112,0.55,0.0029,11.0,7.0
2024-02-19,중랑구,1003,86531,9.5,5.9,11.9,7.5,0.0358,0.0082,0.68,0.0024,12.0,8.0
2024-02-20,강남구,1732,424178,5.7,4.2,8.3,2.5,0.0248,0.0143,0.47,0.0023,29.0,16.0
2024-02-20,강동구,2473,97280,5.0,3.6,7.5,1.5,0.0215,0.0192,0.6,0.0018,23.0,14.0
2024-02-20,강북구,729,47076,4.8,3.7,7.2,2.0,0.0133,0.0205,0.42,0.0023,26.0,15.0
2024-02-20,강서구,7535,192702,4.6,2.4,7.4,0.5,0.0221,0.0152,0.47,0.0027,34.0,15.0
2024-02-20,관악구,1273,155988,4.0,2.1,6.9,4.0,0.0248,0.0132,0.48,0.0024,34.0,17.0
2024-02-20,광진구,2743,62475,5.3,4.1,7.8,0.0,0.0167,0.0185,0.41,0.0028,24.0,14.0
2024-02-20,구로구,2189,131072,4.2,1.9,7.4,0.5,0.0149,0.0145,0.45,0.0026,33.0,15.0
2024-02-20,금천구,1089,105685,5.0,3.1,7.9,2.5,0.0237,0.0147,0.47,0.0028,31.0,17.0
2024-02-20,노원구,3244,166325,5.0,3.8,7.5,1.0,0.0158,0.0181,0.42,0.0028,32.0,21.0
2024-02-20,도봉구,1134,93189,5.0,3.8,7.4,0.0,0.0158,0.0217,0.59,0.0031,29.0,19.0
2024-02-20,동대문구,1862,103816,5.1,3.9,7.6,1.0,0.0191,0.0161,0.51,0.0021,29.0,16.0
2024-02-20,동작구,1048,91290,5.3,3.4,8.5,2.5,0.0246,0.0141,0.49,0.0022,33.0,17.0
2024-02-20,마포구,2349,271094,4.1,2.4,7.1,1.5,0.0225,0.0169,0.44,0.0023,31.0,17.0
2024-02-20,서대문구,1054,96362,3.7,1.8,6.5,2.0,0.0165,0.0182,0.56,0.0023,31.0,19.0
2024-02-20,서초구,1418,157912,5.3,3.6,8.0,2.5,0.0195,0.0119,0.42,0.0029,35.0,16.0
2024-02-20,성동구,2145,125898,5.1,3.7,7.6,2.0,0.0203,0.0158,0.43,0.0028,27.0,14.0
2024-02-20,성북구,1162,48270,4.4,3.0,6.6,3.0,0.0158,0.0151,0.56,0.0024,27.0,18.0
2024-02-20,송파구,4846,201602,5.9,4.3,8.5,2.0,0.023,0.0145,0.44,0.0024,28.0,15.0
2024-02-20,양천구,3511,37258,4.7,2.9,7.6,2.0,0.0244,0.015,0.52,0.0026,34.0,17.0
2024-02-20,영등포구,4755,335924,4.7,3.1,7.8,2.5,0.0228,0.0141,0.46,0.0024,32.0,21.0
2024-02-20,용산구,939,0,,,,,,,,,,
2024-02-20,은평구,1232,125708,4.2,2.1,7.4,2.0,0.0144,0.0191,0.69,0.0024,29.0,17.0
2024-02-20,종로구,2130,250064,3.0,1.4,6.0,2.0,0.0252,0.0168,0.47,0.0025,29.0,19.0
2024-02-20,중구,1444,275838,2.7,1.1,5.3,1.0,0.0197,0.0153,0.44,0.0027,24.0,16.0
2024-02-20,중랑구,1480,91195,5.2,4.0,7.6,4.5,0.0183,0.0166,0.46,0.002,25.0,17.0
2024-02-21,강남구,332,416215,2.4,0.3,4.9,19.5,0.0145,0.0283,0.28,0.0019,3.0,1.0
2024-02-21,강동구,385,96036,1.7,-0.1,4.2,16.0,0.0129,0.0347,0.45,0.0018,3.0,1.0
2024-02-21,강북구,179,45723,1.8,0.2,4.6,16.5,0.0128,0.03,0.3,0.0021,3.0,1.0
2024-02-21,강서구,1459,186307,2.6,0.4,5.1,5.5,0.0152,0.027,0.38,0.0021,4.0,1.0
2024-02-21,관악구,197,153809,1.4,-0.4,3.8,23.5,0.0153,0.0262,0.3,0.0019,5.0,1.0
2024-02-21,광진구,479,61346,2.2,0.2,4.4,6.5,0.0075,0.0328,0.29,0.0026,3.0,1.0
2024-02-21,구로구,357,127093,2.1,0.0,4.5,12.0,0.011,0.0239,0.34,0.0023,5.0,1.0
2024-02-21,금천구,172,102437,2.2,0.2,4.5,17.0,0.0161,0.0268,0.31,0.0021,3.0,1.0
2024-02-21,노원구,690,160854,2.1,0.1,4.6,6.5,0.0112,0.0292,0.28,0.0024,4.0,2.0
2024-02-21,도봉구,246,88820,2.2,0.5,4.6,16.0,0.0143,0.0301,0.39,0.0027,4.0,2.0
2024-02-21,동대문구,319,103560,2.0,0.0,4.4,7.5,0.0166,0.0255,0.38,0.002,4.0,1.0
2024-02-21,동작구,144,89416,2.6,0.7,4.9,19.0,0.0165,0.0264,0.31,0.0017,4.0,1.0
2024-02-21,마포구,358,266148,1.7,-0.1,4.1,13.5,0.0135,0.0314,0.29,0.0018,3.0,1.0
2024-02-21,서대문구,203,92006,1.3,-0.5,3.6,16.0,0.009,0.0316,0.35,0.0022,5.0,5.0
2024-02-21,서초구,265,154506,2.3,0.2,4.7,21.5,0.0124,0.0238,0.28,0.0026,6.0,1.0
2024-02-21,성동구,376,122423,2.3,0.3,4.5,16.5,0.0098,0.0332,0.27,0.0025,4.0,2.0
2024-02-21,성북구,232,47854,1.5,-0.2,4.0,15.0,0.0094,0.0271,0.43,0.0022,3.0,2.0
2024-02-21,송파구,812,197543,3.0,0.6,5.5,11.0,0.0173,0.0262,0.32,0.0019,4.0,1.0
2024-02-21,양천구,659,36245,2.5,0.5,4.8,16.0,0.0194,0.0259,0.38,0.0022,4.0,1.0
2024-02-21,영등포구,704,331681,2.5,0.5,4.8,15.5,0.0183,0.0271,0.32,0.0021,5.0,3.0
2024-02-21,용산구,159,0,,,,,,,,,,
2024-02-21,은평구,248,122239,2.4,0.4,4.8,13.0,0.0078,0.0335,0.51,0.0023,4.0,1.0
2024-02-21,종로구,370,246137,0.2,-1.9,2.5,15.0,0.0188,0.0297,0.31,0.0022,3.0,1.0
2024-02-21,중구,251,274371,0.0,-1.7,2.2,4.0,0.0165,0.0254,0.3,0.0025,3.0,2.0
2024-02-21,중랑구,281,88863,2.2,0.3,4.5,16.5,0.0092,0.03,0.27,0.002,3.0,1.0
2024-02-22,강남구,806,429244,0.7,-0.8,2.2,7.5,0.0147,0.0308,0.27,0.0018,5.0,2.0
2024-02-22,강동구,1465,98461,0.3,-1.2,1.8,4.5,0.0123,0.0395,0.4,0.0018,4.0,1.0
2024-02-22,강북구,451,47043,0.5,-0.7,2.2,7.5,0.0129,0.0329,0.28,0.0018,4.0,2.0
2024-02-22,강서구,4487,194098,0.9,-0.2,2.1,4.5,0.0166,0.0282,0.39,0.002,5.0,2.0
2024-02-22,관악구,473,159431,-0.5,-1.5,0.6,11.0,0.0151,0.029,0.28,0.0015,7.0,3.0
2024-02-22,광진구,1448,69615,0.6,-0.8,1.9,3.0,0.0085,0.0357,0.28,0.0024,5.0,2.0
2024-02-22,구로구,1077,132069,0.1,-1.3,1.2,8.0,0.0111,0.0271,0.32,0.0023,7.0,1.0
2024-02-22,금천구,579,104624,0.5,-1.1,1.8,,0.0144,0.0326,0.28,0.0018,4.0,2.0
2024-02-22,노원구,2238,167060,0.6,-0.7,2.0,3.0,0.0109,0.0316,0.26,0.0022,6.0,3.0
2024-02-22,도봉구,777,92794,0.6,-0.5,2.3,4.0,0.0114,0.0347,0.32,0.0026,5.0,4.0
2024-02-22,동대문구,942,105844,0.4,-1.0,1.9,4.0,0.0151,0.0302,0.33,0.002,5.0,2.0
2024-02-22,동작구,384,93046,0.9,-0.6,2.2,10.5,0.0163,0.0295,0.29,0.0015,7.0,3.0
2024-02-22,마포구,1284,281173,0.2,-1.2,2.0,8.5,0.0139,0.0347,0.28,0.0015,6.0,3.0
2024-02-22,서대문구,493,98026,-0.6,-1.8,0.8,9.0,0.0104,0.0326,0.32,0.0022,6.0,7.0
2024-02-22,서초구,740,160807,0.7,-0.8,2.4,9.0,0.0131,0.0266,0.26,0.0026,7.0,2.0
2024-02-22,성동구,1142,128105,0.6,-0.8,2.0,7.0,0.013,0.0342,0.25,0.0025,6.0,2.0
2024-02-22,성북구,595,49569,-0.2,-1.5,1.1,8.0,0.0125,0.0271,0.44,0.0024,5.0,2.0
2024-02-22,송파구,2576,205199,1.2,-0.5,2.8,3.5,0.0151,0.0319,0.29,0.0017,6.0,3.0
2024-02-22,양천구,1967,38111,0.8,-0.7,2.0,8.0,0.0188,0.0282,0.39,0.002,6.0,2.0
2024-02-22,영등포구,2503,345546,0.8,-0.7,2.0,7.5,0.0178,0.0312,0.3,0.002,8.0,4.0
2024-02-22,용산구,403,0,,,,,,,,,,
2024-02-22,은평구,806,125596,0.5,-0.4,2.0,5.0,0.01,0.0334,0.49,0.0023,5.0,2.0
2024-02-22,종로구,1072,251067,-1.7,-2.9,-0.5,7.0,0.0181,0.0341,0.29,0.0021,4.0,3.0
2024-02-22,중구,721,279804,-1.7,-3.3,-0.5,0.5,0.0169,0.0277,0.29,0.0024,5.0,4.0
2024-02-22,중랑구,856,93459,0.7,-0.7,1.9,6.5,0.0104,0.0313,0.26,0.0018,7.0,2.0
2024-02-23,강남구,2432,434869,2.6,-0.5,7.2,0.0,0.0134,0.0337,0.26,0.0018,8.0,4.0
2024-02-23,강동구,3368,99719,1.8,-1.0,5.9,0.0,0.0111,0.0423,0.34,0.0019,5.0,1.0
2024-02-23,강북구,1043,49207,1.7,-1.8,6.4,0.5,0.0112,0.0361,0.27,0.0019,8.0,4.0
2024-02-23,강서구,10530,197031,2.4,-0.5,6.7,0.0,0.0159,0.0302,0.35,0.002,10.0,4.0
2024-02-23,관악구,1645,168328,0.9,-1.5,5.4,0.0,0.018,0.0296,0.3,0.0016,11.0,5.0
2024-02-23,광진구,3356,68246,2.1,-0.6,6.2,0.0,0.0089,0.0385,0.24,0.0024,8.0,4.0
2024-02-23,구로구,3000,133816,2.4,-0.5,6.1,0.0,0.0114,0.0282,0.32,0.0024,9.0,2.0
2024-02-23,금천구,1437,103789,2.3,-0.4,6.1,0.5,0.0133,0.0332,0.27,0.002,7.0,3.0
2024-02-23,노원구,4678,171482,1.7,-2.0,5.8,0.0,0.0109,0.032,0.26,0.0022,11.0,7.0
2024-02-23,도봉구,1733,97038,2.2,-1.7,9.1,0.0,0.0123,0.0359,0.3,0.0026,9.0,5.0
2024-02-23,동대문구,2382,109342,2.0,-0.7,6.3,0.0,0.015,0.0317,0.32,0.002,3.0,4.0
2024-02-23,동작구,1276,98100,2.8,-0.7,6.6,0.0,0.0149,0.033,0.28,0.0015,10.0,4.0
2024-02-23,마포구,3375,292855,2.1,-0.9,7.1,0.0,0.0143,0.0365,0.29,0.0017,11.0,6.0
2024-02-23,서대문구,1443,101737,1.1,-1.7,5.5,0.0,0.0096,0.0352,0.31,0.0023,9.0,8.0
2024-02-23,서초구,2135,171188,2.3,-0.6,6.2,0.0,0.0131,0.0288,0.25,0.0027,10.0,3.0
2024-02-23,성동구,2945,133533,2.1,-0.4,6.0,0.0,0.0122,0.0376,0.25,0.0024,9.0,4.0
2024-02-23,성북구,1511,50143,1.2,-1.5,5.3,0.0,0.0115,0.0286,0.42,0.0026,8.0,5.0
2024-02-23,송파구,6695,206905,2.7,-0.4,7.2,0.0,0.0133,0.0351,0.27,0.0018,10.0,5.0
2024-02-23,양천구,4798,38119,2.7,0.0,6.4,0.0,0.0179,0.031,0.38,0.0021,10.0,4.0
2024-02-23,영등포구,6939,351601,2.7,-0.1,6.9,0.5,0.0182,0.0325,0.3,0.002,12.0,5.0
2024-02-23,용산구,1390,0,,,,1.0,0.0142,0.0347,0.28,0.0018,9.0,4.0
2024-02-23,은평구,2013,131191,1.8,-2.1,6.3,0.0,0.0093,0.0358,0.47,0.0024,8.0,4.0
2024-02-23,종로구,2889,263167,0.4,-2.5,4.6,0.0,0.0202,0.0347,0.3,0.002,8.0,5.0
2024-02-23,중구,2112,293541,-0.3,-2.8,3.7,0.0,0.0169,0.028,0.29,0.0023,8.0,7.0
2024-02-23,중랑구,2127,95657,2.0,-0.6,6.1,0.0,0.0114,0.032,0.27,0.0018,8.0,4.0
2024-02-24,강남구,1710,266097,2.7,-0.5,7.0,2.0,0.0138,0.0316,0.28,0.0018,13.0,7.0
2024-02-24,강동구,2732,69524,2.1,-1.3,5.6,2.0,0.0115,0.0405,0.36,0.002,9.0,2.0
2024-02-24,강북구,894,40506,1.7,-2.7,5.9,1.5,0.0121,0.0346,0.31,0.0019,13.0,7.0
2024-02-24,강서구,6471,138151,2.7,-0.3,6.6,0.0,0.0155,0.0304,0.38,0.002,14.0,6.0
2024-02-24,관악구,1366,138018,1.2,-2.4,5.6,1.5,0.0162,0.0291,0.32,0.0016,16.0,8.0
2024-02-24,광진구,2638,60696,2.5,-0.7,6.1,0.0,0.0099,0.0366,0.24,0.0024,12.0,6.0
2024-02-24,구로구,2307,92713,2.4,-0.3,6.0,0.0,0.0101,0.0286,0.32,0.0023,13.0,4.0
2024-02-24,금천구,779,41923,2.2,-0.4,6.0,0.0,0.0102,0.0364,0.27,0.002,12.0,6.0
2024-02-24,노원구,3967,134634,1.9,-2.9,5.9,0.0,0.0097,0.034,0.26,0.0021,15.0,9.0
2024-02-24,도봉구,1465,76286,2.3,-2.8,7.6,2.0,0.0087,0.0392,0.25,0.0026,12.0,7.0
2024-02-24,동대문구,1825,81359,2.2,-0.9,5.9,0.0,0.0139,0.0321,0.32,0.0019,12.0,7.0
2024-02-24,동작구,1103,75258,2.7,-1.5,7.2,2.0,0.0149,0.0321,0.29,0.0017,14.0,7.0
2024-02-24,마포구,2558,249626,2.1,-1.0,6.9,1.0,0.0137,0.0364,0.3,0.0018,15.0,8.0
2024-02-24,서대문구,1202,83286,1.4,-1.7,5.8,1.5,0.0115,0.0331,0.33,0.0023,13.0,10.0
2024-02-24,서초구,1589,145939,2.4,-0.5,6.3,2.0,0.0129,0.0279,0.25,0.0027,14.0,7.0
2024-02-24,성동구,1878,95003,2.4,-0.6,5.8,2.0,0.0123,0.0362,0.27,0.0022,14.0,7.0
2024-02-24,성북구,1308,36285,1.4,-1.4,4.8,2.0,0.0089,0.031,0.4,0.0025,12.0,7.0
2024-02-24,송파구,5259,141394,2.9,-0.4,6.9,0.0,0.0118,0.0354,0.27,0.0018,14.0,7.0
2024-02-24,양천구,3976,26379,2.7,-0.1,6.3,1.0,0.0149,0.0329,0.36,0.002,14.0,6.0
2024-02-24,영등포구,4311,239868,2.7,-0.2,6.5,1.0,0.016,0.0335,0.3,0.002,15.0,9.0
2024-02-24,용산구,1071,0,2.7,-0.8,6.9,1.5,0.0127,0.0344,0.29,0.0019,14.0,7.0
2024-02-24,은평구,1626,99887,1.7,-1.6,5.6,1.5,0.0089,0.0358,0.47,0.0024,13.0,6.0
2024-02-24,종로구,1808,206224,0.6,-2.6,5.2,0.5,0.0174,0.0356,0.3,0.002,13.0,9.0
2024-02-24,중구,1044,185337,0.0,-2.9,3.5,2.0,0.0154,0.0284,0.29,0.0024,13.0,10.0
2024-02-24,중랑구,1771,73607,2.2,-0.7,6.1,2.0,0.0088,0.0325,0.27,0.0017,12.0,7.0
2024-02-25,강남구,1578,162684,3.3,1.0,7.1,1.5,0.0133,0.0298,0.32,0.0018,11.0,8.0
2024-02-25,강동구,2394,49280,2.8,0.5,5.8,1.5,0.0144,0.0345,0.41,0.0019,7.0,4.0
2024-02-25,강북구,816,29883,2.3,-0.6,6.6,2.0,0.0106,0.031,0.31,0.0019,10.0,8.0
2024-02-25,강서구,5595,104999,3.2,0.8,7.8,0.0,0.0135,0.0285,0.35,0.0021,14.0,9.0
2024-02-25,관악구,1230,97569,1.7,-1.3,5.8,2.0,0.0167,0.0265,0.37,0.0017,16.0,11.0
2024-02-25,광진구,2463,45840,3.5,1.1,6.5,0.0,0.0121,0.0316,0.25,0.0027,10.0,7.0
2024-02-25,구로구,1950,66136,2.8,0.8,6.5,0.0,0.0115,0.0252,0.37,0.0025,16.0,9.0
2024-02-25,금천구,641,29271,3.4,1.1,6.9,1.0,0.0155,0.0295,0.34,0.0022,13.0,9.0
2024-02-25,노원구,3558,98548,2.0,-2.5,7.2,0.0,0.0132,0.0268,0.32,0.0021,12.0,11.0
2024-02-25,도봉구,1392,58440,2.8,-0.7,7.1,1.5,0.0104,0.0336,0.42,0.0028,11.0,10.0
2024-02-25,동대문구,1728,60327,3.1,0.8,6.3,0.0,0.0143,0.028,0.36,0.0019,13.0,8.0
2024-02-25,동작구,1042,52242,3.2,-0.9,8.2,2.5,0.0167,0.0283,0.34,0.0017,14.0,10.0
2024-02-25,마포구,2518,190804,2.6,0.6,6.7,0.5,0.0174,0.0296,0.35,0.002,14.0,10.0
2024-02-25,서대문구,1079,60631,1.9,-0.6,6.4,1.5,0.012,0.0292,0.43,0.0025,14.0,13.0
2024-02-25,서초구,1289,114181,3.3,0.9,6.3,2.0,0.0112,0.0267,0.3,0.0027,15.0,10.0
2024-02-25,성동구,1805,68922,3.3,1.1,6.9,1.5,0.0151,0.0301,0.31,0.002,11.0,8.0
2024-02-25,성북구,1170,28242,2.2,0.2,6.0,1.5,0.0092,0.0272,0.46,0.0026,10.0,7.0
2024-02-25,송파구,4714,98821,3.6,1.1,6.4,0.0,0.015,0.0299,0.31,0.0018,13.0,9.0
2024-02-25,양천구,3311,18687,3.5,1.1,7.1,2.0,0.0163,0.0293,0.43,0.0022,16.0,10.0
2024-02-25,영등포구,4033,174472,3.5,1.3,7.0,2.0,0.0188,0.0297,0.32,0.002,14.0,10.0
2024-02-25,용산구,1072,0,3.3,1.1,6.1,2.0,0.0136,0.0302,0.35,0.0018,13.0,8.0
2024-02-25,은평구,1226,72268,1.7,-2.3,6.3,1.5,0.0111,0.0291,0.57,0.0024,13.0,10.0
2024-02-25,종로구,1471,135835,1.5,-0.8,4.6,1.0,0.0176,0.0317,0.33,0.002,10.0,10.0
2024-02-25,중구,947,134854,0.8,-0.9,4.2,0.0,0.0116,0.0307,0.31,0.0024,8.0,9.0
2024-02-25,중랑구,1532,52570,3.3,1.0,6.7,1.0,0.0154,0.0246,0.33,0.0019,11.0,8.0
2024-02-26,강남구,3341,410161,4.7,-1.4,10.8,0.0,0.0236,0.0218,0.4,0.0021,27.0,17.0
2024-02-26,강동구,4122,96268,4.1,-1.0,9.5,0.0,0.0247,0.024,0.54,0.0021,16.0,9.0
2024-02-26,강북구,1344,47128,3.0,-2.0,9.8,0.0,0.0153,0.0256,0.45,0.0021,29.0,19.0
2024-02-26,강서구,12601,186861,3.8,-1.8,10.0,0.0,0.0258,0.0212,0.49,0.0025,38.0,20.0
2024-02-26,관악구,2094,152468,2.5,-2.6,9.5,0.0,0.0267,0.021,0.47,0.0021,33.0,20.0
2024-02-26,광진구,4544,62801,4.8,0.0,10.6,0.0,0.024,0.0236,0.36,0.0029,22.0,14.0
2024-02-26,구로구,3970,130078,4.5,-1.7,9.9,0.0,0.0176,0.0212,0.44,0.0028,32.0,16.0
2024-02-26,금천구,1974,103912,5.0,0.4,9.7,0.0,0.0266,0.0205,0.52,0.0023,30.0,20.0
2024-02-26,노원구,5870,163519,2.1,-4.4,10.0,0.0,0.0238,0.0192,0.5,0.0026,34.0,25.0
2024-02-26,도봉구,2156,92637,3.4,-2.2,11.4,0.0,0.022,0.027,0.53,0.0031,28.0,19.0
2024-02-26,동대문구,3122,103296,4.4,-0.3,9.6,0.0,0.0267,0.0214,0.53,0.0023,32.0,19.0
2024-02-26,동작구,1772,90320,4.2,-2.7,11.2,0.0,0.0258,0.0222,0.47,0.002,30.0,19.0
2024-02-26,마포구,4564,270559,4.9,-0.5,11.1,0.0,0.0271,0.0229,0.5,0.0024,36.0,24.0
2024-02-26,서대문구,1913,99889,3.5,-1.9,9.9,0.0,0.0232,0.0203,0.74,0.0044,31.0,24.0
2024-02-26,서초구,2895,154113,4.7,-1.2,11.1,0.0,0.0207,0.0203,0.38,0.0028,33.0,17.0
2024-02-26,성동구,3930,125303,4.7,0.6,10.1,0.0,0.0248,0.0243,0.41,0.0031,27.0,17.0
2024-02-26,성북구,2098,48083,3.5,-1.3,8.8,0.0,0.0224,0.0184,0.63,0.0031,28.0,19.0
2024-02-26,송파구,9007,195757,5.3,0.8,10.3,0.0,0.0245,0.0223,0.43,0.0022,29.0,17.0
2024-02-26,양천구,5793,36751,5.0,0.3,9.8,0.0,0.0283,0.0224,0.56,0.0025,35.0,22.0
2024-02-26,영등포구,8915,328717,5.3,0.8,10.0,0.0,0.0216,0.024,0.45,0.0023,32.0,23.0
2024-02-26,용산구,1949,0,4.5,-1.2,10.2,0.0,0.0246,0.0234,0.46,0.0023,31.0,18.0
2024-02-26,은평구,2256,125170,2.0,-4.1,9.4,0.0,0.0162,0.0249,0.68,0.0027,29.0,19.0
2024-02-26,종로구,3848,243140,3.3,-2.2,8.5,0.0,0.0354,0.0232,0.5,0.0025,30.0,24.0
2024-02-26,중구,2761,266803,2.8,-0.9,7.5,0.0,0.0228,0.0218,0.43,0.0027,27.0,22.0
2024-02-26,중랑구,2857,91092,4.8,0.1,10.5,0.0,0.0173,0.0243,0.4,0.002,24.0,17.0
2024-02-27,강남구,3557,424105,5.9,1.8,10.4,0.0,0.0168,0.0303,0.29,0.0019,18.0,9.0
2024-02-27,강동구,4429,96694,5.2,1.4,10.0,0.0,0.0143,0.0412,0.39,0.002,12.0,3.0
2024-02-27,강북구,1461,48157,3.9,-0.8,9.4,0.0,0.0142,0.0311,0.33,0.002,16.0,9.0
2024-02-27,강서구,13382,189718,5.8,2.1,10.2,0.0,0.0176,0.0319,0.37,0.0021,19.0,7.0
2024-02-27,관악구,2328,158319,4.5,-0.3,8.9,0.0,0.0183,0.0305,0.33,0.0019,20.0,9.0
2024-02-27,광진구,4783,63704,5.8,1.7,9.8,0.0,0.0145,0.036,0.31,0.0026,16.0,8.0
2024-02-27,구로구,4125,132055,5.9,2.0,9.7,0.0,0.0119,0.0287,0.33,0.0024,19.0,5.0
2024-02-27,금천구,2138,104706,5.9,1.9,9.5,0.0,0.0163,0.0344,0.29,0.0022,16.0,8.0
2024-02-27,노원구,6195,168020,3.8,-3.1,9.3,0.0,0.0147,0.031,0.31,0.0024,19.0,11.0
2024-02-27,도봉구,2219,95137,4.0,-1.5,11.3,0.0,0.015,0.0355,0.36,0.0027,14.0,9.0
2024-02-27,동대문구,3251,104839,5.2,1.3,9.7,0.0,0.0169,0.0327,0.34,0.0019,19.0,9.0
2024-02-27,동작구,2010,92756,5.7,0.9,10.7,0.0,0.0198,0.031,0.31,0.0019,18.0,9.0
2024-02-27,마포구,4757,274497,5.5,1.6,10.1,0.0,0.0156,0.0382,0.31,0.002,19.0,10.0
2024-02-27,서대문구,2017,96132,4.7,1.0,9.6,0.0,0.0126,0.0346,0.4,0.0027,16.0,12.0
2024-02-27,서초구,3126,157417,5.7,2.0,10.0,0.0,0.0166,0.029,0.26,0.0024,21.0,10.0
2024-02-27,성동구,4212,128450,5.6,1.9,10.0,0.0,0.0154,0.0364,0.29,0.0026,17.0,9.0
2024-02-27,성북구,2264,48897,4.5,0.8,8.8,0.0,0.0138,0.0295,0.42,0.0026,17.0,8.0
2024-02-27,송파구,9428,201826,6.1,2.0,10.1,0.0,0.0155,0.035,0.28,0.002,19.0,9.0
2024-02-27,양천구,6110,37627,6.0,2.3,9.8,0.0,0.0181,0.0333,0.37,0.0021,18.0,8.0
2024-02-27,영등포구,9301,335849,6.2,2.3,10.4,0.0,0.0182,0.0324,0.32,0.002,19.0,10.0
2024-02-27,용산구,2097,0,5.8,1.8,10.9,0.0,0.0159,0.0351,0.3,0.0021,18.0,8.0
2024-02-27,은평구,2465,127099,4.5,0.0,9.4,0.0,0.0114,0.0362,0.51,0.0024,17.0,8.0
2024-02-27,종로구,4085,250155,4.3,-0.1,9.4,0.0,0.0214,0.0363,0.33,0.0021,16.0,11.0
2024-02-27,중구,2808,273421,3.3,-0.4,7.9,0.0,0.0183,0.0283,0.34,0.0023,16.0,12.0
2024-02-27,중랑구,2991,93042,5.3,1.7,9.9,0.0,0.0122,0.0318,0.29,0.0017,15.0,9.0
2024-02-28,강남구,3689,425616,7.3,4.1,10.9,0.0,0.0245,0.0253,0.36,0.0023,32.0,17.0
2024-02-28,강동구,4766,98273,6.8,3.8,10.5,0.0,0.0231,0.0335,0.41,0.0024,30.0,12.0
2024-02-28,강북구,1514,48471,5.7,1.4,10.0,0.0,0.0224,0.0235,0.38,0.0023,29.0,15.0
2024-02-28,강서구,13843,193199,7.1,4.3,10.7,0.0,0.026,0.0256,0.41,0.0026,32.0,14.0
2024-02-28,관악구,2437,160107,4.9,1.6,9.4,0.0,0.0274,0.0244,0.39,0.0024,34.0,16.0
2024-02-28,광진구,5035,65194,7.3,4.3,10.5,0.0,0.0278,0.0261,0.39,0.0028,30.0,15.0
2024-02-28,구로구,4269,133067,7.0,4.4,10.9,0.0,0.0182,0.0231,0.38,0.0028,35.0,14.0
2024-02-28,금천구,2162,104744,7.1,4.4,10.3,0.0,0.0254,0.0288,0.42,0.0029,32.0,16.0
2024-02-28,노원구,6301,169964,5.3,-0.2,10.6,0.0,0.0195,0.0271,0.33,0.0026,31.0,17.0
2024-02-28,도봉구,2314,95867,6.2,1.6,10.7,0.0,0.0219,0.0336,0.44,0.0033,34.0,20.0
2024-02-28,동대문구,3447,106803,6.9,3.9,10.2,0.0,0.0285,0.0223,0.43,0.0023,33.0,17.0
2024-02-28,동작구,2058,93819,6.7,2.7,10.9,0.0,0.0274,0.0251,0.36,0.0023,32.0,16.0
2024-02-28,마포구,5043,274422,7.0,4.0,11.1,0.0,0.0254,0.0298,0.36,0.0023,31.0,16.0
2024-02-28,서대문구,2181,95833,6.0,2.8,10.2,0.0,0.0222,0.027,0.44,0.0029,32.0,20.0
2024-02-28,서초구,3085,158557,7.2,3.4,10.9,0.0,0.0214,0.025,0.29,0.0025,38.0,15.0
2024-02-28,성동구,4330,129336,7.1,4.2,10.5,0.0,0.0286,0.0251,0.36,0.0026,32.0,15.0
2024-02-28,성북구,2431,49360,5.8,2.5,9.4,0.0,0.0219,0.022,0.47,0.0029,31.0,16.0
2024-02-28,송파구,9791,205530,7.5,4.4,11.1,0.0,0.0247,0.026,0.33,0.0023,34.0,16.0
2024-02-28,양천구,6603,37770,7.2,4.7,10.4,0.0,0.0269,0.0269,0.43,0.0026,32.0,15.0
2024-02-28,영등포구,9757,341009,7.3,4.9,10.7,0.0,0.0232,0.0256,0.35,0.0025,30.0,17.0
2024-02-28,용산구,2106,0,7.2,4.2,10.6,0.0,0.0247,0.027,0.38,0.0025,34.0,15.0
2024-02-28,은평구,2546,129020,5.1,0.3,10.1,0.0,0.0201,0.0289,0.61,0.0028,32.0,17.0
2024-02-28,종로구,4390,254562,5.7,2.4,10.0,0.0,0.036,0.0266,0.4,0.0025,31.0,20.0
2024-02-28,중구,3098,277737,5.1,2.1,9.2,0.0,0.0263,0.0208,0.37,0.0027,26.0,17.0
2024-02-28,중랑구,2970,93796,7.1,3.9,10.3,0.0,0.0224,0.0243,0.36,0.0021,26.0,15.0
2024-02-29,강남구,3486,426305,5.6,1.4,10.4,0.0,0.0321,0.0212,0.54,0.0025,56.0,35.0
2024-02-29,강동구,4452,98576,5.3,1.3,9.6,0.0,0.0337,0.0229,0.63,0.0026,57.0,36.0
2024-02-29,강북구,1317,48481,4.4,0.2,9.7,0.0,0.0173,0.0306,0.48,0.0026,51.0,33.0
2024-02-29,강서구,12903,194479,4.8,0.8,9.8,0.0,0.0268,0.0225,0.51,0.0028,61.0,33.0
2024-02-29,관악구,2218,165831,3.9,0.0,8.6,0.0,0.0323,0.02,0.56,0.0025,59.0,35.0
2024-02-29,광진구,4676,67985,5.7,1.4,10.1,0.0,0.0371,0.0207,0.6,0.0027,51.0,35.0
2024-02-29,구로구,4159,134155,4.6,0.4,9.3,0.0,0.0199,0.0203,0.5,0.0029,63.0,35.0
2024-02-29,금천구,2099,103388,5.6,1.0,9.9,0.0,0.0343,0.0197,0.57,0.0029,54.0,36.0
2024-02-29,노원구,6411,170405,4.3,-0.8,10.1,0.0,0.0249,0.0232,0.53,0.0031,59.0,40.0
2024-02-29,도봉구,2182,96105,4.6,0.5,10.5,0.0,0.0207,0.0304,0.66,0.0035,56.0,39.0
2024-02-29,동대문구,3343,110462,5.5,0.8,10.2,0.0,0.0291,0.0229,0.62,0.0024,58.0,37.0
2024-02-29,동작구,1750,95667,5.0,1.4,10.4,0.0,0.0346,0.0201,0.58,0.0025,55.0,35.0
2024-02-29,마포구,4573,286217,4.8,-0.1,9.9,0.0,0.0296,0.0234,0.52,0.0026,55.0,37.0
2024-02-29,서대문구,2065,99440,4.3,-0.3,9.4,0.0,0.0264,0.0225,0.77,0.0042,54.0,38.0
2024-02-29,서초구,2907,169259,5.4,1.2,10.1,0.0,0.0277,0.0195,0.47,0.0026,71.0,39.0
2024-02-29,성동구,4006,128650,5.8,1.1,9.7,0.0,0.0327,0.0217,0.54,0.0034,54.0,32.0
2024-02-29,성북구,2283,49789,4.6,-0.3,9.2,0.0,0.0208,0.0246,0.65,0.0032,54.0,36.0
2024-02-29,송파구,9138,205388,6.0,1.7,10.0,0.0,0.0329,0.0198,0.52,0.0026,57.0,34.0
2024-02-29,양천구,6069,38122,5.3,1.1,9.5,0.0,0.0306,0.0223,0.59,0.0028,59.0,36.0
2024-02-29,영등포구,9081,342899,5.5,1.2,9.6,0.0,0.0246,0.0229,0.49,0.0026,54.0,38.0
2024-02-29,용산구,1845,0,5.4,1.1,9.6,0.0,0.0295,0.0225,0.57,0.0027,55.0,33.0
2024-02-29,은평구,2633,129612,3.4,-0.8,9.2,0.0,0.0209,0.0254,0.63,0.0029,54.0,34.0
2024-02-29,종로구,4074,258140,3.8,-1.0,8.3,0.0,0.0375,0.0265,0.58,0.0026,54.0,40.0
2024-02-29,중구,2685,276923,3.7,-1.6,8.8,0.0,0.0263,0.0228,0.5,0.0029,46.0,38.0
2024-02-29,중랑구,2728,94368,5.7,1.2,10.1,0.0,0.0246,0.0239,0.51,0.0023,48.0,38.0
2024-03-01,강남구,1303,182077,-3.0,-5.9,1.4,0.0,0.0069,0.0409,0.28,0.0022,34.0,11.0
2024-03-01,강동구,2227,56241,-2.9,-6.3,1.2,0.0,0.0078,0.0472,0.35,0.0026,34.0,7.0
2024-03-01,강북구,710,34038,-4.3,-7.2,0.2,0.0,0.0038,0.0444,0.26,0.002,35.0,10.0
2024-03-01,강서구,5138,119001,-3.1,-5.9,0.9,0.0,0.0079,0.0383,0.28,0.0024,37.0,9.0
2024-03-01,관악구,1239,109932,-4.4,-7.3,0.0,0.0,0.0088,0.0375,0.29,0.002,37.0,10.0
2024-03-01,광진구,2256,53061,-3.1,-6.1,1.5,0.0,0.0078,0.0416,0.28,0.0021,34.0,12.0
2024-03-01,구로구,1691,74221,-3.7,-6.7,0.4,0.0,0.0059,0.034,0.32,0.0028,42.0,7.0
2024-03-01,금천구,631,34979,-3.4,-6.2,1.0,0.0,0.009,0.0403,0.3,0.0022,34.0,10.0
2024-03-01,노원구,3112,107348,-3.0,-6.7,1.0,0.0,0.0067,0.037,0.27,0.0023,37.0,15.0
2024-03-01,도봉구,1187,63247,-3.6,-7.5,0.5,0.0,0.0039,0.0444,0.49,0.0028,37.0,12.0
2024-03-01,동대문구,1568,69450,-3.6,-6.5,0.8,0.0,0.0068,0.0388,0.32,0.0019,37.0,11.0
2024-03-01,동작구,889,61654,-3.0,-5.7,1.4,0.0,0.0077,0.0401,0.28,0.002,36.0,11.0
2024-03-01,마포구,2093,210185,-4.1,-7.3,0.0,0.0,0.0094,0.0421,0.29,0.0021,35.0,10.0
2024-03-01,서대문구,1019,76019,-4.4,-7.5,-0.3,0.0,0.007,0.0386,0.27,0.0029,39.0,14.0
2024-03-01,서초구,1151,117310,-3.1,-5.9,1.2,0.0,0.0061,0.039,0.23,0.0026,48.0,10.0
2024-03-01,성동구,1543,79361,-3.3,-6.1,1.1,0.0,0.0084,0.041,0.28,0.0023,36.0,11.0
2024-03-01,성북구,1189,29985,-4.6,-7.3,-0.2,0.0,0.0023,0.038,0.38,0.0029,34.0,10.0
2024-03-01,송파구,4256,111948,-3.4,-6.1,1.8,0.0,0.0088,0.0405,0.28,0.0021,41.0,12.0
2024-03-01,양천구,2845,20966,-3.1,-5.8,1.1,0.0,0.0103,0.0387,0.35,0.0022,38.0,11.0
2024-03-01,영등포구,3486,193735,-3.2,-5.8,1.1,0.0,0.0098,0.0423,0.27,0.0022,33.0,11.0
2024-03-01,용산구,888,0,-3.4,-6.1,1.1,0.0,0.0078,0.0407,0.32,0.0022,39.0,11.0
2024-03-01,은평구,1297,83477,-4.6,-8.7,-0.3,0.0,0.0073,0.0391,0.17,0.0029,41.0,11.0
2024-03-01,종로구,1369,188327,-5.4,-8.5,-1.0,0.0,0.0096,0.0424,0.29,0.0023,36.0,15.0
2024-03-01,중구,968,167775,-6.0,-8.9,-1.6,0.0,0.0069,0.0392,0.26,0.0027,31.0,13.0
2024-03-01,중랑구,1544,60402,-3.2,-6.2,1.2,0.0,0.009,0.0355,0.3,0.0021,28.0,12.0
2024-03-02,강남구,1593,217143,0.1,-6.8,5.1,0.0,0.0129,0.0358,0.33,0.0021,30.0,12.0
2024-03-02,강동구,2700,59591,-0.2,-7.0,4.1,0.0,0.0174,0.0397,0.43,0.0029,31.0,9.0
2024-03-02,강북구,881,34530,-0.8,-8.9,4.4,0.0,0.014,0.0364,0.36,0.002,36.0,14.0
2024-03-02,강서구,6298,121187,0.5,-7.1,5.2,0.0,0.0163,0.0348,0.34,0.0027,36.0,11.0
2024-03-02,관악구,1441,113830,-1.6,-9.8,3.1,0.0,0.0163,0.0328,0.35,0.002,36.0,13.0
2024-03-02,광진구,2662,53393,0.1,-6.2,4.5,0.0,0.0176,0.0357,0.37,0.002,31.0,12.0
2024-03-02,구로구,2098,78523,-0.1,-7.8,4.6,0.0,0.0106,0.0316,0.34,0.003,38.0,10.0
2024-03-02,금천구,726,34119,0.0,-6.5,4.4,0.0,0.0172,0.0348,0.43,0.0023,33.0,13.0
2024-03-02,노원구,3865,114319,-1.0,-10.7,4.7,0.0,0.0183,0.0296,0.36,0.0026,39.0,18.0
2024-03-02,도봉구,1451,65517,-0.5,-9.1,4.8,0.0,0.0146,0.0365,0.62,0.0027,33.0,15.0
2024-03-02,동대문구,1736,71703,-0.1,-7.0,4.0,0.0,0.0136,0.0355,0.38,0.002,37.0,13.0
2024-03-02,동작구,1101,64721,-0.1,-8.8,4.9,0.0,0.015,0.0362,0.33,0.0022,32.0,13.0
2024-03-02,마포구,2550,216638,0.2,-7.8,5.3,0.0,0.0152,0.0399,0.33,0.0022,34.0,13.0
2024-03-02,서대문구,1195,73816,-0.8,-9.0,4.4,0.0,0.0174,0.0326,0.41,0.0035,35.0,17.0
2024-03-02,서초구,1460,125067,0.0,-8.2,5.5,0.0,0.0133,0.0341,0.27,0.0027,36.0,13.0
2024-03-02,성동구,1850,79082,0.1,-6.7,4.2,0.0,0.0158,0.0368,0.33,0.0024,31.0,11.0
2024-03-02,성북구,1269,31205,-1.0,-8.8,3.8,0.0,0.0135,0.0305,0.48,0.0031,34.0,13.0
2024-03-02,송파구,5181,117488,0.3,-6.4,4.9,0.0,0.0144,0.0373,0.32,0.0022,33.0,12.0
2024-03-02,양천구,3935,21928,0.5,-6.1,4.8,0.0,0.0173,0.0356,0.4,0.0025,34.0,12.0
2024-03-02,영등포구,4172,197037,0.6,-6.0,4.8,0.0,0.0151,0.0374,0.32,0.0025,30.0,13.0
2024-03-02,용산구,1012,0,0.1,-7.3,4.4,0.0,0.0143,0.0375,0.33,0.0024,35.0,12.0
2024-03-02,은평구,1614,87158,-1.0,-11.0,4.4,0.0,0.0139,0.0357,0.23,0.0031,36.0,14.0
2024-03-02,종로구,1669,171726,-1.8,-9.5,2.9,0.0,0.0199,0.0384,0.34,0.0027,33.0,16.0
2024-03-02,중구,1118,153113,-1.8,-9.2,3.2,0.0,0.0167,0.0329,0.33,0.0028,28.0,14.0
2024-03-02,중랑구,1761,62839,0.0,-6.6,4.2,0.0,0.0183,0.0283,0.37,0.0021,28.0,15.0
2024-03-03,강남구,1995,141252,5.0,0.5,9.2,0.0,0.0182,0.0399,0.55,0.0022,112.0,62.0
2024-03-03,강동구,3137,46985,4.8,1.0,9.0,0.0,0.0231,0.0461,0.71,0.0027,120.0,68.0
2024-03-03,강북구,1070,29526,4.1,0.5,9.0,0.0,0.0118,0.0481,0.5,0.0022,112.0,57.0
2024-03-03,강서구,6908,98606,4.0,-0.8,9.0,0.0,0.0188,0.0379,0.56,0.0025,119.0,59.0
2024-03-03,관악구,1798,92469,2.6,-1.6,7.0,0.0,0.0207,0.0363,0.61,0.0021,123.0,66.0
2024-03-03,광진구,3414,42346,5.0,1.6,8.4,0.0,0.0234,0.0403,0.67,0.0025,101.0,61.0
2024-03-03,구로구,2555,62792,4.1,-1.0,8.1,0.0,0.0131,0.034,0.54,0.0028,129.0,69.0
2024-03-03,금천구,848,27746,4.3,1.0,7.8,0.0,0.0208,0.0382,0.67,0.0024,114.0,69.0
2024-03-03,노원구,4756,94472,,-2.9,9.1,0.0,0.0215,0.0361,0.56,0.0026,113.0,67.0
2024-03-03,도봉구,1672,57724,4.0,-1.7,8.8,0.0,0.0123,0.0481,0.85,0.0031,112.0,63.0
2024-03-03,동대문구,2195,60865,4.6,1.1,8.0,0.0,0.0154,0.0402,0.63,0.002,118.0,66.0
2024-03-03,동작구,1392,49982,4.0,-1.9,9.2,0.0,0.0174,0.0423,0.54,0.0021,114.0,65.0
2024-03-03,마포구,3115,167501,4.1,0.7,8.7,0.0,0.0227,0.0421,0.57,0.0024,104.0,64.0
2024-03-03,서대문구,1565,56054,3.3,-0.8,7.7,0.0,0.0185,0.0381,0.75,0.0036,114.0,69.0
2024-03-03,서초구,1750,114970,4.8,0.3,9.1,0.0,0.0135,0.0389,0.49,0.0025,126.0,70.0
2024-03-03,성동구,2415,61710,4.6,1.3,8.2,0.0,0.0196,0.0409,0.57,0.0023,109.0,54.0
2024-03-03,성북구,1596,27557,3.5,0.5,7.4,0.0,0.0128,0.0386,0.67,0.003,114.0,60.0
2024-03-03,송파구,6449,92640,5.4,2.2,9.2,0.0,0.0201,0.0412,0.53,0.0023,105.0,49.0
2024-03-03,양천구,4345,17560,4.8,1.0,8.3,0.0,0.025,0.0376,0.65,0.0026,118.0,66.0
2024-03-03,영등포구,5233,165431,4.9,1.7,8.5,0.0,0.0212,0.0403,0.54,0.0024,104.0,67.0
2024-03-03,용산구,1397,0,4.9,1.4,8.7,0.0,0.0184,0.0406,0.61,0.0023,111.0,55.0
2024-03-03,은평구,1730,70574,2.1,-3.1,7.7,0.0,0.0155,0.0395,0.5,0.0029,117.0,68.0
2024-03-03,종로구,1955,123862,3.2,-1.2,7.3,0.0,0.0209,0.0442,0.55,0.0022,112.0,72.0
2024-03-03,중구,1127,115993,2.6,-0.7,7.1,0.0,0.0161,0.0401,0.5,0.0026,98.0,70.0
2024-03-03,중랑구,2075,50134,4.9,1.7,8.2,0.0,0.0231,0.0334,0.59,0.0022,92.0,64.0
2024-03-04,강남구,3593,390205,6.1,-1.4,12.3,0.0,0.039,0.021,0.54,0.0025,74.0,39.0
2024-03-04,강동구,4624,97274,5.6,-1.2,11.7,0.0,0.0424,0.0233,0.71,0.0027,83.0,45.0
2024-03-04,강북구,1481,49296,4.3,-3.0,11.5,0.0,0.0262,0.0275,0.47,0.0025,56.0,28.0
2024-03-04,강서구,13397,187693,4.9,-2.7,11.9,0.0,0.0374,0.0206,0.57,0.0031,74.0,31.0
2024-03-04,관악구,2382,150906,4.3,-3.2,11.0,0.0,0.0397,0.0201,0.58,0.0026,81.0,41.0
2024-03-04,광진구,5174,65277,6.3,0.0,11.7,0.0,0.0443,0.0222,0.62,0.0028,67.0,38.0
2024-03-04,구로구,4341,130640,5.4,-2.0,11.8,0.0,0.025,0.0213,0.52,0.0032,86.0,39.0
2024-03-04,금천구,2215,100868,6.3,0.3,12.1,0.0,0.0426,0.0172,0.66,0.0029,85.0,49.0
2024-03-04,노원구,6704,170025,,,,0.0,0.033,0.023,0.52,0.0033,59.0,33.0
2024-03-04,도봉구,2399,95941,4.4,-3.8,13.9,0.0,0.03,0.0288,0.81,0.0033,59.0,32.0
2024-03-04,동대문구,3627,109408,6.0,-0.5,11.5,0.0,0.0364,0.023,0.61,0.0025,70.0,34.0
2024-03-04,동작구,1977,92557,4.9,-3.6,12.9,0.0,0.0407,0.0206,0.6,0.0026,79.0,43.0
2024-03-04,마포구,4854,253248,5.8,-0.7,12.0,0.0,0.0419,0.0212,0.58,0.0026,71.0,39.0
2024-03-04,서대문구,2194,102108,4.9,-2.1,11.5,0.0,0.0345,0.0212,0.77,0.0049,68.0,40.0
2024-03-04,서초구,3106,148352,6.1,-1.3,12.2,0.0,0.0344,0.0199,0.46,0.0028,86.0,41.0
2024-03-04,성동구,4335,125938,6.3,0.7,11.8,0.0,0.0365,0.0236,0.51,0.0031,68.0,32.0
2024-03-04,성북구,2522,52233,4.9,-1.8,10.8,0.0,0.0318,0.0203,0.63,0.0033,61.0,30.0
2024-03-04,송파구,9576,198499,6.6,0.5,12.2,0.0,0.0411,0.0187,0.55,0.0025,77.0,36.0
2024-03-04,양천구,6365,37114,6.2,0.4,11.7,0.0,0.0402,0.0224,0.62,0.003,72.0,37.0
2024-03-04,영등포구,9518,316776,6.6,0.6,12.0,0.0,0.0265,0.0216,0.53,0.0027,67.0,40.0
2024-03-04,용산구,2001,0,6.0,-0.9,12.0,0.0,0.0403,0.0197,0.59,0.0029,74.0,36.0
2024-03-04,은평구,2625,126229,3.2,-5.7,11.6,0.0,0.0313,0.0211,0.46,0.003,68.0,35.0
2024-03-04,종로구,4268,232915,5.0,-1.7,11.2,0.0,0.043,0.0235,0.57,0.003,69.0,41.0
2024-03-04,중구,2886,258863,4.4,-1.1,10.7,0.0,0.0346,0.0227,0.52,0.003,59.0,39.0
2024-03-04,중랑구,3106,93622,6.0,-0.3,11.4,0.0,0.033,0.0236,0.51,0.0024,52.0,34.0
2024-03-05,강남구,3734,408975,8.5,6.1,11.7,0.0,0.0325,0.0263,0.42,0.0025,44.0,22.0
2024-03-05,강동구,4657,98796,7.7,5.7,10.9,0.0,0.028,0.0361,0.54,0.0024,41.0,19.0
2024-03-05,강북구,1448,50191,7.2,3.3,11.4,0.0,0.0222,0.0304,0.43,0.0026,39.0,21.0
2024-03-05,강서구,14030,189407,7.7,4.9,11.9,0.0,0.0363,0.021,0.56,0.0031,52.0,22.0
2024-03-05,관악구,2357,156525,7.5,5.0,10.1,0.0,0.0323,0.0253,0.45,0.0025,50.0,24.0
2024-03-05,광진구,5422,66525,8.4,6.3,11.3,0.0,0.0253,0.0347,0.41,0.0024,38.0,19.0
2024-03-05,구로구,4455,132863,8.4,5.5,11.2,0.0,0.0222,0.0239,0.45,0.0029,55.0,22.0
2024-03-05,금천구,2118,105324,8.7,6.7,11.2,0.0,0.0321,0.0291,0.47,0.0028,49.0,26.0
2024-03-05,노원구,6798,172571,,,,0.0,0.0272,0.0263,0.45,0.0032,44.0,25.0
2024-03-05,도봉구,2401,96699,7.2,3.1,12.1,0.0,0.0259,0.0313,0.78,0.0032,43.0,23.0
2024-03-05,동대문구,3732,110825,8.2,5.8,11.5,0.0,0.0306,0.0262,0.51,0.0025,45.0,22.0
2024-03-05,동작구,2013,94370,8.3,4.8,12.1,0.0,0.0328,0.0278,0.44,0.0025,49.0,24.0
2024-03-05,마포구,5003,260690,8.4,5.9,11.5,0.0,0.035,0.0289,0.48,0.0027,46.0,25.0
2024-03-05,서대문구,2388,104476,7.7,4.6,11.0,0.0,0.0259,0.0312,0.53,0.0036,47.0,26.0
2024-03-05,서초구,3243,151210,8.5,6.3,11.4,0.0,0.0277,0.025,0.37,0.0026,59.0,25.0
2024-03-05,성동구,4298,131039,8.4,6.6,11.3,0.0,0.0283,0.0309,0.41,0.0036,44.0,21.0
2024-03-05,성북구,2635,53572,7.3,4.9,10.6,0.0,0.0234,0.027,0.52,0.0031,42.0,21.0
2024-03-05,송파구,9931,204615,8.6,6.5,11.8,0.0,0.0287,0.0298,0.42,0.0026,50.0,22.0
2024-03-05,양천구,6538,38213,8.8,6.5,11.4,0.0,0.0377,0.0243,0.58,0.0027,49.0,24.0
2024-03-05,영등포구,9527,328193,8.9,7.0,11.6,0.0,0.0288,0.023,0.48,0.0026,48.0,28.0
2024-03-05,용산구,1998,0,8.5,6.3,11.5,0.0,0.0281,0.031,0.43,0.0034,44.0,22.0
2024-03-05,은평구,2525,127904,7.3,3.4,11.2,0.0,0.0241,0.0302,0.39,0.0029,49.0,24.0
2024-03-05,종로구,4471,240538,7.1,4.9,9.8,0.0,0.0281,0.0307,0.45,0.0029,41.0,24.0
2024-03-05,중구,3011,276202,6.3,4.2,9.1,0.0,0.0273,0.0295,0.41,0.0029,37.0,24.0
2024-03-05,중랑구,3095,95081,8.2,6.3,11.4,0.0,0.0232,0.0292,0.4,0.0022,34.0,22.0
2024-03-06,강남구,3887,413618,7.0,3.4,11.4,0.0,0.0199,0.0324,0.27,0.0021,13.0,7.0
2024-03-06,강동구,4718,100393,6.0,3.2,9.5,0.0,0.0161,0.0421,0.46,0.0021,8.0,2.0
2024-03-06,강북구,1503,51061,5.2,0.6,10.0,0.0,0.0143,0.0333,0.34,0.002,12.0,6.0
2024-03-06,강서구,14781,191649,6.6,1.8,11.4,0.0,0.0233,0.0282,0.39,0.0024,17.0,7.0
2024-03-06,관악구,2537,159714,5.6,2.0,10.5,0.0,0.0213,0.0304,0.35,0.0022,16.0,8.0
2024-03-06,광진구,5607,67293,6.6,3.9,11.4,0.0,0.0152,0.0381,0.36,0.0023,11.0,5.0
2024-03-06,구로구,4817,134685,6.6,2.2,10.9,0.0,0.014,0.028,0.37,0.0025,17.0,5.0
2024-03-06,금천구,2327,105445,7.0,4.3,11.0,0.0,0.0212,0.035,0.38,0.0023,12.0,6.0
2024-03-06,노원구,7382,175829,4.6,-2.2,10.3,0.0,0.0142,0.0321,0.31,0.0023,15.0,9.0
2024-03-06,도봉구,2589,98811,5.4,0.7,10.8,0.0,0.014,0.0377,0.56,0.0028,13.0,9.0
2024-03-06,동대문구,4017,114080,6.1,3.0,10.1,0.0,0.0201,0.03,0.4,0.0019,15.0,7.0
2024-03-06,동작구,2147,96075,6.6,0.1,12.0,0.0,0.0208,0.0323,0.34,0.002,14.0,7.0
2024-03-06,마포구,5256,267265,6.6,3.3,11.2,0.0,0.0231,0.0332,0.36,0.0021,16.0,8.0
2024-03-06,서대문구,2455,105744,5.8,1.5,10.4,0.0,0.0153,0.0348,0.42,0.0028,13.0,9.0
2024-03-06,서초구,3423,153753,6.9,3.9,10.5,0.0,0.0197,0.0278,0.3,0.0023,19.0,7.0
2024-03-06,성동구,4617,132979,6.4,3.5,11.1,0.0,0.0178,0.035,0.32,0.0031,15.0,8.0
2024-03-06,성북구,2748,54431,5.4,2.2,9.8,0.0,0.0129,0.0302,0.43,0.0027,13.0,7.0
2024-03-06,송파구,10374,205125,6.9,4.1,11.2,0.0,0.018,0.0346,0.32,0.002,16.0,8.0
2024-03-06,양천구,6917,38470,6.8,3.5,11.2,0.0,0.0258,0.0287,0.44,0.0022,17.0,7.0
2024-03-06,영등포구,10027,334823,7.1,4.1,10.9,0.0,0.0241,0.029,0.36,0.0021,17.0,9.0
2024-03-06,용산구,2140,0,6.7,2.8,11.4,0.0,0.0195,0.0343,0.34,0.0026,14.0,7.0
2024-03-06,은평구,2782,130052,5.1,-0.2,10.3,0.0,0.0158,0.0323,0.31,0.0025,14.0,7.0
2024-03-06,종로구,4532,251500,5.5,2.2,10.1,0.0,0.0184,0.0343,0.36,0.0024,12.0,8.0
2024-03-06,중구,3197,285981,4.2,1.7,8.4,0.0,0.0177,0.0332,0.33,0.0024,11.0,8.0
2024-03-06,중랑구,3233,96774,6.2,3.4,9.9,0.0,0.0171,0.0292,0.33,0.0019,12.0,7.0
2024-03-07,강남구,3149,421509,5.0,2.7,9.1,1.0,0.0203,0.0316,0.2,0.0021,30.0,18.0
2024-03-07,강동구,4026,100270,4.3,2.5,8.9,1.5,0.0216,0.0355,0.49,0.0021,24.0,13.0
2024-03-07,강북구,1104,50686,3.2,0.5,7.3,2.0,0.015,0.0346,0.35,0.002,26.0,16.0
2024-03-07,강서구,13225,192883,4.7,1.5,8.9,0.5,0.0191,0.0328,0.38,0.0026,31.0,16.0
2024-03-07,관악구,2377,161506,2.6,-0.5,6.3,0.0,0.0207,0.0313,0.38,0.0022,33.0,18.0
2024-03-07,광진구,4560,67543,4.6,2.9,8.7,1.5,0.0215,0.0341,0.41,0.0024,27.0,16.0
2024-03-07,구로구,4394,134351,4.9,1.9,8.8,0.0,0.0134,0.0292,0.38,0.0028,36.0,15.0
2024-03-07,금천구,2213,104884,4.6,2.6,8.0,0.0,0.0255,0.0307,0.44,0.0026,32.0,19.0
2024-03-07,노원구,5417,174602,2.9,-1.4,9.3,0.0,0.0169,0.0308,0.34,0.0024,29.0,19.0
2024-03-07,도봉구,1837,97312,3.2,0.5,7.3,1.5,0.0146,0.0381,0.39,0.0029,26.0,17.0
2024-03-07,동대문구,3372,114309,4.3,2.2,8.5,1.0,0.0182,0.0327,0.42,0.0019,30.0,17.0
2024-03-07,동작구,1838,95911,4.9,1.3,9.2,0.0,0.0178,0.0372,0.34,0.0021,29.0,19.0
2024-03-07,마포구,4116,274096,4.3,1.0,10.9,0.5,0.0208,0.0363,0.37,0.0023,30.0,17.0
2024-03-07,서대문구,1978,108295,3.6,0.3,8.5,1.0,0.0168,0.0342,0.45,0.0029,30.0,20.0
2024-03-07,서초구,2983,159301,4.7,2.6,8.6,0.0,0.0193,0.0283,0.31,0.0022,37.0,17.0
2024-03-07,성동구,3558,133665,4.6,2.4,8.5,1.5,0.0202,0.0344,0.35,0.0024,29.0,17.0
2024-03-07,성북구,2228,54001,3.4,1.4,6.8,0.5,0.0127,0.0316,0.41,0.0027,27.0,16.0
2024-03-07,송파구,8287,207154,5.3,3.0,8.7,1.0,0.0204,0.0331,0.34,0.0022,31.0,19.0
2024-03-07,양천구,6453,38527,5.0,2.3,8.5,0.0,0.0211,0.0333,0.43,0.0025,32.0,18.0
2024-03-07,영등포구,9165,336907,4.9,2.5,8.8,0.0,0.0205,0.0311,0.35,0.0022,28.0,19.0
2024-03-07,용산구,1636,0,4.9,2.7,9.1,0.0,0.0196,0.0342,0.36,0.0023,32.0,19.0
2024-03-07,은평구,2267,129436,2.5,-2.8,7.6,0.5,0.016,0.0351,0.35,0.0027,31.0,18.0
2024-03-07,종로구,3645,254535,3.2,0.5,7.9,0.0,0.0194,0.0345,0.39,0.0025,28.0,20.0
2024-03-07,중구,2460,293303,2.5,-0.2,8.5,0.5,0.0203,0.0319,0.36,0.0025,24.0,19.0
2024-03-07,중랑구,2773,96288,4.3,2.6,8.3,1.0,0.019,0.0289,0.37,0.0019,24.0,17.0
2024-03-08,강남구,3128,433476,3.5,0.6,7.5,0.0,0.0149,0.0398,0.36,0.0024,42.0,23.0
2024-03-08,강동구,4283,102838,3.0,-1.1,7.9,0.0,0.0166,0.0434,0.44,0.0027,38.0,18.0
2024-03-08,강북구,1239,51250,2.3,-0.8,6.8,0.0,0.0073,0.046,0.35,0.0023,38.0,20.0
2024-03-08,강서구,12948,197578,2.8,-1.8,8.1,0.0,0.0167,0.0372,0.39,0.0031,47.0,20.0
2024-03-08,관악구,2094,169738,1.8,-1.7,6.2,0.0,0.0156,0.0386,0.4,0.0025,49.0,24.0
2024-03-08,광진구,4523,70264,3.2,1.2,7.2,0.0,0.0152,0.0411,0.42,0.0027,39.0,22.0
2024-03-08,구로구,4036,136925,2.9,-0.6,7.0,0.0,0.0101,0.0339,0.39,0.003,54.0,22.0
2024-03-08,금천구,2025,104578,3.3,1.1,7.1,0.0,0.0193,0.0383,0.45,0.0029,44.0,24.0
2024-03-08,노원구,6228,177759,1.3,-5.3,7.7,0.0,0.0144,0.0344,0.38,0.0027,40.0,22.0
2024-03-08,도봉구,2241,101321,2.5,-2.9,7.4,0.0,0.0084,0.0467,0.39,0.0032,42.0,20.0
2024-03-08,동대문구,3356,116061,2.9,0.0,7.1,0.0,0.0121,0.0398,0.44,0.0024,42.0,23.0
2024-03-08,동작구,1726,100205,3.2,-2.2,8.2,0.0,0.0142,0.0445,0.38,0.0025,44.0,26.0
2024-03-08,마포구,4400,288814,2.3,-0.5,8.2,0.0,0.0189,0.0403,0.4,0.0024,41.0,22.0
2024-03-08,서대문구,2040,109611,1.7,-1.8,6.9,0.0,0.015,0.0364,0.54,0.0041,44.0,26.0
2024-03-08,서초구,2842,171488,3.3,0.9,7.9,0.0,0.0132,0.0383,0.33,0.0024,66.0,24.0
2024-03-08,성동구,3854,137117,3.0,0.8,6.9,0.0,0.0156,0.041,0.39,0.0028,41.0,21.0
2024-03-08,성북구,2256,54157,2.1,0.0,6.0,0.0,0.0088,0.0367,0.43,0.0031,40.0,20.0
2024-03-08,송파구,9031,211107,3.3,1.2,7.0,0.0,0.0161,0.0407,0.38,0.0025,47.0,24.0
2024-03-08,양천구,6175,39056,3.5,1.0,7.4,0.0,0.018,0.0391,0.47,0.0028,47.0,24.0
2024-03-08,영등포구,8614,352266,3.4,1.2,7.3,0.0,0.0154,0.0391,0.39,0.0027,41.0,25.0
2024-03-08,용산구,1811,0,,,,0.0,0.0147,0.0413,0.44,0.0025,46.0,23.0
2024-03-08,은평구,2414,132900,0.4,-4.6,6.3,0.0,0.0131,0.043,0.36,0.0031,44.0,22.0
2024-03-08,종로구,3986,266625,1.6,-1.1,5.9,0.0,0.0136,0.0416,0.41,0.0029,41.0,25.0
2024-03-08,중구,2646,295893,0.5,-1.6,5.1,0.0,0.0143,0.0395,0.36,0.003,35.0,25.0
2024-03-08,중랑구,2802,98987,3.0,0.3,6.8,0.0,0.0149,0.0345,0.4,0.0023,34.0,22.0
2024-03-09,강남구,2536,256300,2.9,-1.0,7.7,0.0,0.0142,0.0357,0.32,0.0022,31.0,17.0
2024-03-09,강동구,3704,70098,2.5,-2.3,7.8,0.0,0.0212,0.0353,0.46,0.0027,32.0,16.0
2024-03-09,강북구,1155,40738,1.5,-3.7,6.6,0.0,0.0102,0.0395,0.35,0.0022,31.0,18.0
2024-03-09,강서구,8729,138063,2.5,-1.7,7.8,0.0,0.0175,0.0319,0.37,0.0028,35.0,15.0
2024-03-09,관악구,1952,140215,0.7,-4.1,6.5,0.0,0.0174,0.0325,0.38,0.0024,36.0,19.0
2024-03-09,광진구,3751,61195,3.0,-0.2,8.1,0.0,0.0189,0.0341,0.39,0.0024,30.0,17.0
2024-03-09,구로구,3022,91717,2.0,-2.4,7.4,0.0,0.0102,0.0288,0.35,0.0025,37.0,14.0
2024-03-09,금천구,1115,42173,2.5,-0.5,7.2,0.0,0.0171,0.0365,0.37,0.0026,34.0,18.0
2024-03-09,노원구,5491,134258,0.8,-7.0,8.4,0.0,0.0184,0.0288,0.4,0.0026,36.0,21.0
2024-03-09,도봉구,1979,79166,1.5,-4.7,8.3,0.0,0.0107,0.0418,0.39,0.0029,31.0,17.0
2024-03-09,동대문구,2677,85243,2.7,-1.3,7.5,0.0,0.0133,0.0356,0.4,0.0023,34.0,17.0
2024-03-09,동작구,1612,75770,2.0,-4.1,8.2,0.0,0.0157,0.0374,0.35,0.0023,33.0,19.0
2024-03-09,마포구,3752,246234,2.1,-2.3,7.8,0.0,0.0195,0.0344,0.37,0.0023,32.0,18.0
2024-03-09,서대문구,1586,84071,1.1,-3.5,7.1,0.0,0.0152,0.0329,0.48,0.0041,32.0,21.0
2024-03-09,서초구,2285,140962,2.6,-0.7,8.0,0.0,0.013,0.0342,0.29,0.0022,40.0,16.0
2024-03-09,성동구,2820,93832,2.7,-0.9,7.4,0.0,0.017,0.0358,0.36,0.0024,32.0,17.0
2024-03-09,성북구,1721,36402,1.7,-2.4,6.2,0.0,0.0107,0.0317,0.41,0.003,31.0,16.0
2024-03-09,송파구,7791,138437,3.1,-0.3,7.4,0.0,0.0163,0.0358,0.35,0.0023,35.0,19.0
2024-03-09,양천구,5277,26109,2.8,-0.5,7.4,0.0,0.0197,0.0324,0.43,0.0027,34.0,18.0
2024-03-09,영등포구,6109,238815,2.8,-0.7,7.8,0.0,0.0157,0.0345,0.34,0.0025,30.0,18.0
2024-03-09,용산구,1608,0,,,,0.0,0.0156,0.0358,0.39,0.0023,35.0,18.0
2024-03-09,은평구,2178,100110,-0.3,-7.0,6.9,0.0,0.0148,0.0332,0.33,0.003,34.0,17.0
2024-03-09,종로구,2415,203861,1.0,-3.1,6.3,0.0,0.014,0.0369,0.37,0.0027,32.0,20.0
2024-03-09,중구,1496,182200,0.7,-3.4,6.1,0.0,0.0135,0.0356,0.33,0.0027,27.0,19.0
2024-03-09,중랑구,2399,73173,3.0,-1.1,7.4,0.0,0.0196,0.0276,0.4,0.0022,28.0,18.0
2024-03-10,강남구,2686,154998,4.7,-2.0,11.4,0.0,0.0211,0.0332,0.34,0.0024,28.0,17.0
2024-03-10,강동구,3737,49796,4.5,-2.0,11.5,0.0,0.025,0.0332,0.5,0.0027,30.0,17.0
2024-03-10,강북구,1237,31729,3.2,-3.1,10.4,0.0,0.0172,0.0342,0.39,0.0023,27.0,17.0
2024-03-10,강서구,7937,103223,,,,0.0,0.021,0.0335,0.4,0.0029,30.0,13.0
2024-03-10,관악구,2107,99733,2.6,-3.7,9.7,0.0,0.0231,0.0326,0.4,0.0025,32.0,17.0
2024-03-10,광진구,4133,45846,4.9,-0.2,10.8,0.0,0.0293,0.0279,0.5,0.0025,28.0,18.0
2024-03-10,구로구,3044,67337,4.0,-2.4,10.5,0.0,0.0136,0.029,0.37,0.0025,32.0,14.0
2024-03-10,금천구,1061,30471,4.8,-0.6,10.2,0.0,0.0267,0.03,0.47,0.0026,28.0,16.0
2024-03-10,노원구,5404,100737,2.5,-6.4,11.8,0.0,0.0229,0.027,0.44,0.0029,32.0,20.0
2024-03-10,도봉구,1992,62598,3.2,-4.1,11.5,0.0,0.0218,0.0337,0.48,0.003,28.0,18.0
2024-03-10,동대문구,2658,65138,5.0,-0.9,10.9,0.0,0.0228,0.031,0.47,0.0024,32.0,18.0
2024-03-10,동작구,1711,53223,3.6,-3.9,11.4,0.0,0.0214,0.0369,0.36,0.0024,27.0,16.0
2024-03-10,마포구,5073,197368,4.9,-0.8,12.0,0.0,0.0242,0.0355,0.39,0.0025,29.0,17.0
2024-03-10,서대문구,1935,60090,3.8,-2.3,10.7,0.0,0.0231,0.0294,0.65,0.0056,31.0,21.0
2024-03-10,서초구,2461,113209,4.2,-2.5,11.2,0.0,0.0174,0.0328,0.32,0.0022,35.0,16.0
2024-03-10,성동구,3097,68667,5.2,0.1,10.7,0.0,0.023,0.0333,0.39,0.0024,28.0,17.0
2024-03-10,성북구,1969,27911,3.9,-1.8,9.7,0.0,0.0211,0.0255,0.5,0.0033,30.0,17.0
2024-03-10,송파구,8135,95942,5.3,-0.1,11.1,0.0,0.0207,0.0337,0.35,0.0024,30.0,17.0
2024-03-10,양천구,5169,18813,5.4,0.2,10.6,0.0,0.0234,0.0344,0.44,0.0027,28.0,16.0
2024-03-10,영등포구,6652,171971,5.4,0.8,10.8,0.0,0.0179,0.0368,0.35,0.0026,28.0,16.0
2024-03-10,용산구,2056,0,5.0,-1.3,10.7,0.0,0.0245,0.0306,0.43,0.0025,31.0,17.0
2024-03-10,은평구,2158,76205,1.6,-6.1,10.0,0.0,0.0175,0.0326,0.34,0.0032,30.0,15.0
2024-03-10,종로구,2365,142440,3.5,-2.8,10.0,0.0,0.022,0.0332,0.42,0.0029,30.0,19.0
2024-03-10,중구,1509,138136,3.5,-1.6,10.4,0.0,0.0223,0.0301,0.37,0.003,24.0,18.0
2024-03-10,중랑구,2304,53556,5.1,-0.7,10.8,0.0,0.026,0.0241,0.45,0.0023,27.0,19.0
2024-03-11,강남구,3847,400625,6.8,2.2,11.8,0.0,0.0371,0.0221,0.39,0.0026,32.0,18.0
2024-03-11,강동구,4881,98777,6.1,1.4,11.2,0.0,0.0419,0.0214,0.56,0.0029,37.0,18.0
2024-03-11,강북구,1466,49865,5.5,0.5,10.7,0.0,0.025,0.029,0.42,0.0024,31.0,19.0
2024-03-11,강서구,14708,189375,,,,0.0,0.0325,0.0284,0.45,0.0029,33.0,15.0
2024-03-11,관악구,2460,154098,4.9,-0.5,10.4,0.0,0.035,0.0261,0.45,0.0026,34.0,18.0
2024-03-11,광진구,5406,65128,7.1,2.7,12.2,0.0,0.044,0.0217,0.52,0.0027,30.0,18.0
2024-03-11,구로구,4772,131958,6.7,2.0,11.1,0.0,0.0236,0.0223,0.42,0.0026,39.0,17.0
2024-03-11,금천구,2329,105103,7.2,3.4,11.3,0.0,0.0408,0.0221,0.54,0.0029,29.0,18.0
2024-03-11,노원구,7068,171088,4.3,-2.2,11.6,0.0,0.0385,0.0177,0.52,0.0032,38.0,23.0
2024-03-11,도봉구,2493,96095,5.3,0.0,12.1,0.0,0.03,0.0294,0.53,0.0033,34.0,24.0
2024-03-11,동대문구,3790,111258,6.5,2.5,11.2,0.0,0.0402,0.019,0.54,0.0026,36.0,19.0
2024-03-11,동작구,2183,93610,6.1,-0.1,12.3,0.0,0.0356,0.0287,0.42,0.0026,30.0,18.0
2024-03-11,마포구,5323,261944,,,,0.0,0.0383,0.0277,0.45,0.0028,32.0,19.0
2024-03-11,서대문구,2291,103019,6.1,2.2,10.5,0.0,0.0308,0.0274,0.61,0.0045,36.0,23.0
2024-03-11,서초구,3253,151739,6.7,1.9,12.2,0.0,0.0328,0.0221,0.37,0.0024,50.0,22.0
2024-03-11,성동구,4558,128861,7.0,3.4,11.0,0.0,0.0364,0.0251,0.41,0.0031,33.0,17.0
2024-03-11,성북구,2623,54053,6.1,2.1,10.1,0.0,0.0332,0.0194,0.53,0.0033,35.0,20.0
2024-03-11,송파구,10213,200500,7.3,2.9,11.9,0.0,0.0378,0.0221,0.41,0.0027,32.0,17.0
2024-03-11,양천구,6679,37898,7.5,4.1,10.9,0.0,0.0353,0.0279,0.49,0.0028,33.0,17.0
2024-03-11,영등포구,10088,325321,7.6,4.3,11.4,0.0,0.0324,0.0275,0.41,0.0028,32.0,19.0
2024-03-11,용산구,2057,0,7.0,3.0,11.5,0.0,0.036,0.024,0.44,0.0028,32.0,17.0
2024-03-11,은평구,2624,127100,4.4,-1.9,10.9,0.0,0.0269,0.0302,0.42,0.0032,36.0,19.0
2024-03-11,종로구,4547,241700,5.9,1.9,10.7,0.0,0.0375,0.0234,0.49,0.0031,34.0,22.0
2024-03-11,중구,3029,276396,5.4,1.4,10.2,0.0,0.0383,0.0205,0.45,0.0031,29.0,22.0
2024-03-11,중랑구,3188,94705,6.7,2.8,11.1,0.0,0.037,0.0197,0.46,0.0025,28.0,18.0
2024-03-12,강남구,2408,413790,7.1,4.6,10.0,1.0,0.0388,0.0203,0.43,0.0024,31.0,19.0
2024-03-12,강동구,3519,98904,6.4,4.2,9.6,0.5,0.04,0.0214,0.65,0.0022,30.0,21.0
2024-03-12,강북구,1150,50040,6.0,2.8,9.7,2.5,0.0237,0.0242,0.47,0.0023,25.0,16.0
2024-03-12,강서구,11668,190326,6.7,3.4,12.2,0.0,0.0359,0.0207,0.47,0.0029,37.0,21.0
2024-03-12,관악구,1610,158103,5.0,0.9,10.3,1.0,0.0368,0.0211,0.48,0.0025,36.0,21.0
2024-03-12,광진구,4148,66175,7.4,5.2,9.5,0.5,0.0437,0.0189,0.63,0.0025,27.0,19.0
2024-03-12,구로구,3034,132897,6.5,3.8,11.4,0.0,0.0233,0.0199,0.42,0.0023,38.0,22.0
2024-03-12,금천구,1282,105738,6.9,5.0,11.2,2.0,0.0394,0.0186,0.5,0.0029,33.0,20.0
2024-03-12,노원구,5606,172518,4.4,-0.4,9.6,0.5,0.034,0.0176,0.51,0.0026,32.0,21.0
2024-03-12,도봉구,2115,95766,6.1,2.0,10.1,0.0,0.027,0.0293,0.58,0.0032,34.0,25.0
2024-03-12,동대문구,3098,110496,7.2,5.0,9.5,0.0,0.0384,0.0205,0.61,0.0023,33.0,20.0
2024-03-12,동작구,1239,95067,,,,0.0,0.0365,0.0245,0.45,0.0024,30.0,20.0
2024-03-12,마포구,3199,266260,6.4,4.4,12.3,1.5,0.0391,0.0204,0.47,0.0025,32.0,23.0
2024-03-12,서대문구,1504,105049,5.4,2.2,10.7,2.0,0.0277,0.0237,0.73,0.004,33.0,25.0
2024-03-12,서초구,1740,154883,6.7,4.8,10.0,1.0,0.0339,0.0179,0.4,0.002,42.0,26.0
2024-03-12,성동구,3283,133442,7.0,5.4,9.6,0.5,0.0421,0.0174,0.5,0.0031,31.0,18.0
2024-03-12,성북구,2071,53470,6.4,4.2,9.2,1.5,0.033,0.0178,0.62,0.0029,31.0,19.0
2024-03-12,송파구,7267,203868,7.5,6.0,9.7,0.5,0.0391,0.0188,0.5,0.0025,28.0,17.0
2024-03-12,양천구,5203,38157,7.1,5.4,11.6,0.5,0.037,0.0222,0.53,0.0026,37.0,23.0
2024-03-12,영등포구,5907,332279,7.3,5.2,11.5,1.5,0.0343,0.0212,0.45,0.0024,33.0,24.0
2024-03-12,용산구,1041,0,7.1,5.5,10.6,2.0,0.0349,0.0224,0.57,0.0024,28.0,17.0
2024-03-12,은평구,1740,127938,4.4,-0.4,11.4,1.5,0.0223,0.0257,0.46,0.0028,31.0,21.0
2024-03-12,종로구,2691,248352,5.6,3.8,10.6,1.0,0.0295,0.0268,0.49,0.0027,28.0,19.0
2024-03-12,중구,1886,285108,5.3,3.7,7.9,3.0,0.0311,0.0245,0.44,0.0027,25.0,20.0
2024-03-12,중랑구,2294,93963,7.1,5.4,9.0,1.0,0.0347,0.0176,0.48,0.0022,27.0,19.0
2024-03-13,강남구,4133,415032,6.9,0.6,13.0,0.0,0.0235,0.0412,0.39,0.0028,42.0,24.0
2024-03-13,강동구,5135,101318,6.8,0.4,13.0,0.0,0.0282,0.0407,0.66,0.0029,45.0,27.0
2024-03-13,강북구,1539,51866,6.2,-0.3,12.5,0.0,0.0191,0.0415,0.46,0.003,40.0,24.0
2024-03-13,강서구,15243,193732,6.4,-0.4,12.7,0.0,0.0267,0.0373,0.45,0.0035,45.0,21.0
2024-03-13,관악구,2525,162258,4.6,-0.6,10.0,0.0,0.027,0.0364,0.46,0.0029,45.0,24.0
2024-03-13,광진구,6095,68092,7.5,2.6,12.6,0.0,0.0294,0.0375,0.61,0.003,40.0,26.0
2024-03-13,구로구,4691,135870,6.1,0.0,12.1,0.0,0.0168,0.0311,0.42,0.0028,50.0,24.0
2024-03-13,금천구,2358,106064,6.5,1.9,11.1,0.0,0.0332,0.0278,0.58,0.0031,40.0,25.0
2024-03-13,노원구,7554,177680,5.0,-3.8,13.0,0.0,0.0295,0.0307,0.54,0.0036,47.0,30.0
2024-03-13,도봉구,2725,100086,5.9,-1.6,13.3,0.0,0.02,0.0469,0.56,0.0038,42.0,26.0
2024-03-13,동대문구,4132,115343,7.3,2.3,12.9,0.0,0.0222,0.0409,0.52,0.0029,45.0,26.0
2024-03-13,동작구,2177,98088,5.6,-1.7,12.8,0.0,0.0245,0.0426,0.43,0.0028,40.0,26.0
2024-03-13,마포구,5713,274040,6.9,2.2,13.5,0.0,0.0289,0.0401,0.46,0.0029,41.0,25.0
2024-03-13,서대문구,2445,107796,6.0,0.5,12.5,0.0,0.0312,0.0189,0.83,0.0057,35.0,26.0
2024-03-13,서초구,3368,158329,7.0,0.7,13.0,0.0,0.0199,0.0377,0.38,0.0024,57.0,28.0
2024-03-13,성동구,4733,136510,7.1,3.2,12.1,0.0,0.0273,0.0381,0.46,0.0029,42.0,23.0
2024-03-13,성북구,2908,54602,6.4,1.1,11.1,0.0,0.0251,0.0313,0.58,0.0034,46.0,25.0
2024-03-13,송파구,10941,209032,7.6,3.0,12.6,0.0,0.0279,0.0364,0.43,0.0028,43.0,24.0
2024-03-13,양천구,6881,38862,7.0,2.7,12.8,0.0,0.0269,0.0388,0.5,0.003,43.0,25.0
2024-03-13,영등포구,10397,341794,7.3,3.7,12.3,0.0,0.0242,0.0386,0.42,0.0029,40.0,26.0
2024-03-13,용산구,2322,0,7.0,1.0,12.1,0.0,0.0257,0.038,0.47,0.0028,44.0,25.0
2024-03-13,은평구,2942,132009,4.0,-3.2,11.8,0.0,0.0227,0.0361,0.5,0.0033,48.0,27.0
2024-03-13,종로구,4677,259785,5.5,0.5,11.4,0.0,0.0236,0.0407,0.47,0.0034,44.0,29.0
2024-03-13,중구,3262,294433,5.4,1.3,11.2,0.0,0.0253,0.0388,0.44,0.0032,37.0,29.0
2024-03-13,중랑구,3370,97185,7.3,2.2,12.6,0.0,0.0275,0.0329,0.51,0.0027,37.0,27.0
2024-03-14,강남구,4192,422002,8.7,2.5,16.1,0.0,0.026,0.0465,0.39,0.003,57.0,34.0
2024-03-14,강동구,5500,101029,8.7,2.4,15.7,0.0,0.0356,0.0446,0.67,0.0031,65.0,40.0
2024-03-14,강북구,1631,51504,8.2,1.2,15.7,0.0,0.0222,0.0443,0.45,0.0028,55.0,33.0
2024-03-14,강서구,15406,194515,8.9,3.5,16.1,0.0,0.0282,0.0403,0.46,0.0032,62.0,32.0
2024-03-14,관악구,2640,165211,7.3,2.6,14.5,0.0,0.0241,0.0457,0.43,0.003,60.0,34.0
2024-03-14,광진구,6322,69362,9.2,4.4,15.6,0.0,0.038,0.0387,0.63,0.003,57.0,37.0
2024-03-14,구로구,5024,136545,8.2,2.5,15.7,0.0,0.0162,0.0367,0.4,0.0028,67.0,34.0
2024-03-14,금천구,2529,106472,8.6,4.4,14.8,0.0,0.0312,0.0418,0.56,0.0031,58.0,35.0
2024-03-14,노원구,7993,178447,7.2,-2.1,16.1,0.0,0.0326,0.0345,0.49,0.0032,62.0,39.0
2024-03-14,도봉구,2807,100716,7.5,0.4,16.8,0.0,0.0275,0.0441,0.61,0.0036,61.0,39.0
2024-03-14,동대문구,4266,116290,9.0,4.1,15.8,0.0,0.0276,0.0434,0.52,0.003,62.0,37.0
2024-03-14,동작구,2282,98419,,,,0.0,0.0262,0.0494,0.43,0.0028,56.0,38.0
2024-03-14,마포구,5925,280063,,,,0.0,0.0296,0.0478,0.44,0.003,55.0,35.0
2024-03-14,서대문구,2610,108203,8.0,2.8,15.7,0.0,0.0251,0.0504,0.32,0.0033,71.0,41.0
2024-03-14,서초구,3707,163302,8.9,2.9,15.9,0.0,0.0207,0.0425,0.37,0.0024,72.0,39.0
2024-03-14,성동구,5005,138955,8.9,4.6,15.3,0.0,0.0305,0.043,0.46,0.0031,58.0,33.0
2024-03-14,성북구,3028,55149,8.0,3.0,14.2,0.0,0.0292,0.0334,0.52,0.0033,62.0,35.0
2024-03-14,송파구,11640,212268,9.3,4.5,15.9,0.0,0.0305,0.0399,0.43,0.0028,56.0,33.0
2024-03-14,양천구,7287,38974,8.7,4.5,15.1,0.0,0.0276,0.0448,0.5,0.0031,60.0,36.0
2024-03-14,영등포구,11166,340361,9.1,5.0,15.7,0.0,0.0242,0.0453,0.41,0.0031,54.0,36.0
2024-03-14,용산구,2411,0,8.9,3.2,15.8,0.0,0.0261,0.0435,0.45,0.0029,56.0,33.0
2024-03-14,은평구,3028,131876,6.0,-0.8,15.0,0.0,0.0243,0.0396,0.49,0.0032,63.0,38.0
2024-03-14,종로구,5144,261618,7.6,2.5,15.1,0.0,0.0247,0.0465,0.47,0.0032,59.0,39.0
2024-03-14,중구,3442,295089,6.9,2.4,14.9,0.0,0.0253,0.049,0.41,0.0032,50.0,39.0
2024-03-14,중랑구,3481,97749,9.1,3.9,15.6,0.0,0.0317,0.0366,0.5,0.0027,50.0,38.0
2024-03-15,강남구,4511,432946,9.2,2.6,15.3,0.0,0.0257,0.0413,0.37,0.003,46.0,28.0
2024-03-15,강동구,5626,102971,9.5,3.2,15.3,0.0,0.0327,0.0432,0.65,0.003,55.0,36.0
2024-03-15,강북구,1668,52079,8.4,2.0,15.0,0.0,0.021,0.0441,0.42,0.0026,49.0,31.0
2024-03-15,강서구,15904,200050,9.1,5.1,14.2,0.0,0.0248,0.0373,0.38,0.003,46.0,26.0
2024-03-15,관악구,2774,171856,7.6,4.1,12.6,0.0,0.0238,0.0403,0.38,0.0031,48.0,27.0
2024-03-15,광진구,6386,71743,9.7,5.4,15.4,0.0,0.0341,0.0368,0.6,0.003,45.0,30.0
2024-03-15,구로구,5241,137856,8.5,3.9,14.0,0.0,0.0146,0.0331,0.36,0.0028,51.0,29.0
2024-03-15,금천구,2525,105101,8.8,5.3,13.3,0.0,0.0288,0.0374,0.44,0.0033,45.0,28.0
2024-03-15,노원구,8272,179600,7.7,-1.3,16.1,0.0,0.0323,0.0332,0.44,0.0031,57.0,38.0
2024-03-15,도봉구,2900,102123,8.9,1.7,18.1,0.0,0.0259,0.0435,0.58,0.0035,56.0,39.0
2024-03-15,동대문구,4255,117654,9.6,5.0,15.0,0.0,0.0278,0.0394,0.49,0.003,52.0,33.0
2024-03-15,동작구,2464,101868,7.7,0.8,15.0,0.0,0.0246,0.045,0.39,0.0028,43.0,30.0
2024-03-15,마포구,6234,294435,9.3,4.9,15.3,0.0,0.0282,0.0435,0.39,0.003,41.0,29.0
2024-03-15,서대문구,2686,108159,8.4,3.9,14.7,0.0,0.0274,0.0334,0.53,0.0036,52.0,39.0
2024-03-15,서초구,3901,175300,9.1,2.9,15.0,0.0,0.0214,0.0372,0.35,0.0024,61.0,35.0
2024-03-15,성동구,5244,141286,9.4,5.2,14.5,0.0,0.0282,0.0385,0.41,0.0029,47.0,28.0
2024-03-15,성북구,2829,54352,8.3,4.0,13.0,0.0,0.0237,0.0343,0.47,0.0032,53.0,33.0
2024-03-15,송파구,12219,216374,10.1,5.5,15.5,0.0,0.0265,0.0409,0.37,0.0027,45.0,25.0
2024-03-15,양천구,7424,39446,9.2,5.3,14.4,0.0,0.0242,0.0417,0.43,0.0028,46.0,29.0
2024-03-15,영등포구,11246,351997,9.4,6.1,14.7,0.0,0.0216,0.0411,0.36,0.0028,41.0,29.0
2024-03-15,용산구,2624,0,9.1,3.2,15.0,0.0,0.0293,0.035,0.42,0.0029,42.0,25.0
2024-03-15,은평구,3232,137832,6.5,-0.7,14.1,0.0,0.0231,0.0367,0.45,0.0031,54.0,35.0
2024-03-15,종로구,4988,267189,7.9,3.3,14.0,0.0,0.027,0.0398,0.46,0.0032,50.0,34.0
2024-03-15,중구,3635,297301,7.8,3.7,14.1,0.0,0.0253,0.0435,0.38,0.0031,42.0,35.0
2024-03-15,중랑구,3640,100040,9.8,5.7,15.1,0.0,0.0281,0.0359,0.44,0.0026,42.0,30.0
2024-03-16,강남구,3888,263768,11.3,3.9,19.1,0.0,0.0308,0.0386,0.44,0.0033,51.0,31.0
2024-03-16,강동구,5256,71473,10.9,3.9,18.0,0.0,0.0343,0.0413,0.71,0.0025,63.0,42.0
2024-03-16,강북구,1624,42755,10.5,2.9,18.3,0.0,0.0177,0.0439,0.43,0.0026,53.0,32.0
2024-03-16,강서구,11909,143918,10.4,3.2,19.6,0.0,0.0316,0.0346,0.5,0.0038,49.0,27.0
2024-03-16,관악구,2828,143065,9.7,2.4,17.3,0.0,0.0322,0.034,0.47,0.0031,51.0,29.0
2024-03-16,광진구,6345,64503,11.7,5.3,19.0,0.0,0.0329,0.0357,0.71,0.0031,54.0,37.0
2024-03-16,구로구,4084,94474,10.7,3.4,18.9,0.0,0.019,0.0296,0.42,0.0028,53.0,28.0
2024-03-16,금천구,1513,44282,11.2,5.4,18.9,0.0,0.0303,0.0365,0.47,0.0033,41.0,23.0
2024-03-16,노원구,7585,138384,10.4,-0.3,18.9,0.0,0.0286,0.035,0.48,0.003,58.0,38.0
2024-03-16,도봉구,2725,82071,10.6,2.4,19.0,0.0,0.0204,0.0462,0.59,0.0035,58.0,40.0
2024-03-16,동대문구,3749,90106,11.3,5.2,18.6,0.0,0.0273,0.0394,0.51,0.0031,55.0,33.0
2024-03-16,동작구,2666,79181,10.7,1.7,19.8,0.0,0.0296,0.0395,0.42,0.0027,45.0,29.0
2024-03-16,마포구,7255,259457,11.5,5.9,19.7,0.0,0.0326,0.0396,0.46,0.0032,44.0,29.0
2024-03-16,서대문구,2606,86659,10.7,4.9,18.9,0.0,0.0241,0.0375,0.47,0.0032,53.0,36.0
2024-03-16,서초구,3813,147355,11.3,3.3,19.1,0.0,0.0247,0.0331,0.4,0.0024,63.0,37.0
2024-03-16,성동구,5062,105896,11.7,5.5,18.6,0.0,0.0297,0.0377,0.46,0.0032,54.0,33.0
2024-03-16,성북구,2598,38148,10.4,4.1,17.4,0.0,0.021,0.0354,0.49,0.0031,55.0,39.0
2024-03-16,송파구,11852,149814,12.1,5.9,19.1,0.0,0.0296,0.0376,0.42,0.0028,48.0,25.0
2024-03-16,양천구,7138,27249,11.4,6.2,18.6,0.0,0.0307,0.0375,0.5,0.0031,47.0,27.0
2024-03-16,영등포구,10016,243572,11.7,6.7,19.1,0.0,0.0279,0.0366,0.42,0.0031,44.0,31.0
2024-03-16,용산구,3423,0,11.1,4.4,18.9,0.0,0.0311,0.0332,0.5,0.0031,46.0,27.0
2024-03-16,은평구,3171,103594,8.8,-0.1,18.2,0.0,0.0199,0.0395,0.44,0.003,49.0,30.0
2024-03-16,종로구,3725,219294,10.3,3.7,18.1,0.0,0.0248,0.0406,0.46,0.0033,51.0,33.0
2024-03-16,중구,2281,193337,9.9,4.3,18.1,0.0,0.027,0.0402,0.43,0.0032,43.0,35.0
2024-03-16,중랑구,3414,76355,11.6,5.4,18.5,0.0,0.0266,0.0362,0.46,0.0026,48.0,36.0
2024-03-17,강남구,2730,161306,9.8,6.6,13.2,0.0,0.0124,0.0461,0.31,0.0025,89.0,20.0
2024-03-17,강동구,4210,50186,9.9,5.9,14.3,0.0,0.0122,0.053,0.52,0.0022,108.0,18.0
2024-03-17,강북구,1354,31604,8.9,4.9,12.6,0.0,0.0076,0.0492,0.28,0.0022,91.0,17.0
2024-03-17,강서구,8466,105520,9.1,4.0,12.9,0.0,0.0113,0.0421,0.31,0.0025,96.0,17.0
2024-03-17,관악구,2294,101400,7.8,4.2,11.2,0.5,0.0134,0.043,0.32,0.0027,101.0,20.0
2024-03-17,광진구,4924,48190,9.8,6.7,13.1,0.0,0.013,0.0433,0.54,0.0026,91.0,20.0
2024-03-17,구로구,3268,68981,8.6,4.8,11.8,0.0,0.0064,0.0361,0.33,0.0024,130.0,19.0
2024-03-17,금천구,1079,31562,8.8,5.7,11.7,0.0,0.0127,0.0456,0.34,0.0027,91.0,20.0
2024-03-17,노원구,5924,100268,10.1,5.8,14.6,0.0,0.0117,0.042,0.3,0.0025,93.0,20.0
2024-03-17,도봉구,2029,61737,9.6,5.2,14.0,0.0,0.0087,0.0505,0.44,0.0031,112.0,20.0
2024-03-17,동대문구,3097,70021,9.5,6.2,13.2,0.0,0.0108,0.0447,0.36,0.0026,94.0,19.0
2024-03-17,동작구,1770,54174,9.1,4.2,12.9,0.0,0.0114,0.0474,0.3,0.0023,89.0,21.0
2024-03-17,마포구,4714,189509,,,,0.0,0.0148,0.0469,0.32,0.0024,97.0,19.0
2024-03-17,서대문구,2020,61541,8.4,3.2,12.7,0.0,0.0113,0.042,0.23,0.0022,119.0,24.0
2024-03-17,서초구,2419,118091,9.0,5.7,12.0,0.0,0.0073,0.0434,0.27,0.0021,144.0,23.0
2024-03-17,성동구,3583,76450,9.3,6.4,12.8,0.0,0.0112,0.0456,0.32,0.0024,89.0,20.0
2024-03-17,성북구,2203,28022,8.4,5.3,11.6,0.0,0.0067,0.0406,0.32,0.0029,108.0,
2024-03-17,송파구,9592,135054,9.6,6.7,12.5,0.0,0.0128,0.0453,0.31,0.0024,101.0,20.0
2024-03-17,양천구,5236,19150,9.0,5.9,12.0,0.0,0.013,0.0443,0.37,0.0024,97.0,18.0
2024-03-17,영등포구,6842,175822,9.1,6.0,12.5,0.0,0.01,0.0438,0.29,0.0023,83.0,19.0
2024-03-17,용산구,2058,0,9.3,6.1,12.3,0.0,0.0114,0.043,0.34,0.0024,109.0,21.0
2024-03-17,은평구,2389,75375,7.7,-0.3,12.5,0.0,0.0109,0.0421,0.36,0.0028,123.0,23.0
2024-03-17,종로구,2690,150757,7.6,3.9,10.6,0.0,0.0098,0.046,0.32,0.0025,96.0,21.0
2024-03-17,중구,1788,146390,6.9,3.8,11.0,0.0,0.01,0.0473,0.29,0.0027,80.0,21.0
2024-03-17,중랑구,2791,54228,9.7,6.5,12.9,0.0,0.0129,0.0404,0.33,0.0022,69.0,20.0
2024-03-18,강남구,4060,403998,8.3,2.0,14.9,0.0,0.0235,0.0311,0.33,0.0027,21.0,9.0
2024-03-18,강동구,5339,99081,8.0,2.3,14.4,0.0,0.0212,0.0371,0.44,0.0026,19.0,3.0
2024-03-18,강북구,1538,48959,7.0,-0.3,12.8,0.0,0.0118,0.0397,0.28,0.0023,17.0,6.0
2024-03-18,강서구,15155,190347,7.3,1.1,14.5,0.0,0.0219,0.0284,0.33,0.003,22.0,6.0
2024-03-18,관악구,2546,154557,5.4,-1.5,12.4,0.0,0.025,0.0286,0.35,0.0026,24.0,9.0
2024-03-18,광진구,6080,65648,8.4,3.3,13.9,0.0,0.026,0.0307,0.5,0.0025,22.0,7.0
2024-03-18,구로구,5009,133894,7.1,0.7,13.4,0.0,0.0153,0.0241,0.32,0.0026,27.0,4.0
2024-03-18,금천구,2434,105438,7.6,3.2,12.9,0.0,0.0236,0.0318,0.35,0.0029,19.0,7.0
2024-03-18,노원구,7608,174310,6.5,-3.1,14.2,0.0,0.0146,0.0348,0.29,0.0025,21.0,8.0
2024-03-18,도봉구,2891,100278,7.0,-1.1,14.2,0.0,0.0139,0.0401,0.41,0.0028,21.0,7.0
2024-03-18,동대문구,4151,111287,7.9,2.4,13.7,0.0,0.019,0.0351,0.35,0.0025,19.0,7.0
2024-03-18,동작구,2341,95285,6.8,-1.1,14.4,0.0,0.0226,0.0318,0.32,0.0023,19.0,8.0
2024-03-18,마포구,5710,265505,,,,0.0,0.0225,0.0308,0.31,0.0025,22.0,8.0
2024-03-18,서대문구,2533,103949,,,,0.0,0.0182,0.0277,0.36,0.0041,24.0,12.0
2024-03-18,서초구,3596,148520,8.2,1.7,14.3,0.0,0.0212,0.0261,0.27,0.0023,37.0,8.0
2024-03-18,성동구,4821,133583,8.2,3.6,13.7,0.0,0.0228,0.0325,0.32,0.0028,21.0,7.0
2024-03-18,성북구,2983,55403,6.7,1.5,12.2,0.0,0.0111,0.033,0.3,0.0031,18.0,4.0
2024-03-18,송파구,10919,202570,8.4,4.1,13.9,0.0,0.0216,0.0322,0.31,0.0025,26.0,9.0
2024-03-18,양천구,7235,37709,7.9,3.2,13.3,0.0,0.025,0.0292,0.41,0.0029,23.0,8.0
2024-03-18,영등포구,11070,325051,8.0,3.7,14.0,0.0,0.0233,0.0307,0.31,0.0026,20.0,10.0
2024-03-18,용산구,2320,0,7.8,1.9,13.6,0.0,0.023,0.0295,0.35,0.0027,24.0,8.0
2024-03-18,은평구,2888,128226,4.5,-3.3,13.2,0.0,0.0158,0.0326,0.27,0.0028,22.0,7.0
2024-03-18,종로구,4911,245333,6.6,0.7,13.0,0.0,0.0175,0.0361,0.33,0.0027,18.0,7.0
2024-03-18,중구,3331,285371,6.1,1.7,13.1,0.0,0.0197,0.0335,0.29,0.0028,15.0,8.0
2024-03-18,중랑구,3434,95029,8.0,3.2,13.4,0.0,0.018,0.0333,0.31,0.0022,17.0,7.0
2024-03-19,강남구,3163,415132,7.4,5.0,11.9,0.0,0.0211,0.0377,0.39,0.0025,48.0,25.0
2024-03-19,강동구,4505,99896,7.1,4.1,11.4,0.0,0.0232,0.0419,0.44,0.0026,50.0,23.0
2024-03-19,강북구,1219,49753,6.5,3.6,10.1,0.0,0.0151,0.0425,0.35,0.0022,43.0,23.0
2024-03-19,강서구,13414,191139,7.4,4.8,11.7,0.0,0.0177,0.0376,0.37,0.0027,50.0,24.0
2024-03-19,관악구,2153,159558,5.3,3.1,8.9,0.0,0.0172,0.0402,0.37,0.0025,51.0,24.0
2024-03-19,광진구,5155,66911,7.3,4.8,11.2,0.0,0.0251,0.035,0.64,0.0025,47.0,24.0
2024-03-19,구로구,4159,133587,6.4,4.2,10.3,0.5,0.0122,0.0307,0.34,0.0023,57.0,25.0
2024-03-19,금천구,2098,105592,6.7,4.6,10.0,0.0,0.0199,0.0395,0.36,0.0029,47.0,25.0
2024-03-19,노원구,6454,172646,7.1,2.0,11.5,0.0,0.0198,0.0353,0.38,0.0026,52.0,27.0
2024-03-19,도봉구,2152,96999,7.0,3.3,10.9,0.0,0.0149,0.045,0.49,0.0028,55.0,27.0
2024-03-19,동대문구,3505,111174,6.9,4.1,10.4,0.0,0.0183,0.0364,0.42,0.0022,45.0,22.0
2024-03-19,동작구,1810,96597,7.6,4.4,11.6,0.0,0.0172,0.0439,0.36,0.0024,45.0,26.0
2024-03-19,마포구,4588,270195,6.3,,,0.0,0.0198,0.0373,0.37,0.0025,47.0,24.0
2024-03-19,서대문구,2170,106218,6.3,3.4,10.5,0.0,0.0096,0.0526,0.42,0.0022,103.0,43.0
2024-03-19,서초구,2757,156433,7.1,4.8,11.9,0.5,0.0158,0.034,0.31,0.0021,74.0,29.0
2024-03-19,성동구,4006,136490,7.0,4.5,10.3,0.0,0.0205,0.0384,0.39,0.0022,47.0,23.0
2024-03-19,성북구,2436,53528,6.1,3.1,9.4,0.0,0.013,0.0357,0.38,0.003,51.0,25.0
2024-03-19,송파구,9015,208725,7.4,4.8,11.6,0.0,0.021,0.037,0.37,0.0024,50.0,24.0
2024-03-19,양천구,6426,38481,7.0,4.9,10.6,0.0,0.0192,0.0396,0.44,0.0026,50.0,25.0
2024-03-19,영등포구,8957,333408,7.2,5.0,10.6,0.0,0.0185,0.0402,0.39,0.0026,44.0,26.0
2024-03-19,용산구,1712,0,7.3,4.8,11.2,0.0,0.0189,0.0377,0.39,0.0025,50.0,24.0
2024-03-19,은평구,2478,128184,6.2,1.5,10.0,0.0,0.0159,0.0392,0.41,0.0029,57.0,27.0
2024-03-19,종로구,4074,250639,5.6,3.0,10.0,0.5,0.0175,0.0406,0.39,0.0026,49.0,26.0
2024-03-19,중구,2708,290310,4.9,2.0,9.6,0.0,0.0198,0.0419,0.38,0.0027,41.0,27.0
2024-03-19,중랑구,2704,94676,7.1,4.5,10.5,0.0,0.0203,0.0333,0.38,0.0022,41.0,24.0
2024-03-20,강남구,3495,413597,5.5,2.6,9.8,0.0,0.0125,0.0404,0.34,0.0021,37.0,23.0
2024-03-20,강동구,4883,100680,5.3,2.1,9.8,0.0,0.012,0.0469,0.39,0.0024,34.0,18.0
2024-03-20,강북구,1423,51167,4.3,1.6,8.5,0.0,0.0062,0.0478,0.3,0.002,37.0,25.0
2024-03-20,강서구,14430,192530,5.3,2.3,9.9,0.0,0.0128,0.0377,0.33,0.0024,40.0,21.0
2024-03-20,관악구,2396,161095,3.3,-0.1,7.1,0.0,0.013,0.0395,0.33,0.002,41.0,23.0
2024-03-20,광진구,5639,67303,5.2,2.8,8.9,0.0,0.0144,0.0391,0.56,0.0024,37.0,23.0
2024-03-20,구로구,4580,135795,4.6,1.4,8.6,0.0,0.009,0.0316,0.31,0.0022,43.0,19.0
2024-03-20,금천구,2147,104589,4.9,2.6,8.2,0.0,0.0152,0.0406,0.33,0.0024,38.0,23.0
2024-03-20,노원구,7096,177049,4.9,-2.3,9.5,0.0,0.0111,0.0387,0.32,0.0023,40.0,26.0
2024-03-20,도봉구,2424,98767,4.8,1.5,9.4,0.0,0.0073,0.0469,0.39,0.0028,41.0,24.0
2024-03-20,동대문구,3870,114458,5.0,2.2,8.8,0.0,0.0108,0.036,0.37,0.0019,38.0,23.0
2024-03-20,동작구,2038,98121,5.5,2.5,9.6,0.0,0.0129,0.0437,0.32,0.0021,38.0,25.0
2024-03-20,마포구,5040,274495,4.5,1.0,10.3,0.0,0.014,0.0378,0.33,0.0021,38.0,23.0
2024-03-20,서대문구,2359,107406,4.0,0.6,9.6,0.0,0.0108,0.0408,0.33,0.0023,46.0,26.0
2024-03-20,서초구,3076,156382,5.3,2.7,9.2,0.0,0.01,0.0368,0.27,0.002,52.0,23.0
2024-03-20,성동구,4332,136971,5.0,2.3,9.2,0.0,0.0121,0.041,0.34,0.0022,37.0,22.0
2024-03-20,성북구,2610,54511,4.0,1.2,8.5,0.0,0.0061,0.037,0.43,0.0029,38.0,24.0
2024-03-20,송파구,9939,205621,5.1,2.8,8.7,0.0,0.0147,0.0395,0.33,0.002,40.0,24.0
2024-03-20,양천구,6684,38570,5.1,2.7,8.9,0.0,0.017,0.0382,0.4,0.0024,39.0,23.0
2024-03-20,영등포구,9678,338907,5.2,2.8,9.0,0.0,0.0133,0.0421,0.34,0.0022,35.0,24.0
2024-03-20,용산구,1916,0,5.2,2.3,8.7,0.0,0.0131,0.0382,0.37,0.002,41.0,24.0
2024-03-20,은평구,2657,130962,2.7,-2.9,8.6,0.0,0.0112,0.0391,0.37,0.0028,41.0,22.0
2024-03-20,종로구,4403,260129,3.4,0.8,7.3,0.0,0.0122,0.0408,0.36,0.0023,39.0,27.0
2024-03-20,중구,2980,295400,2.7,-0.2,7.9,0.0,0.0124,0.0433,0.32,0.0026,31.0,25.0
2024-03-20,중랑구,3126,96272,5.1,2.7,8.7,0.0,0.0132,0.037,0.36,0.002,33.0,23.0
2024-03-21,강남구,4024,424316,5.9,-0.5,12.2,0.0,0.0191,0.0411,0.35,0.0027,33.0,20.0
2024-03-21,강동구,5304,101663,5.9,-0.5,12.1,0.0,0.0257,0.0404,0.46,0.003,35.0,18.0
2024-03-21,강북구,1478,51579,4.2,-2.0,11.3,0.0,0.0156,0.0426,0.37,0.0023,35.0,21.0
2024-03-21,강서구,15017,196271,5.1,-1.1,11.9,0.0,0.0224,0.0361,0.36,0.0034,35.0,17.0
2024-03-21,관악구,2597,165917,3.0,-2.6,10.0,0.0,0.0247,0.0369,0.38,0.003,38.0,21.0
2024-03-21,광진구,6110,68504,6.4,1.2,11.9,0.0,0.0278,0.0342,0.56,0.0026,34.0,20.0
2024-03-21,구로구,4941,136974,5.0,-1.2,11.2,0.0,0.0171,0.0288,0.35,0.0028,40.0,19.0
2024-03-21,금천구,2343,105462,5.5,0.5,10.1,0.0,0.0279,0.0353,0.46,0.003,35.0,20.0
2024-03-21,노원구,7534,176778,3.6,-4.8,12.5,0.0,0.0249,0.0326,0.42,0.0029,37.0,24.0
2024-03-21,도봉구,2595,100573,4.7,-3.0,12.7,0.0,0.0189,0.0426,0.35,0.0031,37.0,22.0
2024-03-21,동대문구,4153,116444,6.1,1.2,11.6,0.0,0.021,0.0343,0.42,0.0025,35.0,20.0
2024-03-21,동작구,2237,98538,4.5,-2.4,12.1,0.0,0.0229,0.0414,0.37,0.0026,32.0,21.0
2024-03-21,마포구,6444,296065,5.8,,,0.0,0.0242,0.0347,0.38,0.0028,34.0,20.0
2024-03-21,서대문구,2614,109982,4.6,-1.2,11.4,0.0,0.02,0.0375,0.49,0.0042,39.0,25.0
2024-03-21,서초구,3442,162223,5.4,-0.8,11.8,0.0,0.019,0.0341,0.3,0.0023,44.0,21.0
2024-03-21,성동구,4898,139697,6.0,1.4,11.3,0.0,0.0248,0.0371,0.38,0.0025,33.0,19.0
2024-03-21,성북구,2838,55148,5.0,-0.9,10.2,0.0,0.0157,0.0347,0.49,0.0036,35.0,22.0
2024-03-21,송파구,10987,210971,6.5,1.9,11.7,0.0,0.0234,0.0369,0.36,0.0025,39.0,21.0
2024-03-21,양천구,6885,38609,5.9,1.4,11.2,0.0,0.0252,0.0363,0.44,0.0029,34.0,20.0
2024-03-21,영등포구,10488,342559,6.2,2.0,11.8,0.0,0.0222,0.0407,0.43,0.0028,30.0,20.0
2024-03-21,용산구,2198,0,5.7,1.0,11.2,0.0,0.0247,0.0337,0.4,0.0026,37.0,21.0
2024-03-21,은평구,2993,132628,2.9,-5.0,11.1,0.0,0.0191,0.037,0.39,0.0032,36.0,20.0
2024-03-21,종로구,4788,262576,4.1,-1.8,10.1,0.0,0.0209,0.0377,0.42,0.0028,33.0,23.0
2024-03-21,중구,3200,297716,4.5,-0.8,11.6,0.0,0.022,0.0403,0.36,0.003,28.0,23.0
2024-03-21,중랑구,3302,97429,6.3,1.0,11.5,0.0,0.025,0.0321,0.43,0.0024,31.0,22.0
2024-03-22,강남구,2638,431844,10.6,3.4,17.1,13.0,0.0293,0.032,0.4,0.0027,37.0,19.0
2024-03-22,강동구,3429,101644,10.3,3.9,15.4,8.0,0.0279,0.0401,0.49,0.0027,39.0,17.0
2024-03-22,강북구,927,50536,9.8,1.6,15.3,7.0,0.0224,0.0372,0.41,0.0023,39.0,18.0
2024-03-22,강서구,10757,196560,11.0,3.8,15.9,2.0,0.0259,0.0368,0.41,0.003,44.0,16.0
2024-03-22,관악구,1821,168965,9.4,1.6,14.6,2.5,0.024,0.0388,0.41,0.0031,43.0,19.0
2024-03-22,광진구,4077,70571,10.7,4.8,16.0,9.5,0.0299,0.0331,0.46,0.0025,39.0,18.0
2024-03-22,구로구,3500,134635,10.9,3.5,15.9,1.5,0.0166,0.0318,0.35,0.0027,50.0,15.0
2024-03-22,금천구,1593,103440,11.1,5.1,15.8,1.0,0.0273,0.0389,0.43,0.0028,38.0,16.0
2024-03-22,노원구,4779,176353,9.2,-1.2,15.6,13.0,0.0289,0.03,0.43,0.003,42.0,20.0
2024-03-22,도봉구,1753,99548,9.9,0.8,15.4,7.5,0.0248,0.0373,0.41,0.0032,41.0,21.0
2024-03-22,동대문구,2706,115536,10.4,4.1,15.7,10.0,0.0291,0.0297,0.44,0.0025,43.0,18.0
2024-03-22,동작구,1493,101335,,1.2,17.0,4.5,0.0241,0.041,0.37,0.0027,38.0,18.0
2024-03-22,마포구,3657,287291,10.6,4.5,16.5,4.5,0.0273,0.0356,0.41,0.0027,43.0,18.0
2024-03-22,서대문구,1778,109290,9.9,3.3,15.1,5.0,0.0192,0.0446,0.39,0.0027,50.0,22.0
2024-03-22,서초구,2281,173012,10.6,3.5,16.8,8.5,0.0224,0.0322,0.34,0.0023,56.0,20.0
2024-03-22,성동구,2996,140721,10.5,4.8,15.7,8.5,0.0277,0.0361,0.4,0.0028,41.0,18.0
2024-03-22,성북구,1784,54066,9.7,3.5,14.7,6.5,0.0228,0.0302,0.46,0.0033,43.0,20.0
2024-03-22,송파구,7053,211595,10.9,5.0,16.4,11.0,0.0292,0.0303,0.39,0.0026,39.0,17.0
2024-03-22,양천구,5322,38589,11.1,5.5,15.7,3.0,0.0264,0.0395,0.45,0.003,42.0,16.0
2024-03-22,영등포구,7185,350411,11.3,5.7,15.9,3.0,0.0264,0.0391,0.44,0.0028,39.0,19.0
2024-03-22,용산구,1413,0,10.9,4.7,16.0,4.0,0.0293,0.0334,0.41,0.0027,44.0,18.0
2024-03-22,은평구,1934,130603,10.1,-0.3,15.1,4.0,0.017,0.0423,0.42,0.0032,46.0,18.0
2024-03-22,종로구,3244,266013,9.9,2.8,15.5,3.0,0.0263,0.0356,0.43,0.0028,41.0,20.0
2024-03-22,중구,2123,296891,8.7,2.6,14.8,6.5,0.0309,0.0357,0.43,0.0032,37.0,21.0
2024-03-22,중랑구,2174,98271,10.5,4.7,15.5,9.5,0.0228,0.0343,0.38,0.0024,34.0,19.0
2024-03-23,강남구,4239,265088,13.6,9.9,18.5,0.0,0.0184,0.0537,0.38,0.0022,59.0,29.0
2024-03-23,강동구,5536,70400,13.3,9.6,18.0,0.5,0.0193,0.0604,0.53,0.002,62.0,28.0
2024-03-23,강북구,1675,42199,12.5,7.5,18.7,0.0,0.0096,0.0534,0.36,0.002,48.0,20.0
2024-03-23,강서구,12042,140343,12.5,8.6,18.4,0.0,0.0164,0.0449,0.37,0.0024,55.0,22.0
2024-03-23,관악구,2779,140047,11.5,7.4,17.4,0.0,0.0184,0.0475,0.43,0.0024,63.0,26.0
2024-03-23,광진구,6651,64141,13.7,10.0,19.0,0.0,0.0172,0.0499,0.5,0.0027,57.0,24.0
2024-03-23,구로구,4441,92873,12.4,8.6,17.6,0.0,0.0102,0.0409,0.34,0.0021,67.0,27.0
2024-03-23,금천구,1665,43629,13.2,9.4,17.8,0.5,0.0186,0.0508,0.43,0.0024,58.0,22.0
2024-03-23,노원구,7717,137465,12.2,5.5,19.4,0.5,0.0155,0.0444,0.36,0.0023,50.0,21.0
2024-03-23,도봉구,2842,80611,13.3,7.6,22.1,0.0,0.012,0.0564,0.39,0.0034,51.0,25.0
2024-03-23,동대문구,3880,89121,13.6,9.4,18.2,0.5,0.0147,0.0448,0.4,0.0023,59.0,24.0
2024-03-23,동작구,2875,80886,12.7,,,0.0,0.016,0.0552,0.37,0.002,58.0,27.0
2024-03-23,마포구,7571,250783,13.6,,,0.0,0.019,0.0452,0.37,0.0022,54.0,21.0
2024-03-23,서대문구,2673,85858,12.2,8.2,18.0,0.0,0.013,0.0514,0.47,0.0024,59.0,31.0
2024-03-23,서초구,3920,146940,13.3,9.5,18.2,0.5,0.0157,0.0436,0.33,0.0018,72.0,32.0
2024-03-23,성동구,5664,108124,13.6,9.5,17.7,0.0,0.0194,0.048,0.38,0.0024,60.0,24.0
2024-03-23,성북구,2646,38059,12.5,8.6,18.2,0.5,0.0108,0.048,0.35,0.0027,57.0,27.0
2024-03-23,송파구,12970,158414,14.0,10.4,18.3,0.5,0.0181,0.0481,0.39,0.0029,60.0,25.0
2024-03-23,양천구,7197,26462,12.9,9.0,17.4,0.0,0.019,0.0483,0.44,0.0023,58.0,21.0
2024-03-23,영등포구,10987,241196,13.4,9.5,18.3,0.0,0.0161,0.0503,0.4,0.0022,52.0,23.0
2024-03-23,용산구,3773,0,13.4,9.9,18.4,0.5,0.0167,0.0481,0.42,0.0021,60.0,25.0
2024-03-23,은평구,3280,102312,11.2,6.5,18.2,0.5,0.0117,0.048,0.5,0.0027,62.0,28.0
2024-03-23,종로구,3668,212310,12.3,8.5,18.0,0.0,0.0128,0.0517,0.38,0.0022,59.0,25.0
2024-03-23,중구,2417,190116,11.9,7.5,18.0,0.0,0.0136,0.0552,0.34,0.0024,48.0,24.0
2024-03-23,중랑구,3534,75851,13.7,9.8,18.7,0.5,0.0172,0.043,0.39,0.002,46.0,24.0
2024-03-24,강남구,4771,156817,15.8,8.0,23.5,0.0,0.0164,0.044,0.36,0.0022,30.0,16.0
2024-03-24,강동구,5949,51055,16.4,10.4,22.6,0.0,0.0202,0.0432,0.53,0.002,26.0,9.0
2024-03-24,강북구,1845,32466,14.3,7.5,22.8,0.0,0.0124,0.0393,0.35,0.002,24.0,11.0
2024-03-24,강서구,12320,106030,14.3,6.9,23.3,0.0,0.025,0.032,0.5,0.0029,39.0,18.0
2024-03-24,관악구,3471,101694,14.7,8.5,22.9,0.0,0.0243,0.0352,0.5,0.0025,38.0,17.0
2024-03-24,광진구,8232,48077,16.8,10.7,23.5,0.0,0.0164,0.0414,0.41,0.0026,29.0,12.0
2024-03-24,구로구,4914,68193,15.7,7.8,23.5,0.0,0.0144,0.0321,0.37,0.0022,38.0,14.0
2024-03-24,금천구,1771,32340,17.1,11.7,23.5,0.0,0.0242,0.0371,0.47,0.0026,33.0,14.0
2024-03-24,노원구,7704,102469,12.7,4.2,23.2,0.0,0.0203,0.0293,0.45,0.0027,30.0,14.0
2024-03-24,도봉구,3012,64644,14.5,6.6,25.0,0.0,0.0127,0.045,0.37,0.0033,28.0,14.0
2024-03-24,동대문구,4296,66792,15.8,10.0,23.2,0.0,0.0215,0.0326,0.43,0.0025,33.0,14.0
2024-03-24,동작구,3520,55368,14.8,6.8,24.5,0.0,0.0246,0.036,0.44,0.0021,31.0,15.0
2024-03-24,마포구,9656,186544,17.0,12.0,23.8,0.0,0.027,0.0328,0.44,0.0025,37.0,18.0
2024-03-24,서대문구,3019,61014,16.1,10.2,23.6,0.0,0.013,0.0467,0.43,0.0031,31.0,17.0
2024-03-24,서초구,5495,123046,16.0,8.5,23.1,0.0,0.0189,0.0335,0.37,0.0018,38.0,16.0
2024-03-24,성동구,7175,82905,16.5,11.0,23.4,0.0,0.0191,0.0409,0.37,0.0026,31.0,14.0
2024-03-24,성북구,3075,28282,15.9,10.1,22.0,0.0,0.0164,0.0328,0.36,0.0028,28.0,13.0
2024-03-24,송파구,15070,114461,16.7,11.1,23.8,0.0,0.0226,0.0321,0.42,0.0023,35.0,14.0
2024-03-24,양천구,7441,19594,16.4,10.0,22.6,0.0,0.0312,0.0318,0.64,0.0027,39.0,18.0
2024-03-24,영등포구,13657,178202,16.9,11.1,23.4,0.0,0.0252,0.0364,0.48,0.0023,34.0,18.0
2024-03-24,용산구,5045,0,16.4,9.5,23.8,0.0,0.0187,0.0393,0.4,0.0022,35.0,16.0
2024-03-24,은평구,3699,76236,12.8,5.7,22.6,0.0,0.016,0.037,0.49,0.0025,30.0,14.0
2024-03-24,종로구,4107,152313,16.0,10.6,22.4,0.0,0.0177,0.0397,0.4,0.0023,29.0,17.0
2024-03-24,중구,2668,144300,14.8,9.7,20.6,0.0,0.0187,0.0432,0.36,0.0026,25.0,14.0
2024-03-24,중랑구,3972,55517,,10.2,23.0,0.0,0.0165,0.0342,0.36,0.0019,25.0,13.0
2024-03-25,강남구,1790,402817,11.1,7.4,14.5,6.5,0.0186,0.0363,0.3,0.0021,19.0,9.0
2024-03-25,강동구,2566,98370,10.4,6.5,15.8,6.0,0.0137,0.0438,0.45,0.002,12.0,3.0
2024-03-25,강북구,746,48304,10.2,7.0,13.1,4.5,0.0139,0.0331,0.32,0.0019,17.0,8.0
2024-03-25,강서구,7532,189237,11.9,7.4,15.0,2.5,0.018,0.0336,0.37,0.0022,21.0,7.0
2024-03-25,관악구,1125,152024,9.9,6.1,13.9,6.0,0.0169,0.0343,0.36,0.0022,22.0,9.0
2024-03-25,광진구,3411,63873,11.0,7.1,15.9,6.0,0.0184,0.0342,0.39,0.0026,18.0,7.0
2024-03-25,구로구,2375,130551,11.0,7.1,14.9,6.0,0.0102,0.0299,0.29,0.002,19.0,5.0
2024-03-25,금천구,1113,103780,11.2,7.1,16.0,6.0,0.0138,0.0411,0.34,0.0023,20.0,8.0
2024-03-25,노원구,3511,168145,9.5,6.8,13.2,5.5,0.0135,0.035,0.29,0.0023,17.0,8.0
2024-03-25,도봉구,1221,93775,10.5,7.2,13.5,5.0,0.0153,0.0384,0.36,0.0031,18.0,9.0
2024-03-25,동대문구,1948,108767,10.7,6.8,16.2,5.0,0.0175,0.0315,0.33,0.0022,18.0,7.0
2024-03-25,동작구,1069,94203,,,,3.5,0.0173,0.0368,0.31,0.0019,20.0,9.0
2024-03-25,마포구,2589,261510,10.7,6.6,16.1,4.0,0.0156,0.0389,0.31,0.0022,20.0,8.0
2024-03-25,서대문구,1332,101235,9.9,5.6,14.6,5.5,0.0131,0.0381,0.3,0.0023,20.0,13.0
2024-03-25,서초구,1682,154210,10.9,7.1,14.9,6.5,0.0125,0.0339,0.26,0.0016,20.0,6.0
2024-03-25,성동구,2211,131235,10.9,7.1,15.9,4.5,0.016,0.0384,0.29,0.0026,17.0,7.0
2024-03-25,성북구,1339,53289,10.1,6.3,15.4,5.0,0.0156,0.03,0.33,0.0026,19.0,9.0
2024-03-25,송파구,5405,202121,11.6,7.5,16.1,5.0,0.0168,0.0341,0.31,0.0025,20.0,7.0
2024-03-25,양천구,3358,37239,11.3,7.5,15.8,5.0,0.0179,0.0365,0.38,0.0022,20.0,6.0
2024-03-25,영등포구,5147,327117,11.5,7.5,16.7,5.5,0.0181,0.0365,0.34,0.002,20.0,9.0
2024-03-25,용산구,1037,0,11.2,7.3,14.9,5.0,0.0167,0.0355,0.3,0.002,19.0,7.0
2024-03-25,은평구,1374,126103,9.8,6.5,13.1,6.5,0.0111,0.0386,0.42,0.0025,18.0,7.0
2024-03-25,종로구,2198,245328,9.7,5.5,14.7,5.5,0.0145,0.0376,0.34,0.0022,16.0,9.0
2024-03-25,중구,1516,285230,8.8,4.7,14.1,2.0,0.0192,0.0364,0.32,0.0026,16.0,9.0
2024-03-25,중랑구,1638,93606,10.7,6.9,15.9,4.0,0.0125,0.0345,0.29,0.0019,16.0,7.0
2024-03-26,강남구,3185,413607,7.8,2.9,12.6,16.0,0.0146,0.039,0.28,0.0019,6.0,2.0
2024-03-26,강동구,3767,100139,7.1,2.5,11.9,12.0,0.0123,0.045,0.39,0.0019,3.0,1.0
2024-03-26,강북구,1117,50503,6.2,2.2,11.8,12.0,0.0088,0.0407,0.26,0.0018,4.0,2.0
2024-03-26,강서구,10348,192137,7.0,2.1,12.9,9.0,0.0153,0.0348,0.29,0.0022,6.0,3.0
2024-03-26,관악구,1702,159138,6.5,2.2,12.4,17.0,0.0162,0.0358,0.34,0.0019,8.0,4.0
2024-03-26,광진구,4498,66965,7.6,3.2,11.8,11.0,0.0118,0.0386,0.36,0.0024,5.0,1.0
2024-03-26,구로구,3351,133108,6.9,2.0,12.5,14.5,0.0113,0.0284,0.29,0.0019,8.0,1.0
2024-03-26,금천구,1633,105157,7.8,3.4,13.2,16.5,0.0179,0.0379,0.29,0.0021,7.0,3.0
2024-03-26,노원구,5569,172798,6.2,2.3,12.3,10.0,0.0129,0.0328,0.28,0.002,7.0,3.0
2024-03-26,도봉구,1830,97171,7.0,2.7,13.7,13.5,0.01,0.0424,0.32,0.003,6.0,4.0
2024-03-26,동대문구,2910,112710,7.3,2.6,12.1,11.5,0.0146,0.032,0.3,0.0017,6.0,2.0
2024-03-26,동작구,1531,96420,8.0,3.6,13.7,13.0,0.0155,0.0388,0.28,0.0018,6.0,3.0
2024-03-26,마포구,4372,272192,6.8,2.5,13.6,13.0,0.016,0.0397,0.28,0.0019,7.0,3.0
2024-03-26,서대문구,1739,106461,5.9,2.0,12.4,13.0,0.0124,0.0386,0.24,0.002,10.0,7.0
2024-03-26,서초구,2707,154813,7.8,3.3,12.4,15.0,0.0138,0.0321,0.28,0.0016,8.0,2.0
2024-03-26,성동구,3865,136874,7.4,2.6,13.0,14.0,0.0142,0.0383,0.27,0.0024,6.0,3.0
2024-03-26,성북구,1894,53543,6.1,1.8,10.6,16.0,0.0099,0.0348,0.46,0.0026,6.0,3.0
2024-03-26,송파구,7998,213457,7.9,2.9,13.0,12.0,0.0122,0.0383,0.27,0.0018,6.0,2.0
2024-03-26,양천구,5005,38497,7.5,2.2,12.4,14.0,0.0174,0.0372,0.32,0.0021,7.0,4.0
2024-03-26,영등포구,7960,332987,7.9,2.8,12.8,13.0,0.0174,0.0362,0.31,0.0018,7.0,3.0
2024-03-26,용산구,1798,0,,,,13.5,0.015,0.0364,0.29,0.0018,7.0,3.0
2024-03-26,은평구,1984,129198,5.9,1.6,12.1,16.0,0.0097,0.0377,0.41,0.0024,6.0,3.0
2024-03-26,종로구,3394,252810,6.3,1.6,11.2,13.0,0.0124,0.0385,0.31,0.0019,5.0,3.0
2024-03-26,중구,2450,298488,5.1,0.6,9.8,,0.0151,0.0382,0.26,0.0022,4.0,3.0
2024-03-26,중랑구,2481,95649,7.4,2.8,12.0,14.5,0.0134,0.0333,0.28,0.0017,5.0,2.0
2024-03-27,강남구,5185,421423,11.1,4.7,17.5,0.0,0.0263,0.0288,0.37,0.0024,22.0,15.0
2024-03-27,강동구,5968,101126,10.5,4.0,16.7,0.0,0.0257,0.0307,0.48,0.0024,25.0,14.0
2024-03-27,강북구,1737,51996,9.7,3.0,16.4,0.0,0.0192,0.0304,0.39,0.0023,21.0,12.0
2024-03-27,강서구,16993,196974,10.4,3.7,16.9,0.0,0.0275,0.0274,0.43,0.0031,25.0,15.0
2024-03-27,관악구,2800,164637,9.0,2.9,16.2,0.0,0.0279,0.0267,0.48,0.0027,29.0,17.0
2024-03-27,광진구,7395,69351,11.1,5.2,16.9,0.0,0.0264,0.0274,0.49,0.0028,21.0,12.0
2024-03-27,구로구,5413,137186,10.3,4.3,16.7,0.0,0.0201,0.0161,0.38,0.0024,30.0,17.0
2024-03-27,금천구,2705,106435,11.0,6.0,17.0,0.0,0.0271,0.0261,0.47,0.0028,28.0,17.0
2024-03-27,노원구,8250,179835,9.3,0.6,16.8,0.0,0.0243,0.0245,0.43,0.0027,24.0,15.0
2024-03-27,도봉구,3097,101959,9.9,2.5,17.3,0.0,0.0227,0.0297,0.48,0.0034,26.0,17.0
2024-03-27,동대문구,4784,119177,10.9,5.0,16.4,0.0,0.0268,0.0233,0.42,0.0024,23.0,13.0
2024-03-27,동작구,2670,99203,10.4,3.5,17.5,0.0,0.0265,0.0301,0.4,0.0024,26.0,17.0
2024-03-27,마포구,6810,280006,11.0,5.8,17.7,0.0,0.0287,0.0293,0.42,0.0025,22.0,14.0
2024-03-27,서대문구,2852,108837,9.9,4.0,16.1,0.0,0.024,0.027,0.43,0.003,31.0,23.0
2024-03-27,서초구,4312,157943,10.7,4.6,17.2,0.0,0.0247,0.0262,0.46,0.0023,36.0,20.0
2024-03-27,성동구,6017,141993,11.0,5.6,16.6,0.0,0.0282,0.0261,0.4,0.0027,23.0,14.0
2024-03-27,성북구,3092,55282,9.7,4.3,15.5,0.0,0.0233,0.0229,0.56,0.0031,26.0,15.0
2024-03-27,송파구,12749,220038,11.3,5.2,17.3,0.0,0.0255,0.0251,0.38,0.0023,24.0,12.0
2024-03-27,양천구,7936,39079,10.9,6.3,16.4,0.0,0.0285,0.029,0.41,0.0029,25.0,15.0
2024-03-27,영등포구,12914,342133,11.3,7.0,17.1,0.0,0.0261,0.0302,0.41,0.0025,23.0,17.0
2024-03-27,용산구,2887,0,,,,0.0,0.0287,0.0246,0.42,0.0024,23.0,13.0
2024-03-27,은평구,3375,133927,8.6,1.2,16.1,0.0,0.0194,0.0279,0.54,0.0029,31.0,21.0
2024-03-27,종로구,5658,270926,10.0,4.5,16.4,0.0,0.0261,0.0261,0.44,0.0026,23.0,15.0
2024-03-27,중구,3997,303481,9.4,4.0,16.0,0.0,0.0294,0.023,0.4,0.0028,18.0,15.0
2024-03-27,중랑구,4005,98783,10.9,4.9,16.6,0.0,0.026,0.0235,0.41,0.0021,20.0,13.0
2024-03-28,강남구,3157,440891,10.7,8.7,12.1,1.5,0.0309,0.0224,0.44,0.0025,23.0,16.0
2024-03-28,강동구,3264,106327,10.1,8.7,11.2,1.5,0.0323,0.0217,0.55,0.0021,26.0,19.0
2024-03-28,강북구,1287,63512,9.7,7.6,11.6,1.5,0.0215,0.0233,0.42,0.0022,18.0,13.0
2024-03-28,강서구,10373,209368,10.9,7.6,12.9,2.0,0.0266,0.0265,0.45,0.003,19.0,10.0
2024-03-28,관악구,2118,170317,9.2,6.6,11.1,1.0,0.0248,0.0279,0.46,0.0027,19.0,12.0
2024-03-28,광진구,4304,73213,10.8,9.4,12.0,2.0,0.0358,0.0166,0.6,0.0029,24.0,16.0
2024-03-28,구로구,3350,144879,10.4,7.4,13.0,2.0,0.0198,0.0223,0.36,0.0026,24.0,13.0
2024-03-28,금천구,1668,112983,10.7,7.6,12.5,1.5,0.0273,0.0256,0.49,0.0029,19.0,11.0
2024-03-28,노원구,5792,182870,9.8,8.1,11.6,1.5,0.0283,0.0175,0.44,0.0027,24.0,16.0
2024-03-28,도봉구,1949,106189,9.9,7.2,11.9,1.5,0.0248,0.0231,0.49,0.0031,22.0,18.0
2024-03-28,동대문구,3539,129440,10.5,8.5,11.7,1.5,0.0312,0.0181,0.51,0.0028,26.0,16.0
2024-03-28,동작구,1740,105918,10.7,8.4,12.7,1.5,0.0242,0.0288,0.39,0.0024,17.0,11.0
2024-03-28,마포구,4081,301546,10.3,7.5,12.1,2.0,0.0279,0.0289,0.42,0.0027,18.0,12.0
2024-03-28,서대문구,2357,129937,9.6,6.6,11.9,1.5,0.0265,0.0233,0.43,0.0027,25.0,21.0
2024-03-28,서초구,2519,167958,10.4,8.2,12.5,1.5,0.0234,0.0245,0.47,0.0025,28.0,19.0
2024-03-28,성동구,3390,145968,10.6,8.6,11.7,1.0,0.03,0.0204,0.43,0.0027,26.0,15.0
2024-03-28,성북구,2256,66974,9.6,7.3,11.2,2.0,0.0265,0.0168,0.57,0.0029,26.0,16.0
2024-03-28,송파구,6932,232406,10.9,9.1,12.4,1.0,0.0292,0.0179,0.42,0.0024,22.0,12.0
2024-03-28,양천구,5670,45740,10.9,8.3,12.5,2.0,0.0288,0.0268,0.42,0.0029,21.0,11.0
2024-03-28,영등포구,6936,353936,11.2,8.6,12.6,2.5,0.0267,0.0275,0.42,0.0026,19.0,14.0
2024-03-28,용산구,1804,0,10.9,8.9,12.3,1.5,0.032,0.0185,0.47,0.0027,20.0,12.0
2024-03-28,은평구,2532,147085,9.6,6.4,12.9,1.5,0.0212,0.0251,0.58,0.0028,24.0,17.0
2024-03-28,종로구,3636,276503,9.6,6.5,11.9,1.5,0.0272,0.0221,0.49,0.0029,24.0,16.0
2024-03-28,중구,2243,314527,8.7,6.0,10.6,1.5,0.029,0.0183,0.45,0.0029,19.0,16.0
2024-03-28,중랑구,2538,106893,10.4,8.8,11.7,1.5,0.0265,0.02,0.44,0.0023,21.0,15.0
2024-03-29,강남구,3248,432392,8.4,5.5,13.2,1.5,0.0215,0.0353,0.42,0.0022,236.0,49.0
2024-03-29,강동구,4064,100911,8.3,5.7,12.3,2.5,0.0226,0.0367,0.56,0.002,290.0,50.0
2024-03-29,강북구,1151,50364,7.2,2.8,12.5,2.5,0.0165,0.0355,0.4,0.0021,265.0,35.0
2024-03-29,강서구,12043,197562,8.1,4.5,13.4,1.0,0.0206,0.0323,0.41,0.0023,230.0,45.0
2024-03-29,관악구,1890,168751,6.4,1.8,10.9,2.0,0.0196,0.033,0.47,0.0022,242.0,43.0
2024-03-29,광진구,4729,72408,8.6,6.1,13.0,1.5,0.0252,0.032,0.52,0.0025,260.0,41.0
2024-03-29,구로구,3696,135284,7.8,4.8,13.0,2.0,0.0146,0.0286,0.35,0.002,261.0,43.0
2024-03-29,금천구,1716,103148,7.9,5.7,11.9,1.5,0.0208,0.0334,0.46,0.0026,217.0,36.0
2024-03-29,노원구,5724,173963,7.5,1.1,13.2,1.0,0.0201,0.0293,0.4,0.0023,281.0,51.0
2024-03-29,도봉구,1986,97778,7.2,2.8,13.2,3.5,0.018,0.0356,0.45,0.0028,276.0,50.0
2024-03-29,동대문구,3210,115127,8.2,5.9,13.0,1.5,0.0214,0.0272,0.45,0.0021,243.0,35.0
2024-03-29,동작구,1659,101234,8.2,2.5,13.5,1.0,0.0183,0.0368,0.39,0.002,219.0,41.0
2024-03-29,마포구,3906,295667,7.9,5.1,13.1,1.0,0.0216,0.037,0.4,0.0022,233.0,34.0
2024-03-29,서대문구,1820,108829,7.2,4.0,12.2,1.0,0.0208,0.0347,0.38,0.002,246.0,52.0
2024-03-29,서초구,2722,171461,8.0,5.0,13.0,1.5,0.0175,0.033,0.45,0.002,285.0,53.0
2024-03-29,성동구,3638,145778,8.3,5.7,12.7,2.5,0.0221,0.0314,0.43,0.002,241.0,36.0
2024-03-29,성북구,2025,54100,7.1,4.5,11.4,1.5,0.0169,0.0282,0.61,0.0027,266.0,49.0
2024-03-29,송파구,7933,225171,8.6,6.1,13.2,2.0,0.0218,0.0295,0.41,0.0021,268.0,42.0
2024-03-29,양천구,6060,38401,8.3,5.9,12.6,2.0,0.0225,0.0337,0.41,0.0023,226.0,34.0
2024-03-29,영등포구,7796,351108,8.5,6.1,13.2,1.5,0.0192,0.0363,0.4,0.0021,197.0,47.0
2024-03-29,용산구,1686,0,8.5,6.1,13.0,2.5,0.0218,0.0313,0.43,0.0022,249.0,40.0
2024-03-29,은평구,2255,129888,6.3,0.8,12.9,0.0,0.0175,0.0326,0.49,0.0026,262.0,50.0
2024-03-29,종로구,3386,265803,6.6,3.8,12.1,1.5,0.0176,0.0344,0.44,0.0024,239.0,76.0
2024-03-29,중구,2403,303380,6.2,3.3,11.8,2.0,0.0217,0.0257,0.4,0.0025,204.0,45.0
2024-03-29,중랑구,2786,98382,8.4,6.0,12.8,2.0,0.0228,0.0273,0.44,0.002,190.0,41.0
2024-03-30,강남구,3883,256969,9.5,3.1,17.0,0.0,0.0251,0.035,0.41,0.0026,89.0,25.0
2024-03-30,강동구,5302,69622,9.4,3.1,17.0,0.0,0.0255,0.038,0.56,0.0023,94.0,22.0
2024-03-30,강북구,1589,41731,8.3,1.6,16.5,0.0,0.0153,0.038,0.39,0.0022,78.0,16.0
2024-03-30,강서구,11451,142586,9.5,3.0,17.1,0.0,0.0246,0.0328,0.48,0.0027,99.0,25.0
2024-03-30,관악구,2526,136573,7.6,0.7,15.5,0.0,0.0265,0.0316,0.49,0.0024,101.0,25.0
2024-03-30,광진구,5890,63652,9.8,4.8,16.8,0.0,0.026,0.0346,0.47,0.0021,88.0,26.0
2024-03-30,구로구,4105,92594,8.9,2.7,16.9,0.0,0.0186,0.028,0.36,0.0024,110.0,25.0
2024-03-30,금천구,1431,43241,9.4,4.6,16.5,0.0,0.0281,0.031,0.48,0.0028,89.0,21.0
2024-03-30,노원구,7389,134291,7.7,-1.0,16.8,0.0,0.0212,0.0303,0.42,0.0026,87.0,23.0
2024-03-30,도봉구,2759,79060,8.1,1.0,16.8,0.0,0.0169,0.0397,0.41,0.0028,87.0,22.0
2024-03-30,동대문구,3770,86398,9.5,3.9,16.0,0.0,0.0232,0.0302,0.44,0.0023,90.0,19.0
2024-03-30,동작구,2380,78010,8.7,0.8,16.9,0.0,0.0256,0.0337,0.41,0.0022,85.0,21.0
2024-03-30,마포구,6246,253971,9.3,4.6,17.3,0.0,0.0257,0.0375,0.41,0.0024,93.0,19.0
2024-03-30,서대문구,2557,86718,8.4,2.9,15.9,0.0,0.0245,0.0365,0.35,0.0024,89.0,26.0
2024-03-30,서초구,3427,144244,9.2,2.6,17.4,0.0,0.022,0.0323,0.45,0.0022,110.0,27.0
2024-03-30,성동구,4456,110089,9.6,4.8,16.3,0.0,0.024,0.0345,0.41,0.0023,88.0,21.0
2024-03-30,성북구,2461,37596,8.2,2.9,15.4,0.0,0.019,0.0305,0.59,0.0029,92.0,25.0
2024-03-30,송파구,10711,155262,9.7,4.5,16.4,0.0,0.0244,0.0306,0.41,0.0023,96.0,24.0
2024-03-30,양천구,7002,27021,9.7,5.1,16.5,0.0,0.0274,0.0341,0.44,0.0027,97.0,20.0
2024-03-30,영등포구,9429,246032,9.8,5.6,16.7,0.0,0.0237,0.0369,0.41,0.0024,83.0,26.0
2024-03-30,용산구,2794,0,9.5,2.7,16.3,0.0,0.0264,0.0307,0.44,0.0024,102.0,22.0
2024-03-30,은평구,3095,100651,7.0,-0.9,15.9,0.0,0.0185,0.0358,0.43,0.0028,93.0,24.0
2024-03-30,종로구,3702,218125,8.2,3.0,15.3,0.0,0.0223,0.0344,0.43,0.0026,89.0,22.0
2024-03-30,중구,2224,201746,7.6,3.0,15.8,0.0,0.0239,0.0284,0.39,0.0028,75.0,23.0
2024-03-30,중랑구,3420,74327,9.8,4.5,16.1,0.0,0.0202,0.0331,0.41,0.0023,73.0,21.0
2024-03-31,강남구,4734,157703,11.4,3.1,17.8,0.0,0.0152,0.0415,0.36,0.0024,39.0,12.0
2024-03-31,강동구,5777,51823,10.9,2.9,18.1,0.0,0.0147,0.0437,0.47,0.0024,41.0,7.0
2024-03-31,강북구,1751,32482,9.6,1.2,17.3,0.0,0.0097,0.042,0.33,0.0023,36.0,10.0
2024-03-31,강서구,11693,108029,10.2,1.8,17.4,0.0,0.0162,0.0372,0.39,0.0026,41.0,10.0
2024-03-31,관악구,3038,101189,9.1,0.5,16.2,0.0,0.0185,0.0356,0.43,0.0025,43.0,12.0
2024-03-31,광진구,7149,48211,11.7,5.1,17.9,0.0,0.0169,0.0371,0.37,0.0018,39.0,11.0
2024-03-31,구로구,4560,69570,10.3,2.8,16.8,0.0,0.0126,0.0323,0.32,0.0025,49.0,10.0
2024-03-31,금천구,1699,32008,11.5,4.4,17.1,0.0,0.0192,0.0366,0.49,0.0027,35.0,9.0
2024-03-31,노원구,7661,100518,9.0,-1.7,17.7,0.0,0.0128,0.0352,0.35,0.0025,41.0,13.0
2024-03-31,도봉구,2884,63713,10.0,0.6,20.5,0.0,0.0104,0.044,0.34,0.0027,43.0,11.0
2024-03-31,동대문구,4034,65944,11.2,4.4,17.1,0.0,0.0153,0.0345,0.39,0.0024,39.0,10.0
2024-03-31,동작구,3065,54707,10.5,1.1,18.2,0.0,0.0166,0.0396,0.36,0.0023,36.0,11.0
2024-03-31,마포구,7477,191833,11.0,4.4,18.7,0.0,0.0201,0.0382,0.39,0.0025,43.0,12.0
2024-03-31,서대문구,2818,62140,9.9,2.6,17.9,0.0,0.0169,0.0387,0.28,0.003,43.0,15.0
2024-03-31,서초구,4177,121951,10.9,2.1,17.6,0.0,0.015,0.0368,0.41,0.0022,51.0,12.0
2024-03-31,성동구,5715,84766,11.4,5.3,17.6,0.0,0.0151,0.0406,0.35,0.0024,40.0,11.0
2024-03-31,성북구,2543,28583,10.0,2.9,16.4,0.0,0.0116,0.036,0.48,0.0032,42.0,11.0
2024-03-31,송파구,13037,116676,11.9,5.3,17.8,0.0,0.0145,0.0384,0.35,0.0023,44.0,12.0
2024-03-31,양천구,7224,19477,11.4,4.9,17.0,0.0,0.0194,0.0375,0.38,0.0026,42.0,11.0
2024-03-31,영등포구,11529,188231,11.5,6.0,17.8,0.0,0.0164,0.041,0.35,0.0023,36.0,12.0
2024-03-31,용산구,3811,0,11.1,3.3,17.7,0.0,0.0165,0.0363,0.39,0.0023,46.0,12.0
2024-03-31,은평구,3416,76779,8.2,-1.7,16.8,0.0,0.0117,0.0378,0.36,0.0028,44.0,10.0
2024-03-31,종로구,3432,151008,10.2,2.5,16.4,0.0,0.0131,0.0402,0.35,0.0025,38.0,12.0
2024-03-31,중구,2248,148099,9.7,4.2,16.6,0.0,0.0151,0.0323,0.34,0.0029,33.0,12.0
2024-03-31,중랑구,3727,55572,11.4,4.5,17.2,0.0,0.0132,0.0369,0.35,0.0022,34.0,11.0
2024-04-01,강남구,5764,403104,12.5,5.3,19.9,0.0,0.0273,0.0374,0.39,0.0028,40.0,14.0
2024-04-01,강동구,6407,98350,12.9,5.9,19.7,0.0,0.0256,0.0425,0.5,0.0028,43.0,9.0
2024-04-01,강북구,1885,50661,11.2,4.0,18.9,0.0,0.013,0.0452,0.34,0.0025,37.0,12.0
2024-04-01,강서구,16579,191808,11.5,4.2,19.7,0.0,0.024,0.0335,0.37,0.0029,46.0,13.0
2024-04-01,관악구,3021,152921,10.0,3.4,17.9,0.0,0.0295,0.03,0.47,0.0029,44.0,14.0
2024-04-01,광진구,7816,66093,13.6,7.9,19.6,0.0,0.0292,0.035,0.38,0.0019,42.0,13.0
2024-04-01,구로구,5792,132693,11.7,5.1,19.1,0.0,0.0198,0.0283,0.34,0.0027,51.0,12.0
2024-04-01,금천구,2784,105492,12.9,7.1,18.9,0.0,0.0296,0.0298,0.46,0.0029,37.0,11.0
2024-04-01,노원구,9073,171546,10.2,0.7,20.4,0.0,0.0187,0.0393,0.36,0.0029,46.0,16.0
2024-04-01,도봉구,3280,97606,11.7,3.3,20.2,0.0,0.0157,0.0472,0.34,0.0029,45.0,14.0
2024-04-01,동대문구,4851,111387,13.1,7.2,19.0,0.0,0.0265,0.0323,0.43,0.0028,42.0,13.0
2024-04-01,동작구,3079,96398,11.4,3.2,19.8,0.0,0.027,0.0347,0.4,0.0025,38.0,13.0
2024-04-01,마포구,7535,273507,12.6,6.2,20.2,0.0,0.025,0.0376,0.37,0.0029,45.0,14.0
2024-04-01,서대문구,3245,106270,11.3,4.7,19.3,0.0,0.0243,0.0378,0.27,0.0034,41.0,15.0
2024-04-01,서초구,4841,149759,12.5,5.4,19.6,0.0,0.0256,0.0317,0.42,0.0025,62.0,17.0
2024-04-01,성동구,6433,141444,12.9,7.5,19.2,0.0,0.0313,0.0304,0.4,0.0028,42.0,13.0
2024-04-01,성북구,3147,52775,11.9,5.8,17.9,0.0,0.0234,0.0322,0.46,0.0034,47.0,14.0
2024-04-01,송파구,14045,202557,13.5,8.4,19.7,0.0,0.0307,0.029,0.42,0.0028,49.0,14.0
2024-04-01,양천구,8093,37725,12.7,7.0,18.6,0.0,0.0282,0.0336,0.4,0.0029,43.0,13.0
2024-04-01,영등포구,13844,331018,13.0,7.9,19.5,0.0,0.0264,0.0363,0.38,0.0026,37.0,14.0
2024-04-01,용산구,3229,0,12.4,5.7,19.0,0.0,0.0306,0.0292,0.45,0.0026,47.0,15.0
2024-04-01,은평구,3702,128234,9.2,0.5,18.9,0.0,0.0168,0.0381,0.35,0.0029,40.0,11.0
2024-04-01,종로구,5740,248592,11.7,5.4,18.6,0.0,0.0246,0.0354,0.43,0.0028,38.0,13.0
2024-04-01,중구,4028,290412,12.0,6.7,18.7,0.0,0.0276,0.0272,0.4,0.0031,33.0,14.0
2024-04-01,중랑구,4185,94899,13.4,7.8,19.4,0.0,0.0202,0.0377,0.37,0.0025,37.0,14.0
2024-04-02,강남구,6562,415958,15.4,6.6,25.2,0.0,0.0432,0.0309,0.51,0.0032,50.0,23.0
2024-04-02,강동구,7090,101490,15.2,6.3,24.1,0.0,0.0391,0.0418,0.59,0.0032,53.0,22.0
2024-04-02,강북구,2116,52132,14.4,5.3,24.1,0.0,0.0192,0.05,0.4,0.0028,44.0,22.0
2024-04-02,강서구,18454,195129,14.4,5.4,23.6,0.0,0.0391,0.0326,0.53,0.0036,48.0,17.0
2024-04-02,관악구,3501,160535,13.9,5.7,22.7,0.0,0.0437,0.0268,0.61,0.0033,50.0,21.0
2024-04-02,광진구,8665,67979,16.2,8.4,24.6,0.0,0.0409,0.0337,0.49,0.0023,47.0,22.0
2024-04-02,구로구,6431,135824,15.1,6.9,24.1,0.0,0.0275,0.03,0.41,0.0029,58.0,20.0
2024-04-02,금천구,3104,106926,15.9,8.6,24.4,0.0,0.0368,0.0353,0.48,0.0035,38.0,15.0
2024-04-02,노원구,9672,176953,13.1,1.6,24.9,0.0,0.0345,0.0338,0.49,0.0038,50.0,25.0
2024-04-02,도봉구,3374,100607,14.4,4.2,25.4,0.0,0.0255,0.0484,0.43,0.0033,51.0,26.0
2024-04-02,동대문구,5378,114381,16.1,7.5,24.4,0.0,0.0366,0.0349,0.49,0.0034,49.0,21.0
2024-04-02,동작구,3467,98218,13.9,4.6,24.7,0.0,0.0415,0.0296,0.51,0.0028,43.0,19.0
2024-04-02,마포구,8739,280127,16.5,9.6,24.7,0.0,0.0406,0.0375,0.5,0.0034,50.0,20.0
2024-04-02,서대문구,3531,109150,15.7,7.5,24.3,0.0,0.0339,0.0446,0.35,0.0039,52.0,25.0
2024-04-02,서초구,5508,159346,15.3,6.3,24.7,0.0,0.0398,0.0297,0.53,0.0027,67.0,26.0
2024-04-02,성동구,7303,145507,16.2,8.4,24.1,0.0,0.0411,0.0323,0.47,0.0041,49.0,20.0
2024-04-02,성북구,3546,54965,15.3,7.6,22.6,0.0,0.0297,0.0381,0.52,0.0038,56.0,25.0
2024-04-02,송파구,16275,216148,16.3,8.4,23.8,0.0,0.0401,0.0321,0.49,0.0032,56.0,22.0
2024-04-02,양천구,9122,39384,15.9,9.3,24.0,0.0,0.0384,0.0367,0.49,0.0034,47.0,18.0
2024-04-02,영등포구,15503,344876,16.4,10.1,24.1,0.0,0.0398,0.0337,0.49,0.0032,44.0,23.0
2024-04-02,용산구,3612,0,15.1,7.7,23.9,0.0,0.0458,0.0259,0.54,0.0033,54.0,23.0
2024-04-02,은평구,4039,132086,12.6,2.3,23.3,0.0,0.0238,0.0456,0.44,0.0035,51.0,22.0
2024-04-02,종로구,6379,259068,15.2,7.2,24.2,0.0,0.0352,0.0384,0.51,0.0036,48.0,24.0
2024-04-02,중구,4532,296731,15.0,7.8,23.8,0.0,0.0366,0.0313,0.46,0.0037,43.0,24.0
2024-04-02,중랑구,4634,98027,16.2,7.8,24.9,0.0,0.0286,0.0382,0.43,0.0028,41.0,22.0
2024-04-03,강남구,5049,410659,15.6,12.9,18.0,1.5,0.035,0.0285,0.43,0.0028,38.0,20.0
2024-04-03,강동구,6245,100224,15.8,13.4,18.5,0.0,0.0379,0.0292,0.59,0.0026,37.0,19.0
2024-04-03,강북구,2045,50434,15.6,12.0,20.3,0.0,0.0257,0.032,0.44,0.0027,34.0,18.0
2024-04-03,강서구,17790,192846,15.8,11.3,20.8,0.0,0.0397,0.0248,0.53,0.0033,51.0,22.0
2024-04-03,관악구,2943,158846,15.4,12.4,17.8,0.0,0.0385,0.0256,0.55,0.0031,44.0,22.0
2024-04-03,광진구,7901,66723,16.7,14.6,18.2,0.0,0.0376,0.0278,0.54,0.0025,36.0,18.0
2024-04-03,구로구,5993,134206,16.6,13.3,19.5,0.0,0.027,0.0243,0.39,0.0025,47.0,22.0
2024-04-03,금천구,2557,105252,16.7,15.1,19.0,0.0,0.032,0.0289,0.47,0.0031,28.0,14.0
2024-04-03,노원구,10001,174330,14.5,8.2,20.0,0.0,0.0342,0.0242,0.48,0.0034,44.0,25.0
2024-04-03,도봉구,3449,97523,15.6,11.0,20.7,0.0,0.0299,0.0328,0.53,0.0034,43.0,23.0
2024-04-03,동대문구,5171,112970,16.7,14.5,19.6,0.0,0.0353,0.0268,0.49,0.0033,42.0,21.0
2024-04-03,동작구,2988,97739,15.4,11.2,19.0,0.0,0.037,0.0265,0.46,0.0027,37.0,19.0
2024-04-03,마포구,7967,278157,16.6,14.9,19.0,0.0,0.0373,0.0314,0.48,0.003,41.0,20.0
2024-04-03,서대문구,3430,106346,16.3,13.4,19.9,0.0,0.0314,0.0371,0.41,0.0035,37.0,21.0
2024-04-03,서초구,4079,155030,15.8,13.5,18.0,0.5,0.0403,0.0203,0.54,0.0022,56.0,25.0
2024-04-03,성동구,6115,140220,16.2,14.8,18.1,0.0,0.0398,0.0231,0.44,0.0037,41.0,20.0
2024-04-03,성북구,3555,54255,16.2,13.8,19.0,0.0,0.0321,0.0246,0.55,0.0034,45.0,23.0
2024-04-03,송파구,12657,211641,16.5,15.1,18.2,0.0,0.0393,0.0195,0.46,0.0028,43.0,21.0
2024-04-03,양천구,8962,38337,17.0,13.8,19.3,0.0,0.0425,0.0257,0.52,0.0031,42.0,20.0
2024-04-03,영등포구,14118,339820,17.3,15.0,19.2,0.0,0.04,0.0252,0.48,0.0029,38.0,24.0
2024-04-03,용산구,3165,0,16.6,13.6,19.2,0.0,0.043,0.0234,0.52,0.0031,45.0,22.0
2024-04-03,은평구,3964,130323,15.8,8.2,20.6,0.0,0.0275,0.0329,0.52,0.0031,38.0,18.0
2024-04-03,종로구,5955,255404,15.9,13.9,18.2,0.0,0.0333,0.0301,0.51,0.0033,40.0,21.0
2024-04-03,중구,4044,294728,15.0,13.6,17.5,0.0,0.0354,0.0233,0.46,0.0034,35.0,23.0
2024-04-03,중랑구,4438,96124,17.0,15.1,19.1,0.0,0.0249,0.0312,0.39,0.0025,37.0,19.0
2024-04-04,강남구,6119,417509,15.8,12.3,20.7,0.0,0.0175,0.0462,0.32,0.0024,29.0,14.0
2024-04-04,강동구,7284,101448,15.1,12.7,19.4,0.0,0.0125,0.0559,0.41,0.0021,23.0,9.0
2024-04-04,강북구,2232,51928,14.9,11.1,20.6,0.0,0.0154,0.0412,0.35,0.0024,31.0,15.0
2024-04-04,강서구,18299,197013,15.8,11.8,21.2,0.0,0.0252,0.0343,0.47,0.0029,42.0,19.0
2024-04-04,관악구,3455,164381,14.2,10.5,18.7,0.0,0.0188,0.0409,0.4,0.0026,33.0,16.0
2024-04-04,광진구,8680,70020,15.8,13.3,20.6,0.0,0.0135,0.0488,0.4,0.0024,27.0,12.0
2024-04-04,구로구,6637,136045,15.6,12.0,20.2,0.0,0.0126,0.0366,0.31,0.0022,37.0,13.0
2024-04-04,금천구,3244,106662,16.1,13.6,20.6,0.0,0.0179,0.0387,0.36,0.0027,30.0,14.0
2024-04-04,노원구,10111,176421,14.1,8.6,20.2,0.0,0.0129,0.0426,0.3,0.0027,33.0,16.0
2024-04-04,도봉구,3601,99736,15.2,11.2,20.8,0.0,0.0138,0.0479,0.42,0.0032,33.0,16.0
2024-04-04,동대문구,5593,115993,15.4,12.8,20.7,0.0,0.0177,0.0386,0.36,0.0027,31.0,14.0
2024-04-04,동작구,3380,98831,15.5,10.5,21.7,0.0,0.0176,0.0432,0.34,0.0023,28.0,14.0
2024-04-04,마포구,8379,289111,15.6,12.9,21.7,0.0,0.0171,0.0493,0.35,0.0025,33.0,16.0
2024-04-04,서대문구,3519,112125,15.1,12.3,20.3,0.0,0.0165,0.0504,0.26,0.0025,32.0,18.0
2024-04-04,서초구,5492,163163,15.3,12.1,20.5,0.0,0.0183,0.0402,0.41,0.002,39.0,14.0
2024-04-04,성동구,7183,147556,15.6,13.2,20.3,0.0,0.015,0.0458,0.3,0.003,28.0,14.0
2024-04-04,성북구,3779,55028,14.6,11.7,19.0,0.0,0.0141,0.0401,0.39,0.0031,32.0,14.0
2024-04-04,송파구,16557,223100,15.9,13.5,20.5,0.0,0.0169,0.0413,0.33,0.0023,30.0,13.0
2024-04-04,양천구,9376,39027,16.0,13.6,20.0,0.0,0.023,0.0407,0.4,0.0026,37.0,18.0
2024-04-04,영등포구,15079,353821,16.5,13.8,21.1,0.0,0.0185,0.0432,0.37,0.0023,31.0,19.0
2024-04-04,용산구,3603,0,16.0,13.5,21.4,0.0,0.0166,0.0424,0.35,0.0025,32.0,14.0
2024-04-04,은평구,4204,133187,14.8,9.9,20.3,0.0,0.0133,0.043,0.45,0.0027,33.0,15.0
2024-04-04,종로구,6317,262300,15.1,12.3,19.9,0.0,0.0143,0.0455,0.35,0.0027,29.0,15.0
2024-04-04,중구,4481,301856,13.6,11.0,18.4,0.0,0.0188,0.0358,0.35,0.003,27.0,17.0
2024-04-04,중랑구,4914,98638,15.2,12.8,19.6,0.0,0.0122,0.0424,0.31,0.0021,26.0,14.0
2024-04-05,강남구,6704,423105,14.1,10.2,19.1,0.0,0.016,0.0506,0.33,0.0026,38.0,20.0
2024-04-05,강동구,7494,102883,14.2,11.4,19.3,0.0,0.013,0.0579,0.44,0.0026,34.0,17.0
2024-04-05,강북구,2281,52440,13.5,8.7,18.9,0.0,0.014,0.052,0.33,0.0024,38.0,19.0
2024-04-05,강서구,18853,201290,13.9,9.2,19.5,0.0,0.0184,0.0462,0.38,0.0026,42.0,19.0
2024-04-05,관악구,3447,170227,12.2,7.1,17.1,0.0,0.017,0.0483,0.4,0.0027,44.0,22.0
2024-04-05,광진구,8633,72885,14.7,12.5,19.5,0.0,0.0177,0.0471,0.43,0.0027,39.0,20.0
2024-04-05,구로구,7214,137409,13.8,9.5,18.9,0.0,0.0116,0.0411,0.31,0.0024,46.0,17.0
2024-04-05,금천구,3192,104909,13.8,10.7,18.4,0.0,0.0164,0.0502,0.41,0.0029,39.0,19.0
2024-04-05,노원구,10293,177807,13.7,6.9,20.1,0.0,0.0142,0.0448,0.33,0.0027,43.0,23.0
2024-04-05,도봉구,3797,101861,14.1,9.5,19.2,0.0,0.0139,0.0508,0.41,0.0032,40.0,20.0
2024-04-05,동대문구,5464,117879,14.3,11.2,19.0,0.0,0.0181,0.042,0.36,0.0028,40.0,19.0
2024-04-05,동작구,3403,103914,14.0,8.1,19.7,0.0,0.0141,0.0542,0.32,0.0024,37.0,20.0
2024-04-05,마포구,8851,301920,13.9,10.4,20.7,0.0,0.0177,0.0529,0.33,0.0025,41.0,21.0
2024-04-05,서대문구,3756,112352,13.1,8.7,19.1,0.0,0.019,0.0486,0.32,0.0024,44.0,23.0
2024-04-05,서초구,5968,177190,14.1,10.4,19.1,0.0,0.0147,0.0447,0.39,0.0024,56.0,21.0
2024-04-05,성동구,7334,155598,14.1,11.1,18.8,0.0,0.0187,0.0457,0.33,0.0027,38.0,19.0
2024-04-05,성북구,3775,54789,13.3,9.8,17.6,0.0,0.0137,0.0443,0.39,0.0031,40.0,19.0
2024-04-05,송파구,17406,225548,14.7,12.3,19.5,0.0,0.0161,0.0474,0.33,0.0025,39.0,19.0
2024-04-05,양천구,10184,39511,14.0,11.0,18.2,0.0,0.0185,0.0495,0.34,0.0026,40.0,20.0
2024-04-05,영등포구,16510,369395,14.4,11.7,19.0,0.0,0.0181,0.0464,0.34,0.0024,38.0,22.0
2024-04-05,용산구,3818,0,14.5,11.5,18.7,0.0,0.0188,0.0444,0.36,0.0025,44.0,20.0
2024-04-05,은평구,4528,136515,12.9,5.9,18.9,0.0,0.0162,0.0458,0.46,0.0029,45.0,21.0
2024-04-05,종로구,6283,270101,13.1,9.1,18.2,0.0,0.016,0.0477,0.36,0.0028,39.0,21.0
2024-04-05,중구,4276,305363,12.7,9.4,20.0,0.0,0.0194,0.0425,0.34,0.0029,34.0,21.0
2024-04-05,중랑구,4960,100757,14.6,12.1,19.3,0.0,0.0169,0.0408,0.35,0.0023,33.0,21.0
2024-04-06,강남구,5821,249932,13.3,7.7,19.6,0.0,0.0306,0.0438,0.48,0.0031,61.0,37.0
2024-04-06,강동구,7285,71894,13.2,7.6,19.3,0.0,0.0336,0.0446,0.64,0.0029,65.0,41.0
2024-04-06,강북구,2171,43279,11.9,6.0,19.2,0.0,0.0182,0.0496,0.44,0.0027,52.0,31.0
2024-04-06,강서구,14645,145020,12.4,6.7,20.1,0.0,0.0325,0.0391,0.51,0.004,73.0,41.0
2024-04-06,관악구,3629,140762,10.7,4.7,17.7,0.0,0.032,0.0405,0.56,0.0032,67.0,40.0
2024-04-06,광진구,8214,66287,14.2,9.5,19.6,0.0,0.0383,0.0362,0.65,0.0031,62.0,39.0
2024-04-06,구로구,6279,94037,12.1,6.7,19.7,0.0,0.0202,0.0365,0.4,0.003,74.0,42.0
2024-04-06,금천구,2282,46253,12.8,8.5,18.9,0.0,0.0303,0.0408,0.54,0.0033,58.0,35.0
2024-04-06,노원구,9407,135930,11.5,3.6,20.3,0.0,0.0277,0.0363,0.5,0.0031,62.0,39.0
2024-04-06,도봉구,3628,82180,12.4,6.4,19.5,0.0,0.0208,0.0488,0.52,0.0033,55.0,33.0
2024-04-06,동대문구,4957,88547,13.8,9.3,19.4,0.0,0.0329,0.0354,0.57,0.0034,67.0,39.0
2024-04-06,동작구,3766,81754,11.8,5.5,19.6,0.0,0.025,0.0465,0.45,0.0027,53.0,34.0
2024-04-06,마포구,9446,262034,13.1,8.5,20.2,0.0,0.0346,0.0435,0.5,0.0036,66.0,43.0
2024-04-06,서대문구,3669,89934,12.0,6.9,19.2,0.0,0.0281,0.0409,0.62,0.0036,66.0,42.0
2024-04-06,서초구,5631,150773,12.8,6.9,19.5,0.0,0.0249,0.0369,0.52,0.003,83.0,43.0
2024-04-06,성동구,6940,130259,13.5,9.2,18.9,0.0,0.0349,0.0368,0.51,0.0033,62.0,34.0
2024-04-06,성북구,3435,39017,12.5,7.6,18.2,0.0,0.0226,0.0408,0.54,0.0035,61.0,35.0
2024-04-06,송파구,17673,166012,14.2,10.0,19.6,0.0,0.0296,0.0401,0.47,0.0028,59.0,33.0
2024-04-06,양천구,10033,28197,13.1,8.8,19.1,0.0,0.0312,0.0437,0.49,0.0035,68.0,43.0
2024-04-06,영등포구,15214,280114,13.7,9.4,19.5,0.0,0.0272,0.0445,0.47,0.0032,61.0,45.0
2024-04-06,용산구,4164,0,13.6,8.8,19.6,0.0,0.0364,0.0353,0.6,0.0033,70.0,39.0
2024-04-06,은평구,4379,109365,10.2,3.3,18.8,0.0,0.0223,0.0402,0.55,0.0031,64.0,36.0
2024-04-06,종로구,4138,212547,11.9,7.0,18.5,0.0,0.0277,0.0415,0.52,0.0035,66.0,42.0
2024-04-06,중구,2494,201742,11.9,7.5,19.4,0.0,0.0315,0.0413,0.49,0.0037,59.0,44.0
2024-04-06,중랑구,4509,77230,13.9,9.3,19.5,0.0,0.0326,0.0331,0.54,0.0029,57.0,42.0
2024-04-07,강남구,5758,153051,15.2,6.8,24.1,0.0,0.027,0.0518,0.49,0.0031,53.0,33.0
2024-04-07,강동구,6670,51733,15.0,7.0,23.0,0.0,0.0273,0.0579,0.65,0.0029,59.0,38.0
2024-04-07,강북구,2097,33650,14.1,5.8,23.3,0.0,0.0179,0.0588,0.46,0.0027,49.0,30.0
2024-04-07,강서구,13014,110705,13.9,5.6,24.2,0.0,0.0296,0.0505,0.55,0.0038,59.0,32.0
2024-04-07,관악구,3631,104169,13.0,5.6,22.9,0.0,0.027,0.0511,0.53,0.0033,52.0,30.0
2024-04-07,광진구,8141,49682,15.7,9.3,24.0,0.0,0.0312,0.0472,0.62,0.003,55.0,34.0
2024-04-07,구로구,6257,70178,14.4,6.6,23.7,0.0,0.0201,0.0422,0.4,0.0029,62.0,30.0
2024-04-07,금천구,2243,33970,15.4,8.7,23.1,0.0,0.0256,0.0525,0.57,0.0033,43.0,25.0
2024-04-07,노원구,8879,102043,13.2,2.6,24.2,0.0,0.0233,0.0477,0.49,0.0033,56.0,35.0
2024-04-07,도봉구,3671,64698,14.4,5.4,24.1,0.0,0.0196,0.0575,0.51,0.0033,50.0,31.0
2024-04-07,동대문구,4819,67281,15.5,8.9,23.6,0.0,0.029,0.0446,0.56,0.0033,58.0,33.0
2024-04-07,동작구,3578,57457,13.8,5.2,24.5,0.0,0.024,0.056,0.45,0.0028,45.0,28.0
2024-04-07,마포구,9718,191331,15.3,9.7,24.4,0.0,0.0316,0.0533,0.5,0.0033,54.0,33.0
2024-04-07,서대문구,3523,64708,14.4,8.0,23.1,0.0,0.0252,0.0517,0.55,0.0038,56.0,35.0
2024-04-07,서초구,5656,128409,14.9,5.8,23.6,0.0,0.0234,0.0435,0.52,0.003,63.0,34.0
2024-04-07,성동구,7134,95710,15.4,9.1,23.5,0.0,0.0285,0.047,0.5,0.0032,55.0,31.0
2024-04-07,성북구,3274,28802,14.5,7.6,22.7,0.0,0.0227,0.0464,0.58,0.0037,56.0,31.0
2024-04-07,송파구,17883,119283,16.1,9.5,23.4,0.0,0.0257,0.0487,0.48,0.003,52.0,29.0
2024-04-07,양천구,9056,20311,15.2,8.8,23.2,0.0,0.0319,0.0515,0.5,0.0034,56.0,35.0
2024-04-07,영등포구,14232,209021,16.0,10.7,23.9,0.0,0.031,0.0485,0.51,0.0032,53.0,37.0
2024-04-07,용산구,4253,0,14.9,7.2,24.1,0.0,0.0338,0.0429,0.62,0.0034,62.0,36.0
2024-04-07,은평구,4371,78988,12.3,2.6,22.8,0.0,0.0193,0.0525,0.53,0.0033,52.0,30.0
2024-04-07,종로구,3921,150535,14.4,7.1,23.7,0.0,0.0247,0.0511,0.52,0.0035,54.0,35.0
2024-04-07,중구,2447,149814,14.5,8.5,23.3,0.0,0.0289,0.049,0.49,0.0036,46.0,36.0
2024-04-07,중랑구,4424,57002,15.7,8.9,23.2,0.0,0.0272,0.0437,0.54,0.0029,50.0,38.0
2024-04-08,강남구,6440,400097,16.8,10.1,22.9,0.0,0.0392,0.0367,0.5,0.0029,53.0,29.0
2024-04-08,강동구,7065,98586,16.3,10.1,22.6,0.0,0.0378,0.0425,0.65,0.0027,58.0,30.0
2024-04-08,강북구,2115,50107,16.2,8.9,23.6,0.0,0.0208,0.0531,0.43,0.0026,45.0,24.0
2024-04-08,강서구,18333,191103,14.9,9.3,22.8,0.0,0.0419,0.0311,0.51,0.0042,55.0,25.0
2024-04-08,관악구,3366,155300,14.8,9.2,21.5,0.0,0.0464,0.0276,0.61,0.0033,59.0,30.0
2024-04-08,광진구,8308,65407,17.1,11.9,22.9,0.0,0.0438,0.03,0.62,0.0028,50.0,27.0
2024-04-08,구로구,6803,132914,15.6,9.7,23.2,0.0,0.0297,0.0255,0.45,0.003,68.0,30.0
2024-04-08,금천구,2937,105061,16.5,11.8,22.7,0.0,0.0459,0.0252,0.59,0.0037,47.0,24.0
2024-04-08,노원구,10005,171505,15.0,6.0,23.7,0.0,0.0316,0.0364,0.48,0.0031,52.0,29.0
2024-04-08,도봉구,3689,97056,15.9,8.5,24.0,0.0,0.0249,0.0488,0.51,0.0031,53.0,26.0
2024-04-08,동대문구,5547,111145,17.0,11.5,22.8,0.0,0.0387,0.0321,0.57,0.003,55.0,27.0
2024-04-08,동작구,3188,95835,15.6,8.5,23.3,0.0,0.0418,0.0351,0.53,0.003,51.0,28.0
2024-04-08,마포구,8183,263823,16.3,11.5,23.0,0.0,0.0412,0.0361,0.49,0.003,53.0,27.0
2024-04-08,서대문구,3353,103771,15.5,10.1,22.7,0.0,0.0316,0.0345,0.6,0.0032,55.0,30.0
2024-04-08,서초구,5318,154306,16.4,9.7,22.6,0.0,0.0379,0.0269,0.57,0.0028,74.0,31.0
2024-04-08,성동구,6932,136400,16.8,11.3,22.2,0.0,0.0425,0.0313,0.51,0.0031,52.0,25.0
2024-04-08,성북구,3601,52657,16.4,10.7,22.8,0.0,0.0319,0.0331,0.59,0.0033,56.0,26.0
2024-04-08,송파구,16157,204613,17.3,12.0,22.9,0.0,0.0405,0.0339,0.52,0.0028,58.0,27.0
2024-04-08,양천구,9232,37977,16.1,10.9,22.6,0.0,0.046,0.0326,0.55,0.0037,54.0,28.0
2024-04-08,영등포구,15252,333887,16.8,12.3,22.8,0.0,0.0464,0.0301,0.56,0.0032,51.0,31.0
2024-04-08,용산구,3510,0,16.4,10.8,22.6,0.0,0.0431,0.0312,0.59,0.0031,59.0,28.0
2024-04-08,은평구,4207,127726,13.8,6.1,22.5,0.0,0.0246,0.041,0.57,0.003,53.0,26.0
2024-04-08,종로구,5814,242192,15.8,10.4,22.0,0.0,0.033,0.0363,0.54,0.0032,51.0,29.0
2024-04-08,중구,4136,280016,15.8,11.6,22.1,0.0,0.0365,0.0359,0.49,0.0033,43.0,29.0
2024-04-08,중랑구,4939,95499,17.1,11.9,22.8,0.0,0.0323,0.0365,0.48,0.0025,44.0,29.0
2024-04-09,강남구,6753,423672,16.0,11.6,21.3,0.0,0.0163,0.0464,0.32,0.0023,38.0,18.0
2024-04-09,강동구,7600,103505,15.1,10.8,20.1,0.0,0.0131,0.0538,0.44,0.0022,31.0,13.0
2024-04-09,강북구,2275,54158,14.1,9.3,20.4,0.0,0.0095,0.0523,0.31,0.0023,36.0,18.0
2024-04-09,강서구,19430,199929,15.5,10.1,21.0,0.0,0.0166,0.0452,0.39,0.0026,42.0,18.0
2024-04-09,관악구,3499,170579,13.7,9.7,19.8,0.0,0.0189,0.0426,0.41,0.0026,47.0,23.0
2024-04-09,광진구,8682,71145,15.7,11.4,20.8,0.0,0.0139,0.0411,0.42,0.0026,37.0,17.0
2024-04-09,구로구,6839,139772,15.4,11.0,20.5,0.0,0.0113,0.0364,0.31,0.0024,49.0,18.0
2024-04-09,금천구,3193,107858,15.9,11.9,20.7,0.0,0.0193,0.0423,0.39,0.0028,38.0,20.0
2024-04-09,노원구,10611,181125,13.5,7.6,20.7,0.0,0.0115,0.0441,0.31,0.0025,40.0,22.0
2024-04-09,도봉구,3690,104248,14.5,8.7,22.8,0.0,0.01,0.0524,0.37,0.0029,39.0,16.0
2024-04-09,동대문구,5767,116946,15.3,11.1,20.6,0.0,0.0155,0.0434,0.34,0.0025,40.0,18.0
2024-04-09,동작구,3522,103364,14.7,9.5,21.7,0.0,0.0172,0.0469,0.35,0.0023,39.0,20.0
2024-04-09,마포구,9070,283952,15.5,11.1,21.2,0.0,0.0179,0.0481,0.34,0.0023,41.0,20.0
2024-04-09,서대문구,3668,111241,14.7,10.3,20.5,0.0,0.0171,0.0392,0.37,0.0024,43.0,20.0
2024-04-09,서초구,5684,165863,15.3,11.5,20.6,0.0,0.0164,0.0379,0.39,0.0023,51.0,19.0
2024-04-09,성동구,7314,146226,15.4,11.3,20.8,0.0,0.0143,0.0456,0.31,0.0032,37.0,17.0
2024-04-09,성북구,3780,56089,14.2,10.5,19.6,0.0,0.0104,0.0442,0.38,0.003,40.0,17.0
2024-04-09,송파구,16821,231383,16.0,11.7,21.1,0.0,0.015,0.0449,0.33,0.0022,40.0,18.0
2024-04-09,양천구,9735,40180,15.5,11.8,20.4,0.0,0.0176,0.0467,0.35,0.0026,41.0,20.0
2024-04-09,영등포구,15931,349456,15.9,11.8,21.1,0.0,0.0178,0.0442,0.34,0.0023,38.0,21.0
2024-04-09,용산구,3926,0,15.8,11.3,21.4,0.0,0.0178,0.0416,0.37,0.0025,42.0,18.0
2024-04-09,은평구,4159,134873,13.5,7.8,20.3,0.0,0.011,0.0446,0.41,0.0027,40.0,17.0
2024-04-09,종로구,6250,265671,14.8,10.2,20.0,0.0,0.0119,0.0484,0.34,0.0027,37.0,20.0
2024-04-09,중구,4529,299265,13.3,9.2,18.0,0.0,0.0157,0.0466,0.33,0.0028,34.0,20.0
2024-04-09,중랑구,5093,100496,15.2,11.1,20.2,0.0,0.0109,0.0432,0.3,0.0022,32.0,17.0
2024-04-10,강남구,5392,171749,14.4,10.5,19.1,0.0,0.013,0.0498,0.31,0.0024,40.0,18.0
2024-04-10,강동구,6931,56299,13.9,10.2,19.0,0.0,0.0129,0.0543,0.46,0.0023,39.0,16.0
2024-04-10,강북구,2122,35684,12.7,7.2,18.4,0.0,0.0101,0.0516,0.28,0.0021,37.0,15.0
2024-04-10,강서구,14551,113965,14.2,11.3,18.6,0.0,0.0122,0.0495,0.31,0.0027,44.0,17.0
2024-04-10,관악구,3827,108612,12.0,9.7,17.3,0.0,0.0127,0.0495,0.37,0.0027,47.0,20.0
2024-04-10,광진구,8425,52980,14.5,11.4,18.5,0.0,0.0141,0.0414,0.47,0.0026,39.0,18.0
2024-04-10,구로구,5570,73725,13.8,10.3,18.6,0.0,0.0079,0.0406,0.28,0.0025,49.0,17.0
2024-04-10,금천구,2087,36022,13.9,11.3,18.0,0.0,0.0119,0.0495,0.35,0.0027,40.0,18.0
2024-04-10,노원구,9217,110950,12.8,5.8,19.4,0.0,0.0101,0.0465,0.28,0.0023,43.0,21.0
2024-04-10,도봉구,3490,66913,13.5,8.0,18.9,0.0,0.0105,0.0515,0.4,0.0029,37.0,16.0
2024-04-10,동대문구,5008,69038,14.1,10.5,18.7,0.0,0.0121,0.0498,0.29,0.0026,42.0,18.0
2024-04-10,동작구,3766,63415,13.5,7.4,18.9,0.0,0.011,0.0525,0.3,0.0021,40.0,18.0
2024-04-10,마포구,9261,193025,13.9,10.6,19.3,0.0,0.014,0.054,0.3,0.0024,41.0,17.0
2024-04-10,서대문구,3353,67220,13.1,9.3,18.6,0.0,0.0137,0.0427,0.38,0.0022,44.0,21.0
2024-04-10,서초구,5026,103911,14.0,9.4,18.9,0.0,0.0107,0.0432,0.37,0.0024,56.0,20.0
2024-04-10,성동구,6950,95732,14.1,10.9,18.3,0.0,0.0129,0.0476,0.3,0.0025,40.0,16.0
2024-04-10,성북구,3429,31222,12.9,8.8,17.3,0.0,0.0089,0.0453,0.38,0.0031,41.0,17.0
2024-04-10,송파구,15902,124189,14.8,11.4,19.9,0.0,0.0134,0.0457,0.31,0.0022,43.0,18.0
2024-04-10,양천구,8610,21296,14.1,11.3,18.0,0.0,0.0128,0.0524,0.31,0.0027,44.0,17.0
2024-04-10,영등포구,13121,182345,14.2,11.8,18.3,0.0,0.0117,0.0482,0.3,0.0024,38.0,19.0
2024-04-10,용산구,4238,0,14.4,11.1,18.8,0.0,0.0146,0.0447,0.34,0.0025,45.0,18.0
2024-04-10,은평구,4133,83537,12.8,9.3,17.8,0.0,0.0104,0.0482,0.44,0.0029,46.0,17.0
2024-04-10,종로구,4214,174041,13.3,10.0,17.7,0.0,0.0101,0.0501,0.31,0.0026,40.0,19.0
2024-04-10,중구,2841,148697,12.4,8.6,18.4,0.0,0.0128,0.0481,0.29,0.0028,37.0,19.0
2024-04-10,중랑구,4633,62655,14.2,10.5,18.6,0.0,0.0121,0.0421,0.32,0.0022,34.0,18.0
2024-04-11,강남구,6071,409732,15.9,12.6,21.4,0.0,0.0258,0.0404,0.38,0.0026,47.0,20.0
2024-04-11,강동구,7034,99060,15.5,11.3,21.3,0.0,0.0238,0.0461,0.58,0.0024,51.0,22.0
2024-04-11,강북구,2057,50869,14.7,10.6,21.2,0.0,0.015,0.0483,0.36,0.0024,41.0,17.0
2024-04-11,강서구,17526,189076,15.4,11.7,21.3,0.0,0.0216,0.0448,0.42,0.003,47.0,18.0
2024-04-11,관악구,3083,159578,13.9,9.5,20.7,0.0,0.0249,0.04,0.45,0.0028,53.0,22.0
2024-04-11,광진구,8526,66327,16.3,12.4,21.4,0.0,0.0252,0.0357,0.57,0.0029,45.0,21.0
2024-04-11,구로구,6152,134071,15.5,11.7,22.2,0.0,0.0155,0.035,0.35,0.0028,58.0,22.0
2024-04-11,금천구,2620,103617,15.9,12.7,21.7,0.0,0.0269,0.0353,0.43,0.003,46.0,21.0
2024-04-11,노원구,9959,172716,14.0,9.1,21.3,0.0,0.021,0.0374,0.38,0.0027,48.0,24.0
2024-04-11,도봉구,3362,97260,15.0,11.1,22.9,0.0,0.0175,0.0465,0.5,0.0034,48.0,20.0
2024-04-11,동대문구,5411,111495,15.8,12.2,21.2,0.0,0.0227,0.0431,0.38,0.0027,48.0,20.0
2024-04-11,동작구,2997,96769,15.4,11.2,22.1,0.0,0.0247,0.0421,0.4,0.0025,47.0,20.0
2024-04-11,마포구,7898,270475,15.8,12.1,22.2,0.0,0.0229,0.0494,0.38,0.0026,45.0,19.0
2024-04-11,서대문구,3489,105562,14.6,10.9,20.5,0.0,0.0203,0.0381,0.53,0.0026,50.0,25.0
2024-04-11,서초구,5145,158685,15.5,11.5,21.1,0.0,0.0235,0.0342,0.46,0.0027,67.0,23.0
2024-04-11,성동구,6723,137975,16.1,12.3,21.4,0.0,0.0241,0.0383,0.37,0.0028,46.0,19.0
2024-04-11,성북구,3544,53224,15.0,11.0,20.4,0.0,0.0179,0.0399,0.49,0.0033,50.0,20.0
2024-04-11,송파구,14909,219045,16.4,12.3,20.9,0.0,0.0239,0.0381,0.38,0.0025,50.0,20.0
2024-04-11,양천구,9077,38049,16.0,12.9,20.7,0.0,0.0243,0.0459,0.39,0.003,47.0,19.0
2024-04-11,영등포구,14047,328937,16.3,13.3,21.4,0.0,0.0225,0.0408,0.39,0.0026,42.0,21.0
2024-04-11,용산구,3402,0,16.1,12.8,22.1,0.0,0.0245,0.0383,0.44,0.0027,50.0,23.0
2024-04-11,은평구,3965,128153,13.6,8.6,21.0,0.0,0.0169,0.0427,0.55,0.003,47.0,22.0
2024-04-11,종로구,5672,251735,15.1,11.6,21.1,0.0,0.0198,0.044,0.41,0.0029,47.0,22.0
2024-04-11,중구,4128,285569,14.2,10.6,21.0,0.0,0.0225,0.0441,0.38,0.0032,39.0,20.0
2024-04-11,중랑구,4714,96265,15.8,12.0,21.2,0.0,0.0208,0.0366,0.38,0.0024,38.0,20.0
2024-04-12,강남구,6796,424169,17.6,10.7,25.0,0.0,0.033,0.0341,0.44,0.0029,48.0,26.0
2024-04-12,강동구,8033,101996,16.9,10.7,24.5,0.0,0.0313,0.0416,0.63,0.0026,50.0,25.0
2024-04-12,강북구,2157,52528,16.1,9.9,23.8,0.0,0.0164,0.0478,0.37,0.0026,42.0,21.0
2024-04-12,강서구,19106,194880,16.8,9.9,25.0,0.0,0.029,0.0368,0.46,0.0035,47.0,21.0
2024-04-12,관악구,3500,169606,15.2,9.9,23.6,0.0,0.0259,0.0402,0.44,0.0033,47.0,22.0
2024-04-12,광진구,9110,70369,18.0,12.5,24.6,0.0,0.0349,0.0318,0.64,0.0031,48.0,25.0
2024-04-12,구로구,7110,137576,16.9,10.8,24.4,0.0,0.0216,0.0294,0.36,0.0029,52.0,22.0
2024-04-12,금천구,3049,103891,17.8,12.6,24.1,0.0,0.0268,0.0392,0.44,0.0034,39.0,20.0
2024-04-12,노원구,10798,178604,15.6,7.1,25.2,0.0,0.0229,0.0372,0.4,0.0032,50.0,28.0
2024-04-12,도봉구,3847,101852,17.0,9.9,25.0,0.0,0.0197,0.0449,0.53,0.0036,47.0,24.0
2024-04-12,동대문구,5995,115223,17.7,12.5,24.6,0.0,0.0295,0.0385,0.42,0.0032,52.0,26.0
2024-04-12,동작구,3626,102135,16.1,9.6,25.0,0.0,0.0258,0.0433,0.38,0.0028,41.0,20.0
2024-04-12,마포구,9122,285745,17.6,13.2,25.1,0.0,0.0327,0.036,0.44,0.003,46.0,23.0
2024-04-12,서대문구,3859,108180,16.6,11.5,24.2,0.0,0.0224,0.0349,0.59,0.0033,48.0,26.0
2024-04-12,서초구,5951,173680,16.9,10.0,24.5,0.0,0.027,0.0321,0.49,0.0029,60.0,26.0
2024-04-12,성동구,7401,146136,17.6,12.0,24.3,0.0,0.0338,0.0328,0.43,0.0033,48.0,26.0
2024-04-12,성북구,3924,54079,16.4,11.4,23.5,0.0,0.0244,0.0337,0.54,0.0034,48.0,24.0
2024-04-12,송파구,17097,231981,17.7,12.3,24.0,0.0,0.032,0.0341,0.43,0.003,50.0,24.0
2024-04-12,양천구,10263,39066,17.5,12.6,23.9,0.0,0.0323,0.0379,0.43,0.0035,45.0,21.0
2024-04-12,영등포구,15832,344970,18.1,14.0,24.7,0.0,0.0315,0.0379,0.43,0.0031,43.0,24.0
2024-04-12,용산구,3969,0,17.6,11.4,24.2,0.0,0.034,0.0314,0.51,0.0033,52.0,26.0
2024-04-12,은평구,4518,134412,14.9,7.2,23.8,0.0,0.0184,0.0386,0.55,0.0032,45.0,22.0
2024-04-12,종로구,6379,267443,17.2,11.6,23.9,0.0,0.0259,0.0389,0.46,0.0034,48.0,27.0
2024-04-12,중구,4740,292871,16.0,11.6,24.0,0.0,0.0287,0.0388,0.41,0.0035,40.0,25.0
2024-04-12,중랑구,5275,100704,17.9,12.3,24.4,0.0,0.0271,0.0307,0.43,0.0027,40.0,26.0
2024-04-13,강남구,5729,247958,19.4,10.6,28.0,0.0,0.0236,0.0408,0.36,0.0026,39.0,22.0
2024-04-13,강동구,7438,69593,19.4,10.6,27.6,0.0,0.0244,0.0442,0.57,0.0022,39.0,18.0
2024-04-13,강북구,2294,42289,18.4,9.1,27.6,0.0,0.011,0.0531,0.29,0.0023,31.0,13.0
2024-04-13,강서구,16086,139745,17.6,9.6,27.3,0.0,0.0202,0.0378,0.34,0.0032,39.0,17.0
2024-04-13,관악구,3757,137690,17.1,8.9,27.0,0.0,0.0211,0.0403,0.39,0.0028,41.0,18.0
2024-04-13,광진구,8581,60499,20.2,12.7,28.0,0.0,0.0273,0.0326,0.58,0.0027,41.0,19.0
2024-04-13,구로구,5925,92401,18.5,10.4,27.0,0.0,0.0132,0.0342,0.3,0.0026,46.0,18.0
2024-04-13,금천구,2142,43366,19.6,12.6,27.6,0.0,0.0243,0.0363,0.4,0.0029,35.0,17.0
2024-04-13,노원구,9989,137647,17.2,6.5,28.5,0.0,0.0182,0.0364,0.34,0.0029,39.0,20.0
2024-04-13,도봉구,3726,81569,18.9,9.4,28.5,0.0,0.0131,0.0495,0.43,0.0033,39.0,16.0
2024-04-13,동대문구,5180,84816,19.7,12.3,27.8,0.0,0.0208,0.0422,0.35,0.0027,41.0,18.0
2024-04-13,동작구,3769,79769,18.0,9.2,27.8,0.0,0.0194,0.0448,0.33,0.0023,35.0,16.0
2024-04-13,마포구,10165,242256,19.2,11.5,27.9,0.0,0.0241,0.0395,0.35,0.0025,37.0,16.0
2024-04-13,서대문구,3451,84462,18.1,10.0,27.1,0.0,0.018,0.0353,0.48,0.0025,39.0,20.0
2024-04-13,서초구,5785,147570,18.8,10.3,27.4,0.0,0.0204,0.0344,0.43,0.0025,49.0,20.0
2024-04-13,성동구,7293,114105,19.5,12.6,27.6,0.0,0.0279,0.0334,0.38,0.003,41.0,20.0
2024-04-13,성북구,3583,37350,18.7,11.1,26.5,0.0,0.0164,0.0394,0.45,0.003,37.0,17.0
2024-04-13,송파구,16803,163725,19.9,12.7,27.1,0.0,0.0249,0.0354,0.37,0.0025,43.0,18.0
2024-04-13,양천구,9307,26429,19.5,12.5,27.3,0.0,0.0197,0.0434,0.32,0.0029,36.0,16.0
2024-04-13,영등포구,13732,238230,19.7,13.1,27.4,0.0,0.0199,0.0429,0.32,0.0027,35.0,18.0
2024-04-13,용산구,4743,0,19.3,11.4,27.6,0.0,0.026,0.0326,0.45,0.0028,45.0,21.0
2024-04-13,은평구,4458,101222,16.3,5.8,26.7,0.0,0.0135,0.0429,0.36,0.0027,36.0,16.0
2024-04-13,종로구,4521,206877,18.9,11.7,26.7,0.0,0.018,0.0422,0.36,0.003,37.0,18.0
2024-04-13,중구,2913,191590,19.2,11.7,27.6,0.0,0.0231,0.0396,0.34,0.0032,33.0,17.0
2024-04-13,중랑구,4894,75463,20.1,12.5,27.6,0.0,0.019,0.0367,0.34,0.0023,33.0,19.0
2024-04-14,강남구,5106,148070,20.7,12.0,29.8,0.0,0.0222,0.0499,0.42,0.0033,42.0,25.0
2024-04-14,강동구,6944,50394,20.8,12.4,29.4,0.0,0.0195,0.053,0.62,0.0027,40.0,20.0
2024-04-14,강북구,2098,32234,19.6,11.2,29.4,0.0,0.0122,0.0605,0.34,0.0026,38.0,19.0
2024-04-14,강서구,14060,106636,19.4,10.6,29.2,0.0,0.0243,0.0457,0.48,0.0041,43.0,22.0
2024-04-14,관악구,3540,100252,18.7,11.0,28.3,0.0,0.0252,0.0446,0.5,0.0037,47.0,22.0
2024-04-14,광진구,8170,44547,22.0,14.8,29.9,0.0,0.0236,0.0409,0.62,0.0032,43.0,23.0
2024-04-14,구로구,5410,67357,19.9,11.5,28.3,0.0,0.0166,0.0375,0.37,0.0035,54.0,23.0
2024-04-14,금천구,1769,31437,20.9,13.8,29.1,0.0,0.0241,0.0439,0.48,0.004,38.0,20.0
2024-04-14,노원구,8855,98360,18.8,8.1,30.3,0.0,0.0156,0.0477,0.38,0.0032,45.0,25.0
2024-04-14,도봉구,3253,63122,20.2,11.7,29.8,0.0,0.0132,0.0565,0.51,0.0037,46.0,19.0
2024-04-14,동대문구,4771,62893,21.2,14.1,29.4,0.0,0.0248,0.0467,0.45,0.0036,46.0,24.0
2024-04-14,동작구,3607,55039,19.5,10.5,29.6,0.0,0.0192,0.0523,0.4,0.0032,38.0,20.0
2024-04-14,마포구,9376,174970,21.5,14.2,29.4,0.0,0.0277,0.0486,0.46,0.0035,45.0,23.0
2024-04-14,서대문구,3266,59258,19.9,12.2,28.9,0.0,0.0183,0.0419,0.59,0.0038,43.0,23.0
2024-04-14,서초구,4920,121049,20.0,11.4,29.3,0.0,0.0267,0.0232,0.57,0.0025,50.0,23.0
2024-04-14,성동구,6606,81061,20.7,14.2,29.4,0.0,0.0238,0.0453,0.43,0.0035,43.0,24.0
2024-04-14,성북구,3281,27934,20.2,13.4,27.8,0.0,0.0189,0.0439,0.55,0.0035,45.0,21.0
2024-04-14,송파구,15284,121183,22.0,15.3,30.3,0.0,0.0224,0.0442,0.41,0.0032,46.0,22.0
2024-04-14,양천구,8619,19315,20.7,13.6,28.4,0.0,0.0251,0.0482,0.43,0.0037,42.0,20.0
2024-04-14,영등포구,12945,172538,21.8,15.2,29.0,0.0,0.023,0.0501,0.43,0.0036,38.0,24.0
2024-04-14,용산구,4470,0,20.8,12.6,29.1,0.0,0.0258,0.0411,0.56,0.0037,48.0,25.0
2024-04-14,은평구,3921,72646,18.2,8.0,28.5,0.0,0.0142,0.0497,0.45,0.0033,43.0,19.0
2024-04-14,종로구,3931,139006,20.3,12.8,28.4,0.0,0.0194,0.049,0.45,0.0038,41.0,23.0
2024-04-14,중구,2502,133898,20.6,14.3,30.0,0.0,0.0232,0.0471,0.44,0.0038,36.0,22.0
2024-04-14,중랑구,4310,54417,21.8,14.6,29.5,0.0,0.0187,0.0444,0.41,0.0028,37.0,23.0
2024-04-15,강남구,2238,396332,16.2,11.7,20.7,15.0,0.0176,0.0405,0.32,0.0028,20.0,12.0
2024-04-15,강동구,3285,95686,16.4,12.0,20.5,13.5,0.013,0.0486,0.48,0.0026,14.0,9.0
2024-04-15,강북구,838,45833,14.6,11.5,18.0,18.0,0.0142,0.0372,0.34,0.0024,21.0,12.0
2024-04-15,강서구,7614,184880,15.9,11.8,20.6,22.0,0.019,0.0362,0.35,0.0034,24.0,12.0
2024-04-15,관악구,1258,150313,15.0,9.9,19.9,18.5,0.0158,0.0394,0.38,0.0031,24.0,12.0
2024-04-15,광진구,3483,60745,16.9,12.1,21.2,13.5,0.0201,0.0338,0.55,0.0031,21.0,11.0
2024-04-15,구로구,2485,128508,15.6,11.3,21.0,17.5,0.0109,0.0341,0.29,0.0029,22.0,10.0
2024-04-15,금천구,1113,101679,16.3,11.0,21.4,14.5,0.0154,0.0404,0.36,0.0032,18.0,9.0
2024-04-15,노원구,3864,162357,15.1,12.3,20.7,15.0,0.0156,0.0345,0.3,0.003,22.0,13.0
2024-04-15,도봉구,1467,89976,15.4,12.1,18.4,19.0,0.015,0.0368,0.52,0.0038,19.0,12.0
2024-04-15,동대문구,2311,103991,16.5,11.9,20.7,15.0,0.0197,0.0368,0.32,0.0032,24.0,11.0
2024-04-15,동작구,1201,91617,15.5,11.9,20.7,15.5,0.0155,0.0396,0.31,0.0026,26.0,11.0
2024-04-15,마포구,2434,251685,15.7,11.1,20.3,17.5,0.0208,0.0397,0.33,0.003,23.0,12.0
2024-04-15,서대문구,1239,98324,15.2,10.7,19.8,18.0,0.0151,0.0331,0.52,0.0034,22.0,14.0
2024-04-15,서초구,1853,150850,15.9,11.4,20.1,16.0,0.0122,0.0331,0.38,0.0022,10.0,6.0
2024-04-15,성동구,2377,126711,16.2,11.4,20.7,14.5,0.0184,0.0361,0.31,0.0031,20.0,12.0
2024-04-15,성북구,1366,50176,14.9,10.7,20.0,18.5,0.0178,0.0303,0.51,0.0031,20.0,11.0
2024-04-15,송파구,6078,196803,17.0,11.9,21.5,13.0,0.0163,0.0359,0.3,0.0028,21.0,10.0
2024-04-15,양천구,3781,36642,16.1,11.7,20.4,15.5,0.02,0.0394,0.34,0.003,24.0,12.0
2024-04-15,영등포구,5155,314266,16.5,11.8,21.5,16.0,0.0193,0.0357,0.34,0.0028,21.0,12.0
2024-04-15,용산구,1082,0,16.2,11.7,20.5,14.5,0.0196,0.032,0.36,0.0032,22.0,11.0
2024-04-15,은평구,1450,121904,15.7,10.9,21.7,17.5,0.0139,0.0387,0.44,0.0033,25.0,12.0
2024-04-15,종로구,1996,229007,15.1,10.1,19.3,14.5,0.019,0.0319,0.36,0.0033,20.0,12.0
2024-04-15,중구,1541,268577,14.3,9.9,19.1,15.0,0.0224,0.0331,0.35,0.0035,20.0,13.0
2024-04-15,중랑구,1980,90821,16.8,12.0,20.9,15.0,0.0145,0.0361,0.31,0.0027,19.0,11.0
2024-04-16,강남구,4602,414684,14.2,11.7,18.9,3.0,0.0186,0.0468,0.43,0.0025,75.0,29.0
2024-04-16,강동구,5523,100260,14.0,11.6,18.6,2.0,0.0185,0.048,0.54,0.0021,88.0,29.0
2024-04-16,강북구,1704,50961,12.9,9.8,18.1,1.0,0.0124,0.0449,0.38,0.002,66.0,17.0
2024-04-16,강서구,14120,193482,13.2,10.7,17.8,1.5,0.0203,0.0364,0.42,0.0027,76.0,27.0
2024-04-16,관악구,2594,160464,11.5,8.2,16.0,2.5,0.0176,0.0442,0.49,0.0026,83.0,26.0
2024-04-16,광진구,6587,65756,14.3,11.9,18.7,2.0,0.0201,0.0389,0.6,0.0026,75.0,23.0
2024-04-16,구로구,4706,135052,13.0,10.2,18.2,2.0,0.0124,0.0352,0.37,0.0024,96.0,34.0
2024-04-16,금천구,1923,105917,12.8,11.0,17.5,3.0,0.0204,0.0421,0.44,0.003,73.0,28.0
2024-04-16,노원구,8369,174534,13.9,8.9,18.7,0.5,0.015,0.0379,0.39,0.0023,80.0,27.0
2024-04-16,도봉구,2892,98118,13.8,10.9,18.2,0.5,0.0139,0.0413,0.57,0.0032,80.0,28.0
2024-04-16,동대문구,4137,111364,13.7,11.5,18.3,2.0,0.0178,0.0413,0.43,0.0025,74.0,24.0
2024-04-16,동작구,2312,96670,13.7,9.8,18.6,2.5,0.0156,0.0493,0.42,0.0024,75.0,23.0
2024-04-16,마포구,5731,268409,13.1,10.8,18.3,2.5,0.0212,0.0424,0.41,0.0024,72.0,24.0
2024-04-16,서대문구,2489,105712,12.4,9.7,17.4,2.0,0.0186,0.033,0.64,0.0028,112.0,38.0
2024-04-16,서초구,4125,155502,13.9,11.3,18.5,1.5,0.02,0.0353,0.49,0.0024,103.0,31.0
2024-04-16,성동구,4901,138151,13.7,11.2,18.0,2.5,0.0199,0.0392,0.43,0.0024,71.0,24.0
2024-04-16,성북구,2755,54225,12.5,10.7,17.1,1.0,0.0154,0.037,0.59,0.0028,82.0,28.0
2024-04-16,송파구,11296,216787,14.4,11.9,19.2,3.0,0.0171,0.0414,0.41,0.003,88.0,22.0
2024-04-16,양천구,7024,39379,13.5,11.0,18.2,2.0,0.0202,0.0423,0.42,0.0025,74.0,24.0
2024-04-16,영등포구,9940,336001,13.7,11.2,18.0,2.0,0.0169,0.0425,0.44,0.0024,65.0,26.0
2024-04-16,용산구,2367,0,13.9,11.6,18.4,2.0,0.0196,0.037,0.49,0.0026,83.0,24.0
2024-04-16,은평구,2945,130788,12.4,8.8,17.3,2.0,0.0169,0.0373,0.56,0.0027,90.0,33.0
2024-04-16,종로구,4346,250102,12.2,9.9,17.2,2.5,0.0172,0.0376,0.45,0.0027,71.0,29.0
2024-04-16,중구,3098,288870,12.3,9.9,17.9,2.5,0.0182,0.0399,0.42,0.0029,63.0,24.0
2024-04-16,중랑구,3754,96781,14.0,11.8,18.4,1.5,0.0194,0.036,0.44,0.0021,59.0,25.0
2024-04-17,강남구,6201,415967,15.5,9.7,22.6,0.0,0.0286,0.0292,0.5,0.0026,145.0,55.0
2024-04-17,강동구,7275,101931,15.7,9.9,22.7,0.0,0.0304,0.0292,0.65,0.0028,155.0,53.0
2024-04-17,강북구,2151,51775,14.1,7.5,22.1,0.0,0.0125,0.0345,0.41,0.0021,125.0,23.0
2024-04-17,강서구,19700,196715,14.5,9.3,22.3,0.0,0.0252,0.0287,0.46,0.0032,130.0,36.0
2024-04-17,관악구,3252,162139,12.9,6.5,21.4,0.0,0.0254,0.0276,0.53,0.0027,152.0,38.0
2024-04-17,광진구,8371,66022,15.9,10.4,22.7,0.0,0.032,0.0257,0.56,0.0028,143.0,45.0
2024-04-17,구로구,6544,137226,14.5,8.8,22.1,0.0,0.0166,0.0218,0.41,0.0024,151.0,49.0
2024-04-17,금천구,2846,105081,14.9,9.0,22.2,0.0,0.0233,0.0283,0.48,0.0029,133.0,42.0
2024-04-17,노원구,10362,177708,14.3,7.0,23.2,0.0,0.0204,0.025,0.45,0.0026,139.0,40.0
2024-04-17,도봉구,3562,100686,14.7,8.2,22.0,0.0,0.0168,0.0337,0.59,0.0032,130.0,40.0
2024-04-17,동대문구,5531,114635,15.8,10.5,22.7,0.0,0.0265,0.028,0.51,0.0027,143.0,44.0
2024-04-17,동작구,3146,99253,14.7,8.9,23.1,0.0,0.0231,0.0312,0.46,0.0024,142.0,37.0
2024-04-17,마포구,7669,269854,14.8,9.1,22.5,0.0,0.026,0.0312,0.48,0.0027,121.0,37.0
2024-04-17,서대문구,3408,105049,14.1,8.6,21.6,0.0,0.0228,0.0225,0.69,0.0026,145.0,52.0
2024-04-17,서초구,5186,157426,15.1,9.3,22.3,0.0,0.0241,0.0213,0.56,0.0024,171.0,55.0
2024-04-17,성동구,6393,139005,15.3,9.9,22.1,0.0,0.0281,0.0251,0.51,0.0026,139.0,46.0
2024-04-17,성북구,3752,54550,14.3,8.5,21.1,0.0,0.0203,0.0267,0.65,0.0028,143.0,47.0
2024-04-17,송파구,15050,218114,16.0,10.2,22.8,0.0,0.0267,0.0243,0.51,0.0032,150.0,35.0
2024-04-17,양천구,9686,39155,15.0,9.1,22.1,0.0,0.026,0.0311,0.46,0.0029,131.0,35.0
2024-04-17,영등포구,14086,341711,15.3,9.4,22.5,0.0,0.0227,0.0317,0.49,0.0026,120.0,39.0
2024-04-17,용산구,3319,0,15.7,10.0,22.9,0.0,0.0289,0.024,0.59,0.0028,149.0,43.0
2024-04-17,은평구,4060,133416,13.5,8.2,21.4,0.0,0.0196,0.0268,0.58,0.0026,146.0,47.0
2024-04-17,종로구,5770,256884,14.1,7.9,21.4,0.0,0.0235,0.0275,0.54,0.0029,139.0,50.0
2024-04-17,중구,4269,289820,14.1,7.8,21.8,0.0,0.0254,0.0284,0.49,0.0029,117.0,41.0
2024-04-17,중랑구,4753,98905,16.0,10.3,22.8,0.0,0.0248,0.0264,0.52,0.0023,111.0,42.0
2024-04-18,강남구,6367,417315,17.9,10.0,26.3,0.0,0.0332,0.0328,0.49,0.0031,115.0,34.0
2024-04-18,강동구,7732,101469,17.9,10.3,25.6,0.0,0.0297,0.0358,0.56,0.0031,117.0,29.0
2024-04-18,강북구,2367,52891,16.8,8.7,25.9,0.0,0.0137,0.0457,0.38,0.0025,120.0,21.0
2024-04-18,강서구,20193,195113,16.7,9.4,25.5,0.0,0.0288,0.0326,0.44,0.0036,107.0,25.0
2024-04-18,관악구,3430,163390,15.5,7.9,24.3,0.0,0.0326,0.0313,0.52,0.0034,131.0,27.0
2024-04-18,광진구,8842,65620,18.4,12.1,26.2,0.0,0.0344,0.0298,0.46,0.003,118.0,27.0
2024-04-18,구로구,6843,136092,16.7,9.5,25.3,0.0,0.0222,0.0253,0.4,0.0029,125.0,32.0
2024-04-18,금천구,3126,105568,17.2,11.1,25.0,0.0,0.0309,0.0289,0.46,0.0036,111.0,30.0
2024-04-18,노원구,10414,176771,16.1,6.8,26.8,0.0,0.0203,0.0362,0.42,0.003,122.0,34.0
2024-04-18,도봉구,3731,100572,16.7,9.1,25.9,0.0,0.0207,0.0222,0.61,0.0033,114.0,31.0
2024-04-18,동대문구,5701,114045,18.0,11.3,25.8,0.0,0.0291,0.0335,0.48,0.0031,124.0,27.0
2024-04-18,동작구,3281,98755,16.7,8.8,26.1,0.0,0.028,0.0367,0.43,0.0029,120.0,24.0
2024-04-18,마포구,8198,272420,17.3,10.6,25.9,0.0,0.0271,0.0385,0.42,0.0029,110.0,23.0
2024-04-18,서대문구,3525,105597,16.4,9.1,25.1,0.0,0.021,0.0316,0.64,0.0029,123.0,34.0
2024-04-18,서초구,5391,160736,16.9,9.5,25.5,0.0,0.0299,0.0268,0.52,0.0028,139.0,33.0
2024-04-18,성동구,6801,139934,17.5,11.5,24.9,0.0,0.0339,0.0283,0.47,0.003,113.0,29.0
2024-04-18,성북구,3860,54761,17.0,10.5,24.6,0.0,0.0216,0.0334,0.59,0.0033,120.0,33.0
2024-04-18,송파구,16105,218870,18.5,12.6,26.6,0.0,0.0331,0.0262,0.48,0.0039,127.0,27.0
2024-04-18,양천구,9781,39034,17.5,11.4,24.9,0.0,0.0342,0.0327,0.47,0.0035,102.0,23.0
2024-04-18,영등포구,14275,340073,18.0,11.9,25.7,0.0,0.0305,0.0342,0.49,0.0031,94.0,25.0
2024-04-18,용산구,3362,0,17.7,11.4,25.9,0.0,0.0333,0.0277,0.57,0.0033,128.0,29.0
2024-04-18,은평구,4139,132124,14.5,6.6,24.8,0.0,0.0187,0.0351,0.51,0.0028,120.0,32.0
2024-04-18,종로구,6211,256157,16.6,10.0,24.8,0.0,0.0246,0.035,0.5,0.0033,116.0,31.0
2024-04-18,중구,4454,290775,16.4,10.1,25.1,0.0,0.0269,0.034,0.45,0.0033,98.0,25.0
2024-04-18,중랑구,5092,97671,18.4,11.9,25.6,0.0,0.0224,0.0345,0.44,0.0027,94.0,28.0
2024-04-19,강남구,6826,422201,18.2,10.7,25.8,0.0,0.0266,0.0673,0.44,0.0039,88.0,32.0
2024-04-19,강동구,8027,101981,18.2,10.8,25.3,0.0,0.0295,0.0668,0.58,0.0043,93.0,31.0
2024-04-19,강북구,2278,52119,17.1,9.3,25.1,0.0,0.0217,0.0671,0.46,0.0035,80.0,24.0
2024-04-19,강서구,20794,198939,17.4,12.0,24.4,0.0,0.0255,0.0637,0.43,0.0045,102.0,28.0
2024-04-19,관악구,3496,169937,15.9,10.0,23.2,0.0,0.0263,0.0635,0.5,0.0042,100.0,28.0
2024-04-19,광진구,8193,68191,18.9,13.0,25.5,0.0,0.0336,0.0554,0.43,0.004,86.0,27.0
2024-04-19,구로구,6956,136800,17.0,11.3,24.1,0.0,0.0176,0.0525,0.37,0.0039,113.0,34.0
2024-04-19,금천구,3221,103803,17.8,12.4,23.9,0.0,0.0293,0.06,0.5,0.0046,85.0,27.0
2024-04-19,노원구,11002,179030,16.5,7.2,25.6,0.0,0.03,0.0607,0.47,0.0041,92.0,32.0
2024-04-19,도봉구,3869,102324,17.3,10.0,24.9,0.0,0.0179,0.092,0.51,0.0046,89.0,32.0
2024-04-19,동대문구,5803,114705,18.3,12.7,25.0,0.0,0.0286,0.0639,0.45,0.0042,95.0,29.0
2024-04-19,동작구,3386,101664,16.9,9.3,25.2,0.0,0.0231,0.0701,0.42,0.0037,84.0,24.0
2024-04-19,마포구,8606,283818,18.0,12.8,25.1,0.0,0.0297,0.0688,0.45,0.0038,95.0,28.0
2024-04-19,서대문구,3679,104698,16.9,10.8,24.5,0.0,0.0253,0.0498,0.66,0.0038,100.0,34.0
2024-04-19,서초구,5673,171865,17.6,10.3,25.3,0.0,0.026,0.0529,0.48,0.0035,117.0,36.0
2024-04-19,성동구,7231,144709,18.1,12.6,24.2,0.0,0.0293,0.0599,0.45,0.004,88.0,28.0
2024-04-19,성북구,3905,54225,17.0,11.0,24.2,0.0,0.0249,0.058,0.61,0.0044,98.0,35.0
2024-04-19,송파구,16597,218903,19.0,13.0,26.1,0.0,0.0279,0.0578,0.44,0.005,90.0,26.0
2024-04-19,양천구,10439,39364,17.8,12.7,23.9,0.0,0.0259,0.0707,0.42,0.0042,92.0,26.0
2024-04-19,영등포구,14964,348408,18.5,14.0,24.6,0.0,0.0262,0.0662,0.43,0.0039,81.0,29.0
2024-04-19,용산구,3652,0,18.0,11.7,24.3,0.0,0.0312,0.0549,0.51,0.0042,102.0,29.0
2024-04-19,은평구,4418,134343,15.0,6.7,23.7,0.0,0.0247,0.0598,0.57,0.004,105.0,36.0
2024-04-19,종로구,6312,266558,17.2,10.9,23.4,0.0,0.0264,0.0636,0.48,0.0046,91.0,32.0
2024-04-19,중구,4557,296800,17.4,11.8,24.9,0.0,0.0293,0.0605,0.46,0.0043,78.0,29.0
2024-04-19,중랑구,5252,99340,18.7,13.1,25.0,0.0,0.0263,0.0568,0.46,0.0036,72.0,31.0
2024-04-20,강남구,1236,234046,14.9,13.2,18.0,3.5,0.0239,0.0436,0.45,0.0027,62.0,29.0
2024-04-20,강동구,2136,65651,14.5,12.9,17.7,4.0,0.0246,0.0443,0.61,0.003,63.0,31.0
2024-04-20,강북구,710,37712,14.1,12.4,17.8,7.0,0.0133,0.0511,0.44,0.0024,56.0,24.0
2024-04-20,강서구,4788,131125,15.0,13.4,18.4,5.0,0.0258,0.039,0.54,0.0031,66.0,26.0
2024-04-20,관악구,1064,130272,13.5,12.0,17.7,8.5,0.0229,0.0414,0.51,0.0029,66.0,26.0
2024-04-20,광진구,2200,54071,15.3,13.5,18.1,4.5,0.0262,0.0375,0.49,0.0029,62.0,29.0
2024-04-20,구로구,1604,86821,15.0,13.2,17.6,5.0,0.0166,0.0337,0.4,0.0026,74.0,31.0
2024-04-20,금천구,553,40363,15.3,13.2,18.4,5.5,0.0197,0.0445,0.45,0.003,50.0,22.0
2024-04-20,노원구,2829,125578,14.5,12.1,17.6,5.0,0.0211,0.0443,0.45,0.0028,65.0,31.0
2024-04-20,도봉구,1023,72523,14.8,13.1,17.1,5.5,0.0144,0.0479,0.48,0.003,61.0,31.0
2024-04-20,동대문구,1478,77022,15.1,13.2,17.9,5.0,0.0242,0.0417,0.47,0.003,68.0,28.0
2024-04-20,동작구,854,72954,14.9,13.5,18.5,4.5,0.0206,0.0476,0.44,0.0025,59.0,25.0
2024-04-20,마포구,2077,221168,15.0,12.8,18.0,3.5,0.0259,0.0464,0.49,0.0027,62.0,26.0
2024-04-20,서대문구,900,77143,14.3,12.0,17.3,5.0,0.0162,0.0413,0.68,0.0028,65.0,29.0
2024-04-20,서초구,1080,138106,14.8,12.9,18.3,5.5,0.0217,0.0354,0.52,0.0025,75.0,31.0
2024-04-20,성동구,1459,92140,15.3,13.4,18.0,4.5,0.0237,0.0412,0.45,0.0031,63.0,28.0
2024-04-20,성북구,1043,35254,14.3,12.2,17.7,7.0,0.0187,0.0387,0.67,0.0031,65.0,31.0
2024-04-20,송파구,3720,132118,15.8,13.5,18.3,4.0,0.0236,0.0379,0.47,0.0037,63.0,26.0
2024-04-20,양천구,2906,24807,15.5,13.4,18.1,3.0,0.0264,0.0436,0.48,0.0029,65.0,26.0
2024-04-20,영등포구,2998,226437,15.9,13.7,18.9,3.5,0.0261,0.0408,0.52,0.0029,61.0,30.0
2024-04-20,용산구,832,0,15.4,13.4,18.4,4.5,0.0267,0.0355,0.54,0.0029,67.0,25.0
2024-04-20,은평구,1308,93462,14.1,11.2,18.7,4.0,0.0131,0.0498,0.56,0.0029,62.0,29.0
2024-04-20,종로구,1153,186427,14.0,11.8,16.6,5.5,0.0211,0.0412,0.49,0.0031,64.0,30.0
2024-04-20,중구,673,170073,13.2,11.1,16.4,2.0,0.0265,0.0389,0.49,0.0032,55.0,30.0
2024-04-20,중랑구,1386,69837,15.2,13.2,18.2,6.0,0.0177,0.0406,0.44,0.0026,54.0,30.0
2024-04-21,강남구,4457,144264,17.7,13.5,22.0,0.0,0.0093,0.0493,0.26,0.0021,15.0,6.0
2024-04-21,강동구,6290,48426,16.9,13.2,21.2,0.0,0.0073,0.0525,0.38,0.0025,12.0,4.0
2024-04-21,강북구,1983,30351,16.7,12.2,22.0,0.0,0.0059,0.0491,0.27,0.002,14.0,5.0
2024-04-21,강서구,12797,101156,17.7,13.8,22.1,0.0,0.0082,0.0461,0.37,0.0022,16.0,6.0
2024-04-21,관악구,3204,96618,16.1,12.2,20.0,0.0,0.0083,0.0458,0.33,0.0023,17.0,6.0
2024-04-21,광진구,6705,40819,17.4,13.8,21.2,0.0,0.0087,0.0446,0.25,0.0024,15.0,5.0
2024-04-21,구로구,4963,66840,17.5,13.9,21.1,0.0,0.005,0.0393,0.26,0.0021,15.0,6.0
2024-04-21,금천구,1680,30780,17.5,13.6,21.0,0.0,0.0076,0.0474,0.32,0.0025,12.0,4.0
2024-04-21,노원구,8505,97783,17.0,12.7,20.8,0.0,0.0071,0.0504,0.25,0.0023,17.0,7.0
2024-04-21,도봉구,3145,61259,16.8,12.9,20.6,0.0,0.0055,0.0489,0.3,0.0028,15.0,7.0
2024-04-21,동대문구,4259,60849,17.4,13.8,21.0,0.0,0.0075,0.0467,0.26,0.0022,16.0,5.0
2024-04-21,동작구,2922,52216,18.1,13.8,23.5,0.0,0.0077,0.0484,0.27,0.0019,14.0,5.0
2024-04-21,마포구,7398,166145,17.1,13.5,21.2,0.0,0.0085,0.0529,0.28,0.0021,15.0,6.0
2024-04-21,서대문구,2766,55930,16.4,12.2,21.2,0.0,0.0083,0.0411,0.49,0.0021,15.0,6.0
2024-04-21,서초구,4375,112388,17.2,13.1,21.3,0.0,0.007,0.0421,0.35,0.0021,19.0,6.0
2024-04-21,성동구,5637,75260,17.4,13.8,21.3,0.0,0.0058,0.0477,0.25,0.0023,15.0,6.0
2024-04-21,성북구,2876,27085,16.4,12.8,19.7,0.0,0.0062,0.0429,0.46,0.0026,15.0,6.0
2024-04-21,송파구,13443,102621,17.7,13.9,21.5,0.0,0.0079,0.0443,0.31,0.0021,16.0,6.0
2024-04-21,양천구,7665,18120,17.6,14.1,20.9,0.0,0.0093,0.0511,0.3,0.0021,15.0,5.0
2024-04-21,영등포구,10659,168146,17.8,14.2,21.6,0.0,0.0076,0.0491,0.32,0.0021,15.0,7.0
2024-04-21,용산구,3541,0,17.7,13.8,21.2,0.0,0.0072,0.0426,0.29,0.0021,16.0,6.0
2024-04-21,은평구,3561,72051,17.4,13.9,20.9,0.0,0.0038,0.0502,0.37,0.0024,15.0,6.0
2024-04-21,종로구,3511,134068,16.3,12.2,20.0,0.0,0.0052,0.0472,0.26,0.0022,13.0,5.0
2024-04-21,중구,2325,131490,15.2,11.5,19.1,0.0,0.0097,0.0449,0.27,0.0025,12.0,6.0
2024-04-21,중랑구,3835,53081,17.1,13.7,20.5,0.0,0.0057,0.0436,0.25,0.002,14.0,6.0
2024-04-22,강남구,6800,393996,19.3,15.4,25.1,0.0,0.0143,0.0519,0.27,0.0021,31.0,17.0
2024-04-22,강동구,7866,98265,18.0,14.7,23.5,0.0,0.0081,0.0583,0.38,0.0026,25.0,11.0
2024-04-22,강북구,2409,49878,17.7,13.5,23.2,0.0,0.0085,0.0555,0.26,0.002,28.0,15.0
2024-04-22,강서구,21226,191028,19.2,15.6,24.4,0.0,0.0144,0.0518,0.37,0.0022,35.0,16.0
2024-04-22,관악구,3545,153737,17.5,13.4,24.2,0.0,0.0136,0.0508,0.33,0.0022,34.0,17.0
2024-04-22,광진구,8472,62116,18.9,15.1,24.4,0.0,0.0139,0.0486,0.22,0.0026,31.0,16.0
2024-04-22,구로구,7204,132552,18.9,15.4,24.7,0.0,0.0073,0.0445,0.26,0.0022,33.0,16.0
2024-04-22,금천구,3331,104513,19.2,15.4,24.3,0.0,0.0128,0.0532,0.31,0.0024,29.0,14.0
2024-04-22,노원구,10828,172530,18.1,12.6,24.5,0.0,0.0088,0.0563,0.25,0.0022,32.0,19.0
2024-04-22,도봉구,3835,96730,18.1,13.7,24.2,0.0,0.0078,0.054,0.28,0.0028,28.0,15.0
2024-04-22,동대문구,5698,108856,18.5,15.4,24.2,0.0,0.0119,0.0529,0.27,0.0022,32.0,16.0
2024-04-22,동작구,3495,94912,19.2,15.0,25.1,0.0,0.0122,0.0548,0.28,0.0019,30.0,15.0
2024-04-22,마포구,8471,256283,18.9,14.9,24.5,0.0,0.0111,0.0608,0.28,0.0021,31.0,17.0
2024-04-22,서대문구,3755,97235,18.1,13.9,22.8,0.0,0.0119,0.0446,0.46,0.002,29.0,15.0
2024-04-22,서초구,5883,152191,18.7,14.9,24.1,0.0,0.0133,0.0426,0.35,0.0022,39.0,15.0
2024-04-22,성동구,7166,130053,18.7,15.5,24.4,0.0,0.011,0.052,0.26,0.0031,31.0,17.0
2024-04-22,성북구,3699,52077,17.7,14.5,22.9,0.0,0.0106,0.047,0.4,0.0026,29.0,15.0
2024-04-22,송파구,16650,199787,19.3,15.6,24.7,0.0,0.0113,0.0502,0.29,0.002,33.0,16.0
2024-04-22,양천구,10096,37492,19.2,15.6,23.8,0.0,0.0151,0.0566,0.3,0.0022,31.0,15.0
2024-04-22,영등포구,15673,323797,19.6,15.9,24.7,0.0,0.013,0.0538,0.32,0.0021,31.0,18.0
2024-04-22,용산구,3669,0,19.5,15.6,26.1,0.0,0.0113,0.0479,0.29,0.0022,33.0,15.0
2024-04-22,은평구,4326,128128,18.3,14.3,23.0,0.0,0.0077,0.0496,0.36,0.0024,30.0,17.0
2024-04-22,종로구,5983,238786,18.1,14.1,23.0,0.0,0.0093,0.0529,0.29,0.0022,29.0,17.0
2024-04-22,중구,4489,276362,16.5,13.3,21.4,0.0,0.0154,0.0451,0.3,0.0026,26.0,18.0
2024-04-22,중랑구,5155,94568,18.4,15.4,23.8,0.0,0.0091,0.0483,0.26,0.0019,26.0,17.0
2024-04-23,강남구,5577,410978,17.9,13.6,24.5,0.0,0.0136,0.0495,0.27,0.002,21.0,11.0
2024-04-23,강동구,7097,100377,16.6,12.8,22.6,0.0,0.0068,0.0558,0.37,0.0026,14.0,4.0
2024-04-23,강북구,2124,51065,16.3,10.4,23.5,0.0,0.0084,0.0519,0.25,0.0018,17.0,10.0
2024-04-23,강서구,19039,192964,17.6,13.5,24.0,0.0,0.0136,0.052,0.36,0.0022,24.0,13.0
2024-04-23,관악구,3029,159870,16.1,11.3,23.6,0.0,0.0126,0.0481,0.32,0.0021,23.0,11.0
2024-04-23,광진구,7187,64244,17.3,13.6,24.2,0.0,0.0103,0.0469,0.21,0.0025,21.0,10.0
2024-04-23,구로구,6180,134852,17.3,14.0,23.1,0.0,0.0076,0.0427,0.26,0.0021,24.0,11.0
2024-04-23,금천구,2836,106590,17.5,14.1,24.2,0.0,0.0148,0.0508,0.3,0.0023,21.0,10.0
2024-04-23,노원구,9796,176565,16.4,9.2,23.0,0.0,0.0078,0.055,0.24,0.0021,21.0,12.0
2024-04-23,도봉구,3359,99359,16.8,11.1,22.9,0.0,0.0078,0.0497,0.28,0.0027,20.0,9.0
2024-04-23,동대문구,5124,110774,17.1,12.7,24.7,0.0,0.0111,0.0504,0.26,0.0022,20.0,10.0
2024-04-23,동작구,2759,97044,17.5,11.0,24.4,0.0,0.0129,0.05,0.27,0.0018,22.0,11.0
2024-04-23,마포구,6859,265709,17.1,13.6,24.5,0.5,0.0103,0.0584,0.27,0.0019,21.0,12.0
2024-04-23,서대문구,3086,102456,16.4,12.0,23.5,0.5,0.0101,0.0438,0.45,0.002,20.0,10.0
2024-04-23,서초구,4632,153245,17.4,12.8,23.3,0.0,0.0133,0.0405,0.4,0.002,27.0,10.0
2024-04-23,성동구,6037,136049,17.0,13.9,22.6,0.0,0.0098,0.0499,0.25,0.0031,20.0,11.0
2024-04-23,성북구,3423,53520,16.2,11.8,22.0,0.0,0.0091,0.0455,0.34,0.0025,18.0,8.0
2024-04-23,송파구,14263,211138,17.8,14.0,24.1,0.0,0.011,0.0484,0.27,0.0022,23.0,12.0
2024-04-23,양천구,8695,38901,17.6,14.3,23.7,0.0,0.0144,0.0556,0.28,0.0022,23.0,10.0
2024-04-23,영등포구,12791,334865,17.9,14.6,23.6,0.0,0.0135,0.0455,0.31,0.002,22.0,13.0
2024-04-23,용산구,2643,0,17.6,13.9,24.3,0.0,0.0106,0.046,0.28,0.002,22.0,11.0
2024-04-23,은평구,3594,130734,17.0,13.3,23.2,0.0,0.0064,0.0459,0.35,0.0024,21.0,9.0
2024-04-23,종로구,5507,249347,16.6,12.7,23.9,0.0,0.0087,0.0515,0.28,0.0022,19.0,11.0
2024-04-23,중구,3896,285288,15.0,11.6,21.6,0.0,0.0139,0.0389,0.29,0.0026,17.0,11.0
2024-04-23,중랑구,4459,96940,16.8,13.2,23.9,0.0,0.0085,0.0455,0.25,0.0018,17.0,10.0
2024-04-24,강남구,3727,406016,13.6,11.3,19.0,14.5,0.0139,0.0358,0.28,0.002,11.0,6.0
2024-04-24,강동구,4829,99026,13.3,10.8,17.0,11.0,0.0105,0.038,0.39,0.0025,7.0,2.0
2024-04-24,강북구,1539,50080,12.6,9.2,16.8,9.5,0.0077,0.0388,0.24,0.0017,8.0,4.0
2024-04-24,강서구,14242,192436,13.7,11.5,18.0,8.0,0.0123,0.0351,0.3,0.0022,12.0,6.0
2024-04-24,관악구,2395,159454,12.0,9.5,16.2,16.5,0.0132,0.0347,0.33,0.002,14.0,7.0
2024-04-24,광진구,5424,64289,13.7,11.5,18.3,11.5,0.0127,0.0323,0.25,0.0025,11.0,4.0
2024-04-24,구로구,4525,134212,13.6,11.0,18.4,10.0,0.0084,0.0294,0.26,0.0021,13.0,6.0
2024-04-24,금천구,1678,104038,13.0,10.3,18.5,13.0,0.0139,0.0353,0.3,0.0024,12.0,5.0
2024-04-24,노원구,7290,174053,13.3,9.8,17.0,9.5,0.0095,0.0373,0.25,0.0021,11.0,6.0
2024-04-24,도봉구,2527,95818,13.4,10.8,16.3,10.0,0.0065,0.0368,0.28,0.0027,9.0,4.0
2024-04-24,동대문구,3739,109421,13.3,11.0,17.3,9.5,0.0127,0.034,0.27,0.002,11.0,5.0
2024-04-24,동작구,2023,95846,13.6,11.0,17.8,14.0,0.0122,0.0368,0.26,0.0018,11.0,6.0
2024-04-24,마포구,5407,262929,12.8,10.5,17.7,9.5,0.0124,0.0397,0.27,0.002,11.0,5.0
2024-04-24,서대문구,2164,100560,12.3,9.7,16.7,8.0,0.0108,0.03,0.5,0.002,13.0,4.0
2024-04-24,서초구,3388,153343,13.5,11.0,17.8,14.0,0.0121,0.0344,0.36,0.0021,14.0,4.0
2024-04-24,성동구,4090,131707,13.2,11.1,17.6,12.5,0.013,0.0328,0.26,0.0028,12.0,5.0
2024-04-24,성북구,2574,53092,12.3,10.3,15.9,8.0,0.0099,0.0304,0.38,0.0027,10.0,5.0
2024-04-24,송파구,9763,209461,13.7,11.3,17.1,13.5,0.0122,0.0333,0.27,0.0019,13.0,5.0
2024-04-24,양천구,6779,37953,13.3,11.0,17.5,12.5,0.0143,0.0373,0.28,0.0021,12.0,4.0
2024-04-24,영등포구,8644,334016,13.5,11.1,17.9,0.5,0.0124,0.0318,0.27,0.0021,11.0,6.0
2024-04-24,용산구,2249,0,13.5,11.3,17.2,13.0,0.0138,0.031,0.31,0.002,12.0,4.0
2024-04-24,은평구,2885,129473,12.6,9.8,16.3,7.0,0.0086,0.031,0.39,0.0024,12.0,6.0
2024-04-24,종로구,3731,248508,12.2,9.3,15.9,12.0,0.0111,0.0341,0.29,0.0021,10.0,6.0
2024-04-24,중구,2509,283261,11.2,9.0,15.9,9.0,0.0133,0.0274,0.27,0.0024,8.0,5.0
2024-04-24,중랑구,3310,95541,13.4,11.2,16.6,10.5,0.0118,0.0315,0.27,0.0018,11.0,5.0
2024-04-25,강남구,6183,414747,15.4,10.7,22.4,0.0,0.019,0.0546,0.39,0.0022,32.0,22.0
2024-04-25,강동구,7796,102610,15.0,10.7,21.2,0.0,0.0164,0.0463,0.48,0.0027,29.0,19.0
2024-04-25,강북구,2371,52734,13.9,9.4,21.2,0.0,0.0138,0.049,0.36,0.0019,22.0,14.0
2024-04-25,강서구,20338,196078,13.8,10.2,21.2,0.0,0.018,0.0551,0.39,0.0024,32.0,19.0
2024-04-25,관악구,3499,166423,12.7,8.6,21.0,0.0,0.0188,0.0535,0.45,0.0023,33.0,20.0
2024-04-25,광진구,8315,66925,15.6,11.0,22.3,0.0,0.0195,0.0473,0.38,0.0025,28.0,17.0
2024-04-25,구로구,6891,136871,13.9,9.5,21.7,0.0,0.0082,0.0345,0.3,0.0021,19.0,13.0
2024-04-25,금천구,3152,105858,14.4,9.7,21.2,0.0,0.0216,0.0484,0.44,0.0026,31.0,20.0
2024-04-25,노원구,11031,180398,14.4,10.1,22.0,0.0,0.019,0.0474,0.37,0.0021,28.0,17.0
2024-04-25,도봉구,3709,101607,14.5,10.5,21.4,0.0,0.0135,0.0487,0.4,0.0028,30.0,19.0
2024-04-25,동대문구,5697,115711,14.9,10.7,21.4,0.0,0.0178,0.051,0.37,0.0022,28.0,16.0
2024-04-25,동작구,3384,98719,14.4,10.7,22.0,0.0,0.0172,0.0544,0.39,0.002,30.0,19.0
2024-04-25,마포구,8325,277922,14.1,9.8,21.4,0.0,0.0205,0.0587,0.39,0.0022,30.0,19.0
2024-04-25,서대문구,3372,103417,13.2,9.5,20.3,0.0,0.016,0.0422,0.58,0.0021,32.0,19.0
2024-04-25,서초구,5487,161764,14.7,10.4,21.7,0.0,0.0159,0.0548,0.39,0.0022,41.0,21.0
2024-04-25,성동구,6737,139697,14.7,10.4,21.2,0.0,0.0192,0.0487,0.38,0.0025,29.0,17.0
2024-04-25,성북구,3911,54920,13.8,9.7,20.1,0.0,0.0166,0.044,0.51,0.0028,31.0,18.0
2024-04-25,송파구,16290,214948,15.3,10.7,21.5,0.0,0.0184,0.0494,0.39,0.0021,32.0,19.0
2024-04-25,양천구,9645,38718,14.2,9.9,21.1,0.0,0.0194,0.0608,0.39,0.0024,31.0,19.0
2024-04-25,영등포구,14368,341431,14.5,10.1,21.1,0.0,0.0179,0.0494,0.39,0.0022,29.0,22.0
2024-04-25,용산구,3341,0,14.9,10.6,21.5,0.0,0.0202,0.0473,0.41,0.0021,30.0,17.0
2024-04-25,은평구,4242,134325,13.2,9.4,20.1,0.0,0.0154,0.0433,0.53,0.0025,35.0,22.0
2024-04-25,종로구,5945,259640,13.7,8.8,21.0,0.0,0.0165,0.0506,0.41,0.0023,28.0,18.0
2024-04-25,중구,4290,293280,13.1,8.5,20.9,0.0,0.019,0.0489,0.38,0.0026,24.0,18.0
2024-04-25,중랑구,5095,98829,15.1,11.0,21.5,0.0,0.0186,0.0457,0.39,0.0019,25.0,18.0
2024-04-26,강남구,6461,426434,18.1,11.4,26.6,0.0,0.0301,0.0454,0.46,0.0026,66.0,33.0
2024-04-26,강동구,7988,103218,17.8,11.0,25.8,0.0,0.0269,0.0489,0.57,0.0029,78.0,30.0
2024-04-26,강북구,2310,53180,17.0,9.4,26.4,0.0,0.014,0.0554,0.38,0.0023,49.0,19.0
2024-04-26,강서구,21485,202245,17.0,10.2,25.9,0.0,0.0276,0.043,0.49,0.0032,54.0,23.0
2024-04-26,관악구,3644,173499,15.3,8.6,25.4,0.0,0.0328,0.0412,0.6,0.0029,69.0,32.0
2024-04-26,광진구,8576,72734,18.8,12.2,27.0,0.0,0.0301,0.0395,0.44,0.0029,71.0,25.0
2024-04-26,구로구,7444,138505,,,,0.0,0.0192,0.0731,0.51,0.0038,101.0,29.0
2024-04-26,금천구,3244,104473,18.2,12.1,26.1,0.0,0.0315,0.0423,0.57,0.0034,60.0,28.0
2024-04-26,노원구,11429,182933,16.8,8.0,26.8,0.0,0.0229,0.0455,0.44,0.0026,60.0,25.0
2024-04-26,도봉구,3899,104118,17.3,10.0,26.2,0.0,0.0169,0.0504,0.43,0.003,62.0,25.0
2024-04-26,동대문구,5925,117309,18.4,11.7,26.5,0.0,0.0257,0.0456,0.44,0.0027,66.0,23.0
2024-04-26,동작구,3565,104013,17.3,10.1,26.9,0.0,0.0315,0.0392,0.54,0.0026,59.0,29.0
2024-04-26,마포구,9019,298618,18.0,12.2,26.4,0.0,0.0316,0.0429,0.47,0.0027,57.0,22.0
2024-04-26,서대문구,3512,107581,16.8,10.4,25.6,0.0,0.0233,0.0418,0.57,0.0027,68.0,24.0
2024-04-26,서초구,5763,179039,17.6,10.8,26.0,0.0,0.0277,0.0407,0.52,0.0025,93.0,37.0
2024-04-26,성동구,7373,149476,18.4,12.6,26.1,0.0,0.0317,0.0385,0.47,0.0035,70.0,26.0
2024-04-26,성북구,4045,54675,17.3,10.6,25.3,0.0,0.0221,0.0408,0.58,0.0031,67.0,24.0
2024-04-26,송파구,17439,227402,18.9,12.6,26.3,0.0,0.0327,0.0378,0.52,0.0029,74.0,27.0
2024-04-26,양천구,10719,39675,18.4,12.5,26.3,0.0,0.0316,0.0473,0.49,0.003,55.0,22.0
2024-04-26,영등포구,15793,354783,18.7,13.0,26.4,0.0,0.0323,0.0368,0.47,0.0028,50.0,27.0
2024-04-26,용산구,3891,0,18.4,11.7,26.4,0.0,0.0341,0.0351,0.55,0.0028,71.0,24.0
2024-04-26,은평구,4394,136773,15.5,7.5,25.5,0.0,0.0178,0.0392,0.54,0.0027,67.0,23.0
2024-04-26,종로구,5948,271718,17.5,10.9,25.8,0.0,0.0229,0.0458,0.48,0.003,64.0,26.0
2024-04-26,중구,4462,300204,16.8,11.3,26.2,0.0,0.0268,0.0415,0.45,0.0031,51.0,24.0
2024-04-26,중랑구,5251,100595,18.8,12.4,26.7,0.0,0.0205,0.0464,0.41,0.0023,56.0,29.0
2024-04-27,강남구,5414,255176,18.5,10.6,27.4,0.0,0.0276,0.049,0.49,0.0031,52.0,29.0
2024-04-27,강동구,7550,72359,18.6,10.7,26.5,0.0,0.0271,0.0502,0.61,0.0033,55.0,22.0
2024-04-27,강북구,2301,43840,17.5,8.9,27.1,0.0,0.0127,0.0551,0.36,0.0023,42.0,15.0
2024-04-27,강서구,16099,144718,17.2,9.7,26.4,0.0,0.0236,0.0487,0.46,0.0037,53.0,28.0
2024-04-27,관악구,3791,142755,15.8,8.2,25.6,0.0,0.0261,0.0481,0.56,0.0036,61.0,34.0
2024-04-27,광진구,8830,65357,19.5,12.5,27.9,0.0,0.0301,0.0427,0.49,0.0033,52.0,23.0
2024-04-27,구로구,5976,96469,18.0,10.5,27.1,0.0,0.019,0.0504,0.56,0.0033,72.0,42.0
2024-04-27,금천구,2025,45174,18.2,12.1,25.9,0.0,0.0238,0.0474,0.5,0.0037,48.0,27.0
2024-04-27,노원구,10449,144398,17.4,6.9,28.7,0.0,0.0201,0.0482,0.4,0.0027,51.0,18.0
2024-04-27,도봉구,3726,84275,17.8,9.3,26.9,0.0,0.0133,0.0533,0.39,0.0031,49.0,15.0
2024-04-27,동대문구,5047,88140,19.2,12.2,27.4,0.0,0.023,0.0484,0.45,0.003,48.0,18.0
2024-04-27,동작구,3673,80737,17.5,9.2,27.2,0.0,0.0206,0.0538,0.44,0.003,44.0,20.0
2024-04-27,마포구,9588,267587,18.7,12.4,26.8,0.0,0.0268,0.0502,0.45,0.0029,49.0,27.0
2024-04-27,서대문구,3325,90017,17.2,10.1,26.1,0.0,0.0169,0.0516,0.5,0.0028,50.0,17.0
2024-04-27,서초구,5149,151720,18.2,9.8,26.6,0.0,0.0216,0.0492,0.49,0.0028,73.0,35.0
2024-04-27,성동구,6694,113265,19.0,12.8,26.3,0.0,0.0279,0.0455,0.48,0.0038,52.0,23.0
2024-04-27,성북구,3409,38914,17.9,10.5,26.4,0.0,0.0177,0.0435,0.55,0.0032,51.0,16.0
2024-04-27,송파구,17952,171879,19.7,12.6,27.3,0.0,0.0269,0.0438,0.48,0.0031,55.0,23.0
2024-04-27,양천구,9778,27753,18.5,12.2,26.5,0.0,0.0249,0.0546,0.47,0.0035,55.0,31.0
2024-04-27,영등포구,13556,246841,19.5,13.3,27.5,0.0,0.0252,0.044,0.48,0.0032,51.0,37.0
2024-04-27,용산구,4745,0,18.8,11.4,26.5,0.0,0.0279,0.0426,0.56,0.0032,53.0,24.0
2024-04-27,은평구,4418,106749,15.7,6.1,25.8,0.0,0.0141,0.0424,0.51,0.0028,51.0,18.0
2024-04-27,종로구,4218,211269,17.8,10.6,26.5,0.0,0.0203,0.0493,0.45,0.0032,45.0,20.0
2024-04-27,중구,2749,195710,18.0,11.6,26.5,0.0,0.0224,0.0466,0.44,0.0032,37.0,20.0
2024-04-27,중랑구,4750,78747,19.6,12.4,27.2,0.0,0.0216,0.0457,0.46,0.0026,42.0,25.0
2024-04-28,강남구,5198,157807,20.5,11.2,29.5,0.0,0.0228,0.0581,0.43,0.0029,33.0,20.0
2024-04-28,강동구,6986,50759,20.4,11.8,29.0,0.0,0.0214,0.0587,0.59,0.0031,31.0,16.0
2024-04-28,강북구,2048,32273,19.4,10.8,28.8,0.0,0.0135,0.0001,0.4,0.0026,32.0,19.0
2024-04-28,강서구,14216,108974,19.3,10.9,28.6,0.0,0.0253,0.0536,0.48,0.0037,41.0,22.0
2024-04-28,관악구,3611,104340,17.9,9.9,27.9,0.0,0.0249,0.0529,0.53,0.0034,42.0,22.0
2024-04-28,광진구,8052,46799,21.3,13.4,30.4,0.0,0.0271,0.0474,0.47,0.0031,35.0,18.0
2024-04-28,구로구,5396,70629,20.1,11.3,28.9,0.0,0.0165,0.0601,0.5,0.0032,48.0,25.0
2024-04-28,금천구,1756,32277,20.8,12.7,28.2,0.0,0.0227,0.0539,0.45,0.0033,31.0,16.0
2024-04-28,노원구,9237,105280,18.9,8.3,29.7,0.0,0.0177,0.0552,0.42,0.0029,35.0,18.0
2024-04-28,도봉구,3462,65217,19.5,11.4,28.3,0.0,0.0129,0.0594,0.45,0.0032,35.0,18.0
2024-04-28,동대문구,4629,66296,21.2,13.2,29.4,0.0,0.0227,0.0568,0.46,0.0031,40.0,20.0
2024-04-28,동작구,3361,55788,19.5,10.3,29.7,0.0,0.0206,0.0573,0.43,0.0026,31.0,16.0
2024-04-28,마포구,9431,210974,21.0,13.8,29.2,0.0,0.0276,0.0587,0.47,0.0031,38.0,21.0
2024-04-28,서대문구,3420,62519,19.5,11.5,28.3,0.0,0.0191,0.0549,0.57,0.0032,38.0,19.0
2024-04-28,서초구,4967,129217,19.8,10.5,28.9,0.0,0.0191,0.057,0.46,0.0027,45.0,20.0
2024-04-28,성동구,6207,82121,20.8,13.2,28.9,0.0,0.026,0.0512,0.46,0.0038,34.0,18.0
2024-04-28,성북구,3188,28726,19.9,12.5,28.4,0.0,0.0168,0.0504,0.58,0.0033,36.0,19.0
2024-04-28,송파구,15470,118619,21.6,14.2,29.4,0.0,0.0226,0.0524,0.43,0.0027,35.0,19.0
2024-04-28,양천구,8509,19750,20.7,13.0,29.0,0.0,0.0247,0.0616,0.45,0.0034,37.0,19.0
2024-04-28,영등포구,12802,191264,21.4,14.4,29.3,0.0,0.0229,0.0505,0.44,0.0031,35.0,22.0
2024-04-28,용산구,4490,0,20.7,12.5,29.2,0.0,0.0292,0.0472,0.56,0.0033,41.0,20.0
2024-04-28,은평구,3822,77936,17.9,8.3,28.4,0.0,0.0166,0.0467,0.57,0.0029,40.0,20.0
2024-04-28,종로구,4209,147736,20.1,11.5,28.5,0.0,0.0196,0.0578,0.47,0.0033,35.0,21.0
2024-04-28,중구,2573,148726,19.9,13.5,28.4,0.0,0.0243,0.0535,0.48,0.0034,30.0,20.0
2024-04-28,중랑구,4417,55803,21.5,14.2,29.3,0.0,0.0202,0.0499,0.44,0.0026,31.0,21.0
2024-04-29,강남구,6934,402342,21.1,17.3,26.4,0.0,0.0155,0.0573,0.31,0.0023,39.0,20.0
2024-04-29,강동구,7986,99516,20.4,16.8,25.0,0.0,0.0102,0.0616,0.45,0.0027,33.0,13.0
2024-04-29,강북구,2416,51078,19.6,14.2,26.2,0.0,0.0107,0.0706,0.3,0.0022,37.0,20.0
2024-04-29,강서구,21295,193450,20.4,15.5,26.5,0.0,0.0182,0.0519,0.4,0.0028,45.0,20.0
2024-04-29,관악구,3711,156130,18.5,13.8,25.1,0.0,0.0162,0.0537,0.39,0.0026,43.0,21.0
2024-04-29,광진구,9241,66607,21.2,17.4,26.6,0.0,0.0134,0.0527,0.26,0.0028,38.0,17.0
2024-04-29,구로구,7267,133519,21.0,17.1,26.7,0.0,0.0118,0.0571,0.36,0.0025,47.0,20.0
2024-04-29,금천구,3418,105337,21.0,17.8,26.1,0.0,0.0188,0.0506,0.39,0.0029,37.0,19.0
2024-04-29,노원구,11545,175208,19.3,12.8,26.0,0.0,0.0119,0.0578,0.3,0.0025,44.0,22.0
2024-04-29,도봉구,3959,97875,20.0,14.4,25.5,0.0,0.0106,0.0578,0.37,0.0031,43.0,19.0
2024-04-29,동대문구,6004,111478,21.1,17.6,25.8,0.0,0.0155,0.0554,0.32,0.0025,41.0,19.0
2024-04-29,동작구,3465,97019,21.0,16.4,27.6,0.0,0.0153,0.0557,0.33,0.0022,38.0,17.0
2024-04-29,마포구,8678,275882,20.6,17.2,26.7,0.0,0.0168,0.0622,0.34,0.0025,44.0,20.0
2024-04-29,서대문구,3569,105528,19.6,15.9,25.2,0.0,0.0126,0.0614,0.39,0.0023,49.0,18.0
2024-04-29,서초구,5603,155982,20.3,16.9,25.8,0.0,0.0164,0.0547,0.36,0.0023,55.0,20.0
2024-04-29,성동구,7215,137609,20.7,17.8,26.4,0.0,0.0162,0.0544,0.31,0.0037,40.0,19.0
2024-04-29,성북구,4055,53586,19.8,16.2,25.1,0.0,0.0126,0.0493,0.44,0.0029,44.0,19.0
2024-04-29,송파구,16976,203993,21.3,18.0,26.1,0.0,0.0133,0.0544,0.32,0.0024,41.0,19.0
2024-04-29,양천구,10255,37834,21.0,18.0,25.7,0.0,0.0182,0.0583,0.35,0.0025,40.0,18.0
2024-04-29,영등포구,15853,332006,21.6,18.5,26.7,0.0,0.018,0.0484,0.34,0.0025,39.0,22.0
2024-04-29,용산구,3581,0,21.4,18.0,26.3,0.0,0.017,0.0509,0.35,0.0025,44.0,19.0
2024-04-29,은평구,4283,130898,18.9,13.4,25.6,0.0,0.0125,0.0471,0.48,0.0026,49.0,22.0
2024-04-29,종로구,6152,250970,20.2,16.8,25.7,0.0,0.0134,0.0569,0.34,0.0028,41.0,22.0
2024-04-29,중구,4489,292159,18.7,15.6,24.2,0.0,0.0168,0.0522,0.33,0.0029,34.0,20.0
2024-04-29,중랑구,5346,95759,21.0,17.2,25.5,0.0,0.0117,0.0524,0.31,0.0021,34.0,21.0
2024-04-30,강남구,6685,423022,19.0,15.9,23.4,0.0,0.0203,0.0515,0.42,0.0032,49.0,31.0
2024-04-30,강동구,8287,103077,18.7,16.2,22.7,0.0,0.0218,0.05,0.57,0.0035,55.0,33.0
2024-04-30,강북구,2432,53123,18.3,14.9,23.2,0.0,0.0143,0.057,0.42,0.0033,51.0,32.0
2024-04-30,강서구,22056,199308,18.2,15.7,23.2,0.0,0.0242,0.046,0.46,0.0042,65.0,33.0
2024-04-30,관악구,3698,169745,16.1,12.5,19.9,0.0,0.0195,0.0481,0.5,0.0037,60.0,33.0
2024-04-30,광진구,9198,71190,19.4,16.8,23.7,0.0,0.0238,0.043,0.44,0.0034,49.0,29.0
2024-04-30,구로구,7645,140269,17.4,14.6,22.0,0.0,0.0138,0.0531,0.37,0.0034,69.0,38.0
2024-04-30,금천구,3387,108176,17.6,15.1,21.3,0.0,0.0233,0.0433,0.44,0.0038,52.0,30.0
2024-04-30,노원구,11900,183409,18.8,14.6,24.2,0.0,0.0203,0.0505,0.43,0.0033,56.0,36.0
2024-04-30,도봉구,3948,103651,18.6,16.2,22.7,0.0,0.0156,0.0524,0.55,0.0041,60.0,35.0
2024-04-30,동대문구,6119,116789,19.0,16.7,22.9,0.0,0.0231,0.0493,0.46,0.0038,58.0,33.0
2024-04-30,동작구,3409,102016,18.2,14.5,22.5,0.0,0.0171,0.0499,0.41,0.0031,49.0,27.0
2024-04-30,마포구,8639,291034,18.1,15.2,22.8,0.0,0.0251,0.0512,0.46,0.0037,58.0,32.0
2024-04-30,서대문구,3677,112602,17.7,13.8,22.5,0.0,0.0226,0.0468,0.6,0.0038,65.0,33.0
2024-04-30,서초구,5758,163822,18.4,14.8,22.6,0.0,0.0209,0.0451,0.44,0.0031,70.0,36.0
2024-04-30,성동구,7165,146284,18.5,16.0,21.9,0.0,0.0235,0.0445,0.44,0.0039,52.0,29.0
2024-04-30,성북구,4018,55490,18.0,15.6,22.2,0.0,0.0195,0.0449,0.59,0.0042,63.0,34.0
2024-04-30,송파구,17520,226243,19.3,17.1,23.4,0.0,0.0193,0.0441,0.42,0.0063,53.0,28.0
2024-04-30,양천구,10359,39788,17.9,15.2,21.7,0.0,0.0227,0.0498,0.45,0.0034,59.0,32.0
2024-04-30,영등포구,15705,349074,18.5,16.2,22.5,0.0,0.0209,0.0423,0.44,0.0034,51.0,33.0
2024-04-30,용산구,3577,0,18.7,16.5,22.3,0.0,0.0233,0.0421,0.48,0.0037,57.0,30.0
2024-04-30,은평구,4407,136048,16.7,12.6,22.2,0.0,0.0203,0.0397,0.59,0.0038,68.0,38.0
2024-04-30,종로구,6439,262202,17.3,14.3,21.4,0.0,0.0221,0.0469,0.49,0.0041,58.0,34.0
2024-04-30,중구,4480,304549,17.4,14.4,22.7,0.0,0.0241,0.0431,0.46,0.0039,49.0,33.0
2024-04-30,중랑구,5457,100407,19.3,16.7,22.9,0.0,0.0221,0.0428,0.46,0.003,47.0,34.0
2024-05-01,강남구,6070,218027,18.8,14.8,24.6,0.0,0.0112,0.053,0.28,0.0023,23.0,14.0
2024-05-01,강동구,8032,70573,17.7,13.7,23.4,0.0,0.0094,0.0548,0.38,0.0026,16.0,8.0
2024-05-01,강북구,2600,43746,17.8,13.0,23.8,0.0,0.0076,0.0533,0.26,0.002,23.0,14.0
2024-05-01,강서구,18291,132325,18.3,14.4,24.5,0.0,0.0147,0.0492,0.37,0.0026,32.0,16.0
2024-05-01,관악구,4336,120724,16.2,11.3,23.1,0.0,0.0141,0.0483,0.38,0.0027,31.0,17.0
2024-05-01,광진구,10260,59850,18.8,14.3,24.6,0.0,0.0106,0.0476,0.19,0.0027,22.0,13.0
2024-05-01,구로구,6780,87713,18.1,14.3,23.7,0.0,0.0085,0.0562,0.28,0.0024,33.0,16.0
2024-05-01,금천구,2370,42673,18.2,14.8,23.6,0.0,0.0134,0.0486,0.37,0.0026,26.0,15.0
2024-05-01,노원구,12130,139503,17.3,11.3,24.5,0.0,0.0096,0.0527,0.27,0.0023,26.0,16.0
2024-05-01,도봉구,4377,83059,17.9,14.0,23.6,0.0,0.0069,0.0534,0.33,0.0029,24.0,12.0
2024-05-01,동대문구,5995,86434,18.5,14.4,24.4,0.0,0.0098,0.0533,0.27,0.0024,24.0,13.0
2024-05-01,동작구,4075,74962,18.1,13.6,25.1,0.0,0.0115,0.0515,0.3,0.0021,25.0,14.0
2024-05-01,마포구,10491,221081,18.4,13.8,24.2,0.0,0.0131,0.0571,0.3,0.0023,27.0,15.0
2024-05-01,서대문구,3711,87207,17.1,13.1,22.8,0.0,0.0101,0.0536,0.32,0.0021,29.0,13.0
2024-05-01,서초구,5504,120756,17.9,14.0,23.5,0.0,0.0096,0.0525,0.33,0.0023,31.0,14.0
2024-05-01,성동구,7478,106942,18.2,14.4,23.7,0.0,0.0107,0.0504,0.27,0.0031,23.0,13.0
2024-05-01,성북구,4206,39632,17.2,13.7,22.8,0.0,0.0071,0.0475,0.38,0.0028,24.0,12.0
2024-05-01,송파구,18964,148828,18.8,14.8,24.4,0.0,0.0113,0.0484,0.29,0.0026,27.0,15.0
2024-05-01,양천구,10612,26705,18.3,14.9,23.5,0.0,0.0134,0.054,0.32,0.0024,28.0,14.0
2024-05-01,영등포구,15232,206417,18.9,15.2,23.8,0.0,0.0124,0.0468,0.31,0.0023,25.0,16.0
2024-05-01,용산구,4769,0,19.0,14.8,24.9,0.0,0.0121,0.0465,0.31,0.0023,26.0,15.0
2024-05-01,은평구,4690,102030,16.6,10.7,23.3,0.0,0.0082,0.0439,0.35,0.0025,29.0,14.0
2024-05-01,종로구,5360,215646,17.3,13.4,23.3,0.0,0.008,0.0538,0.29,0.0024,24.0,15.0
2024-05-01,중구,3664,211231,16.1,12.2,22.0,0.0,0.0117,0.0497,0.28,0.0027,21.0,14.0
2024-05-01,중랑구,5334,70914,18.4,14.4,23.8,0.0,0.009,0.0476,0.26,0.0019,20.0,13.0
2024-05-02,강남구,7112,421472,18.9,13.4,25.2,0.0,0.021,0.0477,0.33,0.0026,32.0,19.0
2024-05-02,강동구,8023,101757,18.4,11.9,24.8,0.0,0.0192,0.0505,0.45,0.0031,30.0,13.0
2024-05-02,강북구,2433,52822,17.1,10.6,23.7,0.0,0.0128,0.0517,0.31,0.0022,31.0,18.0
2024-05-02,강서구,22211,197106,17.9,12.1,24.7,0.0,0.0208,0.0465,0.34,0.0031,37.0,19.0
2024-05-02,관악구,3864,163713,15.9,10.0,22.6,0.0,0.0216,0.0454,0.42,0.0031,39.0,20.0
2024-05-02,광진구,8996,69871,,,,0.0,0.0247,0.0405,0.33,0.003,33.0,18.0
2024-05-02,구로구,7749,138785,18.0,12.2,24.1,0.0,0.0148,0.0515,0.31,0.003,41.0,21.0
2024-05-02,금천구,3497,105743,18.5,14.1,23.6,0.0,0.0239,0.0429,0.44,0.0033,34.0,18.0
2024-05-02,노원구,12333,182421,16.6,8.3,25.7,0.0,0.0168,0.0499,0.32,0.0025,36.0,20.0
2024-05-02,도봉구,4089,102083,17.5,11.6,23.8,0.0,0.0173,0.0345,0.41,0.003,33.0,19.0
2024-05-02,동대문구,5952,116887,18.9,13.7,24.4,0.0,0.0208,0.0476,0.33,0.0027,35.0,19.0
2024-05-02,동작구,3496,99101,17.4,10.5,24.5,0.0,0.0196,0.0473,0.34,0.0026,33.0,18.0
2024-05-02,마포구,8844,290628,18.8,14.1,24.3,0.0,0.0226,0.0494,0.35,0.0027,35.0,19.0
2024-05-02,서대문구,3660,112519,17.5,12.2,24.5,0.0,0.0181,0.0463,0.39,0.0028,39.0,17.0
2024-05-02,서초구,5830,163788,18.0,11.0,24.7,0.0,0.0172,0.0475,0.36,0.0026,46.0,20.0
2024-05-02,성동구,7460,145301,18.6,14.1,23.8,0.0,0.0211,0.0438,0.33,0.0032,32.0,17.0
2024-05-02,성북구,3809,55439,17.5,12.2,23.3,0.0,0.0171,0.0409,0.45,0.0031,37.0,17.0
2024-05-02,송파구,17585,223104,19.3,14.3,24.1,0.0,0.0218,0.0427,0.33,0.0025,36.0,19.0
2024-05-02,양천구,10632,39501,18.8,14.5,24.5,0.0,0.0206,0.0493,0.34,0.0033,34.0,18.0
2024-05-02,영등포구,16696,345197,19.3,15.5,24.5,0.0,0.0213,0.0417,0.34,0.0027,31.0,20.0
2024-05-02,용산구,4022,0,18.9,13.2,24.1,0.0,0.026,0.0378,0.4,0.0027,37.0,20.0
2024-05-02,은평구,4423,132852,15.2,7.8,23.5,0.0,0.0154,0.0389,0.4,0.0029,38.0,19.0
2024-05-02,종로구,6308,266061,17.7,12.6,23.0,0.0,0.0183,0.0469,0.36,0.0033,34.0,20.0
2024-05-02,중구,4650,302018,17.6,12.7,23.9,0.0,0.0207,0.0448,0.33,0.0029,27.0,19.0
2024-05-02,중랑구,5652,97900,19.1,14.1,24.6,0.0,0.0175,0.0442,0.33,0.0023,29.0,19.0
2024-05-03,강남구,7030,430685,19.5,11.0,28.9,0.0,0.0303,0.0545,0.4,0.0032,45.0,26.0
2024-05-03,강동구,8319,102672,19.5,10.8,27.6,0.0,0.0319,0.052,0.55,0.0034,45.0,22.0
2024-05-03,강북구,2507,53566,18.4,9.2,28.1,0.0,0.0161,0.0631,0.35,0.0026,38.0,22.0
2024-05-03,강서구,22808,203500,18.6,10.4,28.5,0.0,0.0267,0.0533,0.39,0.0037,47.0,23.0
2024-05-03,관악구,3795,169954,17.0,8.5,26.9,0.0,0.0274,0.0533,0.43,0.0036,51.0,26.0
2024-05-03,광진구,9217,73706,,,,,,,,,,
2024-05-03,구로구,7783,139981,18.9,10.9,28.1,0.0,0.0172,0.0624,0.33,0.0034,56.0,27.0
2024-05-03,금천구,3554,105000,19.4,12.5,28.1,0.0,0.0279,0.0521,0.43,0.0038,42.0,22.0
2024-05-03,노원구,11888,186233,18.1,6.6,28.6,0.0,0.025,0.057,0.4,0.0032,46.0,25.0
2024-05-03,도봉구,4117,104371,18.8,9.7,27.9,0.0,0.014,0.0785,0.46,0.0038,56.0,26.0
2024-05-03,동대문구,6183,118888,20.4,12.5,28.3,0.0,0.0308,0.0527,0.42,0.0034,47.0,25.0
2024-05-03,동작구,3597,103837,18.3,9.6,29.0,0.0,0.0231,0.0583,0.37,0.0031,40.0,22.0
2024-05-03,마포구,9672,309146,19.8,12.8,28.0,0.0,0.0304,0.0568,0.4,0.0031,49.0,24.0
2024-05-03,서대문구,3731,114467,18.4,10.6,27.3,0.0,0.02,0.0566,0.45,0.0036,47.0,22.0
2024-05-03,서초구,6122,183898,19.0,10.2,28.3,0.0,0.0228,0.0554,0.4,0.0031,58.0,29.0
2024-05-03,성동구,7708,150839,19.7,12.8,28.1,0.0,0.0331,0.05,0.4,0.004,46.0,24.0
2024-05-03,성북구,3964,55177,19.1,11.5,27.6,0.0,0.0223,0.0511,0.51,0.0037,49.0,22.0
2024-05-03,송파구,18455,228940,20.3,13.3,28.3,0.0,0.0304,0.0488,0.4,0.0045,47.0,24.0
2024-05-03,양천구,11320,39754,19.5,13.0,28.0,0.0,0.0257,0.0575,0.37,0.0047,45.0,22.0
2024-05-03,영등포구,17055,359660,20.3,14.1,28.0,0.0,0.0256,0.0514,0.36,0.0034,41.0,26.0
2024-05-03,용산구,4135,0,20.1,12.9,28.5,0.0,0.0346,0.0422,0.38,0.0035,51.0,27.0
2024-05-03,은평구,4600,136193,16.6,6.4,27.8,0.0,0.0177,0.0469,0.43,0.0033,48.0,22.0
2024-05-03,종로구,6045,282398,19.0,11.2,28.0,0.0,0.0268,0.0532,0.44,0.0038,45.0,26.0
2024-05-03,중구,4502,309505,19.1,11.7,27.5,0.0,0.0289,0.0505,0.41,0.0037,38.0,24.0
2024-05-03,중랑구,5662,101854,20.6,13.2,28.5,0.0,0.0297,0.0457,0.44,0.003,41.0,26.0
2024-05-04,강남구,5372,239982,21.5,12.7,29.7,0.0,0.032,0.0673,0.48,0.0038,53.0,33.0
2024-05-04,강동구,7191,68872,21.0,13.3,29.2,0.0,0.0283,0.0765,0.59,0.0036,58.0,34.0
2024-05-04,강북구,2363,42298,20.5,11.9,28.7,0.0,0.0179,0.0784,0.45,0.0032,50.0,32.0
2024-05-04,강서구,15462,141016,20.6,12.7,28.7,0.0,0.0294,0.0653,0.49,0.0047,56.0,32.0
2024-05-04,관악구,3593,130755,18.9,12.1,27.6,0.0,0.0253,0.0728,0.51,0.0042,56.0,33.0
2024-05-04,광진구,8162,60668,,,,,,,,,,
2024-05-04,구로구,5672,93464,20.9,12.5,28.6,0.0,0.0201,0.071,0.42,0.004,63.0,35.0
2024-05-04,금천구,2101,43008,21.4,14.9,27.9,0.0,0.0249,0.0679,0.51,0.004,44.0,26.0
2024-05-04,노원구,10004,134804,19.7,9.1,30.0,0.0,0.0266,0.0729,0.49,0.0037,58.0,36.0
2024-05-04,도봉구,3723,80080,20.5,12.3,28.3,0.0,0.0183,0.0691,0.55,0.0041,56.0,33.0
2024-05-04,동대문구,4840,85129,22.0,14.4,29.5,0.0,0.0301,0.0693,0.5,0.004,58.0,35.0
2024-05-04,동작구,3669,77792,20.6,11.9,29.4,0.0,0.0233,0.0715,0.46,0.0034,48.0,29.0
2024-05-04,마포구,10366,276262,21.7,15.8,28.8,0.0,0.0359,0.069,0.56,0.0041,56.0,33.0
2024-05-04,서대문구,3287,88978,20.8,13.4,28.1,0.0,0.0242,0.0702,0.58,0.004,59.0,33.0
2024-05-04,서초구,5060,150951,20.7,12.2,29.9,0.0,0.0258,0.0666,0.49,0.0033,71.0,37.0
2024-05-04,성동구,6524,111781,21.5,14.6,28.6,0.0,0.0319,0.0657,0.49,0.0044,54.0,31.0
2024-05-04,성북구,3277,37396,20.8,14.0,27.6,0.0,0.0254,0.0616,0.63,0.0042,60.0,34.0
2024-05-04,송파구,15938,154932,22.3,15.7,29.8,0.0,0.0284,0.0654,0.45,0.0053,57.0,31.0
2024-05-04,양천구,9167,25937,21.4,14.9,28.1,0.0,0.0279,0.0684,0.49,0.0074,52.0,31.0
2024-05-04,영등포구,13663,230496,22.2,16.5,29.5,0.0,0.0311,0.0649,0.51,0.0042,49.0,33.0
2024-05-04,용산구,4502,0,21.5,14.4,28.4,0.0,0.036,0.0571,0.33,0.0041,61.0,36.0
2024-05-04,은평구,4273,102924,18.9,8.8,28.1,0.0,0.0203,0.0603,0.56,0.0038,58.0,34.0
2024-05-04,종로구,4171,216949,21.1,13.8,28.1,0.0,0.0263,0.0698,0.53,0.0045,55.0,35.0
2024-05-04,중구,2815,205731,20.9,15.2,28.8,0.0,0.0305,0.0642,0.51,0.0044,46.0,35.0
2024-05-04,중랑구,4918,74992,22.2,15.6,29.0,0.0,0.0242,0.0637,0.48,0.0035,49.0,36.0
2024-05-05,강남구,447,138952,17.9,15.5,20.9,37.0,0.0152,0.0335,0.35,0.0025,24.0,16.0
2024-05-05,강동구,671,43309,17.5,15.1,20.6,19.0,0.011,0.0453,0.46,0.0023,19.0,15.0
2024-05-05,강북구,308,25242,16.9,15.2,19.4,64.0,0.0095,0.0389,0.34,0.0022,21.0,14.0
2024-05-05,강서구,1345,92378,17.8,15.3,20.9,44.5,0.0127,0.0305,0.34,0.0026,24.0,14.0
2024-05-05,관악구,483,83431,16.7,14.8,19.1,44.5,0.0117,0.0322,0.33,0.0026,25.0,14.0
2024-05-05,광진구,938,39928,,,,,,,,,,
2024-05-05,구로구,521,58932,17.6,15.3,20.3,44.0,0.0082,0.0429,0.29,0.0023,18.0,12.0
2024-05-05,금천구,195,24799,17.7,15.5,21.3,36.5,0.0123,0.0275,0.4,0.0027,18.0,11.0
2024-05-05,노원구,1040,84080,17.4,15.1,19.1,41.5,0.0109,0.0369,0.34,0.0025,23.0,17.0
2024-05-05,도봉구,341,48236,17.7,16.2,20.3,71.0,0.009,0.0342,0.49,0.003,20.0,15.0
2024-05-05,동대문구,553,51180,17.8,15.9,21.2,38.0,0.0132,0.0374,0.34,0.0027,27.0,16.0
2024-05-05,동작구,334,45487,18.1,16.3,20.9,38.5,0.0103,0.0296,0.3,0.0022,21.0,12.0
2024-05-05,마포구,801,172135,17.2,15.2,21.1,46.5,0.0137,0.0344,0.36,0.0024,23.0,14.0
2024-05-05,서대문구,301,55125,16.7,14.8,20.3,48.0,0.0092,0.0436,0.5,0.0026,19.0,13.0
2024-05-05,서초구,373,110404,17.2,15.3,19.8,33.5,0.0106,0.0395,0.36,0.0023,21.0,12.0
2024-05-05,성동구,483,63761,17.7,15.8,21.4,35.5,0.0128,0.0326,0.33,0.003,23.0,16.0
2024-05-05,성북구,353,24362,17.0,15.0,20.2,54.5,0.0093,0.0364,0.53,0.0027,22.0,16.0
2024-05-05,송파구,1259,91035,18.4,16.1,22.1,32.0,0.0124,0.0273,0.33,0.0028,23.0,14.0
2024-05-05,양천구,778,15661,17.7,15.4,21.6,43.0,0.0137,0.0332,0.33,0.0028,24.0,14.0
2024-05-05,영등포구,1089,159483,18.0,15.6,22.2,39.5,0.0133,0.0272,0.32,0.0024,21.0,14.0
2024-05-05,용산구,370,0,18.1,16.0,21.5,32.0,0.0141,0.0257,0.22,0.0024,27.0,18.0
2024-05-05,은평구,422,63558,17.9,15.0,20.0,41.5,0.0078,0.0339,0.48,0.0026,19.0,14.0
2024-05-05,종로구,376,123753,16.9,14.3,20.3,39.0,0.0109,0.0292,0.35,0.0027,25.0,17.0
2024-05-05,중구,262,128655,15.9,14.0,19.9,38.0,0.015,0.0288,0.35,0.0029,22.0,17.0
2024-05-05,중랑구,570,46441,17.9,16.0,21.4,38.0,0.0093,0.0315,0.32,0.0022,23.0,17.0
2024-05-06,강남구,818,144753,14.5,13.7,16.3,10.5,0.0101,0.0491,0.3,0.0021,10.0,6.0
2024-05-06,강동구,1025,46477,14.3,13.4,16.3,5.5,0.0111,0.0537,0.42,0.0018,7.0,5.0
2024-05-06,강북구,342,28303,13.7,12.8,15.3,13.0,0.0078,0.0502,0.31,0.0019,7.0,5.0
2024-05-06,강서구,3179,99126,14.3,13.6,15.4,12.0,0.01,0.0436,0.32,0.0022,11.0,6.0
2024-05-06,관악구,539,85119,13.0,12.4,14.8,14.5,0.0094,0.0479,0.31,0.0024,12.0,7.0
2024-05-06,광진구,1537,41726,,,,,,,,,,
2024-05-06,구로구,1032,60856,13.9,13.4,15.3,10.5,0.0056,0.0559,0.27,0.0022,11.0,7.0
2024-05-06,금천구,302,27943,14.0,13.3,15.5,12.0,0.0115,0.0451,0.4,0.0023,10.0,5.0
2024-05-06,노원구,1558,91205,14.4,13.6,16.4,12.5,0.0112,0.0455,0.34,0.0021,12.0,9.0
2024-05-06,도봉구,551,52865,14.4,13.9,16.2,10.0,0.0075,0.0424,0.47,0.0027,10.0,6.0
2024-05-06,동대문구,794,55618,14.2,13.4,16.1,11.0,0.0084,0.0475,0.29,0.0022,9.0,5.0
2024-05-06,동작구,440,50431,14.5,13.5,16.4,12.0,0.0079,0.0459,0.29,0.0019,11.0,6.0
2024-05-06,마포구,1559,170091,13.7,13.0,15.2,10.5,0.0109,0.0506,0.32,0.0021,10.0,6.0
2024-05-06,서대문구,701,55724,13.2,12.5,14.8,10.5,0.0091,0.0489,0.5,0.0016,12.0,7.0
2024-05-06,서초구,685,130041,14.3,13.3,16.1,9.0,0.0078,0.0492,0.34,0.002,11.0,5.0
2024-05-06,성동구,941,64327,14.0,13.3,15.8,10.0,0.0112,0.0405,0.3,0.0024,9.0,6.0
2024-05-06,성북구,609,25230,13.5,12.7,15.0,12.5,0.008,0.0425,0.51,0.0024,9.0,7.0
2024-05-06,송파구,2027,88795,14.6,14.0,16.6,9.0,0.0093,0.0405,0.3,0.0021,10.0,6.0
2024-05-06,양천구,2169,17012,14.1,13.3,15.4,9.0,0.0087,0.0483,0.31,0.0022,11.0,5.0
2024-05-06,영등포구,2475,150520,14.3,13.6,15.7,9.0,0.0081,0.0454,0.3,0.0021,10.0,7.0
2024-05-06,용산구,435,0,14.4,13.6,16.0,10.5,0.0105,0.0383,0.28,0.0021,11.0,7.0
2024-05-06,은평구,707,65911,13.6,12.8,15.3,16.0,0.0085,0.0388,0.49,0.0023,12.0,9.0
2024-05-06,종로구,693,133560,12.6,12.0,14.3,13.5,0.0076,0.039,0.31,0.0022,9.0,6.0
2024-05-06,중구,476,121819,12.4,11.6,14.3,13.5,0.0102,0.0397,0.29,0.0025,8.0,6.0
2024-05-06,중랑구,663,50110,14.4,13.6,16.3,9.0,0.0113,0.0388,0.32,0.002,10.0,6.0
2024-05-07,강남구,2313,406143,13.8,12.4,15.7,3.5,0.0155,0.0328,0.32,0.0021,21.0,13.0
2024-05-07,강동구,3977,100458,13.3,11.8,15.4,1.5,0.011,0.0402,0.42,0.0017,21.0,14.0
2024-05-07,강북구,1383,50493,13.1,10.8,15.7,1.0,0.0096,0.0358,0.31,0.0019,18.0,12.0
2024-05-07,강서구,7591,192070,13.9,12.8,16.0,3.0,0.0127,0.0327,0.39,0.002,21.0,12.0
2024-05-07,관악구,1141,155772,12.3,10.7,14.0,7.0,0.0128,0.0344,0.34,0.0022,21.0,13.0
2024-05-07,광진구,4418,64895,,,,,,,,,,
2024-05-07,구로구,2171,133417,13.6,12.3,15.3,4.5,0.008,0.039,0.29,0.0022,21.0,13.0
2024-05-07,금천구,908,105989,13.7,12.1,15.6,3.5,0.0111,0.0326,0.35,0.0022,16.0,10.0
2024-05-07,노원구,6735,175885,13.6,11.2,16.0,1.0,0.0099,0.0382,0.3,0.0021,21.0,14.0
2024-05-07,도봉구,2271,98301,13.3,11.1,15.2,0.5,0.008,0.0333,0.42,0.0028,21.0,14.0
2024-05-07,동대문구,3185,109510,13.8,12.3,15.8,1.5,0.0135,0.0332,0.33,0.002,22.0,13.0
2024-05-07,동작구,1058,96168,14.0,12.7,16.3,2.0,0.0122,0.0344,0.32,0.0018,21.0,13.0
2024-05-07,마포구,2862,264234,13.1,11.9,15.3,2.5,0.0119,0.0397,0.33,0.0021,20.0,12.0
2024-05-07,서대문구,1321,105461,12.2,10.0,14.0,3.0,0.0109,0.0371,0.43,0.0014,22.0,13.0
2024-05-07,서초구,1750,159238,13.6,12.2,15.6,3.0,0.0125,0.0334,0.36,0.0021,29.0,15.0
2024-05-07,성동구,3328,132625,13.8,12.4,15.8,1.5,0.011,0.033,0.31,0.0027,21.0,13.0
2024-05-07,성북구,2189,53550,13.0,11.7,15.2,1.5,0.0119,0.0297,0.5,0.0025,22.0,14.0
2024-05-07,송파구,6661,212222,14.2,12.7,16.4,3.0,0.0127,0.0312,0.34,0.002,22.0,13.0
2024-05-07,양천구,3872,38013,13.9,12.4,16.0,2.5,0.0137,0.034,0.34,0.0021,21.0,12.0
2024-05-07,영등포구,5014,329845,14.1,12.8,16.2,2.0,0.0143,0.0333,0.35,0.0021,20.0,14.0
2024-05-07,용산구,1149,0,13.8,12.3,15.8,1.0,0.0124,0.0307,0.33,0.002,23.0,13.0
2024-05-07,은평구,1830,129676,13.3,11.4,15.5,1.5,0.0076,0.0303,0.44,0.0022,21.0,12.0
2024-05-07,종로구,2873,237702,12.3,10.8,14.2,3.0,0.0103,0.0319,0.34,0.0021,21.0,13.0
2024-05-07,중구,2090,274656,11.5,10.0,13.5,1.5,0.0141,0.0311,0.33,0.0024,19.0,14.0
2024-05-07,중랑구,2741,95598,13.8,12.3,15.9,1.0,0.01,0.0313,0.31,0.0019,20.0,13.0
2024-05-08,강남구,6727,410421,16.0,9.4,23.1,0.0,0.0133,0.0392,0.26,0.0021,19.0,9.0
2024-05-08,강동구,7897,102893,15.6,9.3,22.5,0.0,0.0108,0.0443,0.34,0.002,14.0,4.0
2024-05-08,강북구,2378,54126,13.9,7.0,21.2,0.0,0.0078,0.0367,0.25,0.0019,17.0,9.0
2024-05-08,강서구,21117,198798,15.0,8.9,22.6,0.0,0.0136,0.0349,0.28,0.0022,22.0,9.0
2024-05-08,관악구,3612,161795,12.8,6.6,20.8,0.0,0.0144,0.0387,0.27,0.0022,22.0,10.0
2024-05-08,광진구,8696,67278,,,,0.0,0.0142,0.0421,0.32,0.0027,20.0,8.0
2024-05-08,구로구,7142,138182,15.3,8.8,21.8,0.0,0.0092,0.0418,0.25,0.0023,22.0,9.0
2024-05-08,금천구,3440,107085,15.5,10.8,21.6,0.0,0.0142,0.0363,0.29,0.0024,17.0,7.0
2024-05-08,노원구,11510,182950,14.1,5.4,22.8,0.0,0.0117,0.0351,0.26,0.0022,21.0,12.0
2024-05-08,도봉구,4055,102932,14.2,7.4,21.2,0.0,0.0076,0.0355,0.33,0.0028,19.0,8.0
2024-05-08,동대문구,5928,115371,15.5,9.0,22.0,0.0,0.0137,0.0354,0.27,0.0021,20.0,9.0
2024-05-08,동작구,3335,100349,14.9,7.5,23.2,0.0,0.0129,0.0399,0.25,0.0018,18.0,8.0
2024-05-08,마포구,8342,266452,15.1,9.7,22.3,0.0,0.0151,0.0403,0.28,0.002,21.0,9.0
2024-05-08,서대문구,3512,109480,14.0,7.4,21.5,0.0,0.0118,0.0394,0.34,0.0019,20.0,8.0
2024-05-08,서초구,5616,158052,15.2,10.5,21.7,0.0,0.0137,0.0345,0.29,0.002,26.0,8.0
2024-05-08,성동구,7201,137239,15.3,10.3,21.7,0.0,0.0155,0.0345,0.26,0.0028,20.0,10.0
2024-05-08,성북구,4009,56265,14.3,9.0,20.5,0.0,0.0112,0.032,0.37,0.0023,19.0,9.0
2024-05-08,송파구,16574,217052,15.8,10.7,22.1,0.0,0.0127,0.0365,0.26,0.0019,22.0,9.0
2024-05-08,양천구,10075,38552,15.6,11.1,21.7,0.0,0.0153,0.0369,0.28,0.0023,20.0,8.0
2024-05-08,영등포구,15576,339635,16.2,11.2,22.2,0.0,0.0145,0.0386,0.27,0.0022,19.0,10.0
2024-05-08,용산구,3698,0,15.6,9.6,22.1,0.0,0.0151,0.0326,0.3,0.002,23.0,11.0
2024-05-08,은평구,4351,135886,13.0,5.5,21.3,0.0,0.0096,0.0297,0.35,0.0024,20.0,8.0
2024-05-08,종로구,6191,255231,14.5,9.2,20.7,0.0,0.0112,0.0361,0.29,0.0022,20.0,11.0
2024-05-08,중구,4595,281436,13.3,8.7,20.6,0.0,0.0128,0.0366,0.26,0.0026,15.0,9.0
2024-05-08,중랑구,4960,99157,15.8,9.7,22.2,0.0,0.0115,0.0325,0.26,0.0019,17.0,9.0
2024-05-09,강남구,6672,423326,16.8,10.3,23.4,0.0,0.0177,0.0495,0.31,0.0026,27.0,15.0
2024-05-09,강동구,8035,102586,16.6,10.3,22.9,0.0,0.0191,0.0537,0.43,0.0025,26.0,11.0
2024-05-09,강북구,2283,53165,15.6,8.7,22.3,0.0,0.013,0.0469,0.33,0.0023,26.0,15.0
2024-05-09,강서구,21693,199216,16.3,10.3,22.5,0.0,0.0173,0.0456,0.32,0.0027,29.0,13.0
2024-05-09,관악구,3552,164751,14.4,8.3,20.2,0.0,0.0162,0.0518,0.31,0.0027,30.0,14.0
2024-05-09,광진구,8879,69647,17.0,11.5,23.2,0.0,0.0228,0.0493,0.43,0.0034,29.0,14.0
2024-05-09,구로구,7266,137820,15.7,10.3,22.1,0.0,0.0104,0.0523,0.26,0.0027,32.0,14.0
2024-05-09,금천구,3471,107195,16.2,11.1,22.0,0.0,0.0206,0.0448,0.37,0.0029,25.0,11.0
2024-05-09,노원구,11571,184009,16.2,7.4,23.7,0.0,0.0187,0.0446,0.37,0.0027,31.0,17.0
2024-05-09,도봉구,3925,102717,15.5,9.5,21.3,0.0,0.013,0.0429,0.42,0.0033,29.0,14.0
2024-05-09,동대문구,6148,116803,16.6,11.5,22.1,0.0,0.0176,0.0486,0.33,0.0028,30.0,15.0
2024-05-09,동작구,3482,100568,16.0,8.8,23.4,0.0,0.0162,0.0494,0.31,0.0024,25.0,14.0
2024-05-09,마포구,8189,276844,16.6,11.4,22.4,0.0,0.0196,0.0526,0.33,0.0025,28.0,13.0
2024-05-09,서대문구,3631,110734,15.6,9.5,22.5,0.0,0.0155,0.051,0.45,0.0024,32.0,14.0
2024-05-09,서초구,5733,163867,16.2,9.4,23.1,0.0,0.0173,0.0448,0.33,0.0024,40.0,14.0
2024-05-09,성동구,6871,140183,16.3,11.6,22.0,0.0,0.0206,0.0445,0.32,0.003,29.0,14.0
2024-05-09,성북구,3980,55831,15.8,9.7,21.1,0.0,0.0164,0.0433,0.38,0.0024,30.0,14.0
2024-05-09,송파구,16882,221949,17.2,11.6,23.6,0.0,0.02,0.0423,0.32,0.0025,30.0,15.0
2024-05-09,양천구,10072,38981,16.4,11.7,21.9,0.0,0.0169,0.0488,0.31,0.0027,27.0,12.0
2024-05-09,영등포구,15591,344023,16.9,12.7,22.9,0.0,0.0166,0.0496,0.3,0.0026,26.0,14.0
2024-05-09,용산구,3689,0,16.7,11.7,22.2,0.0,0.021,0.0415,0.35,0.0027,33.0,17.0
2024-05-09,은평구,4343,134514,14.8,6.7,21.5,0.0,0.0139,0.0372,0.44,0.0029,31.0,14.0
2024-05-09,종로구,6076,262551,15.4,9.9,20.9,0.0,0.0166,0.0454,0.35,0.0028,30.0,16.0
2024-05-09,중구,4407,290115,15.2,9.9,21.7,0.0,0.0199,0.0439,0.33,0.003,24.0,15.0
2024-05-09,중랑구,5004,99440,17.0,12.4,22.2,0.0,0.0193,0.04,0.35,0.0025,25.0,15.0
2024-05-10,강남구,7118,435609,18.6,12.5,25.5,0.0,0.0152,0.0553,0.33,0.0028,27.0,14.0
2024-05-10,강동구,8460,105615,18.5,12.7,24.9,0.0,0.016,0.062,0.45,0.0029,30.0,14.0
2024-05-10,강북구,2429,53830,17.3,10.6,24.4,0.0,0.0118,0.0529,0.32,0.0024,26.0,15.0
2024-05-10,강서구,22707,205442,18.3,13.1,24.3,0.0,0.014,0.0532,0.3,0.0027,29.0,13.0
2024-05-10,관악구,3786,174597,16.0,11.3,23.4,0.0,0.0138,0.0599,0.32,0.0029,31.0,15.0
2024-05-10,광진구,9299,73780,19.1,13.4,25.3,0.0,0.0184,0.0569,0.41,0.0035,29.0,14.0
2024-05-10,구로구,7544,142589,17.7,12.7,24.1,0.0,0.0089,0.0593,0.26,0.0029,32.0,15.0
2024-05-10,금천구,3533,106976,18.0,13.4,24.0,0.0,0.0168,0.0551,0.4,0.0031,26.0,12.0
2024-05-10,노원구,11795,188803,18.4,9.8,25.9,0.0,0.0172,0.0509,0.36,0.0028,33.0,18.0
2024-05-10,도봉구,4207,106645,17.2,11.7,23.7,0.0,0.0134,0.0484,0.43,0.0033,32.0,16.0
2024-05-10,동대문구,6137,118662,18.6,13.0,24.7,0.0,0.0149,0.0577,0.33,0.0029,31.0,16.0
2024-05-10,동작구,3806,105188,17.0,10.7,26.0,0.0,0.0145,0.0553,0.32,0.0026,27.0,14.0
2024-05-10,마포구,9401,294838,18.2,13.1,24.6,0.0,0.0154,0.062,0.32,0.0027,28.0,13.0
2024-05-10,서대문구,3629,113812,17.1,11.4,24.6,0.0,0.0151,0.0556,0.43,0.0024,32.0,14.0
2024-05-10,서초구,6189,179220,17.8,11.4,25.4,0.0,0.0164,0.0507,0.35,0.0026,41.0,17.0
2024-05-10,성동구,7602,147941,18.1,13.3,24.5,0.0,0.0174,0.0521,0.33,0.0032,29.0,14.0
2024-05-10,성북구,4032,56905,17.2,11.6,23.4,0.0,0.0157,0.0491,0.37,0.0025,31.0,16.0
2024-05-10,송파구,17719,228063,19.1,13.8,25.4,0.0,0.0156,0.0475,0.33,0.0025,30.0,13.0
2024-05-10,양천구,11130,40867,18.2,13.6,23.9,0.0,0.0141,0.0561,0.3,0.0027,27.0,12.0
2024-05-10,영등포구,16931,358290,18.6,14.3,24.7,0.0,0.0145,0.0559,0.31,0.0027,25.0,15.0
2024-05-10,용산구,4225,0,18.5,12.7,25.0,0.0,0.0184,0.0478,0.36,0.0029,33.0,17.0
2024-05-10,은평구,4720,138557,15.7,9.1,23.8,0.0,0.0135,0.0423,0.42,0.0029,31.0,15.0
2024-05-10,종로구,6192,279078,17.3,11.9,24.0,0.0,0.015,0.0545,0.35,0.0031,30.0,17.0
2024-05-10,중구,4493,297111,17.0,11.7,24.5,0.0,0.0169,0.0495,0.32,0.0031,24.0,15.0
2024-05-10,중랑구,5371,103738,18.8,13.7,25.0,0.0,0.0159,0.0467,0.35,0.0027,26.0,16.0
2024-05-11,강남구,2170,252418,17.5,13.0,23.6,23.0,0.0133,0.0434,0.31,0.0026,19.0,9.0
2024-05-11,강동구,3329,68433,16.9,12.8,22.7,20.0,0.0137,0.0453,0.43,0.0024,16.0,5.0
2024-05-11,강북구,992,39653,16.3,13.0,21.4,36.0,0.0096,0.0468,0.26,0.0022,16.0,7.0
2024-05-11,강서구,6691,131780,17.3,13.7,22.3,27.5,0.0095,0.0408,0.24,0.0022,20.0,7.0
2024-05-11,관악구,1604,130913,16.1,12.1,21.5,33.0,0.0094,0.047,0.26,0.0025,22.0,9.0
2024-05-11,광진구,3357,59525,17.7,14.5,24.0,20.5,0.0154,0.0436,0.4,0.0033,22.0,9.0
2024-05-11,구로구,2460,87294,16.8,13.2,22.6,31.5,0.0061,0.0503,0.21,0.0025,19.0,7.0
2024-05-11,금천구,838,39804,17.3,13.5,23.4,30.0,0.0127,0.0436,0.31,0.0025,19.0,6.0
2024-05-11,노원구,4318,130798,16.6,11.8,23.0,27.5,0.0116,0.0428,0.28,0.0024,21.0,11.0
2024-05-11,도봉구,1623,74621,,14.5,22.0,24.5,0.0098,0.0395,0.4,0.0031,21.0,8.0
2024-05-11,동대문구,2170,82564,17.2,14.1,22.6,24.5,0.0122,0.0444,0.27,0.0026,20.0,8.0
2024-05-11,동작구,1457,74518,17.3,11.5,23.8,26.5,0.0095,0.0434,0.26,0.0021,18.0,7.0
2024-05-11,마포구,2755,228053,16.9,13.4,22.6,31.0,0.0113,0.0484,0.27,0.0022,19.0,7.0
2024-05-11,서대문구,1318,84190,16.3,12.9,21.7,31.5,0.0098,0.0491,0.42,0.0021,22.0,7.0
2024-05-11,서초구,1888,144675,16.9,12.7,23.2,24.5,0.0076,0.0473,0.29,0.0021,23.0,6.0
2024-05-11,성동구,2268,94151,17.1,14.0,22.6,20.0,0.0131,0.0406,0.28,0.0029,19.0,8.0
2024-05-11,성북구,1486,36496,16.3,13.1,21.2,32.0,0.0117,0.0383,0.34,0.0021,20.0,7.0
2024-05-11,송파구,6347,141759,18.0,14.8,23.6,19.5,0.0123,0.0374,0.28,0.0022,21.0,7.0
2024-05-11,양천구,3851,24922,17.2,13.9,22.4,33.0,0.0098,0.0457,0.25,0.0024,20.0,6.0
2024-05-11,영등포구,4861,229112,17.6,14.3,23.2,29.5,0.0101,0.0429,0.25,0.0024,18.0,7.0
2024-05-11,용산구,1190,0,17.6,14.3,23.1,22.0,0.0116,0.0383,0.28,0.0024,22.0,8.0
2024-05-11,은평구,1728,95886,16.6,9.9,21.3,36.0,0.0094,0.0366,0.4,0.0027,21.0,8.0
2024-05-11,종로구,1576,234843,16.3,12.5,22.6,31.5,0.0103,0.0398,0.28,0.0026,18.0,9.0
2024-05-11,중구,954,183436,15.4,12.2,21.0,27.0,0.0141,0.0376,0.27,0.0027,16.0,9.0
2024-05-11,중랑구,2061,71901,17.6,14.4,22.7,23.5,0.0121,0.0355,0.3,0.0022,17.0,9.0
2024-05-12,강남구,5051,161458,17.4,11.6,23.1,0.0,0.0105,0.046,0.28,0.0028,65.0,14.0
2024-05-12,강동구,6424,51847,17.2,12.2,23.4,0.0,0.0089,0.052,0.38,0.0021,72.0,16.0
2024-05-12,강북구,2094,34025,16.3,8.7,21.9,0.0,0.006,0.0435,0.26,0.002,75.0,13.0
2024-05-12,강서구,14115,108285,17.2,11.8,23.0,0.0,0.0102,0.0411,0.28,0.0022,69.0,12.0
2024-05-12,관악구,3428,103629,15.0,8.7,21.2,0.0,0.0104,0.0452,0.28,0.0024,70.0,15.0
2024-05-12,광진구,7869,49424,17.5,12.4,22.4,0.0,0.0113,0.0478,0.36,0.003,68.0,13.0
2024-05-12,구로구,5293,70561,16.9,11.5,22.5,0.0,0.0059,0.0487,0.24,0.0025,80.0,18.0
2024-05-12,금천구,1808,32885,17.2,11.4,22.4,0.0,0.0109,0.049,0.33,0.0026,71.0,10.0
2024-05-12,노원구,9527,111380,16.6,10.0,23.4,0.0,0.0081,0.0419,0.28,0.0023,72.0,18.0
2024-05-12,도봉구,3348,66687,,,,,,,,,,
2024-05-12,동대문구,4633,67503,17.5,12.5,22.7,0.0,0.0089,0.0457,0.28,0.0022,70.0,17.0
2024-05-12,동작구,3622,55960,16.8,10.2,22.7,0.0,0.0093,0.0444,0.27,0.0021,68.0,11.0
2024-05-12,마포구,8900,191164,16.9,11.6,22.8,0.0,0.012,0.0475,0.3,0.0022,70.0,14.0
2024-05-12,서대문구,3203,62279,15.9,10.9,22.0,0.0,0.0087,0.0482,0.43,0.0019,78.0,18.0
2024-05-12,서초구,5292,131236,17.1,11.0,22.7,0.0,0.0068,0.0458,0.31,0.0021,86.0,18.0
2024-05-12,성동구,6567,83954,17.0,12.0,22.0,0.0,0.0107,0.0417,0.29,0.0026,64.0,13.0
2024-05-12,성북구,3262,30644,16.0,9.6,21.1,0.0,0.0075,0.0406,0.33,0.0019,79.0,21.0
2024-05-12,송파구,15582,120114,17.6,12.2,22.0,0.0,0.0096,0.0412,0.28,0.002,74.0,15.0
2024-05-12,양천구,8429,19564,17.0,12.0,22.3,0.0,0.0093,0.0453,0.28,0.0023,65.0,10.0
2024-05-12,영등포구,13001,176231,17.3,12.3,22.8,0.0,0.0092,0.045,0.28,0.0024,57.0,13.0
2024-05-12,용산구,4799,0,17.3,12.1,22.2,0.0,0.011,0.0389,0.32,0.0022,79.0,16.0
2024-05-12,은평구,3780,78801,15.2,9.3,21.8,0.0,0.007,0.0363,0.4,0.0025,79.0,25.0
2024-05-12,종로구,4241,164369,15.8,10.1,21.0,0.0,0.0073,0.043,0.28,0.0024,68.0,16.0
2024-05-12,중구,2714,146597,15.2,10.3,20.9,0.0,0.0087,0.0423,0.27,0.0025,54.0,15.0
2024-05-12,중랑구,4444,58097,17.7,12.9,22.8,0.0,0.0092,0.0378,0.3,0.002,54.0,15.0
2024-05-13,강남구,7063,405262,18.9,11.1,25.9,0.0,0.0204,0.0431,0.35,0.0026,30.0,14.0
2024-05-13,강동구,8192,100842,19.0,11.0,25.8,0.0,0.0158,0.0514,0.43,0.0023,26.0,9.0
2024-05-13,강북구,2391,52000,17.6,9.6,24.9,0.0,0.01,0.051,0.3,0.0021,25.0,12.0
2024-05-13,강서구,21813,193001,18.2,10.4,25.6,0.0,0.0171,0.0445,0.33,0.0027,30.0,13.0
2024-05-13,관악구,3751,158451,15.8,8.7,24.0,0.0,0.0194,0.0461,0.38,0.0026,32.0,15.0
2024-05-13,광진구,9248,67195,19.6,13.1,25.9,0.0,0.019,0.0489,0.38,0.0031,30.0,13.0
2024-05-13,구로구,7424,134739,18.2,10.8,25.7,0.0,0.0132,0.0464,0.29,0.0027,34.0,14.0
2024-05-13,금천구,3469,106622,18.8,12.6,25.0,0.0,0.0189,0.0454,0.37,0.0028,26.0,12.0
2024-05-13,노원구,11557,178655,17.4,8.0,26.5,0.0,0.0126,0.0481,0.32,0.0024,30.0,16.0
2024-05-13,도봉구,3985,100051,,,,0.0,0.0097,0.046,0.38,0.0032,26.0,12.0
2024-05-13,동대문구,5890,112931,18.9,12.4,25.4,0.0,0.0173,0.0467,0.34,0.0025,30.0,14.0
2024-05-13,동작구,3652,97926,17.9,9.9,25.8,0.0,0.0174,0.0474,0.34,0.0022,28.0,13.0
2024-05-13,마포구,8663,266775,18.9,12.2,25.6,0.0,0.0206,0.048,0.37,0.0024,30.0,14.0
2024-05-13,서대문구,3486,105670,17.6,10.5,25.0,0.0,0.0138,0.0501,0.47,0.0022,29.0,11.0
2024-05-13,서초구,5978,159211,18.1,10.4,25.5,0.0,0.0195,0.0399,0.37,0.0022,38.0,14.0
2024-05-13,성동구,7331,133187,18.9,13.1,25.2,0.0,0.0218,0.0406,0.36,0.0029,30.0,14.0
2024-05-13,성북구,4085,53827,17.8,11.2,24.6,0.0,0.0167,0.0402,0.36,0.0022,29.0,13.0
2024-05-13,송파구,17373,206785,19.6,13.8,25.6,0.0,0.0195,0.0414,0.34,0.0024,33.0,14.0
2024-05-13,양천구,10482,38388,19.2,12.8,25.1,0.0,0.0191,0.0475,0.34,0.0027,29.0,12.0
2024-05-13,영등포구,16158,332789,19.7,14.4,25.5,0.0,0.0221,0.0437,0.35,0.0026,27.0,14.0
2024-05-13,용산구,3796,0,18.9,11.5,25.3,0.0,0.0219,0.0376,0.41,0.0025,37.0,16.0
2024-05-13,은평구,4255,131408,15.6,7.4,24.4,0.0,0.0121,0.0344,0.41,0.0027,27.0,14.0
2024-05-13,종로구,6244,250881,17.9,11.2,24.4,0.0,0.0169,0.0439,0.37,0.0027,28.0,15.0
2024-05-13,중구,4633,280394,17.4,12.7,24.3,0.0,0.0182,0.0426,0.34,0.0028,22.0,13.0
2024-05-13,중랑구,5164,97886,19.4,12.6,25.5,0.0,0.014,0.0405,0.33,0.0021,25.0,14.0
2024-05-14,강남구,7192,426232,19.3,11.6,26.2,0.0,0.0211,0.0517,0.32,0.0029,25.0,14.0
2024-05-14,강동구,8392,106968,18.9,11.5,25.9,0.0,0.0216,0.0566,0.41,0.0028,24.0,8.0
2024-05-14,강북구,2528,54460,17.4,10.2,25.3,0.0,0.0142,0.0536,0.3,0.0026,23.0,13.0
2024-05-14,강서구,23002,202138,18.5,11.4,25.2,0.0,0.0212,0.0484,0.33,0.0031,30.0,14.0
2024-05-14,관악구,3749,173397,16.3,9.4,23.4,0.0,0.0197,0.0535,0.34,0.0031,30.0,15.0
2024-05-14,광진구,9726,72600,20.0,13.4,25.4,0.0,0.0271,0.0485,0.4,0.0034,27.0,13.0
2024-05-14,구로구,7706,141095,18.0,11.6,25.1,0.0,0.0143,0.0534,0.27,0.0028,31.0,14.0
2024-05-14,금천구,3618,108568,19.1,13.3,24.4,0.0,0.0217,0.0516,0.33,0.0033,24.0,12.0
2024-05-14,노원구,12540,190828,17.9,8.4,26.9,0.0,0.0209,0.0475,0.35,0.0028,27.0,17.0
2024-05-14,도봉구,4228,105601,17.4,10.7,24.1,0.0,0.0144,0.0489,0.37,0.0035,24.0,12.0
2024-05-14,동대문구,6166,119437,19.4,12.8,25.5,0.0,0.0237,0.0495,0.34,0.0031,28.0,14.0
2024-05-14,동작구,3861,104021,18.0,10.6,25.5,0.0,0.0162,0.0569,0.3,0.0026,23.0,12.0
2024-05-14,마포구,9142,287260,19.5,14.2,25.3,0.0,0.0256,0.0463,0.39,0.0027,28.0,14.0
2024-05-14,서대문구,3919,113804,18.2,12.1,25.6,0.0,0.0185,0.0543,0.44,0.0026,27.0,12.0
2024-05-14,서초구,6176,171500,18.5,10.9,25.8,0.0,0.0212,0.0476,0.33,0.0025,38.0,13.0
2024-05-14,성동구,7797,142359,19.1,13.3,24.6,0.0,0.0253,0.0433,0.34,0.0032,27.0,14.0
2024-05-14,성북구,4468,56727,18.2,11.8,24.1,0.0,0.0205,0.045,0.35,0.0025,26.0,11.0
2024-05-14,송파구,18300,228718,20.3,13.8,26.0,0.0,0.0246,0.0451,0.33,0.0061,29.0,16.0
2024-05-14,양천구,11178,40561,19.3,13.7,24.8,0.0,0.021,0.0505,0.33,0.0027,27.0,12.0
2024-05-14,영등포구,16893,349651,20.2,15.6,25.4,0.0,0.0228,0.0502,0.34,0.0028,26.0,15.0
2024-05-14,용산구,4004,0,19.4,12.8,25.2,0.0,0.027,0.0417,0.38,0.0029,33.0,17.0
2024-05-14,은평구,4471,137047,16.0,7.4,24.3,0.0,0.0166,0.0407,0.36,0.0031,27.0,14.0
2024-05-14,종로구,6147,272870,18.3,12.0,24.0,0.0,0.0219,0.0488,0.36,0.0032,27.0,17.0
2024-05-14,중구,4817,298517,18.7,13.4,25.3,0.0,0.0236,0.0455,0.34,0.0032,21.0,14.0
2024-05-14,중랑구,5538,102512,19.8,13.6,25.9,0.0,0.0205,0.0429,0.34,0.0025,23.0,15.0
2024-05-15,강남구,2041,176165,13.1,7.6,21.1,26.5,0.015,0.0467,0.3,0.0027,23.0,9.0
2024-05-15,강동구,2912,53709,12.5,7.2,20.4,23.5,0.0174,0.0435,0.41,0.0024,21.0,6.0
2024-05-15,강북구,831,37009,11.7,7.0,19.7,19.5,0.0087,0.047,0.26,0.0021,19.0,8.0
2024-05-15,강서구,5202,108099,12.5,7.5,18.3,18.0,0.0129,0.0454,0.27,0.0027,25.0,7.0
2024-05-15,관악구,1386,103067,11.3,6.5,18.4,25.0,0.0152,0.046,0.3,0.0029,27.0,9.0
2024-05-15,광진구,2951,48538,13.3,7.8,20.6,21.5,0.0208,0.0417,0.42,0.0034,24.0,8.0
2024-05-15,구로구,1955,69114,12.4,7.3,19.1,20.5,0.0091,0.0495,0.24,0.0028,28.0,8.0
2024-05-15,금천구,849,32457,13.1,7.7,19.4,22.0,0.0188,0.0414,0.37,0.0028,22.0,7.0
2024-05-15,노원구,3830,112098,11.9,7.3,21.2,22.5,0.014,0.0408,0.3,0.0026,21.0,11.0
2024-05-15,도봉구,1421,64195,12.0,7.3,17.9,24.5,0.0108,0.0399,0.34,0.0031,19.0,8.0
2024-05-15,동대문구,1952,65962,13.2,7.5,20.5,20.5,0.0149,0.0457,0.29,0.0027,23.0,8.0
2024-05-15,동작구,1298,59188,12.5,8.1,19.9,20.0,0.0129,0.0471,0.28,0.0024,23.0,7.0
2024-05-15,마포구,2538,185163,12.8,6.8,19.7,17.5,0.0163,0.0466,0.29,0.0027,25.0,8.0
2024-05-15,서대문구,1162,65588,11.8,6.3,19.4,19.0,0.0129,0.046,0.42,0.0026,24.0,8.0
2024-05-15,서초구,1735,104108,12.4,7.6,20.0,23.0,0.0125,0.0464,0.3,0.0024,29.0,7.0
2024-05-15,성동구,2190,71651,13.1,7.6,19.8,23.5,0.0174,0.0415,0.3,0.0031,24.0,9.0
2024-05-15,성북구,1516,31138,12.0,6.9,18.6,18.5,0.0149,0.036,0.37,0.0023,23.0,7.0
2024-05-15,송파구,5571,113502,13.6,7.8,20.3,23.5,0.0176,0.0382,0.31,0.0068,25.0,8.0
2024-05-15,양천구,3108,19292,13.0,7.4,18.7,19.0,0.0138,0.0481,0.28,0.0026,25.0,6.0
2024-05-15,영등포구,4114,173705,13.6,7.9,18.9,19.0,0.013,0.0481,0.26,0.0027,21.0,8.0
2024-05-15,용산구,1205,0,13.0,7.9,18.5,20.0,0.0189,0.037,0.34,0.0028,28.0,10.0
2024-05-15,은평구,1472,82203,10.6,6.7,17.4,24.5,0.011,0.0348,0.34,0.0028,21.0,9.0
2024-05-15,종로구,1602,179654,11.8,6.1,18.0,24.0,0.0136,0.0443,0.31,0.003,21.0,9.0
2024-05-15,중구,975,135871,11.2,5.5,18.3,11.5,0.0141,0.0436,0.27,0.0028,17.0,8.0
2024-05-15,중랑구,1705,58477,13.4,7.8,20.4,20.5,0.0137,0.039,0.3,0.0024,19.0,8.0
2024-05-16,강남구,6473,417951,14.5,7.7,21.1,1.0,0.0107,0.0455,0.25,0.0025,13.0,5.0
2024-05-16,강동구,7647,101999,14.3,7.4,20.9,1.0,0.0105,0.0485,0.31,0.0023,11.0,3.0
2024-05-16,강북구,2328,52305,13.6,7.3,20.2,0.5,0.0067,0.0461,0.23,0.0021,11.0,4.0
2024-05-16,강서구,20404,195963,14.4,7.5,20.9,0.0,0.0123,0.0425,0.26,0.0026,16.0,5.0
2024-05-16,관악구,3375,164636,12.4,5.8,18.2,0.5,0.0119,0.0453,0.27,0.0027,17.0,6.0
2024-05-16,광진구,8460,68493,14.8,8.1,20.9,1.0,0.0115,0.0488,0.31,0.0034,13.0,4.0
2024-05-16,구로구,6891,135653,13.9,6.7,20.1,0.0,0.0078,0.0473,0.24,0.0029,18.0,6.0
2024-05-16,금천구,3205,105605,14.4,7.9,19.7,0.5,0.014,0.0438,0.28,0.0028,13.0,4.0
2024-05-16,노원구,11112,184113,13.2,5.5,21.1,0.5,0.0094,0.0423,0.25,0.0024,14.0,6.0
2024-05-16,도봉구,3730,102206,13.0,7.4,19.1,0.0,0.007,0.0407,0.28,0.0033,12.0,5.0
2024-05-16,동대문구,5479,115903,14.5,7.7,20.1,0.5,0.0103,0.0438,0.27,0.0023,14.0,5.0
2024-05-16,동작구,3186,99454,13.7,7.2,20.7,0.5,0.0106,0.0455,0.25,0.0023,14.0,5.0
2024-05-16,마포구,8174,278864,14.0,6.6,20.6,0.0,0.0125,0.0434,0.27,0.0024,16.0,5.0
2024-05-16,서대문구,3143,110031,13.0,5.8,20.0,0.0,0.0102,0.0448,0.35,0.0024,16.0,5.0
2024-05-16,서초구,5518,163953,14.1,7.5,20.5,1.0,0.0114,0.0431,0.28,0.0023,19.0,5.0
2024-05-16,성동구,7093,136951,14.3,7.7,20.0,0.5,0.0122,0.0415,0.26,0.0026,15.0,5.0
2024-05-16,성북구,3757,55264,13.6,7.2,19.1,0.5,0.0101,0.0374,0.31,0.0022,15.0,5.0
2024-05-16,송파구,16516,219043,14.7,7.9,20.4,1.0,0.012,0.04,0.25,0.0038,16.0,5.0
2024-05-16,양천구,10048,39282,14.3,7.7,20.3,0.0,0.0136,0.0434,0.28,0.0026,15.0,4.0
2024-05-16,영등포구,15450,339988,14.6,7.9,20.7,0.5,0.0123,0.0438,0.28,0.0027,14.0,5.0
2024-05-16,용산구,3588,0,14.6,8.1,20.6,0.5,0.0118,0.0393,0.3,0.0026,19.0,7.0
2024-05-16,은평구,3877,133447,11.8,5.1,19.4,0.0,0.0086,0.0331,0.29,0.0027,14.0,5.0
2024-05-16,종로구,6022,261159,12.8,6.0,19.0,0.5,0.0099,0.0431,0.29,0.0029,15.0,6.0
2024-05-16,중구,4632,289432,12.7,5.5,19.7,0.0,0.0107,0.0412,0.26,0.0027,10.0,5.0
2024-05-16,중랑구,5001,99879,14.8,8.0,20.1,0.5,0.0113,0.0369,0.27,0.0022,11.0,5.0
2024-05-17,강남구,7106,423734,19.0,11.2,26.4,0.0,0.0197,0.062,0.41,0.0031,40.0,19.0
2024-05-17,강동구,8545,102744,18.3,10.1,26.0,0.0,0.0219,0.0634,0.5,0.0027,40.0,19.0
2024-05-17,강북구,2516,52893,17.7,8.5,25.8,0.0,0.0146,0.0571,0.38,0.0024,34.0,17.0
2024-05-17,강서구,22794,200135,18.7,12.2,25.6,0.0,0.0165,0.0607,0.38,0.0031,44.0,18.0
2024-05-17,관악구,3746,171896,16.9,10.3,23.7,0.0,0.0158,0.065,0.41,0.003,45.0,20.0
2024-05-17,광진구,9510,71650,19.2,11.8,26.6,0.0,0.0235,0.062,0.54,0.0042,41.0,18.0
2024-05-17,구로구,7855,137988,18.1,11.3,24.9,0.0,0.0108,0.0664,0.31,0.0031,50.0,24.0
2024-05-17,금천구,3513,105643,18.8,12.4,24.7,0.0,0.0188,0.0624,0.44,0.0033,38.0,17.0
2024-05-17,노원구,12188,190866,17.2,7.0,26.8,0.0,0.0222,0.0522,0.43,0.0028,40.0,21.0
2024-05-17,도봉구,4183,105320,17.1,9.2,24.1,0.0,0.0172,0.0501,0.48,0.0036,42.0,22.0
2024-05-17,동대문구,6246,118213,19.0,12.1,25.6,0.0,0.0196,0.0629,0.41,0.0031,45.0,21.0
2024-05-17,동작구,3776,103787,18.1,9.4,26.3,0.0,0.0164,0.0615,0.4,0.0029,39.0,17.0
2024-05-17,마포구,9374,291405,18.5,11.6,26.1,0.0,0.0172,0.0666,0.4,0.0029,39.0,18.0
2024-05-17,서대문구,3630,111897,17.6,10.6,25.4,0.0,0.017,0.0627,0.56,0.0029,47.0,22.0
2024-05-17,서초구,6061,176684,18.4,9.9,26.5,0.0,0.0179,0.0593,0.41,0.0028,56.0,24.0
2024-05-17,성동구,7571,142264,18.7,12.1,25.4,0.0,0.0197,0.0601,0.4,0.0033,42.0,19.0
2024-05-17,성북구,4104,55143,17.8,9.9,24.5,0.0,0.0212,0.0484,0.46,0.0027,45.0,20.0
2024-05-17,송파구,18524,230267,19.6,12.7,26.2,0.0,0.0187,0.0587,0.39,0.0061,40.0,17.0
2024-05-17,양천구,11233,39604,18.6,12.4,24.8,0.0,0.0177,0.0621,0.39,0.0031,44.0,17.0
2024-05-17,영등포구,16985,349526,19.3,13.1,25.6,0.0,0.0189,0.0573,0.38,0.0031,38.0,19.0
2024-05-17,용산구,3966,0,19.1,11.6,26.0,0.0,0.0219,0.0531,0.44,0.0033,45.0,20.0
2024-05-17,은평구,4301,135850,15.9,6.7,25.2,0.0,0.0151,0.0483,0.48,0.0031,46.0,25.0
2024-05-17,종로구,6362,269518,18.1,10.6,24.9,0.0,0.0187,0.0603,0.43,0.0036,44.0,22.0
2024-05-17,중구,4686,299079,17.3,10.1,25.9,0.0,0.0203,0.0564,0.39,0.0032,36.0,22.0
2024-05-17,중랑구,5335,103573,19.3,12.4,26.4,0.0,0.0204,0.0492,0.42,0.0028,37.0,20.0
2024-05-18,강남구,6089,250144,21.0,13.9,28.1,0.0,0.0193,0.0431,0.36,0.003,27.0,13.0
2024-05-18,강동구,7581,72993,20.4,13.9,27.6,0.0,0.0169,0.0498,0.45,0.0023,25.0,8.0
2024-05-18,강북구,2421,43447,20.4,15.7,26.8,0.0,0.0104,0.0503,0.28,0.0023,23.0,11.0
2024-05-18,강서구,17014,142637,20.9,15.1,26.9,0.0,0.0143,0.0438,0.33,0.003,27.0,9.0
2024-05-18,관악구,3895,141460,18.5,13.0,25.0,0.0,0.0147,0.0461,0.34,0.0028,29.0,12.0
2024-05-18,광진구,9586,66360,21.5,15.6,27.0,0.0,0.0188,0.0475,0.5,0.0036,27.0,11.0
2024-05-18,구로구,6270,95158,20.1,14.1,26.6,0.0,0.0094,0.0481,0.26,0.0027,29.0,12.0
2024-05-18,금천구,2204,45053,20.8,15.8,26.2,0.0,0.0185,0.0377,0.37,0.0029,23.0,8.0
2024-05-18,노원구,11213,164992,19.8,11.3,28.1,0.0,0.0163,0.0443,0.32,0.0027,27.0,13.0
2024-05-18,도봉구,3990,83341,20.0,15.0,25.9,0.0,0.0093,0.0471,0.39,0.0034,26.0,11.0
2024-05-18,동대문구,5244,87298,20.9,16.4,26.8,0.0,0.0161,0.0464,0.32,0.0028,28.0,12.0
2024-05-18,동작구,3910,80382,19.9,13.1,27.3,0.0,0.0147,0.0417,0.35,0.0025,24.0,11.0
2024-05-18,마포구,9618,254587,21.0,15.9,26.9,0.0,0.0174,0.0455,0.33,0.0026,26.0,11.0
2024-05-18,서대문구,3371,90042,20.0,14.8,26.4,0.0,0.0117,0.0509,0.52,0.0025,28.0,10.0
2024-05-18,서초구,5737,153711,20.3,13.0,27.1,0.0,0.0161,0.0386,0.4,0.0023,33.0,11.0
2024-05-18,성동구,6633,107596,20.7,15.6,26.4,0.0,0.0202,0.0403,0.34,0.0031,28.0,14.0
2024-05-18,성북구,3633,39787,19.9,16.3,25.7,0.0,0.0137,0.042,0.36,0.0023,29.0,11.0
2024-05-18,송파구,18441,172180,21.4,16.4,27.4,0.0,0.019,0.0393,0.38,0.0046,28.0,12.0
2024-05-18,양천구,10314,28027,21.0,16.4,26.6,0.0,0.0155,0.0459,0.3,0.003,26.0,9.0
2024-05-18,영등포구,14843,240840,21.7,17.2,26.6,0.0,0.0164,0.0437,0.32,0.0028,24.0,11.0
2024-05-18,용산구,4757,0,21.1,15.9,26.9,0.0,0.0216,0.0362,0.39,0.0028,30.0,13.0
2024-05-18,은평구,4226,103947,19.1,11.4,25.9,0.0,0.0087,0.039,0.4,0.0028,27.0,13.0
2024-05-18,종로구,4548,214536,20.6,15.1,26.6,0.0,0.015,0.0433,0.34,0.0031,26.0,13.0
2024-05-18,중구,3017,193706,19.9,15.2,27.2,0.0,0.0166,0.0425,0.33,0.0031,21.0,11.0
2024-05-18,중랑구,5426,91765,21.4,16.0,27.3,0.0,0.0143,0.0388,0.33,0.0024,23.0,12.0
2024-05-19,강남구,5182,153432,22.0,15.3,29.4,0.0,0.013,0.0497,0.28,0.0027,24.0,12.0
2024-05-19,강동구,6762,52068,21.5,15.3,28.6,0.0,0.0109,0.0554,0.38,0.0022,18.0,7.0
2024-05-19,강북구,2143,33550,20.5,14.0,28.2,0.0,0.0062,0.0492,0.23,0.0022,19.0,10.0
2024-05-19,강서구,14695,106246,21.0,14.4,28.3,0.0,0.0117,0.0444,0.29,0.003,26.0,11.0
2024-05-19,관악구,3784,101905,19.0,13.0,26.7,0.0,0.014,0.0462,0.33,0.0028,28.0,14.0
2024-05-19,광진구,8662,48240,22.3,16.5,28.9,0.0,0.0127,0.052,0.42,0.0035,23.0,11.0
2024-05-19,구로구,5713,69804,21.6,15.6,28.2,0.0,0.0076,0.053,0.24,0.0026,26.0,13.0
2024-05-19,금천구,2158,33110,21.7,16.7,28.1,0.0,0.0141,0.0431,0.32,0.0032,21.0,10.0
2024-05-19,노원구,10207,127428,20.6,12.4,29.7,0.0,0.0086,0.0457,0.25,0.0025,23.0,12.0
2024-05-19,도봉구,3588,66075,20.6,14.9,27.2,0.0,0.0057,0.0454,0.36,0.0033,21.0,8.0
2024-05-19,동대문구,4782,65404,21.9,16.4,28.9,0.0,0.011,0.0478,0.27,0.0027,26.0,12.0
2024-05-19,동작구,3455,56186,21.4,14.6,28.9,0.0,0.0123,0.0448,0.29,0.0024,25.0,12.0
2024-05-19,마포구,9428,191796,21.8,16.6,28.5,0.0,0.0151,0.0445,0.31,0.0026,25.0,12.0
2024-05-19,서대문구,3115,64051,20.6,14.8,27.8,0.0,0.0089,0.0504,0.47,0.0022,23.0,11.0
2024-05-19,서초구,5125,127832,21.2,14.5,28.4,0.0,0.0102,0.0471,0.34,0.0023,27.0,10.0
2024-05-19,성동구,6476,75201,21.9,16.4,28.3,0.0,0.0129,0.046,0.29,0.0032,25.0,12.0
2024-05-19,성북구,3422,30050,20.7,15.1,27.7,0.0,0.0093,0.0419,0.33,0.0023,23.0,9.0
2024-05-19,송파구,15532,116417,22.3,16.9,28.5,0.0,0.0139,0.0428,0.3,0.0059,26.0,11.0
2024-05-19,양천구,9238,20246,21.8,16.6,28.4,0.0,0.0116,0.051,0.28,0.003,26.0,10.0
2024-05-19,영등포구,12887,177644,22.5,17.7,28.4,0.0,0.0125,0.0483,0.28,0.0029,24.0,12.0
2024-05-19,용산구,4551,0,22.0,16.3,27.9,0.0,0.0144,0.0402,0.34,0.0027,28.0,14.0
2024-05-19,은평구,3832,77795,19.2,11.9,27.5,0.0,0.0064,0.0363,0.37,0.0028,20.0,10.0
2024-05-19,종로구,3616,145541,21.5,15.9,27.8,0.0,0.0094,0.0446,0.28,0.003,23.0,12.0
2024-05-19,중구,2583,142432,20.8,15.7,28.2,0.0,0.0116,0.044,0.27,0.0029,19.0,11.0
2024-05-19,중랑구,4917,69495,22.3,16.6,29.0,0.0,0.0089,0.0404,0.26,0.0024,20.0,10.0
2024-05-20,강남구,6724,397350,20.3,17.5,24.5,0.0,0.0149,0.0385,0.26,0.0032,28.0,15.0
2024-05-20,강동구,7886,99602,19.9,16.8,23.5,0.0,0.015,0.0375,0.39,0.0027,26.0,12.0
2024-05-20,강북구,2449,49573,19.3,15.8,24.1,0.0,0.0082,0.0404,0.23,0.0025,26.0,16.0
2024-05-20,강서구,21652,192167,19.5,16.4,23.3,0.0,0.0149,0.0341,0.26,0.0034,31.0,14.0
2024-05-20,관악구,3732,155503,17.4,13.4,21.5,0.0,0.0142,0.0361,0.28,0.0032,33.0,15.0
2024-05-20,광진구,9140,63813,20.5,18.0,24.7,0.0,0.0162,0.0392,0.44,0.0041,28.0,16.0
2024-05-20,구로구,7254,132854,19.5,16.6,23.7,0.0,0.0094,0.0398,0.23,0.0031,34.0,17.0
2024-05-20,금천구,3357,105034,19.4,16.5,23.2,0.0,0.0175,0.031,0.37,0.0033,27.0,13.0
2024-05-20,노원구,11606,180575,19.5,14.4,23.8,0.0,0.0128,0.0365,0.26,0.0029,30.0,17.0
2024-05-20,도봉구,4061,97890,19.5,17.1,22.2,0.0,0.0079,0.0377,0.37,0.0038,28.0,15.0
2024-05-20,동대문구,5705,111407,20.2,17.7,23.3,0.0,0.0146,0.0353,0.27,0.0032,31.0,16.0
2024-05-20,동작구,3451,95850,19.8,15.9,24.2,0.0,0.0118,0.0332,0.25,0.0026,28.0,14.0
2024-05-20,마포구,8159,263142,19.2,16.1,23.3,0.0,0.0174,0.0325,0.28,0.0031,30.0,15.0
2024-05-20,서대문구,3417,102733,18.4,15.1,24.0,0.0,0.0131,0.0386,0.48,0.0026,33.0,16.0
2024-05-20,서초구,5860,150290,20.0,15.8,24.0,0.0,0.0169,0.031,0.31,0.0027,37.0,14.0
2024-05-20,성동구,7124,130055,19.7,17.0,24.1,0.0,0.0177,0.0317,0.28,0.0034,29.0,15.0
2024-05-20,성북구,3995,53076,18.8,16.2,22.6,0.0,0.0118,0.0328,0.33,0.0029,32.0,15.0
2024-05-20,송파구,17007,203138,20.7,18.2,24.7,0.0,0.0134,0.0328,0.26,0.0039,29.0,14.0
2024-05-20,양천구,10581,37543,19.7,17.0,23.2,0.0,0.0144,0.0376,0.26,0.0032,29.0,13.0
2024-05-20,영등포구,15986,321199,20.1,17.5,23.7,0.0,0.0138,0.0353,0.28,0.0032,27.0,15.0
2024-05-20,용산구,3473,0,20.2,17.8,23.3,0.0,0.0171,0.0292,0.3,0.0032,33.0,17.0
2024-05-20,은평구,4082,128866,18.2,13.9,22.3,0.0,0.011,0.0295,0.42,0.0032,36.0,18.0
2024-05-20,종로구,5153,242337,19.0,16.2,22.7,0.0,0.0143,0.0286,0.29,0.0033,29.0,17.0
2024-05-20,중구,4166,272681,18.1,15.1,22.7,0.0,0.0162,0.0308,0.26,0.0033,26.0,17.0
2024-05-20,중랑구,5336,97554,20.2,18.2,23.4,0.0,0.0156,0.0277,0.29,0.0028,27.0,16.0
2024-05-21,강남구,6895,417586,22.8,17.1,29.4,0.0,0.0197,0.0461,0.33,0.0025,40.0,24.0
2024-05-21,강동구,8389,101762,22.1,16.8,28.2,0.0,0.0144,0.0492,0.44,0.0019,38.0,27.0
2024-05-21,강북구,2603,52388,21.3,15.0,28.3,0.0,0.01,0.0509,0.28,0.002,30.0,20.0
2024-05-21,강서구,22729,195404,21.3,16.6,28.9,0.0,0.0195,0.047,0.37,0.0028,50.0,30.0
2024-05-21,관악구,3913,162238,19.5,13.8,28.0,0.0,0.017,0.0512,0.35,0.0025,45.0,24.0
2024-05-21,광진구,8965,68250,22.8,17.6,29.5,0.0,0.0174,0.0492,0.49,0.0029,35.0,24.0
2024-05-21,구로구,7567,135602,21.4,16.4,28.6,0.0,0.0123,0.0539,0.3,0.0023,51.0,35.0
2024-05-21,금천구,3565,106823,21.4,16.1,29.1,0.0,0.0185,0.0482,0.36,0.0027,42.0,25.0
2024-05-21,노원구,12392,187739,21.3,14.4,28.9,0.0,0.014,0.043,0.3,0.0024,34.0,21.0
2024-05-21,도봉구,4132,101861,21.3,16.1,27.1,0.0,0.0103,0.0472,0.43,0.003,37.0,25.0
2024-05-21,동대문구,6102,113551,22.3,16.8,28.8,0.0,0.0149,0.0474,0.32,0.0025,41.0,25.0
2024-05-21,동작구,3642,98847,21.7,16.1,30.0,0.0,0.0149,0.0464,0.31,0.0021,40.0,24.0
2024-05-21,마포구,8394,270812,21.3,15.7,28.2,0.0,0.0183,0.0481,0.35,0.0024,41.0,28.0
2024-05-21,서대문구,3499,107692,20.5,14.5,27.8,0.0,0.0136,0.0542,0.53,0.0018,44.0,28.0
2024-05-21,서초구,6041,160958,22.0,16.3,28.8,0.0,0.0177,0.0472,0.37,0.002,49.0,28.0
2024-05-21,성동구,7326,135642,21.8,16.4,28.9,0.0,0.0176,0.0438,0.32,0.003,39.0,22.0
2024-05-21,성북구,4153,54716,20.8,15.6,28.2,0.0,0.0139,0.0415,0.39,0.002,38.0,23.0
2024-05-21,송파구,18119,218416,22.5,17.6,29.4,0.0,0.017,0.0408,0.33,0.0027,37.0,20.0
2024-05-21,양천구,11029,39300,21.5,16.5,28.6,0.0,0.0196,0.0527,0.36,0.0027,48.0,27.0
2024-05-21,영등포구,16665,337655,22.1,17.0,29.1,0.0,0.0196,0.0476,0.35,0.0026,41.0,28.0
2024-05-21,용산구,3655,0,22.1,17.4,29.2,0.0,0.0207,0.0399,0.38,0.0026,42.0,23.0
2024-05-21,은평구,4199,132564,20.0,15.5,28.5,0.0,0.0112,0.0398,0.49,0.0025,45.0,31.0
2024-05-21,종로구,5669,255304,21.3,16.0,28.8,0.0,0.0145,0.0422,0.34,0.0028,43.0,26.0
2024-05-21,중구,4403,287785,20.1,14.9,26.8,0.0,0.0165,0.045,0.33,0.0027,37.0,27.0
2024-05-21,중랑구,5320,100130,22.4,17.4,28.7,0.0,0.0137,0.0354,0.32,0.0021,35.0,23.0
2024-05-22,강남구,6768,412534,21.6,17.2,27.5,0.0,0.0225,0.0519,0.41,0.0033,57.0,37.0
2024-05-22,강동구,8414,102254,21.4,16.7,26.9,0.0,0.0218,0.0602,0.59,0.0027,68.0,55.0
2024-05-22,강북구,2505,52629,19.8,15.6,26.3,0.0,0.0107,0.0593,0.35,0.0025,45.0,32.0
2024-05-22,강서구,22979,197175,19.9,15.8,26.8,0.0,0.0203,0.0363,0.37,0.0034,50.0,30.0
2024-05-22,관악구,3969,164139,17.8,13.3,25.2,0.0,0.0176,0.0483,0.37,0.0032,52.0,31.0
2024-05-22,광진구,9080,68248,21.7,17.9,27.0,0.0,0.0237,0.0569,0.6,0.0031,58.0,43.0
2024-05-22,구로구,7635,137121,20.2,15.6,26.4,0.0,0.0109,0.0506,0.29,0.0029,50.0,34.0
2024-05-22,금천구,3605,105866,19.8,15.2,26.1,0.0,0.0203,0.0426,0.41,0.0034,49.0,31.0
2024-05-22,노원구,12438,187671,20.3,14.6,27.5,0.0,0.0175,0.0531,0.41,0.003,55.0,37.0
2024-05-22,도봉구,4107,101816,20.6,16.8,25.5,0.0,0.0121,0.0569,0.51,0.0033,50.0,37.0
2024-05-22,동대문구,6201,117226,21.4,17.5,26.6,0.0,0.0201,0.0504,0.44,0.0033,59.0,40.0
2024-05-22,동작구,3719,99583,20.3,15.7,27.4,0.0,0.0167,0.0469,0.35,0.0027,52.0,34.0
2024-05-22,마포구,8582,272292,20.4,15.5,26.4,0.0,0.0205,0.0433,0.41,0.0029,47.0,33.0
2024-05-22,서대문구,3431,108168,19.4,15.1,25.7,0.0,0.0154,0.057,0.56,0.0023,56.0,39.0
2024-05-22,서초구,6013,160199,20.8,16.1,26.8,0.0,0.0193,0.0452,0.41,0.0025,61.0,38.0
2024-05-22,성동구,7117,142225,20.9,16.7,26.3,0.0,0.0237,0.0444,0.43,0.0035,58.0,35.0
2024-05-22,성북구,4147,55242,20.0,16.0,25.3,0.0,0.0161,0.0494,0.5,0.0027,55.0,36.0
2024-05-22,송파구,17788,216195,21.7,17.9,27.5,0.0,0.0197,0.0466,0.41,0.0053,57.0,35.0
2024-05-22,양천구,11227,38879,20.5,16.5,26.1,0.0,0.0187,0.0462,0.36,0.0032,48.0,29.0
2024-05-22,영등포구,16110,341303,21.0,16.9,26.8,0.0,0.0175,0.0465,0.35,0.0033,46.0,33.0
2024-05-22,용산구,3758,0,21.3,17.1,26.5,0.0,0.0229,0.0412,0.48,0.0038,54.0,32.0
2024-05-22,은평구,4230,132457,18.2,13.3,25.1,0.0,0.0118,0.0424,0.55,0.0028,56.0,42.0
2024-05-22,종로구,5928,261949,19.7,15.3,25.7,0.0,0.0184,0.045,0.46,0.0035,61.0,41.0
2024-05-22,중구,4263,290025,19.8,14.8,26.1,0.0,0.0193,0.0443,0.41,0.0035,49.0,39.0
2024-05-22,중랑구,5629,100247,21.7,18.2,26.8,0.0,0.0201,0.0416,0.46,0.0031,56.0,41.0
2024-05-23,강남구,6796,415903,21.6,17.0,28.1,0.0,0.0228,0.0441,0.31,0.0033,32.0,20.0
2024-05-23,강동구,8510,101479,21.5,16.0,28.1,0.0,0.0228,0.0499,0.44,0.0024,32.0,19.0
2024-05-23,강북구,2524,52318,19.6,13.8,26.7,0.0,0.0106,0.0493,0.27,0.0023,25.0,17.0
2024-05-23,강서구,22704,196866,19.9,15.7,26.8,0.0,0.0168,0.0369,0.28,0.0033,30.0,16.0
2024-05-23,관악구,3876,164907,18.2,12.6,25.4,0.0,0.0204,0.0378,0.31,0.0034,34.0,19.0
2024-05-23,광진구,8996,68426,21.8,17.5,27.5,0.0,0.0259,0.0463,0.44,0.0028,32.0,19.0
2024-05-23,구로구,7691,136805,20.5,15.5,26.7,0.0,0.0124,0.0405,0.25,0.0029,36.0,22.0
2024-05-23,금천구,3505,105277,20.1,15.9,26.8,0.0,0.0227,0.0348,0.35,0.0035,30.0,17.0
2024-05-23,노원구,12156,185945,20.9,13.6,28.9,0.0,0.0158,0.0436,0.29,0.0026,30.0,19.0
2024-05-23,도봉구,4113,101466,20.1,14.8,26.0,0.0,0.0117,0.0456,0.39,0.0031,30.0,17.0
2024-05-23,동대문구,6224,118939,21.3,16.8,27.4,0.0,0.0183,0.0371,0.31,0.0029,30.0,19.0
2024-05-23,동작구,3648,99396,20.6,15.2,27.3,0.0,0.0178,0.0409,0.28,0.0027,29.0,17.0
2024-05-23,마포구,8433,277505,19.9,15.3,26.8,0.0,0.0179,0.0379,0.31,0.0028,30.0,17.0
2024-05-23,서대문구,3600,109140,19.4,14.0,26.5,0.0,0.014,0.0432,0.37,0.0022,32.0,19.0
2024-05-23,서초구,5992,163906,20.8,15.6,27.6,0.0,0.0184,0.0372,0.34,0.0024,40.0,22.0
2024-05-23,성동구,7053,141381,20.8,16.9,26.8,0.0,0.0233,0.0383,0.32,0.0036,34.0,21.0
2024-05-23,성북구,4188,54941,19.6,15.5,25.9,0.0,0.0162,0.031,0.39,0.0023,32.0,19.0
2024-05-23,송파구,18115,218002,21.5,17.7,26.9,0.0,0.021,0.0415,0.32,0.0037,34.0,19.0
2024-05-23,양천구,11007,38800,20.4,16.3,26.8,0.0,0.0192,0.0387,0.29,0.0032,29.0,16.0
2024-05-23,영등포구,16330,345893,20.8,16.5,27.2,0.0,0.0196,0.038,0.29,0.0031,29.0,19.0
2024-05-23,용산구,3617,0,21.0,16.9,26.9,0.0,0.0231,0.0343,0.36,0.004,36.0,19.0
2024-05-23,은평구,4264,132867,18.3,11.8,25.6,0.0,0.0115,0.0325,0.41,0.0027,33.0,20.0
2024-05-23,종로구,5898,261539,19.8,15.3,26.3,0.0,0.017,0.0374,0.33,0.0034,32.0,20.0
2024-05-23,중구,4093,293202,19.4,14.4,26.7,0.0,0.0184,0.0363,0.29,0.0032,26.0,19.0
2024-05-23,중랑구,5442,99769,21.4,17.4,27.5,0.0,0.0187,0.0343,0.32,0.0027,28.0,19.0
2024-05-24,강남구,7048,423684,21.1,15.9,25.5,0.0,0.0186,0.0375,0.32,0.0025,37.0,25.0
2024-05-24,강동구,8677,103842,20.4,16.4,24.7,0.0,0.0161,0.038,0.44,0.0018,37.0,26.0
2024-05-24,강북구,2639,53156,19.1,14.8,23.9,0.0,0.0081,0.0336,0.27,0.002,27.0,20.0
2024-05-24,강서구,23128,200600,19.9,15.7,24.7,0.0,0.013,0.0353,0.27,0.0026,41.0,26.0
2024-05-24,관악구,3921,172241,18.0,12.8,23.4,0.0,0.0154,0.0358,0.31,0.0024,43.0,27.0
2024-05-24,광진구,9190,71418,20.6,16.7,25.2,0.0,0.0179,0.0386,0.44,0.0022,34.0,23.0
2024-05-24,구로구,7752,138385,20.1,16.0,24.4,0.0,0.01,0.0405,0.25,0.0023,45.0,32.0
2024-05-24,금천구,3598,104330,20.0,15.6,24.1,0.0,0.02,0.0351,0.32,0.0028,42.0,27.0
2024-05-24,노원구,12794,187272,20.0,15.1,25.1,0.0,0.0114,0.029,0.28,0.0023,31.0,21.0
2024-05-24,도봉구,4232,104318,19.7,16.3,23.3,0.0,0.0089,0.0314,0.41,0.0028,33.0,22.0
2024-05-24,동대문구,6393,121528,20.6,16.3,25.3,0.0,0.0133,0.0343,0.3,0.0023,34.0,23.0
2024-05-24,동작구,3771,103222,20.4,15.5,25.0,0.0,0.0154,0.0359,0.29,0.0022,40.0,27.0
2024-05-24,마포구,8868,291736,20.2,15.0,25.2,0.0,0.0135,0.0336,0.29,0.0021,34.0,24.0
2024-05-24,서대문구,3472,110117,19.3,14.8,24.2,0.0,0.0109,0.0406,0.38,0.0017,37.0,23.0
2024-05-24,서초구,6147,177179,20.5,14.9,25.0,0.0,0.0171,0.0321,0.34,0.0019,47.0,28.0
2024-05-24,성동구,7610,146092,20.3,15.9,24.4,0.0,0.0178,0.032,0.32,0.0031,36.0,25.0
2024-05-24,성북구,4111,55028,19.1,15.1,23.5,0.0,0.0134,0.0275,0.42,0.0019,36.0,23.0
2024-05-24,송파구,18146,224837,20.8,16.3,24.8,0.0,0.0166,0.0323,0.31,0.0024,37.0,25.0
2024-05-24,양천구,11588,39487,20.0,16.0,24.2,0.0,0.0155,0.0373,0.29,0.0027,39.0,26.0
2024-05-24,영등포구,16442,355384,20.7,16.2,24.9,0.0,0.0153,0.0343,0.3,0.0025,35.0,27.0
2024-05-24,용산구,3957,0,20.8,16.6,25.1,0.0,0.0171,0.0306,0.36,0.0025,40.0,24.0
2024-05-24,은평구,4352,135055,18.5,15.1,23.5,0.0,0.0086,0.0292,0.42,0.0024,38.0,27.0
2024-05-24,종로구,5523,270120,19.8,15.0,24.1,0.0,0.0116,0.0332,0.32,0.0025,34.0,23.0
2024-05-24,중구,3978,296670,18.9,13.4,24.4,0.0,0.0117,0.0347,0.27,0.0026,28.0,23.0
2024-05-24,중랑구,5788,102055,20.6,16.6,24.8,0.0,0.0141,0.0265,0.32,0.0022,31.0,22.0
2024-05-25,강남구,5730,251005,21.8,19.5,25.0,0.0,0.0147,0.0456,0.27,0.0023,29.0,15.0
2024-05-25,강동구,7833,73691,21.1,18.8,24.2,0.0,0.0094,0.0494,0.35,0.0019,24.0,9.0
2024-05-25,강북구,2404,44381,20.5,16.4,24.8,0.0,0.0101,0.0436,0.28,0.0024,28.0,17.0
2024-05-25,강서구,17147,144325,21.1,17.8,25.1,0.0,0.0169,0.0341,0.33,0.0029,41.0,21.0
2024-05-25,관악구,4049,143724,19.0,15.6,23.8,0.0,0.0168,0.0392,0.35,0.0026,43.0,23.0
2024-05-25,광진구,8705,63807,21.9,19.4,25.3,0.0,0.0148,0.0475,0.35,0.0024,27.0,14.0
2024-05-25,구로구,6260,96822,20.7,17.8,24.1,0.0,0.0116,0.04,0.27,0.0024,43.0,23.0
2024-05-25,금천구,2188,44851,21.2,18.5,24.6,0.0,0.0188,0.0363,0.37,0.003,35.0,20.0
2024-05-25,노원구,12071,154345,20.6,15.9,25.1,0.0,0.0116,0.0421,0.28,0.0024,29.0,16.0
2024-05-25,도봉구,3981,85092,20.4,17.4,23.7,0.0,0.0098,0.0396,0.41,0.0029,31.0,17.0
2024-05-25,동대문구,5424,90582,21.4,19.3,24.5,0.0,0.014,0.0417,0.29,0.0025,32.0,18.0
2024-05-25,동작구,3705,81069,21.4,17.9,25.1,0.0,0.0148,0.0401,0.29,0.0022,35.0,18.0
2024-05-25,마포구,9345,272966,21.0,18.4,25.8,0.0,0.017,0.0401,0.32,0.0024,36.0,21.0
2024-05-25,서대문구,3433,89922,20.4,16.7,24.3,0.0,0.0136,0.0454,0.39,0.0021,34.0,18.0
2024-05-25,서초구,5104,153238,21.2,18.9,24.8,0.0,0.0126,0.0423,0.33,0.0019,41.0,17.0
2024-05-25,성동구,6765,106757,21.3,19.5,24.8,0.0,0.0132,0.0428,0.27,0.0029,29.0,17.0
2024-05-25,성북구,3698,40398,20.5,17.6,23.6,0.0,0.0144,0.0347,0.36,0.002,34.0,17.0
2024-05-25,송파구,17795,160629,22.1,19.5,24.8,0.0,0.0113,0.0441,0.26,0.0027,31.0,15.0
2024-05-25,양천구,10118,28294,21.2,18.8,24.3,0.0,0.0176,0.0368,0.33,0.003,38.0,20.0
2024-05-25,영등포구,14373,252864,21.8,19.5,25.1,0.0,0.0172,0.0396,0.31,0.0026,34.0,25.0
2024-05-25,용산구,4258,0,22.0,20.1,24.5,0.0,0.0157,0.0377,0.32,0.0025,35.0,17.0
2024-05-25,은평구,4252,106923,19.4,14.7,24.4,0.0,0.0111,0.0326,0.44,0.0025,34.0,20.0
2024-05-25,종로구,4276,223289,20.8,18.3,24.1,0.0,0.0132,0.0397,0.31,0.0028,31.0,18.0
2024-05-25,중구,2921,209138,19.7,17.5,24.2,0.0,0.0189,0.0365,0.31,0.0028,27.0,18.0
2024-05-25,중랑구,5445,83116,21.7,19.0,25.3,0.0,0.0101,0.0358,0.26,0.0021,27.0,14.0
2024-05-26,강남구,2263,148846,20.5,17.7,25.6,6.5,0.0113,0.0453,0.29,0.0024,24.0,14.0
2024-05-26,강동구,3251,48826,20.1,17.3,25.0,8.0,0.0082,0.0543,0.38,0.002,18.0,9.0
2024-05-26,강북구,1042,29993,19.2,15.8,25.1,12.5,0.0093,0.043,0.3,0.0021,24.0,15.0
2024-05-26,강서구,6167,100133,19.9,17.0,24.1,7.5,0.0107,0.0408,0.31,0.0026,25.0,13.0
2024-05-26,관악구,1655,96972,18.4,16.0,22.6,9.5,0.0098,0.0447,0.31,0.0026,28.0,16.0
2024-05-26,광진구,3451,43679,20.2,17.8,24.6,7.0,0.012,0.0515,0.39,0.0025,25.0,14.0
2024-05-26,구로구,2273,66302,19.4,16.9,23.9,9.5,0.0062,0.0495,0.25,0.0024,26.0,12.0
2024-05-26,금천구,893,29827,19.8,17.2,24.3,8.5,0.0112,0.0425,0.34,0.0028,23.0,11.0
2024-05-26,노원구,4500,101677,19.9,15.2,25.9,8.5,0.0096,0.0445,0.3,0.0024,25.0,16.0
2024-05-26,도봉구,1633,59446,19.7,17.3,23.3,13.5,0.0079,0.042,0.42,0.0029,22.0,12.0
2024-05-26,동대문구,2275,62785,20.2,17.5,24.6,8.0,0.0091,0.046,0.29,0.0024,26.0,14.0
2024-05-26,동작구,1428,51994,19.9,16.3,24.7,6.5,0.0085,0.0444,0.27,0.0021,25.0,13.0
2024-05-26,마포구,3028,190440,19.5,16.5,24.9,7.5,0.0109,0.044,0.3,0.0023,25.0,15.0
2024-05-26,서대문구,1332,62039,18.8,16.1,24.2,8.0,0.009,0.0515,0.38,0.002,23.0,12.0
2024-05-26,서초구,1937,119877,19.5,16.9,24.2,7.0,0.007,0.0477,0.32,0.002,25.0,10.0
2024-05-26,성동구,2350,67149,19.7,17.2,24.3,8.5,0.0108,0.0425,0.28,0.0027,24.0,15.0
2024-05-26,성북구,1646,26949,19.2,16.7,23.2,12.0,0.0092,0.0401,0.33,0.0021,25.0,11.0
2024-05-26,송파구,6634,106484,20.6,17.8,25.5,6.0,0.009,0.043,0.28,0.0024,25.0,13.0
2024-05-26,양천구,3909,17981,19.8,17.1,23.8,7.5,0.0105,0.044,0.3,0.0026,24.0,12.0
2024-05-26,영등포구,4932,175716,20.2,17.5,24.3,7.0,0.0102,0.0447,0.3,0.0025,23.0,16.0
2024-05-26,용산구,1452,0,20.1,17.6,23.9,7.5,0.0101,0.0387,0.31,0.0024,26.0,13.0
2024-05-26,은평구,1598,71521,19.4,16.2,23.4,10.0,0.0086,0.0362,0.43,0.0026,24.0,14.0
2024-05-26,종로구,1504,134261,19.1,16.1,23.7,8.0,0.0097,0.0426,0.3,0.0027,25.0,14.0
2024-05-26,중구,918,135131,18.3,15.2,24.1,7.0,0.0125,0.0384,0.29,0.0028,20.0,14.0
2024-05-26,중랑구,2070,52804,20.3,17.7,25.6,11.5,0.0097,0.0367,0.3,0.0023,24.0,14.0
2024-05-27,강남구,6853,402730,19.8,15.2,24.2,0.0,0.0115,0.0502,0.34,0.0023,24.0,10.0
2024-05-27,강동구,7947,99880,19.4,15.2,24.1,0.0,0.0091,0.0558,0.41,0.0019,22.0,7.0
2024-05-27,강북구,2422,50633,18.1,14.1,22.7,0.0,0.0051,0.0534,0.27,0.0021,19.0,8.0
2024-05-27,강서구,21870,193472,19.3,14.6,24.2,0.0,0.0088,0.0478,0.31,0.0025,27.0,8.0
2024-05-27,관악구,3860,156680,17.3,13.0,22.3,0.0,0.0105,0.049,0.35,0.0025,31.0,12.0
2024-05-27,광진구,8300,64601,19.7,15.6,23.7,0.0,0.0123,0.0555,0.37,0.0025,25.0,9.0
2024-05-27,구로구,7592,133689,19.1,15.0,23.6,0.0,0.0069,0.0505,0.32,0.0024,33.0,11.0
2024-05-27,금천구,3623,105511,19.0,14.7,23.7,0.0,0.0121,0.047,0.39,0.0027,25.0,8.0
2024-05-27,노원구,11964,174965,19.2,14.1,24.4,0.0,0.0072,0.0513,0.28,0.0023,22.0,9.0
2024-05-27,도봉구,4119,99011,18.4,15.0,22.2,0.0,0.0052,0.0496,0.35,0.0029,24.0,7.0
2024-05-27,동대문구,6027,112548,19.3,15.1,23.5,0.0,0.0084,0.049,0.32,0.0023,25.0,10.0
2024-05-27,동작구,3454,96634,19.2,13.9,24.7,0.0,0.0089,0.042,0.43,0.0021,29.0,13.0
2024-05-27,마포구,8259,265761,18.7,14.0,24.1,0.0,0.0109,0.0499,0.33,0.0023,27.0,10.0
2024-05-27,서대문구,3246,102996,17.7,12.5,23.7,0.0,0.0086,0.0546,0.37,0.0019,28.0,11.0
2024-05-27,서초구,5865,156055,18.6,13.9,23.6,0.0,0.0097,0.0469,0.37,0.0022,32.0,10.0
2024-05-27,성동구,7181,132336,19.0,14.9,23.4,0.0,0.0117,0.0454,0.33,0.0026,25.0,11.0
2024-05-27,성북구,3968,52906,18.0,14.1,22.2,0.0,0.0084,0.0423,0.3,0.002,28.0,9.0
2024-05-27,송파구,16707,203598,19.4,15.7,23.9,0.0,0.0107,0.046,0.34,0.0022,30.0,10.0
2024-05-27,양천구,10461,37709,19.3,14.9,23.9,0.0,0.01,0.0493,0.33,0.0024,26.0,8.0
2024-05-27,영등포구,16263,332933,19.5,15.4,24.5,0.0,0.0095,0.0523,0.34,0.0024,25.0,12.0
2024-05-27,용산구,3709,0,19.4,15.5,23.6,0.0,0.012,0.0416,0.39,0.0024,30.0,10.0
2024-05-27,은평구,4159,129785,16.8,12.1,22.8,0.0,0.0071,0.0387,0.44,0.0025,29.0,13.0
2024-05-27,종로구,5566,245594,18.0,13.7,22.6,0.0,0.008,0.0471,0.35,0.0026,25.0,10.0
2024-05-27,중구,4155,281831,16.9,12.6,22.1,0.0,0.0088,0.0432,0.32,0.0026,19.0,10.0
2024-05-27,중랑구,5220,96533,19.4,15.3,23.4,0.0,0.0078,0.042,0.32,0.0021,21.0,9.0
2024-05-28,강남구,7173,414081,20.6,14.3,27.1,0.0,0.0153,0.0371,0.27,0.0023,16.0,7.0
2024-05-28,강동구,8768,102950,19.6,13.6,25.1,0.0,0.0117,0.0405,0.33,0.002,10.0,3.0
2024-05-28,강북구,2562,52137,18.8,12.2,26.2,0.0,0.0072,0.0406,0.23,0.002,12.0,6.0
2024-05-28,강서구,23719,195147,19.9,13.7,26.6,0.0,0.012,0.041,0.28,0.0024,18.0,7.0
2024-05-28,관악구,4044,161944,17.6,11.1,24.8,0.0,0.0142,0.0389,0.29,0.0026,19.0,7.0
2024-05-28,광진구,9599,66305,20.9,15.0,26.0,0.0,0.0172,0.0389,0.27,0.0023,16.0,6.0
2024-05-28,구로구,7954,136618,20.1,14.1,26.1,0.0,0.0085,0.0438,0.3,0.0024,19.0,8.0
2024-05-28,금천구,3681,106439,20.7,15.4,26.5,0.0,0.0158,0.0332,0.33,0.0028,17.0,7.0
2024-05-28,노원구,12962,177649,18.7,11.0,26.9,0.0,0.0119,0.0361,0.26,0.0022,15.0,7.0
2024-05-28,도봉구,4269,101766,19.1,13.5,24.9,0.0,0.0075,0.0405,0.31,0.0031,14.0,6.0
2024-05-28,동대문구,6377,114028,20.6,14.9,26.3,0.0,0.0123,0.0379,0.27,0.0023,17.0,7.0
2024-05-28,동작구,3828,98418,19.8,13.0,27.9,0.0,0.0101,0.0427,0.24,0.002,13.0,4.0
2024-05-28,마포구,9094,271869,20.8,15.2,27.5,0.0,0.0132,0.0415,0.27,0.0022,18.0,7.0
2024-05-28,서대문구,3644,106883,19.0,12.8,25.5,0.0,0.0101,0.0417,0.28,0.0019,14.0,5.0
2024-05-28,서초구,6286,156762,19.7,13.2,26.1,0.0,0.0152,0.035,0.31,0.0024,21.0,8.0
2024-05-28,성동구,7560,136506,20.7,15.8,26.2,0.0,0.0135,0.0375,0.26,0.003,16.0,7.0
2024-05-28,성북구,4272,54470,19.4,13.6,25.0,0.0,0.0131,0.0317,0.24,0.002,18.0,6.0
2024-05-28,송파구,18343,213796,21.0,14.9,26.1,0.0,0.0154,0.0333,0.27,0.0022,18.0,8.0
2024-05-28,양천구,11154,38752,20.8,16.1,25.9,0.0,0.0121,0.0444,0.26,0.0024,16.0,6.0
2024-05-28,영등포구,16801,338875,21.7,16.7,26.6,0.0,0.0148,0.0437,0.27,0.0024,16.0,8.0
2024-05-28,용산구,4157,0,21.1,15.0,27.0,0.0,0.0176,0.0323,0.3,0.0023,21.0,9.0
2024-05-28,은평구,4579,133136,17.7,10.5,25.6,0.0,0.0077,0.0295,0.32,0.0024,14.0,6.0
2024-05-28,종로구,5927,255657,19.9,14.5,25.9,0.0,0.0107,0.0383,0.29,0.0027,15.0,7.0
2024-05-28,중구,4458,291210,19.0,13.8,23.6,0.0,0.0135,0.0355,0.27,0.0025,12.0,7.0
2024-05-28,중랑구,5674,97942,20.7,14.9,25.6,0.0,0.0104,0.0323,0.26,0.0019,14.0,7.0
2024-05-29,강남구,6847,410898,21.9,14.7,28.8,0.0,0.0246,0.0338,0.33,0.0028,24.0,13.0
2024-05-29,강동구,8831,102418,21.3,13.9,28.0,0.0,0.0205,0.0432,0.38,0.0025,21.0,7.0
2024-05-29,강북구,2644,51776,20.1,12.7,27.5,0.0,0.0157,0.0404,0.31,0.0026,21.0,11.0
2024-05-29,강서구,23504,196520,21.1,14.4,28.0,0.0,0.0221,0.037,0.32,0.0035,25.0,10.0
2024-05-29,관악구,3985,162842,18.6,12.7,25.7,0.0,0.0202,0.0405,0.33,0.0031,27.0,12.0
2024-05-29,광진구,9312,66238,22.4,15.9,28.4,0.0,0.0266,0.0414,0.34,0.0028,24.0,11.0
2024-05-29,구로구,7734,137029,20.9,14.8,27.7,0.0,0.0134,0.0428,0.33,0.0029,28.0,12.0
2024-05-29,금천구,3603,106352,21.5,16.1,26.9,0.0,0.0202,0.036,0.36,0.003,20.0,8.0
2024-05-29,노원구,12507,179482,19.6,10.8,29.0,0.0,0.0186,0.0389,0.32,0.0027,24.0,12.0
2024-05-29,도봉구,4335,102716,19.7,13.6,26.3,0.0,0.0167,0.038,0.38,0.0035,23.0,10.0
2024-05-29,동대문구,6121,114046,22.0,15.9,28.2,0.0,0.023,0.0387,0.34,0.0031,25.0,12.0
2024-05-29,동작구,3635,98476,20.8,13.4,28.6,0.0,0.0166,0.0426,0.31,0.0024,24.0,12.0
2024-05-29,마포구,8809,271359,22.2,16.7,28.1,0.0,0.0254,0.0379,0.34,0.0031,27.0,13.0
2024-05-29,서대문구,3707,106360,20.4,14.5,27.2,0.0,0.02,0.0412,0.38,0.0026,26.0,10.0
2024-05-29,서초구,5917,157734,21.1,13.5,28.0,0.0,0.0226,0.0326,0.36,0.0028,33.0,12.0
2024-05-29,성동구,7503,136629,21.5,15.7,27.2,0.0,0.0265,0.0342,0.33,0.0032,24.0,13.0
2024-05-29,성북구,4299,54704,20.4,14.4,26.8,0.0,0.0225,0.029,0.29,0.0024,26.0,10.0
2024-05-29,송파구,17852,214712,22.5,16.9,28.3,0.0,0.0141,0.0571,0.28,0.0027,27.0,14.0
2024-05-29,양천구,11176,38785,21.7,16.4,27.1,0.0,0.0206,0.0403,0.3,0.0031,23.0,10.0
2024-05-29,영등포구,16780,340665,22.7,17.8,28.0,0.0,0.0211,0.0417,0.33,0.0033,23.0,13.0
2024-05-29,용산구,3883,0,22.0,15.9,27.7,0.0,0.0279,0.0315,0.39,0.0031,28.0,15.0
2024-05-29,은평구,4525,132593,18.3,11.2,26.6,0.0,0.0167,0.0305,0.41,0.003,26.0,13.0
2024-05-29,종로구,5780,264581,21.1,15.0,26.6,0.0,0.0217,0.0383,0.36,0.0037,24.0,13.0
2024-05-29,중구,4352,301750,21.0,15.7,27.5,0.0,0.0227,0.0347,0.36,0.0033,20.0,12.0
2024-05-29,중랑구,5539,97675,22.2,16.0,28.1,0.0,0.022,0.0335,0.34,0.0026,22.0,12.0
2024-05-30,강남구,6885,412676,21.1,16.6,25.7,0.0,0.034,0.0346,0.41,0.0029,29.0,18.0
2024-05-30,강동구,8599,100997,20.2,15.3,24.2,0.0,0.0275,0.0385,0.45,0.0024,23.0,9.0
2024-05-30,강북구,2583,51597,19.5,13.6,24.2,0.0,0.0135,0.046,0.32,0.0024,17.0,12.0
2024-05-30,강서구,23175,194877,20.6,15.6,24.9,0.0,0.0328,0.0378,0.42,0.0038,30.0,14.0
2024-05-30,관악구,4074,163645,18.3,13.8,24.2,0.0,0.0331,0.0394,0.43,0.0035,30.0,16.0
2024-05-30,광진구,8884,66436,21.5,17.3,24.9,0.0,0.0354,0.0372,0.4,0.0027,26.0,14.0
2024-05-30,구로구,7779,135416,20.8,15.8,25.7,0.0,0.0234,0.039,0.41,0.0031,37.0,17.0
2024-05-30,금천구,3580,105395,21.5,17.6,25.8,0.0,0.0319,0.0372,0.42,0.0034,23.0,12.0
2024-05-30,노원구,12287,177245,18.9,11.9,24.8,0.0,0.0241,0.0388,0.35,0.0026,24.0,15.0
2024-05-30,도봉구,4055,100615,19.0,14.2,22.8,0.0,0.0169,0.0465,0.36,0.0035,19.0,10.0
2024-05-30,동대문구,6488,114177,21.3,16.4,25.3,0.0,0.0276,0.0418,0.39,0.0029,28.0,15.0
2024-05-30,동작구,3614,97652,20.6,14.7,25.8,0.0,0.0298,0.0403,0.39,0.0028,26.0,14.0
2024-05-30,마포구,8269,273025,20.9,17.8,25.5,0.0,0.0311,0.0416,0.41,0.0031,29.0,16.0
2024-05-30,서대문구,3584,107276,19.6,15.6,24.0,0.0,0.021,0.0502,0.36,0.0026,24.0,11.0
2024-05-30,서초구,5919,159390,20.4,15.3,24.8,0.0,0.029,0.0349,0.42,0.0029,36.0,17.0
2024-05-30,성동구,7522,137278,21.1,17.0,25.0,0.0,0.0335,0.0356,0.42,0.0035,29.0,16.0
2024-05-30,성북구,4350,55420,20.1,15.6,24.3,0.0,0.023,0.0375,0.32,0.0024,26.0,13.0
2024-05-30,송파구,17555,214367,21.8,17.7,25.4,0.0,0.034,0.031,0.41,0.0028,30.0,14.0
2024-05-30,양천구,11180,38194,21.4,17.7,24.9,0.0,0.0347,0.0399,0.4,0.0035,27.0,13.0
2024-05-30,영등포구,16085,338451,22.1,19.3,25.5,0.0,0.0359,0.0397,0.42,0.0036,26.0,16.0
2024-05-30,용산구,3668,0,21.6,17.4,25.1,0.0,0.0383,0.0323,0.48,0.0033,33.0,17.0
2024-05-30,은평구,4460,131258,18.0,11.4,24.0,0.0,0.0163,0.0377,0.38,0.0029,22.0,11.0
2024-05-30,종로구,5825,261279,20.8,16.5,24.8,0.0,0.0257,0.0406,0.42,0.0035,25.0,15.0
2024-05-30,중구,4448,295104,19.7,16.6,23.8,0.0,0.0271,0.0392,0.4,0.0033,21.0,14.0
2024-05-30,중랑구,5585,97134,21.3,17.3,25.0,0.0,0.0227,0.0341,0.37,0.0024,23.0,13.0
2024-05-31,강남구,6878,421808,21.3,16.7,27.2,0.0,0.0173,0.0544,0.31,0.0028,24.0,16.0
2024-05-31,강동구,8496,103594,20.7,16.0,27.0,0.0,0.0185,0.0552,0.39,0.0024,21.0,9.0
2024-05-31,강북구,2576,51997,19.5,13.8,25.3,0.0,0.0103,0.0582,0.29,0.0024,20.0,14.0
2024-05-31,강서구,22879,201651,20.6,15.8,26.1,0.0,0.0149,0.0502,0.28,0.0028,22.0,11.0
2024-05-31,관악구,3654,171089,18.2,13.6,24.0,0.0,0.0153,0.054,0.31,0.0031,26.0,14.0
2024-05-31,광진구,8720,70438,21.4,18.1,26.3,0.0,0.0226,0.0506,0.39,0.0028,23.0,14.0
2024-05-31,구로구,7678,137433,20.5,15.6,26.0,0.0,0.0105,0.0555,0.32,0.0027,27.0,16.0
2024-05-31,금천구,3468,104381,20.4,17.2,25.2,0.0,0.0184,0.0489,0.37,0.0033,21.0,12.0
2024-05-31,노원구,12255,180838,20.7,12.3,27.6,0.0,0.0143,0.0549,0.31,0.0027,25.0,16.0
2024-05-31,도봉구,4222,103301,19.8,15.1,24.7,0.0,0.0106,0.0605,0.34,0.0036,23.0,12.0
2024-05-31,동대문구,6148,116941,20.8,17.9,26.1,0.0,0.0155,0.0537,0.31,0.0028,24.0,13.0
2024-05-31,동작구,3604,102687,20.3,14.2,26.6,0.0,0.0139,0.0571,0.29,0.0026,24.0,13.0
2024-05-31,마포구,8625,286904,20.6,17.0,26.3,0.0,0.0175,0.052,0.3,0.0027,23.0,13.0
2024-05-31,서대문구,3440,107264,19.6,14.6,25.3,1.0,0.0151,0.0538,0.38,0.0029,25.0,12.0
2024-05-31,서초구,5747,173082,20.6,15.7,26.4,0.0,0.0172,0.0493,0.34,0.0029,33.0,15.0
2024-05-31,성동구,7278,142226,20.6,16.8,25.6,0.0,0.0209,0.0484,0.32,0.0033,25.0,14.0
2024-05-31,성북구,4231,54445,19.7,16.3,24.5,0.0,0.0139,0.0489,0.25,0.0024,25.0,13.0
2024-05-31,송파구,17975,227498,21.4,17.9,26.5,0.0,0.0178,0.0509,0.32,0.0029,26.0,15.0
2024-05-31,양천구,11717,39033,20.4,17.2,25.7,0.0,0.0166,0.053,0.29,0.0029,22.0,12.0
2024-05-31,영등포구,16374,352266,21.0,18.0,26.1,0.0,0.0157,0.0562,0.3,0.0029,22.0,14.0
2024-05-31,용산구,3582,0,21.0,17.9,26.1,0.0,0.0199,0.0459,0.36,0.0031,26.0,13.0
2024-05-31,은평구,4458,133461,18.7,11.5,25.0,0.0,0.0119,0.0391,0.37,0.0027,23.0,14.0
2024-05-31,종로구,5770,266632,19.8,16.0,25.4,0.0,0.015,0.0522,0.33,0.0035,23.0,15.0
2024-05-31,중구,4401,292263,19.6,15.7,25.8,0.0,0.0159,0.0478,0.31,0.0029,18.0,14.0
2024-05-31,중랑구,5648,99834,21.4,18.3,25.9,0.0,0.0172,0.0427,0.33,0.0025,21.0,13.0
2024-06-01,강남구,5731,246521,21.3,18.0,26.9,0.0,0.0107,0.0503,0.28,0.0022,27.0,16.0
2024-06-01,강동구,7389,70773,20.9,17.4,26.1,0.0,0.009,0.0569,0.34,0.0021,25.0,10.0
2024-06-01,강북구,2352,42368,20.6,17.0,25.6,0.0,0.0049,0.0541,0.24,0.0021,21.0,13.0
2024-06-01,강서구,17189,140866,21.4,17.7,27.2,0.0,0.0099,0.0486,0.28,0.0026,33.0,13.0
2024-06-01,관악구,3902,136761,18.4,14.7,24.0,0.5,0.01,0.0505,0.3,0.0026,33.0,15.0
2024-06-01,광진구,9796,68197,21.4,17.9,26.1,0.0,0.0111,0.0548,0.43,0.0025,27.0,14.0
2024-06-01,구로구,6457,92594,20.9,17.8,25.9,0.0,0.0066,0.0539,0.31,0.0025,33.0,16.0
2024-06-01,금천구,2177,43525,20.4,17.1,26.3,0.0,0.0108,0.0505,0.35,0.0026,29.0,14.0
2024-06-01,노원구,11307,138151,21.3,16.5,27.2,0.0,0.0066,0.0524,0.26,0.0022,25.0,14.0
2024-06-01,도봉구,4026,81600,20.7,17.9,24.7,0.0,0.0046,0.0569,0.3,0.0032,25.0,11.0
2024-06-01,동대문구,5172,85311,21.2,18.0,26.4,0.0,0.0083,0.0505,0.27,0.0023,27.0,13.0
2024-06-01,동작구,3554,77869,20.7,17.4,26.2,0.0,0.0085,0.0518,0.27,0.0021,30.0,15.0
2024-06-01,마포구,9481,241909,21.0,17.4,26.8,0.0,0.011,0.0504,0.29,0.0024,28.0,14.0
2024-06-01,서대문구,3356,85799,19.9,16.1,25.3,0.0,0.0087,0.056,0.37,0.0023,31.0,13.0
2024-06-01,서초구,5366,144939,20.7,17.1,26.5,0.0,0.0079,0.0508,0.32,0.0025,32.0,16.0
2024-06-01,성동구,7015,104644,20.9,17.6,25.7,0.0,0.0118,0.0481,0.28,0.0028,28.0,14.0
2024-06-01,성북구,3822,38072,20.0,17.0,24.6,0.0,0.0073,0.0466,0.23,0.002,29.0,12.0
2024-06-01,송파구,17115,153971,21.2,18.0,25.6,0.0,0.0096,0.0482,0.28,0.0023,29.0,15.0
2024-06-01,양천구,10843,27233,20.9,18.0,25.6,0.0,0.0097,0.0522,0.28,0.0026,27.0,13.0
2024-06-01,영등포구,14074,240962,21.2,18.2,26.5,0.0,0.0089,0.054,0.28,0.0026,25.0,15.0
2024-06-01,용산구,4338,0,21.3,18.0,26.1,0.0,0.0124,0.0435,0.34,0.0025,31.0,15.0
2024-06-01,은평구,4500,101401,19.3,13.6,25.2,0.0,0.0062,0.041,0.38,0.0025,31.0,15.0
2024-06-01,종로구,4468,219429,19.8,16.6,24.5,0.0,0.0078,0.0488,0.29,0.0027,27.0,14.0
2024-06-01,중구,3138,219359,19.3,15.7,25.4,0.0,0.0083,0.0454,0.27,0.0027,24.0,14.0
2024-06-01,중랑구,5044,75666,21.2,18.2,25.7,0.0,0.0082,0.0425,0.28,0.0021,22.0,13.0
2024-06-02,강남구,5328,145139,21.6,15.5,27.8,0.0,0.0096,0.0529,0.27,0.0024,20.0,11.0
2024-06-02,강동구,7126,50441,20.5,15.4,27.0,0.0,0.0074,0.0555,0.3,0.0021,15.0,3.0
2024-06-02,강북구,2162,32001,19.7,15.2,26.3,0.0,0.0058,0.0559,0.25,0.0021,18.0,10.0
2024-06-02,강서구,15161,103277,20.9,14.4,27.7,0.0,0.0094,0.0542,0.28,0.003,22.0,9.0
2024-06-02,관악구,3790,97733,17.9,12.1,25.0,0.0,0.0093,0.0563,0.29,0.0027,24.0,11.0
2024-06-02,광진구,8598,44731,21.5,17.0,26.9,0.0,0.0094,0.054,0.37,0.0027,21.0,9.0
2024-06-02,구로구,5773,67375,20.8,14.9,27.1,0.0,0.0059,0.0598,0.31,0.0027,24.0,10.0
2024-06-02,금천구,2019,30829,21.3,16.5,26.7,0.0,0.0101,0.0515,0.34,0.0027,19.0,9.0
2024-06-02,노원구,10451,100061,19.9,11.4,27.6,0.0,0.0072,0.0516,0.26,0.0024,21.0,11.0
2024-06-02,도봉구,3815,63814,20.1,15.2,25.3,0.0,0.0051,0.0585,0.27,0.0035,20.0,8.0
2024-06-02,동대문구,5057,63197,21.4,16.6,27.1,0.0,0.0077,0.0554,0.27,0.0026,21.0,9.0
2024-06-02,동작구,3445,54149,20.0,14.0,27.7,0.0,0.0083,0.0571,0.26,0.0023,22.0,11.0
2024-06-02,마포구,9015,179931,,,,,,,,,,
2024-06-02,서대문구,3265,58988,19.5,13.5,26.3,0.0,0.0077,0.0584,0.32,0.0023,22.0,8.0
2024-06-02,서초구,5101,117785,20.4,14.2,26.7,0.0,0.006,0.0573,0.31,0.0027,24.0,9.0
2024-06-02,성동구,6407,74215,21.2,16.6,26.2,0.0,0.0099,0.051,0.27,0.0047,21.0,10.0
2024-06-02,성북구,3406,27486,19.9,15.4,25.5,0.0,0.0062,0.0495,0.2,0.0023,22.0,9.0
2024-06-02,송파구,16253,111538,21.6,17.6,26.5,0.0,0.0094,0.0504,0.27,0.0024,23.0,11.0
2024-06-02,양천구,9296,18886,21.4,17.2,26.6,0.0,0.0101,0.0583,0.27,0.003,20.0,9.0
2024-06-02,영등포구,13256,173462,21.8,17.7,26.7,0.0,0.0091,0.06,0.27,0.003,20.0,11.0
2024-06-02,용산구,4078,0,21.5,17.7,27.0,0.0,0.0116,0.0474,0.31,0.0027,25.0,11.0
2024-06-02,은평구,4013,74253,17.7,10.6,25.5,0.0,0.0062,0.0414,0.33,0.0026,22.0,11.0
2024-06-02,종로구,3803,137574,20.3,15.9,25.8,0.0,0.0066,0.0553,0.27,0.0031,20.0,10.0
2024-06-02,중구,2594,132883,19.3,14.8,25.9,0.0,0.0077,0.0514,0.27,0.0029,16.0,10.0
2024-06-02,중랑구,4688,54772,21.5,17.2,26.8,0.0,0.0071,0.0437,0.26,0.0022,17.0,10.0
2024-06-03,강남구,7137,399340,22.8,15.7,29.3,0.0,0.0134,0.0361,0.25,0.002,13.0,7.0
2024-06-03,강동구,8387,99236,21.2,14.7,27.4,0.0,0.0079,0.0428,0.27,0.0017,5.0,1.0
2024-06-03,강북구,2483,50595,20.3,13.5,28.3,0.0,0.0083,0.0401,0.23,0.002,14.0,8.0
2024-06-03,강서구,22766,191624,22.5,14.9,29.4,0.0,0.0116,0.045,0.29,0.0024,15.0,7.0
2024-06-03,관악구,4000,155129,20.0,11.7,27.9,0.0,0.0131,0.0432,0.27,0.0023,17.0,8.0
2024-06-03,광진구,9030,63833,22.1,16.2,28.7,0.0,0.0097,0.0427,0.31,0.0022,12.0,5.0
2024-06-03,구로구,7917,133159,22.7,15.4,28.8,0.0,0.0073,0.049,0.29,0.0023,19.0,7.0
2024-06-03,금천구,3866,105856,22.7,17.1,28.8,0.0,0.0132,0.0445,0.32,0.0025,15.0,7.0
2024-06-03,노원구,11999,173477,20.5,11.9,28.7,0.0,0.0094,0.0394,0.23,0.0021,13.0,8.0
2024-06-03,도봉구,4242,98147,20.3,14.4,27.6,0.0,0.0087,0.0426,0.25,0.0032,13.0,6.0
2024-06-03,동대문구,6006,110815,22.3,16.2,28.6,0.0,0.0105,0.0365,0.24,0.0022,15.0,7.0
2024-06-03,동작구,3645,95514,21.8,14.1,29.9,0.0,0.0128,0.0434,0.26,0.002,17.0,8.0
2024-06-03,마포구,8378,258943,,,,,,,,,,
2024-06-03,서대문구,3491,101849,21.1,15.1,27.9,0.0,0.0082,0.0481,0.27,0.002,13.0,6.0
2024-06-03,서초구,6289,151882,21.8,14.2,28.0,0.0,0.0122,0.0397,0.3,0.0023,18.0,9.0
2024-06-03,성동구,7358,129626,22.4,17.0,27.9,0.0,0.0092,0.0403,0.22,0.003,13.0,7.0
2024-06-03,성북구,4056,52415,21.0,15.2,27.6,0.0,0.0104,0.0346,0.18,0.002,15.0,6.0
2024-06-03,송파구,18010,201857,22.3,16.2,28.5,0.0,0.0125,0.0357,0.25,0.0021,16.0,8.0
2024-06-03,양천구,11145,37844,23.0,17.7,28.4,0.0,0.0125,0.0468,0.27,0.0023,15.0,6.0
2024-06-03,영등포구,16465,329836,23.2,18.2,29.0,0.0,0.0129,0.047,0.27,0.0023,15.0,9.0
2024-06-03,용산구,3703,0,22.8,17.3,29.6,0.0,0.0167,0.0343,0.27,0.0022,15.0,7.0
2024-06-03,은평구,4666,128934,20.8,11.4,27.7,0.0,0.0072,0.0343,0.29,0.0024,12.0,8.0
2024-06-03,종로구,5761,240923,21.9,15.9,27.7,0.0,0.0091,0.039,0.26,0.0025,13.0,7.0
2024-06-03,중구,4214,275523,20.5,15.1,27.1,0.0,0.0125,0.0364,0.27,0.0024,11.0,7.0
2024-06-03,중랑구,5548,95487,22.0,16.0,28.4,0.0,0.0087,0.0324,0.23,0.0019,12.0,7.0
2024-06-04,강남구,7245,416141,23.4,15.4,30.2,0.0,0.0147,0.0411,0.25,0.0022,18.0,9.0
2024-06-04,강동구,8752,101445,22.5,16.2,29.3,0.0,0.0102,0.0515,0.27,0.0019,11.0,3.0
2024-06-04,강북구,2549,52108,21.5,13.0,29.0,0.0,0.0076,0.0436,0.21,0.0021,13.0,7.0
2024-06-04,강서구,23742,194625,22.7,15.5,29.8,0.0,0.0133,0.0442,0.27,0.0025,17.0,7.0
2024-06-04,관악구,4085,162341,20.4,12.2,28.5,0.0,0.0153,0.0447,0.26,0.0024,20.0,8.0
2024-06-04,광진구,9694,65697,23.8,17.2,30.4,0.0,0.0119,0.0496,0.31,0.0025,17.0,9.0
2024-06-04,구로구,7950,135386,23.4,17.8,29.7,0.0,0.0095,0.0487,0.29,0.0025,20.0,9.0
2024-06-04,금천구,3683,106206,23.4,18.4,29.7,0.0,0.0174,0.0424,0.34,0.0026,17.0,8.0
2024-06-04,노원구,12415,177470,21.3,10.6,30.7,0.0,0.0126,0.0396,0.23,0.0023,17.0,9.0
2024-06-04,도봉구,4405,100339,21.4,13.4,28.7,0.0,0.0085,0.0452,0.21,0.0034,16.0,6.0
2024-06-04,동대문구,6409,112958,23.2,16.5,30.0,0.0,0.0126,0.0434,0.25,0.0022,18.0,8.0
2024-06-04,동작구,3686,97725,22.1,13.8,30.2,0.0,0.0169,0.0429,0.26,0.0022,20.0,9.0
2024-06-04,마포구,9026,267479,,,,0.0,0.0132,0.0477,0.25,0.0022,19.0,8.0
2024-06-04,서대문구,3662,104998,21.8,14.4,28.7,0.0,0.0098,0.051,0.25,0.0023,19.0,7.0
2024-06-04,서초구,6378,156069,22.5,14.7,29.9,0.0,0.0128,0.0435,0.29,0.0024,23.0,12.0
2024-06-04,성동구,7997,133827,23.1,17.7,29.1,0.0,0.0125,0.0452,0.24,0.0028,17.0,8.0
2024-06-04,성북구,4338,54340,21.9,15.4,29.0,0.0,0.0124,0.0375,0.16,0.0021,18.0,6.0
2024-06-04,송파구,18383,216475,23.5,17.6,29.4,0.0,0.0154,0.0411,0.26,0.0022,19.0,9.0
2024-06-04,양천구,11338,39291,23.5,18.8,28.6,0.0,0.0133,0.0472,0.24,0.0024,16.0,6.0
2024-06-04,영등포구,16552,336076,24.1,19.1,29.8,0.0,0.0141,0.0481,0.25,0.0024,17.0,9.0
2024-06-04,용산구,3718,0,23.7,18.1,29.6,0.0,0.0173,0.0383,0.28,0.0023,20.0,9.0
2024-06-04,은평구,4660,131021,20.5,11.7,28.4,0.0,0.009,0.0353,0.27,0.0026,18.0,8.0
2024-06-04,종로구,6214,250373,23.0,17.4,29.1,0.0,0.0114,0.0447,0.26,0.0026,16.0,9.0
2024-06-04,중구,4623,283089,21.5,16.3,29.2,0.0,0.0129,0.0412,0.25,0.0026,13.0,9.0
2024-06-04,중랑구,5604,97308,23.4,17.5,29.3,0.0,0.0113,0.0381,0.24,0.0019,15.0,8.0
2024-06-05,강남구,6696,418549,24.2,17.3,31.7,0.0,0.0299,0.0459,0.39,0.0032,37.0,23.0
2024-06-05,강동구,8616,103722,23.5,16.5,30.3,0.0,0.0226,0.0553,0.42,0.0025,33.0,14.0
2024-06-05,강북구,2520,53306,22.3,15.4,29.6,0.0,0.0133,0.0598,0.31,0.0025,31.0,19.0
2024-06-05,강서구,23721,202227,22.7,16.6,30.2,0.0,0.0222,0.0609,0.35,0.0036,43.0,24.0
2024-06-05,관악구,3982,170477,20.7,14.9,29.1,0.0,0.0278,0.0547,0.39,0.0036,45.0,24.0
2024-06-05,광진구,9555,68790,24.5,18.8,31.1,0.0,0.0277,0.0506,0.5,0.0031,37.0,21.0
2024-06-05,구로구,8078,139748,23.1,17.5,30.6,0.0,0.0178,0.0611,0.38,0.0033,51.0,28.0
2024-06-05,금천구,3622,107364,23.3,18.6,30.2,0.0,0.0272,0.052,0.4,0.0035,36.0,21.0
2024-06-05,노원구,12833,183883,22.6,13.0,30.9,0.0,0.0185,0.0517,0.33,0.0028,35.0,20.0
2024-06-05,도봉구,4349,102140,22.6,16.2,29.0,0.0,0.0143,0.0588,0.34,0.0035,32.0,17.0
2024-06-05,동대문구,6165,116051,24.4,18.5,31.2,0.0,0.0241,0.0536,0.39,0.003,39.0,22.0
2024-06-05,동작구,3692,101762,22.8,16.0,31.0,0.0,0.0232,0.058,0.35,0.0028,39.0,21.0
2024-06-05,마포구,9092,278376,24.1,18.9,31.2,0.0,0.0271,0.0562,0.37,0.0029,40.0,24.0
2024-06-05,서대문구,3522,109430,22.5,16.7,29.7,0.0,0.0196,0.0599,0.47,0.0032,40.0,19.0
2024-06-05,서초구,6155,170478,23.2,16.3,30.7,0.0,0.0257,0.0451,0.4,0.003,45.0,21.0
2024-06-05,성동구,7613,137422,23.8,18.8,31.1,0.0,0.028,0.0482,0.39,0.0035,37.0,21.0
2024-06-05,성북구,4349,55458,22.8,17.3,29.7,0.0,0.0234,0.0453,0.32,0.0026,42.0,20.0
2024-06-05,송파구,18201,222425,24.5,19.5,31.4,0.0,0.0301,0.0493,0.38,0.003,41.0,23.0
2024-06-05,양천구,11424,39544,23.8,18.8,29.9,0.0,0.0249,0.0601,0.35,0.0035,40.0,25.0
2024-06-05,영등포구,16723,347250,24.6,20.1,30.7,0.0,0.0256,0.0573,0.36,0.0033,38.0,26.0
2024-06-05,용산구,3722,0,24.2,18.5,30.2,0.0,0.0326,0.0418,0.45,0.0033,41.0,23.0
2024-06-05,은평구,4577,134968,20.9,13.3,29.4,0.0,0.0168,0.0434,0.44,0.0031,42.0,23.0
2024-06-05,종로구,6348,258312,23.2,17.9,29.9,0.0,0.0232,0.055,0.41,0.0038,37.0,24.0
2024-06-05,중구,4742,288757,22.8,17.9,30.5,0.0,0.0251,0.0491,0.39,0.0033,31.0,22.0
2024-06-05,중랑구,5690,100928,24.6,18.6,30.8,0.0,0.0211,0.0421,0.37,0.0026,31.0,20.0
2024-06-06,강남구,4887,163869,24.5,19.3,32.1,0.0,0.0219,0.0574,0.37,0.0031,40.0,29.0
2024-06-06,강동구,6816,54690,24.4,18.9,31.1,0.0,0.0232,0.0663,0.47,0.0025,43.0,26.0
2024-06-06,강북구,2167,36336,23.3,17.6,30.8,0.0,0.0119,0.0756,0.33,0.0026,36.0,25.0
2024-06-06,강서구,14752,114928,23.7,18.4,31.4,0.0,0.0227,0.0637,0.38,0.0037,46.0,29.0
2024-06-06,관악구,3817,107590,21.4,15.7,29.9,0.0,0.0217,0.0651,0.4,0.0034,48.0,30.0
2024-06-06,광진구,8233,52226,24.8,20.0,31.8,0.0,0.0263,0.0629,0.54,0.0031,43.0,29.0
2024-06-06,구로구,5816,72850,23.5,18.4,31.1,0.0,0.0139,0.072,0.39,0.0031,54.0,35.0
2024-06-06,금천구,1974,35276,23.6,19.2,30.7,0.0,0.0205,0.0621,0.4,0.0032,37.0,24.0
2024-06-06,노원구,9724,110454,23.4,16.5,31.9,0.5,0.0179,0.0655,0.37,0.003,42.0,27.0
2024-06-06,도봉구,3660,67556,23.3,18.4,29.5,0.0,0.012,0.0758,0.35,0.0027,34.0,23.0
2024-06-06,동대문구,4805,68619,24.7,20.2,31.7,0.5,0.0224,0.0628,0.41,0.0031,43.0,28.0
2024-06-06,동작구,3653,61368,23.6,18.0,32.0,0.0,0.0176,0.0634,0.35,0.0027,41.0,27.0
2024-06-06,마포구,8182,197563,24.4,19.3,32.6,0.0,0.0263,0.0624,0.39,0.0031,45.0,31.0
2024-06-06,서대문구,3231,65434,22.8,17.6,30.1,0.0,0.0211,0.0715,0.52,0.0028,46.0,27.0
2024-06-06,서초구,4743,108939,23.7,18.3,31.1,0.0,0.0174,0.059,0.4,0.0029,48.0,26.0
2024-06-06,성동구,6175,88122,24.2,19.8,31.1,0.0,0.024,0.0589,0.4,0.0035,41.0,28.0
2024-06-06,성북구,3646,30698,23.4,18.9,29.7,0.0,0.0173,0.0605,0.32,0.0026,43.0,26.0
2024-06-06,송파구,15334,117925,24.7,20.4,32.1,0.0,0.0205,0.0594,0.36,0.0031,44.0,27.0
2024-06-06,양천구,9004,20913,23.8,19.3,29.7,0.0,0.0229,0.071,0.39,0.0036,42.0,31.0
2024-06-06,영등포구,12881,178587,24.6,20.1,31.2,0.0,0.022,0.0677,0.39,0.0035,43.0,35.0
2024-06-06,용산구,3919,0,24.5,20.7,31.2,0.0,0.0251,0.0525,0.44,0.0035,45.0,29.0
2024-06-06,은평구,4259,82148,21.3,14.9,30.1,0.0,0.0179,0.0539,0.5,0.003,47.0,28.0
2024-06-06,종로구,4091,181564,23.3,18.6,30.5,0.0,0.0213,0.061,0.41,0.0038,41.0,29.0
2024-06-06,중구,3003,156947,22.8,18.2,30.8,0.0,0.0242,0.0551,0.39,0.0035,36.0,29.0
2024-06-06,중랑구,4386,60532,24.9,20.6,31.0,0.5,0.0205,0.0495,0.4,0.0027,40.0,28.0
2024-06-07,강남구,6288,365498,24.0,18.3,29.2,0.0,0.0202,0.0582,0.32,0.0029,30.0,20.0
2024-06-07,강동구,7973,92237,23.5,17.7,28.2,0.0,0.0195,0.0676,0.37,0.0024,30.0,15.0
2024-06-07,강북구,2452,48835,22.1,16.2,27.8,0.5,0.013,0.0663,0.3,0.0025,30.0,20.0
2024-06-07,강서구,20291,182424,22.7,18.4,28.5,0.5,0.0204,0.0513,0.32,0.0034,30.0,17.0
2024-06-07,관악구,3476,153981,20.8,15.5,26.4,0.0,0.0185,0.0568,0.32,0.0032,33.0,19.0
2024-06-07,광진구,8576,65167,24.1,19.5,29.0,0.0,0.0216,0.0638,0.43,0.0029,31.0,19.0
2024-06-07,구로구,7279,122873,22.9,17.5,27.9,0.0,0.0123,0.0592,0.33,0.003,38.0,21.0
2024-06-07,금천구,3118,85626,23.0,17.9,28.0,0.0,0.0217,0.0545,0.37,0.0034,29.0,17.0
2024-06-07,노원구,11479,167250,23.0,14.6,28.8,0.5,0.0182,0.0613,0.33,0.0029,35.0,22.0
2024-06-07,도봉구,4050,94897,22.5,17.6,27.0,0.0,0.0136,0.0681,0.33,0.0027,30.0,19.0
2024-06-07,동대문구,5717,106071,23.9,19.3,29.2,0.0,0.0196,0.0586,0.35,0.0031,31.0,19.0
2024-06-07,동작구,3411,92565,22.9,16.5,29.2,0.0,0.0173,0.0633,0.3,0.0027,31.0,18.0
2024-06-07,마포구,8573,270134,23.2,18.0,28.9,0.0,0.021,0.0574,0.31,0.003,31.0,19.0
2024-06-07,서대문구,3453,101287,21.0,16.5,27.4,0.0,0.0184,0.0613,0.4,0.0025,32.0,16.0
2024-06-07,서초구,5502,158595,23.3,17.3,28.7,0.0,0.0161,0.0584,0.35,0.0029,37.0,18.0
2024-06-07,성동구,7081,131992,23.0,18.4,27.9,0.0,0.0221,0.0571,0.33,0.0033,30.0,18.0
2024-06-07,성북구,3930,48645,22.2,18.0,27.5,0.5,0.0179,0.0535,0.26,0.0026,33.0,19.0
2024-06-07,송파구,16164,200938,24.0,19.5,29.1,0.0,0.0193,0.0594,0.32,0.0029,34.0,20.0
2024-06-07,양천구,10897,34811,23.2,18.0,28.3,0.0,0.02,0.0564,0.31,0.0032,25.0,17.0
2024-06-07,영등포구,15958,317328,23.6,18.8,28.8,0.0,0.0203,0.0573,0.31,0.0032,28.0,20.0
2024-06-07,용산구,3537,0,23.3,19.1,28.3,0.0,0.0225,0.0517,0.36,0.0033,32.0,20.0
2024-06-07,은평구,4518,124400,20.9,13.2,27.8,0.0,0.0151,0.0448,0.39,0.0029,33.0,19.0
2024-06-07,종로구,5770,249519,22.6,17.2,28.0,0.5,0.0196,0.0561,0.37,0.0037,29.0,20.0
2024-06-07,중구,4329,269625,21.6,16.5,28.1,0.5,0.0205,0.0506,0.33,0.0033,24.0,18.0
2024-06-07,중랑구,5217,92548,23.9,19.8,28.5,0.0,0.0184,0.0502,0.33,0.0026,29.0,19.0
2024-06-08,강남구,3531,216261,20.3,17.6,25.5,17.0,0.0153,0.0409,0.32,0.0025,23.0,17.0
2024-06-08,강동구,4937,61079,19.8,17.0,24.4,18.5,0.0123,0.0503,0.38,0.0019,21.0,16.0
2024-06-08,강북구,1344,35624,18.3,16.1,23.6,17.0,0.0092,0.0378,0.3,0.0021,23.0,17.0
2024-06-08,강서구,11724,123549,20.3,17.4,25.8,13.0,0.0123,0.0415,0.31,0.0026,24.0,15.0
2024-06-08,관악구,2596,121126,17.8,15.4,23.7,19.0,0.0126,0.0413,0.32,0.0026,29.0,19.0
2024-06-08,광진구,5561,50714,20.8,17.6,25.7,17.5,0.0166,0.0464,0.48,0.0025,25.0,17.0
2024-06-08,구로구,4598,83271,20.5,17.5,25.3,15.0,0.0074,0.0528,0.31,0.0024,22.0,16.0
2024-06-08,금천구,1544,37342,20.5,17.4,25.0,18.5,0.0122,0.0351,0.33,0.0026,23.0,16.0
2024-06-08,노원구,6512,116980,19.1,16.5,25.2,17.0,0.012,0.0392,0.32,0.0024,24.0,17.0
2024-06-08,도봉구,2250,67407,19.0,17.4,22.4,18.0,0.0099,0.0428,0.36,0.002,19.0,17.0
2024-06-08,동대문구,3442,72998,20.4,17.5,24.9,18.0,0.0125,0.045,0.31,0.0024,25.0,17.0
2024-06-08,동작구,2626,67472,20.0,17.5,25.7,21.0,0.0118,0.0392,0.29,0.0021,26.0,19.0
2024-06-08,마포구,5994,208939,20.2,16.9,26.6,17.0,0.0136,0.0417,0.29,0.0023,23.0,17.0
2024-06-08,서대문구,2280,72953,18.8,16.0,24.1,15.0,0.0121,0.0479,0.46,0.002,23.0,15.0
2024-06-08,서초구,3436,131380,20.1,16.8,25.7,14.5,0.0107,0.0441,0.34,0.0024,24.0,15.0
2024-06-08,성동구,4239,87949,20.2,17.2,25.4,19.5,0.014,0.0407,0.32,0.0026,23.0,15.0
2024-06-08,성북구,2362,32568,19.0,16.2,23.7,17.0,0.013,0.0388,0.3,0.0021,23.0,16.0
2024-06-08,송파구,10812,138825,21.0,17.8,25.4,17.0,0.0124,0.039,0.31,0.0023,25.0,15.0
2024-06-08,양천구,7677,24195,20.8,17.6,25.4,14.5,0.0122,0.023,0.29,0.0024,20.0,15.0
2024-06-08,영등포구,9408,209108,20.9,17.7,26.5,16.0,0.0121,0.0446,0.28,0.0023,20.0,16.0
2024-06-08,용산구,2732,0,20.9,17.9,25.4,19.0,0.0164,0.0348,0.35,0.0024,25.0,16.0
2024-06-08,은평구,2955,86780,18.6,15.6,24.2,12.5,0.0102,0.0323,0.44,0.0025,22.0,18.0
2024-06-08,종로구,2897,176749,19.9,17.2,24.8,19.5,0.0114,0.0411,0.32,0.0026,23.0,17.0
2024-06-08,중구,2036,161799,18.9,15.5,24.3,16.0,0.0134,0.0334,0.3,0.0026,20.0,17.0
2024-06-08,중랑구,3498,65139,20.6,17.3,24.6,19.0,0.012,0.0321,0.31,0.0021,22.0,16.0
2024-06-09,강남구,5016,141368,23.5,17.2,29.8,0.0,0.0144,0.0521,0.35,0.0029,29.0,20.0
2024-06-09,강동구,6873,48596,23.0,16.7,29.3,0.0,0.0119,0.0632,0.41,0.0021,27.0,15.0
2024-06-09,강북구,2207,30939,21.6,15.4,29.1,0.0,0.0082,0.0531,0.32,0.0027,25.0,17.0
2024-06-09,강서구,14379,100321,22.3,16.5,30.0,0.0,0.0134,0.0446,0.34,0.0032,29.0,17.0
2024-06-09,관악구,3582,95551,20.7,14.6,27.0,0.0,0.0124,0.0538,0.36,0.003,30.0,18.0
2024-06-09,광진구,7611,41457,23.6,18.1,29.6,0.0,0.0154,0.0581,0.52,0.0029,29.0,19.0
2024-06-09,구로구,5492,65361,23.0,17.7,29.2,0.0,0.0078,0.0608,0.35,0.0029,29.0,19.0
2024-06-09,금천구,1928,29666,22.9,17.9,28.3,0.0,0.0123,0.0524,0.38,0.0032,24.0,15.0
2024-06-09,노원구,9579,97014,22.1,14.6,30.6,0.0,0.0109,0.051,0.34,0.0029,29.0,18.0
2024-06-09,도봉구,3454,62272,21.7,16.2,27.9,0.0,0.0086,0.0581,0.37,0.0025,24.0,17.0
2024-06-09,동대문구,4682,61069,23.3,17.5,29.4,0.0,0.0134,0.0522,0.36,0.0031,30.0,18.0
2024-06-09,동작구,3371,51477,22.7,16.6,29.9,0.0,0.0105,0.0553,0.33,0.0025,28.0,18.0
2024-06-09,마포구,7740,165683,23.1,17.5,30.0,0.0,0.0157,0.0455,0.34,0.0028,28.0,19.0
2024-06-09,서대문구,3032,55205,21.5,16.1,28.4,0.0,0.0129,0.0558,0.5,0.0028,30.0,17.0
2024-06-09,서초구,4735,121846,22.8,16.3,29.5,0.0,0.0099,0.056,0.39,0.0028,32.0,19.0
2024-06-09,성동구,5791,71559,22.9,17.6,28.7,0.0,0.0149,0.0504,0.36,0.0031,29.0,18.0
2024-06-09,성북구,3209,26543,21.9,16.2,28.2,0.0,0.0114,0.0493,0.32,0.0027,31.0,17.0
2024-06-09,송파구,15244,113091,23.7,18.1,30.3,0.0,0.0125,0.0528,0.36,0.0029,28.0,17.0
2024-06-09,양천구,9150,18717,23.2,18.2,29.0,0.0,0.0135,0.0536,0.33,0.003,23.0,18.0
2024-06-09,영등포구,12511,170416,23.6,18.8,29.6,0.0,0.0121,0.0522,0.33,0.0027,26.0,20.0
2024-06-09,용산구,3718,0,23.4,18.5,29.1,0.0,0.016,0.0446,0.41,0.0029,31.0,18.0
2024-06-09,은평구,3815,72148,20.6,13.8,28.1,0.0,0.0092,0.0391,0.48,0.0032,28.0,18.0
2024-06-09,종로구,3455,132754,22.7,17.2,28.7,0.0,0.0119,0.0507,0.36,0.0036,29.0,19.0
2024-06-09,중구,2423,131461,22.1,16.8,29.2,0.0,0.0133,0.0425,0.35,0.0031,24.0,18.0
2024-06-09,중랑구,4537,52370,23.4,17.8,29.8,0.0,0.0119,0.0412,0.36,0.0026,26.0,18.0
2024-06-10,강남구,7015,399678,25.4,18.7,32.2,0.0,0.0169,0.0678,0.42,0.0032,43.0,28.0
2024-06-10,강동구,8360,98445,24.8,18.0,31.2,0.0,0.0167,0.0809,0.53,0.0028,49.0,27.0
2024-06-10,강북구,2338,49488,23.8,16.4,30.7,0.0,0.0119,0.0756,0.41,0.0031,40.0,26.0
2024-06-10,강서구,22932,191669,24.7,18.3,31.9,0.0,0.0136,0.0633,0.4,0.0033,46.0,25.0
2024-06-10,관악구,3943,154399,22.4,16.0,29.6,0.0,0.0137,0.0694,0.42,0.0031,48.0,26.0
2024-06-10,광진구,9162,62377,25.4,19.5,32.0,0.0,0.0223,0.0716,0.64,0.0033,46.0,29.0
2024-06-10,구로구,8011,132568,24.2,18.5,31.1,0.0,0.0095,0.0792,0.41,0.0033,53.0,27.0
2024-06-10,금천구,3662,103999,24.6,19.2,31.6,0.0,0.0185,0.0608,0.45,0.0034,42.0,25.0
2024-06-10,노원구,11449,169389,24.6,15.6,32.3,0.0,0.0173,0.064,0.45,0.0033,45.0,28.0
2024-06-10,도봉구,4169,96212,23.6,17.4,29.7,0.0,0.0129,0.079,0.47,0.0027,42.0,26.0
2024-06-10,동대문구,6071,108685,25.0,19.7,31.4,0.0,0.0153,0.0732,0.44,0.0037,47.0,28.0
2024-06-10,동작구,3548,93551,24.7,17.6,32.1,0.0,0.0137,0.0706,0.41,0.0026,46.0,28.0
2024-06-10,마포구,8429,257601,25.0,19.3,32.1,0.0,0.0161,0.0693,0.4,0.0033,44.0,27.0
2024-06-10,서대문구,3574,98077,23.6,17.6,30.6,0.0,0.0158,0.08,0.57,0.0032,50.0,26.0
2024-06-10,서초구,6008,150904,24.5,17.9,31.5,0.0,0.0162,0.0702,0.44,0.0031,55.0,26.0
2024-06-10,성동구,7063,126655,24.6,19.1,30.8,0.0,0.0198,0.0634,0.44,0.0035,43.0,26.0
2024-06-10,성북구,4067,51690,23.7,18.1,30.5,0.0,0.016,0.0656,0.42,0.0031,52.0,27.0
2024-06-10,송파구,16805,200686,25.6,20.2,32.0,0.0,0.0172,0.0669,0.44,0.003,47.0,28.0
2024-06-10,양천구,11091,37019,24.6,19.6,30.9,0.0,0.0156,0.0712,0.42,0.0034,39.0,27.0
2024-06-10,영등포구,16944,325793,25.6,20.5,32.0,0.0,0.0155,0.0694,0.42,0.0031,41.0,29.0
2024-06-10,용산구,3213,0,25.0,20.0,31.5,0.0,0.0219,0.0524,0.48,0.0033,48.0,28.0
2024-06-10,은평구,4349,127881,22.6,14.7,30.3,0.0,0.0125,0.0581,0.59,0.0033,50.0,29.0
2024-06-10,종로구,5793,239132,24.3,18.4,30.8,0.0,0.015,0.0706,0.45,0.0039,46.0,29.0
2024-06-10,중구,4403,269091,23.4,17.8,31.3,0.0,0.0196,0.0571,0.45,0.0037,35.0,26.0
2024-06-10,중랑구,5383,92927,25.5,20.2,31.4,0.0,0.0172,0.0501,0.48,0.0029,40.0,27.0
2024-06-11,강남구,6763,412972,26.0,21.8,33.0,0.0,0.014,0.0806,0.46,0.0028,63.0,41.0
2024-06-11,강동구,8544,100049,25.7,21.9,31.8,0.0,0.0122,0.1029,0.53,0.002,70.0,42.0
2024-06-11,강북구,2487,51126,24.8,19.3,31.7,0.0,0.0105,0.0974,0.42,0.0027,61.0,40.0
2024-06-11,강서구,22915,193598,25.0,20.7,32.3,0.0,0.0121,0.0794,0.4,0.0028,61.0,34.0
2024-06-11,관악구,3969,160840,22.5,16.9,29.7,0.0,0.0109,0.0804,0.43,0.0028,65.0,37.0
2024-06-11,광진구,8872,64252,25.9,22.1,32.5,0.0,0.0148,0.0954,0.62,0.003,63.0,39.0
2024-06-11,구로구,7787,134651,24.5,20.7,31.1,0.0,0.008,0.0962,0.43,0.0029,64.0,35.0
2024-06-11,금천구,3664,105052,24.9,21.7,31.0,0.0,0.0132,0.0762,0.46,0.0031,58.0,37.0
2024-06-11,노원구,11561,174143,25.6,19.2,32.9,0.0,0.0127,0.0871,0.45,0.0029,64.0,39.0
2024-06-11,도봉구,4054,98496,25.1,20.9,30.7,0.0,0.0102,0.1029,0.48,0.0021,60.0,37.0
2024-06-11,동대문구,6065,109717,25.7,22.2,32.7,0.0,0.0126,0.0919,0.46,0.0029,68.0,39.0
2024-06-11,동작구,3498,95574,25.3,19.5,32.2,0.0,0.011,0.0868,0.44,0.0024,65.0,42.0
2024-06-11,마포구,9266,279943,25.3,21.4,32.4,0.0,0.0139,0.0834,0.43,0.0027,60.0,38.0
2024-06-11,서대문구,3353,103189,24.3,19.4,30.8,0.0,0.0134,0.1034,0.58,0.0026,65.0,34.0
2024-06-11,서초구,5841,155068,25.2,20.4,32.2,0.0,0.0139,0.0873,0.46,0.0027,73.0,37.0
2024-06-11,성동구,7066,130605,25.0,21.4,31.1,0.0,0.0153,0.0826,0.46,0.0031,62.0,37.0
2024-06-11,성북구,4154,53269,24.5,21.0,30.7,0.0,0.0133,0.0857,0.43,0.0025,69.0,38.0
2024-06-11,송파구,17609,218547,26.2,22.4,32.9,0.0,0.0124,0.0827,0.45,0.0027,65.0,37.0
2024-06-11,양천구,11079,38186,25.1,21.7,30.9,0.0,0.012,0.0878,0.42,0.003,48.0,35.0
2024-06-11,영등포구,16362,335040,25.9,22.3,32.4,0.0,0.0131,0.0829,0.43,0.0028,54.0,39.0
2024-06-11,용산구,3390,0,25.7,22.3,31.8,0.0,0.015,0.0721,0.48,0.0028,67.0,40.0
2024-06-11,은평구,4262,130199,23.9,17.1,30.8,0.0,0.0114,0.0743,0.62,0.003,69.0,42.0
2024-06-11,종로구,5913,246331,24.7,20.7,31.0,0.0,0.013,0.0866,0.46,0.0033,64.0,40.0
2024-06-11,중구,4269,282235,24.0,19.8,31.6,0.0,0.0164,0.0759,0.44,0.0032,52.0,37.0
2024-06-11,중랑구,5404,95714,26.0,22.3,32.4,0.0,0.0159,0.0662,0.53,0.0025,59.0,43.0
2024-06-12,강남구,6535,410356,25.4,18.6,33.5,0.0,0.0202,0.0613,0.34,0.0032,30.0,18.0
2024-06-12,강동구,8200,100361,24.9,18.0,33.0,0.0,0.0207,0.071,0.41,0.0024,33.0,14.0
2024-06-12,강북구,2411,50944,23.4,16.6,31.6,0.0,0.0116,0.0645,0.3,0.0027,28.0,16.0
2024-06-12,강서구,23435,196424,24.5,18.3,32.0,0.0,0.0144,0.0594,0.31,0.0033,30.0,15.0
2024-06-12,관악구,3886,161435,22.3,15.2,31.0,0.0,0.016,0.0666,0.32,0.0032,32.0,16.0
2024-06-12,광진구,9075,64686,25.9,20.1,32.7,0.0,0.0274,0.0573,0.5,0.0031,35.0,18.0
2024-06-12,구로구,7834,135770,24.4,18.5,31.9,0.0,0.0103,0.071,0.34,0.0031,34.0,16.0
2024-06-12,금천구,3571,104219,25.3,19.6,32.4,0.0,0.018,0.0597,0.34,0.0032,27.0,15.0
2024-06-12,노원구,11805,175127,23.7,15.6,33.7,0.0,0.0158,0.0624,0.31,0.0029,31.0,17.0
2024-06-12,도봉구,4281,98891,23.6,17.8,30.7,0.0,0.0129,0.0727,0.33,0.0022,29.0,17.0
2024-06-12,동대문구,6051,110240,25.5,20.0,33.1,0.0,0.0168,0.0663,0.34,0.0033,33.0,17.0
2024-06-12,동작구,3690,96495,24.8,17.2,32.9,0.0,0.0153,0.07,0.31,0.003,30.0,15.0
2024-06-12,마포구,8307,266933,24.8,19.4,32.9,0.0,0.0191,0.06,0.32,0.0031,33.0,17.0
2024-06-12,서대문구,3449,102076,23.4,17.6,31.6,0.0,0.0161,0.0699,0.43,0.0025,33.0,15.0
2024-06-12,서초구,5785,156795,24.5,17.0,33.1,0.0,0.0157,0.0647,0.36,0.0031,38.0,16.0
2024-06-12,성동구,7075,132673,24.8,19.2,31.8,0.0,0.0226,0.0607,0.35,0.0036,32.0,17.0
2024-06-12,성북구,4314,53107,24.1,18.3,31.0,0.0,0.0166,0.0597,0.3,0.0027,33.0,16.0
2024-06-12,송파구,18050,221413,25.7,20.2,32.4,0.0,0.0212,0.0611,0.34,0.0031,37.0,17.0
2024-06-12,양천구,11489,38131,25.1,20.2,32.3,0.0,0.0157,0.0652,0.31,0.0032,26.0,15.0
2024-06-12,영등포구,16363,340573,25.5,20.4,32.9,0.0,0.0168,0.0635,0.31,0.0032,29.0,18.0
2024-06-12,용산구,3590,0,25.6,20.2,32.0,0.0,0.0223,0.0554,0.39,0.0034,34.0,17.0
2024-06-12,은평구,4448,131232,22.1,14.2,30.9,0.0,0.0122,0.0503,0.46,0.0029,32.0,19.0
2024-06-12,종로구,5494,251129,24.9,18.7,31.6,0.0,0.0164,0.0587,0.36,0.0037,30.0,17.0
2024-06-12,중구,4201,290078,23.6,18.1,31.9,0.0,0.0194,0.0547,0.34,0.0034,26.0,16.0
2024-06-12,중랑구,5339,96194,25.8,20.5,32.8,0.0,0.0187,0.0501,0.39,0.0029,30.0,20.0
2024-06-13,강남구,6095,417502,26.9,19.8,33.7,0.0,0.0265,0.0466,0.34,0.0034,32.0,19.0
2024-06-13,강동구,8288,100471,25.9,19.0,33.4,0.0,0.0223,0.0628,0.39,0.0023,30.0,14.0
2024-06-13,강북구,2440,51063,24.6,17.5,32.8,0.0,0.01,0.0595,0.26,0.0025,25.0,15.0
2024-06-13,강서구,22864,195810,25.8,18.8,33.0,0.0,0.0212,0.041,0.31,0.004,31.0,16.0
2024-06-13,관악구,3678,164634,23.5,16.6,31.6,0.0,0.0213,0.0504,0.34,0.0036,36.0,19.0
2024-06-13,광진구,8503,65873,27.2,20.3,33.8,0.0,0.0272,0.056,0.51,0.003,34.0,17.0
2024-06-13,구로구,7828,135607,26.1,20.3,32.9,0.0,0.0133,0.0535,0.34,0.0034,38.0,18.0
2024-06-13,금천구,3603,104183,26.8,21.1,32.9,0.0,0.0239,0.0427,0.35,0.0038,30.0,17.0
2024-06-13,노원구,11361,174694,24.5,15.9,34.7,0.0,0.0159,0.0548,0.28,0.0027,28.0,16.0
2024-06-13,도봉구,4195,98462,24.7,18.4,31.8,0.0,0.0118,0.0621,0.28,0.002,26.0,14.0
2024-06-13,동대문구,5993,112058,27.3,19.9,33.8,0.0,0.0183,0.0575,0.32,0.0031,33.0,16.0
2024-06-13,동작구,3500,96258,25.5,18.7,33.7,0.0,0.0203,0.0528,0.32,0.0032,32.0,17.0
2024-06-13,마포구,8293,273666,26.6,20.0,33.4,0.0,0.0192,0.0479,0.3,0.0033,32.0,17.0
2024-06-13,서대문구,3385,103552,24.9,18.2,32.3,0.0,0.0178,0.0598,0.39,0.0025,32.0,14.0
2024-06-13,서초구,5562,160460,25.9,18.6,33.4,0.0,0.0208,0.0484,0.36,0.0033,41.0,16.0
2024-06-13,성동구,6900,135466,26.1,20.0,32.9,0.0,0.0268,0.0477,0.35,0.0038,32.0,17.0
2024-06-13,성북구,4081,53290,25.4,19.1,32.1,0.0,0.0175,0.0465,0.32,0.0025,33.0,17.0
2024-06-13,송파구,17255,240748,27.1,20.8,33.5,0.0,0.0271,0.0466,0.36,0.0032,37.0,19.0
2024-06-13,양천구,11225,38335,26.4,20.5,32.3,0.0,0.0209,0.0359,0.33,0.0034,26.0,15.0
2024-06-13,영등포구,15920,342224,27.2,21.5,33.0,0.0,0.0218,0.0478,0.31,0.0036,29.0,18.0
2024-06-13,용산구,3345,0,27.0,21.0,33.0,0.0,0.0286,0.0412,0.4,0.0036,36.0,18.0
2024-06-13,은평구,4470,130866,23.1,15.1,31.6,0.0,0.0144,0.0422,0.42,0.0028,32.0,18.0
2024-06-13,종로구,5172,251988,26.4,20.5,32.1,0.0,0.0178,0.0559,0.34,0.0038,30.0,17.0
2024-06-13,중구,3843,290018,25.5,19.7,32.6,0.0,0.0207,0.0474,0.33,0.0034,25.0,16.0
2024-06-13,중랑구,5339,96206,27.2,20.7,33.3,0.0,0.0152,0.0503,0.37,0.0026,28.0,19.0
2024-06-14,강남구,6524,422075,27.4,21.2,34.2,0.0,0.0281,0.0407,0.36,0.0041,34.0,22.0
2024-06-14,강동구,8593,102029,26.0,20.1,33.5,0.0,0.0215,0.0603,0.35,0.003,30.0,16.0
2024-06-14,강북구,2407,51241,25.1,18.3,32.5,0.0,0.0131,0.0602,0.29,0.0034,29.0,19.0
2024-06-14,강서구,23488,199448,25.8,19.6,33.2,0.0,0.0182,0.0428,0.31,0.0055,34.0,20.0
2024-06-14,관악구,3817,171100,23.9,17.1,32.2,0.0,0.0248,0.0373,0.35,0.0049,37.0,21.0
2024-06-14,광진구,8790,67950,27.3,22.0,34.3,0.0,0.029,0.0534,0.51,0.0037,37.0,21.0
2024-06-14,구로구,7996,135942,25.9,20.4,32.9,0.0,0.015,0.0497,0.34,0.0042,37.0,21.0
2024-06-14,금천구,3557,103213,26.4,22.1,33.3,0.0,0.0267,0.0434,0.39,0.0048,32.0,19.0
2024-06-14,노원구,11592,177971,25.6,16.6,34.4,0.0,0.0178,0.055,0.3,0.0035,34.0,20.0
2024-06-14,도봉구,4264,100170,25.0,19.4,31.4,0.0,0.0144,0.0609,0.29,0.0029,30.0,17.0
2024-06-14,동대문구,6067,111957,27.1,21.7,34.0,0.0,0.0218,0.0541,0.34,0.0041,36.0,21.0
2024-06-14,동작구,3425,99430,26.1,19.3,34.1,0.0,0.0224,0.0499,0.34,0.004,35.0,21.0
2024-06-14,마포구,8536,287452,26.0,20.9,33.9,0.0,0.0204,0.047,0.31,0.0043,34.0,20.0
2024-06-14,서대문구,3390,104768,24.9,18.7,32.1,0.0,0.0186,0.0566,0.41,0.0035,35.0,17.0
2024-06-14,서초구,5725,169656,26.5,20.2,33.7,0.0,0.0222,0.0387,0.38,0.0038,36.0,19.0
2024-06-14,성동구,7131,138382,26.2,20.9,33.2,0.0,0.027,0.0474,0.35,0.0046,36.0,21.0
2024-06-14,성북구,4046,52955,25.6,20.3,32.1,0.0,0.02,0.0476,0.4,0.0033,36.0,19.0
2024-06-14,송파구,17606,225245,27.3,21.8,34.4,0.0,0.0271,0.0476,0.36,0.0038,42.0,21.0
2024-06-14,양천구,11699,38525,26.2,21.2,32.2,0.0,0.0208,0.0448,0.32,0.0045,34.0,21.0
2024-06-14,영등포구,16030,350312,26.7,22.1,33.5,0.0,0.0226,0.0458,0.33,0.0047,32.0,22.0
2024-06-14,용산구,3492,0,26.8,22.2,33.5,0.0,0.029,0.0393,0.42,0.0046,38.0,22.0
2024-06-14,은평구,4512,132286,23.6,15.9,32.2,0.0,0.0142,0.0428,0.43,0.0035,35.0,20.0
2024-06-14,종로구,5394,259877,26.2,21.5,32.7,0.0,0.0208,0.0531,0.36,0.0048,34.0,21.0
2024-06-14,중구,4052,294407,25.2,20.7,32.9,0.0,0.0223,0.04,0.33,0.0042,28.0,21.0
2024-06-14,중랑구,5440,98335,27.0,21.9,33.4,0.0,0.0199,0.0437,0.38,0.0035,33.0,23.0
2024-06-15,강남구,4358,240541,24.6,21.3,29.1,3.5,0.0154,0.0236,0.27,0.0027,27.0,21.0
2024-06-15,강동구,6572,67398,24.1,19.9,28.5,10.5,0.0149,0.0392,0.33,0.0023,24.0,16.0
2024-06-15,강북구,2084,39929,23.2,20.1,27.4,0.5,0.0066,0.0361,0.22,0.0024,24.0,20.0
2024-06-15,강서구,15431,135681,24.3,21.2,29.4,1.0,0.0108,0.0311,0.25,0.0034,25.0,17.0
2024-06-15,관악구,3290,136998,21.9,18.6,27.9,3.5,0.0126,0.0298,0.27,0.0033,28.0,18.0
2024-06-15,광진구,7119,55640,24.6,20.6,28.7,9.5,0.0156,0.038,0.49,0.0029,28.0,20.0
2024-06-15,구로구,5437,90458,24.0,20.8,28.4,12.5,0.0085,0.0369,0.29,0.0029,25.0,18.0
2024-06-15,금천구,1952,42291,23.9,21.2,28.0,5.5,0.0154,0.0212,0.29,0.0033,24.0,17.0
2024-06-15,노원구,9567,128717,23.7,19.6,29.5,3.5,0.0095,0.0313,0.24,0.0027,27.0,19.0
2024-06-15,도봉구,3500,75232,24.1,21.5,27.5,1.0,0.0062,0.0424,0.26,0.002,20.0,17.0
2024-06-15,동대문구,4272,79151,24.5,20.9,28.8,4.0,0.0109,0.0343,0.25,0.0032,28.0,19.0
2024-06-15,동작구,2916,74704,23.9,20.7,28.6,8.0,0.0123,0.0329,0.25,0.003,25.0,18.0
2024-06-15,마포구,6874,236319,23.9,20.4,29.5,4.0,0.0144,0.027,0.26,0.0032,26.0,19.0
2024-06-15,서대문구,2487,78819,22.4,19.4,27.4,4.0,0.0108,0.0402,0.39,0.0028,25.0,16.0
2024-06-15,서초구,4143,139048,23.7,20.6,28.3,3.5,0.0132,0.0322,0.32,0.0026,27.0,18.0
2024-06-15,성동구,4960,91656,23.8,20.2,28.3,7.0,0.0156,0.0265,0.28,0.0034,28.0,21.0
2024-06-15,성북구,3065,35743,23.1,20.1,27.7,0.5,0.0099,0.0336,0.36,0.0026,25.0,18.0
2024-06-15,송파구,13338,148524,24.5,21.2,29.0,3.5,0.0148,0.0279,0.28,0.0028,28.0,17.0
2024-06-15,양천구,9099,25865,23.9,20.5,28.4,3.5,0.0116,0.0331,0.26,0.0032,23.0,18.0
2024-06-15,영등포구,11195,235720,24.5,21.3,28.4,6.0,0.0121,0.0334,0.26,0.0033,25.0,22.0
2024-06-15,용산구,3046,0,24.5,21.5,28.2,7.0,0.0158,0.0242,0.33,0.0034,30.0,18.0
2024-06-15,은평구,4009,97123,22.3,18.1,27.3,2.0,0.0076,0.0285,0.41,0.0029,25.0,19.0
2024-06-15,종로구,3203,193799,23.5,20.6,27.9,6.5,0.0118,0.0332,0.27,0.0034,26.0,20.0
2024-06-15,중구,2137,177935,22.5,18.8,28.2,3.5,0.0118,0.0279,0.24,0.0032,23.0,22.0
2024-06-15,중랑구,4261,71802,24.6,20.9,28.5,3.5,0.0118,0.0265,0.31,0.0025,27.0,21.0
2024-06-16,강남구,4625,147414,24.9,20.0,31.0,0.0,0.0107,0.0466,0.3,0.0026,23.0,16.0
2024-06-16,강동구,7079,48859,24.6,19.8,31.0,0.0,0.0099,0.059,0.31,0.002,23.0,11.0
2024-06-16,강북구,2055,31836,24.0,17.6,30.0,0.0,0.0055,0.0562,0.26,0.0024,19.0,12.0
2024-06-16,강서구,14366,103131,24.4,19.8,30.6,0.0,0.0099,0.0514,0.29,0.0032,22.0,12.0
2024-06-16,관악구,3710,99816,22.0,16.3,28.4,0.0,0.0097,0.0495,0.3,0.003,27.0,14.0
2024-06-16,광진구,7434,42072,25.2,20.8,30.8,0.0,0.0114,0.0582,0.45,0.0026,24.0,13.0
2024-06-16,구로구,5522,66391,23.9,19.0,29.9,0.0,0.0058,0.0576,0.3,0.0026,23.0,15.0
2024-06-16,금천구,1876,30684,24.0,19.7,30.2,0.0,0.0105,0.0457,0.32,0.003,21.0,12.0
2024-06-16,노원구,9454,96849,24.6,16.5,31.6,0.0,0.0076,0.0506,0.28,0.0025,21.0,13.0
2024-06-16,도봉구,3555,61945,23.8,19.0,28.9,0.0,0.0053,0.0633,0.27,0.0018,17.0,11.0
2024-06-16,동대문구,4409,60205,25.0,20.4,30.9,0.0,0.0087,0.0537,0.29,0.0028,23.0,12.0
2024-06-16,동작구,3204,52905,24.1,18.4,30.2,0.0,0.0088,0.054,0.28,0.0026,23.0,14.0
2024-06-16,마포구,7284,178433,24.6,19.8,31.1,0.0,0.0118,0.0509,0.29,0.0026,22.0,12.0
2024-06-16,서대문구,2721,57586,23.3,17.8,29.7,0.0,0.0096,0.0593,0.38,0.0023,23.0,10.0
2024-06-16,서초구,4312,116070,24.0,18.2,31.0,0.0,0.0062,0.0561,0.28,0.0023,26.0,13.0
2024-06-16,성동구,5355,69851,24.3,19.6,30.4,0.0,0.0115,0.0474,0.29,0.003,24.0,14.0
2024-06-16,성북구,3179,26988,23.7,19.0,29.1,0.0,0.0071,0.0506,0.37,0.0024,23.0,12.0
2024-06-16,송파구,14095,109987,25.0,20.6,31.1,0.0,0.0098,0.0471,0.29,0.0025,23.0,13.0
2024-06-16,양천구,9076,18512,24.3,19.8,29.7,0.0,0.0104,0.0506,0.29,0.0029,19.0,12.0
2024-06-16,영등포구,11924,175523,24.6,20.6,30.4,0.0,0.0092,0.0532,0.28,0.0028,21.0,15.0
2024-06-16,용산구,3401,0,24.8,20.8,29.7,0.0,0.0115,0.0438,0.34,0.0028,26.0,14.0
2024-06-16,은평구,3872,74138,22.0,15.9,29.4,0.0,0.0079,0.0376,0.42,0.0027,24.0,15.0
2024-06-16,종로구,3103,136007,23.4,18.9,28.8,0.0,0.0086,0.0522,0.29,0.0031,20.0,12.0
2024-06-16,중구,2140,134609,22.8,18.3,29.3,0.0,0.0094,0.0471,0.28,0.0028,19.0,14.0
2024-06-16,중랑구,4381,53684,25.0,21.0,30.1,0.0,0.0099,0.0402,0.34,0.0025,22.0,14.0
2024-06-17,강남구,6667,402151,25.0,17.7,31.5,0.0,0.019,0.0512,0.3,0.0027,21.0,13.0
2024-06-17,강동구,8519,97262,24.7,17.4,30.5,0.0,0.0188,0.0608,0.28,0.0024,20.0,6.0
2024-06-17,강북구,2456,48743,23.7,16.0,30.5,0.0,0.0118,0.0609,0.26,0.0028,17.0,10.0
2024-06-17,강서구,22924,190170,24.8,17.5,31.2,0.0,0.0163,0.0559,0.29,0.0033,22.0,11.0
2024-06-17,관악구,3925,155057,22.1,15.0,28.5,0.0,0.015,0.0597,0.3,0.0031,25.0,13.0
2024-06-17,광진구,8888,63641,25.6,19.4,31.0,0.0,0.0242,0.0577,0.42,0.0028,22.0,11.0
2024-06-17,구로구,7664,131184,24.0,17.9,30.9,0.0,0.0103,0.0592,0.3,0.0027,24.0,13.0
2024-06-17,금천구,3694,103419,24.8,19.2,30.4,0.0,0.0182,0.0491,0.31,0.0032,20.0,10.0
2024-06-17,노원구,11184,168601,24.2,13.9,31.9,0.0,0.0149,0.058,0.28,0.003,21.0,12.0
2024-06-17,도봉구,4346,95655,23.8,17.1,29.4,0.0,0.0122,0.0641,0.23,0.0025,16.0,10.0
2024-06-17,동대문구,5967,107349,25.6,19.5,31.1,0.0,0.0184,0.0567,0.31,0.0032,22.0,11.0
2024-06-17,동작구,3659,93330,24.0,16.3,31.2,0.0,0.0165,0.0581,0.3,0.0028,22.0,12.0
2024-06-17,마포구,8137,261903,25.3,20.0,31.7,0.0,0.0204,0.0573,0.3,0.0031,24.0,12.0
2024-06-17,서대문구,3411,97961,23.6,17.4,30.4,0.0,0.0175,0.0613,0.33,0.0028,22.0,10.0
2024-06-17,서초구,5763,148392,24.4,16.3,31.0,0.0,0.0168,0.0523,0.26,0.0024,28.0,11.0
2024-06-17,성동구,7447,130972,24.7,19.0,30.1,0.0,0.0213,0.0513,0.31,0.0032,21.0,12.0
2024-06-17,성북구,4050,50060,24.0,17.9,29.2,0.0,0.0173,0.0505,0.34,0.0029,24.0,11.0
2024-06-17,송파구,17440,200140,25.6,20.1,31.1,0.0,0.0177,0.0537,0.29,0.0026,23.0,12.0
2024-06-17,양천구,11249,36642,24.9,19.5,30.5,0.0,0.0155,0.0595,0.28,0.003,19.0,11.0
2024-06-17,영등포구,16477,322825,25.6,20.9,31.3,0.0,0.018,0.0587,0.29,0.0031,21.0,13.0
2024-06-17,용산구,3413,0,25.1,18.8,30.3,0.0,0.0215,0.0481,0.35,0.0031,24.0,13.0
2024-06-17,은평구,4533,126804,21.9,13.0,29.9,0.0,0.0141,0.0448,0.4,0.0031,22.0,13.0
2024-06-17,종로구,5583,239226,24.1,18.0,29.4,0.0,0.0186,0.0555,0.34,0.0038,20.0,12.0
2024-06-17,중구,4159,275575,24.0,18.6,30.2,0.0,0.0213,0.049,0.31,0.0033,17.0,12.0
2024-06-17,중랑구,5448,93858,25.6,19.5,30.7,0.0,0.0163,0.0474,0.36,0.0027,18.0,11.0
2024-06-18,강남구,6614,417349,26.0,18.9,34.0,0.0,0.0226,0.0493,0.31,0.0029,25.0,16.0
2024-06-18,강동구,8421,98855,25.3,18.3,32.7,0.0,0.0216,0.0621,0.32,0.0027,27.0,10.0
2024-06-18,강북구,2398,49733,24.7,17.5,32.5,0.0,0.0146,0.0592,0.28,0.0029,22.0,14.0
2024-06-18,강서구,23145,191819,25.3,18.9,32.8,0.0,0.0176,0.0488,0.28,0.0034,24.0,13.0
2024-06-18,관악구,4012,159890,22.8,16.6,29.8,0.0,0.0147,0.0559,0.28,0.0032,28.0,14.0
2024-06-18,광진구,9125,65038,26.4,20.2,33.4,0.0,0.0259,0.0578,0.45,0.0029,28.0,14.0
2024-06-18,구로구,7904,132889,24.9,19.1,31.6,0.0,0.0103,0.0571,0.29,0.0027,29.0,16.0
2024-06-18,금천구,3829,103954,25.4,20.6,31.7,0.0,0.02,0.0452,0.28,0.0033,22.0,11.0
2024-06-18,노원구,11308,170629,25.1,15.3,34.8,0.0,0.0169,0.0601,0.29,0.0031,26.0,15.0
2024-06-18,도봉구,4093,97359,25.1,18.9,32.3,0.0,0.0147,0.0636,0.27,0.0027,24.0,14.0
2024-06-18,동대문구,5935,108684,26.6,20.1,33.5,0.0,0.0206,0.0576,0.32,0.0037,27.0,14.0
2024-06-18,동작구,3608,94998,25.2,18.1,33.0,0.0,0.0143,0.0576,0.28,0.0028,24.0,13.0
2024-06-18,마포구,8042,266452,25.9,20.5,33.4,0.0,0.0211,0.0528,0.29,0.0035,25.0,15.0
2024-06-18,서대문구,3399,99159,24.7,18.6,32.4,0.0,0.0199,0.06,0.39,0.0033,29.0,15.0
2024-06-18,서초구,5771,157859,25.3,18.1,33.6,0.0,0.0162,0.0537,0.27,0.0025,33.0,14.0
2024-06-18,성동구,7339,132428,25.6,20.1,32.0,0.0,0.0225,0.0545,0.3,0.0034,25.0,14.0
2024-06-18,성북구,4183,51660,24.8,18.8,31.8,0.0,0.0207,0.0505,0.39,0.0031,31.0,14.0
2024-06-18,송파구,17347,211917,26.4,21.1,33.3,0.0,0.0205,0.0542,0.31,0.0029,26.0,14.0
2024-06-18,양천구,11320,37537,25.4,20.4,31.4,0.0,0.0172,0.0538,0.28,0.003,21.0,13.0
2024-06-18,영등포구,16349,344585,26.3,21.4,32.4,0.0,0.0174,0.0542,0.29,0.0031,24.0,15.0
2024-06-18,용산구,3475,0,26.3,21.7,32.5,0.0,0.0223,0.0477,0.34,0.0032,29.0,16.0
2024-06-18,은평구,4476,128766,23.3,15.5,31.6,0.0,0.0161,0.0415,0.47,0.0032,29.0,17.0
2024-06-18,종로구,6032,246497,25.3,19.7,31.6,0.0,0.0195,0.0559,0.33,0.004,26.0,16.0
2024-06-18,중구,4205,280500,24.7,19.1,32.5,0.0,0.0222,0.0472,0.31,0.0036,22.0,16.0
2024-06-18,중랑구,5411,95296,26.6,20.2,33.1,0.0,0.0201,0.0523,0.35,0.0031,24.0,16.0
2024-06-19,강남구,6336,414133,29.0,20.4,36.9,0.0,0.0237,0.0771,0.38,0.0035,42.0,29.0
2024-06-19,강동구,7986,99337,28.0,19.5,35.9,0.0,0.0195,0.0949,0.39,0.0029,38.0,20.0
2024-06-19,강북구,2331,49635,26.9,18.8,34.8,0.0,0.0137,0.0876,0.35,0.0029,32.0,23.0
2024-06-19,강서구,22984,193829,28.0,20.3,35.4,0.0,0.0187,0.0827,0.38,0.004,41.0,25.0
2024-06-19,관악구,3756,160686,25.9,17.3,34.3,0.0,0.018,0.0919,0.38,0.0038,46.0,28.0
2024-06-19,광진구,8523,65356,29.2,21.7,36.1,0.0,0.0249,0.0889,0.57,0.0033,41.0,25.0
2024-06-19,구로구,7444,132522,28.2,20.8,35.7,0.0,0.0118,0.0991,0.38,0.0039,51.0,28.0
2024-06-19,금천구,3573,103413,28.6,21.4,35.4,0.0,0.021,0.0801,0.38,0.0038,37.0,23.0
2024-06-19,노원구,11302,171678,26.9,17.4,37.4,0.0,0.0179,0.079,0.36,0.0032,37.0,23.0
2024-06-19,도봉구,4020,97049,27.2,20.0,34.4,0.0,0.014,0.0906,0.35,0.0024,36.0,23.0
2024-06-19,동대문구,5660,108279,29.2,21.8,36.6,0.0,0.0195,0.0855,0.39,0.0036,40.0,25.0
2024-06-19,동작구,3425,94663,27.8,19.3,35.8,0.0,0.0179,0.0963,0.36,0.0034,42.0,26.0
2024-06-19,마포구,7721,269402,28.8,22.0,36.4,0.0,0.0224,0.0835,0.38,0.0039,41.0,25.0
2024-06-19,서대문구,3100,99192,27.2,19.6,35.3,0.0,0.0207,0.0904,0.49,0.003,43.0,23.0
2024-06-19,서초구,5289,158863,28.0,19.3,36.5,0.0,0.0174,0.0915,0.36,0.003,51.0,26.0
2024-06-19,성동구,6758,133040,28.2,21.2,35.3,0.0,0.0242,0.0836,0.39,0.0038,40.0,26.0
2024-06-19,성북구,3909,52067,27.7,20.2,35.0,0.0,0.0192,0.0731,0.47,0.0029,44.0,24.0
2024-06-19,송파구,16490,214410,29.2,22.3,35.7,0.0,0.0221,0.0835,0.39,0.0033,43.0,25.0
2024-06-19,양천구,11142,37697,28.6,21.9,35.0,0.0,0.0198,0.0912,0.38,0.0042,39.0,26.0
2024-06-19,영등포구,15243,339949,29.1,22.8,35.6,0.0,0.0214,0.0847,0.37,0.004,40.0,29.0
2024-06-19,용산구,3180,0,28.9,22.1,35.4,0.0,0.0278,0.0737,0.45,0.0038,47.0,28.0
2024-06-19,은평구,4239,128615,25.7,16.1,34.9,0.0,0.0163,0.0648,0.57,0.0032,44.0,26.0
2024-06-19,종로구,5640,248765,28.0,20.5,35.7,0.0,0.0198,0.0846,0.41,0.0041,37.0,25.0
2024-06-19,중구,4231,282731,26.9,20.2,35.6,0.0,0.0241,0.0749,0.4,0.004,33.0,26.0
2024-06-19,중랑구,4956,94897,29.3,22.0,37.0,0.0,0.0163,0.0756,0.41,0.003,33.0,24.0
2024-06-20,강남구,6155,417143,28.9,22.3,35.8,0.0,0.0197,0.078,0.41,0.0038,42.0,31.0
2024-06-20,강동구,8060,99246,28.1,21.8,34.3,0.0,0.0167,0.0923,0.4,0.0035,40.0,24.0
2024-06-20,강북구,2358,49815,27.4,20.3,35.2,0.0,0.0135,0.0901,0.38,0.0034,36.0,27.0
2024-06-20,강서구,22545,194016,28.1,21.9,35.1,0.0,0.022,0.0914,0.43,0.0053,47.0,31.0
2024-06-20,관악구,3833,163684,25.8,18.7,33.4,0.0,0.0174,0.0882,0.4,0.0041,43.0,27.0
2024-06-20,광진구,9015,69243,29.5,24.0,35.8,0.0,0.0212,0.0889,0.55,0.0041,44.0,30.0
2024-06-20,구로구,7462,132697,28.1,21.8,35.0,0.0,0.0127,0.1004,0.39,0.0044,51.0,29.0
2024-06-20,금천구,3475,103196,29.0,23.6,35.2,0.0,0.0208,0.0871,0.4,0.0044,38.0,25.0
2024-06-20,노원구,10964,172408,26.8,18.9,35.7,0.0,0.0167,0.0826,0.4,0.004,42.0,29.0
2024-06-20,도봉구,3931,97112,27.7,21.9,33.8,0.0,0.014,0.0906,0.38,0.0029,38.0,27.0
2024-06-20,동대문구,5719,110028,29.8,24.0,35.8,0.0,0.0175,0.0883,0.41,0.004,44.0,29.0
2024-06-20,동작구,3365,95806,27.5,20.4,35.5,0.0,0.0173,0.0877,0.38,0.0038,40.0,26.0
2024-06-20,마포구,7849,273204,29.0,23.5,36.0,0.0,0.0241,0.0941,0.43,0.0046,47.0,31.0
2024-06-20,서대문구,3185,101676,27.1,21.3,34.6,0.0,0.0194,0.0984,0.49,0.0035,43.0,27.0
2024-06-20,서초구,5444,162954,28.0,21.2,35.6,0.0,0.0179,0.085,0.37,0.0034,47.0,26.0
2024-06-20,성동구,6823,134549,28.6,23.0,34.2,0.0,0.0202,0.0874,0.41,0.0042,41.0,29.0
2024-06-20,성북구,3757,52481,28.3,22.3,33.8,0.0,0.0181,0.0751,0.49,0.0036,45.0,27.0
2024-06-20,송파구,16380,213750,29.4,24.6,35.1,0.0,0.0206,0.0819,0.43,0.004,48.0,30.0
2024-06-20,양천구,10816,37692,28.8,24.1,35.0,0.0,0.0227,0.0976,0.43,0.0051,43.0,29.0
2024-06-20,영등포구,15285,340219,29.5,24.8,35.4,0.0,0.0209,0.09,0.41,0.0047,40.0,31.0
2024-06-20,용산구,3182,0,29.3,23.6,35.0,0.0,0.0262,0.0755,0.46,0.0045,46.0,31.0
2024-06-20,은평구,4204,129621,25.4,17.5,35.3,0.0,0.0168,0.0733,0.61,0.0037,47.0,29.0
2024-06-20,종로구,5679,252283,28.6,22.6,35.1,0.0,0.019,0.0875,0.44,0.0049,40.0,29.0
2024-06-20,중구,4231,284118,27.6,22.4,35.0,0.0,0.0236,0.0778,0.46,0.0044,37.0,31.0
2024-06-20,중랑구,5010,95270,29.5,24.4,35.2,0.0,0.0157,0.078,0.45,0.0037,41.0,30.0
2024-06-21,강남구,6312,423727,28.1,22.0,34.6,0.0,0.028,0.0573,0.39,0.0043,37.0,26.0
2024-06-21,강동구,8351,100831,27.3,20.7,34.0,0.0,0.0244,0.0719,0.32,0.004,34.0,18.0
2024-06-21,강북구,2427,50880,26.6,20.3,33.4,0.0,0.0155,0.0798,0.33,0.004,33.0,23.0
2024-06-21,강서구,22671,199723,26.9,21.2,33.6,0.0,0.0225,0.0609,0.36,0.0055,37.0,20.0
2024-06-21,관악구,3796,169742,24.9,18.9,31.5,0.0,0.0203,0.062,0.36,0.0042,40.0,22.0
2024-06-21,광진구,8749,71059,28.5,23.2,34.5,0.0,0.0313,0.0649,0.5,0.0043,38.0,24.0
2024-06-21,구로구,7703,134783,27.1,21.6,32.7,0.0,0.0146,0.0663,0.36,0.0042,44.0,24.0
2024-06-21,금천구,3548,101453,27.4,23.1,32.8,0.0,0.0232,0.0597,0.35,0.0043,30.0,18.0
2024-06-21,노원구,11530,174670,26.8,18.1,34.9,0.0,0.0211,0.0721,0.35,0.0043,37.0,24.0
2024-06-21,도봉구,4123,98733,26.8,21.5,32.6,0.0,0.0165,0.0797,0.31,0.0034,35.0,21.0
2024-06-21,동대문구,5768,112270,28.8,23.6,34.5,0.0,0.0243,0.0696,0.38,0.0027,39.0,24.0
2024-06-21,동작구,3393,99566,27.1,20.6,34.3,0.0,0.0195,0.0693,0.34,0.0042,35.0,21.0
2024-06-21,마포구,8315,288016,28.0,23.5,35.1,0.0,0.0255,0.0645,0.35,0.0052,39.0,21.0
2024-06-21,서대문구,3321,103613,26.3,21.2,34.7,0.0,0.021,0.0722,0.41,0.0042,37.0,20.0
2024-06-21,서초구,5532,174010,27.6,20.6,34.0,0.0,0.0223,0.0603,0.33,0.0038,46.0,22.0
2024-06-21,성동구,6802,138805,27.6,23.0,33.7,0.0,0.0283,0.0623,0.38,0.0046,39.0,25.0
2024-06-21,성북구,3909,52129,26.9,22.2,32.7,0.0,0.0229,0.061,0.46,0.004,41.0,22.0
2024-06-21,송파구,16906,223361,28.7,23.7,34.4,0.0,0.0258,0.0637,0.37,0.0042,40.0,23.0
2024-06-21,양천구,11494,38074,27.4,23.3,32.4,0.0,0.0215,0.0682,0.35,0.0051,34.0,20.0
2024-06-21,영등포구,15984,350612,28.2,24.6,33.4,0.0,0.0253,0.0597,0.36,0.0047,34.0,22.0
2024-06-21,용산구,3486,0,28.2,23.4,32.9,0.0,0.0293,0.0558,0.44,0.005,41.0,24.0
2024-06-21,은평구,4371,131207,24.9,17.3,32.7,0.0,0.0162,0.0535,0.51,0.0043,40.0,22.0
2024-06-21,종로구,5725,258766,27.4,22.5,33.1,0.0,0.0236,0.0683,0.4,0.0055,34.0,23.0
2024-06-21,중구,4251,288182,26.9,22.4,33.8,0.0,0.026,0.0593,0.36,0.0049,29.0,22.0
2024-06-21,중랑구,5365,96304,28.7,23.7,34.4,0.0,0.0238,0.0618,0.43,0.0043,35.0,26.0
2024-06-22,강남구,1713,236527,24.1,22.1,26.7,26.0,0.021,0.0301,0.41,0.0034,34.0,27.0
2024-06-22,강동구,2744,65742,23.4,21.4,26.6,22.5,0.0153,0.0473,0.4,0.0031,28.0,21.0
2024-06-22,강북구,1052,37474,22.7,21.2,25.8,14.5,0.0125,0.0383,0.36,0.0032,30.0,24.0
2024-06-22,강서구,7455,129430,24.2,22.3,26.6,14.5,0.0154,0.0403,0.43,0.0031,26.0,19.0
2024-06-22,관악구,1559,129246,22.4,20.9,25.0,24.5,0.016,0.034,0.42,0.0033,31.0,21.0
2024-06-22,광진구,2977,57291,24.2,21.9,27.3,22.0,0.021,0.0432,0.58,0.0033,34.0,25.0
2024-06-22,구로구,2456,85894,24.2,22.7,25.9,20.0,0.0098,0.0496,0.39,0.0029,25.0,18.0
2024-06-22,금천구,819,38268,24.2,22.1,26.5,19.5,0.0147,0.0321,0.37,0.0033,22.0,15.0
2024-06-22,노원구,4607,124332,23.4,21.9,26.3,14.5,0.0152,0.0334,0.37,0.0033,31.0,24.0
2024-06-22,도봉구,1658,71480,24.0,23.1,26.4,14.5,0.0126,0.0449,0.37,0.0023,27.0,21.0
2024-06-22,동대문구,1951,77533,24.0,22.0,26.9,17.0,0.0178,0.0365,0.39,0.0027,34.0,25.0
2024-06-22,동작구,1242,71171,23.8,22.4,26.4,21.0,0.0168,0.037,0.41,0.0031,29.0,21.0
2024-06-22,마포구,3097,227156,23.6,21.6,25.7,18.0,0.0169,0.0351,0.43,0.003,29.0,21.0
2024-06-22,서대문구,1226,78282,22.7,21.2,25.1,16.0,0.0153,0.0476,0.52,0.0026,27.0,19.0
2024-06-22,서초구,1522,136079,23.4,21.7,26.3,24.5,0.0146,0.0451,0.4,0.0027,28.0,19.0
2024-06-22,성동구,2068,88324,24.0,21.7,26.2,18.5,0.0168,0.0308,0.39,0.0035,30.0,23.0
2024-06-22,성북구,1341,35482,23.0,21.2,25.7,14.0,0.0175,0.0372,0.53,0.0028,32.0,23.0
2024-06-22,송파구,5109,137751,24.5,22.1,27.3,22.5,0.0168,0.0356,0.41,0.0033,30.0,21.0
2024-06-22,양천구,4262,24318,24.0,22.0,26.2,19.5,0.016,0.0387,0.4,0.003,24.0,19.0
2024-06-22,영등포구,4703,226025,24.6,22.4,26.6,20.5,0.0184,0.0387,0.43,0.0033,26.0,21.0
2024-06-22,용산구,1208,0,24.5,22.4,26.9,20.5,0.0238,0.0283,0.48,0.0036,33.0,23.0
2024-06-22,은평구,2031,93794,22.8,21.1,25.7,11.5,0.0127,0.0315,0.58,0.0027,26.0,20.0
2024-06-22,종로구,1364,179861,23.4,21.4,25.6,21.5,0.0164,0.0362,0.41,0.0035,28.0,22.0
2024-06-22,중구,1006,170349,22.0,20.1,24.2,16.0,0.0217,0.0295,0.41,0.0033,27.0,25.0
2024-06-22,중랑구,2079,68968,23.9,22.0,27.1,15.5,0.0153,0.032,0.44,0.0031,34.0,26.0
2024-06-23,강남구,3412,150338,25.5,22.0,31.0,10.0,0.0098,0.0351,0.28,0.0022,17.0,11.0
2024-06-23,강동구,5236,47733,24.6,21.3,30.4,8.5,0.0066,0.0499,0.26,0.0019,12.0,6.0
2024-06-23,강북구,1589,30658,24.4,21.0,30.0,8.0,0.0054,0.0359,0.27,0.0023,14.0,8.0
2024-06-23,강서구,11529,101905,25.2,21.5,30.7,4.5,0.0076,0.037,0.28,0.0024,15.0,9.0
2024-06-23,관악구,2671,95873,23.4,21.0,27.6,9.0,0.0072,0.0376,0.29,0.0025,17.0,10.0
2024-06-23,광진구,5490,43965,25.2,22.1,30.8,11.5,0.0085,0.0481,0.46,0.0021,17.0,10.0
2024-06-23,구로구,4164,65716,25.4,22.6,29.6,4.5,0.0052,0.0451,0.31,0.0023,12.0,9.0
2024-06-23,금천구,1384,29493,25.1,22.2,29.3,5.5,0.0073,0.0344,0.29,0.0027,14.0,6.0
2024-06-23,노원구,7047,95015,25.3,21.8,31.5,7.0,0.0066,0.0306,0.28,0.0024,17.0,9.0
2024-06-23,도봉구,2642,59827,24.8,21.9,29.1,14.0,0.0047,0.0435,0.29,0.0013,13.0,9.0
2024-06-23,동대문구,3362,60906,25.0,22.0,30.4,5.0,0.0073,0.0382,0.28,0.0027,17.0,9.0
2024-06-23,동작구,2239,51669,25.2,22.3,30.6,5.5,0.0065,0.0384,0.28,0.0023,16.0,9.0
2024-06-23,마포구,5675,178339,24.7,21.5,31.2,3.5,0.0087,0.0381,0.28,0.0024,16.0,9.0
2024-06-23,서대문구,2227,57563,23.9,20.7,29.7,5.0,0.008,0.0459,0.43,0.0018,16.0,9.0
2024-06-23,서초구,3421,118530,25.1,21.6,30.6,7.0,0.0058,0.0474,0.32,0.002,15.0,9.0
2024-06-23,성동구,3912,72856,24.6,21.8,29.7,6.5,0.0083,0.0339,0.28,0.0025,16.0,10.0
2024-06-23,성북구,2309,28115,24.2,21.2,29.5,3.5,0.0073,0.0392,0.44,0.0019,18.0,9.0
2024-06-23,송파구,11113,111358,25.4,21.8,30.9,13.5,0.007,0.0378,0.29,0.0022,18.0,10.0
2024-06-23,양천구,7391,17942,24.9,22.1,29.7,3.5,0.0083,0.0314,0.29,0.0025,14.0,8.0
2024-06-23,영등포구,9157,170545,25.4,22.3,30.9,4.0,0.0082,0.0416,0.28,0.0025,15.0,10.0
2024-06-23,용산구,2663,0,25.2,22.2,29.9,6.5,0.0093,0.0323,0.32,0.0024,18.0,10.0
2024-06-23,은평구,2899,72573,24.1,20.7,29.4,8.5,0.006,0.0294,0.53,0.0022,16.0,11.0
2024-06-23,종로구,2732,132610,24.5,21.6,29.1,5.0,0.0068,0.0313,0.28,0.0029,13.0,9.0
2024-06-23,중구,1831,131758,23.4,20.3,30.0,3.0,0.008,0.0278,0.28,0.0026,13.0,10.0
2024-06-23,중랑구,3183,51466,25.1,21.9,30.3,6.0,0.0086,0.0334,0.35,0.0022,16.0,10.0
2024-06-24,강남구,6516,403485,24.6,21.1,29.6,0.0,0.0132,0.0517,0.34,0.0022,60.0,24.0
2024-06-24,강동구,7724,97121,24.8,21.3,29.7,0.0,0.0108,0.0682,0.3,0.0017,64.0,20.0
2024-06-24,강북구,2243,47866,23.7,20.5,28.7,0.0,0.0072,0.0601,0.3,0.0023,54.0,18.0
2024-06-24,강서구,22123,189121,24.8,21.3,29.2,0.0,0.0101,0.0577,0.31,0.0025,49.0,16.0
2024-06-24,관악구,3727,152889,21.9,17.8,26.0,0.0,0.0095,0.0581,0.33,0.0025,55.0,21.0
2024-06-24,광진구,8108,63455,25.0,21.4,29.3,0.5,0.0127,0.0668,0.5,0.0023,59.0,18.0
2024-06-24,구로구,7564,129297,24.4,21.8,28.8,0.0,0.0072,0.0629,0.34,0.0024,50.0,19.0
2024-06-24,금천구,3520,102281,24.0,20.8,27.9,0.0,0.0128,0.0537,0.34,0.0028,42.0,17.0
2024-06-24,노원구,10751,164976,24.5,19.2,30.2,0.0,0.0099,0.0565,0.32,0.0025,62.0,21.0
2024-06-24,도봉구,4205,92987,23.7,21.0,27.5,0.0,0.0067,0.065,0.31,0.0013,60.0,23.0
2024-06-24,동대문구,5556,105146,24.6,22.0,28.7,0.0,0.0105,0.0605,0.33,0.0025,60.0,22.0
2024-06-24,동작구,3342,90433,24.3,19.9,29.1,0.5,0.0086,0.06,0.32,0.0022,56.0,21.0
2024-06-24,마포구,8268,264324,24.5,21.0,29.3,0.0,0.0125,0.0596,0.32,0.0023,47.0,19.0
2024-06-24,서대문구,3425,94435,23.2,19.4,28.5,0.0,0.0113,0.0665,0.45,0.0023,58.0,22.0
2024-06-24,서초구,5892,152391,24.6,20.5,29.7,0.0,0.0132,0.055,0.36,0.002,60.0,24.0
2024-06-24,성동구,7047,124591,24.2,21.0,28.6,0.5,0.0131,0.0529,0.34,0.0026,53.0,18.0
2024-06-24,성북구,3742,49532,23.6,20.9,28.0,0.5,0.0107,0.0564,0.46,0.0021,66.0,23.0
2024-06-24,송파구,16795,199269,24.9,21.7,29.5,0.5,0.0102,0.0499,0.33,0.0023,55.0,16.0
2024-06-24,양천구,10873,36333,24.3,21.8,28.3,0.0,0.0105,0.0543,0.32,0.0024,43.0,17.0
2024-06-24,영등포구,16208,327771,25.0,22.1,29.1,0.0,0.0122,0.061,0.33,0.0027,43.0,19.0
2024-06-24,용산구,3324,0,24.8,22.0,28.3,0.5,0.0127,0.0515,0.37,0.0025,61.0,20.0
2024-06-24,은평구,4318,124691,22.7,17.2,28.3,0.0,0.009,0.0463,0.55,0.0024,59.0,30.0
2024-06-24,종로구,5761,240495,23.5,20.0,27.9,0.5,0.0107,0.0493,0.33,0.0027,54.0,22.0
2024-06-24,중구,4497,270716,23.2,19.3,28.8,0.0,0.0136,0.0477,0.33,0.0027,47.0,22.0
2024-06-24,중랑구,5062,91788,25.1,22.2,29.7,0.0,0.0129,0.0527,0.39,0.0022,55.0,22.0
2024-06-25,강남구,7008,421259,23.5,19.3,27.5,0.0,0.012,0.0479,0.26,0.0026,19.0,9.0
2024-06-25,강동구,8739,99827,23.4,19.8,27.0,0.0,0.0096,0.0589,0.27,0.0024,18.0,5.0
2024-06-25,강북구,2481,50179,22.6,18.4,28.0,0.0,0.0071,0.058,0.24,0.0024,17.0,8.0
2024-06-25,강서구,24154,194263,23.9,19.8,29.0,0.0,0.0114,0.0494,0.25,0.003,19.0,8.0
2024-06-25,관악구,4311,160566,20.7,16.8,24.6,0.0,0.0107,0.0514,0.26,0.003,21.0,9.0
2024-06-25,광진구,9298,64708,23.8,20.6,27.8,0.0,0.0131,0.0596,0.36,0.0027,21.0,8.0
2024-06-25,구로구,8165,133348,23.5,20.2,27.7,0.0,0.0067,0.0589,0.28,0.0027,21.0,9.0
2024-06-25,금천구,3750,104274,23.1,20.2,26.8,0.0,0.0125,0.0458,0.25,0.0028,17.0,6.0
2024-06-25,노원구,11746,170216,22.9,16.0,29.1,0.0,0.0095,0.0542,0.26,0.0027,21.0,9.0
2024-06-25,도봉구,4459,97287,22.4,19.1,26.6,0.0,0.0071,0.0599,0.22,0.002,16.0,9.0
2024-06-25,동대문구,6236,107981,23.2,20.0,27.6,0.0,0.0097,0.0541,0.26,0.0024,20.0,9.0
2024-06-25,동작구,3758,93892,22.8,18.7,27.7,0.0,0.0092,0.0521,0.25,0.0023,20.0,8.0
2024-06-25,마포구,8781,274812,23.4,19.4,29.1,0.0,0.0146,0.0516,0.26,0.0026,21.0,9.0
2024-06-25,서대문구,3669,97946,22.3,17.4,28.0,0.0,0.0111,0.057,0.34,0.0024,23.0,9.0
2024-06-25,서초구,6615,157002,23.1,19.0,27.7,0.0,0.0101,0.0558,0.27,0.0024,25.0,8.0
2024-06-25,성동구,7759,130637,22.9,19.9,27.5,0.0,0.0128,0.0495,0.26,0.0027,19.0,9.0
2024-06-25,성북구,4039,50773,22.2,18.9,26.5,0.0,0.0111,0.0453,0.37,0.0023,24.0,7.0
2024-06-25,송파구,18685,219808,23.7,20.9,27.4,0.0,0.0121,0.0481,0.26,0.0025,21.0,8.0
2024-06-25,양천구,11619,37627,23.3,20.5,27.2,0.0,0.0107,0.0546,0.25,0.0026,18.0,7.0
2024-06-25,영등포구,17131,338242,23.8,21.0,27.6,0.0,0.0113,0.0538,0.26,0.0028,17.0,8.0
2024-06-25,용산구,3738,0,23.4,20.9,26.7,0.0,0.0126,0.0451,0.31,0.0026,20.0,8.0
2024-06-25,은평구,4743,130615,20.6,14.9,27.2,0.0,0.0089,0.0404,0.42,0.0026,22.0,11.0
2024-06-25,종로구,6378,251163,22.6,19.5,26.4,0.0,0.0109,0.0504,0.29,0.003,19.0,10.0
2024-06-25,중구,4790,281080,21.6,17.8,27.1,0.0,0.0125,0.0461,0.26,0.0028,16.0,9.0
2024-06-25,중랑구,5657,94159,23.5,20.4,27.8,0.0,0.0108,0.0481,0.31,0.0025,17.0,10.0
2024-06-26,강남구,6599,424229,25.3,18.3,31.8,0.0,0.018,0.0508,0.29,0.0026,24.0,14.0
2024-06-26,강동구,8275,99699,24.6,18.1,31.6,0.0,0.0146,0.0624,0.42,0.0026,21.0,11.0
2024-06-26,강북구,2445,50251,23.8,16.7,31.0,0.0,0.0096,0.0426,0.27,0.0022,19.0,11.0
2024-06-26,강서구,23603,196520,24.9,19.2,32.1,0.0,0.0125,0.0503,0.27,0.0027,22.0,11.0
2024-06-26,관악구,4082,162303,22.1,15.9,29.5,0.0,0.0161,0.0441,0.33,0.003,28.0,14.0
2024-06-26,광진구,8762,65807,25.6,19.3,32.2,0.0,0.0197,0.0611,0.42,0.0027,26.0,12.0
2024-06-26,구로구,8141,133375,24.7,18.4,31.4,0.0,0.0095,0.0603,0.31,0.0028,27.0,12.0
2024-06-26,금천구,3668,103576,25.0,19.1,31.7,0.0,0.0184,0.0493,0.31,0.003,23.0,11.0
2024-06-26,노원구,11638,172489,23.8,15.9,32.4,0.0,0.0137,0.0493,0.29,0.0026,23.0,14.0
2024-06-26,도봉구,4280,97456,24.0,17.6,30.4,0.0,0.0095,0.0574,0.3,0.0026,21.0,12.0
2024-06-26,동대문구,5911,109007,25.1,19.4,31.5,0.0,0.0146,0.0579,0.3,0.0026,26.0,13.0
2024-06-26,동작구,3641,94765,24.2,17.3,31.4,0.0,0.0163,0.0547,0.29,0.0025,26.0,14.0
2024-06-26,마포구,8779,276910,25.3,19.5,32.3,0.0,0.0159,0.0558,0.3,0.0028,24.0,12.0
2024-06-26,서대문구,3423,99160,23.8,17.4,30.6,0.0,0.0151,0.0531,0.38,0.0024,26.0,11.0
2024-06-26,서초구,5848,158252,24.4,17.3,31.3,0.0,0.014,0.0595,0.31,0.0024,31.0,15.0
2024-06-26,성동구,7144,130547,24.7,19.4,30.9,0.0,0.0171,0.0545,0.3,0.0028,24.0,13.0
2024-06-26,성북구,3862,51488,24.1,17.5,31.2,0.0,0.0155,0.0454,0.41,0.0024,29.0,12.0
2024-06-26,송파구,17749,220436,25.5,19.9,32.4,0.0,0.0184,0.0518,0.31,0.0029,27.0,13.0
2024-06-26,양천구,11752,37906,25.2,19.7,31.0,0.0,0.0134,0.0535,0.27,0.0025,20.0,10.0
2024-06-26,영등포구,16138,343520,25.8,20.4,31.7,0.0,0.0158,0.0542,0.31,0.0029,22.0,13.0
2024-06-26,용산구,3487,0,25.4,19.5,31.3,0.0,0.0208,0.0483,0.36,0.0025,28.0,14.0
2024-06-26,은평구,4555,130948,22.5,14.8,31.0,0.0,0.0114,0.0374,0.45,0.0028,25.0,14.0
2024-06-26,종로구,6047,257058,24.6,18.1,30.8,0.0,0.0156,0.0544,0.33,0.0033,24.0,14.0
2024-06-26,중구,4697,284147,23.9,17.7,31.6,0.0,0.0191,0.0455,0.31,0.0031,21.0,13.0
2024-06-26,중랑구,5288,94438,25.3,19.7,31.9,0.0,0.0139,0.0519,0.33,0.0026,22.0,13.0
2024-06-27,강남구,6422,425396,25.7,19.7,30.8,0.0,0.0248,0.0473,0.35,0.0027,28.0,17.0
2024-06-27,강동구,8310,99168,25.1,19.4,30.4,0.0,0.0179,0.0573,0.46,0.0024,23.0,12.0
2024-06-27,강북구,2367,49637,24.7,17.9,31.4,0.0,0.0123,0.0605,0.3,0.0025,27.0,16.0
2024-06-27,강서구,23470,196336,25.8,19.4,31.6,0.0,0.0223,0.0615,0.35,0.0033,33.0,17.0
2024-06-27,관악구,4178,163552,23.2,17.1,29.9,0.0,0.0211,0.056,0.35,0.0031,34.0,17.0
2024-06-27,광진구,8964,64647,26.6,21.3,30.8,0.0,0.026,0.0576,0.48,0.0026,30.0,15.0
2024-06-27,구로구,7778,133367,25.8,19.8,31.3,0.0,0.0154,0.0661,0.36,0.0028,40.0,20.0
2024-06-27,금천구,3639,103433,26.3,21.0,31.4,0.0,0.0216,0.0564,0.33,0.0031,27.0,14.0
2024-06-27,노원구,11597,171151,24.1,16.2,31.6,0.0,0.0209,0.0396,0.32,0.0027,26.0,16.0
2024-06-27,도봉구,4237,97429,24.8,18.8,30.2,0.0,0.0128,0.0665,0.31,0.0028,25.0,15.0
2024-06-27,동대문구,5781,109040,26.7,20.7,31.6,0.0,0.0183,0.0609,0.33,0.0027,30.0,16.0
2024-06-27,동작구,3479,93769,25.1,18.5,31.3,0.0,0.0175,0.0564,0.3,0.0024,27.0,14.0
2024-06-27,마포구,8315,279094,26.3,21.7,31.8,0.0,0.0252,0.0646,0.35,0.0034,34.0,18.0
2024-06-27,서대문구,3461,97951,24.9,19.2,30.6,0.0,0.0184,0.067,0.42,0.0026,33.0,15.0
2024-06-27,서초구,6062,159848,24.8,18.5,30.4,0.0,0.0194,0.055,0.35,0.0024,33.0,16.0
2024-06-27,성동구,7054,130580,25.9,21.0,30.8,0.0,0.0236,0.0538,0.35,0.0031,28.0,15.0
2024-06-27,성북구,3876,51357,25.5,19.8,30.5,0.0,0.0189,0.0497,0.43,0.0025,34.0,15.0
2024-06-27,송파구,17322,218486,26.6,21.7,31.0,0.0,0.0249,0.0482,0.33,0.0027,31.0,16.0
2024-06-27,양천구,11299,37460,26.5,21.2,31.5,0.0,0.0235,0.063,0.36,0.0029,31.0,17.0
2024-06-27,영등포구,16086,346515,27.2,22.7,32.1,0.0,0.0255,0.0594,0.36,0.0032,30.0,18.0
2024-06-27,용산구,3282,0,26.3,20.8,30.7,0.0,0.0311,0.0449,0.41,0.0028,31.0,16.0
2024-06-27,은평구,4545,129990,23.4,15.6,30.6,0.0,0.0168,0.0522,0.5,0.0028,37.0,20.0
2024-06-27,종로구,6040,255758,26.2,20.1,31.9,0.0,0.0196,0.0585,0.36,0.0034,27.0,17.0
2024-06-27,중구,4591,286439,25.1,20.6,30.0,0.0,0.024,0.0473,0.39,0.0034,23.0,17.0
2024-06-27,중랑구,5384,94328,26.6,21.1,31.3,0.0,0.015,0.0506,0.33,0.0024,24.0,15.0
2024-06-28,강남구,6056,431959,26.7,20.4,32.9,0.0,0.0265,0.0681,0.38,0.0031,40.0,28.0
2024-06-28,강동구,8253,102425,26.0,19.4,32.8,0.0,0.0204,0.0881,0.44,0.0028,36.0,24.0
2024-06-28,강북구,2410,50941,25.4,18.2,32.1,0.0,0.0118,0.0838,0.33,0.0028,34.0,24.0
2024-06-28,강서구,22462,201557,26.3,20.0,32.9,0.0,0.0213,0.0666,0.37,0.0035,36.0,23.0
2024-06-28,관악구,3839,171150,23.3,17.6,29.9,0.0,0.0244,0.0746,0.42,0.0037,47.0,28.0
2024-06-28,광진구,8601,68134,27.3,21.5,33.1,0.0,0.0239,0.0856,0.5,0.0029,38.0,25.0
2024-06-28,구로구,7487,135039,26.4,20.5,32.2,0.0,0.0151,0.0829,0.4,0.0032,47.0,27.0
2024-06-28,금천구,3373,102497,26.7,21.7,32.3,0.0,0.025,0.0701,0.4,0.0036,39.0,26.0
2024-06-28,노원구,11307,175808,25.1,16.9,34.1,0.0,0.0212,0.0727,0.36,0.0028,41.0,26.0
2024-06-28,도봉구,4109,99844,25.6,19.5,32.1,0.0,0.0144,0.0917,0.35,0.003,34.0,22.0
2024-06-28,동대문구,5607,112217,27.1,21.0,33.3,0.0,0.0197,0.0788,0.37,0.0027,40.0,26.0
2024-06-28,동작구,3403,97733,25.6,19.1,32.5,0.0,0.0228,0.0775,0.4,0.0032,42.0,28.0
2024-06-28,마포구,8223,292296,27.0,22.4,33.3,0.0,0.0223,0.08,0.37,0.0032,40.0,25.0
2024-06-28,서대문구,3315,102767,25.5,20.1,32.6,0.0,0.0183,0.085,0.43,0.0026,39.0,21.0
2024-06-28,서초구,5669,172603,26.0,19.1,33.1,0.0,0.0199,0.0808,0.4,0.0027,49.0,28.0
2024-06-28,성동구,6962,138362,26.5,20.8,32.2,0.0,0.0246,0.07,0.38,0.0029,38.0,26.0
2024-06-28,성북구,3512,52022,25.7,20.4,31.4,0.0,0.019,0.069,0.47,0.0026,41.0,24.0
2024-06-28,송파구,16840,221942,27.3,22.0,33.1,0.0,0.0274,0.0728,0.41,0.0031,44.0,26.0
2024-06-28,양천구,11279,38372,26.8,22.1,31.8,0.0,0.0219,0.078,0.38,0.0032,36.0,24.0
2024-06-28,영등포구,15566,355281,27.7,23.7,32.8,0.0,0.0264,0.0738,0.4,0.0035,36.0,27.0
2024-06-28,용산구,3390,0,26.9,21.5,32.2,0.0,0.0288,0.067,0.46,0.0029,43.0,27.0
2024-06-28,은평구,4286,133057,23.6,16.0,32.0,0.0,0.0136,0.0631,0.5,0.0029,40.0,23.0
2024-06-28,종로구,5501,261643,26.6,21.3,31.9,0.0,0.019,0.0795,0.39,0.0037,37.0,27.0
2024-06-28,중구,4471,290449,25.9,21.5,32.8,0.0,0.0218,0.0704,0.36,0.0037,32.0,25.0
2024-06-28,중랑구,5124,97183,27.3,21.8,33.2,0.0,0.0178,0.0763,0.36,0.0026,35.0,26.0
2024-06-29,강남구,3097,247237,26.6,21.8,33.2,26.0,0.019,0.0497,0.35,0.0027,32.0,23.0
2024-06-29,강동구,4956,66750,25.4,20.4,31.5,24.5,0.0142,0.0598,0.3,0.0025,24.0,18.0
2024-06-29,강북구,1583,40310,25.2,19.2,32.3,42.0,0.01,0.0685,0.32,0.0026,29.0,22.0
2024-06-29,강서구,11088,134805,26.5,20.7,33.0,31.0,0.0145,0.0598,0.38,0.0028,28.0,19.0
2024-06-29,관악구,2580,132627,24.4,18.2,30.9,33.0,0.0148,0.0551,0.37,0.0033,33.0,21.0
2024-06-29,광진구,5044,56197,26.5,22.4,32.8,26.5,0.0158,0.0622,0.49,0.0027,32.0,22.0
2024-06-29,구로구,3946,87740,26.2,21.2,31.2,33.5,0.0089,0.0665,0.35,0.0028,30.0,19.0
2024-06-29,금천구,1388,40045,26.4,22.6,32.0,28.0,0.0135,0.0546,0.35,0.0037,26.0,17.0
2024-06-29,노원구,6974,127926,25.3,18.1,32.2,34.0,0.0144,0.0548,0.33,0.0025,34.0,21.0
2024-06-29,도봉구,2606,75258,25.8,20.3,31.3,42.5,0.0124,0.0725,0.35,0.0027,25.0,19.0
2024-06-29,동대문구,3271,79093,26.4,22.0,32.3,31.0,0.0125,0.0633,0.34,0.0028,32.0,21.0
2024-06-29,동작구,2068,73355,26.3,20.1,33.0,32.0,0.0136,0.0556,0.33,0.0027,31.0,21.0
2024-06-29,마포구,4978,229808,26.4,22.3,33.5,36.0,0.0156,0.0649,0.35,0.0028,31.0,21.0
2024-06-29,서대문구,1945,80323,25.5,20.7,31.6,35.5,0.0119,0.0712,0.44,0.0022,29.0,17.0
2024-06-29,서초구,2874,137468,25.7,20.3,31.8,29.0,0.0121,0.0655,0.37,0.0024,31.0,20.0
2024-06-29,성동구,3430,92998,26.3,21.9,31.3,32.0,0.0142,0.0595,0.34,0.0026,31.0,22.0
2024-06-29,성북구,2298,35143,25.2,20.7,30.6,44.0,0.0135,0.0537,0.47,0.0023,33.0,19.0
2024-06-29,송파구,10126,149380,26.5,22.1,32.2,24.0,0.0198,0.0477,0.37,0.0028,35.0,20.0
2024-06-29,양천구,6888,24938,26.6,22.9,31.9,35.0,0.0148,0.0624,0.35,0.0026,28.0,19.0
2024-06-29,영등포구,8023,231769,27.1,23.6,32.3,32.0,0.0179,0.0585,0.37,0.003,29.0,23.0
2024-06-29,용산구,1891,0,26.9,22.8,32.3,31.0,0.0202,0.0529,0.4,0.0027,33.0,23.0
2024-06-29,은평구,2968,96618,24.8,17.2,31.2,21.0,0.0088,0.0524,0.49,0.0026,28.0,20.0
2024-06-29,종로구,2724,196913,26.4,22.1,32.8,29.0,0.0128,0.0628,0.35,0.0035,29.0,21.0
2024-06-29,중구,1771,171118,24.8,21.1,31.6,28.0,0.0174,0.0548,0.36,0.0031,26.0,22.0
2024-06-29,중랑구,3147,70471,26.2,22.1,32.0,30.5,0.0121,0.0536,0.34,0.0023,28.0,22.0
2024-06-30,강남구,3334,139377,24.3,23.0,26.7,30.0,0.0088,0.0377,0.26,0.0021,19.0,13.0
2024-06-30,강동구,4843,43493,23.9,22.7,25.8,31.5,0.0061,0.0526,0.23,0.002,15.0,11.0
2024-06-30,강북구,1391,26931,23.0,21.5,26.9,37.5,0.0067,0.042,0.28,0.0022,18.0,11.0
2024-06-30,강서구,10075,93982,23.9,22.0,27.2,13.0,0.0066,0.0379,0.27,0.0021,23.0,13.0
2024-06-30,관악구,2508,87314,22.2,20.2,25.0,25.5,0.0061,0.0435,0.27,0.0024,24.0,13.0
2024-06-30,광진구,4834,38052,24.4,22.9,27.2,29.0,0.0071,0.0542,0.45,0.0022,20.0,12.0
2024-06-30,구로구,4005,60316,23.5,22.0,26.2,20.5,0.0038,0.0552,0.29,0.0022,17.0,11.0
2024-06-30,금천구,1292,26160,23.6,22.0,25.7,22.5,0.007,0.0369,0.3,0.0025,20.0,10.0
2024-06-30,노원구,6061,83487,24.3,22.4,27.0,40.0,0.0099,0.0309,0.29,0.0022,22.0,13.0
2024-06-30,도봉구,2217,51905,24.0,22.6,25.9,36.5,0.0092,0.0491,0.34,0.002,16.0,10.0
2024-06-30,동대문구,3134,54011,23.9,22.3,26.4,35.0,0.0061,0.0403,0.27,0.0027,21.0,12.0
2024-06-30,동작구,2187,47336,24.2,22.0,27.5,28.5,0.0051,0.0396,0.25,0.002,20.0,12.0
2024-06-30,마포구,4867,156927,23.2,21.7,25.7,29.5,0.008,0.0445,0.27,0.0022,22.0,13.0
2024-06-30,서대문구,1875,51273,22.7,21.1,25.1,27.5,0.0074,0.0524,0.44,0.0019,20.0,11.0
2024-06-30,서초구,3207,106909,24.0,22.2,26.8,28.0,0.0038,0.0623,0.33,0.002,18.0,11.0
2024-06-30,성동구,3581,58416,23.6,22.1,25.6,33.0,0.0069,0.0404,0.27,0.0022,19.0,12.0
2024-06-30,성북구,1971,24927,22.8,21.3,24.8,31.0,0.0071,0.0419,0.44,0.0019,22.0,13.0
2024-06-30,송파구,10177,98086,24.3,23.0,26.5,27.5,0.0063,0.0425,0.26,0.0022,20.0,11.0
2024-06-30,양천구,6334,16081,23.6,21.8,25.7,24.5,0.0064,0.0341,0.27,0.002,18.0,12.0
2024-06-30,영등포구,8366,157546,24.0,22.2,26.9,28.0,0.0064,0.0421,0.27,0.0023,19.0,13.0
2024-06-30,용산구,2255,0,24.1,22.6,26.0,26.5,0.0075,0.0371,0.28,0.0027,21.0,12.0
2024-06-30,은평구,2361,63330,23.1,21.3,26.0,23.0,0.0071,0.0335,0.53,0.0021,20.0,14.0
2024-06-30,종로구,2590,112862,22.7,21.1,25.5,29.0,0.0067,0.0313,0.28,0.0025,18.0,12.0
2024-06-30,중구,1814,117036,21.8,20.3,24.4,33.5,0.0072,0.03,0.27,0.0024,17.0,12.0
2024-06-30,중랑구,2792,47264,24.0,22.5,26.7,38.0,0.0088,0.0319,0.3,0.002,20.0,13.0
2024-07-01,강남구,6211,402106,26.8,21.7,32.1,0.0,0.0158,0.0586,0.31,0.0022,29.0,18.0
2024-07-01,강동구,7660,96795,26.2,22.2,30.9,0.0,0.0114,0.0719,0.25,0.0021,26.0,17.0
2024-07-01,강북구,2424,48900,25.2,20.1,30.8,0.0,0.0061,0.0562,0.26,0.0022,23.0,13.0
2024-07-01,강서구,21936,187964,26.2,22.3,32.2,0.0,0.0119,0.0552,0.29,0.0024,25.0,16.0
2024-07-01,관악구,3938,151585,24.1,20.0,30.4,0.0,0.0135,0.0586,0.32,0.0025,30.0,17.0
2024-07-01,광진구,8508,61750,27.0,22.5,32.0,0.0,0.0134,0.0739,0.45,0.0023,27.0,16.0
2024-07-01,구로구,7659,129641,26.2,21.5,31.0,0.0,0.0079,0.0693,0.32,0.0024,28.0,17.0
2024-07-01,금천구,3508,102204,26.5,21.9,31.5,0.0,0.0135,0.0535,0.31,0.0025,24.0,13.0
2024-07-01,노원구,11281,165738,26.0,21.5,31.9,0.0,0.0104,0.0501,0.28,0.0021,27.0,15.0
2024-07-01,도봉구,4172,93625,25.5,21.5,29.8,0.0,0.0097,0.0651,0.31,0.0018,19.0,13.0
2024-07-01,동대문구,5711,104349,26.6,22.5,31.9,0.0,0.0112,0.0627,0.31,0.0028,29.0,15.0
2024-07-01,동작구,3358,90052,26.4,21.5,32.9,0.0,0.0122,0.0633,0.3,0.0021,27.0,17.0
2024-07-01,마포구,7621,262373,25.9,21.7,32.1,0.0,0.0127,0.0619,0.29,0.0022,26.0,16.0
2024-07-01,서대문구,3215,94955,25.0,20.9,31.0,0.0,0.0103,0.0673,0.4,0.0019,27.0,14.0
2024-07-01,서초구,5709,144679,26.3,20.9,31.7,0.0,0.0111,0.0728,0.35,0.0021,31.0,16.0
2024-07-01,성동구,6927,123961,26.2,21.8,31.8,0.0,0.013,0.0626,0.3,0.0024,26.0,17.0
2024-07-01,성북구,3650,48835,25.6,21.4,30.8,0.0,0.0111,0.0545,0.44,0.0019,28.0,17.0
2024-07-01,송파구,16657,198617,26.9,22.4,32.1,0.0,0.0143,0.062,0.33,0.0023,29.0,16.0
2024-07-01,양천구,10789,36029,26.3,21.8,31.1,0.0,0.012,0.0595,0.29,0.0022,22.0,14.0
2024-07-01,영등포구,15893,327801,26.8,22.3,32.2,0.0,0.0124,0.0581,0.28,0.0024,23.0,14.0
2024-07-01,용산구,3231,0,26.9,22.6,32.2,0.0,0.0139,0.0569,0.34,0.0027,28.0,17.0
2024-07-01,은평구,4239,125452,25.0,20.8,30.7,0.0,0.0075,0.0476,0.48,0.0021,27.0,17.0
2024-07-01,종로구,6008,236217,25.8,20.9,30.8,0.0,0.0112,0.0551,0.33,0.0026,24.0,16.0
2024-07-01,중구,4556,269089,24.8,20.0,31.0,0.0,0.0111,0.0542,0.28,0.0026,23.0,15.0
2024-07-01,중랑구,5132,91000,26.7,22.6,31.4,0.0,0.0122,0.0564,0.32,0.0021,27.0,16.0
2024-07-02,강남구,1238,395999,23.7,21.8,25.4,59.5,0.0208,0.0241,0.33,0.0022,19.0,12.0
2024-07-02,강동구,2218,93517,23.1,21.1,24.8,54.5,0.0111,0.0357,0.25,0.0021,16.0,9.0
2024-07-02,강북구,549,44078,21.9,21.1,23.3,66.0,0.0082,0.0268,0.27,0.002,16.0,9.0
2024-07-02,강서구,4372,178358,23.6,21.6,25.5,57.5,0.0143,0.0273,0.36,0.0021,16.0,10.0
2024-07-02,관악구,897,145078,22.5,20.4,25.0,52.5,0.0166,0.0276,0.34,0.0023,21.0,11.0
2024-07-02,광진구,2014,57491,23.5,21.6,26.4,58.5,0.0144,0.0345,0.47,0.0021,19.0,10.0
2024-07-02,구로구,1579,122853,23.6,21.6,26.0,52.5,0.01,0.0361,0.33,0.0022,14.0,9.0
2024-07-02,금천구,853,99733,24.1,21.4,26.8,56.5,0.0148,0.0244,0.29,0.0025,17.0,8.0
2024-07-02,노원구,2687,154381,22.7,21.7,24.8,66.5,0.0113,0.026,0.27,0.0021,19.0,10.0
2024-07-02,도봉구,922,85593,22.7,22.0,24.4,65.5,0.013,0.0296,0.34,0.0019,14.0,8.0
2024-07-02,동대문구,1373,95302,23.3,21.5,26.0,60.5,0.0157,0.0255,0.32,0.003,19.0,10.0
2024-07-02,동작구,672,85417,23.7,22.1,25.2,55.5,0.018,0.0244,0.33,0.002,19.0,11.0
2024-07-02,마포구,1463,246794,23.2,21.3,25.3,56.5,0.0138,0.0318,0.32,0.0021,17.0,10.0
2024-07-02,서대문구,740,89092,22.4,20.8,24.2,59.0,0.0085,0.0393,0.41,0.0018,14.0,7.0
2024-07-02,서초구,1048,142674,23.1,21.3,25.8,51.5,0.0148,0.0393,0.4,0.002,17.0,9.0
2024-07-02,성동구,1463,116762,23.5,21.4,25.7,55.0,0.0127,0.0285,0.3,0.0027,17.0,11.0
2024-07-02,성북구,901,46221,22.5,20.9,24.5,68.0,0.0138,0.0232,0.47,0.0019,17.0,10.0
2024-07-02,송파구,3972,194516,24.1,21.8,26.6,55.0,0.0159,0.0281,0.33,0.0023,19.0,9.0
2024-07-02,양천구,2213,34457,23.5,21.4,25.5,52.0,0.0156,0.027,0.33,0.0022,16.0,9.0
2024-07-02,영등포구,2946,319407,24.2,21.9,26.2,54.0,0.0169,0.0298,0.34,0.0023,18.0,12.0
2024-07-02,용산구,550,0,23.7,21.7,26.2,57.5,0.0227,0.0221,0.37,0.0029,18.0,10.0
2024-07-02,은평구,1017,118462,23.8,21.1,26.7,40.5,0.0067,0.0246,0.49,0.002,14.0,9.0
2024-07-02,종로구,991,221594,22.9,20.8,25.1,64.5,0.0137,0.0238,0.33,0.0025,16.0,10.0
2024-07-02,중구,834,259247,21.5,19.8,24.3,55.5,0.0212,0.0194,0.37,0.0026,15.0,11.0
2024-07-02,중랑구,1312,85435,23.4,21.5,25.8,62.5,0.0097,0.0277,0.27,0.002,17.0,11.0
2024-07-03,강남구,5686,416211,25.4,24.2,27.8,2.5,0.0121,0.0508,0.37,0.0024,27.0,17.0
2024-07-03,강동구,6943,99140,25.1,23.8,26.9,1.5,0.0077,0.0595,0.43,0.002,37.0,19.0
2024-07-03,강북구,2070,49389,24.2,22.9,26.9,1.5,0.0072,0.0576,0.33,0.0021,21.0,12.0
2024-07-03,강서구,20592,190461,25.3,24.0,27.3,1.5,0.0078,0.0526,0.33,0.0021,25.0,14.0
2024-07-03,관악구,3456,157936,23.4,22.2,24.8,1.0,0.0081,0.0554,0.36,0.0025,30.0,15.0
2024-07-03,광진구,7565,64386,25.5,24.3,28.1,1.0,0.0099,0.0628,0.55,0.0023,25.0,15.0
2024-07-03,구로구,6692,132707,25.2,23.7,27.6,0.5,0.0052,0.0608,0.36,0.0024,26.0,14.0
2024-07-03,금천구,2869,102753,25.0,23.4,27.2,0.5,0.0112,0.0471,0.4,0.0028,29.0,15.0
2024-07-03,노원구,10178,170357,25.3,23.7,27.9,2.0,0.0113,0.0477,0.35,0.0021,24.0,14.0
2024-07-03,도봉구,3732,95493,24.6,23.3,25.8,1.0,0.0094,0.0623,0.37,0.0017,19.0,12.0
2024-07-03,동대문구,4850,106462,25.0,23.6,26.9,1.0,0.0089,0.0547,0.37,0.003,27.0,14.0
2024-07-03,동작구,2905,92117,25.6,24.0,28.2,1.0,0.0077,0.0553,0.36,0.0023,28.0,17.0
2024-07-03,마포구,7507,269727,24.8,23.5,28.3,0.5,0.009,0.0597,0.32,0.0021,23.0,13.0
2024-07-03,서대문구,3038,97837,23.7,22.3,26.0,1.0,0.0088,0.0619,0.49,0.0019,24.0,12.0
2024-07-03,서초구,5042,151535,25.3,23.6,27.8,2.5,0.0104,0.0593,0.42,0.0022,28.0,16.0
2024-07-03,성동구,5934,128893,24.8,22.9,27.2,1.5,0.0104,0.0521,0.36,0.0023,24.0,16.0
2024-07-03,성북구,3424,50561,23.8,22.8,25.4,1.0,0.0094,0.049,0.49,0.002,24.0,15.0
2024-07-03,송파구,15085,217618,25.5,24.3,28.1,2.0,0.009,0.0517,0.36,0.0022,27.0,16.0
2024-07-03,양천구,10192,37233,24.9,23.9,27.2,0.5,0.0084,0.06,0.34,0.0023,20.0,13.0
2024-07-03,영등포구,14196,339314,25.6,24.1,28.2,0.5,0.008,0.0569,0.33,0.0023,24.0,15.0
2024-07-03,용산구,2730,0,25.2,23.7,26.3,1.0,0.0109,0.0494,0.4,0.0027,28.0,17.0
2024-07-03,은평구,3906,128013,23.9,22.7,26.1,1.5,0.0078,0.0425,0.57,0.0021,26.0,17.0
2024-07-03,종로구,5554,249924,24.1,22.5,26.4,0.5,0.0101,0.0467,0.38,0.0026,25.0,15.0
2024-07-03,중구,4150,276082,22.7,21.1,25.2,0.5,0.0112,0.0442,0.35,0.0026,22.0,14.0
2024-07-03,중랑구,4555,92853,25.3,23.5,27.2,1.5,0.0121,0.0475,0.38,0.0021,26.0,14.0
2024-07-04,강남구,5306,426142,27.6,23.9,31.8,4.0,0.0146,0.046,0.44,0.0024,45.0,33.0
2024-07-04,강동구,6768,99896,26.9,23.8,31.1,4.5,0.0087,0.0841,0.6,0.0019,42.0,41.0
2024-07-04,강북구,1965,49663,26.4,22.7,31.0,2.0,0.0089,0.0791,0.4,0.0022,36.0,28.0
2024-07-04,강서구,19841,193031,27.1,23.7,31.5,1.0,0.0092,0.0712,0.41,0.0021,39.0,32.0
2024-07-04,관악구,3332,160510,25.3,21.9,29.5,4.0,0.0094,0.0711,0.41,0.0025,43.0,31.0
2024-07-04,광진구,7028,64154,27.2,23.8,32.2,3.5,0.0124,0.0801,0.63,0.0023,40.0,31.0
2024-07-04,구로구,6806,131583,26.6,23.1,31.2,4.0,0.0062,0.0738,0.41,0.0025,38.0,30.0
2024-07-04,금천구,3187,102675,27.0,22.9,31.5,4.5,0.0125,0.0555,0.44,0.0024,38.0,28.0
2024-07-04,노원구,9553,169426,27.5,24.0,32.0,5.0,0.0125,0.0706,0.42,0.0022,42.0,31.0
2024-07-04,도봉구,3487,95985,26.4,23.2,29.9,3.0,0.0106,0.0833,0.45,0.0017,34.0,28.0
2024-07-04,동대문구,4823,106394,27.1,23.5,31.3,4.5,0.0097,0.0749,0.43,0.0029,42.0,32.0
2024-07-04,동작구,2758,92999,27.5,23.5,31.8,4.0,0.009,0.0722,0.42,0.0023,40.0,31.0
2024-07-04,마포구,6539,273898,26.4,22.8,31.1,3.5,0.0113,0.0818,0.41,0.0026,39.0,30.0
2024-07-04,서대문구,2813,98250,26.1,22.3,30.6,3.5,0.0095,0.0834,0.55,0.0019,40.0,28.0
2024-07-04,서초구,4728,154263,27.1,23.7,31.2,4.0,0.0113,0.0705,0.46,0.0022,43.0,31.0
2024-07-04,성동구,5988,129287,26.9,23.1,30.9,4.0,0.0129,0.0698,0.42,0.0024,39.0,32.0
2024-07-04,성북구,3229,50309,26.1,22.6,30.2,4.5,0.0128,0.0652,0.58,0.002,44.0,33.0
2024-07-04,송파구,14434,219840,27.6,23.9,32.3,4.5,0.0102,0.0697,0.41,0.0022,39.0,29.0
2024-07-04,양천구,9856,37394,26.7,23.1,30.6,3.0,0.0096,0.0851,0.42,0.0024,36.0,29.0
2024-07-04,영등포구,13654,338144,27.1,23.5,32.1,4.0,0.0109,0.0717,0.42,0.0023,36.0,33.0
2024-07-04,용산구,2721,0,27.2,23.5,31.2,3.0,0.0126,0.0693,0.46,0.0028,42.0,35.0
2024-07-04,은평구,3751,129818,26.0,22.6,30.1,1.0,0.0088,0.0587,0.66,0.0021,42.0,31.0
2024-07-04,종로구,5350,252692,26.2,22.2,31.0,3.5,0.0117,0.0682,0.45,0.0028,40.0,30.0
2024-07-04,중구,3938,278185,25.5,21.2,31.6,4.5,0.0144,0.0611,0.45,0.0027,36.0,32.0
2024-07-04,중랑구,4482,92709,27.5,23.4,32.4,4.5,0.0138,0.0665,0.44,0.0021,41.0,31.0
2024-07-05,강남구,5767,429922,24.2,21.7,27.5,15.5,0.0129,0.0613,0.36,0.0021,20.0,12.0
2024-07-05,강동구,7264,102262,24.1,21.2,27.1,9.5,0.0077,0.0729,0.53,0.0018,19.0,9.0
2024-07-05,강북구,2136,50633,23.1,20.7,27.0,5.0,0.0071,0.0645,0.34,0.002,16.0,11.0
2024-07-05,강서구,21717,198109,24.2,21.5,27.5,1.0,0.0103,0.0593,0.38,0.0022,21.0,12.0
2024-07-05,관악구,3453,167549,21.3,19.9,24.8,9.5,0.01,0.0619,0.38,0.0023,21.0,11.0
2024-07-05,광진구,7915,67624,24.2,21.6,27.5,7.5,0.0115,0.0711,0.53,0.0022,18.0,11.0
2024-07-05,구로구,6892,133859,23.6,21.2,26.6,2.0,0.0063,0.0639,0.37,0.0025,15.0,10.0
2024-07-05,금천구,3029,101671,23.3,21.0,27.1,5.5,0.013,0.0547,0.43,0.0023,17.0,9.0
2024-07-05,노원구,10451,174596,24.6,21.5,28.4,4.0,0.012,0.0574,0.37,0.0021,21.0,12.0
2024-07-05,도봉구,3864,99052,23.9,21.9,26.4,4.5,0.0094,0.067,0.37,0.0016,14.0,10.0
2024-07-05,동대문구,5034,109137,24.0,21.2,26.9,3.5,0.0104,0.0623,0.37,0.0029,21.0,11.0
2024-07-05,동작구,3034,96591,24.0,21.8,28.4,6.0,0.009,0.0627,0.35,0.0021,18.0,11.0
2024-07-05,마포구,7462,290186,23.5,20.8,27.1,4.0,0.0121,0.0656,0.36,0.0025,19.0,12.0
2024-07-05,서대문구,3058,101450,22.6,20.5,27.0,3.5,0.011,0.0657,0.49,0.0019,19.0,10.0
2024-07-05,서초구,5345,165449,23.8,21.4,27.6,11.5,0.0097,0.0629,0.41,0.0021,18.0,8.0
2024-07-05,성동구,6420,133681,23.4,21.0,26.3,5.5,0.0126,0.0604,0.36,0.0022,17.0,10.0
2024-07-05,성북구,3305,51437,22.8,20.5,25.9,4.0,0.0113,0.0547,0.5,0.002,21.0,11.0
2024-07-05,송파구,15661,206840,24.3,21.6,27.2,13.5,0.0097,0.061,0.35,0.002,18.0,9.0
2024-07-05,양천구,10820,38214,23.6,21.1,26.4,3.0,0.0111,0.0678,0.38,0.0024,15.0,11.0
2024-07-05,영등포구,14638,344936,24.1,21.3,26.9,3.0,0.0108,0.0617,0.38,0.0025,18.0,12.0
2024-07-05,용산구,3203,0,23.9,21.5,26.5,3.5,0.0139,0.0558,0.41,0.0027,19.0,10.0
2024-07-05,은평구,3964,131707,22.8,20.8,26.4,2.0,0.0093,0.0481,0.58,0.0021,20.0,13.0
2024-07-05,종로구,5679,255753,22.8,20.2,25.8,3.0,0.0118,0.0585,0.4,0.0026,18.0,12.0
2024-07-05,중구,4204,281040,21.8,19.5,26.0,3.0,0.0129,0.0496,0.37,0.0025,15.0,10.0
2024-07-05,중랑구,4677,96453,24.2,21.2,27.2,5.0,0.0127,0.044,0.38,0.002,20.0,11.0
2024-07-06,강남구,2938,245848,25.8,21.8,31.9,6.5,0.0169,0.0265,0.35,0.002,31.0,20.0
2024-07-06,강동구,4321,64790,25.1,21.4,30.4,6.0,0.0072,0.0474,0.52,0.0017,28.0,18.0
2024-07-06,강북구,1312,37743,23.8,20.7,28.3,4.0,0.0081,0.0389,0.34,0.002,28.0,17.0
2024-07-06,강서구,11068,128664,25.6,22.1,31.0,4.0,0.013,0.0364,0.38,0.0023,29.0,17.0
2024-07-06,관악구,2492,126290,24.1,19.9,28.8,6.0,0.0109,0.041,0.35,0.0025,31.0,18.0
2024-07-06,광진구,4727,55465,25.7,21.9,32.1,5.0,0.0122,0.0462,0.53,0.0022,30.0,18.0
2024-07-06,구로구,3730,85847,25.3,22.2,29.7,3.5,0.0079,0.0423,0.36,0.0025,27.0,16.0
2024-07-06,금천구,1391,38691,25.6,22.6,31.2,4.5,0.0115,0.0318,0.38,0.0024,27.0,14.0
2024-07-06,노원구,6186,121023,24.9,21.4,31.1,7.0,0.0117,0.0382,0.35,0.0021,31.0,18.0
2024-07-06,도봉구,2353,69811,24.5,21.8,28.5,5.0,0.0108,0.0431,0.38,0.0016,24.0,16.0
2024-07-06,동대문구,2746,74984,25.3,21.6,31.0,6.0,0.0124,0.0361,0.35,0.003,32.0,18.0
2024-07-06,동작구,1921,69087,25.9,22.1,31.9,7.0,0.0097,0.0408,0.32,0.0021,29.0,17.0
2024-07-06,마포구,4410,225874,25.1,21.7,31.2,3.0,0.0133,0.0444,0.35,0.0024,28.0,18.0
2024-07-06,서대문구,1944,76742,24.4,20.8,30.7,3.0,0.0096,0.0485,0.48,0.002,28.0,15.0
2024-07-06,서초구,2695,131095,25.3,21.4,31.8,5.0,0.0098,0.0496,0.39,0.0021,26.0,14.0
2024-07-06,성동구,3182,81913,25.1,21.9,30.5,4.0,0.0128,0.0386,0.34,0.0024,29.0,18.0
2024-07-06,성북구,1922,33183,24.1,20.7,29.2,6.0,0.0132,0.0344,0.52,0.0021,30.0,18.0
2024-07-06,송파구,8991,131516,26.0,22.1,31.4,4.0,0.0124,0.0366,0.34,0.0023,30.0,16.0
2024-07-06,양천구,6610,23702,25.4,22.2,30.5,2.5,0.0141,0.0455,0.36,0.0026,23.0,16.0
2024-07-06,영등포구,7588,221538,25.9,22.5,31.8,3.0,0.015,0.0392,0.36,0.0025,27.0,18.0
2024-07-06,용산구,1880,0,25.8,22.3,30.7,5.5,0.0181,0.0349,0.39,0.0029,30.0,19.0
2024-07-06,은평구,2704,91862,24.5,20.3,29.7,3.5,0.0075,0.0325,0.56,0.0021,28.0,20.0
2024-07-06,종로구,2640,178333,24.8,21.7,30.6,7.5,0.0133,0.0346,0.37,0.0027,28.0,18.0
2024-07-06,중구,1686,166730,23.2,20.1,29.3,5.0,0.0171,0.0269,0.37,0.0025,26.0,13.0
2024-07-06,중랑구,2744,66288,25.4,21.8,31.3,5.5,0.0111,0.0215,0.36,0.0021,29.0,18.0
2024-07-07,강남구,2483,148910,24.6,21.4,27.8,16.0,0.0127,0.0435,0.38,0.0019,23.0,15.0
2024-07-07,강동구,3734,49079,24.0,21.5,27.6,24.5,0.0053,0.0621,0.54,0.0018,22.0,16.0
2024-07-07,강북구,1227,31308,23.9,19.9,28.7,12.0,0.0081,0.0574,0.37,0.0021,22.0,15.0
2024-07-07,강서구,8855,101421,24.6,21.5,29.4,15.0,0.0092,0.0513,0.37,0.0021,22.0,13.0
2024-07-07,관악구,1952,93905,22.8,19.8,26.8,14.5,0.0091,0.0527,0.38,0.0023,24.0,14.0
2024-07-07,광진구,3876,41745,24.7,22.1,28.8,25.5,0.0102,0.0605,0.56,0.0021,24.0,14.0
2024-07-07,구로구,3057,64118,24.0,21.2,28.4,23.0,0.0056,0.0554,0.37,0.0025,17.0,12.0
2024-07-07,금천구,1017,28444,24.2,21.9,30.2,12.0,0.0111,0.0429,0.43,0.0023,22.0,11.0
2024-07-07,노원구,5799,95307,24.4,20.2,28.5,22.5,0.0104,0.0514,0.37,0.0023,27.0,16.0
2024-07-07,도봉구,2208,60040,24.4,21.3,27.1,5.5,0.0095,0.058,0.38,0.0016,19.0,14.0
2024-07-07,동대문구,2621,58795,24.5,21.6,29.5,21.5,0.0094,0.0538,0.37,0.0029,24.0,14.0
2024-07-07,동작구,1637,50827,24.5,20.9,29.2,18.5,0.0082,0.0516,0.35,0.002,23.0,14.0
2024-07-07,마포구,3987,178961,24.1,21.4,29.5,27.5,0.012,0.0569,0.36,0.0023,21.0,14.0
2024-07-07,서대문구,1729,58222,23.5,20.1,28.8,21.0,0.0099,0.0568,0.5,0.002,22.0,13.0
2024-07-07,서초구,2304,112290,24.2,20.7,27.4,9.5,0.0063,0.0587,0.42,0.0021,20.0,11.0
2024-07-07,성동구,2960,65079,24.1,21.1,28.1,30.0,0.0101,0.0518,0.37,0.0023,22.0,14.0
2024-07-07,성북구,1878,27481,23.7,20.4,27.9,16.0,0.0105,0.0479,0.53,0.0021,24.0,15.0
2024-07-07,송파구,7670,97415,24.9,22.5,27.9,16.0,0.0097,0.0479,0.38,0.0022,23.0,13.0
2024-07-07,양천구,5325,17766,24.2,21.7,29.0,25.0,0.0095,0.0599,0.37,0.0023,17.0,12.0
2024-07-07,영등포구,6674,169622,24.8,22.4,29.5,25.5,0.0092,0.0547,0.36,0.0023,20.0,14.0
2024-07-07,용산구,1820,0,24.6,22.1,28.6,20.5,0.0118,0.0488,0.42,0.0028,24.0,15.0
2024-07-07,은평구,2354,71770,23.7,19.2,28.2,8.5,0.0079,0.04,0.58,0.0022,22.0,15.0
2024-07-07,종로구,2356,128212,23.6,20.6,28.3,18.5,0.0099,0.0509,0.39,0.0025,21.0,14.0
2024-07-07,중구,1480,128045,22.8,19.8,27.6,21.0,0.0113,0.0437,0.37,0.0025,18.0,8.0
2024-07-07,중랑구,2535,51945,24.6,22.2,28.7,21.0,0.01,0.0462,0.38,0.0022,23.0,14.0
2024-07-08,강남구,1428,393451,24.0,23.1,24.9,19.5,0.0181,0.0274,0.3,0.002,11.0,7.0
2024-07-08,강동구,1895,92974,23.7,22.7,24.8,19.5,0.0123,0.0361,0.47,0.0017,11.0,7.0
2024-07-08,강북구,741,44720,23.2,21.8,24.7,15.5,0.0097,0.0364,0.25,0.0022,9.0,5.0
2024-07-08,강서구,7242,180854,24.1,23.0,24.9,14.0,0.0138,0.0302,0.25,0.0021,11.0,7.0
2024-07-08,관악구,880,145097,22.7,22.0,23.4,21.5,0.0122,0.0346,0.27,0.0023,14.0,8.0
2024-07-08,광진구,2359,57940,24.1,23.3,25.1,19.0,0.0169,0.0364,0.48,0.002,13.0,7.0
2024-07-08,구로구,1624,124024,23.9,23.3,24.6,14.5,0.0097,0.0358,0.29,0.0023,7.0,5.0
2024-07-08,금천구,703,99759,24.0,23.0,24.6,18.5,0.0156,0.0267,0.35,0.0024,11.0,5.0
2024-07-08,노원구,3659,156261,24.0,22.3,25.8,19.5,0.0151,0.0291,0.28,0.0021,14.0,7.0
2024-07-08,도봉구,1305,87187,24.0,22.8,24.8,19.5,0.0114,0.0355,0.28,0.0016,8.0,4.0
2024-07-08,동대문구,1860,97449,24.0,23.0,25.3,21.5,0.0132,0.0318,0.27,0.003,11.0,6.0
2024-07-08,동작구,668,86858,24.3,23.1,25.7,15.5,0.0119,0.0338,0.26,0.002,12.0,6.0
2024-07-08,마포구,1944,250358,23.5,22.5,24.4,18.5,0.0154,0.0339,0.25,0.0022,12.0,8.0
2024-07-08,서대문구,994,90460,22.9,21.9,24.0,20.5,0.0117,0.0389,0.39,0.0019,10.0,5.0
2024-07-08,서초구,1124,143342,23.7,22.9,24.8,8.5,0.0143,0.0397,0.36,0.0021,8.0,3.0
2024-07-08,성동구,1935,117898,23.6,22.7,24.8,20.5,0.0168,0.0302,0.28,0.0023,11.0,7.0
2024-07-08,성북구,1126,46421,23.2,22.2,24.6,19.0,0.0139,0.0281,0.45,0.0019,13.0,6.0
2024-07-08,송파구,3765,192770,24.2,23.3,25.5,20.5,0.0165,0.028,0.31,0.0021,13.0,7.0
2024-07-08,양천구,2772,35368,23.7,23.0,24.5,16.5,0.0144,0.0369,0.26,0.0022,9.0,6.0
2024-07-08,영등포구,3852,315056,24.2,23.2,25.3,16.5,0.0141,0.0327,0.26,0.0022,11.0,7.0
2024-07-08,용산구,671,0,24.1,23.3,25.2,17.0,0.0162,0.0306,0.3,0.0029,12.0,7.0
2024-07-08,은평구,1267,119025,23.1,21.9,24.6,20.5,0.0103,0.0242,0.49,0.002,10.0,7.0
2024-07-08,종로구,1856,225819,23.1,22.5,23.7,17.0,0.0135,0.0307,0.3,0.0025,10.0,6.0
2024-07-08,중구,1218,253122,22.3,21.4,23.0,21.5,0.0155,0.0249,0.29,0.0024,9.0,4.0
2024-07-08,중랑구,1527,87352,24.2,23.0,25.9,21.0,0.0157,0.0272,0.29,0.0021,12.0,6.0
2024-07-09,강남구,4503,414832,24.6,22.4,27.1,2.5,0.019,0.0263,0.3,0.0021,14.0,10.0
2024-07-09,강동구,5692,97332,24.4,22.3,27.2,0.5,0.0115,0.0338,0.44,0.0018,16.0,8.0
2024-07-09,강북구,1645,47831,23.8,21.3,27.1,0.5,0.0116,0.0303,0.29,0.0021,16.0,8.0
2024-07-09,강서구,16876,189637,24.8,22.8,27.3,0.5,0.0137,0.0319,0.29,0.0022,15.0,9.0
2024-07-09,관악구,2473,155200,22.7,20.8,24.8,3.5,0.0137,0.0336,0.29,0.0024,19.0,10.0
2024-07-09,광진구,5515,61503,24.8,22.9,27.5,1.0,0.0173,0.035,0.45,0.002,16.0,9.0
2024-07-09,구로구,5492,130848,24.2,22.5,26.3,1.0,0.0094,0.0343,0.31,0.0024,14.0,10.0
2024-07-09,금천구,2610,102710,24.4,22.7,27.3,2.5,0.0148,0.0261,0.28,0.0025,15.0,7.0
2024-07-09,노원구,8588,164632,24.8,22.2,27.7,0.5,0.0166,0.0257,0.31,0.0023,21.0,9.0
2024-07-09,도봉구,3049,93484,24.3,22.6,26.3,0.5,0.013,0.0308,0.29,0.002,13.0,7.0
2024-07-09,동대문구,3963,103598,24.6,22.8,27.1,0.5,0.0134,0.0334,0.28,0.0032,15.0,8.0
2024-07-09,동작구,2019,91468,24.7,22.4,27.2,2.0,0.0138,0.0295,0.27,0.0021,16.0,9.0
2024-07-09,마포구,5329,265195,24.0,22.4,26.6,0.0,0.0169,0.0365,0.29,0.0025,16.0,10.0
2024-07-09,서대문구,2393,95528,23.4,21.5,27.0,0.0,0.0128,0.0352,0.41,0.0019,17.0,8.0
2024-07-09,서초구,3724,147992,24.0,22.0,26.9,3.0,0.0129,0.0348,0.37,0.0021,15.0,8.0
2024-07-09,성동구,4817,125980,24.3,22.3,26.9,1.0,0.0185,0.0275,0.3,0.0023,15.0,11.0
2024-07-09,성북구,2806,48771,23.8,21.9,26.5,0.0,0.0134,0.0283,0.48,0.002,16.0,10.0
2024-07-09,송파구,11812,215930,25.0,23.1,27.0,2.0,0.017,0.0258,0.29,0.0022,16.0,6.0
2024-07-09,양천구,7570,37428,24.4,22.6,27.0,0.5,0.0145,0.037,0.28,0.0022,14.0,9.0
2024-07-09,영등포구,11449,331077,24.9,23.1,27.1,0.0,0.0141,0.0345,0.28,0.0023,15.0,11.0
2024-07-09,용산구,2094,0,24.6,22.9,26.5,0.5,0.0197,0.0288,0.32,0.0032,16.0,9.0
2024-07-09,은평구,3218,125120,24.2,21.6,27.1,0.0,0.0121,0.0213,0.51,0.0021,17.0,11.0
2024-07-09,종로구,4687,239914,23.5,21.7,25.8,1.0,0.0155,0.0298,0.33,0.0028,13.0,10.0
2024-07-09,중구,3405,270038,23.0,20.9,27.0,0.5,0.0185,0.0247,0.37,0.0026,13.0,6.0
2024-07-09,중랑구,3819,91574,24.9,23.2,27.7,0.5,0.0148,0.0268,0.29,0.0022,15.0,8.0
2024-07-10,강남구,5041,417050,26.7,22.1,33.6,8.5,0.0166,0.0357,0.26,0.002,12.0,6.0
2024-07-10,강동구,5757,99010,25.5,22.0,32.7,33.5,0.0088,0.0444,0.4,0.0017,11.0,3.0
2024-07-10,강북구,1948,48942,26.0,21.1,32.1,1.0,0.0057,0.0422,0.23,0.0021,11.0,5.0
2024-07-10,강서구,20281,192173,26.9,23.0,33.1,0.5,0.0095,0.0402,0.26,0.0021,12.0,5.0
2024-07-10,관악구,2764,159399,24.2,20.8,31.9,11.5,0.0124,0.0433,0.27,0.0024,15.0,6.0
2024-07-10,광진구,7258,64007,27.0,22.7,33.1,6.0,0.0118,0.0467,0.39,0.0019,13.0,5.0
2024-07-10,구로구,6477,133520,26.7,22.6,33.1,2.5,0.0078,0.0422,0.3,0.0024,10.0,4.0
2024-07-10,금천구,3140,102636,27.1,22.9,32.5,6.0,0.0122,0.0407,0.26,0.0023,11.0,4.0
2024-07-10,노원구,10227,168920,26.2,21.8,32.7,1.0,0.0098,0.0332,0.27,0.0022,18.0,7.0
2024-07-10,도봉구,3700,95817,26.1,22.8,29.7,0.0,0.0079,0.0459,0.22,0.002,8.0,3.0
2024-07-10,동대문구,4577,104979,26.4,22.9,32.0,3.0,0.0102,0.0406,0.27,0.003,14.0,5.0
2024-07-10,동작구,2608,92561,26.6,22.1,33.1,6.0,0.0129,0.0398,0.26,0.0021,14.0,6.0
2024-07-10,마포구,7226,270671,26.9,22.6,32.4,2.0,0.0124,0.0455,0.25,0.0024,13.0,5.0
2024-07-10,서대문구,2999,96716,25.7,20.7,32.2,1.5,0.0096,0.0433,0.4,0.0019,11.0,4.0
2024-07-10,서초구,4057,152505,25.7,21.9,32.8,14.5,0.0106,0.0449,0.34,0.0021,11.0,3.0
2024-07-10,성동구,6110,129271,26.4,22.9,31.9,3.5,0.0133,0.0386,0.26,0.0028,12.0,7.0
2024-07-10,성북구,3098,49757,25.2,22.2,31.2,17.0,0.0084,0.0354,0.43,0.0019,12.0,5.0
2024-07-10,송파구,13915,218218,26.6,22.9,33.0,7.0,0.013,0.0379,0.29,0.0022,13.0,5.0
2024-07-10,양천구,9278,37455,26.9,22.9,32.1,2.5,0.0116,0.0471,0.26,0.0023,10.0,4.0
2024-07-10,영등포구,13920,340450,27.6,23.3,33.3,2.5,0.0132,0.0431,0.26,0.0023,12.0,7.0
2024-07-10,용산구,2868,0,27.1,22.7,32.5,4.5,0.0201,0.0336,0.32,0.0029,14.0,7.0
2024-07-10,은평구,3822,128362,26.1,21.9,32.1,0.0,0.0063,0.0312,0.44,0.0021,11.0,7.0
2024-07-10,종로구,5646,248906,26.0,22.1,32.2,13.5,0.0116,0.0386,0.31,0.0028,11.0,6.0
2024-07-10,중구,4228,275281,24.9,21.2,32.1,2.0,0.0123,0.0338,0.27,0.0025,9.0,4.0
2024-07-10,중랑구,4241,92873,26.6,22.9,33.2,2.0,0.0095,0.0346,0.26,0.0022,13.0,5.0
2024-07-11,강남구,6073,421039,26.1,23.4,30.3,0.0,0.0232,0.0402,0.42,0.0024,37.0,28.0
2024-07-11,강동구,7325,98619,26.0,22.9,29.7,0.0,0.0163,0.0522,0.58,0.002,34.0,29.0
2024-07-11,강북구,2204,49266,25.6,21.9,29.9,0.0,0.0106,0.0556,0.36,0.0024,33.0,23.0
2024-07-11,강서구,21941,194092,25.1,22.4,29.7,0.0,0.0155,0.0458,0.39,0.0025,34.0,26.0
2024-07-11,관악구,3627,161453,23.1,20.1,27.1,0.0,0.0173,0.0457,0.41,0.0029,42.0,29.0
2024-07-11,광진구,8140,63850,26.5,23.8,30.7,0.0,0.0215,0.0504,0.62,0.0023,37.0,25.0
2024-07-11,구로구,7525,132709,24.5,22.1,28.4,0.0,0.0103,0.0462,0.4,0.0026,38.0,29.0
2024-07-11,금천구,3513,102938,25.0,22.5,29.2,0.0,0.0188,0.0303,0.45,0.0029,37.0,23.0
2024-07-11,노원구,10713,169598,26.1,22.4,31.2,,0.0162,0.0501,0.4,0.0023,39.0,25.0
2024-07-11,도봉구,3746,96220,25.8,23.2,28.9,0.0,0.0136,0.0567,0.37,0.0022,28.0,24.0
2024-07-11,동대문구,5363,106942,26.2,23.6,29.5,0.0,0.0179,0.0521,0.44,0.0028,39.0,27.0
2024-07-11,동작구,3058,93124,25.5,22.4,29.7,0.0,0.0161,0.0408,0.4,0.0025,37.0,26.0
2024-07-11,마포구,7598,276171,25.1,22.5,29.4,0.0,0.0177,0.0568,0.4,0.0027,36.0,26.0
2024-07-11,서대문구,3106,98613,24.6,21.2,30.1,0.0,0.0169,0.0519,0.63,0.0022,36.0,24.0
2024-07-11,서초구,5414,154681,25.1,22.3,29.8,0.0,0.0176,0.0442,0.47,0.0023,39.0,24.0
2024-07-11,성동구,6629,130980,25.4,23.0,29.3,0.0,0.0227,0.0444,0.43,0.0027,36.0,27.0
2024-07-11,성북구,3732,50453,24.9,22.4,28.8,0.0,0.0137,0.045,0.6,0.0024,37.0,27.0
2024-07-11,송파구,15843,218699,26.6,24.1,30.9,0.0,0.0184,0.0416,0.4,0.0025,37.0,22.0
2024-07-11,양천구,10603,37173,24.8,22.4,28.7,0.0,0.0161,0.055,0.4,0.0026,34.0,28.0
2024-07-11,영등포구,15748,338989,25.8,23.0,29.8,0.0,0.0163,0.0488,0.4,0.0026,36.0,30.0
2024-07-11,용산구,3138,0,26.0,23.9,29.0,0.0,0.0215,0.0458,0.48,0.0026,38.0,29.0
2024-07-11,은평구,4108,128936,24.1,20.6,28.5,0.0,0.013,0.0361,0.6,0.0023,36.0,26.0
2024-07-11,종로구,6291,251722,24.7,22.1,28.6,0.0,0.0181,0.0504,0.45,0.0033,35.0,27.0
2024-07-11,중구,4518,276477,24.6,21.4,29.2,0.0,0.0193,0.0422,0.41,0.0027,31.0,10.0
2024-07-11,중랑구,4789,93360,26.8,24.4,31.4,0.0,0.0192,0.0443,0.44,0.0025,35.0,26.0
2024-07-12,강남구,6060,428195,26.2,22.2,31.0,0.0,0.025,0.0406,0.47,0.0024,39.0,29.0
2024-07-12,강동구,7710,102390,25.5,21.9,30.1,0.0,0.0181,0.0504,0.64,0.0019,46.0,31.0
2024-07-12,강북구,2219,50718,25.0,20.6,30.4,0.0,0.0104,0.0497,0.4,0.0022,35.0,25.0
2024-07-12,강서구,21943,198390,25.9,22.3,31.4,0.0,0.0173,0.0424,0.42,0.0023,35.0,26.0
2024-07-12,관악구,3677,167720,23.3,18.7,29.2,0.0,0.0205,0.0495,0.46,0.0029,44.0,29.0
2024-07-12,광진구,8014,67502,26.6,22.9,31.0,0.0,0.0258,0.05,0.75,0.0024,38.0,26.0
2024-07-12,구로구,7423,134461,25.4,22.0,29.6,0.0,0.0127,0.0469,0.44,0.0025,44.0,32.0
2024-07-12,금천구,3427,101162,25.9,22.0,30.8,0.0,0.0204,0.043,0.47,0.0028,40.0,27.0
2024-07-12,노원구,11054,173514,25.2,20.6,31.3,0.0,0.0149,0.0464,0.42,0.0022,41.0,28.0
2024-07-12,도봉구,3968,98937,25.3,21.6,29.5,0.0,0.0117,0.0541,0.37,0.0021,32.0,24.0
2024-07-12,동대문구,5428,111329,26.2,22.0,30.7,0.0,0.0182,0.0455,0.46,0.0028,39.0,26.0
2024-07-12,동작구,3089,97587,25.6,21.3,31.4,0.0,0.0184,0.0453,0.45,0.0025,39.0,27.0
2024-07-12,마포구,7776,285746,25.3,21.4,30.4,0.0,0.0198,0.0515,0.43,0.0025,36.0,25.0
2024-07-12,서대문구,3144,101559,24.7,20.4,30.2,0.0,0.0169,0.0457,0.65,0.002,38.0,25.0
2024-07-12,서초구,5480,168323,25.8,21.1,30.6,0.0,0.0196,0.0386,0.49,0.0022,41.0,28.0
2024-07-12,성동구,6711,134333,25.7,21.7,30.4,0.0,0.0237,0.0428,0.47,0.0027,36.0,26.0
2024-07-12,성북구,3604,51184,25.3,21.3,30.3,0.0,0.0136,0.0405,0.61,0.0024,40.0,26.0
2024-07-12,송파구,16477,224042,26.6,23.2,31.2,0.0,0.0207,0.0422,0.49,0.0027,39.0,24.0
2024-07-12,양천구,10758,38318,25.7,22.4,30.5,0.0,0.0207,0.0549,0.44,0.0027,36.0,27.0
2024-07-12,영등포구,15504,348265,26.3,22.6,31.0,0.0,0.0212,0.0458,0.45,0.0026,36.0,28.0
2024-07-12,용산구,3232,0,26.4,22.8,30.9,0.0,0.0248,0.0429,0.53,0.0027,39.0,29.0
2024-07-12,은평구,4211,131158,24.6,19.6,30.5,0.0,0.0128,0.0325,0.61,0.0022,39.0,26.0
2024-07-12,종로구,6106,255469,25.5,21.7,30.2,0.0,0.0195,0.0428,0.48,0.0031,36.0,26.0
2024-07-12,중구,4487,280811,24.3,20.4,30.0,0.0,0.0198,0.0358,0.44,0.0026,34.0,34.0
2024-07-12,중랑구,4910,95954,26.6,23.0,31.1,0.0,0.0185,0.0422,0.46,0.0023,37.0,26.0
2024-07-13,강남구,4143,252251,28.5,23.3,34.3,0.0,0.02,0.0496,0.51,0.0025,54.0,43.0
2024-07-13,강동구,6222,68228,27.6,22.2,33.5,0.0,0.0101,0.0631,0.67,0.0019,48.0,34.0
2024-07-13,강북구,1881,40679,27.2,21.9,34.0,0.0,0.0089,0.0584,0.43,0.0023,46.0,37.0
2024-07-13,강서구,14592,136701,27.9,22.8,34.5,0.0,0.0139,0.0593,0.52,0.0024,47.0,38.0
2024-07-13,관악구,3334,136085,25.7,20.9,32.6,0.0,0.0156,0.0612,0.52,0.003,54.0,40.0
2024-07-13,광진구,6652,58120,28.8,23.7,34.2,0.0,0.0171,0.0645,0.77,0.0024,53.0,41.0
2024-07-13,구로구,4980,89872,27.5,23.0,32.5,2.5,0.0093,0.0624,0.49,0.0025,47.0,38.0
2024-07-13,금천구,1751,41402,28.2,23.9,34.3,0.0,0.0141,0.0539,0.49,0.0029,48.0,37.0
2024-07-13,노원구,8802,132475,27.5,21.4,33.9,0.0,0.0123,0.0475,0.45,0.0024,50.0,38.0
2024-07-13,도봉구,3251,77212,27.4,23.1,32.3,0.0,0.0106,0.0605,0.41,0.0022,41.0,35.0
2024-07-13,동대문구,4014,81362,28.4,23.8,33.6,0.0,0.0125,0.0596,0.48,0.0028,54.0,41.0
2024-07-13,동작구,2519,73854,27.9,22.5,34.3,0.0,0.0145,0.057,0.5,0.0024,50.0,39.0
2024-07-13,마포구,6202,247271,28.0,23.8,32.9,0.0,0.0156,0.0687,0.49,0.0025,47.0,37.0
2024-07-13,서대문구,2487,81491,26.8,22.3,32.7,0.0,0.0127,0.0631,0.67,0.0026,45.0,32.0
2024-07-13,서초구,3811,140772,27.7,22.5,33.1,0.0,0.0141,0.0602,0.58,0.0021,49.0,35.0
2024-07-13,성동구,4615,93068,28.0,23.3,33.6,0.0,0.0166,0.0552,0.5,0.0027,50.0,39.0
2024-07-13,성북구,2846,36007,27.3,22.7,32.8,0.0,0.0114,0.0491,0.66,0.0025,47.0,37.0
2024-07-13,송파구,12693,156956,28.7,23.5,34.5,0.0,0.0165,0.0503,0.52,0.0026,54.0,39.0
2024-07-13,양천구,8755,26034,28.2,23.9,33.7,0.0,0.015,0.076,0.5,0.0026,46.0,38.0
2024-07-13,영등포구,10752,232426,28.8,24.5,34.7,0.0,0.0164,0.0606,0.5,0.0026,47.0,41.0
2024-07-13,용산구,2612,0,28.7,23.8,33.5,0.0,0.0244,0.0528,0.6,0.0027,54.0,44.0
2024-07-13,은평구,3400,99738,26.5,20.7,33.8,0.0,0.0091,0.0441,0.65,0.0022,46.0,35.0
2024-07-13,종로구,3527,196332,28.1,23.6,33.4,0.0,0.0135,0.0576,0.49,0.0032,47.0,39.0
2024-07-13,중구,2551,179659,27.0,22.4,32.7,0.0,0.0155,0.0493,0.47,0.0029,41.0,38.0
2024-07-13,중랑구,4126,72002,28.5,23.6,34.2,0.0,0.0118,0.0501,0.47,0.0023,52.0,39.0
2024-07-14,강남구,3603,156832,28.9,25.0,33.2,0.0,0.0125,0.0408,0.34,0.0023,32.0,26.0
2024-07-14,강동구,5552,48690,27.4,23.5,31.7,0.0,0.0039,0.0515,0.47,0.0018,30.0,18.0
2024-07-14,강북구,1721,31189,27.6,23.4,32.5,0.0,0.0067,0.0503,0.34,0.0021,33.0,27.0
2024-07-14,강서구,11724,102406,29.1,24.3,33.8,0.0,0.0081,0.0488,0.39,0.0021,29.0,24.0
2024-07-14,관악구,2914,97541,26.8,22.0,31.7,0.0,0.0095,0.0496,0.36,0.0028,33.0,24.0
2024-07-14,광진구,6215,41868,28.4,24.4,32.7,0.0,0.0082,0.053,0.55,0.0022,34.0,26.0
2024-07-14,구로구,4428,65921,28.1,23.9,32.0,0.0,0.0053,0.0485,0.36,0.0025,25.0,20.0
2024-07-14,금천구,1530,29361,28.7,25.6,33.0,0.0,0.0084,0.0423,0.34,0.0027,28.0,21.0
2024-07-14,노원구,7903,97700,27.5,23.9,31.7,0.0,0.006,0.0479,0.33,0.0021,34.0,27.0
2024-07-14,도봉구,2908,59187,27.7,24.5,31.1,0.0,0.0072,0.0531,0.29,0.0022,27.0,22.0
2024-07-14,동대문구,3583,60116,28.0,24.8,31.7,0.0,0.0065,0.0491,0.35,0.0027,36.0,27.0
2024-07-14,동작구,2415,50670,28.6,24.3,33.7,0.0,0.0087,0.0469,0.33,0.0023,31.0,25.0
2024-07-14,마포구,5493,186534,28.4,24.5,32.4,0.0,0.0094,0.0565,0.35,0.0024,32.0,24.0
2024-07-14,서대문구,2225,58470,27.1,23.9,32.3,0.0,0.0084,0.0532,0.53,0.002,29.0,21.0
2024-07-14,서초구,3476,117528,28.0,24.4,31.6,0.0,0.0073,0.0488,0.42,0.002,27.0,19.0
2024-07-14,성동구,4015,70017,28.1,25.1,32.2,1.5,0.0067,0.0482,0.32,0.0025,32.0,25.0
2024-07-14,성북구,2597,27531,27.4,24.1,31.2,0.0,0.0063,0.042,0.5,0.0022,31.0,23.0
2024-07-14,송파구,11210,117244,28.7,25.0,33.0,0.0,0.0083,0.0454,0.34,0.0024,33.0,24.0
2024-07-14,양천구,7825,18910,,25.5,32.2,0.0,0.009,0.0599,0.35,0.0023,29.0,24.0
2024-07-14,영등포구,9544,167974,29.5,26.2,33.4,0.0,0.0095,0.0512,0.35,0.0024,30.0,26.0
2024-07-14,용산구,2659,0,29.1,25.7,33.9,0.0,0.0122,0.0443,0.38,0.0025,32.0,25.0
2024-07-14,은평구,3164,72186,27.5,23.1,32.1,0.0,0.0055,0.0381,0.52,0.0021,30.0,23.0
2024-07-14,종로구,3138,131902,28.3,25.0,32.1,0.0,0.0074,0.0479,0.35,0.0027,30.0,27.0
2024-07-14,중구,2031,135514,26.3,23.1,30.4,0.0,0.0101,0.0421,0.35,0.0027,27.0,26.0
2024-07-14,중랑구,3562,51126,28.0,24.7,32.2,0.0,0.0058,0.0412,0.33,0.0021,32.0,26.0
2024-07-15,강남구,5724,406788,28.8,24.5,33.3,0.0,0.0157,0.0374,0.26,0.0022,12.0,7.0
2024-07-15,강동구,7070,97065,27.7,23.8,31.9,0.0,0.0038,0.0498,0.35,0.0017,9.0,4.0
2024-07-15,강북구,2148,47858,27.8,22.4,32.1,0.0,0.008,0.0428,0.24,0.0019,9.0,5.0
2024-07-15,강서구,19972,188535,28.7,24.9,33.3,0.0,0.0125,0.0456,0.31,0.0021,12.0,6.0
2024-07-15,관악구,3410,152042,26.5,23.0,31.4,0.0,0.0101,0.0412,0.26,0.0026,14.0,7.0
2024-07-15,광진구,8006,60703,28.3,24.3,32.9,0.0,0.0098,0.0512,0.41,0.0022,12.0,6.0
2024-07-15,구로구,7117,128630,28.2,24.7,31.5,0.0,0.0062,0.0485,0.3,0.0024,9.0,6.0
2024-07-15,금천구,3396,101816,28.8,25.1,33.1,0.0,0.0091,0.044,0.25,0.0024,10.0,4.0
2024-07-15,노원구,10323,164402,27.6,22.2,32.1,0.0,0.0075,0.0411,0.24,0.002,10.0,6.0
2024-07-15,도봉구,3697,93079,27.8,23.5,30.7,0.0,0.0076,0.046,0.16,0.0022,7.0,3.0
2024-07-15,동대문구,5166,102726,28.4,24.8,32.2,0.0,0.0081,0.0458,0.25,0.0027,12.0,6.0
2024-07-15,동작구,2852,90965,28.7,23.5,34.9,0.0,0.0103,0.0466,0.25,0.002,12.0,7.0
2024-07-15,마포구,7020,266714,28.1,24.8,32.9,0.0,0.0101,0.0544,0.26,0.0023,13.0,7.0
2024-07-15,서대문구,2900,94704,27.3,23.7,32.3,1.0,0.0096,0.0501,0.42,0.002,10.0,5.0
2024-07-15,서초구,5189,149435,28.5,24.4,32.1,0.0,0.0093,0.0472,0.34,0.002,12.0,3.0
2024-07-15,성동구,6308,125035,28.5,25.1,31.6,0.0,0.008,0.0454,0.24,0.0026,10.0,7.0
2024-07-15,성북구,3431,48686,27.8,23.4,31.6,0.0,0.0084,0.0378,0.39,0.0021,11.0,4.0
2024-07-15,송파구,15436,198303,28.7,24.6,32.2,0.0,0.0105,0.0411,0.28,0.0022,16.0,7.0
2024-07-15,양천구,9746,35908,,,,,,,,,,
2024-07-15,영등포구,14516,320254,29.2,25.8,33.5,0.0,0.0116,0.0495,0.27,0.0022,13.0,8.0
2024-07-15,용산구,2799,0,29.1,25.3,33.0,0.0,0.0218,0.0351,0.3,0.0025,12.0,7.0
2024-07-15,은평구,3894,125218,27.6,24.5,32.1,5.5,0.0069,0.0361,0.39,0.0021,10.0,6.0
2024-07-15,종로구,5794,236974,28.4,24.3,32.2,0.0,0.0098,0.0449,0.27,0.0026,9.0,6.0
2024-07-15,중구,4103,268417,26.5,23.0,30.5,0.0,0.0143,0.039,0.34,0.0026,10.0,7.0
2024-07-15,중랑구,4585,90890,28.2,24.5,33.0,0.0,0.0074,0.0373,0.24,0.002,11.0,6.0
2024-07-16,강남구,3126,417808,27.0,24.0,31.7,11.0,0.017,0.0282,0.28,0.0021,13.0,9.0
2024-07-16,강동구,4057,96432,26.3,23.9,30.5,17.0,0.006,0.0403,0.37,0.0018,9.0,7.0
2024-07-16,강북구,1148,47223,26.2,23.3,31.3,14.0,0.0098,0.0375,0.27,0.0015,10.0,5.0
2024-07-16,강서구,12754,189537,26.9,24.4,31.6,9.0,0.0136,0.0356,0.3,0.0023,15.0,9.0
2024-07-16,관악구,1894,154649,25.0,22.7,29.1,10.5,0.0104,0.0131,0.3,0.0028,16.0,8.0
2024-07-16,광진구,4378,60425,27.1,24.2,31.3,16.5,0.0139,0.0396,0.44,0.0024,13.0,7.0
2024-07-16,구로구,4032,128804,26.4,24.0,30.6,11.5,0.0078,0.0425,0.15,0.0024,10.0,7.0
2024-07-16,금천구,2111,102069,27.0,24.3,32.1,8.0,0.0107,0.0348,0.27,0.0025,13.0,7.0
2024-07-16,노원구,5695,163359,26.3,23.9,30.7,37.0,0.0094,0.0357,0.26,0.0019,12.0,6.0
2024-07-16,도봉구,1977,92538,26.8,24.7,30.2,15.5,0.01,0.0368,0.21,0.0022,7.0,4.0
2024-07-16,동대문구,2956,100967,26.7,24.0,31.8,29.0,0.011,0.0339,0.29,0.0026,14.0,7.0
2024-07-16,동작구,1575,91396,27.1,24.0,31.1,13.5,0.011,0.0345,0.26,0.0021,14.0,8.0
2024-07-16,마포구,3621,264809,26.5,24.0,32.1,21.5,0.0137,0.0392,0.29,0.0024,15.0,9.0
2024-07-16,서대문구,1654,95214,25.5,23.3,31.9,19.0,0.0106,0.0361,0.48,0.002,13.0,6.0
2024-07-16,서초구,2764,149659,26.5,23.4,30.5,9.5,0.011,0.0399,0.38,0.0021,13.0,4.0
2024-07-16,성동구,3335,125124,26.6,23.6,31.2,27.0,0.0123,0.0314,0.27,0.0025,12.0,8.0
2024-07-16,성북구,1949,48243,25.9,23.6,29.8,12.0,0.0105,0.0278,0.44,0.0021,14.0,5.0
2024-07-16,송파구,8632,202512,27.3,24.5,31.3,11.0,0.012,0.0322,0.29,0.0023,16.0,7.0
2024-07-16,양천구,5467,36396,,,,12.5,0.0134,0.037,0.29,0.0022,14.0,9.0
2024-07-16,영등포구,8059,333284,27.4,24.7,31.4,11.5,0.0149,0.0352,0.29,0.0024,15.0,11.0
2024-07-16,용산구,1435,0,27.4,24.6,31.5,14.5,0.0203,0.0285,0.32,0.0025,14.0,8.0
2024-07-16,은평구,2144,124376,25.5,22.8,31.0,17.0,0.0097,0.0232,0.46,0.0021,13.0,8.0
2024-07-16,종로구,3330,243723,26.6,23.3,31.2,10.5,0.014,0.0316,0.32,0.0026,12.0,7.0
2024-07-16,중구,2422,274204,24.9,22.6,29.7,25.0,0.017,0.0275,0.39,0.0026,11.0,8.0
2024-07-16,중랑구,2378,90116,26.5,24.1,31.1,36.0,0.0097,0.0308,0.27,0.0018,11.0,6.0
2024-07-17,강남구,2659,402244,26.5,23.5,30.9,20.5,0.0155,0.012,0.22,0.0022,13.0,6.0
2024-07-17,강동구,3525,93165,25.5,22.6,29.6,100.0,0.008,0.0192,0.31,0.0017,9.0,5.0
2024-07-17,강북구,446,44524,23.8,22.5,27.0,104.5,0.0097,0.021,0.22,0.0017,8.0,3.0
2024-07-17,강서구,4540,182138,25.5,23.9,29.9,123.0,0.0106,0.016,0.2,0.0022,10.0,4.0
2024-07-17,관악구,1160,151737,25.0,22.6,27.9,14.5,0.0072,0.0084,0.21,0.0025,14.0,5.0
2024-07-17,광진구,3016,59045,26.0,23.3,30.0,70.5,0.0126,0.0211,0.38,0.0024,12.0,4.0
2024-07-17,구로구,1951,124877,25.5,23.7,28.4,33.0,0.0061,0.0391,0.05,0.0023,9.0,3.0
2024-07-17,금천구,1267,99581,26.4,23.9,29.8,15.5,0.0084,0.0132,0.23,0.0023,12.0,3.0
2024-07-17,노원구,2646,157770,24.9,22.6,29.3,137.0,0.014,0.0163,0.27,0.002,11.0,4.0
2024-07-17,도봉구,694,88599,24.5,23.4,25.9,89.5,0.011,0.0215,0.17,0.002,5.0,2.0
2024-07-17,동대문구,1597,96328,25.4,22.8,29.5,112.5,0.0123,0.0154,0.25,0.0028,12.0,4.0
2024-07-17,동작구,994,88564,26.3,24.0,30.6,24.0,0.0068,0.0162,0.21,0.0021,13.0,5.0
2024-07-17,마포구,1477,255135,25.2,23.5,29.4,77.0,0.0116,0.0173,0.2,0.0022,11.0,4.0
2024-07-17,서대문구,636,89515,24.4,23.0,28.7,98.5,0.0092,0.019,0.44,0.0019,9.0,3.0
2024-07-17,서초구,2202,145462,26.1,23.0,30.0,20.5,0.0095,0.0277,0.36,0.0021,9.0,2.0
2024-07-17,성동구,1907,119941,25.3,23.0,29.2,75.5,0.0124,0.0142,0.23,0.0026,11.0,5.0
2024-07-17,성북구,897,46552,24.6,22.5,27.9,131.0,0.011,0.0142,0.42,0.0022,11.0,3.0
2024-07-17,송파구,7746,202274,26.7,23.5,30.7,26.0,0.0107,0.0151,0.21,0.0022,13.0,4.0
2024-07-17,양천구,2237,34843,25.5,23.8,29.0,57.0,0.0108,0.015,0.2,0.0021,9.0,5.0
2024-07-17,영등포구,3994,323793,26.2,24.4,29.9,68.0,0.0101,0.0158,0.2,0.0021,12.0,6.0
2024-07-17,용산구,833,0,26.5,24.1,29.6,37.5,0.0143,0.0145,0.26,0.0025,12.0,6.0
2024-07-17,은평구,698,117505,24.6,22.9,28.4,86.5,0.0086,0.0123,0.39,0.002,9.0,6.0
2024-07-17,종로구,1684,230281,25.2,23.2,28.6,24.5,0.0125,0.0148,0.28,0.0025,9.0,4.0
2024-07-17,중구,1280,262942,24.0,22.1,28.1,76.5,0.0151,0.0114,0.27,0.0025,9.0,4.0
2024-07-17,중랑구,1326,86645,25.6,22.6,30.3,103.0,0.0099,0.0158,0.23,0.002,10.0,4.0
2024-07-18,강남구,1171,393042,24.7,23.3,27.3,122.5,0.0196,0.0175,0.28,0.0024,9.0,4.0
2024-07-18,강동구,1849,91856,24.3,23.0,26.8,125.0,0.0117,0.0218,0.34,0.0017,6.0,4.0
2024-07-18,강북구,617,44370,23.7,22.9,24.8,136.0,0.0107,0.0246,0.23,0.002,6.0,3.0
2024-07-18,강서구,6144,178250,24.4,23.4,25.7,115.5,0.0143,0.0239,0.27,0.0022,8.0,3.0
2024-07-18,관악구,805,145361,23.5,22.3,24.9,128.5,0.0152,0.0226,0.26,0.0023,11.0,5.0
2024-07-18,광진구,1977,57769,24.8,23.4,27.2,117.0,0.0184,0.024,0.41,0.0022,10.0,4.0
2024-07-18,구로구,1638,120301,24.3,23.2,25.7,121.0,0.0106,0.0422,0.15,0.0023,6.0,4.0
2024-07-18,금천구,901,95722,24.8,23.3,27.0,131.5,0.0139,0.0195,0.25,0.0023,9.0,3.0
2024-07-18,노원구,2872,160034,24.3,23.3,26.1,114.0,0.0145,0.0187,0.25,0.002,9.0,4.0
2024-07-18,도봉구,1010,92293,24.2,23.2,25.1,130.5,0.0117,0.0256,0.16,0.0019,6.0,3.0
2024-07-18,동대문구,1384,95443,24.5,23.2,26.8,124.0,0.0158,0.0194,0.27,0.0028,10.0,4.0
2024-07-18,동작구,683,84739,24.9,23.5,27.2,129.5,0.0129,0.0217,0.23,0.0021,9.0,4.0
2024-07-18,마포구,1856,251361,24.3,23.0,25.8,124.0,0.016,0.0246,0.25,0.0023,9.0,4.0
2024-07-18,서대문구,693,87031,23.6,22.3,24.7,119.5,0.0112,0.0237,0.45,0.0019,9.0,3.0
2024-07-18,서초구,1028,142378,24.4,23.1,26.4,117.0,0.0124,0.0329,0.37,0.0019,7.0,2.0
2024-07-18,성동구,1503,117508,24.2,22.7,26.8,126.0,0.0179,0.0161,0.26,0.0026,9.0,5.0
2024-07-18,성북구,846,46736,23.8,22.5,25.5,113.5,0.0136,0.0166,0.43,0.0021,9.0,4.0
2024-07-18,송파구,3258,193539,24.9,23.4,27.3,115.5,0.0154,0.0179,0.24,0.0021,10.0,4.0
2024-07-18,양천구,2692,34451,24.3,23.0,25.8,127.0,0.0137,0.0226,0.24,0.0021,8.0,4.0
2024-07-18,영등포구,3563,315257,24.9,23.4,26.9,118.0,0.0112,0.0146,0.23,0.0022,10.0,5.0
2024-07-18,용산구,669,0,24.8,23.4,27.1,117.5,0.0199,0.0183,0.28,0.0024,9.0,4.0
2024-07-18,은평구,1139,116045,24.1,22.8,26.1,124.5,0.0094,0.0164,0.43,0.0022,7.0,5.0
2024-07-18,종로구,1536,219114,23.7,22.3,25.3,141.0,0.0156,0.0191,0.31,0.0027,8.0,5.0
2024-07-18,중구,1175,258605,22.8,21.6,24.1,118.5,0.0182,0.0141,0.29,0.0027,8.0,4.0
2024-07-18,중랑구,1339,86181,24.8,23.1,26.8,120.0,0.0152,0.0161,0.27,0.0019,8.0,4.0
2024-07-19,강남구,5292,424450,27.6,23.8,32.5,0.0,0.0162,0.0442,0.32,0.0028,26.0,18.0
2024-07-19,강동구,6907,101666,27.4,23.6,32.0,0.0,0.0089,0.0553,0.4,0.0019,20.0,15.0
2024-07-19,강북구,1951,51339,26.7,22.9,31.9,1.0,0.009,0.0527,0.3,0.0022,23.0,16.0
2024-07-19,강서구,19994,198285,27.6,24.2,32.8,0.5,0.0103,0.0504,0.29,0.0023,24.0,17.0
2024-07-19,관악구,3091,167774,25.7,22.8,30.4,0.0,0.0103,0.0498,0.31,0.0025,27.0,17.0
2024-07-19,광진구,7376,67386,27.6,24.3,32.4,0.5,0.0132,0.0517,0.51,0.0022,24.0,15.0
2024-07-19,구로구,6458,133757,26.5,24.0,30.7,1.5,0.0067,0.0691,0.23,0.0025,21.0,15.0
2024-07-19,금천구,3017,101387,27.4,24.4,32.0,0.0,0.012,0.04,0.31,0.0024,22.0,14.0
2024-07-19,노원구,9952,175350,27.8,23.1,32.6,0.0,0.0121,0.0479,0.32,0.0022,28.0,18.0
2024-07-19,도봉구,3511,99324,26.2,23.9,30.0,1.0,0.0106,0.0496,0.27,0.002,18.0,14.0
2024-07-19,동대문구,4931,108436,27.7,24.0,32.1,0.0,0.0108,0.0496,0.32,0.0028,27.0,19.0
2024-07-19,동작구,2645,97419,27.5,24.1,32.5,0.0,0.0101,0.0456,0.3,0.0022,23.0,17.0
2024-07-19,마포구,7052,288658,27.2,24.0,32.1,0.0,0.0138,0.053,0.3,0.0025,24.0,17.0
2024-07-19,서대문구,2735,101727,26.3,23.3,31.7,0.5,0.01,0.0529,0.48,0.0021,23.0,13.0
2024-07-19,서초구,4695,165469,27.6,23.5,31.9,0.0,0.0119,0.0523,0.41,0.0021,23.0,13.0
2024-07-19,성동구,5858,133151,27.2,23.8,32.2,0.0,0.0148,0.0423,0.32,0.0025,23.0,16.0
2024-07-19,성북구,3137,50914,26.6,23.2,31.4,0.5,0.0102,0.0435,0.47,0.0023,24.0,17.0
2024-07-19,송파구,14514,223162,27.9,24.5,32.7,0.0,0.0121,0.0438,0.31,0.0024,24.0,14.0
2024-07-19,양천구,9658,37935,26.9,23.9,31.5,0.5,0.01,0.047,0.27,0.0021,19.0,16.0
2024-07-19,영등포구,13850,349484,27.7,24.5,32.4,0.5,0.0128,0.027,0.29,0.0024,25.0,18.0
2024-07-19,용산구,2682,0,27.5,24.4,31.8,0.5,0.0147,0.0439,0.33,0.0025,25.0,20.0
2024-07-19,은평구,3558,133185,26.3,23.0,31.2,0.5,0.01,0.0345,0.5,0.0021,24.0,17.0
2024-07-19,종로구,5638,256917,26.5,23.4,31.1,0.5,0.0116,0.0462,0.33,0.0029,24.0,19.0
2024-07-19,중구,4074,283619,25.9,22.6,31.7,0.0,0.0145,0.0379,0.32,0.0027,23.0,18.0
2024-07-19,중랑구,4336,96606,28.0,24.3,32.7,0.0,0.0137,0.0417,0.34,0.0021,24.0,17.0
2024-07-20,강남구,2714,232686,27.5,24.9,31.7,19.0,0.0158,0.0424,0.27,0.0047,18.0,11.0
2024-07-20,강동구,4010,63408,26.9,24.4,30.2,20.0,0.0045,0.0466,0.35,0.0018,14.0,8.0
2024-07-20,강북구,1218,37469,26.7,24.0,31.3,21.0,0.0083,0.0426,0.26,0.002,17.0,10.0
2024-07-20,강서구,9680,128849,27.6,25.2,32.1,10.5,0.0094,0.0441,0.25,0.0023,15.0,9.0
2024-07-20,관악구,2020,128245,25.8,22.8,29.6,18.5,0.0083,0.0456,0.26,0.0025,17.0,9.0
2024-07-20,광진구,3919,51942,27.5,25.0,31.8,19.0,0.0075,0.0444,0.53,0.0018,18.0,12.0
2024-07-20,구로구,3246,83492,26.6,24.4,30.0,11.0,0.0056,0.061,0.2,0.0025,11.0,6.0
2024-07-20,금천구,1155,38150,27.5,25.2,32.0,18.0,0.0085,0.0367,0.33,0.0022,15.0,8.0
2024-07-20,노원구,5947,122255,27.3,24.7,30.6,20.5,0.0089,0.0387,0.27,0.0022,19.0,12.0
2024-07-20,도봉구,2228,70938,26.8,24.8,29.9,21.0,0.0093,0.0435,0.27,0.002,12.0,8.0
2024-07-20,동대문구,2700,75427,27.2,25.2,31.0,22.0,0.0084,0.0413,0.26,0.0028,19.0,11.0
2024-07-20,동작구,1636,70484,27.6,24.3,32.0,19.0,0.0092,0.0388,0.26,0.002,17.0,11.0
2024-07-20,마포구,3791,225721,26.9,24.6,30.8,14.0,0.0106,0.0481,0.27,0.0024,16.0,10.0
2024-07-20,서대문구,1618,74927,26.4,23.5,31.1,16.0,0.0068,0.0469,0.43,0.002,13.0,8.0
2024-07-20,서초구,2337,128279,26.6,24.2,30.7,15.0,0.0095,0.0467,0.38,0.002,14.0,6.0
2024-07-20,성동구,2705,83462,26.8,24.8,30.1,17.0,0.0095,0.0387,0.26,0.0023,16.0,10.0
2024-07-20,성북구,1886,33209,26.5,24.3,29.5,17.5,0.0076,0.0363,0.41,0.0022,16.0,10.0
2024-07-20,송파구,8165,137338,27.8,25.4,31.6,17.5,0.0092,0.0373,0.27,0.0021,18.0,11.0
2024-07-20,양천구,5712,23702,27.2,24.8,31.0,16.5,0.0083,0.0427,0.23,0.0021,10.0,8.0
2024-07-20,영등포구,6548,209617,28.0,25.7,32.5,13.5,0.0096,0.0435,0.24,0.0023,16.0,11.0
2024-07-20,용산구,1643,0,27.7,25.4,31.2,15.0,0.0136,0.0371,0.29,0.0025,18.0,10.0
2024-07-20,은평구,2280,91660,26.6,23.3,30.5,13.0,0.0074,0.0301,0.43,0.0021,16.0,11.0
2024-07-20,종로구,2417,176553,26.7,24.2,31.4,15.0,0.0103,0.0389,0.27,0.0027,15.0,11.0
2024-07-20,중구,1505,164939,25.6,23.0,30.4,17.0,0.0121,0.0344,0.28,0.0026,13.0,10.0
2024-07-20,중랑구,2521,67569,27.5,25.0,31.4,16.5,0.0086,0.0353,0.28,0.002,18.0,10.0
2024-07-21,강남구,2982,143757,27.2,23.4,31.7,4.0,0.0135,0.0553,0.24,0.0045,18.0,10.0
2024-07-21,강동구,4558,45125,26.9,22.6,30.2,5.5,0.0034,0.0582,0.31,0.0018,16.0,10.0
2024-07-21,강북구,1327,29440,26.1,22.0,30.2,20.5,0.006,0.0559,0.22,0.0019,16.0,8.0
2024-07-21,강서구,10663,97973,27.2,22.7,31.5,7.5,0.0066,0.0508,0.21,0.0021,18.0,9.0
2024-07-21,관악구,2363,95035,25.7,22.2,30.0,5.5,0.0069,0.051,0.23,0.0025,24.0,10.0
2024-07-21,광진구,4947,39768,27.1,23.3,30.3,6.0,0.0051,0.0548,0.46,0.0021,20.0,9.0
2024-07-21,구로구,3806,61891,26.6,22.8,29.5,5.0,0.0037,0.0708,0.17,0.0026,15.0,7.0
2024-07-21,금천구,1243,27323,27.3,23.2,30.9,6.0,0.008,0.0414,0.26,0.0023,20.0,8.0
2024-07-21,노원구,6158,89717,26.9,22.6,30.8,9.5,0.008,0.0486,0.25,0.002,20.0,10.0
2024-07-21,도봉구,2280,54737,26.5,22.6,29.5,22.0,0.0065,0.0568,0.22,0.0021,13.0,7.0
2024-07-21,동대문구,2770,55686,27.0,22.7,30.7,10.5,0.006,0.0503,0.23,0.0027,21.0,10.0
2024-07-21,동작구,1992,48661,27.6,23.4,32.4,6.0,0.006,0.0482,0.23,0.0021,21.0,11.0
2024-07-21,마포구,5139,176975,26.8,22.3,31.4,7.5,0.0083,0.0553,0.21,0.0024,20.0,9.0
2024-07-21,서대문구,1976,56432,25.8,21.7,30.6,8.5,0.0063,0.0557,0.4,0.0021,18.0,7.0
2024-07-21,서초구,2814,108454,27.0,22.9,30.7,5.5,0.0043,0.0611,0.35,0.0021,18.0,7.0
2024-07-21,성동구,3421,63826,26.7,22.5,30.8,4.0,0.0077,0.0476,0.23,0.0023,19.0,10.0
2024-07-21,성북구,2051,26351,26.0,21.9,29.9,13.5,0.005,0.0454,0.38,0.0024,20.0,9.0
2024-07-21,송파구,9519,100865,27.4,23.5,31.2,4.0,0.0062,0.0476,0.22,0.0021,21.0,9.0
2024-07-21,양천구,6612,16839,27.0,22.6,30.5,7.0,0.0063,0.0492,0.2,0.0022,13.0,8.0
2024-07-21,영등포구,7994,157234,27.6,23.0,31.5,6.0,0.006,0.0527,0.21,0.0023,19.0,9.0
2024-07-21,용산구,2124,0,27.4,23.1,31.2,3.5,0.0089,0.0447,0.25,0.0023,20.0,11.0
2024-07-21,은평구,2650,67508,25.7,21.9,29.9,15.0,0.0059,0.0374,0.39,0.0021,17.0,11.0
2024-07-21,종로구,2546,122125,26.1,21.8,29.9,6.0,0.007,0.0484,0.22,0.0026,18.0,9.0
2024-07-21,중구,1827,127364,25.3,20.9,30.9,4.5,0.0076,0.0408,0.23,0.0025,16.0,9.0
2024-07-21,중랑구,2733,48590,27.1,22.7,30.7,8.5,0.0083,0.0443,0.25,0.002,19.0,10.0
2024-07-22,강남구,3225,397928,27.5,25.7,29.4,47.0,0.0162,0.016,0.2,0.0037,15.0,7.0
2024-07-22,강동구,4080,92733,27.1,24.2,29.2,43.0,0.0064,0.017,0.27,0.0017,10.0,6.0
2024-07-22,강북구,938,44637,25.8,23.1,27.4,55.0,0.008,0.0204,0.21,0.0019,12.0,5.0
2024-07-22,강서구,10685,179708,27.1,23.9,28.6,58.0,0.0088,0.0158,0.18,0.0022,14.0,6.0
2024-07-22,관악구,1661,146861,25.8,23.9,27.2,44.0,0.0084,0.0159,0.21,0.0025,17.0,6.0
2024-07-22,광진구,4562,57865,27.5,25.0,29.4,46.0,0.0079,0.018,0.41,0.0018,15.0,7.0
2024-07-22,구로구,3418,123411,26.8,24.7,28.1,69.5,0.0063,0.0436,0.15,0.0023,8.0,4.0
2024-07-22,금천구,1866,99596,27.4,24.8,29.4,45.0,0.0091,0.0113,0.23,0.0023,14.0,5.0
2024-07-22,노원구,4747,154769,26.6,23.7,28.9,56.0,0.0112,0.0141,0.23,0.002,15.0,7.0
2024-07-22,도봉구,1596,86606,26.2,24.1,27.8,48.5,0.0098,0.0203,0.23,0.0019,8.0,4.0
2024-07-22,동대문구,2572,96992,26.9,24.0,28.9,48.0,0.0103,0.0134,0.23,0.0028,16.0,7.0
2024-07-22,동작구,1440,87004,27.4,25.1,29.2,40.5,0.0074,0.0135,0.19,0.002,15.0,7.0
2024-07-22,마포구,3162,257717,26.4,23.7,27.8,78.5,0.011,0.0174,0.21,0.0024,14.0,6.0
2024-07-22,서대문구,1462,88879,25.6,22.8,27.2,79.5,0.0075,0.0193,0.4,0.0025,12.0,4.0
2024-07-22,서초구,2885,144929,27.0,25.0,28.7,41.0,0.0076,0.037,0.35,0.0019,14.0,4.0
2024-07-22,성동구,3240,120935,26.6,23.3,28.5,36.0,0.0105,0.0136,0.2,0.0024,14.0,8.0
2024-07-22,성북구,1563,47038,26.1,23.2,27.6,59.0,0.0092,0.0138,0.4,0.0024,15.0,6.0
2024-07-22,송파구,8937,190198,28.0,25.7,29.9,44.5,0.0081,0.0136,0.17,0.002,15.0,6.0
2024-07-22,양천구,4985,34497,26.7,24.0,28.3,73.0,0.0085,0.0148,0.19,0.002,9.0,6.0
2024-07-22,영등포구,7557,315572,27.4,24.7,29.1,65.5,0.0105,0.0137,0.21,0.0023,15.0,7.0
2024-07-22,용산구,1311,0,27.4,24.9,29.1,33.0,0.0129,0.0136,0.22,0.0024,15.0,8.0
2024-07-22,은평구,1604,117305,26.3,23.2,27.9,58.0,0.0077,0.0119,0.39,0.002,13.0,7.0
2024-07-22,종로구,2850,225724,26.1,24.3,27.3,41.0,0.0098,0.0161,0.2,0.0025,13.0,6.0
2024-07-22,중구,2177,262300,25.1,22.3,27.3,45.0,0.0136,0.01,0.26,0.0025,13.0,7.0
2024-07-22,중랑구,2249,86308,27.2,24.1,29.2,37.0,0.0097,0.0134,0.2,0.002,14.0,6.0
2024-07-23,강남구,3875,412144,27.0,25.8,29.4,3.0,0.0154,0.0206,0.2,0.0032,11.0,6.0
2024-07-23,강동구,4746,94583,26.6,25.2,28.0,4.5,0.006,0.0211,0.32,0.0018,10.0,5.0
2024-07-23,강북구,1412,45912,26.0,25.1,27.2,6.5,0.007,0.0247,0.18,0.0019,10.0,5.0
2024-07-23,강서구,15542,185248,27.1,25.9,28.9,1.0,0.0098,0.0197,0.18,0.0024,10.0,5.0
2024-07-23,관악구,2369,152078,25.3,24.1,26.7,3.5,0.0088,0.0172,0.18,0.0025,14.0,5.0
2024-07-23,광진구,4951,60328,27.1,25.7,28.9,1.5,0.0078,0.0201,0.41,0.0017,13.0,6.0
2024-07-23,구로구,4660,129586,26.5,25.8,27.6,1.0,0.006,0.0387,0.14,0.0021,7.0,4.0
2024-07-23,금천구,2373,101805,26.8,25.8,28.5,3.5,0.0098,0.0118,0.19,0.0023,12.0,3.0
2024-07-23,노원구,6605,159486,27.0,25.5,28.4,2.0,0.0095,0.0191,0.2,0.0017,13.0,7.0
2024-07-23,도봉구,2381,90291,26.4,25.5,26.9,,0.0079,0.026,0.17,0.0018,7.0,4.0
2024-07-23,동대문구,3376,99221,27.0,26.0,28.1,3.5,0.0084,0.0178,0.2,0.0028,13.0,6.0
2024-07-23,동작구,2002,89563,27.3,25.3,29.0,2.5,0.0068,0.0168,0.17,0.0019,12.0,5.0
2024-07-23,마포구,4930,266803,26.4,25.5,28.0,2.5,0.0098,0.0193,0.18,0.0022,13.0,6.0
2024-07-23,서대문구,2083,91720,25.5,24.5,26.9,2.5,0.0079,0.0215,0.36,0.0024,11.0,4.0
2024-07-23,서초구,3491,147294,26.7,25.4,28.9,1.5,0.007,0.031,0.31,0.0018,9.0,3.0
2024-07-23,성동구,4262,124835,26.6,25.3,28.2,1.0,0.0111,0.0154,0.2,0.0024,11.0,6.0
2024-07-23,성북구,2194,47493,26.0,25.1,27.0,3.0,0.0077,0.0169,0.35,0.0023,12.0,6.0
2024-07-23,송파구,9832,200555,27.4,25.7,28.8,2.5,0.0087,0.0159,0.19,0.002,12.0,6.0
2024-07-23,양천구,6822,35555,26.6,25.8,28.2,1.5,0.0088,0.0175,0.17,0.0021,10.0,5.0
2024-07-23,영등포구,10002,327718,27.2,26.3,28.7,1.5,0.0098,0.0174,0.19,0.0023,13.0,7.0
2024-07-23,용산구,1828,0,27.1,26.2,28.3,1.5,0.0115,0.0164,0.2,0.0023,12.0,6.0
2024-07-23,은평구,2708,121612,26.1,24.8,27.0,1.5,0.008,0.0134,0.37,0.0021,12.0,8.0
2024-07-23,종로구,3896,236972,25.8,25.0,27.1,2.5,0.0093,0.0179,0.16,0.0026,11.0,6.0
2024-07-23,중구,2835,269428,24.5,23.8,26.2,3.5,0.0126,0.0118,0.22,0.0027,11.0,6.0
2024-07-23,중랑구,2887,88795,27.1,25.6,28.5,4.0,0.0104,0.0146,0.21,0.0021,12.0,6.0
2024-07-24,강남구,4022,418345,28.2,25.4,33.0,15.5,0.0186,0.0186,0.21,0.0035,16.0,8.0
2024-07-24,강동구,4978,96357,27.9,24.5,32.2,22.5,0.0062,0.0104,0.44,0.0022,12.0,6.0
2024-07-24,강북구,1632,47717,27.8,24.9,32.0,18.0,0.007,0.0167,0.18,0.0019,12.0,6.0
2024-07-24,강서구,16512,190067,28.6,25.8,32.8,7.5,0.0101,0.0158,0.18,0.0024,12.0,5.0
2024-07-24,관악구,2583,156968,27.0,24.8,30.8,7.5,0.009,0.0176,0.19,0.0026,18.0,7.0
2024-07-24,광진구,6295,61293,28.5,25.4,32.7,16.0,0.0108,0.0185,0.48,0.0017,16.0,7.0
2024-07-24,구로구,5166,132542,28.1,25.8,31.3,11.5,0.0064,0.0329,0.16,0.0022,10.0,5.0
2024-07-24,금천구,2345,102301,28.3,26.1,32.4,13.0,0.0103,0.0125,0.2,0.0024,17.0,4.0
2024-07-24,노원구,8335,164993,28.5,24.7,33.1,15.0,0.0103,0.0134,0.22,0.0018,16.0,7.0
2024-07-24,도봉구,2882,93259,27.4,25.5,30.3,17.0,0.0089,0.0174,0.18,0.0018,9.0,3.0
2024-07-24,동대문구,3909,102966,28.5,25.3,32.4,16.5,0.0111,0.0132,0.23,0.0029,16.0,7.0
2024-07-24,동작구,2082,90824,28.4,25.7,32.5,13.5,0.0086,0.0167,0.18,0.0021,14.0,7.0
2024-07-24,마포구,5737,274283,28.0,25.4,32.5,13.0,0.0103,0.0092,0.13,0.002,16.0,7.0
2024-07-24,서대문구,2281,94580,27.2,25.0,31.5,14.0,0.0084,0.0171,0.37,0.0021,12.0,3.0
2024-07-24,서초구,3522,151655,28.0,25.0,32.3,11.5,0.0092,0.0291,0.34,0.0019,13.0,6.0
2024-07-24,성동구,4692,129114,28.0,25.0,31.8,14.0,0.0135,0.0137,0.22,0.0025,15.0,8.0
2024-07-24,성북구,2600,49176,27.7,24.7,31.3,28.0,0.0073,0.014,0.36,0.0024,14.0,5.0
2024-07-24,송파구,10440,204096,28.7,25.6,32.9,17.5,0.0125,0.0146,0.23,0.0022,18.0,7.0
2024-07-24,양천구,7978,36308,28.0,25.6,32.5,13.0,0.009,0.0147,0.18,0.0022,11.0,5.0
2024-07-24,영등포구,10521,336879,28.9,26.0,33.2,20.0,0.01,0.015,0.19,0.0023,15.0,8.0
2024-07-24,용산구,2212,0,28.6,26.0,31.8,10.5,0.0139,0.0143,0.24,0.0024,15.0,8.0
2024-07-24,은평구,3135,126501,27.5,25.2,31.8,21.5,0.0077,0.0109,0.37,0.0021,13.0,9.0
2024-07-24,종로구,4501,248091,27.8,25.2,31.6,8.5,0.011,0.0141,0.17,0.0026,14.0,8.0
2024-07-24,중구,3265,276901,26.9,24.2,31.4,25.5,0.0121,0.0063,0.21,0.0025,12.0,6.0
2024-07-24,중랑구,3683,91359,28.6,25.3,32.6,22.0,0.0109,0.0136,0.23,0.0021,15.0,7.0
2024-07-25,강남구,4218,426470,29.1,25.0,34.7,6.0,0.018,0.0299,0.22,0.0037,19.0,10.0
2024-07-25,강동구,5355,97684,28.2,23.7,33.2,44.5,0.0104,0.0282,0.41,0.0021,15.0,9.0
2024-07-25,강북구,1714,47773,28.3,24.3,33.4,14.5,0.0083,0.0263,0.21,0.0022,20.0,10.0
2024-07-25,강서구,17480,189863,29.5,25.2,35.6,4.0,0.0117,0.025,0.23,0.0027,18.0,9.0
2024-07-25,관악구,2790,159629,27.5,24.1,32.6,17.5,0.0105,0.0257,0.21,0.0026,22.0,9.0
2024-07-25,광진구,6166,61747,29.0,24.8,34.5,13.5,0.0109,0.0288,0.45,0.0018,20.0,9.0
2024-07-25,구로구,5526,129822,28.7,26.1,32.5,7.5,0.0074,0.0312,0.18,0.0025,16.0,8.0
2024-07-25,금천구,2740,101175,29.3,25.5,34.7,17.0,0.0107,0.02,0.22,0.0024,19.0,7.0
2024-07-25,노원구,7511,164656,28.4,24.5,32.7,19.0,0.0111,0.0203,0.23,0.002,22.0,10.0
2024-07-25,도봉구,2813,93799,28.2,25.4,31.2,19.0,0.0088,0.0277,0.27,0.002,15.0,8.0
2024-07-25,동대문구,4006,103616,28.8,24.6,33.3,8.0,0.0115,0.0175,0.24,0.0029,24.0,11.0
2024-07-25,동작구,2251,91764,29.1,25.2,35.1,20.5,0.0105,0.0241,0.14,0.0022,21.0,10.0
2024-07-25,마포구,5887,276549,28.5,24.5,34.8,26.5,0.0129,0.0186,0.13,0.0023,22.0,10.0
2024-07-25,서대문구,2412,94481,27.2,23.9,33.8,19.5,0.0092,0.0281,0.37,0.0024,19.0,7.0
2024-07-25,서초구,3980,154742,28.4,24.6,34.1,21.5,0.0104,0.0264,0.33,0.0022,21.0,9.0
2024-07-25,성동구,4883,128282,28.6,24.6,34.0,9.0,0.0138,0.024,0.23,0.0027,20.0,9.0
2024-07-25,성북구,2428,49021,28.2,24.3,33.3,9.5,0.0102,0.0222,0.39,0.0024,20.0,9.0
2024-07-25,송파구,11117,213285,29.4,25.1,35.6,7.0,0.0134,0.0235,0.22,0.0024,23.0,8.0
2024-07-25,양천구,7840,36262,28.9,24.7,34.0,25.0,0.0112,0.0234,0.22,0.0024,17.0,9.0
2024-07-25,영등포구,11732,336832,30.0,25.0,34.7,38.5,0.0135,0.0238,0.23,0.0026,21.0,11.0
2024-07-25,용산구,2264,0,29.5,25.5,33.9,20.5,0.0147,0.0236,0.24,0.0025,21.0,11.0
2024-07-25,은평구,3315,127161,28.0,24.5,33.0,6.0,0.0089,0.0169,0.39,0.0021,20.0,12.0
2024-07-25,종로구,4692,251633,28.9,24.8,33.8,23.0,0.012,0.0234,0.18,0.0026,20.0,10.0
2024-07-25,중구,3365,278161,27.6,23.2,34.2,17.0,0.0146,0.0207,0.27,0.0028,19.0,11.0
2024-07-25,중랑구,3309,91069,28.9,23.9,33.5,19.0,0.0114,0.0201,0.21,0.0022,20.0,9.0
2024-07-26,강남구,3678,419923,28.6,24.7,34.9,14.0,0.0197,0.0214,0.22,0.0034,15.0,9.0
2024-07-26,강동구,4757,95573,28.0,24.3,33.7,18.0,0.0107,0.0205,0.37,0.0019,10.0,7.0
2024-07-26,강북구,1259,47184,27.4,23.9,33.0,21.5,0.0087,0.0214,0.21,0.002,17.0,8.0
2024-07-26,강서구,15703,187714,29.2,25.2,34.8,11.5,0.0128,0.0234,0.25,0.0024,13.0,8.0
2024-07-26,관악구,2723,161653,27.4,23.2,32.2,3.0,0.0115,0.0226,0.22,0.0024,18.0,9.0
2024-07-26,광진구,5338,63487,28.8,25.1,34.8,14.0,0.0101,0.0242,0.41,0.0016,15.0,7.0
2024-07-26,구로구,4939,128865,28.7,25.5,33.2,6.5,0.0081,0.0305,0.17,0.0022,11.0,6.0
2024-07-26,금천구,2529,98412,29.9,25.8,34.6,5.0,0.0114,0.0158,0.23,0.0024,18.0,7.0
2024-07-26,노원구,6900,163066,28.1,24.2,33.7,15.5,0.0111,0.0146,0.21,0.0018,17.0,8.0
2024-07-26,도봉구,2279,92461,27.3,24.9,31.9,29.5,0.0073,0.0208,0.32,0.0019,11.0,7.0
2024-07-26,동대문구,3539,103071,28.9,25.0,34.7,9.0,0.0119,0.0185,0.22,0.0028,17.0,9.0
2024-07-26,동작구,2085,93234,28.6,24.8,34.8,8.5,0.0127,0.0192,0.13,0.0021,16.0,9.0
2024-07-26,마포구,4998,279631,28.6,24.8,33.1,6.0,0.0123,0.0193,0.13,0.002,16.0,9.0
2024-07-26,서대문구,2104,94082,28.0,24.1,33.3,0.5,0.0079,0.0272,0.35,0.002,13.0,6.0
2024-07-26,서초구,3491,163743,28.1,24.5,33.5,10.0,0.0118,0.028,0.35,0.002,14.0,7.0
2024-07-26,성동구,4266,128600,28.6,24.9,34.1,7.5,0.0145,0.0155,0.21,0.0029,15.0,7.0
2024-07-26,성북구,2209,48483,27.9,24.2,32.8,20.5,0.0117,0.0172,0.38,0.0021,15.0,6.0
2024-07-26,송파구,10015,199561,29.2,25.1,34.6,12.0,0.0135,0.0176,0.22,0.003,18.0,7.0
2024-07-26,양천구,7353,36074,29.2,25.4,33.8,6.0,0.0126,0.0206,0.22,0.0021,11.0,8.0
2024-07-26,영등포구,10757,338020,30.0,25.9,34.8,5.5,0.0154,0.0201,0.24,0.0023,16.0,9.0
2024-07-26,용산구,2019,0,28.8,25.3,33.7,10.0,0.0186,0.018,0.25,0.0025,17.0,9.0
2024-07-26,은평구,2682,126120,28.2,24.1,33.4,7.0,0.0086,0.0157,0.38,0.0021,15.0,10.0
2024-07-26,종로구,4200,246371,28.6,24.7,33.1,5.0,0.0145,0.0193,0.18,0.0027,14.0,9.0
2024-07-26,중구,3107,272066,27.0,23.4,32.2,14.5,0.0183,0.0174,0.31,0.0026,13.0,9.0
2024-07-26,중랑구,3150,91446,29.0,25.2,34.5,15.5,0.0089,0.0196,0.12,0.002,15.0,7.0
2024-07-27,강남구,2368,225004,28.9,26.8,33.7,16.5,0.0157,0.0184,0.23,0.0033,16.0,8.0
2024-07-27,강동구,3792,61077,28.4,26.2,32.5,8.0,0.0083,0.0223,0.37,0.0018,13.0,8.0
2024-07-27,강북구,1102,36105,27.7,25.5,31.7,43.0,0.0083,0.0141,0.23,0.0021,18.0,7.0
2024-07-27,강서구,9845,122602,29.9,28.1,32.8,2.5,0.0105,0.0196,0.24,0.0023,13.0,8.0
2024-07-27,관악구,2075,120054,27.4,26.2,31.2,11.5,0.0083,0.0201,0.23,0.0024,18.0,8.0
2024-07-27,광진구,3880,51162,29.2,27.0,32.8,13.0,0.0091,0.0191,0.45,0.0016,17.0,8.0
2024-07-27,구로구,2982,81064,28.7,27.4,31.0,16.5,0.0062,0.0361,0.17,0.0022,11.0,8.0
2024-07-27,금천구,1154,36665,29.7,27.3,32.9,13.0,0.0078,0.0145,0.22,0.0021,14.0,6.0
2024-07-27,노원구,4789,118411,28.1,26.2,33.7,52.0,0.0106,0.0109,0.24,0.0018,17.0,8.0
2024-07-27,도봉구,1802,68198,27.6,26.4,30.1,51.0,0.0078,0.0153,0.36,0.0017,10.0,5.0
2024-07-27,동대문구,2261,71584,28.8,26.7,33.3,35.5,0.0098,0.0135,0.23,0.0026,18.0,9.0
2024-07-27,동작구,1487,67209,28.8,26.4,33.3,11.0,0.0083,0.0173,0.13,0.0019,17.0,8.0
2024-07-27,마포구,3193,210806,28.7,27.2,32.8,32.5,0.011,0.0149,0.15,0.0019,18.0,9.0
2024-07-27,서대문구,1469,71232,28.1,26.3,32.6,36.5,0.0076,0.0194,0.37,0.002,14.0,5.0
2024-07-27,서초구,2290,125411,28.3,25.9,33.1,12.0,0.008,0.0329,0.35,0.002,13.0,5.0
2024-07-27,성동구,2490,77923,28.7,26.7,33.0,11.0,0.0115,0.0145,0.22,0.0024,16.0,8.0
2024-07-27,성북구,1510,31557,27.8,25.8,31.2,,0.0093,0.0135,0.4,0.0021,15.0,7.0
2024-07-27,송파구,7439,127526,29.4,27.6,33.6,13.0,0.0111,0.0136,0.23,0.0026,18.0,7.0
2024-07-27,양천구,5004,23186,29.1,27.4,32.3,23.0,0.01,0.0168,0.22,0.002,13.0,8.0
2024-07-27,영등포구,5865,202253,29.8,28.0,33.7,29.5,0.0104,0.0185,0.23,0.0022,16.0,9.0
2024-07-27,용산구,1279,0,28.9,27.5,32.4,15.0,0.0146,0.0144,0.25,0.0025,17.0,9.0
2024-07-27,은평구,2057,90603,28.9,26.5,32.2,12.0,0.0074,0.0124,0.37,0.0021,14.0,10.0
2024-07-27,종로구,1965,171649,28.7,27.3,32.3,17.0,0.0122,0.015,0.17,0.0026,15.0,8.0
2024-07-27,중구,1290,152884,27.4,25.8,32.2,30.0,0.0159,0.0117,0.27,0.0024,15.0,8.0
2024-07-27,중랑구,2191,64741,29.1,26.8,32.8,14.5,0.0085,0.0148,0.13,0.002,16.0,7.0
2024-07-28,강남구,3021,137518,30.0,27.5,33.9,0.0,0.0103,0.018,0.2,0.0033,17.0,8.0
2024-07-28,강동구,4713,45748,29.7,27.0,33.5,0.0,0.0047,0.0192,0.33,0.0019,15.0,7.0
2024-07-28,강북구,1505,29731,28.3,25.4,32.1,0.0,0.0057,0.0129,0.2,0.0021,18.0,6.0
2024-07-28,강서구,10658,95778,30.1,28.2,33.6,0.0,0.0057,0.0174,0.18,0.0024,16.0,7.0
2024-07-28,관악구,2646,90151,27.9,25.7,31.3,0.0,0.0056,0.0169,0.19,0.0022,20.0,8.0
2024-07-28,광진구,5279,39594,30.1,27.6,33.9,0.0,0.0031,0.018,0.41,0.0018,20.0,8.0
2024-07-28,구로구,3769,60590,29.2,27.6,32.4,0.0,0.0038,0.0342,0.13,0.0022,13.0,4.0
2024-07-28,금천구,1285,27042,29.8,27.9,33.8,0.0,0.0056,0.0121,0.2,0.0021,16.0,5.0
2024-07-28,노원구,7088,90940,29.8,26.1,34.3,0.5,0.0061,0.0114,0.2,0.0018,19.0,8.0
2024-07-28,도봉구,2538,56124,28.6,26.5,31.4,0.0,0.0038,0.0151,0.29,0.0017,12.0,5.0
2024-07-28,동대문구,3090,55137,29.7,27.5,33.6,0.0,0.005,0.0136,0.19,0.0025,19.0,8.0
2024-07-28,동작구,2141,48367,29.7,26.4,34.4,0.0,0.0056,0.0147,0.12,0.002,18.0,7.0
2024-07-28,마포구,5157,169514,28.9,27.1,33.5,0.0,0.0065,0.0139,0.12,0.002,19.0,8.0
2024-07-28,서대문구,1982,53484,28.3,26.4,32.4,0.0,0.0044,0.018,0.31,0.0021,15.0,5.0
2024-07-28,서초구,2868,109885,29.2,26.5,33.7,0.0,0.004,0.0246,0.32,0.002,14.0,6.0
2024-07-28,성동구,3512,63475,29.2,27.3,32.5,0.0,0.0066,0.0138,0.19,0.0024,17.0,8.0
2024-07-28,성북구,2233,26079,28.6,26.4,31.8,0.0,0.0041,0.0136,0.33,0.0021,17.0,6.0
2024-07-28,송파구,9503,100453,30.2,28.0,34.6,0.0,0.0057,0.0131,0.19,0.0022,21.0,7.0
2024-07-28,양천구,6641,17219,29.4,27.6,33.0,0.0,0.0056,0.0139,0.17,0.0021,13.0,7.0
2024-07-28,영등포구,8593,157797,30.1,28.2,33.9,0.0,0.0057,0.0157,0.18,0.0022,17.0,8.0
2024-07-28,용산구,2256,0,29.9,27.5,33.5,0.0,0.009,0.0135,0.21,0.0026,17.0,7.0
2024-07-28,은평구,2722,68984,29.1,27.3,32.2,0.0,0.0044,0.01,0.33,0.0021,16.0,9.0
2024-07-28,종로구,2839,124367,29.2,27.1,32.4,0.0,0.0068,0.0137,0.14,0.0025,16.0,6.0
2024-07-28,중구,1853,124929,27.9,25.5,32.0,0.0,0.0086,0.012,0.21,0.0025,15.0,7.0
2024-07-28,중랑구,3066,48502,30.1,27.9,34.1,0.0,0.0055,0.0134,0.12,0.002,20.0,7.0
2024-07-29,강남구,4615,383982,28.2,27.4,29.3,0.0,0.0114,0.024,0.16,0.0031,19.0,8.0
2024-07-29,강동구,5791,89323,27.7,26.9,28.6,0.0,0.0081,0.0223,0.31,0.0019,18.0,9.0
2024-07-29,강북구,1600,44446,26.7,25.7,27.4,1.0,0.0067,0.021,0.17,0.002,21.0,9.0
2024-07-29,강서구,17719,175221,28.0,26.7,28.8,0.0,0.0075,0.0198,0.16,0.0023,20.0,9.0
2024-07-29,관악구,3058,144722,26.1,25.1,27.0,0.0,0.0075,0.0209,0.16,0.0024,23.0,8.0
2024-07-29,광진구,6620,57560,28.2,27.5,29.1,0.0,0.0061,0.0217,0.37,0.002,23.0,8.0
2024-07-29,구로구,5651,120957,27.5,26.8,28.2,0.0,0.0051,0.0259,0.14,0.0025,16.0,5.0
2024-07-29,금천구,2885,94984,27.6,26.8,28.6,0.0,0.009,0.0155,0.2,0.0021,20.0,6.0
2024-07-29,노원구,7849,151109,28.1,27.5,28.6,0.0,0.0085,0.0163,0.19,0.0018,24.0,10.0
2024-07-29,도봉구,2706,86367,27.5,26.8,28.3,1.0,0.0034,0.0233,0.25,0.0017,16.0,6.0
2024-07-29,동대문구,4247,94402,27.8,27.2,28.4,0.0,0.0068,0.0195,0.18,0.0026,26.0,10.0
2024-07-29,동작구,2422,84816,28.2,27.5,29.1,0.0,0.0062,0.0142,0.1,0.002,18.0,5.0
2024-07-29,마포구,6242,252640,27.2,26.4,27.9,0.0,0.0082,0.0191,0.11,0.0021,22.0,10.0
2024-07-29,서대문구,2522,84723,26.4,25.8,27.0,0.0,0.0069,0.0213,0.31,0.0023,20.0,5.0
2024-07-29,서초구,4171,145222,27.9,27.0,29.4,0.0,0.0065,0.0232,0.27,0.0022,19.0,7.0
2024-07-29,성동구,5167,116814,27.2,26.6,27.9,0.0,0.0099,0.0173,0.17,0.0025,21.0,9.0
2024-07-29,성북구,2810,44383,26.6,26.0,27.1,0.0,0.0054,0.0179,0.3,0.0023,20.0,8.0
2024-07-29,송파구,12021,180899,28.3,27.4,29.6,0.0,0.0077,0.017,0.16,0.0022,23.0,8.0
2024-07-29,양천구,8454,32947,27.5,26.7,28.3,0.0,0.0072,0.0147,0.16,0.002,17.0,8.0
2024-07-29,영등포구,12540,309755,28.0,27.1,28.6,0.0,0.0081,0.0206,0.18,0.0023,21.0,9.0
2024-07-29,용산구,2500,0,28.1,27.3,28.9,0.0,0.0102,0.0183,0.18,0.0023,22.0,9.0
2024-07-29,은평구,3246,116541,26.7,25.8,27.4,0.0,0.0072,0.0121,0.34,0.0021,22.0,12.0
2024-07-29,종로구,4929,229077,27.0,26.0,27.8,0.0,0.0093,0.0176,0.14,0.0025,22.0,8.0
2024-07-29,중구,3708,255475,25.5,24.8,26.2,0.0,0.0119,0.0164,0.19,0.0026,21.0,8.0
2024-07-29,중랑구,3787,84751,27.8,27.0,28.7,0.0,0.0086,0.0145,0.14,0.0021,22.0,8.0
2024-07-30,강남구,4844,397041,29.5,26.9,33.6,0.0,0.0117,0.0411,0.2,0.002,21.0,12.0
2024-07-30,강동구,6240,91629,28.9,26.5,33.3,0.0,0.0097,0.048,0.34,0.0019,25.0,14.0
2024-07-30,강북구,1950,45608,28.0,26.0,31.9,0.0,0.0068,0.0443,0.19,0.0018,23.0,13.0
2024-07-30,강서구,19198,179915,29.2,26.7,33.4,0.0,0.0085,0.0382,0.19,0.0015,27.0,14.0
2024-07-30,관악구,3309,151202,27.1,25.1,31.6,0.0,0.0086,0.0431,0.19,0.0023,27.0,12.0
2024-07-30,광진구,6746,59217,29.5,26.9,33.3,0.0,0.009,0.0483,0.43,0.0025,25.0,13.0
2024-07-30,구로구,6002,123167,28.4,26.4,31.2,0.0,0.0059,0.0316,0.18,0.0025,22.0,9.0
2024-07-30,금천구,3070,95881,28.7,26.3,32.7,0.0,0.0113,0.0302,0.19,0.0023,24.0,10.0
2024-07-30,노원구,9144,156802,29.5,26.9,34.0,0.0,0.009,0.0422,0.21,0.0018,27.0,14.0
2024-07-30,도봉구,3150,89979,28.4,26.8,31.3,0.0,0.0038,0.049,0.27,0.0017,18.0,11.0
2024-07-30,동대문구,4663,97478,29.1,26.7,32.7,0.0,0.0094,0.0406,0.22,0.0024,29.0,15.0
2024-07-30,동작구,2691,87183,29.1,27.0,33.4,0.0,,,,,,
2024-07-30,마포구,6758,265348,28.7,26.1,33.2,0.0,0.0114,0.041,0.13,0.002,26.0,13.0
2024-07-30,서대문구,2767,90132,27.8,25.3,32.7,,0.01,0.0459,0.31,0.0023,23.0,10.0
2024-07-30,서초구,4605,148909,28.9,26.5,33.2,0.0,0.0109,0.0282,0.29,0.0022,25.0,12.0
2024-07-30,성동구,5819,121581,28.6,26.1,32.6,0.0,0.0129,0.0389,0.21,0.0024,24.0,13.0
2024-07-30,성북구,3190,45954,27.9,25.6,31.5,0.0,0.0079,0.0382,0.34,0.0023,27.0,12.0
2024-07-30,송파구,13091,201008,29.5,27.1,33.2,0.0,0.0108,0.0358,0.2,0.0023,27.0,15.0
2024-07-30,양천구,8908,34106,28.6,26.4,32.1,0.0,0.0081,0.0307,0.18,0.0018,14.0,11.0
2024-07-30,영등포구,13103,320713,29.2,26.7,33.6,0.0,0.0097,0.0446,0.19,0.0023,23.0,13.0
2024-07-30,용산구,2643,0,29.3,26.9,32.9,0.0,0.0127,0.0381,0.23,0.0023,27.0,14.0
2024-07-30,은평구,3423,120781,27.9,25.7,31.5,0.0,0.0088,0.0301,0.34,0.0022,25.0,15.0
2024-07-30,종로구,5391,244236,28.2,25.6,32.3,0.0,0.0117,0.0397,0.15,0.0026,24.0,13.0
2024-07-30,중구,3944,267457,27.6,24.3,33.1,0.0,0.0146,0.0366,0.23,0.0026,22.0,13.0
2024-07-30,중랑구,4124,87396,29.1,26.6,33.5,0.0,0.0115,0.035,0.23,0.002,25.0,14.0
2024-07-31,강남구,5072,398955,30.1,27.0,34.9,0.0,0.0089,0.0222,0.2,0.0011,17.0,10.0
2024-07-31,강동구,6340,92341,29.7,26.8,33.7,0.0,0.0084,0.0332,0.32,0.0021,16.0,9.0
2024-07-31,강북구,1929,46134,28.5,25.4,33.3,0.0,0.008,0.0258,0.19,0.0018,17.0,10.0
2024-07-31,강서구,18797,181910,29.7,27.4,34.1,0.0,0.0075,0.0239,0.17,0.0024,18.0,7.0
2024-07-31,관악구,3320,154295,27.6,25.1,32.9,0.0,0.0078,0.0298,0.18,0.0023,19.0,8.0
2024-07-31,광진구,6835,61325,30.0,27.1,33.9,0.0,0.0084,0.0332,0.4,0.0025,17.0,9.0
2024-07-31,구로구,6076,123433,29.0,26.4,33.2,0.0,0.0053,0.0231,0.17,0.0026,12.0,6.0
2024-07-31,금천구,2971,93381,29.7,27.1,34.2,0.0,0.0094,0.0212,0.21,0.0022,15.0,5.0
2024-07-31,노원구,9183,158636,30.1,26.1,34.9,0.0,0.0098,0.0264,0.2,0.0018,19.0,9.0
2024-07-31,도봉구,3231,89605,28.8,26.2,32.0,0.0,0.005,0.0303,0.24,0.0019,11.0,6.0
2024-07-31,동대문구,4464,97590,29.9,27.1,34.4,0.0,0.0077,0.0288,0.19,0.0025,20.0,9.0
2024-07-31,동작구,2599,87633,29.8,26.6,34.8,0.0,0.0076,0.0258,0.18,0.0029,16.0,7.0
2024-07-31,마포구,7428,280506,29.0,26.4,34.1,0.0,0.0102,0.0271,0.12,0.0022,18.0,8.0
2024-07-31,서대문구,2651,89904,28.5,25.4,33.5,0.0,0.0079,0.0299,0.25,0.0023,15.0,5.0
2024-07-31,서초구,4393,151996,29.7,26.1,34.2,0.0,0.0086,0.0205,0.28,0.0023,15.0,6.0
2024-07-31,성동구,5505,120449,29.1,26.6,33.7,0.0,0.0117,0.0264,0.2,0.0025,16.0,8.0
2024-07-31,성북구,2994,46541,28.7,26.1,33.0,0.0,0.008,0.0242,0.32,0.0023,16.0,7.0
2024-07-31,송파구,13272,201788,30.5,27.5,35.3,0.0,0.0095,0.0259,0.19,0.0023,19.0,9.0
2024-07-31,양천구,8950,33887,29.4,26.9,33.9,0.0,0.0075,0.0218,0.17,0.0019,12.0,7.0
2024-07-31,영등포구,12817,324990,30.1,27.6,34.6,0.0,0.009,0.0291,0.18,0.0022,16.0,9.0
2024-07-31,용산구,2670,0,30.0,27.5,34.1,0.0,0.0122,0.0247,0.2,0.0024,18.0,10.0
2024-07-31,은평구,3381,121228,28.7,25.3,33.4,0.0,0.0081,0.0185,0.3,0.0022,16.0,9.0
2024-07-31,종로구,5263,237711,29.3,26.3,33.6,0.0,0.0097,0.0252,0.16,0.0025,16.0,8.0
2024-07-31,중구,3869,265366,28.1,24.9,33.8,0.0,0.0133,0.0244,0.24,0.0027,15.0,8.0
2024-07-31,중랑구,4087,87635,30.0,27.4,35.4,0.0,0.0094,0.0246,0.2,0.0022,18.0,8.0
2024-08-01,강남구,4726,393672,30.9,27.8,35.1,0.0,0.0085,0.0269,0.23,0.0012,20.0,12.0
2024-08-01,강동구,6152,89024,30.3,27.2,34.1,0.0,0.0083,0.0371,0.34,0.002,16.0,9.0
2024-08-01,강북구,1954,44423,28.7,26.6,33.1,0.0,0.0064,0.0153,0.17,0.0016,14.0,6.0
2024-08-01,강서구,18321,178371,30.0,26.8,34.6,1.5,0.0085,0.0273,0.18,0.0022,18.0,9.0
2024-08-01,관악구,3174,151347,28.2,25.8,32.4,0.0,0.0078,0.0291,0.2,0.0023,23.0,10.0
2024-08-01,광진구,6677,59006,30.6,27.8,33.7,0.0,0.0083,0.036,0.43,0.0026,20.0,10.0
2024-08-01,구로구,5618,118428,29.6,26.9,32.8,0.0,0.0057,0.0263,0.17,0.0026,14.0,7.0
2024-08-01,금천구,2871,90665,30.3,27.6,34.3,0.0,0.0092,0.0232,0.22,0.0022,19.0,7.0
2024-08-01,노원구,8678,152287,30.4,27.6,34.3,0.0,0.0098,0.0252,0.21,0.0019,20.0,10.0
2024-08-01,도봉구,3205,86550,29.4,27.3,32.2,0.0,0.0045,0.0331,0.25,0.0019,13.0,6.0
2024-08-01,동대문구,4523,94580,30.2,27.7,34.4,0.0,0.008,0.0313,0.21,0.0025,23.0,11.0
2024-08-01,동작구,2587,85464,30.3,27.7,34.7,0.0,0.0062,0.0237,0.21,0.0024,20.0,10.0
2024-08-01,마포구,6392,262583,29.5,26.5,34.0,0.0,0.0105,0.0258,0.17,0.0021,20.0,9.0
2024-08-01,서대문구,2640,88704,28.7,26.0,33.6,0.0,0.0083,0.0321,0.28,0.0023,18.0,6.0
2024-08-01,서초구,4379,147563,30.0,27.1,33.7,0.0,0.0089,0.0232,0.33,0.0023,19.0,7.0
2024-08-01,성동구,5531,118870,29.6,27.2,33.3,0.0,0.012,0.0288,0.23,0.0024,19.0,12.0
2024-08-01,성북구,2944,45331,29.3,26.6,32.9,0.0,0.0079,0.0263,0.36,0.0023,18.0,7.0
2024-08-01,송파구,13148,197750,30.9,28.0,35.0,0.0,0.0091,0.0291,0.21,0.0022,22.0,11.0
2024-08-01,양천구,8582,33088,29.7,27.0,33.0,0.0,0.0076,0.0233,0.17,0.0018,12.0,8.0
2024-08-01,영등포구,12753,318175,30.6,27.6,35.1,0.5,0.0091,0.0304,0.19,0.0022,18.0,9.0
2024-08-01,용산구,2488,0,30.5,28.2,34.0,0.0,0.0118,0.0259,0.23,0.0023,22.0,13.0
2024-08-01,은평구,3523,117195,28.9,25.9,32.8,0.0,0.0086,0.0205,0.32,0.0023,18.0,10.0
2024-08-01,종로구,4955,226420,29.7,26.9,33.5,0.0,0.0098,0.0305,0.24,0.0025,18.0,10.0
2024-08-01,중구,3848,258023,28.5,25.4,33.4,0.0,0.0131,0.0233,0.23,0.0026,17.0,9.0
2024-08-01,중랑구,4076,84720,30.6,27.9,35.0,0.0,0.0103,0.0271,0.22,0.0023,20.0,10.0
2024-08-02,강남구,4484,390633,30.5,28.7,34.5,0.0,0.0088,0.0379,0.28,0.0026,30.0,18.0
2024-08-02,강동구,6087,88593,30.1,28.4,33.7,0.0,0.0084,0.0479,0.43,0.0022,24.0,17.0
2024-08-02,강북구,1813,44183,28.8,26.5,32.0,1.5,0.0072,0.0344,0.28,0.0023,33.0,25.0
2024-08-02,강서구,17798,176077,29.9,28.2,34.2,0.5,0.0101,0.0418,0.24,0.0024,25.0,17.0
2024-08-02,관악구,3177,152162,28.1,26.6,31.2,0.0,0.0091,0.0425,0.26,0.0024,33.0,17.0
2024-08-02,광진구,6737,60997,30.3,28.5,33.9,0.0,0.008,0.0471,0.51,0.0029,29.0,17.0
2024-08-02,구로구,5598,116867,29.6,27.9,32.4,0.0,0.0053,0.0366,0.2,0.0027,20.0,11.0
2024-08-02,금천구,2734,87238,29.8,28.1,33.7,0.0,0.0088,0.0338,0.27,0.0021,28.0,13.0
2024-08-02,노원구,8643,151669,29.9,27.9,33.4,3.5,0.0095,0.0338,0.24,0.0019,27.0,16.0
2024-08-02,도봉구,3022,86844,29.0,27.6,31.7,2.5,0.0044,0.0416,0.27,0.0018,19.0,12.0
2024-08-02,동대문구,4190,95177,29.8,28.6,33.5,1.0,0.0082,0.0418,0.26,0.0024,32.0,18.0
2024-08-02,동작구,2345,87193,30.3,28.4,34.5,0.0,0.0066,0.0367,0.25,0.0021,28.0,15.0
2024-08-02,마포구,6316,268652,29.4,27.6,33.4,0.0,0.0114,0.0329,0.25,0.0021,29.0,16.0
2024-08-02,서대문구,2522,89188,28.6,27.2,32.5,0.0,0.0091,0.0432,0.34,0.0024,23.0,12.0
2024-08-02,서초구,4195,154885,30.0,27.8,33.5,0.0,0.0088,0.0323,0.37,0.0024,25.0,12.0
2024-08-02,성동구,5099,118673,29.5,27.9,33.2,0.0,0.0129,0.0386,0.27,0.0025,27.0,16.0
2024-08-02,성북구,2708,44296,28.8,27.2,32.4,0.0,0.0081,0.0357,0.39,0.0024,26.0,15.0
2024-08-02,송파구,12772,190394,30.8,28.7,34.7,0.0,0.0095,0.0383,0.28,0.0023,30.0,17.0
2024-08-02,양천구,8278,32769,29.6,27.9,33.2,0.0,0.0082,0.0326,0.22,0.0018,22.0,14.0
2024-08-02,영등포구,12411,316291,30.4,28.5,34.8,0.0,0.0094,0.04,0.25,0.0023,26.0,15.0
2024-08-02,용산구,2392,0,30.3,28.8,33.9,0.0,0.0128,0.0331,0.29,0.0021,27.0,21.0
2024-08-02,은평구,3214,116556,28.7,26.0,31.9,0.0,0.0087,0.0271,0.38,0.0023,25.0,17.0
2024-08-02,종로구,4654,224184,29.3,27.4,32.9,0.0,0.0105,0.042,0.28,0.0025,26.0,16.0
2024-08-02,중구,3514,255369,28.3,26.1,33.0,0.0,0.0129,0.034,0.27,0.0025,25.0,16.0
2024-08-02,중랑구,3755,85515,30.0,28.7,33.7,0.5,0.0111,0.0348,0.19,0.0022,26.0,16.0
2024-08-03,강남구,3043,214840,31.4,27.8,36.4,0.0,0.009,0.0598,0.37,0.0028,35.0,27.0
2024-08-03,강동구,4936,56894,30.3,27.5,34.8,0.0,0.0081,0.0721,0.5,0.0019,33.0,23.0
2024-08-03,강북구,1602,34504,29.4,25.9,33.9,0.0,0.0039,0.0426,0.3,0.002,32.0,27.0
2024-08-03,강서구,11787,117307,30.3,27.1,35.3,0.0,0.011,0.0567,0.31,0.0028,28.0,23.0
2024-08-03,관악구,2794,113629,28.0,24.6,33.3,0.0,0.0096,0.0593,0.32,0.0024,32.0,22.0
2024-08-03,광진구,5170,48782,31.3,28.1,35.8,0.0,0.0071,0.0688,0.57,0.0026,34.0,26.0
2024-08-03,구로구,4087,76407,30.4,26.9,34.7,0.0,0.0058,0.042,0.26,0.0027,26.0,18.0
2024-08-03,금천구,1416,33600,31.0,27.1,35.6,0.0,0.0107,0.0512,0.32,0.0022,27.0,18.0
2024-08-03,노원구,7143,111946,30.7,26.7,36.2,0.0,0.0058,0.0513,0.31,0.0018,33.0,26.0
2024-08-03,도봉구,2591,65859,30.0,27.3,33.4,0.0,0.0016,0.0646,0.32,0.0018,24.0,19.0
2024-08-03,동대문구,3165,67539,31.0,27.6,35.4,0.0,0.0061,0.06,0.32,0.0022,39.0,29.0
2024-08-03,동작구,2126,63324,30.8,27.1,35.4,0.0,0.0082,0.0576,0.31,0.0021,30.0,22.0
2024-08-03,마포구,5478,225990,30.2,26.6,34.9,0.0,0.0116,0.0496,0.31,0.0021,33.0,25.0
2024-08-03,서대문구,2015,68344,28.7,25.9,34.2,0.0,0.007,0.0622,0.37,0.0021,31.0,19.0
2024-08-03,서초구,2947,123817,30.3,26.5,34.9,0.0,0.0089,0.044,0.43,0.0023,29.0,19.0
2024-08-03,성동구,3314,74819,30.3,27.0,34.7,0.0,0.0119,0.0564,0.34,0.0025,33.0,26.0
2024-08-03,성북구,2269,29614,29.4,26.3,34.0,0.0,0.0048,0.0528,0.45,0.0021,31.0,23.0
2024-08-03,송파구,9788,133804,31.1,28.1,35.4,0.0,0.0109,0.056,0.34,0.0021,35.0,25.0
2024-08-03,양천구,6794,21131,30.2,27.2,34.6,0.0,0.0085,0.0504,0.28,0.002,24.0,22.0
2024-08-03,영등포구,8789,194680,31.0,27.8,35.2,0.0,0.011,0.0527,0.34,0.0024,29.0,25.0
2024-08-03,용산구,2078,0,31.2,28.0,36.1,0.0,0.0138,0.0467,0.42,0.002,36.0,32.0
2024-08-03,은평구,2905,86632,28.7,24.9,34.0,0.0,0.0062,0.0401,0.44,0.0022,32.0,22.0
2024-08-03,종로구,2732,158329,30.4,26.7,34.8,0.0,0.0069,0.0619,0.33,0.0023,34.0,26.0
2024-08-03,중구,1863,147278,28.9,25.5,34.6,0.0,0.0079,0.0534,0.31,0.0024,30.0,27.0
2024-08-03,중랑구,3207,62299,31.0,27.7,35.8,0.0,0.0075,0.0543,0.19,0.0021,38.0,27.0
2024-08-04,강남구,2562,131123,32.5,26.7,38.0,0.0,0.0111,0.0578,0.39,0.0028,33.0,27.0
2024-08-04,강동구,4209,42353,31.0,26.0,35.4,0.0,0.0088,0.0641,0.52,0.0019,26.0,22.0
2024-08-04,강북구,1360,27745,30.0,25.3,35.8,0.0,0.0057,0.0499,0.34,0.002,32.0,26.0
2024-08-04,강서구,9830,90152,31.2,26.0,37.0,0.0,0.0131,0.0541,0.37,0.003,24.0,20.0
2024-08-04,관악구,2476,83563,28.8,24.0,35.0,0.0,0.0121,0.0571,0.38,0.0027,31.0,22.0
2024-08-04,광진구,4718,37305,31.9,27.4,36.5,0.0,0.0073,0.0683,0.6,0.0026,35.0,27.0
2024-08-04,구로구,3453,55949,31.2,26.9,35.9,0.0,0.0076,0.0408,0.3,0.003,24.0,17.0
2024-08-04,금천구,1265,24123,31.9,27.5,36.5,0.0,0.0119,0.045,0.42,0.0023,28.0,20.0
2024-08-04,노원구,6289,84341,30.7,25.3,36.1,0.0,0.0079,0.052,0.32,0.0019,32.0,25.0
2024-08-04,도봉구,2237,51973,30.1,26.6,34.0,0.0,0.0034,0.0631,0.36,0.0018,24.0,18.0
2024-08-04,동대문구,2629,51236,31.7,27.6,36.6,3.0,0.008,0.0615,0.37,0.0023,36.0,26.0
2024-08-04,동작구,1723,45425,31.0,25.9,37.4,0.0,0.0114,0.053,0.38,0.0023,29.0,21.0
2024-08-04,마포구,4215,157138,31.1,27.0,35.8,0.0,0.012,0.0563,0.36,0.0022,29.0,21.0
2024-08-04,서대문구,1746,50683,30.0,25.5,35.8,0.0,0.008,0.063,0.4,0.0023,28.0,17.0
2024-08-04,서초구,2609,107689,30.9,25.6,36.1,0.0,0.0097,0.0433,0.48,0.0024,24.0,16.0
2024-08-04,성동구,2791,55275,31.3,26.8,35.7,0.0,0.0123,0.0575,0.38,0.0027,31.0,26.0
2024-08-04,성북구,1914,24103,,,,0.0,0.0065,0.0544,0.49,0.0023,29.0,20.0
2024-08-04,송파구,7997,99600,32.4,27.4,38.1,0.0,0.0127,0.0524,0.38,0.0023,33.0,25.0
2024-08-04,양천구,6025,15171,31.5,26.9,36.3,0.0,0.0101,0.0541,0.32,0.0021,22.0,19.0
2024-08-04,영등포구,7764,144928,32.2,28.1,36.4,0.0,0.0121,0.0592,0.38,0.0025,26.0,22.0
2024-08-04,용산구,1775,0,32.2,27.7,36.2,0.0,0.0208,0.0455,0.48,0.0024,33.0,28.0
2024-08-04,은평구,2384,65064,29.2,24.1,35.4,0.0,0.0066,0.0412,0.45,0.0023,26.0,21.0
2024-08-04,종로구,2364,111318,31.9,27.5,36.6,0.0,0.0082,0.0624,0.38,0.0025,29.0,24.0
2024-08-04,중구,1525,112728,30.6,26.6,36.1,0.0,0.0115,0.0544,0.37,0.0027,27.0,24.0
2024-08-04,중랑구,2785,45743,31.6,27.5,36.9,1.0,0.0081,0.0494,0.19,0.0021,34.0,26.0
2024-08-05,강남구,3756,378007,29.7,25.7,34.7,19.0,0.016,0.0442,0.35,0.0028,31.0,25.0
2024-08-05,강동구,5022,88300,29.4,24.6,34.4,19.0,0.011,0.0567,0.47,0.002,22.0,19.0
2024-08-05,강북구,1266,42314,27.9,24.8,32.8,40.0,0.0077,0.0428,0.33,0.0021,29.0,25.0
2024-08-05,강서구,17423,173856,31.1,26.1,36.6,8.5,0.0138,0.0498,0.34,0.003,29.0,24.0
2024-08-05,관악구,2665,141690,28.8,25.5,33.2,0.5,0.014,0.0477,0.36,0.0027,35.0,25.0
2024-08-05,광진구,5314,55954,30.1,25.3,34.3,13.5,0.011,0.0545,0.54,0.0026,28.0,22.0
2024-08-05,구로구,5331,116800,31.0,28.1,35.3,0.5,0.0086,0.0366,0.28,0.0031,27.0,20.0
2024-08-05,금천구,2829,93506,31.4,28.1,36.5,0.0,0.0122,0.0346,0.39,0.0022,35.0,28.0
2024-08-05,노원구,6673,147933,29.4,24.4,34.6,20.5,0.0105,0.0495,0.2,0.0019,28.0,22.0
2024-08-05,도봉구,2457,83032,28.4,26.1,32.1,24.5,0.0053,0.0515,0.35,0.0017,20.0,18.0
2024-08-05,동대문구,3221,91817,28.8,25.2,34.0,32.0,0.0122,0.0476,0.34,0.0022,31.0,23.0
2024-08-05,동작구,2042,82699,29.4,26.1,34.5,17.0,0.0134,0.0434,0.36,0.0023,32.0,23.0
2024-08-05,마포구,5628,243663,30.2,26.0,35.4,0.5,0.0138,0.0518,0.35,0.0023,32.0,24.0
2024-08-05,서대문구,2175,84548,28.9,24.8,34.1,0.5,0.0094,0.0573,0.37,0.0024,25.0,17.0
2024-08-05,서초구,3569,141928,29.6,25.5,34.2,31.5,0.0154,0.0356,0.49,0.0022,29.0,20.0
2024-08-05,성동구,4236,111495,29.4,25.2,33.8,39.5,0.015,0.045,0.33,0.0027,27.0,22.0
2024-08-05,성북구,2096,42411,28.9,25.1,33.9,20.0,0.0107,0.0439,0.49,0.0023,25.0,16.0
2024-08-05,송파구,10771,178259,30.7,25.9,35.1,9.0,0.0142,0.0428,0.34,0.0023,31.0,23.0
2024-08-05,양천구,8354,32649,30.6,27.1,36.0,0.0,0.0121,0.0464,0.31,0.0021,27.0,23.0
2024-08-05,영등포구,11974,298498,31.4,28.0,35.8,0.0,0.0158,0.0502,0.37,0.0026,31.0,27.0
2024-08-05,용산구,1973,0,30.6,27.2,34.4,10.5,0.0229,0.0384,0.41,0.0023,31.0,28.0
2024-08-05,은평구,3074,114132,28.9,25.0,34.4,18.0,0.0088,0.0372,0.44,0.0023,27.0,20.0
2024-08-05,종로구,3959,204987,30.8,27.1,34.8,19.0,0.0128,0.0526,0.37,0.0024,28.0,23.0
2024-08-05,중구,2907,247140,28.5,24.0,32.6,6.5,0.0169,0.0447,0.39,0.0026,27.0,24.0
2024-08-05,중랑구,3009,82235,28.9,25.5,34.4,11.0,0.0111,0.0412,0.19,0.002,27.0,21.0
2024-08-06,강남구,3995,393639,28.5,24.1,34.6,7.0,0.0158,0.0406,0.28,0.0029,17.0,11.0
2024-08-06,강동구,5196,90331,27.8,23.7,33.4,11.5,0.0122,0.0541,0.43,0.0019,16.0,9.0
2024-08-06,강북구,1743,44282,27.6,23.9,33.3,0.5,0.0096,0.0368,0.29,0.0022,17.0,10.0
2024-08-06,강서구,19026,178376,30.1,26.5,35.1,0.0,0.016,0.0404,0.29,0.0026,14.0,9.0
2024-08-06,관악구,2907,146602,26.7,23.2,33.2,2.5,0.015,0.0398,0.31,0.0026,19.0,10.0
2024-08-06,광진구,5852,57970,28.9,24.6,34.0,3.5,0.0132,0.0523,0.48,0.0024,18.0,10.0
2024-08-06,구로구,5740,120895,29.5,26.7,32.8,0.5,0.0099,0.0336,0.24,0.0027,13.0,8.0
2024-08-06,금천구,2847,95681,29.5,26.4,34.2,6.0,0.019,0.0255,0.33,0.004,25.0,13.0
2024-08-06,노원구,8417,152246,27.8,24.0,34.1,0.0,0.012,0.047,0.26,0.002,18.0,12.0
2024-08-06,도봉구,3029,86196,27.9,24.9,31.5,0.5,0.0075,0.0464,0.3,0.0017,10.0,8.0
2024-08-06,동대문구,4000,93848,28.7,24.9,33.8,2.0,0.012,0.0449,0.3,0.0022,18.0,10.0
2024-08-06,동작구,2372,85380,28.6,24.9,35.0,1.5,0.0148,0.0379,0.29,0.0023,17.0,10.0
2024-08-06,마포구,6027,251502,28.8,25.4,34.1,0.0,0.0154,0.0422,0.3,0.0022,18.0,10.0
2024-08-06,서대문구,2367,88061,28.0,24.4,33.0,0.0,0.0115,0.0453,0.31,0.0021,16.0,8.0
2024-08-06,서초구,4019,143689,28.0,24.3,33.7,8.5,0.0153,0.0293,0.37,0.0022,15.0,7.0
2024-08-06,성동구,4615,116316,28.6,25.1,33.2,0.5,0.0163,0.043,0.29,0.0026,16.0,11.0
2024-08-06,성북구,2646,44290,28.2,24.3,33.3,0.5,0.0109,0.0415,0.4,0.0021,16.0,9.0
2024-08-06,송파구,10914,195363,28.9,24.6,34.4,5.5,0.0159,0.0343,0.29,0.0022,19.0,10.0
2024-08-06,양천구,8721,33541,29.7,26.4,33.6,1.5,0.0143,0.0363,0.27,0.0021,13.0,9.0
2024-08-06,영등포구,12685,313789,30.2,26.9,34.8,0.5,0.0168,0.0406,0.3,0.0024,16.0,11.0
2024-08-06,용산구,2470,0,29.6,26.0,34.0,0.5,0.0241,0.0325,0.35,0.0023,17.0,11.0
2024-08-06,은평구,3286,117485,28.1,24.3,33.0,0.0,0.0112,0.0281,0.37,0.0023,16.0,10.0
2024-08-06,종로구,4791,216541,29.2,25.6,34.0,0.0,0.0132,0.0446,0.3,0.0026,14.0,10.0
2024-08-06,중구,3447,256419,27.4,23.7,33.0,0.0,0.0174,0.0385,0.34,0.0027,12.0,9.0
2024-08-06,중랑구,3829,84570,28.8,25.3,34.2,0.5,0.0104,0.0429,0.16,0.0024,15.0,9.0
2024-08-07,강남구,4282,393929,29.7,25.2,34.4,4.0,0.0139,0.0318,0.24,0.0026,25.0,17.0
2024-08-07,강동구,6054,91367,29.3,26.0,33.8,0.0,0.014,0.0375,0.43,0.0021,19.0,13.0
2024-08-07,강북구,1788,44124,28.1,24.8,33.0,1.5,0.0053,0.028,0.22,0.002,17.0,10.0
2024-08-07,강서구,18816,179641,29.6,26.1,34.8,4.0,0.0099,0.0313,0.23,0.0018,17.0,11.0
2024-08-07,관악구,3255,149136,27.2,23.5,33.4,2.5,0.0135,0.0361,0.25,0.0029,20.0,11.0
2024-08-07,광진구,6451,58852,30.0,25.3,34.6,2.5,0.014,0.0368,0.5,0.0026,23.0,14.0
2024-08-07,구로구,5749,122268,29.6,27.3,33.6,0.0,0.0084,0.0419,0.21,0.0026,15.0,10.0
2024-08-07,금천구,2928,96023,30.3,25.6,35.1,10.0,0.0149,0.0227,0.25,0.0031,19.0,11.0
2024-08-07,노원구,8475,155535,29.1,25.4,34.9,1.5,0.0098,0.0308,0.21,0.002,20.0,13.0
2024-08-07,도봉구,2990,87209,28.4,25.6,32.1,3.5,0.0038,0.0352,0.25,0.0018,11.0,7.0
2024-08-07,동대문구,4320,95898,29.9,26.8,34.2,1.5,0.0106,0.0318,0.27,0.0022,22.0,13.0
2024-08-07,동작구,2541,86403,29.0,24.3,34.5,26.0,0.0152,0.0306,0.28,0.0026,20.0,12.0
2024-08-07,마포구,6089,253916,29.5,26.1,34.5,1.0,0.0134,0.0315,0.24,0.0024,19.0,11.0
2024-08-07,서대문구,2340,88844,27.8,25.2,32.7,4.0,0.0094,0.0338,0.25,0.0022,16.0,7.0
2024-08-07,서초구,4234,145097,28.9,24.1,33.7,13.0,0.014,0.0322,0.26,0.0024,16.0,8.0
2024-08-07,성동구,5004,118275,29.2,24.5,33.8,2.5,0.0171,0.032,0.28,0.0028,20.0,13.0
2024-08-07,성북구,2816,44764,28.8,25.7,33.4,1.5,0.0079,0.0265,0.35,0.0022,15.0,8.0
2024-08-07,송파구,12318,197020,29.9,25.9,33.8,3.0,0.0183,0.0261,0.31,0.0023,26.0,14.0
2024-08-07,양천구,8675,33835,29.8,26.6,34.6,6.0,0.0102,0.0268,0.21,0.0021,12.0,9.0
2024-08-07,영등포구,12379,318081,30.4,26.7,34.5,5.5,0.0143,0.0345,0.26,0.0025,18.0,13.0
2024-08-07,용산구,2567,0,29.9,25.5,34.6,12.5,0.0221,0.0256,0.33,0.0024,21.0,14.0
2024-08-07,은평구,3375,117860,27.6,24.1,33.0,8.5,0.0076,0.0218,0.3,0.0023,15.0,10.0
2024-08-07,종로구,4691,221299,29.6,25.9,34.3,17.5,0.0119,0.0338,0.27,0.0026,17.0,12.0
2024-08-07,중구,3378,260241,27.9,24.3,32.9,1.5,0.0131,0.0298,0.26,0.0026,15.0,11.0
2024-08-07,중랑구,3861,85787,29.9,27.3,34.6,1.5,0.0101,0.0313,0.21,0.0021,20.0,14.0
2024-08-08,강남구,3604,403851,28.1,24.1,31.9,80.5,0.0144,0.0341,0.28,0.002,22.0,16.0
2024-08-08,강동구,5188,91768,27.8,25.2,30.8,7.0,0.0151,0.0363,0.43,0.0021,19.0,13.0
2024-08-08,강북구,1797,44731,26.9,24.6,31.1,0.5,0.0087,0.0279,0.24,0.0021,21.0,15.0
2024-08-08,강서구,19065,180551,29.0,26.3,32.6,0.0,0.013,0.0264,0.24,0.002,21.0,14.0
2024-08-08,관악구,3081,151613,26.2,23.4,30.6,0.5,0.0142,0.0338,0.26,0.0026,22.0,14.0
2024-08-08,광진구,6164,59295,28.4,24.8,32.1,15.0,0.0172,0.0334,0.53,0.0025,23.0,15.0
2024-08-08,구로구,5722,123382,28.5,26.8,31.4,0.5,0.0103,0.0401,0.22,0.0023,16.0,12.0
2024-08-08,금천구,2938,96215,28.7,26.5,32.2,0.5,0.013,0.0232,0.21,0.0024,19.0,11.0
2024-08-08,노원구,8470,155601,27.7,24.8,32.5,0.0,0.012,0.0285,0.21,0.002,22.0,16.0
2024-08-08,도봉구,3021,88188,27.6,26.0,30.0,1.5,0.0063,0.0302,0.32,0.0018,16.0,11.0
2024-08-08,동대문구,4352,97661,28.7,26.6,31.6,0.5,0.0124,0.031,0.27,0.0023,23.0,16.0
2024-08-08,동작구,2450,86981,28.1,25.5,32.9,0.0,0.0132,0.0311,0.24,0.0022,20.0,13.0
2024-08-08,마포구,6440,260487,28.1,26.2,32.4,0.0,0.0151,0.0315,0.25,0.0027,22.0,14.0
2024-08-08,서대문구,2505,88878,26.9,24.6,31.0,0.0,0.012,0.032,0.27,0.0024,19.0,11.0
2024-08-08,서초구,3843,146890,27.9,24.2,31.5,14.0,0.0156,0.0293,0.26,0.0022,18.0,11.0
2024-08-08,성동구,4679,119895,28.0,24.8,31.9,2.0,0.02,0.0275,0.28,0.0026,21.0,15.0
2024-08-08,성북구,2885,45445,27.5,25.5,31.2,0.0,0.0109,0.0274,0.33,0.0024,20.0,12.0
2024-08-08,송파구,9613,198828,28.6,24.6,31.8,25.5,0.0161,0.0269,0.27,0.0023,22.0,15.0
2024-08-08,양천구,8809,34250,28.7,26.8,32.5,0.0,0.0147,0.0301,0.24,0.0028,21.0,15.0
2024-08-08,영등포구,12751,320578,29.3,27.9,33.0,0.0,0.0173,0.0304,0.28,0.0026,20.0,16.0
2024-08-08,용산구,2514,0,29.0,26.6,32.4,0.0,0.0218,0.0208,0.31,0.0025,22.0,15.0
2024-08-08,은평구,3423,119388,26.6,23.9,30.7,0.5,0.0107,0.0209,0.32,0.0024,20.0,14.0
2024-08-08,종로구,4814,231482,28.1,26.0,31.8,1.5,0.0143,0.0329,0.28,0.0026,19.0,15.0
2024-08-08,중구,3583,261239,26.5,24.0,30.5,6.0,0.011,0.028,0.28,0.0026,16.0,13.0
2024-08-08,중랑구,3998,86374,28.8,26.7,32.3,0.0,0.0126,0.0283,0.28,0.0021,22.0,15.0
2024-08-09,강남구,4482,407829,29.4,24.8,35.0,0.0,0.0181,0.0458,0.33,0.0021,32.0,22.0
2024-08-09,강동구,5834,93556,28.7,24.7,34.3,0.0,0.0175,0.0476,0.47,0.002,27.0,19.0
2024-08-09,강북구,1916,45982,28.2,23.6,33.6,0.0,0.0061,0.0392,0.24,0.0021,25.0,17.0
2024-08-09,강서구,19054,183368,29.5,25.1,35.6,0.0,0.0123,0.039,0.27,0.0026,24.0,18.0
2024-08-09,관악구,2878,156882,27.0,22.4,33.3,0.0,0.0194,0.0477,0.34,0.0029,33.0,21.0
2024-08-09,광진구,5223,62109,29.2,25.8,35.0,18.0,0.0204,0.0458,0.59,0.0023,31.0,21.0
2024-08-09,구로구,5617,124061,29.5,25.5,33.8,0.0,0.0133,0.0474,0.26,0.0027,25.0,19.0
2024-08-09,금천구,2794,95004,29.8,25.7,34.8,0.0,0.0158,0.0349,0.27,0.0024,28.0,19.0
2024-08-09,노원구,8902,159294,27.8,23.8,34.7,1.0,0.0119,0.0341,0.23,0.002,27.0,18.0
2024-08-09,도봉구,3268,90226,28.6,24.7,33.3,0.0,0.004,0.0409,0.3,0.0019,19.0,13.0
2024-08-09,동대문구,3950,98711,29.1,26.0,34.3,5.5,0.013,0.0406,0.3,0.0022,31.0,21.0
2024-08-09,동작구,2379,90639,28.2,24.3,34.9,0.0,0.0183,0.046,0.32,0.0025,31.0,21.0
2024-08-09,마포구,6488,269072,29.8,25.5,34.9,0.0,0.0129,0.041,0.26,0.0023,28.0,19.0
2024-08-09,서대문구,2534,91412,28.0,24.0,33.0,0.0,0.0103,0.0382,0.27,0.0021,24.0,13.0
2024-08-09,서초구,4176,156898,28.7,24.2,34.8,0.0,0.017,0.0415,0.3,0.0023,32.0,17.0
2024-08-09,성동구,4320,121993,28.9,25.4,34.3,0.5,0.0213,0.0402,0.33,0.0029,29.0,21.0
2024-08-09,성북구,2619,45785,28.7,24.5,34.7,0.0,0.0122,0.0333,0.36,0.0022,26.0,16.0
2024-08-09,송파구,11147,198568,29.6,25.9,35.4,2.0,0.0202,0.0407,0.34,0.0024,33.0,23.0
2024-08-09,양천구,9081,34764,29.7,25.7,34.8,0.0,0.0117,0.039,0.24,0.0025,21.0,17.0
2024-08-09,영등포구,12648,326519,30.2,26.7,34.9,0.0,0.0167,0.0414,0.3,0.0026,26.0,20.0
2024-08-09,용산구,2604,0,29.9,26.0,34.2,0.0,0.0243,0.0347,0.38,0.0027,30.0,24.0
2024-08-09,은평구,3525,121504,27.6,22.5,33.5,0.0,0.008,0.0257,0.31,0.0023,23.0,16.0
2024-08-09,종로구,4994,234265,28.4,25.2,33.1,38.5,0.0146,0.0411,0.33,0.0027,26.0,18.0
2024-08-09,중구,3449,263617,28.2,24.3,33.5,0.0,0.0077,0.0352,0.29,0.0027,22.0,18.0
2024-08-09,중랑구,3962,88908,29.8,26.0,34.9,0.0,0.0132,0.0371,0.3,0.0023,27.0,19.0
2024-08-10,강남구,3419,230345,30.3,26.0,35.2,0.0,0.0149,0.0529,0.35,0.0022,35.0,27.0
2024-08-10,강동구,5344,62613,29.3,25.1,33.6,0.0,0.0129,0.0546,0.47,0.0021,30.0,23.0
2024-08-10,강북구,1806,37385,28.3,24.6,33.6,0.0,0.0087,0.0478,0.31,0.0022,30.0,23.0
2024-08-10,강서구,12863,124166,30.0,25.8,35.1,0.0,0.0134,0.0536,0.39,0.0028,30.0,24.0
2024-08-10,관악구,2980,120301,27.8,23.4,33.0,0.0,0.0179,0.0499,0.38,0.0031,39.0,27.0
2024-08-10,광진구,5454,51030,30.4,26.0,35.1,0.0,0.015,0.0522,0.58,0.0024,34.0,24.0
2024-08-10,구로구,4385,80545,30.1,26.1,33.9,0.0,0.0113,0.0548,0.31,0.0025,31.0,23.0
2024-08-10,금천구,1626,35725,30.9,26.9,35.0,0.0,0.0142,0.0396,0.29,0.0028,34.0,24.0
2024-08-10,노원구,7700,118555,29.0,24.1,34.1,0.0,0.012,0.0463,0.28,0.0022,32.0,23.0
2024-08-10,도봉구,2828,68302,28.5,25.7,32.1,0.0,0.0067,0.0495,0.36,0.002,24.0,18.0
2024-08-10,동대문구,3447,71284,30.2,26.1,34.1,0.0,0.0138,0.0491,0.36,0.0024,37.0,26.0
2024-08-10,동작구,2313,66809,29.7,25.1,35.3,0.0,0.015,0.0472,0.36,0.0026,34.0,24.0
2024-08-10,마포구,5507,215147,30.2,26.3,34.1,0.0,0.0143,0.056,0.34,0.0024,34.0,25.0
2024-08-10,서대문구,2096,69664,28.7,25.2,33.7,0.0,0.0112,0.0531,0.32,0.0027,28.0,18.0
2024-08-10,서초구,3200,125280,29.6,24.9,34.8,0.0,0.0145,0.0475,0.33,0.0023,33.0,21.0
2024-08-10,성동구,4015,77053,30.0,26.3,34.0,0.0,0.0194,0.0475,0.36,0.0029,34.0,26.0
2024-08-10,성북구,2390,31759,28.9,25.4,33.8,0.0,0.0115,0.0431,0.4,0.0025,31.0,20.0
2024-08-10,송파구,10473,132744,30.9,26.1,35.9,0.0,0.0166,0.043,0.35,0.0025,37.0,26.0
2024-08-10,양천구,7826,22780,30.4,26.7,34.2,0.0,0.0127,0.0511,0.31,0.0025,28.0,23.0
2024-08-10,영등포구,9482,203590,31.3,27.7,35.4,0.0,0.0162,0.0558,0.36,0.0026,31.0,26.0
2024-08-10,용산구,2224,0,30.8,27.0,34.7,0.0,0.0286,0.039,0.43,0.0027,36.0,28.0
2024-08-10,은평구,3046,90108,27.6,23.4,33.2,0.0,0.0098,0.0361,0.38,0.0024,28.0,22.0
2024-08-10,종로구,3121,167543,29.9,26.0,34.0,0.0,0.0137,0.0548,0.35,0.0033,31.0,24.0
2024-08-10,중구,2124,156304,28.9,24.8,34.3,0.0,0.0096,0.0457,0.36,0.0029,26.0,23.0
2024-08-10,중랑구,3586,65246,30.5,26.4,35.2,0.0,0.0123,0.0456,0.35,0.0022,33.0,25.0
2024-08-11,강남구,3010,140044,30.6,27.2,35.2,0.0,0.0102,0.052,0.32,0.0021,32.0,26.0
2024-08-11,강동구,4705,43891,29.7,27.0,33.2,0.0,0.0081,0.0479,0.43,0.002,23.0,19.0
2024-08-11,강북구,1605,28055,28.3,25.4,34.3,0.0,0.0087,0.0423,0.33,0.0022,30.0,25.0
2024-08-11,강서구,10483,94039,30.6,27.3,35.0,0.0,0.0096,0.0482,0.29,0.0028,24.0,21.0
2024-08-11,관악구,2685,87505,28.1,24.4,34.3,0.0,0.0095,0.0497,0.31,0.0028,30.0,21.0
2024-08-11,광진구,5134,37738,30.8,27.6,34.6,0.0,0.0111,0.0483,0.55,0.0023,31.0,23.0
2024-08-11,구로구,3802,58501,30.5,27.3,34.2,0.0,0.0057,0.0529,0.25,0.0026,23.0,17.0
2024-08-11,금천구,1334,25482,31.4,28.5,36.3,0.0,0.0097,0.0345,0.26,0.0024,26.0,19.0
2024-08-11,노원구,6859,86822,29.2,26.2,34.2,0.0,0.0093,0.0426,0.28,0.0022,31.0,24.0
2024-08-11,도봉구,2526,53287,28.7,26.3,32.1,0.0,0.0052,0.0461,0.37,0.002,24.0,19.0
2024-08-11,동대문구,3129,54770,30.6,28.1,34.5,0.0,0.0096,0.0467,0.34,0.0023,35.0,26.0
2024-08-11,동작구,2020,46403,29.9,25.7,35.5,0.0,0.0099,0.0469,0.31,0.0025,29.0,22.0
2024-08-11,마포구,4874,167375,30.3,27.3,34.6,0.0,0.0114,0.0507,0.31,0.0025,30.0,22.0
2024-08-11,서대문구,1884,50407,28.9,25.9,33.6,0.0,0.0089,0.049,0.3,0.0023,26.0,17.0
2024-08-11,서초구,2928,108010,29.7,25.8,35.2,0.0,0.0065,0.0514,0.3,0.0022,25.0,17.0
2024-08-11,성동구,3428,59505,30.2,27.6,34.7,0.0,0.0137,0.0449,0.31,0.0027,31.0,24.0
2024-08-11,성북구,2120,25367,29.7,26.4,34.2,0.0,0.0088,0.0412,0.38,0.0023,28.0,20.0
2024-08-11,송파구,9228,96355,31.6,28.1,35.8,0.0,0.0116,0.0396,0.29,0.0023,32.0,23.0
2024-08-11,양천구,6504,16155,30.9,28.1,34.8,0.0,0.0083,0.0462,0.26,0.0024,23.0,19.0
2024-08-11,영등포구,8298,151349,31.8,29.0,36.3,0.0,0.0092,0.0528,0.29,0.0027,26.0,22.0
2024-08-11,용산구,2193,0,31.2,28.0,34.3,0.0,0.0163,0.0416,0.35,0.0024,32.0,27.0
2024-08-11,은평구,2586,65454,27.8,24.3,33.6,0.0,0.0091,0.0314,0.37,0.0023,26.0,18.0
2024-08-11,종로구,2570,125363,30.8,27.3,35.0,0.0,0.0111,0.0536,0.33,0.0033,27.0,23.0
2024-08-11,중구,1621,122351,29.3,26.4,33.6,0.0,0.0074,0.0459,0.35,0.0027,25.0,23.0
2024-08-11,중랑구,3051,46306,30.7,27.8,34.6,0.0,0.0088,0.0389,0.31,0.0021,29.0,23.0
2024-08-12,강남구,4652,390855,31.3,27.5,35.7,0.0,0.0174,0.0481,0.34,0.0021,33.0,24.0
2024-08-12,강동구,5963,89542,30.1,26.2,34.1,0.0,0.0136,0.0551,0.45,0.0021,26.0,19.0
2024-08-12,강북구,1853,44346,29.2,25.4,33.3,0.0,0.0087,0.0449,0.28,0.0023,29.0,24.0
2024-08-12,강서구,19128,179961,31.2,27.2,36.3,0.0,0.0119,0.0467,0.25,0.0028,21.0,16.0
2024-08-12,관악구,3144,146134,28.7,24.9,33.8,0.0,0.0123,0.0528,0.27,0.003,28.0,18.0
2024-08-12,광진구,6425,57666,31.1,27.7,35.0,3.0,0.0152,0.0538,0.56,0.0024,31.0,23.0
2024-08-12,구로구,5791,122048,31.6,28.1,36.0,0.0,0.0081,0.0569,0.22,0.0029,22.0,15.0
2024-08-12,금천구,2973,96797,32.0,29.0,36.5,0.0,0.0138,0.0375,0.28,0.0027,25.0,17.0
2024-08-12,노원구,8543,153340,29.4,25.6,34.5,0.0,0.0139,0.0268,0.25,0.0022,30.0,23.0
2024-08-12,도봉구,3046,87094,29.6,26.4,33.1,0.0,0.0059,0.0483,0.33,0.002,22.0,17.0
2024-08-12,동대문구,4426,96121,31.1,27.8,34.8,0.5,0.0147,0.0428,0.33,0.0023,34.0,23.0
2024-08-12,동작구,2597,85296,30.7,26.5,35.0,0.0,0.0138,0.0467,0.28,0.0024,26.0,18.0
2024-08-12,마포구,6409,253739,31.0,28.3,35.7,0.0,0.0145,0.0451,0.26,0.0025,26.0,18.0
2024-08-12,서대문구,2418,86145,29.3,26.4,34.9,0.0,0.0107,0.0433,0.33,0.0028,25.0,15.0
2024-08-12,서초구,4189,146083,30.9,26.4,35.6,0.0,0.0143,0.0468,0.31,0.0024,27.0,14.0
2024-08-12,성동구,5143,117649,30.9,27.3,34.8,0.0,0.0185,0.0454,0.31,0.0032,30.0,21.0
2024-08-12,성북구,2858,44911,29.9,26.5,33.9,0.0,0.0111,0.0405,0.36,0.0024,26.0,17.0
2024-08-12,송파구,12238,188533,31.3,28.0,35.1,12.5,0.0191,0.0415,0.25,0.0023,34.0,24.0
2024-08-12,양천구,8709,33917,31.5,28.6,35.2,0.0,0.0061,0.0401,0.22,0.0024,19.0,16.0
2024-08-12,영등포구,13125,313567,32.0,29.6,35.2,0.0,0.0133,0.0488,0.27,0.0027,25.0,17.0
2024-08-12,용산구,2509,0,31.5,28.5,35.4,0.0,0.0222,0.0378,0.38,0.0026,32.0,25.0
2024-08-12,은평구,3290,118106,28.6,24.8,34.1,0.0,0.009,0.0293,0.36,0.0024,25.0,18.0
2024-08-12,종로구,4814,230356,31.5,28.2,35.9,0.0,0.0149,0.0489,0.33,0.0029,27.0,21.0
2024-08-12,중구,3521,263219,29.8,26.7,35.6,0.0,0.0075,0.0437,0.3,0.0028,23.0,20.0
2024-08-12,중랑구,3804,85127,31.1,27.9,34.9,0.5,0.0121,0.0393,0.33,0.0021,30.0,23.0
2024-08-13,강남구,3481,405542,30.0,26.7,37.3,39.0,0.0169,0.0454,0.22,0.0021,30.0,22.0
2024-08-13,강동구,5957,90103,30.7,27.2,36.1,0.0,0.0122,0.0526,0.44,0.0019,24.0,18.0
2024-08-13,강북구,1652,44826,29.4,25.5,35.5,0.5,0.0066,0.0375,0.24,0.0021,21.0,15.0
2024-08-13,강서구,18970,183415,31.7,27.5,37.3,0.0,0.0113,0.0414,0.26,0.0026,25.0,17.0
2024-08-13,관악구,2504,150999,28.3,25.0,35.3,4.5,0.0153,0.0454,0.32,0.0026,30.0,18.0
2024-08-13,광진구,6483,58944,31.0,28.0,36.3,0.0,0.0159,0.0481,0.57,0.0023,28.0,20.0
2024-08-13,구로구,5510,123861,31.9,28.7,36.2,0.0,0.009,0.0572,0.24,0.0023,22.0,15.0
2024-08-13,금천구,2507,97701,31.8,28.6,36.8,15.5,0.0131,0.0354,0.27,0.0025,26.0,17.0
2024-08-13,노원구,8345,155383,29.7,25.5,36.4,0.0,,,,,28.0,19.0
2024-08-13,도봉구,2934,88541,30.1,26.8,35.7,0.0,0.0044,0.0425,0.29,0.002,18.0,12.0
2024-08-13,동대문구,4264,98795,31.0,28.0,36.1,0.0,0.0109,0.039,0.29,0.002,27.0,19.0
2024-08-13,동작구,2012,86874,29.9,26.8,37.5,14.0,0.0143,0.0448,0.3,0.0023,27.0,18.0
2024-08-13,마포구,6086,261333,30.8,27.4,36.6,0.0,0.0123,0.0397,0.27,0.0022,30.0,18.0
2024-08-13,서대문구,2385,90420,30.3,26.2,35.3,0.0,0.0085,0.0429,0.36,0.0021,21.0,11.0
2024-08-13,서초구,3069,151249,29.1,25.8,35.9,32.5,0.0141,0.0487,0.33,0.002,27.0,14.0
2024-08-13,성동구,5225,122114,30.3,28.1,35.7,0.0,0.017,0.0425,0.3,0.0032,26.0,19.0
2024-08-13,성북구,2507,45759,30.0,26.7,35.5,15.0,0.0109,0.0328,0.34,0.0024,23.0,15.0
2024-08-13,송파구,11175,203319,30.5,27.9,37.0,11.0,0.0172,0.0397,0.2,0.0022,33.0,23.0
2024-08-13,양천구,8936,34835,31.6,28.2,36.1,0.0,0.011,0.039,0.25,0.0021,21.0,17.0
2024-08-13,영등포구,11555,323805,32.5,28.8,37.5,1.5,0.0158,0.0414,0.29,0.0024,27.0,18.0
2024-08-13,용산구,1890,0,30.9,27.9,37.2,23.0,0.0292,0.0317,0.38,0.0026,29.0,21.0
2024-08-13,은평구,3419,121063,29.5,24.5,35.6,0.0,0.0068,0.0279,0.38,0.0023,20.0,15.0
2024-08-13,종로구,4402,239118,30.9,28.2,36.0,8.0,0.0117,0.0441,0.31,0.0027,22.0,17.0
2024-08-13,중구,3308,272760,29.3,25.9,34.8,2.0,0.0067,0.0395,0.29,0.0026,20.0,17.0
2024-08-13,중랑구,3906,86392,31.3,27.7,37.2,0.0,0.0114,0.0352,0.29,0.002,26.0,19.0
2024-08-14,강남구,4645,408405,30.5,26.8,36.8,0.5,0.0194,0.0469,0.23,0.0021,27.0,20.0
2024-08-14,강동구,5990,92260,30.7,27.3,35.9,0.0,0.0122,0.0512,0.41,0.0019,20.0,15.0
2024-08-14,강북구,1713,46156,28.8,25.0,36.3,13.0,0.0084,0.0465,0.28,0.002,24.0,18.0
2024-08-14,강서구,14637,185548,29.9,24.9,36.7,9.0,0.0154,0.0561,0.33,0.0027,28.0,19.0
2024-08-14,관악구,2843,158451,28.1,24.4,35.4,0.0,0.0165,0.0523,0.32,0.0026,28.0,18.0
2024-08-14,광진구,6630,61718,31.1,28.0,37.0,0.0,0.0135,0.0528,0.6,0.0023,25.0,17.0
2024-08-14,구로구,5007,126932,30.2,26.8,36.2,1.0,0.0113,0.0623,0.26,0.0023,24.0,15.0
2024-08-14,금천구,2446,96551,30.8,27.0,36.7,7.5,0.0146,0.0431,0.29,0.0027,26.0,16.0
2024-08-14,노원구,8617,159286,30.3,26.1,36.2,0.0,0.0115,0.0485,0.29,0.0028,24.0,17.0
2024-08-14,도봉구,3053,90693,29.9,27.4,34.8,0.0,0.0058,0.0502,0.3,0.002,16.0,12.0
2024-08-14,동대문구,4207,100453,31.0,28.3,36.5,0.0,0.0134,0.0494,0.31,0.0022,28.0,19.0
2024-08-14,동작구,2304,89429,29.9,26.6,37.1,0.0,0.0155,0.0499,0.31,0.0024,24.0,17.0
2024-08-14,마포구,5826,269535,30.2,26.6,36.6,0.0,0.0148,0.0566,0.3,0.0022,27.0,18.0
2024-08-14,서대문구,2226,92395,29.0,25.3,35.6,0.0,0.0105,0.056,0.41,0.0022,22.0,12.0
2024-08-14,서초구,4172,157489,29.9,26.4,35.9,0.0,0.0154,0.0547,0.33,0.002,25.0,14.0
2024-08-14,성동구,5274,124329,30.2,27.9,35.7,0.0,0.0183,0.0447,0.31,0.0029,25.0,17.0
2024-08-14,성북구,2617,47078,29.2,26.0,36.7,17.5,0.0109,0.041,0.34,0.0022,23.0,15.0
2024-08-14,송파구,12183,208854,30.6,27.2,37.0,8.5,0.0177,0.0373,0.18,0.0024,28.0,18.0
2024-08-14,양천구,7455,35106,30.1,26.6,36.3,14.5,0.0144,0.0511,0.28,0.002,23.0,18.0
2024-08-14,영등포구,12057,331240,31.1,27.8,37.2,0.0,0.0184,0.0525,0.32,0.0023,26.0,18.0
2024-08-14,용산구,2512,0,30.7,28.2,36.7,0.0,0.0293,0.0367,0.39,0.0027,26.0,21.0
2024-08-14,은평구,2907,121860,28.3,24.6,36.1,0.0,0.0097,0.0362,0.45,0.0023,23.0,16.0
2024-08-14,종로구,4485,247892,30.0,26.3,36.0,26.0,0.0153,0.0527,0.33,0.0028,24.0,18.0
2024-08-14,중구,3451,276034,29.0,25.8,35.0,0.0,0.0104,0.0466,0.35,0.0027,21.0,17.0
2024-08-14,중랑구,3885,88195,31.1,28.2,36.7,0.0,0.0113,0.0403,0.29,0.002,25.0,17.0
2024-08-15,강남구,2951,155439,29.7,25.4,35.7,11.0,0.0128,0.0494,0.27,0.0025,25.0,18.0
2024-08-15,강동구,4522,48583,29.5,26.9,34.8,0.0,0.0086,0.0478,0.38,0.002,17.0,12.0
2024-08-15,강북구,1615,30624,28.0,24.6,34.1,0.0,0.0067,0.0395,0.26,0.002,22.0,15.0
2024-08-15,강서구,10931,103636,29.7,26.6,36.6,0.0,0.0135,0.0547,0.35,0.0027,25.0,18.0
2024-08-15,관악구,2736,94471,27.5,23.6,34.0,0.0,0.0125,0.056,0.32,0.0027,26.0,17.0
2024-08-15,광진구,5154,42221,30.3,26.4,35.6,3.0,0.0102,0.0464,0.58,0.0024,22.0,15.0
2024-08-15,구로구,3493,65104,29.7,27.3,35.9,8.5,0.0088,0.0613,0.28,0.0023,20.0,16.0
2024-08-15,금천구,1456,29937,30.1,27.2,35.5,0.0,0.0109,0.0445,0.27,0.0025,23.0,15.0
2024-08-15,노원구,7207,95353,28.8,25.0,35.7,0.0,0.0081,0.0315,0.25,0.0025,20.0,14.0
2024-08-15,도봉구,2603,56739,28.9,26.3,34.2,0.0,0.0045,0.0432,0.27,0.002,14.0,11.0
2024-08-15,동대문구,3458,59366,30.1,27.3,35.5,0.0,0.0101,0.043,0.29,0.0021,24.0,17.0
2024-08-15,동작구,2081,52965,29.6,25.4,36.3,0.5,0.0116,0.0544,0.3,0.0023,23.0,17.0
2024-08-15,마포구,4561,179846,29.6,26.2,35.6,1.5,0.0142,0.0496,0.31,0.0023,25.0,17.0
2024-08-15,서대문구,1700,61791,27.7,24.8,34.8,11.0,0.0088,0.0448,0.39,0.0022,21.0,12.0
2024-08-15,서초구,2889,96879,29.0,24.8,35.1,2.0,0.0097,0.0554,0.29,0.002,23.0,14.0
2024-08-15,성동구,3750,67297,29.9,26.2,35.1,1.0,0.0122,0.045,0.28,0.0029,23.0,17.0
2024-08-15,성북구,2379,26096,28.7,25.6,33.9,0.0,0.0074,0.0364,0.3,0.0022,20.0,12.0
2024-08-15,송파구,9193,110661,30.1,26.3,35.2,16.0,0.0134,0.0427,0.18,0.0023,26.0,17.0
2024-08-15,양천구,6365,17748,30.1,27.5,35.6,0.0,0.0135,0.0521,0.3,0.0021,21.0,18.0
2024-08-15,영등포구,8774,160501,30.9,28.2,36.4,0.0,0.0148,0.0545,0.32,0.0024,24.0,18.0
2024-08-15,용산구,2196,0,30.2,27.1,35.5,1.0,0.0191,0.0379,0.35,0.0024,27.0,19.0
2024-08-15,은평구,2591,72535,27.5,24.4,34.6,0.0,0.0076,0.0293,0.41,0.0022,20.0,14.0
2024-08-15,종로구,3183,154547,29.8,26.8,35.0,0.0,0.0109,0.0479,0.3,0.0027,21.0,16.0
2024-08-15,중구,2132,147642,28.2,25.6,33.6,0.0,0.0083,0.0409,0.31,0.0027,19.0,15.0
2024-08-15,중랑구,3321,52683,30.3,27.3,34.8,0.0,0.0088,0.0362,0.21,0.002,20.0,14.0
2024-08-16,강남구,4235,350442,31.0,27.0,35.7,0.0,0.0146,0.0477,0.26,0.0023,27.0,17.0
2024-08-16,강동구,5860,83087,30.3,26.8,34.4,0.0,0.0098,0.0445,0.37,0.002,18.0,11.0
2024-08-16,강북구,1884,43774,28.6,24.5,34.4,0.0,0.0075,0.0429,0.25,0.002,20.0,14.0
2024-08-16,강서구,16980,167771,30.4,27.1,36.0,0.0,0.0141,0.0515,0.32,0.0028,22.0,15.0
2024-08-16,관악구,3022,141877,28.3,24.6,34.9,0.0,0.0151,0.0465,0.31,0.0026,25.0,16.0
2024-08-16,광진구,6782,58971,31.0,27.3,35.6,0.0,0.0131,0.0457,0.55,0.0025,22.0,14.0
2024-08-16,구로구,5577,112131,29.8,27.0,34.5,0.0,0.0104,0.053,0.29,0.0023,17.0,12.0
2024-08-16,금천구,2446,76165,31.1,28.0,36.1,0.0,0.0125,0.0437,0.28,0.0028,22.0,13.0
2024-08-16,노원구,8838,149980,29.1,24.6,35.4,0.0,0.0097,0.0311,0.25,0.0024,20.0,13.0
2024-08-16,도봉구,3185,85806,29.2,26.0,33.3,0.0,0.0064,0.0428,0.28,0.002,14.0,10.0
2024-08-16,동대문구,4286,93367,30.6,27.2,35.8,0.0,0.0111,0.0435,0.28,0.0021,24.0,15.0
2024-08-16,동작구,2552,82937,29.7,26.3,36.4,0.0,0.0142,0.0487,0.3,0.0023,24.0,16.0
2024-08-16,마포구,6623,253755,30.0,27.0,35.1,0.0,0.0138,0.0507,0.29,0.0023,23.0,15.0
2024-08-16,서대문구,2535,86414,28.5,24.8,35.3,0.0,0.0102,0.0488,0.38,0.0022,19.0,12.0
2024-08-16,서초구,4086,145204,29.7,25.9,34.7,0.0,0.0129,0.0474,0.3,0.0022,21.0,14.0
2024-08-16,성동구,5215,111588,30.1,27.1,35.2,0.0,0.0153,0.0423,0.28,0.0031,22.0,14.0
2024-08-16,성북구,2969,43801,29.3,25.5,34.5,0.0,0.0096,0.0387,0.28,0.0022,19.0,12.0
2024-08-16,송파구,12101,186924,31.2,27.5,36.4,0.0,0.0142,0.0372,0.17,0.0023,23.0,15.0
2024-08-16,양천구,9131,31632,30.5,27.8,35.4,0.0,0.0138,0.0481,0.27,0.0021,19.0,16.0
2024-08-16,영등포구,12797,294344,31.0,28.3,36.3,0.0,0.0172,0.0482,0.3,0.0024,21.0,15.0
2024-08-16,용산구,2514,0,31.0,28.0,36.2,0.0,0.0247,0.0351,0.36,0.0026,24.0,17.0
2024-08-16,은평구,3366,113470,28.0,24.2,34.4,0.0,0.0088,0.0336,0.4,0.0022,19.0,14.0
2024-08-16,종로구,4807,220330,30.4,26.9,35.1,0.0,0.0126,0.0468,0.3,0.0028,19.0,15.0
2024-08-16,중구,3455,243020,28.6,25.4,34.7,0.0,0.009,0.0353,0.34,0.0029,19.0,15.0
2024-08-16,중랑구,4031,82957,30.8,27.0,35.5,0.0,0.0093,0.0381,0.18,0.002,22.0,14.0
2024-08-17,강남구,3291,210840,31.1,27.6,36.3,0.0,0.0122,0.0524,0.26,0.0022,21.0,16.0
2024-08-17,강동구,4894,57489,30.2,27.5,34.8,0.0,0.0092,0.0495,0.37,0.002,17.0,12.0
2024-08-17,강북구,1433,34709,27.8,24.9,34.8,16.5,0.0074,0.0479,0.27,0.0019,21.0,15.0
2024-08-17,강서구,11740,120852,29.7,26.5,36.0,0.5,0.0141,0.0598,0.35,0.0028,26.0,19.0
2024-08-17,관악구,2493,113166,27.8,24.2,34.8,0.0,0.0127,0.0564,0.32,0.0026,25.0,17.0
2024-08-17,광진구,5566,48619,30.9,27.8,36.0,0.0,0.0103,0.0523,0.52,0.0026,22.0,14.0
2024-08-17,구로구,4014,76604,30.3,26.9,34.8,0.0,0.009,0.0683,0.31,0.0022,18.0,13.0
2024-08-17,금천구,1314,33469,30.8,28.3,35.7,5.0,0.0112,0.0468,0.29,0.0025,24.0,16.0
2024-08-17,노원구,7399,113069,29.4,25.8,36.1,0.0,0.0084,0.0391,0.25,0.0023,18.0,13.0
2024-08-17,도봉구,2767,66075,29.2,26.4,34.3,0.0,0.0083,0.0526,0.33,0.002,15.0,10.0
2024-08-17,동대문구,3267,69036,30.4,28.0,35.4,0.0,0.0109,0.0485,0.29,0.0021,24.0,16.0
2024-08-17,동작구,2016,63491,28.7,25.9,35.9,3.0,0.0124,0.0519,0.3,0.0023,22.0,16.0
2024-08-17,마포구,4943,207008,30.4,26.4,36.2,0.5,0.0143,0.0607,0.31,0.0023,26.0,16.0
2024-08-17,서대문구,1947,68016,28.5,24.4,34.2,4.5,0.0099,0.0538,0.39,0.0022,20.0,11.0
2024-08-17,서초구,3141,119750,29.9,26.3,35.5,0.0,0.0113,0.0533,0.33,0.0021,18.0,10.0
2024-08-17,성동구,3704,73627,30.2,27.6,34.7,0.0,0.0134,0.048,0.28,0.0027,21.0,15.0
2024-08-17,성북구,2061,30023,28.8,25.5,35.2,18.0,0.0094,0.0419,0.3,0.0022,21.0,13.0
2024-08-17,송파구,10055,128491,30.8,28.8,36.5,0.0,0.0122,0.043,0.17,0.0025,22.0,15.0
2024-08-17,양천구,7402,22312,30.4,28.0,35.1,0.0,0.0119,0.0593,0.3,0.0021,23.0,19.0
2024-08-17,영등포구,8517,190692,31.2,28.9,35.6,0.0,0.0148,0.0605,0.32,0.0023,24.0,17.0
2024-08-17,용산구,2095,0,30.5,28.3,35.2,0.5,0.0188,0.0423,0.37,0.0022,23.0,15.0
2024-08-17,은평구,2609,84949,27.2,23.9,34.4,0.0,0.0084,0.0352,0.41,0.0023,20.0,14.0
2024-08-17,종로구,2799,160668,29.9,27.5,34.2,23.0,0.0117,0.0528,0.29,0.0027,20.0,15.0
2024-08-17,중구,1924,152685,28.7,25.5,33.7,0.5,0.0084,0.0415,0.32,0.0027,19.0,14.0
2024-08-17,중랑구,3470,61992,30.6,27.7,36.1,0.0,0.0087,0.0412,0.16,0.002,20.0,14.0
2024-08-18,강남구,2659,135129,30.6,27.5,36.1,0.0,0.0088,0.0538,0.25,0.0023,21.0,16.0
2024-08-18,강동구,3928,42772,29.0,24.7,35.1,11.5,0.0064,0.0511,0.37,0.0021,14.0,12.0
2024-08-18,강북구,1409,29548,28.2,24.8,33.4,0.5,0.0061,0.0459,0.27,0.0019,21.0,14.0
2024-08-18,강서구,10241,93968,29.4,26.7,33.9,1.5,0.0114,0.054,0.34,0.0027,24.0,18.0
2024-08-18,관악구,2736,86234,28.1,24.6,33.1,0.0,0.0108,0.0515,0.34,0.0026,26.0,18.0
2024-08-18,광진구,4481,37387,30.1,26.3,35.7,3.0,0.0069,0.0536,0.52,0.0024,20.0,12.0
2024-08-18,구로구,3606,57930,29.0,26.4,35.5,50.0,0.0071,0.0685,0.31,0.0024,15.0,11.0
2024-08-18,금천구,1406,24655,30.1,27.8,34.0,0.0,0.01,0.0382,0.27,0.0022,22.0,15.0
2024-08-18,노원구,6336,86473,29.1,25.2,35.7,1.5,0.0063,0.0432,0.25,0.0023,18.0,13.0
2024-08-18,도봉구,2246,53987,29.3,26.8,33.2,0.0,0.0071,0.051,0.34,0.002,13.0,9.0
2024-08-18,동대문구,2736,53401,29.4,25.8,35.8,9.0,0.0073,0.0473,0.27,0.002,21.0,14.0
2024-08-18,동작구,1977,46546,29.6,26.0,35.7,0.0,0.0093,0.05,0.31,0.0022,21.0,16.0
2024-08-18,마포구,4643,158771,29.7,27.3,36.3,0.0,0.01,0.0573,0.32,0.0023,24.0,17.0
2024-08-18,서대문구,1957,51159,28.0,25.0,34.0,6.0,0.008,0.0507,0.39,0.0023,17.0,10.0
2024-08-18,서초구,2725,108626,29.7,26.2,35.0,0.0,0.0072,0.0561,0.35,0.0023,15.0,9.0
2024-08-18,성동구,3162,56438,29.8,26.9,34.2,0.5,0.0089,0.0488,0.27,0.0027,21.0,15.0
2024-08-18,성북구,1927,25589,28.5,25.6,33.9,0.5,0.0061,0.0422,0.28,0.0022,17.0,11.0
2024-08-18,송파구,8095,100468,30.3,25.5,36.5,9.0,0.0084,0.0446,0.17,0.0025,22.0,15.0
2024-08-18,양천구,6277,16225,29.8,27.9,33.7,1.0,0.0095,0.0544,0.3,0.0022,20.0,18.0
2024-08-18,영등포구,8318,150052,30.7,28.6,34.9,0.0,0.0112,0.0568,0.33,0.0025,23.0,18.0
2024-08-18,용산구,2064,0,30.5,28.2,34.6,0.0,0.0136,0.0429,0.36,0.0022,22.0,17.0
2024-08-18,은평구,2604,66060,28.0,24.3,34.1,0.0,0.0069,0.0341,0.41,0.0022,18.0,13.0
2024-08-18,종로구,2525,112732,29.7,27.1,33.8,0.0,0.0084,0.051,0.28,0.0028,17.0,14.0
2024-08-18,중구,1774,113755,28.1,25.6,34.3,0.0,0.0058,0.0408,0.29,0.0026,19.0,14.0
2024-08-18,중랑구,2783,47241,29.7,25.8,35.7,6.0,0.0068,0.0428,0.16,0.0019,18.0,12.0
2024-08-19,강남구,4572,387503,31.3,26.5,36.7,0.0,0.0147,0.0561,0.3,0.0023,27.0,19.0
2024-08-19,강동구,5948,89333,29.8,25.4,35.2,0.0,0.0115,0.0544,0.42,0.0022,20.0,16.0
2024-08-19,강북구,1820,44648,28.7,24.2,35.2,0.0,0.0089,0.0528,0.32,0.002,24.0,18.0
2024-08-19,강서구,19275,180785,30.2,26.4,36.7,0.0,0.0145,0.0622,0.39,0.0028,29.0,22.0
2024-08-19,관악구,3246,145645,28.2,23.5,35.7,0.0,0.0142,0.0579,0.37,0.0027,28.0,18.0
2024-08-19,광진구,6818,56454,30.6,26.2,36.1,0.0,0.0129,0.0572,0.58,0.0023,25.0,16.0
2024-08-19,구로구,5913,122059,30.5,26.6,35.0,0.0,0.0097,0.0724,0.34,0.0024,19.0,13.0
2024-08-19,금천구,2982,97157,31.2,27.1,36.5,0.0,0.013,0.0479,0.34,0.0025,30.0,20.0
2024-08-19,노원구,8850,153182,29.1,24.3,35.9,0.0,0.0112,0.0441,0.3,0.0023,25.0,19.0
2024-08-19,도봉구,2911,87184,29.2,25.8,34.9,4.5,0.0101,0.0566,0.37,0.002,19.0,13.0
2024-08-19,동대문구,4500,97068,30.3,25.9,35.7,0.0,0.012,0.0533,0.33,0.002,27.0,18.0
2024-08-19,동작구,2587,86009,29.9,25.8,36.8,0.0,0.0132,0.0558,0.35,0.0023,25.0,17.0
2024-08-19,마포구,5231,247378,30.0,25.4,36.8,15.0,0.0144,0.059,0.35,0.0024,26.0,18.0
2024-08-19,서대문구,2072,86716,27.9,24.1,35.7,15.5,0.0103,0.0564,0.42,0.0024,22.0,14.0
2024-08-19,서초구,4380,139287,30.2,25.6,36.3,0.0,0.0136,0.0568,0.38,0.0021,21.0,11.0
2024-08-19,성동구,5212,114469,30.2,26.1,35.8,0.0,0.0149,0.0537,0.33,0.0028,24.0,16.0
2024-08-19,성북구,2884,45596,29.1,25.1,34.3,0.0,0.0116,0.046,0.33,0.0023,23.0,14.0
2024-08-19,송파구,12112,189086,31.0,26.2,36.9,0.0,0.014,0.0481,0.19,0.0023,27.0,18.0
2024-08-19,양천구,9025,33977,30.4,27.3,36.0,0.0,0.0131,0.0604,0.33,0.0023,24.0,20.0
2024-08-19,영등포구,13364,307734,31.4,27.9,36.6,0.0,0.0173,0.0591,0.36,0.0024,26.0,19.0
2024-08-19,용산구,2565,0,31.1,27.2,36.7,0.0,0.0271,0.0411,0.43,0.0024,28.0,18.0
2024-08-19,은평구,2808,119439,27.9,23.8,35.8,,0.0106,0.0363,0.46,0.0023,24.0,16.0
2024-08-19,종로구,4786,224619,30.9,26.8,36.5,0.0,0.0135,0.0567,0.35,0.0028,23.0,17.0
2024-08-19,중구,3597,250082,28.9,24.9,35.3,0.0,0.0095,0.0444,0.39,0.0032,22.0,17.0
2024-08-19,중랑구,4073,85395,30.4,26.0,35.2,0.0,0.0114,0.0419,0.25,0.002,24.0,16.0
2024-08-20,강남구,4515,399933,32.0,27.2,37.2,0.0,0.0136,0.0423,0.25,0.0022,27.0,19.0
2024-08-20,강동구,6266,91286,30.6,26.5,34.9,0.0,0.0081,0.0421,0.36,0.0021,19.0,14.0
2024-08-20,강북구,1887,46312,30.3,24.8,35.3,0.0,0.0085,0.0434,0.27,0.0021,24.0,19.0
2024-08-20,강서구,19757,184972,31.9,26.5,36.7,0.0,0.0131,0.0486,0.36,0.0029,26.0,21.0
2024-08-20,관악구,3149,150740,29.8,24.7,36.0,0.0,0.0145,0.0455,0.33,0.0027,29.0,19.0
2024-08-20,광진구,6943,58342,31.4,27.1,36.1,0.0,0.0099,0.0417,0.51,0.0023,25.0,17.0
2024-08-20,구로구,5915,124038,31.7,27.7,35.2,0.0,0.0097,0.0608,0.29,0.0023,19.0,14.0
2024-08-20,금천구,2965,98066,32.0,28.5,36.4,0.0,0.0144,0.0353,0.28,0.0024,28.0,19.0
2024-08-20,노원구,8856,157959,30.5,24.7,35.8,0.0,0.0102,0.0356,0.27,0.0022,27.0,19.0
2024-08-20,도봉구,3231,89830,30.5,25.7,35.1,0.0,0.0087,0.0451,0.33,0.002,19.0,13.0
2024-08-20,동대문구,4457,98501,31.4,27.2,36.3,0.0,0.0106,0.0399,0.28,0.0021,29.0,20.0
2024-08-20,동작구,2487,87983,31.7,26.2,36.5,0.0,0.0139,0.0436,0.31,0.0024,26.0,18.0
2024-08-20,마포구,5995,255201,31.4,26.9,35.7,0.5,0.0136,0.0456,0.31,0.0024,29.0,20.0
2024-08-20,서대문구,2508,89189,29.9,24.6,34.8,0.0,0.0088,0.0463,0.35,0.0023,22.0,12.0
2024-08-20,서초구,4290,147266,31.2,26.4,35.3,0.0,0.0145,0.0451,0.37,0.0022,24.0,12.0
2024-08-20,성동구,5167,118705,31.7,27.8,35.7,0.0,0.012,0.0412,0.27,0.0033,26.0,19.0
2024-08-20,성북구,2926,46842,30.6,26.1,34.6,0.0,0.0106,0.0345,0.29,0.0023,23.0,15.0
2024-08-20,송파구,12553,206142,31.9,27.2,36.5,0.0,0.0124,0.0351,0.17,0.0022,27.0,19.0
2024-08-20,양천구,9147,34888,31.8,27.7,35.6,0.0,0.0121,0.0497,0.28,0.0023,25.0,19.0
2024-08-20,영등포구,13251,320392,32.7,29.0,36.5,0.0,0.0161,0.0472,0.32,0.0025,28.0,20.0
2024-08-20,용산구,2519,0,32.6,28.3,37.3,0.0,0.0318,0.0271,0.37,0.0027,29.0,21.0
2024-08-20,은평구,3338,121112,29.7,23.7,35.3,0.0,0.0089,0.0266,0.4,0.0023,23.0,16.0
2024-08-20,종로구,5109,232459,31.8,27.9,35.8,0.0,0.012,0.045,0.3,0.0029,23.0,19.0
2024-08-20,중구,3761,264130,29.8,26.0,34.1,0.0,0.0093,0.0341,0.26,0.0029,24.0,19.0
2024-08-20,중랑구,4058,87262,31.2,27.4,35.5,0.0,0.0092,0.036,0.27,0.002,25.0,19.0
2024-08-21,강남구,2172,387917,28.5,26.6,31.7,35.5,0.0109,0.0207,0.21,0.0022,15.0,8.0
2024-08-21,강동구,3436,89684,28.3,26.4,30.4,19.5,0.0086,0.0245,0.31,0.0019,10.0,6.0
2024-08-21,강북구,971,44460,27.4,25.8,29.9,46.5,0.009,0.0204,0.23,0.0019,13.0,7.0
2024-08-21,강서구,8753,179963,28.6,26.3,32.0,66.0,0.0091,0.0213,0.21,0.0027,12.0,5.0
2024-08-21,관악구,1821,148135,26.8,25.7,30.0,42.5,0.0084,0.0212,0.22,0.0025,15.0,6.0
2024-08-21,광진구,3260,57054,28.6,26.6,31.0,32.5,0.0094,0.0239,0.5,0.0023,13.0,6.0
2024-08-21,구로구,3181,121590,28.2,26.5,31.8,58.0,0.0075,0.0481,0.21,0.0022,6.0,3.0
2024-08-21,금천구,1472,96182,28.7,26.9,31.6,40.5,0.0074,0.0153,0.18,0.0021,12.0,3.0
2024-08-21,노원구,4133,153662,27.8,26.3,31.5,48.0,0.0103,0.0179,0.22,0.002,12.0,6.0
2024-08-21,도봉구,1518,86411,28.2,26.9,30.7,49.5,0.0092,0.0212,0.29,0.0019,10.0,5.0
2024-08-21,동대문구,1895,98441,28.3,26.5,31.0,39.5,0.0092,0.0157,0.22,0.0017,16.0,7.0
2024-08-21,동작구,1453,86237,28.5,26.8,32.0,30.0,0.0085,0.0201,0.21,0.0021,13.0,6.0
2024-08-21,마포구,3510,246553,28.1,26.3,30.7,42.0,0.0101,0.021,0.22,0.0023,15.0,6.0
2024-08-21,서대문구,1405,85798,27.4,25.8,29.9,47.5,0.0067,0.0245,0.35,0.0023,11.0,5.0
2024-08-21,서초구,1869,142160,27.6,26.0,30.9,32.0,0.0082,0.0348,0.31,0.002,7.0,2.0
2024-08-21,성동구,1970,116259,28.1,26.2,30.9,44.5,0.0118,0.0184,0.22,0.0024,12.0,6.0
2024-08-21,성북구,1551,46693,27.7,26.0,29.8,47.0,0.009,0.0163,0.29,0.0022,12.0,5.0
2024-08-21,송파구,6770,196111,29.1,26.8,31.5,31.0,0.0095,0.0163,0.16,0.002,13.0,6.0
2024-08-21,양천구,5167,33903,28.3,26.4,31.4,52.5,0.0091,0.0193,0.2,0.0021,14.0,6.0
2024-08-21,영등포구,6864,312611,29.2,27.1,32.0,43.0,0.011,0.0202,0.22,0.0024,15.0,6.0
2024-08-21,용산구,1323,0,29.0,27.2,32.0,25.5,0.0123,0.0167,0.23,0.0019,13.0,7.0
2024-08-21,은평구,1924,117198,27.8,26.0,30.2,54.5,0.0077,0.0149,0.35,0.0022,11.0,7.0
2024-08-21,종로구,2392,226228,27.7,26.0,30.9,37.5,0.0106,0.0216,0.23,0.0027,12.0,6.0
2024-08-21,중구,1792,259669,26.5,25.0,28.9,30.0,0.007,0.0152,0.19,0.0024,14.0,7.0
2024-08-21,중랑구,1663,84919,28.7,26.3,31.9,47.0,0.009,0.0171,0.21,0.0019,12.0,6.0
2024-08-22,강남구,3815,398725,29.1,26.6,32.1,1.5,0.0099,0.0169,0.22,0.0023,19.0,8.0
2024-08-22,강동구,5486,90917,28.6,26.9,31.1,0.0,0.0073,0.0316,0.3,0.0019,13.0,8.0
2024-08-22,강북구,1594,45914,27.7,26.2,30.6,1.0,0.0074,0.0287,0.22,0.0019,16.0,6.0
2024-08-22,강서구,17713,184052,29.1,27.4,31.7,1.0,0.0083,0.0276,0.21,0.0027,16.0,5.0
2024-08-22,관악구,2610,152262,26.9,24.7,29.4,2.0,0.0073,0.0193,0.22,0.0025,19.0,6.0
2024-08-22,광진구,5798,59838,29.1,27.4,31.7,0.5,0.0077,0.0315,0.5,0.0027,17.0,6.0
2024-08-22,구로구,5172,123867,28.5,27.3,30.2,1.0,0.0062,0.047,0.21,0.0022,9.0,2.0
2024-08-22,금천구,2645,97542,29.0,27.0,31.8,2.5,0.0083,0.0228,0.2,0.0023,16.0,4.0
2024-08-22,노원구,7294,157089,28.4,26.5,31.4,4.0,0.0089,0.0248,0.22,0.0021,16.0,6.0
2024-08-22,도봉구,2737,89776,28.5,27.3,30.0,2.0,0.0073,0.0309,0.26,0.0018,11.0,4.0
2024-08-22,동대문구,3625,100559,28.7,26.8,31.0,3.0,0.0087,0.0243,0.22,0.0019,19.0,6.0
2024-08-22,동작구,2250,88179,28.9,26.7,32.1,2.0,0.0081,0.0236,0.21,0.0021,17.0,6.0
2024-08-22,마포구,5309,259648,28.3,26.3,31.0,1.5,0.0088,0.0288,0.22,0.0023,19.0,6.0
2024-08-22,서대문구,2240,89794,27.6,25.9,29.8,2.0,0.0065,0.0313,0.35,0.0023,12.0,4.0
2024-08-22,서초구,3438,146785,28.2,25.9,31.5,1.5,0.0082,0.0376,0.29,0.0021,11.0,2.0
2024-08-22,성동구,4386,121789,28.3,26.9,30.8,2.5,0.0108,0.0241,0.22,0.0025,16.0,7.0
2024-08-22,성북구,2486,47226,27.7,26.0,29.7,1.0,0.0083,0.0234,0.32,0.0022,14.0,5.0
2024-08-22,송파구,10491,205190,29.0,27.3,31.8,1.0,0.0089,0.0213,0.2,0.0026,17.0,6.0
2024-08-22,양천구,8170,34811,28.8,27.0,31.0,2.0,0.0086,0.0254,0.2,0.0022,13.0,5.0
2024-08-22,영등포구,11547,320915,29.5,27.7,32.0,1.5,0.0092,0.0277,0.22,0.0024,16.0,6.0
2024-08-22,용산구,2054,0,29.2,27.7,31.1,2.5,0.0105,0.0235,0.23,0.002,17.0,8.0
2024-08-22,은평구,3132,121054,27.9,25.9,30.2,2.0,0.0072,0.0196,0.34,0.0022,15.0,9.0
2024-08-22,종로구,4305,236451,28.4,26.3,32.4,2.5,0.011,0.0152,0.25,0.0029,16.0,7.0
2024-08-22,중구,3056,271144,26.5,24.7,29.4,3.0,0.0065,0.0211,0.18,0.0024,16.0,6.0
2024-08-22,중랑구,3050,87179,29.0,26.7,31.5,2.5,0.0091,0.0217,0.23,0.0019,16.0,7.0
2024-08-23,강남구,4799,413506,28.7,25.9,33.4,0.0,0.0094,0.083,0.39,0.003,35.0,29.0
2024-08-23,강동구,6641,94867,28.5,26.4,33.1,0.0,0.0093,0.059,0.5,0.002,26.0,21.0
2024-08-23,강북구,2062,48992,27.4,23.9,32.1,0.5,0.008,0.0709,0.34,0.0019,30.0,23.0
2024-08-23,강서구,19473,194283,29.1,26.7,33.7,0.0,0.0117,0.0671,0.35,0.0028,29.0,21.0
2024-08-23,관악구,3098,162366,26.1,23.3,30.6,1.0,0.01,0.0159,0.47,0.003,37.0,28.0
2024-08-23,광진구,7077,63982,29.1,26.5,33.2,0.0,0.0108,0.0772,0.65,0.0029,29.0,21.0
2024-08-23,구로구,6414,128609,28.0,25.7,31.7,0.0,0.0077,0.0766,0.31,0.0023,21.0,13.0
2024-08-23,금천구,2868,98539,28.3,25.1,32.4,0.0,0.0119,0.053,0.32,0.0023,28.0,17.0
2024-08-23,노원구,8911,166247,28.8,24.5,34.0,0.5,0.0114,0.0651,0.35,0.0021,31.0,21.0
2024-08-23,도봉구,3206,95101,28.0,25.3,32.1,1.5,0.0088,0.071,0.38,0.0019,24.0,18.0
2024-08-23,동대문구,4533,105864,28.7,25.9,32.8,1.5,0.0107,0.0667,0.36,0.002,34.0,22.0
2024-08-23,동작구,2598,94821,28.5,25.0,33.1,0.0,0.0093,0.0685,0.34,0.0022,28.0,20.0
2024-08-23,마포구,6625,279598,28.2,25.8,32.8,0.0,0.0131,0.0712,0.34,0.0023,29.0,21.0
2024-08-23,서대문구,2581,95932,27.3,24.6,32.3,0.0,0.0106,0.0698,0.48,0.0025,26.0,17.0
2024-08-23,서초구,4454,163596,28.1,25.1,33.1,0.0,0.0101,0.0706,0.36,0.0022,26.0,16.0
2024-08-23,성동구,5372,127084,28.0,25.9,31.8,0.0,0.0147,0.0651,0.35,0.0026,28.0,20.0
2024-08-23,성북구,3063,49636,27.7,25.5,31.9,0.0,0.0113,0.0589,0.45,0.0023,26.0,18.0
2024-08-23,송파구,13191,220138,29.1,26.5,33.4,0.0,0.0112,0.0587,0.35,0.0027,30.0,20.0
2024-08-23,양천구,9767,36443,28.5,25.9,32.2,0.0,0.011,0.065,0.32,0.0021,25.0,20.0
2024-08-23,영등포구,13485,337467,29.1,26.5,33.7,0.0,0.0132,0.0672,0.34,0.0023,28.0,20.0
2024-08-23,용산구,2748,0,28.9,26.5,32.6,0.0,0.0131,0.0601,0.39,0.002,31.0,24.0
2024-08-23,은평구,3434,128198,27.1,23.2,31.9,0.5,0.0118,0.0464,0.47,0.0024,30.0,20.0
2024-08-23,종로구,5289,249836,27.8,25.3,32.5,0.0,0.0146,0.0426,0.39,0.0035,27.0,22.0
2024-08-23,중구,3700,280262,26.8,24.0,31.2,0.0,0.0091,0.0535,0.23,0.0025,26.0,20.0
2024-08-23,중랑구,4163,92861,28.9,26.1,32.7,1.5,0.0141,0.0598,0.38,0.0021,29.0,22.0
2024-08-24,강남구,3406,240823,28.5,25.3,32.8,0.0,0.0158,0.0608,0.46,0.0024,41.0,32.0
2024-08-24,강동구,4316,63629,27.1,24.6,31.3,6.0,0.0142,0.0375,0.71,0.0017,41.0,33.0
2024-08-24,강북구,1587,37795,26.4,23.1,31.2,0.0,0.0089,0.0564,0.45,0.002,43.0,34.0
2024-08-24,강서구,12386,128550,28.0,25.3,32.8,1.0,0.0128,0.0622,0.46,0.0029,39.0,33.0
2024-08-24,관악구,3043,127388,26.3,23.0,30.8,1.0,0.0101,0.0346,0.47,0.0028,44.0,32.0
2024-08-24,광진구,4555,53323,28.1,25.6,33.1,7.0,0.0164,0.061,0.82,0.0028,42.0,32.0
2024-08-24,구로구,4680,85386,27.9,25.5,31.6,0.0,0.0084,0.0753,0.36,0.0024,33.0,23.0
2024-08-24,금천구,1603,38148,28.7,25.8,33.1,3.0,0.0145,0.0434,0.4,0.0024,40.0,30.0
2024-08-24,노원구,7443,123205,27.0,23.6,32.9,25.5,0.0134,0.0562,0.46,0.0022,41.0,32.0
2024-08-24,도봉구,2765,72643,27.2,24.3,31.2,1.5,0.0102,0.0586,0.49,0.0019,35.0,28.0
2024-08-24,동대문구,3129,75734,28.1,25.5,31.5,2.5,0.0139,0.058,0.46,0.0019,44.0,34.0
2024-08-24,동작구,2240,70418,27.5,24.5,33.2,1.0,0.0118,0.0601,0.43,0.0022,39.0,29.0
2024-08-24,마포구,5126,229343,27.5,24.8,32.0,10.0,0.0172,0.0662,0.45,0.0024,39.0,31.0
2024-08-24,서대문구,2056,74897,25.9,24.1,30.9,3.0,0.011,0.0571,0.6,0.003,34.0,24.0
2024-08-24,서초구,3235,134028,27.7,24.3,32.3,0.0,0.0137,0.0605,0.46,0.0022,36.0,25.0
2024-08-24,성동구,3100,83987,28.1,25.4,31.7,27.5,0.0177,0.0552,0.47,0.0026,40.0,31.0
2024-08-24,성북구,2400,33445,27.3,24.0,31.4,0.0,0.0126,0.0481,0.61,0.0023,38.0,29.0
2024-08-24,송파구,9070,148110,28.5,25.8,32.4,8.0,0.0157,0.051,0.48,0.0026,44.0,35.0
2024-08-24,양천구,6581,23516,27.7,24.4,31.7,29.0,0.012,0.0666,0.41,0.0023,34.0,32.0
2024-08-24,영등포구,8515,217892,28.3,24.9,32.5,19.0,0.0157,0.0666,0.46,0.0026,38.0,31.0
2024-08-24,용산구,2051,0,28.0,25.8,31.5,10.5,0.0237,0.044,0.56,0.0022,43.0,40.0
2024-08-24,은평구,3441,94919,26.4,22.2,31.7,0.0,0.0097,0.0422,0.55,0.0024,36.0,27.0
2024-08-24,종로구,2950,175342,28.1,25.3,31.2,0.5,0.015,0.0576,0.49,0.0038,38.0,33.0
2024-08-24,중구,1766,167522,26.4,23.1,31.3,3.5,0.009,0.0484,0.27,0.0027,37.0,31.0
2024-08-24,중랑구,2933,67325,28.1,25.4,32.5,4.0,0.012,0.0536,0.46,0.0021,42.0,33.0
2024-08-25,강남구,2997,148336,28.3,24.8,34.0,0.5,0.012,0.0607,0.48,0.0024,41.0,32.0
2024-08-25,강동구,4341,45899,26.9,24.2,32.9,5.0,0.011,0.0333,0.72,0.0017,37.0,32.0
2024-08-25,강북구,1575,28533,27.2,23.0,32.8,0.0,0.0063,0.0473,0.41,0.002,38.0,29.0
2024-08-25,강서구,11450,98940,28.7,24.5,33.8,0.0,0.0131,0.0559,0.48,0.003,37.0,31.0
2024-08-25,관악구,2439,92252,25.5,22.6,31.5,3.5,0.0127,0.0506,0.48,0.0028,41.0,30.0
2024-08-25,광진구,4393,39602,28.1,24.9,33.4,3.0,0.0123,0.0564,0.86,0.0029,41.0,31.0
2024-08-25,구로구,4145,62296,28.4,25.3,32.2,0.0,0.009,0.0675,0.37,0.0025,29.0,22.0
2024-08-25,금천구,1356,26209,29.0,25.6,34.2,10.0,0.0109,0.0422,0.37,0.0023,36.0,27.0
2024-08-25,노원구,6882,91714,26.8,23.2,33.1,0.0,0.011,0.0493,0.45,0.0022,38.0,31.0
2024-08-25,도봉구,2607,56727,27.5,24.3,32.4,0.0,0.0079,0.0539,0.45,0.0018,30.0,25.0
2024-08-25,동대문구,3050,57088,27.9,24.9,33.4,0.5,0.0124,0.0537,0.49,0.002,46.0,36.0
2024-08-25,동작구,1985,49166,27.5,23.9,33.0,1.0,0.012,0.0535,0.45,0.0022,38.0,28.0
2024-08-25,마포구,5317,173028,28.5,25.4,33.4,0.0,0.0146,0.059,0.46,0.0025,40.0,31.0
2024-08-25,서대문구,2098,55002,27.3,23.8,32.5,0.0,0.009,0.0557,0.57,0.0033,32.0,23.0
2024-08-25,서초구,3007,111464,27.7,23.6,33.3,0.0,0.0106,0.059,0.48,0.0022,34.0,27.0
2024-08-25,성동구,3444,64266,28.0,25.1,33.0,0.5,0.0149,0.0529,0.5,0.0027,41.0,32.0
2024-08-25,성북구,2339,26457,27.6,24.0,33.3,0.0,0.0112,0.0454,0.63,0.0023,36.0,28.0
2024-08-25,송파구,8747,111463,28.3,25.3,34.0,3.5,0.0145,0.0445,0.48,0.0031,40.0,31.0
2024-08-25,양천구,7385,16860,28.7,25.4,33.0,0.0,0.0119,0.0603,0.41,0.0024,34.0,30.0
2024-08-25,영등포구,8724,161710,29.4,26.5,33.7,0.0,0.014,0.061,0.46,0.0026,37.0,30.0
2024-08-25,용산구,2190,0,28.8,25.2,33.0,0.0,0.0184,0.0456,0.57,0.0024,44.0,41.0
2024-08-25,은평구,2849,69145,27.0,22.2,32.8,0.0,0.0071,0.0372,0.51,0.0024,33.0,25.0
2024-08-25,종로구,2796,120503,28.4,25.0,32.1,5.0,0.0109,0.0572,0.48,0.0036,37.0,32.0
2024-08-25,중구,1836,126094,27.0,23.9,32.4,0.0,0.0069,0.0497,0.25,0.0027,36.0,31.0
2024-08-25,중랑구,2729,48800,27.7,24.9,33.0,15.5,0.0098,0.0447,0.47,0.0021,43.0,32.0
2024-08-26,강남구,4120,392600,26.8,22.5,32.3,22.0,0.0233,0.0435,0.51,0.0024,41.0,32.0
2024-08-26,강동구,5423,91936,26.8,24.4,30.8,0.5,0.0191,0.0255,0.71,0.0016,37.0,30.0
2024-08-26,강북구,1952,46449,26.7,23.8,31.2,0.0,0.0081,0.0339,0.39,0.0021,35.0,27.0
2024-08-26,강서구,20488,183776,28.5,25.6,32.1,0.0,0.0161,0.0346,0.46,0.0031,37.0,28.0
2024-08-26,관악구,2887,147913,25.6,23.0,30.9,3.5,0.0238,0.0254,0.55,0.0028,42.0,33.0
2024-08-26,광진구,6317,58527,27.3,23.8,32.6,6.0,0.025,0.0401,0.76,0.0029,39.0,29.0
2024-08-26,구로구,5387,125459,27.9,26.0,30.8,4.0,0.0143,0.0527,0.37,0.0022,30.0,21.0
2024-08-26,금천구,2771,99325,28.6,26.2,33.2,0.5,0.0147,0.026,0.33,0.0014,39.0,28.0
2024-08-26,노원구,9071,159072,27.0,23.5,31.7,0.0,0.0126,0.0335,0.4,0.0023,36.0,27.0
2024-08-26,도봉구,3292,90167,27.3,25.1,30.2,0.0,0.0108,0.0378,0.43,0.0018,29.0,21.0
2024-08-26,동대문구,4547,100501,28.0,25.1,31.8,0.0,0.0187,0.0366,0.48,0.002,42.0,31.0
2024-08-26,동작구,2510,88436,27.3,24.7,33.4,0.5,0.0209,0.0367,0.49,0.0023,40.0,29.0
2024-08-26,마포구,6524,254109,28.1,26.0,30.9,0.0,0.0172,0.0404,0.43,0.0023,36.0,27.0
2024-08-26,서대문구,2617,88947,26.8,24.6,30.3,0.0,0.012,0.0373,0.56,0.003,30.0,21.0
2024-08-26,서초구,4025,145163,26.4,23.0,32.1,3.0,0.0209,0.0422,0.5,0.0022,36.0,25.0
2024-08-26,성동구,5230,119245,27.8,25.6,32.5,0.0,0.0242,0.0403,0.49,0.0032,39.0,30.0
2024-08-26,성북구,2990,46790,27.2,24.7,30.9,0.5,0.0164,0.0317,0.61,0.0023,33.0,25.0
2024-08-26,송파구,10647,193589,27.4,23.6,31.7,10.5,0.024,0.0337,0.49,0.0025,42.0,30.0
2024-08-26,양천구,8516,34640,28.6,26.5,31.5,0.5,0.0164,0.0364,0.4,0.0021,34.0,28.0
2024-08-26,영등포구,12444,317127,29.1,27.0,31.9,3.5,0.0214,0.0355,0.46,0.0024,36.0,27.0
2024-08-26,용산구,2629,0,28.4,26.2,31.9,0.0,0.0333,0.0274,0.6,0.0024,42.0,34.0
2024-08-26,은평구,3528,122744,26.3,23.0,31.6,0.0,0.0093,0.0257,0.5,0.0023,31.0,22.0
2024-08-26,종로구,5067,229344,27.8,25.9,31.5,7.0,0.0182,0.0421,0.51,0.0034,35.0,29.0
2024-08-26,중구,3772,266291,26.7,24.4,29.9,1.5,0.0108,0.0341,0.25,0.0026,33.0,27.0
2024-08-26,중랑구,3866,87947,27.6,25.4,31.6,1.5,0.0145,0.0344,0.44,0.0021,40.0,30.0
2024-08-27,강남구,4885,409299,26.3,24.4,30.8,0.5,0.0169,0.0284,0.34,0.0023,22.0,15.0
2024-08-27,강동구,6323,93205,26.1,24.4,29.7,0.5,0.0145,0.0167,0.54,0.0017,20.0,14.0
2024-08-27,강북구,1970,47859,24.0,21.5,29.8,0.5,0.0069,0.0318,0.29,0.002,21.0,11.0
2024-08-27,강서구,18000,187693,26.6,23.7,31.2,0.0,0.0153,0.0328,0.36,0.003,24.0,13.0
2024-08-27,관악구,3289,153915,24.6,21.9,29.3,0.5,0.016,0.0282,0.36,0.0027,21.0,18.0
2024-08-27,광진구,6932,59899,26.9,25.0,30.8,0.5,0.0144,0.0316,0.47,0.003,22.0,13.0
2024-08-27,구로구,6172,128701,26.7,25.2,29.6,0.5,0.0113,0.0384,0.31,0.0021,15.0,8.0
2024-08-27,금천구,2838,101039,27.5,26.0,31.4,0.0,0.0169,0.0259,0.37,0.0028,22.0,11.0
2024-08-27,노원구,9228,161540,25.3,20.9,30.3,0.5,0.0132,0.0258,0.32,0.0021,23.0,14.0
2024-08-27,도봉구,3400,92847,25.1,22.4,29.4,0.5,0.012,0.0342,0.31,0.0018,18.0,11.0
2024-08-27,동대문구,4696,103416,26.9,25.1,30.6,0.0,0.0142,0.0268,0.34,0.0019,25.0,14.0
2024-08-27,동작구,2874,90859,26.4,23.7,32.1,0.0,0.0188,0.0257,0.37,0.0024,23.0,14.0
2024-08-27,마포구,6552,264628,26.8,24.1,30.7,0.0,0.0149,0.036,0.33,0.0022,23.0,13.0
2024-08-27,서대문구,2669,92538,24.7,21.6,29.3,0.0,0.0129,0.0328,0.4,0.0023,18.0,10.0
2024-08-27,서초구,4627,148637,26.2,23.8,30.2,0.0,0.0153,0.0303,0.33,0.0021,22.0,10.0
2024-08-27,성동구,5373,124399,27.2,25.3,30.4,0.0,0.0148,0.0259,0.32,0.0035,22.0,14.0
2024-08-27,성북구,3079,48343,25.4,22.5,29.3,0.5,0.0129,0.0247,0.45,0.0023,20.0,12.0
2024-08-27,송파구,12728,206723,27.1,25.2,30.9,0.5,0.0174,0.0234,0.37,0.0023,24.0,13.0
2024-08-27,양천구,9368,35684,27.4,25.6,31.0,0.0,0.0168,0.0298,0.31,0.0022,22.0,13.0
2024-08-27,영등포구,13389,327634,28.1,26.3,32.2,0.0,0.0196,0.0299,0.36,0.0023,23.0,14.0
2024-08-27,용산구,2819,0,27.8,26.0,31.7,0.0,0.0259,0.0212,0.4,0.0024,25.0,14.0
2024-08-27,은평구,3465,124435,24.5,20.4,30.1,0.0,0.0114,0.0223,0.34,0.0022,16.0,11.0
2024-08-27,종로구,4781,240108,26.9,25.4,30.0,0.0,0.0142,0.0316,0.37,0.0032,20.0,14.0
2024-08-27,중구,3646,274943,25.2,23.4,28.3,0.0,0.0095,0.0271,0.23,0.0029,19.0,12.0
2024-08-27,중랑구,4201,89607,26.7,25.2,30.3,0.0,0.0121,0.0233,0.34,0.0021,21.0,13.0
2024-08-28,강남구,5194,409630,28.6,22.6,34.3,0.0,0.0117,0.0436,0.27,0.0023,14.0,8.0
2024-08-28,강동구,6967,94421,27.6,23.0,32.8,0.0,0.0075,0.029,0.47,0.0016,13.0,7.0
2024-08-28,강북구,2111,48533,26.5,20.0,33.4,0.0,0.0071,0.0415,0.26,0.0021,16.0,8.0
2024-08-28,강서구,21270,189034,28.5,22.8,35.0,0.0,0.0119,0.0448,0.33,0.0028,13.0,8.0
2024-08-28,관악구,3459,157828,26.6,22.0,32.7,0.0,0.0111,0.0351,0.3,0.0026,16.0,9.0
2024-08-28,광진구,7601,61383,28.4,22.9,34.0,0.0,0.0116,0.0503,0.42,0.0029,14.0,8.0
2024-08-28,구로구,6746,130380,29.0,24.0,33.4,0.0,0.0074,0.0514,0.3,0.0021,7.0,5.0
2024-08-28,금천구,3318,100292,29.0,24.0,34.6,0.0,0.009,0.0461,0.28,0.0026,13.0,6.0
2024-08-28,노원구,10073,165384,26.5,19.4,33.0,0.0,0.0097,0.0403,0.27,0.002,15.0,8.0
2024-08-28,도봉구,3555,94134,26.7,20.7,33.5,0.0,0.0103,0.0447,0.23,0.0018,10.0,7.0
2024-08-28,동대문구,5226,105425,28.3,23.1,33.9,0.0,0.0103,0.0399,0.29,0.0019,16.0,8.0
2024-08-28,동작구,3114,92034,28.4,21.7,35.1,0.0,0.012,0.0422,0.28,0.0022,15.0,9.0
2024-08-28,마포구,7368,267094,28.4,23.2,33.7,0.0,0.0089,0.053,0.27,0.0022,16.0,8.0
2024-08-28,서대문구,3006,94114,27.1,21.2,32.7,0.0,0.0085,0.053,0.32,0.0023,11.0,6.0
2024-08-28,서초구,4913,151060,28.1,22.4,33.6,0.0,0.0091,0.0457,0.26,0.002,14.0,5.0
2024-08-28,성동구,6193,125991,28.6,24.0,34.0,0.0,0.0082,0.0458,0.26,0.0029,15.0,9.0
2024-08-28,성북구,3501,49092,27.4,21.9,33.3,0.0,0.0096,0.0373,0.35,0.0022,13.0,5.0
2024-08-28,송파구,14270,208649,28.7,23.8,34.3,0.0,0.0097,0.0388,0.28,0.0021,15.0,9.0
2024-08-28,양천구,10329,36229,28.7,24.4,33.7,0.0,0.01,0.0442,0.26,0.002,13.0,8.0
2024-08-28,영등포구,14935,336208,29.6,24.8,34.8,0.0,0.0123,0.0486,0.3,0.0021,16.0,10.0
2024-08-28,용산구,3026,0,29.1,24.3,35.2,0.0,0.0241,0.033,0.33,0.0022,16.0,8.0
2024-08-28,은평구,3949,126905,27.6,20.1,33.3,0.0,0.0077,0.0352,0.26,0.0023,10.0,8.0
2024-08-28,종로구,5316,248239,28.3,23.3,33.1,0.0,0.0098,0.0457,0.29,0.0028,12.0,8.0
2024-08-28,중구,4133,280222,26.5,22.0,32.1,0.0,0.0072,0.0372,0.21,0.0028,12.0,7.0
2024-08-28,중랑구,4587,90635,28.4,23.6,33.8,0.0,0.0083,0.0389,0.26,0.0019,14.0,8.0
2024-08-29,강남구,5251,405257,28.8,24.0,33.8,0.0,0.0087,0.0398,0.24,0.0021,11.0,6.0
2024-08-29,강동구,6936,93543,27.6,23.4,32.2,0.0,0.0057,0.0285,0.44,0.0015,8.0,5.0
2024-08-29,강북구,2200,48133,26.7,20.2,33.1,0.0,0.0059,0.0403,0.23,0.0021,10.0,4.0
2024-08-29,강서구,21374,190140,28.5,23.1,34.3,0.0,0.0093,0.0494,0.28,0.0027,9.0,4.0
2024-08-29,관악구,3565,157509,27.1,22.0,33.1,0.0,0.0084,0.0176,0.27,0.0025,11.0,5.0
2024-08-29,광진구,7589,61260,28.4,23.5,33.8,0.0,0.011,0.048,0.38,0.003,10.0,5.0
2024-08-29,구로구,6908,129594,28.9,24.8,33.4,0.0,0.0058,0.0436,0.27,0.002,4.0,1.0
2024-08-29,금천구,3321,100281,29.1,25.0,34.2,0.0,0.0093,0.0454,0.27,0.0024,9.0,4.0
2024-08-29,노원구,9812,162945,26.7,19.4,32.9,0.0,0.0075,0.0382,0.23,0.002,11.0,5.0
2024-08-29,도봉구,3693,93787,27.0,21.3,32.9,0.0,0.0085,0.0429,0.2,0.0019,8.0,4.0
2024-08-29,동대문구,5168,105358,28.3,23.7,33.3,0.0,0.0084,0.0381,0.25,0.0018,11.0,4.0
2024-08-29,동작구,2970,91981,29.1,22.7,35.0,0.0,0.0084,0.0452,0.24,0.0021,11.0,5.0
2024-08-29,마포구,7426,270816,28.1,23.8,34.2,0.0,0.007,0.0499,0.24,0.0021,11.0,4.0
2024-08-29,서대문구,3088,95050,27.2,21.8,33.3,0.0,0.0081,0.0482,0.29,0.0027,9.0,4.0
2024-08-29,서초구,5101,152015,28.3,23.9,33.4,0.0,0.0081,0.0438,0.22,0.002,7.0,2.0
2024-08-29,성동구,6242,127130,28.4,24.3,32.9,0.0,0.007,0.0431,0.23,0.0028,11.0,5.0
2024-08-29,성북구,3476,49029,27.1,22.3,32.9,0.0,0.0082,0.0347,0.3,0.0022,9.0,2.0
2024-08-29,송파구,14290,207932,28.8,24.7,33.6,0.0,0.008,0.0398,0.26,0.002,11.0,5.0
2024-08-29,양천구,10237,35781,28.8,25.1,34.0,0.0,0.0099,0.0397,0.23,0.002,9.0,5.0
2024-08-29,영등포구,14743,330881,29.5,25.5,35.3,0.0,0.0115,0.0448,0.27,0.0021,11.0,6.0
2024-08-29,용산구,3137,0,29.0,24.6,34.4,0.0,0.022,0.0301,0.29,0.0021,11.0,4.0
2024-08-29,은평구,3995,125866,27.3,20.8,32.6,0.0,0.0061,0.0321,0.22,0.0023,8.0,5.0
2024-08-29,종로구,5362,245170,28.4,24.1,33.4,0.0,0.0083,0.042,0.26,0.0026,9.0,4.0
2024-08-29,중구,4159,281349,26.4,22.5,31.4,0.0,0.0071,0.032,0.26,0.0031,11.0,6.0
2024-08-29,중랑구,4419,90087,28.2,23.6,33.3,0.0,0.0072,0.0376,0.24,0.0018,9.0,4.0
2024-08-30,강남구,5263,409228,29.0,24.1,34.5,0.0,0.0125,0.0374,0.28,0.0024,15.0,7.0
2024-08-30,강동구,6995,95930,27.8,23.1,34.1,0.0,0.0095,0.0279,0.41,0.0019,14.0,7.0
2024-08-30,강북구,2128,49485,26.7,21.2,32.7,0.0,0.0051,0.0403,0.23,0.002,13.0,6.0
2024-08-30,강서구,21372,194326,28.0,23.4,34.2,0.0,0.0114,0.0391,0.27,0.0027,15.0,6.0
2024-08-30,관악구,3443,164668,25.8,21.3,32.2,0.0,0.0101,0.027,0.29,0.0025,16.0,7.0
2024-08-30,광진구,7553,65152,29.0,23.8,34.6,0.0,0.0131,0.0445,0.41,0.0027,14.0,6.0
2024-08-30,구로구,6657,131776,28.4,24.2,33.2,0.0,0.0087,0.0383,0.28,0.0023,9.0,4.0
2024-08-30,금천구,3228,99595,29.0,25.2,34.3,0.0,0.0141,0.0395,0.27,0.0026,13.0,5.0
2024-08-30,노원구,10247,161285,27.7,21.2,35.2,0.0,0.0078,0.0384,0.25,0.002,15.0,6.0
2024-08-30,도봉구,3697,96537,27.8,23.0,34.1,0.0,0.0092,0.0412,0.22,0.0021,12.0,6.0
2024-08-30,동대문구,5167,108068,28.6,23.8,34.3,0.0,0.0091,0.0363,0.27,0.0019,16.0,6.0
2024-08-30,동작구,3014,96664,28.1,22.6,34.1,0.0,0.0119,0.0405,0.27,0.0022,14.0,7.0
2024-08-30,마포구,7652,284708,28.5,24.1,34.0,0.0,0.0121,0.0383,0.27,0.0022,17.0,7.0
2024-08-30,서대문구,2945,102223,26.7,21.8,33.0,0.0,0.0102,0.0386,0.34,0.0021,12.0,5.0
2024-08-30,서초구,5076,163996,28.6,23.7,33.5,0.0,0.0116,0.0352,0.25,0.0022,15.0,4.0
2024-08-30,성동구,6114,131061,28.5,24.3,33.5,0.0,0.013,0.0371,0.26,0.0029,15.0,7.0
2024-08-30,성북구,3380,49726,27.4,22.9,32.7,0.0,0.0089,0.0316,0.3,0.0023,12.0,5.0
2024-08-30,송파구,14563,204309,28.8,24.2,34.0,0.0,0.0127,0.0385,0.27,0.002,15.0,6.0
2024-08-30,양천구,10563,37069,28.4,24.6,33.1,0.0,0.0112,0.0327,0.24,0.0022,13.0,6.0
2024-08-30,영등포구,14635,343525,29.1,25.6,34.4,0.0,0.0148,0.037,0.28,0.0024,15.0,7.0
2024-08-30,용산구,3314,0,29.0,24.7,34.0,0.0,0.0155,0.0334,0.32,0.002,16.0,7.0
2024-08-30,은평구,4014,128797,26.1,21.0,32.5,0.0,0.0091,0.0243,0.28,0.0025,14.0,8.0
2024-08-30,종로구,5400,251368,28.6,24.7,33.3,0.0,0.0108,0.0381,0.29,0.0028,13.0,6.0
2024-08-30,중구,4101,291908,26.6,22.7,32.5,0.0,0.006,0.0371,0.26,0.0032,12.0,6.0
2024-08-30,중랑구,4634,93654,28.5,23.9,34.0,0.0,0.0099,0.0282,0.26,0.0019,12.0,6.0
2024-08-31,강남구,4113,235863,28.1,23.2,33.7,0.0,0.011,0.0549,0.37,0.0025,38.0,21.0
2024-08-31,강동구,5814,64997,27.2,22.5,32.8,0.0,0.0093,0.0534,0.38,0.0024,38.0,20.0
2024-08-31,강북구,1907,38938,25.8,20.3,33.0,0.0,0.0059,0.0556,0.32,0.0021,32.0,18.0
2024-08-31,강서구,14480,132591,27.5,22.8,33.5,0.0,0.01,0.0584,0.36,0.0027,36.0,20.0
2024-08-31,관악구,3365,130889,25.1,19.4,32.5,0.0,0.0124,0.054,0.39,0.0027,41.0,22.0
2024-08-31,광진구,6724,54728,28.3,23.5,33.8,0.0,0.0105,0.0667,0.53,0.0024,36.0,19.0
2024-08-31,구로구,5022,87313,27.3,22.8,32.5,0.0,0.0077,0.0552,0.36,0.0026,35.0,17.0
2024-08-31,금천구,1891,38647,28.3,23.9,33.5,0.0,0.0141,0.0545,0.39,0.0028,35.0,19.0
2024-08-31,노원구,8676,117498,25.6,19.7,33.0,0.0,0.0087,0.0554,0.33,0.0022,38.0,20.0
2024-08-31,도봉구,3110,73611,26.6,21.6,33.2,0.0,0.0088,0.0597,0.27,0.0022,30.0,17.0
2024-08-31,동대문구,4381,79362,28.2,22.8,33.4,0.0,0.0083,0.0565,0.35,0.0021,40.0,20.0
2024-08-31,동작구,2892,72970,27.2,21.8,34.2,0.0,0.0108,0.0632,0.37,0.0027,37.0,21.0
2024-08-31,마포구,6977,233003,27.4,22.3,33.6,0.0,0.0117,0.055,0.35,0.0025,38.0,20.0
2024-08-31,서대문구,2470,76887,25.8,20.5,32.5,0.0,0.0095,0.0544,0.42,0.0021,33.0,16.0
2024-08-31,서초구,4092,136053,27.7,23.5,33.3,0.0,0.0112,0.0538,0.34,0.0024,38.0,17.0
2024-08-31,성동구,4732,88186,27.9,23.9,33.3,0.0,0.0122,0.0585,0.35,0.0028,38.0,21.0
2024-08-31,성북구,2818,34740,26.8,21.3,32.7,0.0,0.0086,0.052,0.36,0.0026,35.0,17.0
2024-08-31,송파구,12587,150614,28.5,23.9,34.8,0.0,0.0121,0.056,0.37,0.0023,40.0,21.0
2024-08-31,양천구,8810,24789,28.0,23.5,33.7,0.0,0.009,0.0529,0.31,0.0025,33.0,19.0
2024-08-31,영등포구,11456,223521,28.4,23.9,33.9,0.0,0.0121,0.0569,0.37,0.0027,35.0,20.0
2024-08-31,용산구,2953,0,28.4,24.4,33.8,0.0,0.0156,0.05,0.42,0.0023,41.0,22.0
2024-08-31,은평구,3514,95910,24.7,18.6,32.5,0.0,0.0083,0.0346,0.37,0.0025,33.0,19.0
2024-08-31,종로구,3692,187336,27.7,23.0,32.9,0.0,0.0105,0.0571,0.36,0.0031,33.0,20.0
2024-08-31,중구,2391,180407,26.6,21.4,32.8,0.0,0.0056,0.0557,0.36,0.0034,32.0,19.0
2024-08-31,중랑구,4035,69260,28.2,23.4,33.1,0.0,0.0089,0.0504,0.34,0.002,33.0,18.0
2024-09-01,강남구,3780,143734,27.6,24.3,32.6,0.0,0.0108,0.0472,0.41,0.0025,32.0,24.0
2024-09-01,강동구,5614,47551,27.0,22.9,32.1,0.0,0.0098,0.0481,0.41,0.0024,31.0,22.0
2024-09-01,강북구,1804,29535,25.6,21.7,31.1,0.0,0.0084,0.0495,0.36,0.0023,27.0,20.0
2024-09-01,강서구,12925,100786,27.0,23.1,32.5,0.0,0.0101,0.0577,0.38,0.0027,30.0,20.0
2024-09-01,관악구,3154,93293,24.5,20.4,30.0,0.0,0.0096,0.0498,0.42,0.0027,35.0,23.0
2024-09-01,광진구,6541,40521,27.8,24.3,32.7,0.0,0.0106,0.0569,0.58,0.0026,31.0,22.0
2024-09-01,구로구,4565,63739,26.8,24.1,31.4,0.0,0.0061,0.0571,0.38,0.0026,26.0,17.0
2024-09-01,금천구,1543,27286,27.3,24.6,31.6,0.0,0.0125,0.0482,0.45,0.0029,30.0,20.0
2024-09-01,노원구,7729,86661,26.6,21.0,33.3,0.0,0.0116,0.0487,0.37,0.0022,31.0,21.0
2024-09-01,도봉구,2923,57709,26.3,22.5,32.6,0.0,0.0109,0.0536,0.3,0.0023,22.0,18.0
2024-09-01,동대문구,3957,59457,27.5,24.2,32.3,0.0,0.0105,0.0463,0.39,0.0022,33.0,21.0
2024-09-01,동작구,2738,50107,26.7,23.0,32.4,0.0,0.0097,0.0523,0.4,0.0031,30.0,22.0
2024-09-01,마포구,6448,175817,27.3,24.4,32.4,0.0,0.0102,0.0581,0.38,0.0025,31.0,21.0
2024-09-01,서대문구,2510,56199,25.9,22.4,31.5,0.0,0.0107,0.0496,0.46,0.0021,26.0,16.0
2024-09-01,서초구,3962,115796,26.6,22.7,32.0,0.0,0.0068,0.0501,0.36,0.0024,35.0,19.0
2024-09-01,성동구,4663,66554,27.1,24.6,31.2,0.0,0.0122,0.0496,0.39,0.0027,32.0,23.0
2024-09-01,성북구,2774,27040,26.1,22.6,30.9,0.0,0.0101,0.0434,0.39,0.0026,25.0,16.0
2024-09-01,송파구,11628,112401,27.8,24.9,33.0,0.0,0.0114,0.0485,0.4,0.0024,35.0,24.0
2024-09-01,양천구,8029,17491,27.0,24.6,31.4,0.0,0.0092,0.0519,0.35,0.0025,27.0,21.0
2024-09-01,영등포구,10896,165899,27.8,25.3,32.3,0.0,0.0091,0.0577,0.38,0.0026,31.0,22.0
2024-09-01,용산구,3054,0,27.8,25.6,32.3,0.0,0.0136,0.0444,0.45,0.0023,35.0,26.0
2024-09-01,은평구,3343,70516,24.4,20.3,30.8,0.0,0.0089,0.035,0.41,0.0026,28.0,19.0
2024-09-01,종로구,3230,127098,26.7,24.0,31.3,0.0,0.0116,0.0496,0.4,0.0033,30.0,21.0
2024-09-01,중구,2081,134860,26.1,23.2,31.5,0.0,0.0069,0.0481,0.4,0.0033,30.0,20.0
2024-09-01,중랑구,3776,50149,27.8,24.4,32.6,0.0,0.0114,0.0454,0.4,0.0021,31.0,22.0
2024-09-02,강남구,5142,393585,25.1,20.9,28.1,1.0,0.0166,0.0269,0.36,0.0024,21.0,15.0
2024-09-02,강동구,6211,94480,24.3,22.1,27.1,0.5,0.013,0.0275,0.4,0.0022,22.0,15.0
2024-09-02,강북구,2002,48631,22.9,20.2,26.2,0.5,0.0099,0.0303,0.32,0.0022,18.0,12.0
2024-09-02,강서구,18967,187149,24.8,21.3,27.8,2.0,0.0168,0.0352,0.39,0.003,19.0,12.0
2024-09-02,관악구,3263,152409,22.7,19.7,27.0,2.0,0.0165,0.0301,0.37,0.0025,22.0,13.0
2024-09-02,광진구,7659,63088,25.0,22.0,27.7,1.5,0.0139,0.0341,0.54,0.0023,21.0,14.0
2024-09-02,구로구,5985,129154,24.8,22.3,27.4,2.0,0.0113,0.0355,0.39,0.0024,16.0,9.0
2024-09-02,금천구,2786,102426,25.5,23.3,27.8,1.5,0.0159,0.0316,0.36,0.0026,19.0,12.0
2024-09-02,노원구,9509,156293,24.1,21.5,27.4,1.0,0.0142,0.0278,0.32,0.0021,20.0,13.0
2024-09-02,도봉구,3436,94544,23.8,22.1,27.0,0.0,0.0146,0.0324,0.26,0.0022,16.0,11.0
2024-09-02,동대문구,5303,108700,24.9,21.8,28.0,1.5,0.0154,0.0277,0.36,0.0019,23.0,13.0
2024-09-02,동작구,2895,93701,24.8,21.2,28.1,1.5,0.0184,0.03,0.37,0.0025,21.0,13.0
2024-09-02,마포구,6864,258102,24.4,20.9,27.1,2.0,0.0152,0.035,0.35,0.0023,20.0,12.0
2024-09-02,서대문구,3000,100286,22.9,19.7,26.3,2.5,0.0124,0.0342,0.42,0.0021,18.0,11.0
2024-09-02,서초구,4715,148488,24.3,21.2,27.4,2.0,0.0143,0.0284,0.31,0.0023,33.0,10.0
2024-09-02,성동구,5839,129697,25.2,22.4,27.5,2.0,0.0139,0.0317,0.34,0.0031,21.0,15.0
2024-09-02,성북구,3586,50638,23.3,20.6,25.8,1.5,0.0149,0.0244,0.37,0.0024,17.0,10.0
2024-09-02,송파구,12873,199219,25.6,23.4,28.2,1.0,0.0174,0.0267,0.38,0.0024,24.0,15.0
2024-09-02,양천구,9010,36402,25.2,22.8,27.6,2.0,0.0159,0.0294,0.31,0.0021,18.0,12.0
2024-09-02,영등포구,13201,319408,25.9,23.7,28.3,2.0,0.0183,0.033,0.36,0.0021,21.0,13.0
2024-09-02,용산구,2769,0,25.5,23.0,27.9,1.5,0.0254,0.0238,0.41,0.0024,23.0,14.0
2024-09-02,은평구,3804,126812,23.2,19.7,27.4,0.0,0.0118,0.0242,0.35,0.0025,18.0,12.0
2024-09-02,종로구,5070,233254,24.5,22.1,27.1,2.0,0.0154,0.0316,0.36,0.003,19.0,14.0
2024-09-02,중구,3569,276215,22.9,20.4,25.4,2.0,0.0109,0.0268,0.4,0.0032,20.0,12.0
2024-09-02,중랑구,4375,92540,25.0,22.1,27.7,1.5,0.0131,0.0267,0.36,0.002,20.0,14.0
2024-09-03,강남구,5903,410927,27.4,23.0,32.6,0.0,0.0131,0.0352,0.28,0.0022,13.0,6.0
2024-09-03,강동구,7213,96826,26.4,22.9,31.2,0.0,0.0085,0.0376,0.28,0.0022,12.0,5.0
2024-09-03,강북구,2406,51132,24.9,19.8,31.3,0.0,0.0067,0.0421,0.25,0.0019,10.0,4.0
2024-09-03,강서구,22787,191438,27.4,23.6,32.7,0.0,0.0135,0.0488,0.32,0.0028,12.0,5.0
2024-09-03,관악구,3832,158544,25.7,22.0,31.4,0.0,0.0121,0.0413,0.28,0.0024,14.0,5.0
2024-09-03,광진구,8378,63596,26.9,23.2,33.0,0.0,0.0089,0.0464,0.4,0.0022,12.0,4.0
2024-09-03,구로구,7247,132371,27.4,23.6,31.6,0.0,0.0071,0.0429,0.34,0.0021,10.0,4.0
2024-09-03,금천구,3531,103668,27.7,23.8,33.0,0.0,0.0093,0.0503,0.26,0.0024,10.0,5.0
2024-09-03,노원구,10705,159629,25.8,21.3,31.6,0.0,0.0086,0.043,0.24,0.0018,13.0,5.0
2024-09-03,도봉구,3939,98501,26.2,21.5,33.5,0.0,0.0104,0.0457,0.16,0.002,9.0,5.0
2024-09-03,동대문구,5890,111683,27.0,23.4,32.0,0.0,0.0092,0.0399,0.26,0.0016,14.0,4.0
2024-09-03,동작구,3323,96948,26.8,22.8,33.2,0.0,0.0116,0.045,0.27,0.0022,13.0,5.0
2024-09-03,마포구,8103,266286,27.0,23.2,32.3,0.0,0.0099,0.0538,0.28,0.0022,14.0,6.0
2024-09-03,서대문구,3186,104719,25.7,22.6,31.1,0.0,0.009,0.0492,0.28,0.0019,12.0,4.0
2024-09-03,서초구,5642,154665,26.6,23.0,31.3,0.0,0.0087,0.0428,0.24,0.002,21.0,3.0
2024-09-03,성동구,6759,135571,27.0,23.8,32.0,0.0,0.0082,0.0433,0.24,0.0026,12.0,6.0
2024-09-03,성북구,4124,52746,25.7,22.3,31.1,0.0,0.0105,0.0371,0.24,0.0023,13.0,4.0
2024-09-03,송파구,15074,205809,27.4,24.0,33.0,0.0,0.01,0.0388,0.27,0.0019,12.0,4.0
2024-09-03,양천구,10400,37473,27.6,24.0,32.0,0.0,0.0113,0.0425,0.25,0.002,13.0,5.0
2024-09-03,영등포구,15449,331081,28.4,24.5,33.3,0.0,0.0128,0.0427,0.29,0.0021,14.0,6.0
2024-09-03,용산구,3366,0,27.7,24.0,32.9,0.0,0.0244,0.0306,0.32,0.0021,14.0,5.0
2024-09-03,은평구,4153,129917,26.3,23.1,32.1,0.0,0.0074,0.0355,0.21,0.0023,13.0,5.0
2024-09-03,종로구,5770,248473,27.1,23.0,32.5,0.0,0.01,0.0437,0.27,0.0025,10.0,5.0
2024-09-03,중구,4361,292873,25.0,21.7,29.8,0.0,0.0087,0.0369,0.33,0.0027,14.0,5.0
2024-09-03,중랑구,4938,94376,26.9,23.4,31.9,0.0,0.0075,0.0376,0.25,0.0017,12.0,5.0
2024-09-04,강남구,5454,409171,28.3,23.2,33.6,0.0,0.0153,0.048,0.32,0.0027,19.0,10.0
2024-09-04,강동구,7421,97250,27.0,22.8,32.0,0.0,0.0124,0.0401,0.34,0.0024,20.0,11.0
2024-09-04,강북구,2287,50687,26.2,20.8,32.2,0.0,0.0087,0.056,0.29,0.0022,18.0,9.0
2024-09-04,강서구,22865,193227,28.4,24.3,33.7,0.0,0.0142,0.0574,0.33,0.0028,18.0,9.0
2024-09-04,관악구,3677,160124,26.0,20.9,32.1,0.0,0.0137,0.0511,0.3,0.0027,21.0,10.0
2024-09-04,광진구,8030,66257,28.1,23.3,33.3,0.0,0.0118,0.0596,0.49,0.0026,18.0,9.0
2024-09-04,구로구,7218,134458,28.2,23.8,32.4,0.0,0.0082,0.0535,0.33,0.0024,15.0,7.0
2024-09-04,금천구,3508,103254,28.3,23.8,33.3,0.0,0.0154,0.0552,0.31,0.0027,15.0,11.0
2024-09-04,노원구,10773,161432,25.9,20.3,32.9,0.0,0.0112,0.0532,0.27,0.0021,19.0,9.0
2024-09-04,도봉구,3758,98971,27.3,22.4,34.4,0.0,0.0118,0.0602,0.2,0.0022,15.0,7.0
2024-09-04,동대문구,5667,113232,27.9,23.3,32.8,0.0,0.0119,0.0505,0.32,0.0021,22.0,10.0
2024-09-04,동작구,3227,97651,27.8,22.2,33.6,0.0,0.0151,0.0501,0.3,0.0024,19.0,10.0
2024-09-04,마포구,7972,271060,27.9,23.3,33.0,0.0,0.0137,0.058,0.32,0.0025,22.0,10.0
2024-09-04,서대문구,3224,104789,26.9,22.5,32.5,0.0,0.0112,0.0608,0.37,0.0022,21.0,8.0
2024-09-04,서초구,5428,155997,27.4,22.5,32.6,0.0,0.0096,0.0523,0.26,0.0024,18.0,6.0
2024-09-04,성동구,6497,136323,27.5,23.4,32.9,0.0,0.0155,0.051,0.31,0.0027,20.0,9.0
2024-09-04,성북구,4120,53084,26.8,21.8,32.1,0.0,0.0123,0.0493,0.3,0.0027,20.0,9.0
2024-09-04,송파구,15046,216118,28.5,23.8,33.5,0.0,0.0156,0.0456,0.32,0.0025,20.0,10.0
2024-09-04,양천구,10482,37772,28.0,24.3,32.7,0.0,0.0139,0.0502,0.28,0.0031,18.0,10.0
2024-09-04,영등포구,15212,335946,28.8,24.7,34.1,0.0,0.0158,0.0545,0.33,0.0025,20.0,11.0
2024-09-04,용산구,3341,0,28.5,24.3,33.6,0.0,0.0226,0.0435,0.38,0.0025,22.0,10.0
2024-09-04,은평구,4240,131789,26.5,21.8,32.6,0.0,0.0101,0.0446,0.3,0.0026,19.0,12.0
2024-09-04,종로구,6041,255502,28.1,23.2,33.5,0.0,0.0138,0.0521,0.33,0.0031,19.0,10.0
2024-09-04,중구,4352,296730,26.2,21.5,32.4,0.0,0.0092,0.049,0.38,0.0031,19.0,9.0
2024-09-04,중랑구,4705,94555,28.0,23.0,33.5,0.0,0.0114,0.0445,0.29,0.0021,15.0,8.0
2024-09-05,강남구,4315,413396,26.7,25.1,31.1,22.5,0.0141,0.0409,0.33,0.0027,26.0,16.0
2024-09-05,강동구,5917,95788,26.1,24.3,29.5,6.5,0.0154,0.038,0.48,0.0027,23.0,14.0
2024-09-05,강북구,1933,50559,25.2,23.4,28.0,2.5,0.0088,0.0448,0.3,0.0022,22.0,14.0
2024-09-05,강서구,18940,190460,26.6,25.5,28.9,5.0,0.015,0.0417,0.3,0.003,22.0,13.0
2024-09-05,관악구,2859,161135,24.5,22.8,27.9,17.0,0.0121,0.0411,0.31,0.0027,26.0,13.0
2024-09-05,광진구,6481,64930,26.8,25.1,30.9,9.5,0.0177,0.0441,0.61,0.0027,26.0,15.0
2024-09-05,구로구,5827,132345,26.2,24.9,28.7,6.5,0.0087,0.0527,0.25,0.0024,17.0,9.0
2024-09-05,금천구,2938,102283,26.5,25.3,29.3,15.5,0.0178,0.0371,0.35,0.0027,21.0,15.0
2024-09-05,노원구,9695,157613,26.0,22.5,29.8,1.5,0.015,0.0394,0.33,0.0023,27.0,16.0
2024-09-05,도봉구,3427,97252,26.3,24.9,28.2,2.0,0.0114,0.0488,0.27,0.0022,24.0,14.0
2024-09-05,동대문구,4493,112287,26.7,25.5,29.5,3.5,0.0119,0.0427,0.32,0.0023,26.0,14.0
2024-09-05,동작구,2325,96175,26.1,24.0,29.7,15.5,0.0113,0.0434,0.3,0.0025,23.0,13.0
2024-09-05,마포구,6593,284382,26.2,25.1,29.8,9.0,0.0142,0.0436,0.31,0.0025,24.0,13.0
2024-09-05,서대문구,2560,105239,24.9,22.8,28.9,6.0,0.0117,0.0435,0.43,0.0021,21.0,10.0
2024-09-05,서초구,4005,158260,25.9,24.5,30.3,20.0,0.0105,0.0421,0.29,0.0025,22.0,9.0
2024-09-05,성동구,4996,135491,26.0,24.6,29.0,8.5,0.018,0.0383,0.34,0.0027,25.0,15.0
2024-09-05,성북구,3278,52862,25.5,24.6,27.9,2.5,0.0125,0.039,0.36,0.0029,20.0,10.0
2024-09-05,송파구,11922,212366,27.1,25.0,30.5,19.0,0.0159,0.0341,0.34,0.0025,27.0,14.0
2024-09-05,양천구,8500,37122,26.4,25.0,28.5,9.0,0.0136,0.0393,0.28,0.0026,19.0,13.0
2024-09-05,영등포구,12039,335030,27.0,25.4,29.7,10.0,0.0148,0.0428,0.31,0.0026,22.0,13.0
2024-09-05,용산구,2295,0,26.8,25.5,29.5,14.5,0.017,0.0374,0.36,0.0024,26.0,14.0
2024-09-05,은평구,3510,130207,25.0,22.3,27.7,0.0,0.0127,0.0302,0.37,0.0025,23.0,15.0
2024-09-05,종로구,4541,249700,25.8,24.8,29.0,11.0,0.0158,0.0435,0.34,0.0034,23.0,13.0
2024-09-05,중구,3296,292429,24.1,23.2,27.8,9.5,0.0096,0.0376,0.33,0.0031,23.0,13.0
2024-09-05,중랑구,3923,93829,26.9,25.4,29.9,3.0,0.0164,0.0335,0.35,0.0023,24.0,14.0
2024-09-06,강남구,3935,423337,23.9,22.8,25.9,17.0,0.0158,0.022,0.33,0.0022,16.0,9.0
2024-09-06,강동구,5285,98164,23.1,22.2,25.3,6.5,0.0115,0.0236,0.42,0.0022,13.0,6.0
2024-09-06,강북구,2154,50460,23.1,21.3,24.4,0.5,0.0086,0.0264,0.28,0.0019,14.0,7.0
2024-09-06,강서구,20875,197135,24.6,23.3,25.9,0.0,0.015,0.0278,0.39,0.003,15.0,9.0
2024-09-06,관악구,3086,168292,22.4,20.6,24.3,3.0,0.0166,0.0223,0.36,0.0024,19.0,9.0
2024-09-06,광진구,6318,67619,23.6,22.6,26.0,3.5,0.0145,0.0279,0.55,0.0021,15.0,7.0
2024-09-06,구로구,6451,133863,24.4,23.6,25.2,1.0,0.0092,0.0367,0.26,0.002,8.0,5.0
2024-09-06,금천구,3093,102034,24.4,23.3,26.0,0.5,0.0147,0.0221,0.34,0.0024,8.0,10.0
2024-09-06,노원구,10496,160704,23.7,22.2,25.0,1.0,0.0114,0.0242,0.29,0.0021,17.0,7.0
2024-09-06,도봉구,3731,100327,24.0,22.2,25.4,0.0,0.0113,0.0279,0.27,0.002,12.0,6.0
2024-09-06,동대문구,4833,114990,23.8,23.1,26.0,3.5,0.0129,0.0252,0.33,0.0017,18.0,8.0
2024-09-06,동작구,2583,101336,23.7,21.5,25.8,3.5,0.0167,0.0223,0.35,0.0021,17.0,9.0
2024-09-06,마포구,7159,287287,23.8,22.7,25.4,0.0,0.0125,0.0275,0.33,0.002,17.0,9.0
2024-09-06,서대문구,2927,106108,23.2,22.3,24.1,0.5,0.0092,0.0298,0.38,0.0018,14.0,6.0
2024-09-06,서초구,3615,169837,23.5,22.3,25.1,13.5,0.013,0.0237,0.33,0.002,12.0,5.0
2024-09-06,성동구,5288,142007,24.0,22.9,25.4,2.0,0.0117,0.0259,0.31,0.0027,15.0,9.0
2024-09-06,성북구,3263,53526,23.3,22.1,25.0,0.5,0.0124,0.0227,0.36,0.0023,17.0,7.0
2024-09-06,송파구,10904,223703,24.2,22.8,26.2,6.0,0.0149,0.0209,0.34,0.0021,16.0,8.0
2024-09-06,양천구,9791,37652,24.3,22.7,26.0,0.0,0.0127,0.0264,0.3,0.0021,16.0,9.0
2024-09-06,영등포구,13463,346380,24.8,23.6,26.4,2.0,0.0158,0.0267,0.37,0.0021,17.0,11.0
2024-09-06,용산구,2766,0,24.3,22.9,25.7,1.5,0.0227,0.0195,0.4,0.002,16.0,8.0
2024-09-06,은평구,4052,132089,23.7,22.2,25.1,0.0,0.0086,0.021,0.34,0.0023,14.0,8.0
2024-09-06,종로구,4769,260442,23.5,21.9,25.0,1.0,0.0125,0.0275,0.32,0.0028,14.0,8.0
2024-09-06,중구,3490,295948,21.8,20.4,23.5,1.0,0.0096,0.0184,0.34,0.0027,14.0,9.0
2024-09-06,중랑구,4095,97067,23.7,22.6,26.4,8.0,0.0101,0.0224,0.3,0.0019,15.0,7.0
2024-09-07,강남구,4643,262758,26.7,22.8,32.6,0.0,0.0142,0.0464,0.37,0.0023,23.0,14.0
2024-09-07,강동구,6496,68800,26.2,22.0,31.6,0.0,0.0109,0.0483,0.47,0.0024,22.0,14.0
2024-09-07,강북구,2106,41061,24.6,20.9,31.2,0.0,0.0077,0.0515,0.32,0.002,20.0,13.0
2024-09-07,강서구,15992,139357,26.7,23.3,32.3,0.0,0.0137,0.0524,0.4,0.0029,22.0,14.0
2024-09-07,관악구,3705,136503,23.6,20.4,30.2,0.0,0.0143,0.044,0.38,0.0025,24.0,14.0
2024-09-07,광진구,7582,59341,26.8,22.2,31.9,0.0,0.0137,0.0592,0.6,0.0022,23.0,13.0
2024-09-07,구로구,5546,91498,26.6,23.5,31.2,0.0,0.0083,0.0495,0.31,0.0023,17.0,10.0
2024-09-07,금천구,2023,41195,27.0,23.0,31.9,0.0,0.0147,0.0432,0.38,0.0029,18.0,15.0
2024-09-07,노원구,9486,121558,25.5,21.7,31.3,0.0,0.0114,0.0496,0.34,0.0021,23.0,13.0
2024-09-07,도봉구,3405,79418,25.8,21.9,31.9,0.0,0.0101,0.0552,0.31,0.0019,20.0,10.0
2024-09-07,동대문구,4494,86453,26.6,22.7,32.0,0.0,0.0101,0.0546,0.35,0.0018,24.0,15.0
2024-09-07,동작구,3168,77893,26.0,21.5,32.6,0.0,0.0127,0.0452,0.34,0.0023,21.0,12.0
2024-09-07,마포구,8073,246857,26.4,22.5,31.8,0.0,0.0151,0.0541,0.37,0.0022,24.0,14.0
2024-09-07,서대문구,2960,83469,25.0,21.8,31.0,0.0,0.0097,0.0587,0.42,0.0019,20.0,12.0
2024-09-07,서초구,4597,148035,26.2,22.4,31.8,0.0,0.0116,0.0457,0.33,0.0023,20.0,12.0
2024-09-07,성동구,5450,100875,26.6,23.0,31.6,0.0,0.0128,0.0513,0.35,0.0025,22.0,13.0
2024-09-07,성북구,3184,37119,25.2,21.4,30.9,0.0,0.0104,0.0484,0.35,0.0024,23.0,13.0
2024-09-07,송파구,13678,158945,27.0,22.8,32.5,0.0,0.0149,0.0403,0.36,0.0022,25.0,13.0
2024-09-07,양천구,9504,26366,26.7,23.3,31.6,0.0,0.0132,0.0478,0.33,0.0026,21.0,14.0
2024-09-07,영등포구,12379,235222,26.9,23.8,32.0,0.0,0.0149,0.0497,0.37,0.0024,22.0,14.0
2024-09-07,용산구,3529,0,26.7,23.0,31.1,0.0,0.0176,0.0442,0.42,0.002,26.0,16.0
2024-09-07,은평구,3938,100022,25.1,20.7,31.3,0.0,0.0089,0.0416,0.41,0.0024,22.0,15.0
2024-09-07,종로구,3980,198356,26.5,22.5,31.7,0.0,0.0118,0.0542,0.35,0.0029,21.0,15.0
2024-09-07,중구,2712,190457,24.9,20.5,31.4,0.0,0.0074,0.0491,0.35,0.0028,21.0,13.0
2024-09-07,중랑구,4353,72568,26.4,22.5,32.0,0.0,0.0094,0.048,0.33,0.0019,21.0,14.0
2024-09-08,강남구,4020,153728,27.3,22.4,33.5,0.0,0.0117,0.0557,0.42,0.0023,31.0,24.0
2024-09-08,강동구,5952,48134,26.5,21.9,31.1,0.0,0.0102,0.0522,0.55,0.0023,27.0,19.0
2024-09-08,강북구,1927,29733,25.6,20.7,32.0,0.0,0.0071,0.0636,0.37,0.002,27.0,22.0
2024-09-08,강서구,13198,101193,26.6,22.3,33.5,0.0,0.0137,0.0619,0.43,0.0029,32.0,25.0
2024-09-08,관악구,3468,96589,24.2,20.2,31.0,0.0,0.0125,0.061,0.46,0.0027,35.0,24.0
2024-09-08,광진구,6691,42825,27.7,22.8,33.2,0.0,0.0122,0.0668,0.71,0.0023,30.0,23.0
2024-09-08,구로구,4871,65140,27.1,23.2,31.8,0.0,0.0076,0.0656,0.36,0.0024,26.0,20.0
2024-09-08,금천구,1648,29462,27.7,23.8,32.4,0.0,0.0148,0.0576,0.45,0.0031,29.0,26.0
2024-09-08,노원구,8343,89205,25.6,20.0,32.5,0.0,0.0096,0.0561,0.38,0.0021,28.0,20.0
2024-09-08,도봉구,3144,59709,26.7,21.9,33.3,0.0,0.0096,0.0662,0.37,0.002,26.0,19.0
2024-09-08,동대문구,4115,63708,27.4,22.9,32.1,0.0,0.0092,0.0641,0.41,0.0019,32.0,23.0
2024-09-08,동작구,2859,52480,26.7,21.9,33.1,0.0,0.0118,0.0626,0.44,0.0023,31.0,22.0
2024-09-08,마포구,6897,181890,27.4,23.5,32.7,0.0,0.0136,0.0688,0.42,0.0023,31.0,23.0
2024-09-08,서대문구,2635,58617,25.9,21.4,32.3,0.0,0.0094,0.0654,0.5,0.0019,23.0,18.0
2024-09-08,서초구,4114,119600,26.4,21.6,32.0,0.0,0.0091,0.0597,0.4,0.0023,27.0,19.0
2024-09-08,성동구,4918,75265,27.2,23.2,32.5,0.0,0.0119,0.0607,0.41,0.0025,30.0,24.0
2024-09-08,성북구,2982,26643,26.2,21.4,31.8,0.0,0.0098,0.0542,0.42,0.0023,25.0,20.0
2024-09-08,송파구,12663,115800,27.5,23.0,33.3,0.0,0.0139,0.0509,0.44,0.0023,33.0,23.0
2024-09-08,양천구,8015,18590,27.2,23.8,31.3,0.0,0.0119,0.0621,0.39,0.0025,30.0,24.0
2024-09-08,영등포구,11110,172207,27.6,24.5,32.1,0.0,0.0119,0.0696,0.42,0.0024,29.0,23.0
2024-09-08,용산구,3128,0,27.3,23.5,31.5,0.0,0.0176,0.0516,0.49,0.0021,33.0,26.0
2024-09-08,은평구,3416,72653,24.9,19.6,32.5,0.0,0.0079,0.0479,0.47,0.0024,26.0,20.0
2024-09-08,종로구,3533,133085,27.1,23.3,32.4,0.0,0.0103,0.0637,0.41,0.0029,28.0,23.0
2024-09-08,중구,2156,137705,26.0,21.7,32.0,0.0,0.0065,0.0589,0.41,0.0028,27.0,21.0
2024-09-08,중랑구,3907,50825,27.1,22.7,31.7,0.0,0.0094,0.0487,0.39,0.0019,28.0,21.0
2024-09-09,강남구,5462,400536,28.8,24.3,35.0,0.0,0.018,0.0466,0.41,0.0024,30.0,21.0
2024-09-09,강동구,7074,96126,27.9,23.6,32.7,0.0,0.0133,0.0494,0.51,0.0023,27.0,17.0
2024-09-09,강북구,2168,49778,26.3,21.8,31.1,0.0,0.0089,0.0542,0.36,0.0021,25.0,20.0
2024-09-09,강서구,21769,191834,28.2,23.2,34.9,0.0,0.0158,0.0525,0.43,0.0029,28.0,21.0
2024-09-09,관악구,3379,155351,25.7,21.0,32.2,0.0,0.0169,0.0487,0.43,0.0028,33.0,22.0
2024-09-09,광진구,8208,63983,28.8,24.6,33.9,0.0,0.0179,0.0586,0.69,0.0024,27.0,19.0
2024-09-09,구로구,7182,131600,28.4,24.2,33.5,0.0,0.0109,0.0533,0.33,0.0025,24.0,17.0
2024-09-09,금천구,3457,103571,29.2,25.1,34.2,0.0,0.0193,0.0467,0.45,0.003,28.0,25.0
2024-09-09,노원구,10552,157293,26.9,21.1,33.1,0.0,0.0138,0.0522,0.38,0.0022,29.0,19.0
2024-09-09,도봉구,3718,96614,27.3,22.9,32.1,0.0,0.012,0.0588,0.37,0.002,26.0,16.0
2024-09-09,동대문구,5581,111354,28.9,24.4,34.0,0.0,0.0139,0.0536,0.41,0.002,30.0,20.0
2024-09-09,동작구,2918,96199,27.6,22.9,33.7,0.0,0.0172,0.0487,0.42,0.0024,30.0,20.0
2024-09-09,마포구,7448,260455,28.5,24.3,33.7,0.0,0.0161,0.0561,0.4,0.0024,29.0,21.0
2024-09-09,서대문구,3128,101653,27.3,22.9,33.7,0.0,0.0106,0.057,0.47,0.002,26.0,14.0
2024-09-09,서초구,5305,153032,28.1,22.8,33.6,0.0,0.0153,0.0461,0.39,0.0024,28.0,18.0
2024-09-09,성동구,6181,130688,28.4,25.0,33.5,0.0,0.0156,0.0482,0.39,0.0026,28.0,21.0
2024-09-09,성북구,3730,51948,27.2,23.5,31.0,0.0,0.0141,0.0454,0.43,0.0024,26.0,17.0
2024-09-09,송파구,14275,204439,29.4,24.8,35.0,0.0,0.0184,0.0461,0.42,0.0023,32.0,23.0
2024-09-09,양천구,10264,37029,29.1,24.9,34.1,0.0,0.0153,0.0505,0.36,0.0025,27.0,21.0
2024-09-09,영등포구,14948,327801,29.1,25.8,33.6,0.0,0.0189,0.0535,0.41,0.0025,28.0,21.0
2024-09-09,용산구,2925,0,28.7,24.6,32.8,0.0,0.0243,0.0413,0.48,0.0023,33.0,22.0
2024-09-09,은평구,4134,128449,26.1,20.5,32.0,0.0,0.0105,0.0413,0.47,0.0024,26.0,19.0
2024-09-09,종로구,5439,240405,28.8,24.5,34.6,0.0,0.0162,0.0523,0.41,0.0031,26.0,21.0
2024-09-09,중구,4194,282902,27.0,23.1,33.3,0.0,0.0092,0.0485,0.42,0.0029,25.0,19.0
2024-09-09,중랑구,4796,93879,28.7,24.4,33.6,0.0,0.0131,0.0457,0.38,0.002,26.0,19.0
2024-09-10,강남구,5422,417107,29.8,25.2,35.4,0.0,0.0215,0.0455,0.41,0.0025,31.0,23.0
2024-09-10,강동구,7329,97613,28.7,24.7,33.5,0.0,0.0158,0.0491,0.51,0.0024,31.0,19.0
2024-09-10,강북구,2161,50999,27.5,23.3,32.9,0.0,0.0089,0.0561,0.34,0.0021,28.0,22.0
2024-09-10,강서구,22068,192808,29.3,25.0,35.0,0.0,0.0181,0.0494,0.41,0.0029,29.0,22.0
2024-09-10,관악구,3600,161376,26.4,22.7,33.0,0.0,0.0184,0.0491,0.42,0.0028,33.0,22.0
2024-09-10,광진구,7941,66158,29.9,25.9,34.6,0.0,0.0186,0.0584,0.69,0.0023,30.0,21.0
2024-09-10,구로구,7238,134129,29.4,25.6,34.6,0.0,0.0106,0.0565,0.29,0.0023,24.0,18.0
2024-09-10,금천구,3495,103663,30.1,26.4,35.0,0.0,0.0223,0.044,0.42,0.0018,28.0,25.0
2024-09-10,노원구,10612,160510,28.1,22.8,34.8,0.0,0.0139,0.0507,0.37,0.0022,31.0,21.0
2024-09-10,도봉구,3689,98928,28.6,24.5,35.2,0.0,0.0116,0.06,0.36,0.002,27.0,17.0
2024-09-10,동대문구,5431,114066,29.8,25.7,34.6,0.0,0.0156,0.0515,0.4,0.0021,34.0,23.0
2024-09-10,동작구,2948,98697,28.5,24.2,34.1,0.0,0.0187,0.0504,0.41,0.0025,30.0,21.0
2024-09-10,마포구,7263,266543,30.0,25.9,34.8,0.0,0.0185,0.052,0.39,0.0023,32.0,21.0
2024-09-10,서대문구,3040,105615,27.7,24.2,33.1,0.0,0.0122,0.0579,0.44,0.0019,24.0,15.0
2024-09-10,서초구,5149,157155,28.7,24.3,34.7,0.0,0.0156,0.0469,0.39,0.0024,29.0,18.0
2024-09-10,성동구,6167,137216,29.7,26.0,34.4,0.0,0.0172,0.0521,0.38,0.0029,30.0,23.0
2024-09-10,성북구,3760,54420,28.2,24.7,33.5,0.0,0.0144,0.0466,0.42,0.0025,29.0,19.0
2024-09-10,송파구,13803,223878,30.0,26.0,34.6,0.0,0.0214,0.046,0.41,0.0024,34.0,24.0
2024-09-10,양천구,10120,38100,29.9,26.5,33.9,0.0,0.0156,0.0521,0.34,0.0024,28.0,20.0
2024-09-10,영등포구,15080,336122,30.3,27.1,35.2,0.0,0.0223,0.0494,0.4,0.0025,29.0,21.0
2024-09-10,용산구,2941,0,29.7,26.0,33.7,0.0,0.0274,0.0407,0.5,0.0025,35.0,24.0
2024-09-10,은평구,3998,131919,26.9,22.4,33.4,0.0,0.0116,0.0398,0.46,0.0024,28.0,20.0
2024-09-10,종로구,5451,249881,29.8,26.0,33.6,0.0,0.018,0.0518,0.42,0.0032,29.0,22.0
2024-09-10,중구,4197,290224,28.5,24.6,34.5,0.0,0.0096,0.0484,0.41,0.0029,27.0,21.0
2024-09-10,중랑구,4650,96147,29.6,25.6,33.9,0.0,0.0146,0.0451,0.37,0.002,30.0,22.0
2024-09-11,강남구,4807,410144,29.4,25.4,35.8,0.0,0.0212,0.0441,0.4,0.0025,35.0,26.0
2024-09-11,강동구,6659,96938,28.7,24.5,35.3,0.0,0.0176,0.0432,0.5,0.0023,29.0,21.0
2024-09-11,강북구,1893,50571,27.3,23.0,35.3,0.0,0.0108,0.0556,0.32,0.002,27.0,22.0
2024-09-11,강서구,19510,191501,28.6,24.3,37.1,1.0,0.0205,0.053,0.4,0.0031,31.0,24.0
2024-09-11,관악구,3230,161560,26.3,22.3,34.1,0.0,0.021,0.0483,0.42,0.0027,34.0,24.0
2024-09-11,광진구,7512,65842,29.4,25.6,36.7,0.0,0.0208,0.0531,0.67,0.0023,31.0,23.0
2024-09-11,구로구,6297,132379,28.9,25.5,36.1,2.5,0.0132,0.06,0.29,0.0021,26.0,18.0
2024-09-11,금천구,3126,102644,29.5,26.4,36.0,0.5,0.0213,0.0462,0.38,0.003,26.0,24.0
2024-09-11,노원구,9049,159089,27.7,22.2,36.1,2.5,0.0167,0.0453,0.34,0.0022,29.0,20.0
2024-09-11,도봉구,3286,97743,28.5,24.0,35.8,0.0,0.0133,0.0596,0.33,0.002,27.0,16.0
2024-09-11,동대문구,5198,113231,29.3,25.7,36.5,0.0,0.0168,0.0534,0.38,0.0021,35.0,25.0
2024-09-11,동작구,2645,98304,27.8,24.1,36.2,1.0,0.0214,0.048,0.41,0.0024,32.0,23.0
2024-09-11,마포구,6512,265860,28.9,25.6,36.8,1.0,0.0194,0.0564,0.38,0.0024,34.0,24.0
2024-09-11,서대문구,2635,104170,27.8,24.1,34.9,0.5,0.0141,0.0668,0.44,0.0019,28.0,17.0
2024-09-11,서초구,4394,156630,28.6,24.4,35.5,0.0,0.0199,0.0448,0.4,0.0023,32.0,20.0
2024-09-11,성동구,5601,134672,29.1,26.2,35.2,0.0,0.0217,0.0499,0.38,0.003,34.0,26.0
2024-09-11,성북구,3364,53587,28.0,24.3,35.0,0.0,0.0165,0.0457,0.38,0.0025,29.0,20.0
2024-09-11,송파구,13116,215551,29.5,25.8,34.7,0.0,0.022,0.0419,0.41,0.0022,35.0,24.0
2024-09-11,양천구,9455,37451,29.0,25.9,35.2,1.5,0.0192,0.0524,0.34,0.0024,31.0,24.0
2024-09-11,영등포구,13629,342957,29.7,26.6,35.2,1.0,0.0239,0.0527,0.4,0.0024,30.0,22.0
2024-09-11,용산구,2622,0,29.3,26.0,35.0,0.0,0.0315,0.0398,0.49,0.0025,38.0,27.0
2024-09-11,은평구,3684,130157,26.9,21.4,35.6,0.0,0.0125,0.0463,0.45,0.0024,30.0,21.0
2024-09-11,종로구,5401,247914,29.1,26.3,35.7,0.5,0.0182,0.0576,0.41,0.0034,31.0,24.0
2024-09-11,중구,3885,286487,27.7,24.9,34.8,0.0,0.0118,0.051,0.42,0.0031,31.0,24.0
2024-09-11,중랑구,4335,94769,29.3,25.5,35.9,0.0,0.0159,0.0415,0.35,0.0022,31.0,22.0
2024-09-12,강남구,1723,406052,25.1,24.3,27.3,54.0,0.0157,0.0123,0.3,0.0022,11.0,7.0
2024-09-12,강동구,2803,95667,24.3,23.6,26.4,25.0,0.0114,0.0149,0.43,0.0019,7.0,3.0
2024-09-12,강북구,866,49883,24.2,23.6,25.9,70.0,0.0096,0.015,0.28,0.0019,10.0,6.0
2024-09-12,강서구,7380,188811,25.7,24.9,27.5,99.5,0.0191,0.0133,0.42,0.0033,10.0,7.0
2024-09-12,관악구,1341,158809,24.2,23.3,25.3,79.0,0.0182,0.0102,0.35,0.0026,13.0,7.0
2024-09-12,광진구,3263,65770,24.9,24.1,27.6,28.0,0.0122,0.0213,0.59,0.002,10.0,4.0
2024-09-12,구로구,2537,130237,26.0,25.3,27.0,81.5,0.0127,0.0338,0.25,0.0019,5.0,3.0
2024-09-12,금천구,1217,101716,25.9,25.1,27.3,52.0,0.0185,0.0091,0.34,0.0028,7.0,8.0
2024-09-12,노원구,4877,157570,24.9,24.0,25.9,13.5,0.0135,0.0131,0.28,0.0021,12.0,6.0
2024-09-12,도봉구,1698,96053,25.5,24.8,27.3,37.5,0.0134,0.0152,0.31,0.002,10.0,5.0
2024-09-12,동대문구,2296,112582,25.2,24.8,27.7,21.5,0.0142,0.0121,0.31,0.0017,12.0,6.0
2024-09-12,동작구,1007,97150,25.4,24.7,27.1,38.5,0.0188,0.0096,0.33,0.0023,11.0,6.0
2024-09-12,마포구,2614,262695,25.1,24.5,26.7,47.0,0.0173,0.0126,0.36,0.0023,11.0,7.0
2024-09-12,서대문구,1232,102555,24.4,23.8,26.1,48.0,0.0092,0.0206,0.37,0.0017,6.0,3.0
2024-09-12,서초구,1725,157921,24.9,24.2,27.0,52.0,0.0138,0.0157,0.35,0.0021,6.0,3.0
2024-09-12,성동구,2252,131843,25.2,24.5,27.1,21.0,0.0128,0.0167,0.27,0.0031,9.0,6.0
2024-09-12,성북구,1577,53178,24.4,23.8,25.8,45.5,0.0123,0.0144,0.34,0.0023,7.0,5.0
2024-09-12,송파구,4801,206185,25.0,24.0,28.0,71.0,0.0168,0.0097,0.31,0.002,10.0,5.0
2024-09-12,양천구,3685,37006,25.6,25.0,26.7,59.5,0.0181,0.0123,0.32,0.0021,9.0,7.0
2024-09-12,영등포구,4091,331785,26.1,25.5,27.9,69.5,0.02,0.011,0.38,0.0022,13.0,9.0
2024-09-12,용산구,965,0,25.7,25.1,27.7,35.0,0.0231,0.01,0.38,0.0023,10.0,6.0
2024-09-12,은평구,1480,128241,24.8,23.7,27.3,0.0,0.009,0.0123,0.39,0.0022,8.0,7.0
2024-09-12,종로구,2132,240157,25.1,24.5,26.7,50.0,0.0149,0.0172,0.32,0.003,9.0,5.0
2024-09-12,중구,1534,274776,23.5,23.0,25.0,19.5,0.0081,0.0128,0.19,0.0027,10.0,6.0
2024-09-12,중랑구,2041,93915,25.1,24.6,27.2,18.5,0.0103,0.015,0.27,0.0018,9.0,5.0
2024-09-13,강남구,2464,399721,26.4,24.4,31.2,11.5,0.014,0.0108,0.29,0.0026,17.0,9.0
2024-09-13,강동구,3532,98116,26.2,23.6,29.7,13.5,0.0134,0.0103,0.41,0.0021,15.0,7.0
2024-09-13,강북구,868,50715,24.9,23.3,27.9,17.0,0.0107,0.0107,0.27,0.002,14.0,7.0
2024-09-13,강서구,10570,194242,26.6,24.7,29.3,8.0,0.0152,0.011,0.29,0.0033,14.0,8.0
2024-09-13,관악구,1378,162856,25.0,23.1,27.5,12.5,0.0146,0.0091,0.3,0.0029,18.0,9.0
2024-09-13,광진구,3834,69504,26.4,24.2,29.9,14.5,0.0159,0.0143,0.63,0.0022,17.0,8.0
2024-09-13,구로구,3222,132824,26.2,24.9,27.8,11.0,0.0112,0.0199,0.32,0.0023,7.0,3.0
2024-09-13,금천구,1453,98663,26.4,24.8,28.9,11.5,0.0156,0.008,0.32,0.003,14.0,10.0
2024-09-13,노원구,4360,161390,25.6,23.7,27.8,3.5,0.0156,0.0073,0.3,0.0022,16.0,7.0
2024-09-13,도봉구,1650,98387,25.7,24.4,27.2,11.0,0.0126,0.0111,0.3,0.002,14.0,5.0
2024-09-13,동대문구,2252,115219,26.0,24.2,28.4,15.5,0.0137,0.0091,0.29,0.0019,17.0,8.0
2024-09-13,동작구,1212,100966,26.2,24.4,29.4,12.0,0.0127,0.0111,0.26,0.0023,16.0,8.0
2024-09-13,마포구,2928,270957,26.0,24.1,28.8,7.5,0.0148,0.0108,0.28,0.0025,15.0,8.0
2024-09-13,서대문구,1284,104252,25.2,23.5,27.9,9.5,0.011,0.0138,0.36,0.0019,9.0,4.0
2024-09-13,서초구,2057,164227,26.1,24.2,30.2,8.5,0.0112,0.0134,0.29,0.0024,11.0,4.0
2024-09-13,성동구,2740,133036,26.0,24.4,28.3,13.5,0.0146,0.0107,0.27,0.0027,16.0,8.0
2024-09-13,성북구,1517,53053,25.2,23.4,27.5,13.5,0.0137,0.0083,0.36,0.0025,14.0,6.0
2024-09-13,송파구,6629,211051,26.8,24.3,30.3,15.0,0.0129,0.0085,0.27,0.0022,17.0,8.0
2024-09-13,양천구,5160,37403,26.2,24.6,28.5,8.5,0.0142,0.0102,0.25,0.0023,13.0,8.0
2024-09-13,영등포구,6627,340275,26.8,25.0,29.2,9.0,0.0152,0.0092,0.29,0.0023,16.0,9.0
2024-09-13,용산구,1111,0,26.5,24.6,28.4,16.0,0.0162,0.0092,0.3,0.0023,16.0,9.0
2024-09-13,은평구,1873,130857,25.5,23.6,29.4,11.0,0.0109,0.009,0.38,0.0023,13.0,9.0
2024-09-13,종로구,2442,244899,25.5,24.2,27.3,17.5,0.0141,0.0123,0.3,0.0033,12.0,7.0
2024-09-13,중구,1627,268753,24.4,22.6,27.0,11.0,0.0066,0.0096,0.18,0.0029,14.0,8.0
2024-09-13,중랑구,1797,96385,26.1,24.2,29.1,18.5,0.0131,0.01,0.28,0.002,16.0,8.0
2024-09-14,강남구,3410,188496,28.3,25.5,33.0,0.5,0.0107,0.0277,0.26,0.0024,13.0,7.0
2024-09-14,강동구,5393,57008,27.9,25.1,32.2,0.0,0.0107,0.0255,0.4,0.002,12.0,7.0
2024-09-14,강북구,1694,35008,26.9,23.7,31.7,0.0,0.0069,0.0253,0.24,0.0019,13.0,7.0
2024-09-14,강서구,12480,116806,28.2,25.3,33.3,0.0,0.0104,0.0274,0.26,0.003,9.0,6.0
2024-09-14,관악구,2676,107550,25.9,23.3,30.5,0.5,0.0099,0.0229,0.26,0.0026,14.0,6.0
2024-09-14,광진구,5445,48765,28.6,25.8,32.8,0.0,0.0124,0.0318,0.61,0.0022,15.0,7.0
2024-09-14,구로구,4329,74770,27.8,25.4,31.3,0.0,0.0067,0.0365,0.28,0.0022,4.0,1.0
2024-09-14,금천구,1420,34093,28.3,25.8,32.2,0.5,0.0116,0.0214,0.27,0.0028,9.0,7.0
2024-09-14,노원구,8103,105079,27.8,24.5,33.3,0.5,0.0108,0.0242,0.26,0.0022,17.0,7.0
2024-09-14,도봉구,2928,68689,27.1,24.9,33.4,0.0,0.0085,0.0296,0.25,0.0019,14.0,4.0
2024-09-14,동대문구,3552,75002,28.5,24.9,32.6,0.0,0.0095,0.0254,0.25,0.0019,14.0,7.0
2024-09-14,동작구,2229,67123,28.0,25.3,33.7,0.0,0.0087,0.0262,0.24,0.0022,12.0,7.0
2024-09-14,마포구,6085,200041,27.9,24.9,32.8,0.0,0.0128,0.0237,0.26,0.0024,12.0,6.0
2024-09-14,서대문구,2119,68375,26.8,24.0,31.3,0.0,0.0088,0.0281,0.3,0.0018,8.0,3.0
2024-09-14,서초구,3311,106150,27.8,25.1,31.9,0.5,0.0086,0.0294,0.28,0.0026,7.0,2.0
2024-09-14,성동구,3928,76895,28.0,25.3,32.1,0.0,0.0126,0.0251,0.26,0.0027,13.0,8.0
2024-09-14,성북구,2541,31211,27.0,24.2,31.8,0.0,0.009,0.024,0.29,0.0024,11.0,6.0
2024-09-14,송파구,10604,125932,28.6,26.2,33.0,0.0,0.011,0.0215,0.25,0.0023,14.0,8.0
2024-09-14,양천구,8242,21792,28.0,25.4,32.3,0.5,0.0091,0.0244,0.22,0.0023,8.0,5.0
2024-09-14,영등포구,8934,173450,28.7,25.8,33.2,0.0,0.0104,0.0243,0.25,0.0024,11.0,6.0
2024-09-14,용산구,2431,0,28.5,25.7,32.7,0.0,0.0148,0.021,0.35,0.0022,16.0,8.0
2024-09-14,은평구,3240,88106,26.8,23.9,31.9,0.0,0.0086,0.0191,0.36,0.0024,12.0,8.0
2024-09-14,종로구,3281,156526,27.8,24.9,31.9,0.0,0.0104,0.027,0.25,0.0029,12.0,6.0
2024-09-14,중구,2107,144352,26.6,23.7,32.1,0.0,0.0055,0.0251,0.14,0.0027,11.0,5.0
2024-09-14,중랑구,3705,62742,28.5,25.4,33.3,0.0,0.0111,0.0226,0.27,0.002,14.0,8.0
2024-09-15,강남구,3162,116679,28.0,24.7,32.8,0.0,0.0076,0.0224,0.27,0.0023,13.0,7.0
2024-09-15,강동구,4848,42327,26.7,23.3,31.8,0.0,0.0066,0.0192,0.39,0.0018,12.0,6.0
2024-09-15,강북구,1661,27629,26.2,22.4,31.7,0.0,0.0049,0.0205,0.24,0.0018,13.0,5.0
2024-09-15,강서구,10310,90293,28.2,24.8,34.4,0.0,0.0081,0.0271,0.33,0.0029,13.0,8.0
2024-09-15,관악구,2348,77134,26.1,23.0,31.7,0.0,0.0081,0.0221,0.29,0.0024,16.0,7.0
2024-09-15,광진구,5079,36858,27.4,23.8,32.7,0.0,0.0071,0.0258,0.59,0.002,14.0,6.0
2024-09-15,구로구,3764,56026,28.0,25.0,33.1,0.0,0.0053,0.0344,0.3,0.0021,6.0,2.0
2024-09-15,금천구,1209,26198,28.0,25.1,33.1,0.0,0.0106,0.0203,0.32,0.0026,13.0,8.0
2024-09-15,노원구,7403,78397,26.7,23.6,31.4,0.0,0.0053,0.0204,0.24,0.002,13.0,5.0
2024-09-15,도봉구,2792,55154,27.1,24.1,31.6,0.0,0.0058,0.0246,0.24,0.002,12.0,4.0
2024-09-15,동대문구,3126,57111,27.2,24.2,31.5,0.0,0.0059,0.0217,0.25,0.0018,14.0,6.0
2024-09-15,동작구,2082,47404,27.8,24.6,33.7,0.0,0.0086,0.0227,0.28,0.0021,15.0,8.0
2024-09-15,마포구,5535,154329,27.3,23.8,32.8,0.0,0.0083,0.0246,0.28,0.0022,13.0,8.0
2024-09-15,서대문구,2120,49633,26.5,23.6,31.8,0.0,0.0052,0.0264,0.27,0.0017,9.0,4.0
2024-09-15,서초구,3095,85653,27.1,23.9,32.4,0.0,0.0067,0.0255,0.31,0.0024,8.0,3.0
2024-09-15,성동구,3648,61027,27.5,24.3,31.9,0.0,0.0059,0.0226,0.24,0.0025,13.0,7.0
2024-09-15,성북구,2204,24676,26.4,23.7,31.0,0.0,0.0054,0.0206,0.28,0.0023,11.0,5.0
2024-09-15,송파구,9377,80414,27.9,24.8,32.5,0.0,0.0075,0.0188,0.28,0.002,14.0,6.0
2024-09-15,양천구,6711,15868,27.8,24.7,32.2,0.0,0.0075,0.024,0.25,0.0021,13.0,8.0
2024-09-15,영등포구,7909,133041,28.5,25.1,33.9,0.0,0.0081,0.0245,0.28,0.0022,14.0,8.0
2024-09-15,용산구,2305,0,27.9,24.6,32.7,0.0,0.0105,0.0187,0.31,0.002,14.0,8.0
2024-09-15,은평구,2970,66735,26.7,22.8,31.7,0.0,0.0041,0.0177,0.31,0.0023,12.0,7.0
2024-09-15,종로구,2667,130639,27.4,23.7,31.8,0.0,0.006,0.0243,0.25,0.0026,12.0,5.0
2024-09-15,중구,1824,132845,25.6,22.2,30.2,0.0,0.0042,0.0224,0.15,0.0026,12.0,6.0
2024-09-15,중랑구,3317,47022,27.1,24.1,31.5,0.0,0.0055,0.0192,0.24,0.0019,14.0,6.0
2024-09-16,강남구,2849,88677,27.5,21.9,33.6,0.5,0.0072,0.0342,0.25,0.0021,6.0,3.0
2024-09-16,강동구,4158,32324,25.9,20.2,31.9,10.5,0.0057,0.031,0.37,0.0018,6.0,2.0
2024-09-16,강북구,1536,21702,25.2,20.2,31.4,5.0,0.0048,0.0332,0.23,0.0018,8.0,3.0
2024-09-16,강서구,8652,75048,27.1,21.5,33.5,3.0,0.0092,0.0402,0.34,0.0029,8.0,4.0
2024-09-16,관악구,2041,60034,25.6,21.1,32.1,1.0,0.0089,0.0336,0.27,0.0023,9.0,3.0
2024-09-16,광진구,4212,29194,27.0,20.6,33.5,10.5,0.008,0.04,0.55,0.002,7.0,2.0
2024-09-16,구로구,3338,45242,27.4,21.6,32.7,10.5,0.0054,0.0412,0.35,0.0021,3.0,1.0
2024-09-16,금천구,1126,22194,28.1,21.5,34.6,8.5,0.0072,0.0357,0.26,0.0024,5.0,4.0
2024-09-16,노원구,5951,60965,26.0,20.4,31.9,0.0,0.0067,0.031,0.24,0.0019,9.0,3.0
2024-09-16,도봉구,2506,41969,26.0,21.5,32.8,3.5,0.0076,0.0363,0.23,0.002,8.0,2.0
2024-09-16,동대문구,2676,42170,26.7,20.6,32.7,17.0,0.0061,0.0349,0.24,0.0017,7.0,3.0
2024-09-16,동작구,1925,38047,26.7,21.1,34.6,12.5,0.0083,0.0358,0.26,0.002,7.0,3.0
2024-09-16,마포구,4759,122830,26.8,20.5,33.1,11.0,0.0087,0.0397,0.27,0.0021,8.0,4.0
2024-09-16,서대문구,1951,39944,25.5,20.0,31.9,12.0,0.006,0.0414,0.26,0.0018,5.0,1.0
2024-09-16,서초구,2693,62580,26.8,21.3,32.4,4.0,0.0067,0.0355,0.26,0.0024,4.0,1.0
2024-09-16,성동구,3117,47133,26.8,20.5,33.1,19.5,0.0063,0.0349,0.23,0.0024,8.0,3.0
2024-09-16,성북구,2012,18240,25.4,20.2,31.5,9.0,0.0068,0.0316,0.25,0.0023,6.0,2.0
2024-09-16,송파구,8369,72175,27.2,21.3,33.5,0.0,0.0073,0.0297,0.25,0.0019,8.0,3.0
2024-09-16,양천구,5534,12880,27.1,20.8,32.9,16.0,0.0082,0.036,0.24,0.002,7.0,4.0
2024-09-16,영등포구,6865,96575,27.7,21.3,33.9,15.0,0.0083,0.0389,0.27,0.002,8.0,4.0
2024-09-16,용산구,2199,0,27.1,21.2,33.0,22.0,0.0104,0.0296,0.28,0.0018,8.0,4.0
2024-09-16,은평구,2620,53623,25.8,21.4,32.3,1.0,0.0044,0.0287,0.28,0.0023,6.0,4.0
2024-09-16,종로구,2460,117414,26.8,20.6,32.5,11.0,0.0066,0.0366,0.24,0.0023,6.0,3.0
2024-09-16,중구,1509,113979,25.0,18.8,31.6,17.0,0.0051,0.0326,0.15,0.0025,8.0,3.0
2024-09-16,중랑구,2932,37668,26.6,20.9,32.5,13.0,0.0057,0.0291,0.24,0.0018,8.0,2.0
2024-09-17,강남구,2367,65384,29.1,26.1,35.0,0.0,0.0091,0.0262,0.28,0.0022,13.0,7.0
2024-09-17,강동구,3464,27212,27.8,24.7,34.4,0.0,0.0076,0.0238,0.42,0.0018,10.0,5.0
2024-09-17,강북구,1451,21924,27.2,23.8,32.1,0.0,0.0063,0.022,0.25,0.0018,13.0,6.0
2024-09-17,강서구,7982,69530,28.6,25.6,34.6,0.0,0.009,0.0238,0.29,0.0029,12.0,7.0
2024-09-17,관악구,1889,53350,26.8,23.9,33.2,0.0,0.0113,0.0237,0.3,0.0024,15.0,7.0
2024-09-17,광진구,3750,25708,29.1,25.9,34.7,0.0,0.0096,0.0296,0.64,0.0023,14.0,6.0
2024-09-17,구로구,3142,42175,28.6,26.0,33.0,0.0,0.0076,0.0348,0.33,0.0022,5.0,2.0
2024-09-17,금천구,1062,19599,29.9,26.9,34.8,0.0,0.0118,0.0241,0.29,0.0026,9.0,7.0
2024-09-17,노원구,5534,57751,27.7,24.0,33.8,,0.0075,0.0225,0.27,0.0021,15.0,6.0
2024-09-17,도봉구,2363,40500,27.6,24.8,31.7,0.0,0.0084,0.0247,0.29,0.002,15.0,5.0
2024-09-17,동대문구,2409,33658,28.7,25.7,33.6,0.0,0.0088,0.0226,0.28,0.0017,15.0,7.0
2024-09-17,동작구,1675,31741,28.7,25.3,34.5,0.0,0.0108,0.0251,0.29,0.0021,14.0,7.0
2024-09-17,마포구,4122,101348,28.7,25.5,34.5,0.0,0.0106,0.0244,0.29,0.0021,15.0,8.0
2024-09-17,서대문구,1708,32628,27.3,24.7,33.6,0.0,0.008,0.0262,0.32,0.002,9.0,4.0
2024-09-17,서초구,2305,88719,28.7,25.5,34.7,0.0,0.0085,0.0291,0.32,0.0025,6.0,2.0
2024-09-17,성동구,2855,34574,28.9,26.0,33.4,0.0,0.009,0.0259,0.27,0.0024,13.0,7.0
2024-09-17,성북구,1866,17638,27.9,24.7,32.5,0.0,0.0078,0.0207,0.32,0.0025,11.0,5.0
2024-09-17,송파구,6974,63809,29.0,25.9,35.3,0.0,0.0088,0.0228,0.27,0.0019,14.0,6.0
2024-09-17,양천구,4742,11273,28.9,26.2,33.2,0.0,0.0096,0.0233,0.26,0.0021,12.0,7.0
2024-09-17,영등포구,6304,89242,29.5,27.3,35.0,0.0,0.0114,0.0243,0.29,0.0022,14.0,8.0
2024-09-17,용산구,1781,0,29.3,26.5,34.1,0.0,0.0145,0.0203,0.35,0.002,16.0,8.0
2024-09-17,은평구,2441,48957,26.8,23.6,32.9,0.0,0.0071,0.0169,0.36,0.0023,10.0,7.0
2024-09-17,종로구,2100,90476,29.0,26.3,33.7,0.0,0.0097,0.0251,0.28,0.0026,12.0,7.0
2024-09-17,중구,1412,99136,27.5,24.5,33.3,0.0,0.0055,0.0219,0.16,0.0027,12.0,6.0
2024-09-17,중랑구,2533,36011,28.7,25.6,33.4,0.0,0.0072,0.0195,0.27,0.0019,14.0,7.0
2024-09-18,강남구,3059,97519,30.2,26.5,34.7,0.0,0.0097,0.0283,0.29,0.0024,19.0,12.0
2024-09-18,강동구,4452,36180,28.5,25.3,33.7,0.5,0.0084,0.0253,0.41,0.002,15.0,10.0
2024-09-18,강북구,1519,24926,27.6,24.4,32.9,0.5,0.0053,0.0208,0.23,0.0018,16.0,10.0
2024-09-18,강서구,10613,87054,29.5,26.0,34.3,0.0,0.0094,0.0224,0.27,0.0029,17.0,12.0
2024-09-18,관악구,2546,70596,27.3,23.7,32.9,0.0,0.0114,0.0247,0.31,0.0026,21.0,13.0
2024-09-18,광진구,4888,33660,29.9,26.4,35.0,0.5,0.0107,0.0311,0.67,0.0025,20.0,12.0
2024-09-18,구로구,3933,50544,29.2,26.6,32.6,0.0,0.0084,0.0373,0.31,0.0024,8.0,4.0
2024-09-18,금천구,1296,23257,30.3,27.3,34.7,0.0,0.0131,0.0253,0.3,0.0027,16.0,14.0
2024-09-18,노원구,6738,74022,28.2,24.6,33.9,,0.0079,0.019,0.26,0.002,18.0,9.0
2024-09-18,도봉구,2603,48762,28.8,25.5,34.0,0.0,0.0068,0.0251,0.26,0.002,15.0,7.0
2024-09-18,동대문구,2947,42280,29.5,26.0,34.1,6.5,0.008,0.0233,0.28,0.0018,20.0,13.0
2024-09-18,동작구,2040,39886,29.0,25.9,34.0,0.0,0.011,0.0263,0.3,0.0022,19.0,12.0
2024-09-18,마포구,5322,132632,29.4,26.6,34.6,0.0,0.0099,0.0213,0.26,0.0022,17.0,11.0
2024-09-18,서대문구,2039,41151,27.9,24.9,33.1,0.0,0.0067,0.0254,0.28,0.0018,10.0,4.0
2024-09-18,서초구,2957,130848,29.4,25.7,34.1,0.0,0.0091,0.0311,0.37,0.0026,11.0,6.0
2024-09-18,성동구,3457,49129,29.4,26.2,33.3,2.0,0.0102,0.0257,0.29,0.0026,19.0,11.0
2024-09-18,성북구,2147,20515,28.4,25.3,33.4,12.5,0.0067,0.0217,0.3,0.0025,13.0,8.0
2024-09-18,송파구,9227,70438,29.9,26.5,34.3,0.0,0.0098,0.0254,0.3,0.0021,20.0,11.0
2024-09-18,양천구,6694,14475,29.6,26.4,33.4,0.0,0.0094,0.0228,0.25,0.0022,17.0,13.0
2024-09-18,영등포구,8591,125345,30.1,27.4,34.3,0.0,0.0109,0.0223,0.28,0.0022,17.0,12.0
2024-09-18,용산구,2238,0,30.2,27.1,33.9,0.0,0.0136,0.0207,0.36,0.002,21.0,14.0
2024-09-18,은평구,2757,59759,27.4,23.5,32.9,0.0,0.0063,0.0164,0.33,0.0023,12.0,8.0
2024-09-18,종로구,2731,106525,29.9,27.1,33.6,0.0,0.0092,0.0255,0.28,0.0029,17.0,11.0
2024-09-18,중구,1760,102576,28.2,25.4,32.8,2.5,0.0045,0.0226,0.15,0.0026,15.0,10.0
2024-09-18,중랑구,3283,41716,29.3,26.1,34.9,4.0,0.0065,0.0207,0.26,0.002,19.0,11.0
2024-09-19,강남구,4963,363693,29.6,26.1,34.2,0.0,0.0155,0.0337,0.29,0.0024,19.0,12.0
2024-09-19,강동구,6494,88605,28.1,24.7,33.5,0.0,0.0135,0.0305,0.41,0.002,17.0,9.0
2024-09-19,강북구,2036,47286,27.5,24.0,32.7,0.0,0.0096,0.0384,0.27,0.0022,20.0,14.0
2024-09-19,강서구,18967,174957,29.9,26.8,34.3,0.0,0.0163,0.0423,0.34,0.0032,21.0,16.0
2024-09-19,관악구,3186,145080,27.1,23.8,33.0,0.0,0.0143,0.0326,0.3,0.0028,21.0,13.0
2024-09-19,광진구,7576,59271,29.4,25.8,34.0,0.0,0.0164,0.0384,0.66,0.0027,18.0,11.0
2024-09-19,구로구,6639,120633,29.1,26.4,32.4,0.0,0.0098,0.0447,0.31,0.0029,12.0,6.0
2024-09-19,금천구,2893,91503,30.1,27.1,34.4,0.0,0.0165,0.0316,0.31,0.003,13.0,13.0
2024-09-19,노원구,9653,149874,27.8,24.2,32.6,,0.0121,0.0397,0.27,0.0021,21.0,13.0
2024-09-19,도봉구,3425,90813,28.2,25.5,32.1,0.0,0.0112,0.0454,0.29,0.002,20.0,11.0
2024-09-19,동대문구,4823,99152,29.2,25.5,33.5,0.0,0.0138,0.0349,0.3,0.0021,22.0,14.0
2024-09-19,동작구,2642,87479,28.7,25.2,33.9,0.0,0.015,0.0326,0.28,0.0024,20.0,12.0
2024-09-19,마포구,6862,239154,29.3,25.8,33.5,0.0,0.0151,0.0442,0.29,0.0025,22.0,15.0
2024-09-19,서대문구,2691,95387,28.1,25.0,33.0,0.0,0.0129,0.0426,0.35,0.0022,18.0,11.0
2024-09-19,서초구,4662,156573,28.9,25.3,33.6,0.0,0.0126,0.0354,0.32,0.0029,16.0,7.0
2024-09-19,성동구,5765,119233,29.1,25.6,33.4,0.0,0.0162,0.0345,0.28,0.0028,20.0,14.0
2024-09-19,성북구,3352,48534,28.0,24.2,33.0,0.0,0.0133,0.038,0.33,0.0029,21.0,12.0
2024-09-19,송파구,12980,200445,29.6,26.3,34.1,0.0,0.0145,0.0311,0.27,0.0022,21.0,11.0
2024-09-19,양천구,9640,33799,29.7,26.7,32.9,0.0,0.0136,0.0394,0.26,0.0024,19.0,14.0
2024-09-19,영등포구,13936,299047,30.3,27.2,33.9,0.0,0.0159,0.0373,0.3,0.0025,20.0,14.0
2024-09-19,용산구,2724,0,29.8,26.6,33.3,0.0,0.0184,0.0285,0.32,0.0024,21.0,16.0
2024-09-19,은평구,3685,120160,27.6,24.4,32.2,0.0,0.0119,0.0277,0.39,0.0025,19.0,13.0
2024-09-19,종로구,5247,215762,29.6,26.2,33.2,0.0,0.016,0.0417,0.31,0.0033,20.0,14.0
2024-09-19,중구,3922,248493,27.9,24.1,33.6,0.0,0.0086,0.0323,0.24,0.0029,18.0,14.0
2024-09-19,중랑구,4268,87652,29.0,25.5,34.1,0.0,0.0133,0.0283,0.29,0.002,19.0,12.0
2024-09-20,강남구,1428,393296,24.8,17.9,28.9,79.0,0.0152,0.0125,0.29,0.0023,13.0,8.0
2024-09-20,강동구,1970,91866,24.0,16.9,28.3,66.0,0.0123,0.0122,0.39,0.0019,11.0,7.0
2024-09-20,강북구,593,46771,23.9,17.6,27.3,49.5,0.0101,0.015,0.26,0.0019,15.0,9.0
2024-09-20,강서구,6922,182104,25.4,18.4,29.6,43.5,0.014,0.0121,0.31,0.0034,11.0,7.0
2024-09-20,관악구,955,153283,23.9,17.6,26.8,66.0,0.0136,0.0123,0.28,0.0026,15.0,8.0
2024-09-20,광진구,2528,62268,24.6,17.4,29.0,60.5,0.0152,0.0165,0.64,0.0023,14.0,9.0
2024-09-20,구로구,2013,122858,25.2,18.5,28.4,59.5,0.011,0.0246,0.3,0.0022,5.0,3.0
2024-09-20,금천구,997,94211,25.4,18.3,29.6,64.5,0.0146,0.0105,0.28,0.0026,14.0,10.0
2024-09-20,노원구,2974,151157,24.3,17.6,28.2,,0.0121,0.0142,0.27,0.0021,16.0,9.0
2024-09-20,도봉구,1030,89896,24.8,18.7,27.2,51.0,0.0118,0.0173,0.29,0.0019,15.0,6.0
2024-09-20,동대문구,1740,102366,24.7,17.4,28.8,50.0,0.0133,0.0126,0.28,0.0019,16.0,9.0
2024-09-20,동작구,781,91456,25.2,18.1,29.0,55.0,0.0134,0.0134,0.26,0.0022,13.0,8.0
2024-09-20,마포구,1842,259601,24.8,17.3,29.3,38.0,0.015,0.0122,0.28,0.0023,13.0,9.0
2024-09-20,서대문구,1044,98597,23.9,17.0,27.5,54.0,0.0099,0.0164,0.36,0.0019,10.0,5.0
2024-09-20,서초구,1286,154086,24.4,17.7,27.4,64.5,0.0126,0.0163,0.32,0.0024,8.0,4.0
2024-09-20,성동구,1724,125064,24.6,17.6,29.2,55.0,0.0152,0.0125,0.27,0.0025,15.0,6.0
2024-09-20,성북구,1087,49210,24.1,17.2,27.7,52.0,0.0119,0.0126,0.32,0.0026,13.0,6.0
2024-09-20,송파구,3926,201059,24.9,17.8,29.7,72.5,0.0148,0.0107,0.26,0.0021,14.0,8.0
2024-09-20,양천구,2882,34888,25.2,17.9,29.3,60.0,0.0122,0.0113,0.23,0.0018,11.0,8.0
2024-09-20,영등포구,4206,323218,26.0,18.3,30.2,62.0,0.0162,0.0107,0.3,0.0022,14.0,9.0
2024-09-20,용산구,799,0,25.5,18.0,29.4,48.5,0.02,0.009,0.31,0.0021,14.0,10.0
2024-09-20,은평구,1228,120660,24.4,18.4,28.4,47.0,0.0101,0.0103,0.37,0.0023,12.0,8.0
2024-09-20,종로구,1749,236865,24.6,16.8,29.2,52.0,0.016,0.0138,0.31,0.0031,13.0,9.0
2024-09-20,중구,1261,268330,23.2,15.5,28.3,38.0,0.0071,0.0128,0.4,0.0028,15.0,10.0
2024-09-20,중랑구,1359,89668,24.7,17.6,28.7,55.5,0.0109,0.0134,0.25,0.002,14.0,8.0
2024-09-21,강남구,3551,235817,19.9,17.2,22.9,28.0,0.0071,0.033,0.23,0.002,3.0,2.0
2024-09-21,강동구,4524,61517,19.0,16.4,21.9,33.5,0.0049,0.0324,0.3,0.0018,4.0,2.0
2024-09-21,강북구,1547,36741,19.0,16.5,22.4,32.0,0.0045,0.0342,0.2,0.0017,9.0,1.0
2024-09-21,강서구,11900,126029,20.2,17.7,23.4,14.5,0.0064,0.0311,0.28,0.0029,5.0,1.0
2024-09-21,관악구,2521,125162,,,,14.5,0.0078,0.0295,0.24,0.0022,5.0,2.0
2024-09-21,광진구,5279,54900,19.6,17.1,22.6,23.5,0.0101,0.0401,0.47,0.0024,6.0,1.0
2024-09-21,구로구,3979,84024,19.5,17.4,22.1,16.0,0.0047,0.0325,0.36,0.0021,3.0,1.0
2024-09-21,금천구,1341,36291,19.9,17.3,22.8,15.0,0.0069,0.0334,0.22,0.0022,5.0,2.0
2024-09-21,노원구,7009,112934,19.5,17.0,22.4,,0.0058,0.0328,0.2,0.0018,4.0,1.0
2024-09-21,도봉구,2681,69752,18.9,17.3,20.9,39.5,0.0069,0.0369,0.15,0.0019,5.0,2.0
2024-09-21,동대문구,3458,74281,19.5,17.0,22.3,34.5,0.0063,0.0323,0.22,0.0016,6.0,1.0
2024-09-21,동작구,2206,71095,20.1,17.6,23.4,19.0,0.0076,0.0338,0.23,0.002,4.0,1.0
2024-09-21,마포구,7275,243610,19.3,16.9,22.1,18.0,0.0064,0.0353,0.22,0.002,4.0,1.0
2024-09-21,서대문구,2276,76575,18.4,16.3,21.2,24.5,0.0047,0.0377,0.21,0.0019,3.0,1.0
2024-09-21,서초구,3282,131620,19.7,16.9,22.7,25.0,0.006,0.0312,0.23,0.0022,4.0,1.0
2024-09-21,성동구,4142,88352,19.6,17.0,22.3,22.5,0.0057,0.0335,0.21,0.0022,4.0,2.0
2024-09-21,성북구,2458,33406,18.7,16.3,21.6,25.0,0.0064,0.0295,0.19,0.0025,4.0,2.0
2024-09-21,송파구,9856,151643,20.0,17.1,23.1,23.5,0.0067,0.0299,0.24,0.0019,4.0,1.0
2024-09-21,양천구,7253,23411,19.8,17.3,22.7,18.5,0.0064,0.0275,0.2,0.0017,4.0,1.0
2024-09-21,영등포구,9273,215833,20.2,17.6,23.1,14.5,0.0075,0.0324,0.23,0.002,6.0,2.0
2024-09-21,용산구,2555,0,19.8,17.3,22.6,17.0,0.0107,0.0275,0.25,0.0017,5.0,2.0
2024-09-21,은평구,3176,91085,19.5,17.2,22.5,18.0,0.0035,0.0269,0.17,0.0023,4.0,2.0
2024-09-21,종로구,3388,177370,18.6,16.1,21.2,15.5,0.0062,0.0335,0.22,0.0023,4.0,1.0
2024-09-21,중구,2174,169177,17.6,15.3,20.3,6.0,0.0053,0.0304,0.23,0.0026,5.0,1.0
2024-09-21,중랑구,3324,66733,19.5,16.9,22.2,35.0,0.0051,0.0311,0.21,0.0018,5.0,1.0
2024-09-22,강남구,5397,152257,21.8,17.7,27.3,0.0,0.0061,0.0278,0.22,0.002,4.0,1.0
2024-09-22,강동구,6623,48454,20.6,17.4,25.8,0.0,0.0044,0.027,0.31,0.0018,5.0,2.0
2024-09-22,강북구,2009,31440,20.0,16.1,25.7,0.0,0.0044,0.0259,0.22,0.0018,5.0,2.0
2024-09-22,강서구,14944,102828,21.6,18.0,27.1,0.0,0.0058,0.0271,0.25,0.0028,4.0,2.0
2024-09-22,관악구,3728,97621,,,,,,,,,,
2024-09-22,광진구,8141,43886,21.6,18.3,27.4,0.0,0.007,0.034,0.45,0.0022,4.0,1.0
2024-09-22,구로구,5757,66138,21.7,17.5,26.5,0.0,0.0042,0.0277,0.41,0.0021,3.0,1.0
2024-09-22,금천구,1961,28858,21.7,18.3,26.8,0.0,0.0071,0.0272,0.25,0.0022,4.0,2.0
2024-09-22,노원구,8903,89341,20.9,16.5,26.1,,0.0054,0.0271,0.21,0.0017,6.0,1.0
2024-09-22,도봉구,3504,61442,20.6,17.0,27.3,0.0,0.0082,0.0308,0.13,0.0021,6.0,2.0
2024-09-22,동대문구,4796,63082,21.4,18.2,26.6,0.0,0.005,0.028,0.22,0.0016,7.0,1.0
2024-09-22,동작구,3615,53567,21.9,16.3,28.1,0.0,0.0065,0.0297,0.22,0.0019,5.0,1.0
2024-09-22,마포구,11244,207385,21.4,16.8,27.3,0.0,0.0065,0.0288,0.22,0.0019,4.0,2.0
2024-09-22,서대문구,3416,58196,19.9,15.6,26.1,0.0,0.006,0.0291,0.2,0.0021,4.0,1.0
2024-09-22,서초구,5391,114163,21.6,18.3,26.8,0.0,0.0051,0.0266,0.2,0.0022,3.0,1.0
2024-09-22,성동구,6417,76497,21.3,18.4,26.8,0.0,0.0052,0.0278,0.21,0.0022,4.0,2.0
2024-09-22,성북구,3226,28380,20.3,16.9,25.2,0.0,0.0062,0.0258,0.15,0.0024,4.0,1.0
2024-09-22,송파구,15246,112510,21.7,18.6,27.6,0.0,0.0055,0.0257,0.23,0.0018,5.0,3.0
2024-09-22,양천구,9074,18406,21.6,17.7,26.5,0.0,0.0055,0.0248,0.19,0.0017,4.0,1.0
2024-09-22,영등포구,13660,170559,22.3,18.2,27.8,0.0,0.0074,0.0273,0.24,0.002,6.0,2.0
2024-09-22,용산구,4689,0,21.8,18.5,27.1,0.0,0.0073,0.0251,0.25,0.0016,5.0,2.0
2024-09-22,은평구,4036,74422,20.2,14.9,26.0,0.0,0.0036,0.0223,0.13,0.0024,4.0,2.0
2024-09-22,종로구,4113,138503,20.7,16.8,25.7,0.0,0.0053,0.0297,0.22,0.0022,3.0,1.0
2024-09-22,중구,2755,143023,19.3,16.6,23.6,0.0,0.0037,0.0272,0.23,0.0025,4.0,1.0
2024-09-22,중랑구,4557,52327,21.2,18.2,26.3,0.0,0.0048,0.0249,0.22,0.0018,5.0,1.0
2024-09-23,강남구,6623,406995,21.3,17.6,26.7,0.0,0.01,0.0315,0.24,0.0019,8.0,3.0
2024-09-23,강동구,7243,96893,20.3,16.7,25.1,0.0,0.0059,0.0325,0.32,0.0019,9.0,3.0
2024-09-23,강북구,2325,50660,18.7,13.8,25.4,0.0,0.0061,0.0306,0.22,0.0016,8.0,2.0
2024-09-23,강서구,23158,192606,21.4,16.4,27.1,0.0,0.01,0.0332,0.28,0.0028,7.0,2.0
2024-09-23,관악구,3795,158264,,,,0.0,0.0099,0.0322,0.24,0.0021,10.0,3.0
2024-09-23,광진구,8760,64790,20.8,16.7,26.2,0.0,0.0079,0.0394,0.44,0.0025,10.0,2.0
2024-09-23,구로구,7920,133837,21.7,17.5,26.3,0.0,0.0057,0.0326,0.41,0.002,5.0,1.0
2024-09-23,금천구,3675,104754,21.6,17.6,26.6,0.0,0.0086,0.0341,0.26,0.0022,8.0,3.0
2024-09-23,노원구,10480,159615,19.1,13.5,25.7,,0.0089,0.0303,0.22,0.0019,9.0,2.0
2024-09-23,도봉구,3778,98296,19.6,13.9,27.8,0.0,0.0113,0.0331,0.12,0.0022,9.0,3.0
2024-09-23,동대문구,5929,111230,20.9,16.3,25.4,0.0,0.0079,0.0337,0.23,0.0015,9.0,3.0
2024-09-23,동작구,3400,96268,20.8,16.6,27.5,0.0,0.0108,0.0322,0.24,0.0019,9.0,3.0
2024-09-23,마포구,8999,266505,,,,0.0,0.008,0.0359,0.23,0.0018,8.0,3.0
2024-09-23,서대문구,3438,103995,19.8,14.8,24.7,0.0,0.0075,0.0377,0.17,0.0022,5.0,2.0
2024-09-23,서초구,6214,153499,20.8,17.0,26.5,0.0,0.0066,0.0315,0.2,0.0022,5.0,1.0
2024-09-23,성동구,7329,136036,21.0,17.5,25.6,0.0,0.0065,0.035,0.21,0.0024,9.0,4.0
2024-09-23,성북구,3958,52573,19.4,16.0,24.8,0.0,0.0096,0.0299,0.12,0.0025,8.0,1.0
2024-09-23,송파구,16180,220539,21.4,17.9,26.2,0.0,0.0083,0.0294,0.23,0.0017,9.0,4.0
2024-09-23,양천구,10682,37326,21.4,17.9,26.1,0.0,0.0091,0.0295,0.21,0.0017,8.0,3.0
2024-09-23,영등포구,17040,331284,21.9,18.3,27.2,0.0,0.0108,0.0317,0.26,0.002,11.0,5.0
2024-09-23,용산구,3786,0,21.3,17.8,26.7,0.0,0.0143,0.028,0.26,0.0016,9.0,3.0
2024-09-23,은평구,4193,130293,20.6,16.1,25.9,0.0,0.0066,0.0273,0.09,0.0024,8.0,3.0
2024-09-23,종로구,6611,247587,20.5,16.4,25.1,0.0,0.009,0.0345,0.24,0.0021,7.0,2.0
2024-09-23,중구,4895,284540,18.7,15.3,23.1,0.0,0.0063,0.0299,0.26,0.0025,8.0,2.0
2024-09-23,중랑구,5014,95516,20.8,17.2,25.5,0.0,0.0061,0.0311,0.22,0.0017,8.0,2.0
2024-09-24,강남구,6489,417000,20.8,15.4,26.9,0.0,0.0154,0.0345,0.27,0.002,13.0,5.0
2024-09-24,강동구,7778,97927,19.9,15.3,25.4,0.0,0.0106,0.0336,0.35,0.002,11.0,4.0
2024-09-24,강북구,2272,51702,18.6,13.0,26.1,0.0,0.008,0.038,0.23,0.0017,11.0,4.0
2024-09-24,강서구,23828,194498,21.4,17.0,27.7,0.0,0.0162,0.0377,0.32,0.003,13.0,4.0
2024-09-24,관악구,3718,164169,18.8,14.0,26.2,0.0,0.0156,0.0372,0.3,0.0025,16.0,6.0
2024-09-24,광진구,9024,65878,20.9,15.7,26.9,0.0,0.013,0.0418,0.49,0.0026,12.0,4.0
2024-09-24,구로구,7950,136283,21.7,17.3,26.8,0.0,0.0093,0.0372,0.43,0.0021,12.0,2.0
2024-09-24,금천구,3854,105831,21.8,16.9,27.4,0.0,0.0148,0.0367,0.26,0.0022,9.0,6.0
2024-09-24,노원구,10838,161438,18.7,11.7,26.7,,0.014,0.0347,0.25,0.0017,13.0,5.0
2024-09-24,도봉구,3790,100674,19.6,13.8,29.9,0.0,0.0139,0.0408,0.13,0.0022,10.0,4.0
2024-09-24,동대문구,6107,113622,20.9,15.9,26.4,0.0,0.012,0.0377,0.26,0.0016,13.0,4.0
2024-09-24,동작구,3463,98549,20.0,13.7,28.1,0.0,0.0154,0.0385,0.27,0.002,14.0,6.0
2024-09-24,마포구,9132,270130,,,,,,,,,,
2024-09-24,서대문구,3594,106533,20.3,15.6,25.7,0.0,0.0089,0.0461,0.19,0.0021,10.0,4.0
2024-09-24,서초구,6119,159385,20.3,15.4,26.7,0.0,0.0119,0.0344,0.24,0.0023,10.0,3.0
2024-09-24,성동구,7195,139871,21.3,16.6,26.8,0.0,0.0121,0.039,0.25,0.0025,13.0,5.0
2024-09-24,성북구,4019,54181,19.6,14.7,26.5,0.0,0.0141,0.0339,0.14,0.0025,12.0,3.0
2024-09-24,송파구,15917,224690,21.2,16.6,26.7,0.0,0.0158,0.0303,0.29,0.0019,14.0,5.0
2024-09-24,양천구,11157,38656,21.8,17.2,26.4,0.0,0.014,0.0348,0.25,0.0018,13.0,6.0
2024-09-24,영등포구,17216,339590,22.5,17.5,27.8,0.0,0.0167,0.0389,0.29,0.0021,14.0,7.0
2024-09-24,용산구,3840,0,21.3,16.7,27.7,0.0,0.0257,0.0287,0.33,0.0018,14.0,5.0
2024-09-24,은평구,4289,132806,18.9,13.9,26.3,0.0,0.0085,0.0342,0.13,0.0026,11.0,5.0
2024-09-24,종로구,6546,255817,21.0,15.5,27.0,0.0,0.0141,0.0376,0.28,0.0022,10.0,5.0
2024-09-24,중구,5000,292187,19.2,14.5,24.6,0.0,0.0092,0.035,0.32,0.0026,12.0,5.0
2024-09-24,중랑구,5024,96518,20.7,15.9,26.0,0.0,0.0099,0.0342,0.24,0.0017,10.0,4.0
2024-09-25,강남구,6253,416245,23.4,18.0,28.8,0.0,0.0194,0.0315,0.31,0.0021,18.0,9.0
2024-09-25,강동구,7584,98791,22.3,17.3,26.9,0.0,0.018,0.0255,0.42,0.0021,16.0,6.0
2024-09-25,강북구,2283,51715,21.3,15.4,27.4,0.0,0.0106,0.0364,0.27,0.0019,15.0,7.0
2024-09-25,강서구,23446,195129,23.6,17.8,29.0,0.0,0.0203,0.0324,0.36,0.0032,17.0,8.0
2024-09-25,관악구,3672,165042,20.9,15.7,26.6,0.0,0.0195,0.0323,0.32,0.0025,19.0,9.0
2024-09-25,광진구,8874,66601,23.1,18.2,28.9,0.0,0.0223,0.0333,0.61,0.0026,17.0,7.0
2024-09-25,구로구,7694,135829,23.9,19.1,28.5,0.0,0.0124,0.033,0.41,0.0023,15.0,3.0
2024-09-25,금천구,3718,105003,24.2,19.8,28.9,0.0,0.0221,0.03,0.34,0.0027,18.0,11.0
2024-09-25,노원구,10924,163040,21.6,14.4,27.4,,0.0187,0.0289,0.31,0.0021,18.0,8.0
2024-09-25,도봉구,3969,100737,22.0,16.2,27.9,0.0,0.0162,0.0368,0.26,0.0024,17.0,7.0
2024-09-25,동대문구,5944,114948,23.3,18.4,28.4,0.0,0.018,0.0325,0.32,0.002,19.0,8.0
2024-09-25,동작구,3303,98796,22.8,16.9,29.1,0.0,0.0209,0.0257,0.31,0.0023,16.0,8.0
2024-09-25,마포구,8823,272873,,,,,,,,,,
2024-09-25,서대문구,3436,106000,22.0,18.8,28.0,0.0,0.012,0.0419,0.31,0.0023,15.0,6.0
2024-09-25,서초구,5982,157997,23.1,17.5,27.9,0.0,0.0159,0.0297,0.27,0.0025,15.0,5.0
2024-09-25,성동구,6928,141077,23.2,19.0,28.3,0.0,0.0194,0.0329,0.3,0.0027,18.0,8.0
2024-09-25,성북구,3978,54312,22.3,17.4,27.2,0.0,0.0173,0.0285,0.23,0.0028,17.0,8.0
2024-09-25,송파구,16068,226053,23.5,18.4,28.6,0.0,0.021,0.0239,0.31,0.002,18.0,8.0
2024-09-25,양천구,11308,38281,23.9,19.9,28.0,0.0,0.0185,0.0292,0.28,0.0021,16.0,8.0
2024-09-25,영등포구,16287,340823,24.2,20.2,28.9,0.0,0.0217,0.0329,0.33,0.0025,18.0,8.0
2024-09-25,용산구,3630,0,23.7,19.5,28.2,0.0,0.0258,0.0271,0.37,0.0022,19.0,9.0
2024-09-25,은평구,4392,133348,21.7,14.5,27.6,0.0,0.0123,0.0289,0.27,0.0027,17.0,8.0
2024-09-25,종로구,6401,259100,23.6,18.7,28.4,0.0,0.0197,0.0324,0.34,0.0029,16.0,9.0
2024-09-25,중구,4661,293413,21.5,16.9,28.0,0.0,0.01,0.033,0.33,0.0029,15.0,6.0
2024-09-25,중랑구,5040,96974,23.1,18.6,28.9,0.0,0.0147,0.0285,0.29,0.002,16.0,7.0
2024-09-26,강남구,5991,415867,24.3,21.4,29.1,0.0,0.0181,0.0391,0.34,0.0022,20.0,12.0
2024-09-26,강동구,7848,98518,23.4,20.5,28.4,0.0,0.0152,0.0386,0.44,0.0022,20.0,10.0
2024-09-26,강북구,2005,51854,21.6,18.9,27.6,5.0,0.0068,0.0425,0.26,0.0019,15.0,9.0
2024-09-26,강서구,20851,195710,23.6,20.5,29.4,2.0,0.0162,0.038,0.32,0.003,17.0,9.0
2024-09-26,관악구,3775,166645,21.8,18.4,27.5,0.0,0.0193,0.0387,0.33,0.0025,21.0,11.0
2024-09-26,광진구,8516,66197,24.2,21.4,29.0,0.0,0.0173,0.0495,0.66,0.0026,20.0,11.0
2024-09-26,구로구,7484,135464,23.8,21.3,27.7,0.0,0.0116,0.0412,0.4,0.0024,14.0,6.0
2024-09-26,금천구,3596,104611,24.5,22.4,29.0,0.0,0.0201,0.037,0.34,0.0028,15.0,13.0
2024-09-26,노원구,9374,161484,22.9,18.8,29.2,,0.0149,0.036,0.3,0.0021,18.0,10.0
2024-09-26,도봉구,3283,99961,22.9,20.5,30.0,5.5,0.011,0.0458,0.35,0.0022,15.0,8.0
2024-09-26,동대문구,5703,114324,23.9,20.9,28.8,0.0,0.0155,0.0365,0.33,0.002,21.0,11.0
2024-09-26,동작구,3260,98999,23.5,19.9,29.0,0.0,0.0214,0.035,0.35,0.0025,21.0,12.0
2024-09-26,마포구,8252,275242,,,,,,,,,,
2024-09-26,서대문구,3172,106060,22.2,19.2,27.4,1.0,0.0105,0.0453,0.34,0.0023,14.0,8.0
2024-09-26,서초구,5876,162156,23.9,21.0,28.5,0.0,0.016,0.0382,0.3,0.0027,18.0,8.0
2024-09-26,성동구,6521,141263,23.9,21.7,29.0,0.0,0.0185,0.0412,0.32,0.003,21.0,13.0
2024-09-26,성북구,3583,54287,22.4,19.5,27.5,1.0,0.0137,0.0365,0.28,0.0027,18.0,10.0
2024-09-26,송파구,15625,223162,24.2,21.5,29.2,0.0,0.0183,0.0362,0.33,0.0023,21.0,12.0
2024-09-26,양천구,10469,38029,24.0,21.3,28.7,0.0,0.0151,0.0372,0.27,0.002,15.0,10.0
2024-09-26,영등포구,15912,339523,24.5,22.0,29.2,0.0,0.0188,0.0422,0.32,0.0025,18.0,10.0
2024-09-26,용산구,3273,0,24.3,22.3,27.8,0.0,0.0257,0.0328,0.39,0.0024,22.0,12.0
2024-09-26,은평구,3753,132653,21.6,18.0,27.7,6.0,0.0098,0.03,0.32,0.0026,15.0,9.0
2024-09-26,종로구,6030,259029,23.8,21.9,27.9,0.0,0.0168,0.0397,0.36,0.0031,18.0,11.0
2024-09-26,중구,4280,294918,22.2,19.7,27.2,0.0,0.0093,0.0411,0.32,0.0029,15.0,10.0
2024-09-26,중랑구,4624,96407,24.0,20.9,28.6,0.0,0.0128,0.0401,0.31,0.0021,20.0,11.0
2024-09-27,강남구,5946,429339,23.4,19.5,28.9,0.0,0.0134,0.0317,0.3,0.0021,16.0,9.0
2024-09-27,강동구,7919,100503,22.3,18.8,27.7,0.0,0.0111,0.0322,0.4,0.0019,15.0,8.0
2024-09-27,강북구,2357,52028,21.1,17.3,27.7,0.0,0.0067,0.034,0.26,0.0018,15.0,9.0
2024-09-27,강서구,23457,204721,23.0,18.9,29.1,0.0,0.0154,0.0298,0.34,0.003,22.0,12.0
2024-09-27,관악구,3883,175212,21.1,17.0,27.8,0.0,0.0148,0.0339,0.31,0.0025,19.0,10.0
2024-09-27,광진구,8669,70466,23.1,19.2,29.3,0.0,0.0119,0.0384,0.55,0.0024,15.0,8.0
2024-09-27,구로구,8108,137163,23.7,20.0,28.0,0.0,0.0094,0.035,0.41,0.0023,13.0,6.0
2024-09-27,금천구,3678,104406,24.1,20.6,29.3,0.0,0.0143,0.0331,0.31,0.0027,14.0,11.0
2024-09-27,노원구,11170,165632,21.7,16.6,28.3,0.0,0.0112,0.0298,0.28,0.0019,17.0,9.0
2024-09-27,도봉구,3991,102746,22.4,18.4,30.3,0.0,0.0106,0.0363,0.33,0.0022,16.0,9.0
2024-09-27,동대문구,5901,115920,23.0,19.2,28.6,0.0,0.0134,0.0316,0.31,0.0019,18.0,9.0
2024-09-27,동작구,3496,103800,23.4,18.4,30.5,0.0,0.0139,0.0338,0.3,0.0023,18.0,10.0
2024-09-27,마포구,9111,294176,,,,,,,,,,
2024-09-27,서대문구,3449,110798,21.9,17.9,27.6,0.0,0.0089,0.0352,0.31,0.002,13.0,7.0
2024-09-27,서초구,6138,176587,23.2,19.1,28.6,0.0,0.0121,0.0333,0.26,0.0022,14.0,7.0
2024-09-27,성동구,6986,149823,23.3,19.9,28.6,0.0,0.0119,0.0347,0.28,0.0028,16.0,9.0
2024-09-27,성북구,3892,54426,21.8,18.2,27.6,0.0,0.0122,0.0288,0.26,0.0026,16.0,8.0
2024-09-27,송파구,17019,232560,23.0,19.5,28.1,0.0,0.0141,0.0285,0.29,0.002,16.0,7.0
2024-09-27,양천구,11708,38871,23.5,20.1,28.3,0.0,0.0138,0.0293,0.29,0.0019,18.0,11.0
2024-09-27,영등포구,17043,355063,24.1,20.6,29.3,0.0,0.0171,0.0338,0.33,0.0024,19.0,11.0
2024-09-27,용산구,3723,0,23.9,19.9,29.5,0.0,0.0223,0.0264,0.35,0.0021,17.0,10.0
2024-09-27,은평구,4537,135458,21.8,16.5,28.3,0.0,0.0072,0.0222,0.3,0.0025,14.0,9.0
2024-09-27,종로구,6341,269713,23.4,19.9,28.1,0.0,0.0118,0.0344,0.31,0.0028,15.0,9.0
2024-09-27,중구,4696,299515,21.2,18.2,26.6,0.0,0.0076,0.0303,0.31,0.0027,14.0,9.0
2024-09-27,중랑구,5145,98848,23.0,19.3,28.1,0.0,0.0102,0.0302,0.28,0.002,15.0,8.0
2024-09-28,강남구,5038,256493,23.9,19.7,29.2,0.0,0.0089,0.0397,0.26,0.002,13.0,6.0
2024-09-28,강동구,7168,70307,22.9,20.0,27.3,0.0,0.0052,0.049,0.36,0.002,13.0,6.0
2024-09-28,강북구,2109,42594,21.4,16.8,28.0,0.0,0.006,0.0378,0.24,0.0016,11.0,5.0
2024-09-28,강서구,17204,141069,23.4,18.4,29.5,0.0,0.0098,0.0398,0.32,0.0028,12.0,5.0
2024-09-28,관악구,3964,144161,22.0,18.6,28.0,0.0,0.01,0.0405,0.26,0.0021,15.0,6.0
2024-09-28,광진구,8465,64850,23.2,19.9,29.1,0.0,0.0076,0.0499,0.39,0.0023,13.0,5.0
2024-09-28,구로구,6354,95004,24.2,20.4,29.3,0.0,0.0055,0.0409,0.4,0.0021,8.0,2.0
2024-09-28,금천구,2290,43895,23.9,20.8,28.9,0.0,0.0086,0.0423,0.24,0.0022,9.0,6.0
2024-09-28,노원구,10335,130424,22.3,17.6,27.9,0.0,0.0072,0.0398,0.24,0.0019,14.0,6.0
2024-09-28,도봉구,3727,81750,21.9,17.4,28.6,0.0,0.008,0.044,0.28,0.0022,14.0,6.0
2024-09-28,동대문구,4938,88048,23.4,20.4,27.7,0.0,0.0076,0.0428,0.26,0.0017,15.0,6.0
2024-09-28,동작구,3437,81103,23.5,19.5,29.8,0.0,0.0098,0.0414,0.27,0.0022,14.0,6.0
2024-09-28,마포구,9913,248732,,,,,,,,,,
2024-09-28,서대문구,3185,89453,22.0,17.6,27.5,0.0,0.0058,0.0477,0.23,0.0021,9.0,5.0
2024-09-28,서초구,5834,153210,23.3,20.2,28.2,0.0,0.0067,0.0407,0.23,0.002,10.0,3.0
2024-09-28,성동구,6017,110056,23.6,20.5,27.9,0.0,0.0067,0.0444,0.23,0.0023,14.0,6.0
2024-09-28,성북구,3416,38269,22.3,19.1,27.0,0.0,0.0087,0.0359,0.18,0.0025,13.0,4.0
2024-09-28,송파구,16641,147086,24.1,20.6,29.2,0.0,0.0082,0.0378,0.27,0.0019,13.0,6.0
2024-09-28,양천구,10328,27359,23.8,20.7,27.6,0.0,0.0086,0.0375,0.24,0.0017,12.0,6.0
2024-09-28,영등포구,14216,247768,24.3,21.1,29.0,0.0,0.0107,0.043,0.28,0.0021,15.0,7.0
2024-09-28,용산구,4552,0,23.8,20.8,28.2,0.0,0.0105,0.038,0.28,0.0017,13.0,6.0
2024-09-28,은평구,4423,103330,22.7,17.8,27.3,0.0,0.0048,0.0342,0.23,0.0025,12.0,6.0
2024-09-28,종로구,4963,221603,22.9,19.7,27.4,0.0,0.0069,0.0424,0.25,0.0023,12.0,6.0
2024-09-28,중구,3070,202745,21.3,18.1,25.8,0.0,0.0067,0.0356,0.27,0.0025,11.0,6.0
2024-09-28,중랑구,4860,75013,23.3,20.5,27.5,0.0,0.0057,0.0401,0.24,0.0018,12.0,5.0
2024-09-29,강남구,4659,155821,23.8,19.5,29.4,0.0,0.0082,0.0369,0.25,0.0019,9.0,4.0
2024-09-29,강동구,6846,50413,22.8,18.6,28.2,0.0,0.0052,0.0455,0.37,0.002,9.0,3.0
2024-09-29,강북구,2060,31530,21.5,16.3,28.4,0.0,0.0055,0.0366,0.23,0.0016,8.0,4.0
2024-09-29,강서구,15282,102391,24.1,19.4,30.2,0.0,0.0082,0.0408,0.3,0.0028,8.0,3.0
2024-09-29,관악구,3540,100352,22.2,17.5,28.4,0.0,0.0093,0.039,0.26,0.0021,11.0,5.0
2024-09-29,광진구,7584,44480,23.6,18.8,29.6,0.0,0.0072,0.0464,0.41,0.0021,10.0,3.0
2024-09-29,구로구,5730,69355,24.8,20.0,29.9,0.0,0.005,0.0397,0.38,0.0021,8.0,1.0
2024-09-29,금천구,1982,30605,24.3,20.0,29.8,0.0,0.0071,0.042,0.25,0.0021,6.0,5.0
2024-09-29,노원구,8988,94731,21.5,15.8,28.3,0.0,0.0067,0.0383,0.24,0.0018,10.0,4.0
2024-09-29,도봉구,3300,63483,22.7,17.0,30.9,0.0,0.0082,0.0395,0.28,0.0023,9.0,4.0
2024-09-29,동대문구,4465,64052,23.4,19.1,28.7,0.0,0.0059,0.0429,0.25,0.0016,10.0,4.0
2024-09-29,동작구,3435,54005,23.0,18.0,30.7,0.0,0.0084,0.0388,0.25,0.002,9.0,5.0
2024-09-29,마포구,9562,186605,,,,,,,,,,
2024-09-29,서대문구,3154,61371,22.5,18.1,28.0,0.0,0.0057,0.0453,0.22,0.002,6.0,4.0
2024-09-29,서초구,5181,122699,23.5,17.8,28.8,0.0,0.0067,0.0378,0.23,0.002,6.0,1.0
2024-09-29,성동구,5869,79874,23.7,19.6,29.1,0.0,0.0057,0.0428,0.23,0.002,9.0,4.0
2024-09-29,성북구,3265,28001,22.1,17.9,27.8,0.0,0.0081,0.0355,0.17,0.0024,8.0,3.0
2024-09-29,송파구,15197,101823,24.1,19.7,29.7,0.0,0.0064,0.0367,0.25,0.0019,10.0,5.0
2024-09-29,양천구,9260,18609,24.1,20.0,28.9,0.0,0.0075,0.0374,0.22,0.0017,8.0,4.0
2024-09-29,영등포구,13249,182839,24.7,20.4,29.9,0.0,0.009,0.0424,0.27,0.0021,10.0,5.0
2024-09-29,용산구,4258,0,24.0,19.7,29.7,0.0,0.0134,0.0347,0.28,0.0017,10.0,4.0
2024-09-29,은평구,4053,75467,23.0,17.1,28.3,0.0,0.0053,0.0324,0.22,0.0025,9.0,5.0
2024-09-29,종로구,3989,141849,23.7,18.8,29.5,0.0,0.0064,0.0418,0.24,0.0022,7.0,3.0
2024-09-29,중구,2614,148370,21.6,17.5,26.4,0.0,0.0051,0.0377,0.26,0.0026,8.0,4.0
2024-09-29,중랑구,4508,53859,23.4,18.8,28.6,0.0,0.0057,0.037,0.23,0.0017,9.0,4.0
2024-09-30,강남구,6270,404753,23.0,17.6,29.1,0.0,0.0175,0.0372,0.3,0.0022,15.0,8.0
2024-09-30,강동구,7738,98248,22.4,18.4,27.9,0.0,0.0129,0.0451,0.41,0.0021,16.0,6.0
2024-09-30,강북구,2358,50863,21.2,16.0,27.5,0.0,0.0081,0.0417,0.26,0.0018,11.0,4.0
2024-09-30,강서구,23142,193103,23.5,19.5,29.0,0.0,0.0162,0.0424,0.33,0.0029,14.0,6.0
2024-09-30,관악구,3714,162226,20.5,14.8,27.6,0.0,0.0176,0.0403,0.3,0.0025,16.0,8.0
2024-09-30,광진구,8478,66611,23.2,18.4,28.9,0.0,0.016,0.0474,0.43,0.0024,15.0,6.0
2024-09-30,구로구,7722,135395,23.5,19.6,28.8,0.0,0.011,0.0397,0.42,0.0026,12.0,3.0
2024-09-30,금천구,3763,104833,23.9,19.6,28.9,0.0,0.0177,0.0408,0.27,0.0026,12.0,8.0
2024-09-30,노원구,10864,159717,21.1,14.7,28.3,0.0,0.0149,0.0346,0.27,0.002,14.0,5.0
2024-09-30,도봉구,3913,99533,22.0,16.9,29.8,0.0,0.0114,0.0462,0.31,0.0024,12.0,6.0
2024-09-30,동대문구,5927,112302,23.1,18.9,28.8,0.0,0.0128,0.0436,0.31,0.0019,15.0,6.0
2024-09-30,동작구,3410,98705,22.5,16.5,29.7,0.0,0.0165,0.0407,0.28,0.0024,16.0,7.0
2024-09-30,마포구,8692,269521,,,,,,,,,,
2024-09-30,서대문구,3462,104446,21.9,17.4,28.3,0.0,0.0113,0.0461,0.28,0.0021,13.0,5.0
2024-09-30,서초구,5871,158405,22.7,17.8,29.2,0.0,0.0126,0.0404,0.25,0.0025,12.0,4.0
2024-09-30,성동구,6756,134751,23.2,19.2,28.5,0.0,0.0149,0.0407,0.29,0.0024,15.0,6.0
2024-09-30,성북구,3826,52628,22.1,17.6,27.5,0.0,0.0132,0.0371,0.19,0.0026,13.0,5.0
2024-09-30,송파구,16315,206507,23.5,19.2,28.5,0.0,0.0178,0.0351,0.29,0.0022,15.0,7.0
2024-09-30,양천구,11213,37745,23.7,20.1,28.6,0.0,0.0157,0.0369,0.25,0.0022,14.0,7.0
2024-09-30,영등포구,16803,333412,24.2,20.6,28.9,0.0,0.0184,0.0422,0.3,0.0025,15.0,7.0
2024-09-30,용산구,3552,0,23.7,19.3,28.6,0.0,0.0239,0.0292,0.34,0.0021,16.0,7.0
2024-09-30,은평구,4352,132062,20.6,15.0,27.7,0.0,0.0116,0.0323,0.28,0.0027,15.0,7.0
2024-09-30,종로구,5827,251238,23.1,18.8,28.0,0.0,0.0151,0.0412,0.32,0.0026,14.0,7.0
2024-09-30,중구,4360,283021,21.6,17.6,28.1,0.0,0.0085,0.041,0.33,0.0029,12.0,6.0
2024-09-30,중랑구,5112,95976,23.2,19.0,28.9,0.0,0.0111,0.0372,0.28,0.002,13.0,6.0
2024-10-01,강남구,3995,193575,18.8,14.7,21.3,2.0,0.011,0.0347,0.29,0.0022,14.0,7.0
2024-10-01,강동구,5582,56598,18.2,13.9,20.7,3.0,0.013,0.0351,0.41,0.0022,16.0,7.0
2024-10-01,강북구,1825,33945,17.0,11.6,20.0,3.0,0.008,0.0353,0.27,0.0017,14.0,7.0
2024-10-01,강서구,14163,116216,18.6,13.9,22.4,5.0,0.0115,0.0336,0.27,0.0028,14.0,6.0
2024-10-01,관악구,3094,108331,16.8,10.2,19.9,2.0,0.0114,0.0355,0.27,0.0025,17.0,7.0
2024-10-01,광진구,6486,50364,18.9,14.8,21.9,2.0,0.0174,0.0353,0.42,0.0023,17.0,8.0
2024-10-01,구로구,4867,76591,19.0,14.0,21.8,1.0,0.0078,0.0338,0.38,0.0023,12.0,4.0
2024-10-01,금천구,1788,39542,19.2,15.4,22.6,2.0,0.0142,0.0344,0.23,0.0027,12.0,8.0
2024-10-01,노원구,8086,102773,17.3,9.7,20.5,2.5,0.0117,0.032,0.28,0.0021,16.0,7.0
2024-10-01,도봉구,2924,65344,17.8,12.6,21.1,4.5,0.0113,0.0354,0.31,0.0024,14.0,6.0
2024-10-01,동대문구,4119,73374,18.7,14.5,22.4,2.5,0.0124,0.035,0.31,0.0018,16.0,7.0
2024-10-01,동작구,2854,66700,18.4,12.2,21.3,1.5,0.0108,0.0359,0.27,0.0022,15.0,7.0
2024-10-01,마포구,7276,192436,,,,,,,,,,
2024-10-01,서대문구,2936,76980,17.1,11.2,21.0,2.0,0.0098,0.0371,0.26,0.0021,13.0,6.0
2024-10-01,서초구,4044,107151,18.5,14.4,21.3,1.5,0.0083,0.036,0.25,0.0022,12.0,4.0
2024-10-01,성동구,4509,83796,18.6,14.7,22.3,4.5,0.014,0.0323,0.29,0.0025,15.0,7.0
2024-10-01,성북구,2974,32053,17.5,12.5,21.2,3.0,0.0127,0.028,0.2,0.0025,14.0,5.0
2024-10-01,송파구,11892,114604,19.1,15.2,22.7,1.0,0.0165,0.0272,0.3,0.002,17.0,7.0
2024-10-01,양천구,7915,21836,18.9,15.0,22.7,2.0,0.0095,0.032,0.23,0.002,13.0,6.0
2024-10-01,영등포구,10868,177408,19.4,15.3,23.6,1.5,0.0106,0.0382,0.26,0.0023,14.0,6.0
2024-10-01,용산구,3539,0,19.3,15.1,22.9,2.0,0.0164,0.0283,0.31,0.0019,16.0,7.0
2024-10-01,은평구,3385,86250,16.5,9.2,21.9,2.5,0.0097,0.0269,0.27,0.0027,15.0,7.0
2024-10-01,종로구,3807,209288,18.2,13.3,21.5,1.0,0.0137,0.0335,0.3,0.0027,15.0,7.0
2024-10-01,중구,2545,186579,16.5,12.0,20.7,3.0,0.007,0.0346,0.28,0.0028,13.0,6.0
2024-10-01,중랑구,4069,61014,19.0,15.0,22.5,2.5,0.0112,0.0313,0.29,0.002,15.0,7.0
2024-10-02,강남구,5838,404750,16.3,12.7,21.0,0.0,0.0091,0.0349,0.27,0.002,14.0,6.0
2024-10-02,강동구,7146,99156,14.7,11.4,19.8,0.0,0.0113,0.0345,0.36,0.0024,17.0,6.0
2024-10-02,강북구,2323,51227,13.7,9.6,19.4,0.0,0.006,0.0352,0.25,0.0016,12.0,6.0
2024-10-02,강서구,22377,194710,15.1,11.0,20.8,0.0,0.015,0.0269,0.3,0.0027,17.0,6.0
2024-10-02,관악구,3571,165671,12.2,8.3,18.7,0.0,0.0112,0.0331,0.27,0.0022,17.0,7.0
2024-10-02,광진구,8150,68162,16.0,12.6,20.6,0.0,0.0113,0.0396,0.26,0.0026,16.0,6.0
2024-10-02,구로구,7188,134602,19.2,15.1,22.9,0.0,0.0068,0.032,0.46,0.0022,13.0,4.0
2024-10-02,금천구,3413,102568,16.2,13.4,20.4,0.0,0.0111,0.0305,0.24,0.0023,11.0,8.0
2024-10-02,노원구,10739,168535,12.8,7.4,20.6,0.0,0.0076,0.0345,0.25,0.002,16.0,6.0
2024-10-02,도봉구,3619,100732,14.3,10.2,23.7,0.0,0.0099,0.037,0.22,0.0027,15.0,7.0
2024-10-02,동대문구,5498,114946,15.6,12.2,19.8,0.0,0.0083,0.0367,0.27,0.0016,15.0,6.0
2024-10-02,동작구,3195,99196,14.8,10.4,20.9,0.0,0.009,0.0357,0.27,0.0021,14.0,7.0
2024-10-02,마포구,8190,276809,,,,,,,,,,
2024-10-02,서대문구,3161,108084,13.5,9.1,19.2,0.0,0.0065,0.0362,0.19,0.0027,14.0,5.0
2024-10-02,서초구,5459,162947,15.4,11.6,20.9,0.0,0.0086,0.0329,0.22,0.0021,15.0,2.0
2024-10-02,성동구,6544,138711,15.9,13.0,19.9,0.0,0.0097,0.0342,0.26,0.0027,15.0,6.0
2024-10-02,성북구,3682,54072,14.4,11.1,18.7,0.0,0.0106,0.03,0.15,0.0028,14.0,5.0
2024-10-02,송파구,15326,224135,16.2,13.4,20.9,0.0,0.0108,0.0319,0.27,0.0019,17.0,6.0
2024-10-02,양천구,10947,38473,15.9,12.8,19.8,0.0,0.0107,0.0276,0.25,0.0018,16.0,7.0
2024-10-02,영등포구,15684,336464,16.3,13.0,20.7,0.0,0.0131,0.0328,0.27,0.0022,15.0,7.0
2024-10-02,용산구,3265,0,15.8,13.3,20.0,0.0,0.0112,0.0299,0.31,0.0018,17.0,7.0
2024-10-02,은평구,4173,134007,11.5,6.8,19.0,0.0,0.0076,0.0246,0.17,0.0028,13.0,7.0
2024-10-02,종로구,5353,261936,14.8,11.5,19.0,0.0,0.0093,0.035,0.28,0.0024,13.0,7.0
2024-10-02,중구,4174,293316,13.7,10.6,18.0,0.0,0.0042,0.0345,0.25,0.0026,11.0,5.0
2024-10-02,중랑구,4881,96764,15.8,12.7,19.8,0.0,0.0099,0.0295,0.28,0.0021,17.0,7.0
2024-10-03,강남구,4876,176974,16.4,11.0,22.6,0.0,0.0118,0.0278,0.26,0.002,13.0,6.0
2024-10-03,강동구,6443,54778,15.9,11.1,22.0,0.0,0.0111,0.0307,0.38,0.0023,13.0,6.0
2024-10-03,강북구,2125,36325,14.5,8.4,22.9,0.0,0.0074,0.0297,0.25,0.0016,10.0,6.0
2024-10-03,강서구,15267,113819,16.4,9.9,22.9,0.0,0.0153,0.0262,0.31,0.0027,19.0,8.0
2024-10-03,관악구,3662,108937,13.8,7.8,20.1,0.0,0.0155,0.0282,0.3,0.0022,18.0,8.0
2024-10-03,광진구,7630,50038,16.6,11.8,22.6,0.0,0.0107,0.0363,0.27,0.0029,13.0,6.0
2024-10-03,구로구,5606,75370,,,,0.0,0.0107,0.0255,0.42,0.0021,14.0,4.0
2024-10-03,금천구,2068,37038,16.9,12.7,21.8,0.0,0.0165,0.0234,0.28,0.0023,11.0,8.0
2024-10-03,노원구,9007,100066,14.2,6.3,22.5,0.0,0.012,0.0269,0.29,0.002,16.0,7.0
2024-10-03,도봉구,3271,68959,15.1,8.6,23.3,0.0,0.0106,0.031,0.24,0.0032,13.0,7.0
2024-10-03,동대문구,4748,72207,16.3,11.1,21.8,0.0,0.013,0.0283,0.29,0.0016,16.0,7.0
2024-10-03,동작구,3463,63843,15.2,9.1,22.8,0.0,0.015,0.0266,0.29,0.002,15.0,7.0
2024-10-03,마포구,9367,210097,16.3,11.4,22.3,0.0,0.015,0.0266,0.3,0.0022,17.0,7.0
2024-10-03,서대문구,3088,68166,15.1,9.5,22.1,0.0,0.0094,0.0313,0.33,0.0029,11.0,5.0
2024-10-03,서초구,4866,111218,15.8,10.4,23.1,0.0,0.0116,0.0256,0.24,0.002,13.0,3.0
2024-10-03,성동구,6182,97002,16.7,12.2,22.7,0.0,0.0135,0.0269,0.27,0.0025,16.0,7.0
2024-10-03,성북구,3208,31149,15.6,10.7,21.2,0.0,0.0117,0.026,0.28,0.003,15.0,5.0
2024-10-03,송파구,14689,123497,17.1,12.4,22.1,0.0,0.0122,0.0255,0.25,0.002,14.0,6.0
2024-10-03,양천구,8739,21219,17.1,12.2,22.5,0.0,0.0137,0.0236,0.25,0.0018,17.0,8.0
2024-10-03,영등포구,13751,193601,17.6,12.9,22.6,0.0,0.018,0.0263,0.3,0.0022,17.0,8.0
2024-10-03,용산구,4346,0,16.6,11.7,21.9,0.0,0.0173,0.0232,0.31,0.0018,17.0,7.0
2024-10-03,은평구,4130,85574,13.6,6.4,21.8,0.0,0.0099,0.0214,0.28,0.0028,11.0,7.0
2024-10-03,종로구,3893,198784,16.1,11.9,21.5,0.0,0.0137,0.0293,0.29,0.0026,15.0,8.0
2024-10-03,중구,2603,181360,14.9,11.0,20.6,0.0,0.0087,0.0232,0.29,0.0028,14.0,7.0
2024-10-03,중랑구,4408,60139,16.5,11.6,21.9,0.0,0.01,0.0253,0.26,0.002,14.0,6.0
2024-10-04,강남구,5973,386930,17.1,12.0,24.4,0.0,0.0164,0.0272,0.29,0.002,15.0,7.0
2024-10-04,강동구,7433,92950,16.8,11.7,22.8,0.0,0.0172,0.0284,0.41,0.0023,17.0,6.0
2024-10-04,강북구,2364,48823,15.4,9.9,23.2,0.0,0.0079,0.0329,0.25,0.0017,12.0,6.0
2024-10-04,강서구,21412,184584,17.2,11.7,23.8,0.0,0.0153,0.0278,0.31,0.0026,16.0,6.0
2024-10-04,관악구,3750,158616,14.5,9.5,22.9,0.0,0.0206,0.0246,0.34,0.0024,20.0,9.0
2024-10-04,광진구,8492,69664,17.9,12.5,24.1,0.0,0.0181,0.0337,0.34,0.0029,14.0,6.0
2024-10-04,구로구,7518,125296,,,,0.0,0.0125,0.0256,0.43,0.0022,15.0,5.0
2024-10-04,금천구,3375,89650,18.5,13.8,24.2,0.0,0.0187,0.0264,0.29,0.0024,12.0,9.0
2024-10-04,노원구,10470,155804,14.7,8.1,24.0,0.0,0.0175,0.0239,0.31,0.0022,16.0,7.0
2024-10-04,도봉구,3724,97330,16.6,10.7,27.4,0.0,0.0122,0.0327,0.28,0.0032,14.0,7.0
2024-10-04,동대문구,5546,109392,17.6,12.2,24.0,0.0,0.0178,0.0238,0.34,0.0018,17.0,8.0
2024-10-04,동작구,3380,95506,16.3,10.6,25.5,0.0,0.019,0.0225,0.32,0.0022,17.0,8.0
2024-10-04,마포구,9224,286642,17.3,12.6,22.4,0.0,0.0165,0.0278,0.31,0.0023,17.0,8.0
2024-10-04,서대문구,3375,105552,16.4,11.1,23.1,0.0,0.0102,0.0342,0.37,0.0032,13.0,6.0
2024-10-04,서초구,5770,163979,16.6,11.4,23.7,0.0,0.0148,0.0248,0.27,0.0022,16.0,5.0
2024-10-04,성동구,7223,145292,18.2,13.1,23.9,0.0,0.0172,0.0274,0.29,0.0026,16.0,8.0
2024-10-04,성북구,3518,50247,16.5,11.0,22.9,0.0,0.0161,0.0234,0.32,0.003,15.0,6.0
2024-10-04,송파구,15882,195617,18.2,13.0,24.2,0.0,0.0233,0.019,0.32,0.0022,18.0,8.0
2024-10-04,양천구,11367,36143,18.5,14.0,23.6,0.0,0.0154,0.0231,0.26,0.0019,17.0,8.0
2024-10-04,영등포구,16285,323553,19.0,14.7,23.8,0.0,0.021,0.0245,0.31,0.0022,16.0,7.0
2024-10-04,용산구,3895,0,18.1,12.8,24.3,0.0,0.0203,0.0238,0.34,0.002,18.0,8.0
2024-10-04,은평구,4266,127638,14.4,8.2,23.2,0.0,0.0107,0.0236,0.32,0.0028,13.0,6.0
2024-10-04,종로구,5699,260958,17.9,12.6,24.3,0.0,0.0182,0.0245,0.33,0.0026,15.0,9.0
2024-10-04,중구,4076,290063,16.3,11.9,22.5,0.0,0.0077,0.027,0.29,0.0029,14.0,7.0
2024-10-04,중랑구,4939,93504,17.6,12.5,24.4,0.0,0.0117,0.0276,0.26,0.0019,12.0,6.0
2024-10-05,강남구,5103,246713,17.1,11.8,25.2,0.0,0.019,0.0302,0.32,0.0021,19.0,11.0
2024-10-05,강동구,6684,69203,16.5,11.4,23.6,0.0,0.0158,0.0336,0.44,0.0022,17.0,10.0
2024-10-05,강북구,2168,41811,15.1,9.5,23.5,0.0,0.0094,0.0395,0.28,0.0018,18.0,11.0
2024-10-05,강서구,17388,142001,16.7,11.6,24.3,0.0,0.0207,0.0289,0.39,0.0026,26.0,12.0
2024-10-05,관악구,3739,137733,14.7,9.3,23.2,0.0,0.0249,0.0299,0.43,0.0024,28.0,16.0
2024-10-05,광진구,7951,58922,17.6,12.5,23.8,0.0,0.0199,0.0386,0.35,0.0028,18.0,10.0
2024-10-05,구로구,6027,96039,,,,0.0,0.0143,0.0315,0.47,0.0022,22.0,9.0
2024-10-05,금천구,2153,43246,18.9,13.8,24.8,0.0,0.0213,0.0323,0.34,0.0025,19.0,14.0
2024-10-05,노원구,9392,121757,14.3,7.3,24.1,0.0,0.0201,0.0284,0.35,0.0023,24.0,13.0
2024-10-05,도봉구,3527,82061,16.1,10.2,26.1,0.0,0.0155,0.0371,0.33,0.0032,20.0,11.0
2024-10-05,동대문구,4710,87196,17.4,11.9,24.3,0.0,0.02,0.03,0.39,0.0021,25.0,13.0
2024-10-05,동작구,4228,104100,16.3,10.3,25.9,0.0,0.0197,0.0329,0.35,0.0023,22.0,12.0
2024-10-05,마포구,10827,290654,17.6,12.6,22.4,0.0,0.0235,0.0299,0.38,0.0023,25.0,12.0
2024-10-05,서대문구,3088,84353,16.5,10.8,24.0,0.0,0.0143,0.0378,0.42,0.0032,20.0,10.0
2024-10-05,서초구,5851,154774,16.8,11.6,23.8,0.0,0.0201,0.0258,0.36,0.0022,34.0,20.0
2024-10-05,성동구,6134,106772,18.0,13.1,24.2,0.0,0.0195,0.0331,0.33,0.0026,21.0,11.0
2024-10-05,성북구,3175,37863,16.6,11.0,23.8,0.0,0.0184,0.0277,0.36,0.003,22.0,10.0
2024-10-05,송파구,15043,162764,18.1,13.0,25.0,0.0,0.0217,0.0258,0.34,0.0021,20.0,11.0
2024-10-05,양천구,10183,27230,18.8,14.6,23.6,0.0,0.0192,0.0281,0.32,0.0019,26.0,13.0
2024-10-05,영등포구,14511,329594,19.1,14.9,24.2,0.0,0.0242,0.0328,0.36,0.0024,23.0,11.0
2024-10-05,용산구,5957,0,17.9,13.3,24.2,0.0,0.0271,0.0257,0.43,0.0022,27.0,14.0
2024-10-05,은평구,4042,102256,14.1,7.8,23.2,0.0,0.013,0.0265,0.37,0.0029,21.0,12.0
2024-10-05,종로구,3764,208909,17.8,12.9,24.3,0.0,0.0211,0.0311,0.37,0.0029,24.0,15.0
2024-10-05,중구,2503,200213,16.8,11.8,23.0,0.0,0.012,0.0284,0.37,0.0031,21.0,13.0
2024-10-05,중랑구,4574,74313,17.5,12.2,24.2,0.0,0.0133,0.0333,0.29,0.002,17.0,10.0
2024-10-06,강남구,3345,144623,15.7,12.5,18.4,0.0,0.0194,0.0158,0.37,0.0022,19.0,11.0
2024-10-06,강동구,4824,46938,15.1,12.2,17.6,0.0,0.0158,0.0177,0.51,0.0022,18.0,10.0
2024-10-06,강북구,1577,30073,13.6,9.7,17.3,0.0,0.0125,0.0202,0.35,0.0019,17.0,11.0
2024-10-06,강서구,11116,98189,14.9,11.5,17.9,0.0,0.0232,0.0132,0.47,0.0027,27.0,14.0
2024-10-06,관악구,2853,95173,13.7,9.9,17.3,0.0,0.0259,0.0142,0.46,0.0026,28.0,17.0
2024-10-06,광진구,5349,43562,16.0,13.3,18.2,0.0,0.0186,0.022,0.46,0.0028,17.0,10.0
2024-10-06,구로구,3962,66189,,,,0.0,0.017,0.015,0.51,0.0022,24.0,12.0
2024-10-06,금천구,1398,30516,16.6,14.4,18.5,0.0,0.0259,0.0131,0.44,0.0025,21.0,18.0
2024-10-06,노원구,7057,86062,13.7,8.2,18.2,0.0,0.0207,0.012,0.41,0.0022,24.0,15.0
2024-10-06,도봉구,2511,60583,14.1,10.2,17.3,0.0,0.0163,0.0188,0.4,0.0031,20.0,13.0
2024-10-06,동대문구,3631,61148,15.7,12.9,18.1,0.0,0.022,0.0137,0.45,0.0022,23.0,14.0
2024-10-06,동작구,2197,51709,15.2,11.1,18.8,0.0,0.0238,0.014,0.43,0.0024,26.0,17.0
2024-10-06,마포구,6088,179505,15.5,13.5,17.5,0.0,0.0238,0.0148,0.42,0.0023,23.0,13.0
2024-10-06,서대문구,2115,58350,14.5,11.4,17.2,0.0,0.0167,0.0224,0.51,0.0028,17.0,10.0
2024-10-06,서초구,3092,118944,15.4,11.8,18.3,0.0,0.0184,0.0134,0.37,0.002,21.0,11.0
2024-10-06,성동구,3979,75080,16.1,13.9,17.9,0.0,0.0202,0.0171,0.38,0.0025,21.0,13.0
2024-10-06,성북구,2375,26120,14.8,11.7,17.5,0.0,0.0186,0.0141,0.44,0.0029,21.0,13.0
2024-10-06,송파구,10469,118829,16.4,13.8,18.5,0.0,0.0206,0.0125,0.37,0.0021,19.0,12.0
2024-10-06,양천구,6821,18211,16.6,14.8,18.6,0.0,0.0231,0.0119,0.39,0.0019,25.0,15.0
2024-10-06,영등포구,8559,165082,17.1,15.2,18.8,0.0,0.0254,0.0157,0.44,0.0023,23.0,13.0
2024-10-06,용산구,2648,0,16.3,13.6,18.4,0.0,0.0275,0.0123,0.5,0.0022,24.0,14.0
2024-10-06,은평구,2763,71096,12.5,8.0,17.1,0.0,0.0136,0.0173,0.42,0.0028,17.0,10.0
2024-10-06,종로구,2744,132347,15.6,13.7,17.7,0.0,0.0214,0.0177,0.41,0.0029,21.0,14.0
2024-10-06,중구,1755,139204,14.5,12.8,17.2,0.0,0.0118,0.0169,0.4,0.003,19.0,13.0
2024-10-06,중랑구,3554,51437,15.7,13.1,18.1,0.0,0.0144,0.0181,0.35,0.0019,18.0,12.0
2024-10-07,강남구,5837,399484,17.5,14.5,21.6,0.0,0.0239,0.0185,0.47,0.0024,36.0,21.0
2024-10-07,강동구,7074,96332,16.7,14.0,20.7,0.0,0.0223,0.0227,0.6,0.0025,38.0,24.0
2024-10-07,강북구,2217,49897,15.5,12.0,20.8,0.0,0.01,0.0325,0.37,0.002,31.0,20.0
2024-10-07,강서구,22090,190951,17.0,13.6,21.6,0.0,0.0225,0.0246,0.46,0.0029,42.0,23.0
2024-10-07,관악구,3554,155832,15.3,11.9,19.8,0.0,0.0266,0.0247,0.52,0.0028,43.0,25.0
2024-10-07,광진구,7952,63904,17.6,14.8,21.3,0.0,0.0274,0.0248,0.64,0.0031,32.0,19.0
2024-10-07,구로구,7382,133037,,,,0.0,0.0172,0.0241,0.54,0.0027,42.0,23.0
2024-10-07,금천구,3596,104889,18.0,15.3,21.4,0.0,0.0274,0.0234,0.47,0.0031,35.0,26.0
2024-10-07,노원구,10007,159000,15.5,11.8,21.6,0.0,0.0217,0.0228,0.45,0.0025,37.0,22.0
2024-10-07,도봉구,3827,97703,16.2,12.6,21.1,0.0,0.0153,0.0305,0.46,0.0031,34.0,22.0
2024-10-07,동대문구,5565,110999,17.2,14.2,21.3,0.0,0.0222,0.0226,0.52,0.0024,39.0,22.0
2024-10-07,동작구,3133,96037,16.7,13.7,21.6,0.0,0.021,0.0302,0.47,0.0026,38.0,23.0
2024-10-07,마포구,8021,262172,16.7,14.1,20.3,0.0,0.0234,0.0253,0.47,0.0026,38.0,21.0
2024-10-07,서대문구,2971,102301,16.0,12.7,20.6,0.0,0.015,0.0339,0.58,0.0031,34.0,20.0
2024-10-07,서초구,5446,153951,16.9,13.6,21.4,0.0,0.0196,0.0249,0.43,0.0023,42.0,22.0
2024-10-07,성동구,6547,135250,17.7,15.2,21.3,0.0,0.0257,0.0208,0.49,0.0031,38.0,22.0
2024-10-07,성북구,3600,51969,16.1,13.1,20.5,0.0,0.018,0.0227,0.47,0.0031,38.0,21.0
2024-10-07,송파구,14657,205115,17.9,15.2,21.6,0.0,0.0252,0.0166,0.48,0.0024,35.0,21.0
2024-10-07,양천구,10875,37482,17.8,15.2,21.0,0.0,0.0208,0.0235,0.41,0.0024,42.0,25.0
2024-10-07,영등포구,14995,325473,18.3,15.8,21.6,0.0,0.0242,0.0285,0.45,0.0026,37.0,22.0
2024-10-07,용산구,3129,0,17.6,14.8,21.0,0.0,0.0277,0.0213,0.55,0.0026,41.0,23.0
2024-10-07,은평구,3978,129275,14.8,10.8,20.6,0.0,0.0132,0.0232,0.5,0.0028,34.0,20.0
2024-10-07,종로구,5584,242163,16.9,14.3,20.3,0.0,0.0212,0.0268,0.48,0.0032,34.0,23.0
2024-10-07,중구,4128,277221,16.0,13.6,20.7,0.0,0.01,0.0291,0.44,0.0031,30.0,21.0
2024-10-07,중랑구,4806,94556,17.2,14.3,21.5,0.0,0.0177,0.0226,0.42,0.0022,32.0,21.0
2024-10-08,강남구,6008,417646,18.0,13.0,24.2,0.0,0.0173,0.0206,0.38,0.0022,29.0,18.0
2024-10-08,강동구,7325,99650,17.0,12.4,22.9,0.0,0.0125,0.0265,0.53,0.0022,26.0,17.0
2024-10-08,강북구,2309,52435,15.8,11.0,22.9,0.0,0.011,0.0261,0.44,0.0021,36.0,23.0
2024-10-08,강서구,22746,197648,17.7,12.5,23.9,0.0,0.0234,0.0242,0.55,0.0033,51.0,29.0
2024-10-08,관악구,3750,170040,15.9,11.0,23.0,0.0,0.0212,0.0225,0.49,0.0028,42.0,25.0
2024-10-08,광진구,8708,68389,17.8,13.1,24.3,0.0,0.017,0.0287,0.52,0.0028,27.0,16.0
2024-10-08,구로구,7564,138738,,,,0.0,0.014,0.025,0.54,0.0024,45.0,24.0
2024-10-08,금천구,3736,107075,18.6,14.4,24.5,0.0,0.0213,0.0246,0.47,0.0031,39.0,29.0
2024-10-08,노원구,10773,165364,15.2,9.1,23.4,0.0,0.0223,0.0167,0.49,0.0024,39.0,23.0
2024-10-08,도봉구,3937,102205,16.7,11.7,24.9,0.0,0.0174,0.0216,0.52,0.0029,36.0,24.0
2024-10-08,동대문구,5660,115572,17.9,12.9,23.3,0.0,0.0175,0.0212,0.47,0.0024,35.0,21.0
2024-10-08,동작구,3322,101870,17.1,11.7,25.4,0.0,0.02,0.0223,0.47,0.0027,37.0,23.0
2024-10-08,마포구,8463,278685,17.6,13.3,23.1,0.0,0.0196,0.0256,0.5,0.0026,46.0,27.0
2024-10-08,서대문구,3223,108640,17.0,12.1,23.1,0.0,0.0152,0.0285,0.63,0.0027,38.0,24.0
2024-10-08,서초구,5598,163867,17.7,12.7,23.5,0.0,0.0164,0.02,0.42,0.0021,33.0,23.0
2024-10-08,성동구,7116,140262,18.1,13.9,23.8,0.0,0.0168,0.0212,0.38,0.0033,31.0,18.0
2024-10-08,성북구,3734,54434,16.6,12.0,22.5,0.0,0.0166,0.0199,0.45,0.003,36.0,21.0
2024-10-08,송파구,15577,216183,18.3,13.6,23.6,0.0,0.0173,0.0195,0.4,0.0024,30.0,19.0
2024-10-08,양천구,11129,38969,18.4,14.6,23.5,0.0,0.0213,0.0206,0.45,0.0023,47.0,29.0
2024-10-08,영등포구,15966,342403,19.1,15.1,23.7,0.0,0.0223,0.026,0.5,0.0026,43.0,28.0
2024-10-08,용산구,3456,0,18.3,13.6,24.8,0.0,0.0248,0.0182,0.51,0.0026,37.0,22.0
2024-10-08,은평구,4149,135382,16.3,9.5,23.2,0.0,0.0143,0.0186,0.61,0.0027,45.0,28.0
2024-10-08,종로구,5936,265645,17.9,13.3,24.0,0.0,0.0189,0.0231,0.47,0.0034,34.0,23.0
2024-10-08,중구,4377,293640,16.2,12.5,20.9,0.0,0.0087,0.0241,0.47,0.0032,34.0,25.0
2024-10-08,중랑구,4947,98708,17.6,13.2,22.7,0.0,0.0107,0.0235,0.36,0.002,27.0,18.0
2024-10-09,강남구,5157,169114,18.6,13.3,25.0,0.0,0.0117,0.0312,0.28,0.0021,13.0,6.0
2024-10-09,강동구,6866,56444,18.4,14.3,24.0,0.0,0.0102,0.0373,0.45,0.0021,14.0,7.0
2024-10-09,강북구,2137,35321,16.6,11.3,22.9,0.0,0.0071,0.0331,0.26,0.0018,10.0,5.0
2024-10-09,강서구,15831,111251,18.7,13.0,24.8,0.0,0.0156,0.032,0.39,0.0029,14.0,7.0
2024-10-09,관악구,3869,109546,16.5,10.9,23.3,0.0,0.0143,0.032,0.32,0.0024,17.0,8.0
2024-10-09,광진구,8146,53118,18.9,14.6,25.1,0.0,0.0112,0.0404,0.44,0.0026,12.0,6.0
2024-10-09,구로구,6035,76080,,,,0.0,0.0085,0.0336,0.42,0.0021,11.0,5.0
2024-10-09,금천구,2329,37136,19.6,15.3,23.7,0.0,0.014,0.0312,0.28,0.0025,8.0,7.0
2024-10-09,노원구,9246,100566,16.3,9.8,24.2,0.0,0.0161,0.0243,0.31,0.0022,15.0,6.0
2024-10-09,도봉구,3473,69437,17.2,11.9,25.0,0.0,0.0118,0.0331,0.34,0.0027,11.0,6.0
2024-10-09,동대문구,4818,72867,18.7,13.4,23.9,0.0,0.0131,0.0299,0.33,0.002,14.0,7.0
2024-10-09,동작구,3552,63989,17.9,12.0,25.8,0.0,0.0156,0.0291,0.31,0.0022,14.0,7.0
2024-10-09,마포구,9498,195767,18.6,14.5,23.3,0.0,0.0117,0.0376,0.31,0.0022,14.0,6.0
2024-10-09,서대문구,3178,66893,18.3,13.9,23.4,0.0,0.0082,0.0426,0.37,0.0027,11.0,5.0
2024-10-09,서초구,5053,103744,18.3,13.2,23.9,0.0,0.0085,0.0338,0.25,0.002,10.0,4.0
2024-10-09,성동구,6803,92629,19.1,14.8,23.9,0.0,0.01,0.0355,0.26,0.0026,14.0,6.0
2024-10-09,성북구,3338,30716,17.7,13.1,22.6,0.0,0.0144,0.0258,0.33,0.0026,14.0,4.0
2024-10-09,송파구,15250,111246,19.6,15.2,24.6,0.0,0.0152,0.0261,0.31,0.0022,13.0,6.0
2024-10-09,양천구,9066,21463,19.6,15.7,24.1,0.0,0.0113,0.0321,0.26,0.0018,14.0,7.0
2024-10-09,영등포구,13527,184428,20.0,16.1,24.6,0.0,0.0153,0.0355,0.31,0.0022,15.0,8.0
2024-10-09,용산구,4432,0,19.2,15.0,24.1,0.0,0.0173,0.0273,0.33,0.0019,16.0,7.0
2024-10-09,은평구,3994,85259,17.0,10.6,23.2,0.0,0.0097,0.0261,0.37,0.0026,11.0,5.0
2024-10-09,종로구,4321,189231,18.9,14.3,24.6,0.0,0.0129,0.033,0.31,0.0027,12.0,7.0
2024-10-09,중구,2891,168492,17.2,13.1,22.4,0.0,0.009,0.0288,0.31,0.0027,12.0,7.0
2024-10-09,중랑구,4735,60397,18.6,14.2,23.8,0.0,0.0091,0.0298,0.26,0.0018,12.0,6.0
2024-10-10,강남구,5580,412425,19.0,15.8,24.0,0.0,0.0195,0.0282,0.32,0.0024,20.0,10.0
2024-10-10,강동구,7534,97957,18.3,15.3,23.2,0.0,0.0156,0.0334,0.43,0.0022,19.0,10.0
2024-10-10,강북구,2267,51104,16.8,13.0,22.1,0.0,0.0098,0.0285,0.29,0.0019,17.0,9.0
2024-10-10,강서구,22535,191703,19.3,15.8,24.4,0.0,0.0166,0.0372,0.34,0.0029,20.0,11.0
2024-10-10,관악구,3716,162401,16.9,13.5,23.2,0.0,0.015,0.0381,0.31,0.0026,21.0,11.0
2024-10-10,광진구,8280,66861,19.0,15.9,24.0,0.0,0.0215,0.0349,0.5,0.0026,18.0,10.0
2024-10-10,구로구,7560,134488,,,,0.5,0.0106,0.0372,0.46,0.0024,9.0,4.0
2024-10-10,금천구,3654,104336,19.8,16.8,24.6,0.0,0.0158,0.0417,0.3,0.0025,16.0,12.0
2024-10-10,노원구,10439,160644,16.1,11.4,23.7,0.0,0.0189,0.0294,0.33,0.0022,21.0,9.0
2024-10-10,도봉구,3923,99553,18.1,14.0,26.0,0.0,0.0153,0.0342,0.39,0.0028,18.0,9.0
2024-10-10,동대문구,5605,113197,18.6,15.6,23.8,0.0,0.0179,0.0291,0.35,0.0021,20.0,10.0
2024-10-10,동작구,3177,98177,18.6,14.5,25.0,0.0,0.0158,0.0356,0.31,0.0024,20.0,11.0
2024-10-10,마포구,8426,271833,18.6,15.6,23.5,0.0,0.0169,0.0365,0.32,0.0025,21.0,11.0
2024-10-10,서대문구,3262,106023,17.5,14.6,23.1,0.0,0.013,0.0383,0.43,0.0028,18.0,9.0
2024-10-10,서초구,5392,161441,18.1,15.4,23.3,1.0,0.013,0.0309,0.27,0.0023,20.0,10.0
2024-10-10,성동구,7000,139518,19.2,15.8,24.3,0.0,0.0173,0.0318,0.3,0.0028,19.0,10.0
2024-10-10,성북구,3567,54004,17.6,14.3,22.3,0.0,0.0169,0.027,0.33,0.0027,18.0,11.0
2024-10-10,송파구,15472,209303,19.6,16.6,23.9,0.0,0.0189,0.0279,0.31,0.0024,20.0,10.0
2024-10-10,양천구,11017,37762,19.7,16.9,24.1,0.0,0.0149,0.0333,0.27,0.0021,20.0,11.0
2024-10-10,영등포구,16038,335452,20.0,17.2,24.5,0.0,0.0207,0.0347,0.33,0.0025,20.0,11.0
2024-10-10,용산구,3302,0,19.5,16.7,23.9,0.0,0.0227,0.0281,0.36,0.0024,22.0,11.0
2024-10-10,은평구,4171,131293,17.3,12.3,23.7,0.0,0.0131,0.0271,0.43,0.0027,20.0,10.0
2024-10-10,종로구,5810,255328,19.1,15.4,25.4,0.0,0.0172,0.032,0.35,0.0027,18.0,10.0
2024-10-10,중구,4329,288038,17.2,14.3,22.5,0.0,0.01,0.031,0.33,0.003,18.0,10.0
2024-10-10,중랑구,4923,96167,18.6,15.6,23.5,0.0,0.0134,0.0302,0.3,0.0021,16.0,9.0
2024-10-11,강남구,6010,427143,18.1,14.0,24.3,0.0,0.0207,0.0356,0.38,0.0024,30.0,19.0
2024-10-11,강동구,8047,101837,17.8,13.3,24.4,0.0,0.018,0.0395,0.42,0.0024,35.0,22.0
2024-10-11,강북구,2391,51989,16.6,11.9,23.1,0.0,0.0124,0.0442,0.36,0.002,29.0,21.0
2024-10-11,강서구,23252,202399,18.3,13.4,25.4,0.0,0.0248,0.0374,0.44,0.0031,36.0,21.0
2024-10-11,관악구,3944,171174,15.8,11.9,23.5,0.0,0.0252,0.0359,0.47,0.0029,37.0,23.0
2024-10-11,광진구,8507,71178,18.9,14.3,24.9,0.0,0.0222,0.0466,0.55,0.0029,30.0,18.0
2024-10-11,구로구,7872,136478,19.1,14.3,25.0,0.0,0.017,0.036,0.54,0.0025,62.0,42.0
2024-10-11,금천구,3760,104445,19.1,15.4,24.6,0.0,0.0249,0.0364,0.44,0.0029,31.0,24.0
2024-10-11,노원구,11132,163847,15.9,10.2,24.2,0.0,0.0213,0.0314,0.41,0.0025,33.0,21.0
2024-10-11,도봉구,4003,102986,17.5,12.6,25.7,0.0,0.0178,0.0433,0.47,0.0029,34.0,22.0
2024-10-11,동대문구,5908,115646,18.7,14.3,24.7,0.0,0.0184,0.0414,0.41,0.0024,34.0,21.0
2024-10-11,동작구,3314,102069,17.6,12.8,25.3,0.0,0.0216,0.0368,0.42,0.003,37.0,22.0
2024-10-11,마포구,8887,294874,18.1,14.1,23.3,0.0,0.0238,0.0391,0.43,0.0027,34.0,21.0
2024-10-11,서대문구,3346,107417,17.4,13.6,23.8,0.0,0.0168,0.0459,0.53,0.0029,35.0,21.0
2024-10-11,서초구,5853,173482,18.0,13.5,24.8,0.0,0.0197,0.0323,0.37,0.0023,39.0,23.0
2024-10-11,성동구,7310,152031,19.1,14.9,24.6,0.0,0.0193,0.0417,0.37,0.0029,31.0,20.0
2024-10-11,성북구,3541,54356,17.8,13.2,23.2,0.0,0.0208,0.0345,0.41,0.003,36.0,22.0
2024-10-11,송파구,16905,233949,19.0,14.8,24.3,0.0,0.0284,0.0273,0.42,0.0024,32.0,21.0
2024-10-11,양천구,11683,38858,19.5,16.0,24.5,0.0,0.0223,0.036,0.37,0.0023,35.0,22.0
2024-10-11,영등포구,16383,347078,20.0,16.5,25.3,0.0,0.0257,0.0399,0.41,0.0025,32.0,20.0
2024-10-11,용산구,3684,0,19.0,14.8,24.1,0.0,0.029,0.0318,0.45,0.0026,34.0,21.0
2024-10-11,은평구,4490,134296,15.7,10.5,23.5,0.0,0.0162,0.0322,0.51,0.0027,35.0,21.0
2024-10-11,종로구,6101,270831,18.7,14.6,24.5,0.0,0.0213,0.041,0.41,0.0033,33.0,22.0
2024-10-11,중구,4399,300580,17.2,13.4,23.4,0.0,0.0147,0.0402,0.41,0.0033,30.0,21.0
2024-10-11,중랑구,5221,98631,18.6,14.1,24.7,0.0,0.0167,0.0354,0.37,0.0022,28.0,18.0
2024-10-12,강남구,5051,249706,17.8,12.7,25.4,0.0,0.0291,0.0297,0.46,0.0025,37.0,24.0
2024-10-12,강동구,7064,73014,17.4,12.4,24.6,0.0,0.0251,0.0347,0.52,0.0025,42.0,29.0
2024-10-12,강북구,2112,42265,16.1,10.8,24.0,0.0,0.0129,0.044,0.37,0.002,31.0,20.0
2024-10-12,강서구,17585,141982,17.7,12.5,24.9,0.0,0.0254,0.0363,0.46,0.0032,39.0,22.0
2024-10-12,관악구,3952,139780,15.5,11.0,23.4,0.0,0.0277,0.0354,0.51,0.003,41.0,26.0
2024-10-12,광진구,8020,59872,18.9,13.8,25.2,0.0,0.0328,0.0413,0.59,0.0029,36.0,23.0
2024-10-12,구로구,5904,93849,18.5,13.2,26.2,0.0,0.0191,0.0324,0.58,0.0026,50.0,33.0
2024-10-12,금천구,2331,43865,19.0,14.7,24.3,0.0,0.0236,0.0367,0.42,0.0029,28.0,22.0
2024-10-12,노원구,9751,123571,15.3,8.6,25.8,0.0,0.0214,0.0354,0.43,0.0025,37.0,23.0
2024-10-12,도봉구,3578,83487,17.3,11.8,28.2,0.0,0.0191,0.0425,0.5,0.0029,37.0,26.0
2024-10-12,동대문구,5047,88078,18.5,13.3,25.1,0.0,0.0228,0.0366,0.49,0.0024,39.0,24.0
2024-10-12,동작구,3298,79414,17.0,11.6,26.0,0.0,0.0209,0.0382,0.43,0.0032,37.0,23.0
2024-10-12,마포구,9300,249315,18.3,14.2,23.0,0.0,0.0279,0.0339,0.48,0.0027,38.0,22.0
2024-10-12,서대문구,3214,95977,17.5,12.8,23.9,0.0,0.0173,0.0438,0.52,0.003,32.0,20.0
2024-10-12,서초구,5012,147149,17.5,12.4,24.8,0.0,0.0229,0.029,0.44,0.0024,49.0,30.0
2024-10-12,성동구,6026,117475,18.8,14.3,24.6,0.0,0.0295,0.032,0.46,0.003,39.0,24.0
2024-10-12,성북구,3120,37791,17.5,12.5,23.8,0.0,0.0244,0.0315,0.45,0.0031,42.0,24.0
2024-10-12,송파구,15438,146715,19.0,14.1,25.0,0.0,0.0309,0.0272,0.48,0.0026,38.0,24.0
2024-10-12,양천구,10100,26638,19.4,15.2,24.6,0.0,0.023,0.0342,0.4,0.0025,37.0,24.0
2024-10-12,영등포구,13500,237553,20.0,16.1,25.0,0.0,0.0277,0.039,0.45,0.0028,35.0,22.0
2024-10-12,용산구,3996,0,18.6,13.9,24.8,0.0,0.0337,0.0282,0.56,0.0026,42.0,26.0
2024-10-12,은평구,4179,102993,14.9,9.4,23.9,0.0,0.0161,0.0297,0.49,0.0027,32.0,18.0
2024-10-12,종로구,4230,215922,18.4,13.4,25.0,0.0,0.0237,0.0378,0.46,0.0032,35.0,25.0
2024-10-12,중구,2621,204108,17.9,13.9,23.8,0.0,0.0145,0.0379,0.43,0.0035,32.0,22.0
2024-10-12,중랑구,4650,74530,18.5,13.5,25.0,0.0,0.0191,0.0367,0.43,0.0022,33.0,23.0
2024-10-13,강남구,4331,152495,17.9,12.3,23.3,0.0,0.0173,0.0263,0.38,0.0024,25.0,18.0
2024-10-13,강동구,6497,55478,17.5,12.0,22.0,0.0,0.0141,0.0281,0.46,0.0023,26.0,17.0
2024-10-13,강북구,1986,31725,16.4,10.7,22.3,0.0,0.0108,0.031,0.36,0.0019,25.0,16.0
2024-10-13,강서구,15145,105080,18.4,12.1,23.5,0.0,0.0179,0.0322,0.49,0.003,28.0,18.0
2024-10-13,관악구,3302,100767,16.9,10.0,22.3,0.0,0.022,0.0281,0.46,0.0029,32.0,20.0
2024-10-13,광진구,7044,45000,18.5,13.2,23.1,0.0,0.0169,0.0357,0.53,0.0027,25.0,15.0
2024-10-13,구로구,5482,69278,19.0,13.1,23.6,0.0,0.0129,0.0294,0.53,0.0022,33.0,25.0
2024-10-13,금천구,1910,31724,19.2,14.2,23.5,0.0,0.0202,0.0289,0.4,0.0027,24.0,20.0
2024-10-13,노원구,8438,90446,15.7,8.2,22.6,0.0,0.018,0.0235,0.42,0.0023,30.0,18.0
2024-10-13,도봉구,3164,64807,16.7,11.2,22.3,0.0,0.0159,0.0283,0.49,0.0029,24.0,15.0
2024-10-13,동대문구,4364,67024,18.5,13.2,22.8,0.0,0.0156,0.0285,0.42,0.0022,28.0,18.0
2024-10-13,동작구,2971,54465,17.3,10.9,23.6,0.0,0.0195,0.0277,0.42,0.0044,28.0,18.0
2024-10-13,마포구,7925,185688,18.5,13.8,22.1,0.0,0.0181,0.0322,0.43,0.0024,28.0,18.0
2024-10-13,서대문구,2772,60731,17.6,11.6,21.8,0.0,0.0118,0.0395,0.48,0.0027,23.0,14.0
2024-10-13,서초구,4597,121031,17.7,11.7,22.5,0.0,0.0158,0.0255,0.38,0.0021,27.0,17.0
2024-10-13,성동구,5451,88640,18.8,14.1,22.9,0.0,0.0139,0.0327,0.36,0.0026,27.0,18.0
2024-10-13,성북구,2871,27910,17.5,12.4,22.0,0.0,0.0172,0.0236,0.42,0.0027,28.0,15.0
2024-10-13,송파구,13707,105749,18.6,13.6,23.3,0.0,0.0212,0.0226,0.44,0.0023,28.0,19.0
2024-10-13,양천구,8712,19044,19.4,15.3,22.8,0.0,0.0183,0.0269,0.38,0.002,29.0,19.0
2024-10-13,영등포구,11868,177175,19.9,15.4,23.4,0.0,0.0214,0.0313,0.44,0.0024,28.0,19.0
2024-10-13,용산구,3679,0,18.6,13.9,23.2,0.0,0.0229,0.0243,0.46,0.0023,30.0,18.0
2024-10-13,은평구,3574,75448,16.5,9.0,22.7,0.0,0.0105,0.0288,0.48,0.0026,24.0,13.0
2024-10-13,종로구,3588,152755,18.3,13.5,22.0,0.0,0.0171,0.0301,0.4,0.0031,26.0,18.0
2024-10-13,중구,2293,165818,17.1,12.7,20.6,0.0,0.0137,0.0276,0.42,0.003,25.0,18.0
2024-10-13,중랑구,4175,53968,18.3,13.3,22.5,0.0,0.0121,0.0263,0.36,0.0019,24.0,16.0
2024-10-14,강남구,5411,402565,19.4,16.6,21.7,0.0,0.0251,0.0155,0.34,0.0025,21.0,11.0
2024-10-14,강동구,7065,97200,18.7,16.5,20.6,0.0,0.018,0.0214,0.41,0.0025,20.0,11.0
2024-10-14,강북구,2184,48711,17.7,15.1,20.8,0.0,0.0138,0.0226,0.3,0.0021,17.0,10.0
2024-10-14,강서구,22089,191323,20.3,18.5,22.6,0.0,0.0221,0.0248,0.36,0.003,18.0,9.0
2024-10-14,관악구,3379,155922,19.0,16.6,20.6,0.0,0.0222,0.0234,0.33,0.0027,20.0,10.0
2024-10-14,광진구,7716,62628,19.5,17.5,21.7,0.0,0.0228,0.0256,0.53,0.0027,18.0,10.0
2024-10-14,구로구,7235,131982,19.8,17.2,21.8,0.0,0.014,0.0237,0.4,0.0023,23.0,15.0
2024-10-14,금천구,3531,104384,20.2,18.4,22.2,0.0,0.0188,0.0303,0.28,0.0026,12.0,9.0
2024-10-14,노원구,9940,155065,17.7,13.8,21.2,0.0,0.0197,0.0197,0.34,0.0025,21.0,11.0
2024-10-14,도봉구,3731,96661,18.0,15.6,21.0,0.0,0.0171,0.0241,0.46,0.0028,18.0,10.0
2024-10-14,동대문구,5494,111333,19.4,17.4,21.8,0.0,0.0212,0.0201,0.37,0.0022,21.0,11.0
2024-10-14,동작구,2917,94846,19.1,15.6,22.6,0.0,0.0238,0.0175,0.33,0.0042,19.0,10.0
2024-10-14,마포구,7964,267043,19.0,17.4,21.3,0.0,0.0202,0.0253,0.33,0.0025,19.0,10.0
2024-10-14,서대문구,3073,100786,18.7,16.5,21.0,0.0,0.0146,0.0337,0.43,0.0027,15.0,8.0
2024-10-14,서초구,5056,154802,19.1,16.1,21.4,0.0,0.0181,0.0174,0.3,0.0022,23.0,9.0
2024-10-14,성동구,6222,137262,19.5,17.8,21.6,0.0,0.0223,0.0199,0.32,0.0029,21.0,10.0
2024-10-14,성북구,3458,51414,18.5,16.8,20.7,0.0,0.0207,0.0171,0.38,0.0027,21.0,9.0
2024-10-14,송파구,14628,205029,19.9,17.7,21.9,0.0,0.025,0.0144,0.35,0.0025,22.0,13.0
2024-10-14,양천구,10658,37362,20.1,18.5,22.3,0.0,0.0198,0.0202,0.29,0.0019,18.0,10.0
2024-10-14,영등포구,15459,324369,20.4,18.8,22.4,0.0,0.0256,0.0214,0.35,0.0024,21.0,11.0
2024-10-14,용산구,2861,0,19.9,17.9,22.0,0.0,0.0259,0.0167,0.37,0.0022,21.0,12.0
2024-10-14,은평구,4134,127972,19.9,17.2,21.5,0.0,0.0141,0.026,0.45,0.0026,18.0,9.0
2024-10-14,종로구,5360,243229,19.2,17.6,21.2,0.0,0.0222,0.0221,0.38,0.003,19.0,11.0
2024-10-14,중구,3932,285088,17.6,16.1,20.1,0.0,0.0168,0.0206,0.37,0.0031,18.0,12.0
2024-10-14,중랑구,4764,94267,19.1,17.3,21.0,0.0,0.0154,0.0215,0.3,0.002,19.0,10.0
2024-10-15,강남구,4779,411469,19.2,17.3,22.9,0.5,0.0238,0.0139,0.38,0.0023,21.0,14.0
2024-10-15,강동구,6444,96700,18.8,17.0,22.0,0.5,0.0223,0.0152,0.48,0.0023,19.0,13.0
2024-10-15,강북구,1968,50161,17.8,15.7,21.7,0.0,0.0118,0.0197,0.3,0.002,16.0,10.0
2024-10-15,강서구,20015,191796,19.4,16.9,22.5,0.5,0.0232,0.0171,0.4,0.0029,19.0,13.0
2024-10-15,관악구,3026,160638,17.6,15.4,21.1,1.0,0.0236,0.0155,0.37,0.0026,22.0,13.0
2024-10-15,광진구,6952,64424,19.5,17.4,22.7,0.5,0.0274,0.0174,0.65,0.0026,19.0,11.0
2024-10-15,구로구,6209,134233,19.4,17.4,22.2,0.5,0.0157,0.0165,0.36,0.0022,25.0,22.0
2024-10-15,금천구,2783,105279,19.5,17.8,22.2,1.0,0.0224,0.0164,0.32,0.0025,14.0,13.0
2024-10-15,노원구,9747,158699,18.1,13.9,22.8,0.0,0.0177,0.0178,0.34,0.0028,18.0,11.0
2024-10-15,도봉구,3440,98160,18.7,16.6,21.6,0.0,0.016,0.0202,0.47,0.0026,19.0,11.0
2024-10-15,동대문구,5187,112409,19.3,17.2,22.2,0.5,0.0198,0.0187,0.4,0.0022,20.0,12.0
2024-10-15,동작구,2486,97656,19.2,16.4,22.9,1.0,0.0222,0.0138,0.35,0.0026,19.0,12.0
2024-10-15,마포구,7002,268487,18.6,16.9,21.2,0.5,0.0231,0.0156,0.34,0.0025,20.0,13.0
2024-10-15,서대문구,2881,103730,18.2,16.0,21.6,0.0,0.0155,0.023,0.51,0.0026,19.0,13.0
2024-10-15,서초구,4450,156035,19.2,17.0,22.5,1.0,0.0178,0.0145,0.33,0.0021,20.0,12.0
2024-10-15,성동구,5655,139439,19.4,17.2,22.0,0.5,0.0252,0.014,0.37,0.0028,20.0,13.0
2024-10-15,성북구,3428,53688,18.3,16.5,21.4,0.0,0.0183,0.0174,0.39,0.0026,17.0,11.0
2024-10-15,송파구,13346,209537,20.0,17.7,22.5,0.5,0.0247,0.0126,0.38,0.0024,20.0,13.0
2024-10-15,양천구,9583,37667,19.6,17.8,22.1,0.5,0.0213,0.0139,0.31,0.0021,20.0,13.0
2024-10-15,영등포구,13502,333847,19.9,18.1,22.3,0.5,0.0245,0.0158,0.36,0.0023,19.0,11.0
2024-10-15,용산구,2601,0,19.7,17.8,22.2,1.0,0.0283,0.0118,0.44,0.0023,22.0,14.0
2024-10-15,은평구,3723,129460,17.7,14.2,21.4,0.0,0.015,0.0174,0.54,0.0026,21.0,15.0
2024-10-15,종로구,5187,241162,18.8,16.9,21.4,1.0,0.0207,0.019,0.38,0.0031,19.0,13.0
2024-10-15,중구,3956,291412,17.5,15.5,20.4,0.5,0.0154,0.0174,0.38,0.003,19.0,13.0
2024-10-15,중랑구,4378,95124,19.1,17.4,22.7,0.5,0.0182,0.0166,0.36,0.002,18.0,11.0
2024-10-16,강남구,6018,412291,18.3,14.6,24.6,0.0,0.025,0.0235,0.45,0.0024,32.0,20.0
2024-10-16,강동구,7428,98528,17.9,14.7,24.0,0.0,0.022,0.0237,0.5,0.0023,27.0,19.0
2024-10-16,강북구,2273,50987,16.3,12.8,23.5,0.0,0.0109,0.0336,0.38,0.0019,29.0,19.0
2024-10-16,강서구,23014,193599,17.2,13.9,23.4,0.0,0.0285,0.0238,0.49,0.003,41.0,26.0
2024-10-16,관악구,3644,162384,16.1,12.5,23.5,0.0,0.0288,0.0261,0.5,0.0028,40.0,25.0
2024-10-16,광진구,8265,64989,18.9,15.5,24.5,0.0,0.0305,0.0265,0.7,0.0025,28.0,17.0
2024-10-16,구로구,7514,135237,18.3,14.1,24.8,0.0,0.0191,0.0254,0.46,0.0024,55.0,40.0
2024-10-16,금천구,3741,104504,19.3,15.7,24.3,0.0,0.0253,0.0244,0.46,0.003,33.0,25.0
2024-10-16,노원구,10815,160438,16.2,11.0,24.8,0.0,0.0203,0.0268,0.42,0.0026,32.0,20.0
2024-10-16,도봉구,3725,99736,17.8,13.5,27.0,0.0,0.0172,0.0339,0.52,0.0025,33.0,24.0
2024-10-16,동대문구,5714,113181,18.5,15.1,24.3,0.0,0.0252,0.0232,0.52,0.0022,36.0,23.0
2024-10-16,동작구,3263,98230,17.2,13.3,25.0,0.0,0.0225,0.0221,0.47,0.0027,34.0,22.0
2024-10-16,마포구,8300,270393,17.9,14.8,23.2,0.0,0.0253,0.0258,0.46,0.0026,37.0,23.0
2024-10-16,서대문구,3387,103393,17.0,14.1,23.4,0.0,0.0187,0.0315,0.58,0.0026,37.0,26.0
2024-10-16,서초구,5404,158000,18.1,14.5,24.0,0.0,0.0225,0.0206,0.44,0.0021,49.0,30.0
2024-10-16,성동구,6609,140221,18.9,15.4,24.3,0.0,0.028,0.021,0.46,0.0033,32.0,20.0
2024-10-16,성북구,3812,53581,16.8,13.2,23.4,0.0,0.0203,0.0253,0.49,0.0026,36.0,23.0
2024-10-16,송파구,15576,210705,19.3,15.8,24.6,0.0,0.026,0.0186,0.47,0.0024,28.0,18.0
2024-10-16,양천구,11132,38220,18.8,15.8,23.8,0.0,0.026,0.0212,0.42,0.0024,42.0,26.0
2024-10-16,영등포구,15775,336358,19.3,16.1,24.1,0.0,0.0299,0.0253,0.48,0.0026,37.0,24.0
2024-10-16,용산구,3177,0,18.7,14.9,24.1,0.0,0.0302,0.0213,0.58,0.0024,39.0,24.0
2024-10-16,은평구,4298,131623,15.0,10.8,22.9,0.0,0.0157,0.0221,0.63,0.0026,37.0,26.0
2024-10-16,종로구,5914,261340,18.3,14.9,24.5,0.0,0.0314,0.0274,0.49,0.0033,33.0,24.0
2024-10-16,중구,4123,295730,17.1,13.7,22.8,0.0,0.016,0.0281,0.47,0.0031,33.0,23.0
2024-10-16,중랑구,4820,96121,18.6,14.9,24.4,0.0,0.0167,0.0266,0.39,0.002,27.0,17.0
2024-10-17,강남구,5554,413177,18.9,13.9,26.3,0.0,0.0268,0.0216,0.41,0.0025,33.0,18.0
2024-10-17,강동구,7622,97007,18.2,13.0,25.0,0.0,0.0255,0.0171,0.46,0.0024,36.0,22.0
2024-10-17,강북구,2426,51506,16.7,11.8,24.7,0.0,0.0133,0.0291,0.4,0.002,30.0,20.0
2024-10-17,강서구,23026,193541,18.6,13.3,26.7,0.0,0.0308,0.0239,0.56,0.0032,41.0,25.0
2024-10-17,관악구,3520,164641,18.0,11.8,25.2,0.0,0.0291,0.0268,0.48,0.0029,39.0,22.0
2024-10-17,광진구,8090,64264,19.4,14.4,26.0,0.0,0.0275,0.03,0.63,0.0026,30.0,17.0
2024-10-17,구로구,7644,134744,19.6,14.0,28.0,0.0,0.0176,0.0276,0.43,0.0023,41.0,23.0
2024-10-17,금천구,3603,104511,20.3,15.5,26.6,0.0,0.0289,0.0243,0.47,0.0029,34.0,26.0
2024-10-17,노원구,10943,159914,16.4,10.0,25.7,0.0,0.0275,0.0192,0.46,0.0028,37.0,22.0
2024-10-17,도봉구,3802,100991,17.8,12.2,28.1,0.0,0.021,0.0292,0.51,0.0027,35.0,22.0
2024-10-17,동대문구,5687,113495,19.2,14.0,25.9,0.0,0.0276,0.0234,0.51,0.0027,40.0,22.0
2024-10-17,동작구,3096,97200,18.0,12.7,27.3,0.0,0.0284,0.0229,0.46,0.0027,36.0,21.0
2024-10-17,마포구,8447,274691,19.4,14.7,24.8,0.0,0.0278,0.0272,0.48,0.0027,38.0,22.0
2024-10-17,서대문구,3313,103928,18.0,12.7,24.6,0.0,0.0226,0.0316,0.56,0.0026,35.0,20.0
2024-10-17,서초구,5434,161504,18.7,13.5,25.1,0.0,0.0204,0.0239,0.39,0.0021,37.0,21.0
2024-10-17,성동구,6709,141412,19.8,14.8,25.9,0.0,0.0251,0.0256,0.4,0.0034,34.0,20.0
2024-10-17,성북구,3763,53961,18.1,13.3,25.0,0.0,0.0263,0.0203,0.52,0.0029,40.0,22.0
2024-10-17,송파구,15807,226626,19.6,14.5,26.2,0.0,0.0305,0.0187,0.44,0.0026,34.0,19.0
2024-10-17,양천구,10979,37796,20.3,15.8,25.7,0.0,0.0277,0.0224,0.42,0.0023,38.0,23.0
2024-10-17,영등포구,15788,338073,20.8,16.2,26.4,0.0,0.0285,0.0289,0.46,0.0026,38.0,23.0
2024-10-17,용산구,3213,0,19.6,15.0,26.2,0.0,0.0372,0.0177,0.54,0.0027,39.0,23.0
2024-10-17,은평구,4209,132995,16.2,10.6,25.5,0.0,0.0177,0.0226,0.59,0.0027,35.0,22.0
2024-10-17,종로구,5806,262602,19.4,14.5,25.9,0.0,0.0411,0.0229,0.52,0.0038,38.0,24.0
2024-10-17,중구,4326,295661,18.0,13.7,23.0,0.0,0.022,0.0173,0.53,0.0035,34.0,25.0
2024-10-17,중랑구,5010,96121,19.2,14.2,25.3,0.0,0.0168,0.0275,0.38,0.0022,29.0,18.0
2024-10-18,강남구,2251,410748,17.7,16.4,19.3,36.0,0.0225,0.0128,0.37,0.0025,22.0,13.0
2024-10-18,강동구,3431,95545,16.9,15.8,18.4,33.0,0.0186,0.0147,0.42,0.0022,21.0,13.0
2024-10-18,강북구,971,48182,16.4,15.2,18.0,51.5,0.0107,0.019,0.33,0.0019,17.0,10.0
2024-10-18,강서구,11283,189515,17.8,15.5,19.8,47.0,0.0212,0.0169,0.43,0.003,23.0,12.0
2024-10-18,관악구,1560,163084,16.8,15.6,20.0,44.0,0.0229,0.0148,0.38,0.0027,23.0,12.0
2024-10-18,광진구,3476,64354,17.7,16.3,19.1,31.5,0.0185,0.0228,0.6,0.0024,20.0,11.0
2024-10-18,구로구,3611,129234,17.7,15.7,19.5,44.5,0.0153,0.0145,0.37,0.0022,21.0,11.0
2024-10-18,금천구,1699,99210,18.0,16.3,20.3,47.5,0.02,0.0174,0.33,0.0026,15.0,11.0
2024-10-18,노원구,4564,155194,16.6,13.9,18.8,,0.0247,0.0096,0.44,0.0026,24.0,14.0
2024-10-18,도봉구,1602,95626,16.8,15.9,18.3,52.0,0.0181,0.0175,0.5,0.0026,19.0,11.0
2024-10-18,동대문구,2470,107953,17.5,16.1,19.1,42.5,0.0233,0.0131,0.41,0.0023,25.0,14.0
2024-10-18,동작구,1246,97458,18.1,15.7,19.6,38.5,0.0217,0.0144,0.37,0.0026,22.0,11.0
2024-10-18,마포구,3251,274960,16.9,15.3,19.2,46.5,0.0182,0.0196,0.35,0.0024,20.0,11.0
2024-10-18,서대문구,1426,99963,16.7,15.3,18.4,45.5,0.0124,0.0278,0.44,0.0022,17.0,9.0
2024-10-18,서초구,2037,168971,17.5,16.4,19.2,37.0,0.0187,0.0113,0.34,0.0021,18.0,10.0
2024-10-18,성동구,2702,135725,17.6,16.2,19.4,39.0,0.0192,0.0163,0.35,0.0035,22.0,12.0
2024-10-18,성북구,1630,50981,16.9,15.2,18.6,46.5,0.0188,0.0154,0.44,0.0027,21.0,11.0
2024-10-18,송파구,6413,207805,17.7,16.6,19.4,31.5,0.0231,0.0116,0.37,0.0024,22.0,12.0
2024-10-18,양천구,5516,36265,17.8,15.7,19.9,43.0,0.0197,0.0142,0.32,0.002,20.0,11.0
2024-10-18,영등포구,6974,341721,18.2,16.1,20.4,47.0,0.0236,0.0145,0.39,0.0024,22.0,13.0
2024-10-18,용산구,1054,0,18.0,16.6,19.3,42.5,0.0265,0.0113,0.43,0.0022,23.0,12.0
2024-10-18,은평구,1828,125725,16.6,14.0,18.4,45.5,0.0114,0.0197,0.49,0.0026,19.0,12.0
2024-10-18,종로구,2386,254368,17.0,15.5,19.0,48.0,0.0213,0.0169,0.4,0.0032,21.0,13.0
2024-10-18,중구,1657,289556,15.7,14.2,17.8,23.5,0.0146,0.0184,0.39,0.003,20.0,13.0
2024-10-18,중랑구,2062,93778,17.5,16.1,18.9,38.0,0.0178,0.0156,0.35,0.002,20.0,12.0
2024-10-19,강남구,4193,248608,17.4,13.1,22.3,0.5,0.0091,0.0308,0.27,0.0021,7.0,3.0
2024-10-19,강동구,5724,68697,16.7,12.6,21.2,0.5,0.006,0.0337,0.32,0.0021,8.0,4.0
2024-10-19,강북구,1863,40825,16.5,12.0,21.1,0.0,0.0048,0.0358,0.26,0.0018,5.0,3.0
2024-10-19,강서구,14812,137594,17.2,13.3,21.2,0.5,0.0075,0.0321,0.29,0.0027,7.0,4.0
2024-10-19,관악구,2938,137480,15.8,11.7,20.3,0.5,0.01,0.0301,0.29,0.0023,10.0,4.0
2024-10-19,광진구,5843,56581,17.2,12.8,21.4,0.5,0.0085,0.0377,0.51,0.0025,7.0,3.0
2024-10-19,구로구,4916,93988,16.9,13.4,21.2,0.5,0.0062,0.0291,0.3,0.0021,7.0,3.0
2024-10-19,금천구,1770,43130,17.1,13.5,21.1,0.5,0.0094,0.032,0.26,0.0024,6.0,5.0
2024-10-19,노원구,8542,124193,17.1,12.4,22.4,,0.0057,0.0338,0.25,0.0021,8.0,3.0
2024-10-19,도봉구,2995,80726,17.2,13.1,22.3,0.5,0.0061,0.0399,0.36,0.0026,8.0,4.0
2024-10-19,동대문구,3960,85129,16.9,12.8,21.5,1.0,0.0073,0.0339,0.28,0.0019,8.0,3.0
2024-10-19,동작구,2436,79845,17.5,13.6,23.5,0.5,0.0088,0.0308,0.28,0.0022,8.0,4.0
2024-10-19,마포구,6998,252442,15.7,12.1,19.7,1.0,0.0084,0.0309,0.27,0.0022,9.0,4.0
2024-10-19,서대문구,2424,80848,15.6,11.6,19.9,1.5,0.007,0.0353,0.37,0.0021,8.0,4.0
2024-10-19,서초구,3911,144917,17.1,12.9,21.8,0.5,0.0084,0.0264,0.26,0.002,7.0,2.0
2024-10-19,성동구,4691,107609,17.0,13.1,20.9,0.5,0.0076,0.0326,0.25,0.0026,7.0,4.0
2024-10-19,성북구,2698,37381,16.3,12.1,20.8,1.0,0.0082,0.0302,0.3,0.0025,7.0,2.0
2024-10-19,송파구,12458,155098,17.4,13.4,21.9,0.5,0.0085,0.0291,0.27,0.002,7.0,3.0
2024-10-19,양천구,8922,26378,16.9,13.4,20.7,1.0,0.0077,0.0272,0.24,0.0019,8.0,4.0
2024-10-19,영등포구,10687,238351,17.2,13.6,21.3,1.0,0.0109,0.0303,0.29,0.0021,12.0,5.0
2024-10-19,용산구,2679,0,17.1,13.3,20.8,0.5,0.0097,0.0273,0.3,0.0019,7.0,3.0
2024-10-19,은평구,3462,103027,16.2,12.7,20.5,0.0,0.0046,0.0262,0.4,0.0025,8.0,5.0
2024-10-19,종로구,3511,215265,15.9,12.0,20.1,0.5,0.0071,0.0333,0.27,0.0026,5.0,3.0
2024-10-19,중구,2315,196606,14.9,10.7,18.4,0.5,0.0066,0.0318,0.28,0.0029,5.0,3.0
2024-10-19,중랑구,3721,73031,16.9,12.8,20.9,0.5,0.0074,0.0301,0.27,0.0018,7.0,3.0
2024-10-20,강남구,4040,154104,14.2,11.5,18.9,0.0,0.0056,0.0322,0.21,0.0019,10.0,3.0
2024-10-20,강동구,5330,51267,13.3,10.5,17.4,0.0,0.0036,0.0361,0.26,0.0023,12.0,6.0
2024-10-20,강북구,1755,32994,12.6,8.1,17.5,0.0,0.0052,0.0343,0.22,0.0016,12.0,4.0
2024-10-20,강서구,12350,105229,14.2,11.3,18.7,0.0,0.0067,0.0355,0.27,0.0026,11.0,3.0
2024-10-20,관악구,2959,104805,12.0,8.8,17.1,0.0,0.0086,0.0338,0.24,0.0023,14.0,4.0
2024-10-20,광진구,5910,42942,13.8,11.2,18.9,0.0,0.0052,0.0402,0.36,0.0027,11.0,3.0
2024-10-20,구로구,4591,70810,14.5,11.4,19.8,0.0,0.0045,0.0314,0.25,0.002,12.0,3.0
2024-10-20,금천구,1636,32483,13.8,11.2,17.9,0.0,0.0047,0.0365,0.18,0.002,7.0,4.0
2024-10-20,노원구,7736,92046,12.4,6.3,17.4,0.0,0.0044,0.0344,0.21,0.0018,14.0,3.0
2024-10-20,도봉구,2831,65467,13.6,9.8,20.2,0.0,0.0045,0.0389,0.24,0.0029,12.0,3.0
2024-10-20,동대문구,3582,65094,13.5,11.2,17.4,0.0,0.0051,0.0352,0.23,0.0018,13.0,3.0
2024-10-20,동작구,2360,55182,14.4,10.4,19.4,0.0,0.007,0.0328,0.21,0.002,12.0,4.0
2024-10-20,마포구,8236,218936,13.0,10.6,16.8,0.0,0.0064,0.0358,0.22,0.002,12.0,3.0
2024-10-20,서대문구,2380,59651,12.7,10.1,17.1,0.0,0.0052,0.0372,0.18,0.0023,12.0,4.0
2024-10-20,서초구,3559,122207,13.4,10.2,17.7,0.0,0.0051,0.031,0.19,0.0019,12.0,2.0
2024-10-20,성동구,4350,83025,13.8,11.6,17.9,0.0,0.0047,0.0347,0.2,0.002,11.0,4.0
2024-10-20,성북구,2329,28146,12.7,10.2,16.2,0.0,0.0062,0.0308,0.22,0.0025,12.0,3.0
2024-10-20,송파구,11646,104041,14.3,12.0,18.2,0.0,0.006,0.0317,0.21,0.0018,12.0,3.0
2024-10-20,양천구,7842,19909,14.3,11.9,17.6,0.0,0.0058,0.0301,0.19,0.0016,12.0,4.0
2024-10-20,영등포구,10187,181954,14.5,12.1,18.7,0.0,0.007,0.0364,0.22,0.0019,12.0,4.0
2024-10-20,용산구,2843,0,14.1,11.6,18.4,0.0,0.0061,0.0307,0.23,0.0016,13.0,3.0
2024-10-20,은평구,3128,79718,12.5,8.5,17.2,0.0,0.0039,0.0283,0.24,0.0026,12.0,5.0
2024-10-20,종로구,2966,151299,12.9,10.4,17.4,0.0,0.0062,0.0343,0.22,0.0021,11.0,4.0
2024-10-20,중구,2056,153519,11.4,9.2,14.6,0.0,0.0059,0.0259,0.23,0.0024,10.0,4.0
2024-10-20,중랑구,3707,55338,13.3,11.0,17.3,0.0,0.0049,0.032,0.21,0.0017,11.0,4.0
2024-10-21,강남구,5194,400484,15.2,9.6,21.0,0.0,0.0168,0.0211,0.27,0.0021,15.0,5.0
2024-10-21,강동구,6510,96087,14.5,9.6,19.3,0.0,0.0132,0.0247,0.33,0.0024,16.0,7.0
2024-10-21,강북구,1982,50082,13.4,7.4,18.1,0.0,0.0108,0.0215,0.26,0.0016,12.0,5.0
2024-10-21,강서구,19389,189392,15.2,9.6,19.5,0.0,0.0214,0.0197,0.38,0.0027,17.0,5.0
2024-10-21,관악구,3002,155450,13.6,8.8,18.3,0.0,0.022,0.0194,0.32,0.0023,18.0,6.0
2024-10-21,광진구,6917,61779,15.0,10.1,20.5,0.0,0.0144,0.027,0.36,0.0029,14.0,5.0
2024-10-21,구로구,6658,132581,15.1,10.8,19.3,0.0,0.0139,0.0186,0.31,0.0021,17.0,5.0
2024-10-21,금천구,3192,104946,15.3,10.7,19.8,0.0,0.0187,0.0205,0.27,0.0022,11.0,6.0
2024-10-21,노원구,9092,157517,13.4,5.6,19.3,0.0,0.02,0.0166,0.33,0.0021,17.0,6.0
2024-10-21,도봉구,3271,96952,13.5,7.9,17.9,0.0,0.0168,0.021,0.35,0.0033,13.0,5.0
2024-10-21,동대문구,4807,109992,14.9,10.0,20.0,0.0,0.0202,0.0195,0.33,0.0019,18.0,5.0
2024-10-21,동작구,2529,95194,14.5,8.0,20.2,0.0,0.0215,0.0167,0.3,0.0021,16.0,6.0
2024-10-21,마포구,6624,259840,14.5,9.8,18.4,0.0,0.0187,0.0227,0.3,0.0022,17.0,5.0
2024-10-21,서대문구,2581,99419,13.9,8.2,18.5,0.0,0.0118,0.029,0.29,0.0033,15.0,5.0
2024-10-21,서초구,4564,151015,14.5,8.2,19.6,0.0,0.0143,0.0185,0.26,0.0019,16.0,3.0
2024-10-21,성동구,6036,133125,15.3,10.5,19.8,0.0,0.0163,0.0229,0.27,0.0025,16.0,6.0
2024-10-21,성북구,2951,50590,13.9,9.3,18.2,0.0,0.0141,0.0189,0.32,0.0026,12.0,3.0
2024-10-21,송파구,13629,202753,15.6,10.7,20.5,0.0,0.0121,0.0191,0.28,0.002,16.0,6.0
2024-10-21,양천구,9232,37396,15.5,11.3,19.6,0.0,0.02,0.0158,0.29,0.0019,17.0,6.0
2024-10-21,영등포구,14240,325495,15.8,11.4,19.6,0.0,0.0153,0.0238,0.26,0.0021,12.0,4.0
2024-10-21,용산구,2607,0,15.4,10.7,19.8,0.0,0.0223,0.0178,0.33,0.0017,18.0,6.0
2024-10-21,은평구,3384,128545,14.2,8.3,18.8,0.0,0.0135,0.0195,0.35,0.0027,16.0,6.0
2024-10-21,종로구,5144,245670,14.3,9.4,18.8,0.0,0.0209,0.0204,0.33,0.0025,19.0,6.0
2024-10-21,중구,3720,284136,13.1,8.3,17.5,0.0,0.0136,0.0186,0.31,0.0027,13.0,6.0
2024-10-21,중랑구,4354,93707,14.8,9.8,19.4,0.0,0.0132,0.0216,0.26,0.0019,13.0,4.0
2024-10-22,강남구,652,410375,15.6,14.4,17.0,21.0,0.022,0.0086,0.35,0.0022,12.0,7.0
2024-10-22,강동구,860,94659,14.9,14.0,16.3,20.0,0.0182,0.011,0.44,0.0023,10.0,7.0
2024-10-22,강북구,328,47717,14.7,13.5,15.8,27.0,0.0123,0.0145,0.3,0.0017,8.0,4.0
2024-10-22,강서구,4909,185382,15.8,14.8,17.1,10.0,0.0245,0.0091,0.48,0.0029,13.0,6.0
2024-10-22,관악구,479,155048,14.6,13.4,16.3,21.0,0.0257,0.0078,0.41,0.0026,15.0,6.0
2024-10-22,광진구,1130,61080,15.3,14.4,16.8,18.0,0.0167,0.0138,0.42,0.0026,11.0,5.0
2024-10-22,구로구,1288,129794,16.0,15.1,17.0,13.5,0.0179,0.0075,0.38,0.0021,11.0,6.0
2024-10-22,금천구,541,103823,15.7,14.9,16.8,15.0,0.0241,0.0084,0.36,0.0024,8.0,7.0
2024-10-22,노원구,1503,154528,15.1,13.8,16.3,20.0,0.0237,0.0059,0.38,0.0022,13.0,7.0
2024-10-22,도봉구,554,92855,15.3,14.3,16.2,23.0,0.0186,0.0116,0.47,0.0031,11.0,5.0
2024-10-22,동대문구,806,106033,15.3,14.5,16.4,21.0,0.0248,0.0067,0.4,0.0022,15.0,7.0
2024-10-22,동작구,372,93827,15.9,14.5,17.2,17.5,0.0244,0.0068,0.4,0.0023,12.0,6.0
2024-10-22,마포구,1097,258234,14.9,14.1,16.1,16.5,0.0238,0.0093,0.39,0.0022,14.0,7.0
2024-10-22,서대문구,602,97890,14.7,13.7,16.1,16.5,0.0156,0.0182,0.48,0.003,9.0,4.0
2024-10-22,서초구,526,156966,15.5,14.3,17.0,20.0,0.0192,0.0082,0.35,0.0019,12.0,3.0
2024-10-22,성동구,843,132501,15.4,14.9,16.6,18.0,0.0221,0.0091,0.35,0.0032,12.0,6.0
2024-10-22,성북구,562,51246,14.7,13.7,16.1,23.0,0.0238,0.0065,0.52,0.0027,5.0,4.0
2024-10-22,송파구,1557,206153,15.6,14.9,17.0,18.5,0.0225,0.0073,0.36,0.002,11.0,6.0
2024-10-22,양천구,2134,36717,15.9,15.2,16.7,14.0,0.0239,0.006,0.36,0.002,13.0,7.0
2024-10-22,영등포구,2446,329752,16.0,15.5,17.4,15.0,0.025,0.0076,0.49,0.0022,15.0,6.0
2024-10-22,용산구,372,0,15.8,15.1,17.0,17.0,0.0292,0.0058,0.43,0.0021,13.0,6.0
2024-10-22,은평구,681,124329,15.0,13.5,16.6,16.5,0.0168,0.009,0.53,0.0027,11.0,6.0
2024-10-22,종로구,860,243961,14.8,14.0,15.9,16.5,0.0257,0.0083,0.43,0.0029,12.0,7.0
2024-10-22,중구,583,285470,13.8,12.8,15.2,14.0,0.0153,0.0107,0.4,0.0029,12.0,7.0
2024-10-22,중랑구,667,91522,15.3,14.6,16.3,19.0,0.0172,0.0118,0.33,0.0018,10.0,5.0
2024-10-23,강남구,4530,411079,13.8,10.8,17.2,2.0,0.0101,0.0348,0.31,0.0021,14.0,6.0
2024-10-23,강동구,5933,96906,13.5,10.4,16.9,2.5,0.0087,0.0374,0.39,0.0023,15.0,8.0
2024-10-23,강북구,1758,50913,11.9,7.3,15.8,3.0,0.0052,0.0379,0.29,0.0016,13.0,6.0
2024-10-23,강서구,18937,194294,13.4,9.9,16.9,0.5,0.0092,0.0341,0.3,0.0026,13.0,6.0
2024-10-23,관악구,2805,162036,11.5,6.3,14.8,2.5,0.0107,0.035,0.31,0.0025,17.0,6.0
2024-10-23,광진구,6257,65059,13.8,11.3,16.6,2.5,0.0082,0.0415,0.35,0.0026,15.0,6.0
2024-10-23,구로구,6128,134369,13.4,9.8,17.0,1.0,0.0077,0.0322,0.28,0.0021,15.0,6.0
2024-10-23,금천구,2963,105397,13.5,11.2,16.5,1.0,0.0121,0.0352,0.31,0.0025,12.0,7.0
2024-10-23,노원구,8802,163058,13.0,6.9,17.7,1.0,0.0076,0.0359,0.3,0.002,14.0,6.0
2024-10-23,도봉구,2873,99834,13.2,8.4,17.3,3.0,0.0065,0.0415,0.38,0.0028,13.0,6.0
2024-10-23,동대문구,4383,113294,13.4,10.8,16.4,3.0,0.0086,0.0364,0.34,0.002,15.0,6.0
2024-10-23,동작구,2328,98203,13.6,8.4,16.4,2.5,0.0093,0.0353,0.31,0.0022,14.0,6.0
2024-10-23,마포구,6473,272709,12.0,9.1,14.8,1.5,0.01,0.032,0.3,0.0023,14.0,5.0
2024-10-23,서대문구,2419,101590,11.7,7.4,15.9,2.5,0.0076,0.0385,0.34,0.0026,14.0,6.0
2024-10-23,서초구,4189,156974,13.5,10.9,17.1,2.0,0.0111,0.03,0.28,0.002,22.0,13.0
2024-10-23,성동구,5395,139027,13.4,11.0,16.1,2.0,0.0102,0.0343,0.31,0.0022,14.0,6.0
2024-10-23,성북구,2825,53732,12.2,8.3,15.0,2.0,0.0079,0.0317,0.35,0.0027,14.0,5.0
2024-10-23,송파구,12297,209889,14.0,11.7,16.8,2.0,0.011,0.032,0.32,0.0019,15.0,7.0
2024-10-23,양천구,8943,37941,13.3,10.8,16.1,1.5,0.0096,0.0304,0.28,0.002,13.0,6.0
2024-10-23,영등포구,12689,341109,13.6,11.1,16.7,1.5,0.0097,0.0339,0.31,0.0022,14.0,6.0
2024-10-23,용산구,2395,0,13.7,11.1,16.1,1.0,0.0124,0.0291,0.36,0.0018,16.0,6.0
2024-10-23,은평구,3177,131284,11.7,6.2,15.7,0.5,0.0079,0.0276,0.43,0.0027,17.0,7.0
2024-10-23,종로구,4968,262203,12.2,9.4,15.1,1.0,0.01,0.034,0.33,0.0026,15.0,7.0
2024-10-23,중구,3576,295725,10.9,8.4,14.7,2.5,0.0063,0.0359,0.3,0.0027,11.0,5.0
2024-10-23,중랑구,3955,96105,13.4,10.8,16.2,2.5,0.0095,0.0329,0.32,0.0019,13.0,6.0
2024-10-24,강남구,5048,413305,12.7,7.4,20.0,0.0,0.0201,0.0266,0.4,0.0023,26.0,15.0
2024-10-24,강동구,6699,97516,12.6,7.4,18.8,0.0,0.0189,0.0263,0.48,0.0026,29.0,18.0
2024-10-24,강북구,1971,51602,10.7,5.3,18.3,0.0,0.0085,0.0309,0.34,0.0018,22.0,14.0
2024-10-24,강서구,20188,193771,12.2,6.7,19.2,0.0,0.0204,0.0256,0.41,0.0026,25.0,13.0
2024-10-24,관악구,3104,164157,10.0,4.9,17.4,0.0,0.0238,0.0273,0.44,0.0025,28.0,16.0
2024-10-24,광진구,6918,65060,13.3,8.3,18.9,0.0,0.0168,0.0325,0.43,0.0028,25.0,14.0
2024-10-24,구로구,6963,134529,12.7,7.0,19.0,0.0,0.0146,0.0269,0.34,0.0021,29.0,15.0
2024-10-24,금천구,3213,104500,13.5,8.4,18.5,0.0,0.021,0.0242,0.37,0.0025,20.0,15.0
2024-10-24,노원구,9360,162851,10.4,4.0,19.1,0.0,0.019,0.0249,0.41,0.0024,27.0,16.0
2024-10-24,도봉구,3172,100674,11.8,5.7,21.6,0.0,0.0167,0.0294,0.45,0.003,28.0,17.0
2024-10-24,동대문구,4908,115042,12.9,7.8,18.9,0.0,0.0221,0.023,0.47,0.0021,29.0,15.0
2024-10-24,동작구,2704,98075,11.9,6.0,19.6,0.0,0.0198,0.0265,0.41,0.0023,25.0,14.0
2024-10-24,마포구,7224,279443,12.5,7.7,16.9,0.0,0.0212,0.024,0.4,0.0023,25.0,14.0
2024-10-24,서대문구,2748,103442,11.5,6.0,17.6,0.0,0.0139,0.0293,0.49,0.0036,23.0,14.0
2024-10-24,서초구,4887,159587,12.5,6.9,18.8,0.0,0.0203,0.0222,0.38,0.0021,33.0,19.0
2024-10-24,성동구,5956,141620,13.5,8.7,18.9,0.0,0.0191,0.026,0.4,0.0031,27.0,16.0
2024-10-24,성북구,3063,54169,11.7,6.3,17.8,0.0,0.0185,0.0226,0.49,0.003,29.0,16.0
2024-10-24,송파구,13789,211839,13.8,8.9,18.9,0.0,0.0219,0.0229,0.41,0.0022,27.0,16.0
2024-10-24,양천구,9825,38169,13.6,9.3,18.2,0.0,0.0189,0.0243,0.34,0.002,24.0,14.0
2024-10-24,영등포구,14563,338630,14.1,9.6,19.1,0.0,0.0232,0.0271,0.37,0.0022,24.0,14.0
2024-10-24,용산구,2849,0,12.9,7.6,18.6,0.0,0.0265,0.0205,0.49,0.0021,31.0,17.0
2024-10-24,은평구,3586,132410,9.7,3.6,17.8,0.0,0.0127,0.0209,0.46,0.0028,23.0,14.0
2024-10-24,종로구,5548,263256,12.2,6.6,17.6,0.0,0.0219,0.0255,0.46,0.0028,26.0,17.0
2024-10-24,중구,3914,299959,11.8,7.3,16.1,0.0,0.0132,0.0255,0.4,0.0029,21.0,14.0
2024-10-24,중랑구,4190,96111,13.1,7.9,18.1,0.0,0.0142,0.0282,0.37,0.002,23.0,14.0
2024-10-25,강남구,5167,423439,14.3,8.7,22.3,0.0,0.0278,0.0136,0.39,0.0023,25.0,13.0
2024-10-25,강동구,7040,100704,14.4,9.0,21.4,0.0,0.024,0.0148,0.51,0.0025,25.0,15.0
2024-10-25,강북구,2082,52447,12.9,7.2,21.3,0.0,0.013,0.0222,0.37,0.0019,20.0,12.0
2024-10-25,강서구,20849,198586,14.4,8.4,22.7,0.0,0.0317,0.0127,0.59,0.0028,28.0,15.0
2024-10-25,관악구,3217,172702,13.3,7.3,21.2,0.0,0.0346,0.0155,0.56,0.0027,32.0,14.0
2024-10-25,광진구,7435,69666,15.5,10.3,22.4,0.0,0.0212,0.022,0.44,0.0027,21.0,11.0
2024-10-25,구로구,7012,136716,15.5,9.2,24.1,0.0,0.024,0.0125,0.44,0.0021,28.0,14.0
2024-10-25,금천구,3253,104033,16.2,11.6,21.9,0.0,0.0293,0.0144,0.43,0.0026,21.0,15.0
2024-10-25,노원구,10087,167294,12.3,5.1,21.9,0.0,0.0276,0.0126,0.5,0.0026,26.0,15.0
2024-10-25,도봉구,3213,103868,13.7,7.5,24.8,0.0,0.0235,0.0187,0.48,0.0028,25.0,14.0
2024-10-25,동대문구,5007,117490,15.1,9.2,22.2,0.0,0.0281,0.0141,0.52,0.0023,29.0,15.0
2024-10-25,동작구,2888,103563,13.7,7.5,22.7,0.0,0.0312,0.0134,0.48,0.0025,26.0,15.0
2024-10-25,마포구,7614,293229,15.5,10.1,21.1,0.0,0.0334,0.0122,0.55,0.0025,29.0,16.0
2024-10-25,서대문구,2784,106713,14.3,8.4,21.4,0.0,0.0215,0.02,0.57,0.0037,21.0,12.0
2024-10-25,서초구,4978,176941,14.6,9.1,21.5,0.0,0.0277,0.0112,0.48,0.0021,31.0,17.0
2024-10-25,성동구,6156,146913,15.8,10.4,22.3,0.0,0.0262,0.0155,0.4,0.0031,25.0,13.0
2024-10-25,성북구,3355,54595,14.3,8.6,20.9,0.0,0.0278,0.0112,0.55,0.0031,28.0,16.0
2024-10-25,송파구,14875,215753,15.8,10.3,21.9,0.0,0.0298,0.0106,0.47,0.0023,26.0,14.0
2024-10-25,양천구,10333,39176,16.3,11.4,21.7,0.0,0.0328,0.0102,0.5,0.0022,29.0,16.0
2024-10-25,영등포구,15118,349715,17.0,11.7,22.4,0.0,0.0367,0.0122,0.55,0.0026,30.0,17.0
2024-10-25,용산구,3215,0,15.0,9.8,21.7,0.0,0.0355,0.0111,0.55,0.0024,30.0,16.0
2024-10-25,은평구,3613,135778,12.1,5.9,22.1,0.0,0.0183,0.0153,0.51,0.0028,21.0,12.0
2024-10-25,종로구,5674,276515,15.2,9.6,21.8,0.0,0.0306,0.0147,0.52,0.0036,26.0,16.0
2024-10-25,중구,3834,302994,14.5,9.4,18.9,0.0,0.0196,0.0062,0.54,0.0031,25.0,17.0
2024-10-25,중랑구,4540,99322,15.1,9.8,21.4,0.0,0.0176,0.0196,0.37,0.002,20.0,12.0
2024-10-26,강남구,4439,253151,16.3,10.4,24.7,0.0,0.0247,0.0156,0.43,0.0026,22.0,12.0
2024-10-26,강동구,6399,71191,16.2,10.4,23.4,0.0,0.0212,0.0178,0.52,0.0024,21.0,13.0
2024-10-26,강북구,1852,43992,14.7,8.6,22.7,0.0,0.0135,0.0225,0.35,0.002,17.0,11.0
2024-10-26,강서구,15762,141824,16.4,10.0,23.9,0.0,0.0279,0.0172,0.6,0.0031,25.0,12.0
2024-10-26,관악구,3460,143169,15.3,8.9,23.1,0.0,0.0275,0.0183,0.46,0.0028,23.0,10.0
2024-10-26,광진구,7181,64382,17.4,11.7,24.2,0.0,0.0198,0.0219,0.47,0.0026,19.0,10.0
2024-10-26,구로구,5528,96799,17.7,11.0,25.3,0.0,0.0189,0.0165,0.38,0.002,22.0,11.0
2024-10-26,금천구,1956,45188,18.1,12.6,24.0,0.0,0.024,0.0204,0.38,0.0031,15.0,11.0
2024-10-26,노원구,9068,128818,14.1,6.8,23.6,0.0,0.0238,0.0154,0.46,0.0027,24.0,13.0
2024-10-26,도봉구,3177,84714,15.7,9.1,26.5,0.0,0.0192,0.0225,0.47,0.0027,20.0,11.0
2024-10-26,동대문구,4376,87766,17.1,10.9,23.6,0.0,0.0254,0.0172,0.5,0.0025,25.0,13.0
2024-10-26,동작구,2855,83563,15.5,9.0,25.0,0.0,0.0243,0.0176,0.41,0.0026,20.0,10.0
2024-10-26,마포구,8126,257912,17.4,12.1,21.8,0.0,0.0284,0.0175,0.47,0.0026,24.0,11.0
2024-10-26,서대문구,2621,92448,16.4,10.1,22.3,0.0,0.0182,0.0256,0.51,0.0032,17.0,10.0
2024-10-26,서초구,4486,152353,16.5,10.3,22.9,0.0,0.0212,0.0161,0.38,0.0021,22.0,11.0
2024-10-26,성동구,5294,110037,17.7,12.1,23.8,0.0,0.0237,0.0173,0.39,0.0029,22.0,12.0
2024-10-26,성북구,2967,38374,16.1,10.4,22.6,0.0,0.0249,0.0138,0.5,0.003,23.0,11.0
2024-10-26,송파구,13879,148012,18.0,11.9,24.4,0.0,0.0243,0.0146,0.4,0.0025,22.0,11.0
2024-10-26,양천구,9433,27083,18.2,13.3,23.6,0.0,0.0275,0.0136,0.44,0.0022,25.0,14.0
2024-10-26,영등포구,12254,247173,18.7,13.6,24.3,0.0,0.03,0.0168,0.48,0.0028,26.0,13.0
2024-10-26,용산구,3403,0,16.7,11.5,24.4,0.0,0.0317,0.0135,0.5,0.0025,25.0,12.0
2024-10-26,은평구,3812,106826,14.4,7.4,23.2,0.0,0.0154,0.0191,0.48,0.0027,16.0,9.0
2024-10-26,종로구,3800,222046,17.1,11.6,23.8,0.0,0.0274,0.0179,0.48,0.0036,23.0,14.0
2024-10-26,중구,2387,207175,16.3,11.4,20.9,0.0,0.0175,0.0134,0.48,0.0032,21.0,14.0
2024-10-26,중랑구,4304,77630,17.3,11.6,23.5,0.0,0.0148,0.0225,0.32,0.002,16.0,9.0
2024-10-27,강남구,3317,154062,16.4,13.4,20.2,0.0,0.0165,0.0281,0.38,0.0026,26.0,16.0
2024-10-27,강동구,4993,53065,15.9,13.6,19.3,0.0,0.0169,0.0248,0.52,0.0024,29.0,20.0
2024-10-27,강북구,1606,33138,15.1,12.0,18.7,0.0,0.0092,0.03,0.32,0.0019,21.0,14.0
2024-10-27,강서구,11604,107871,16.5,13.6,19.7,0.0,0.0181,0.0275,0.43,0.0029,28.0,16.0
2024-10-27,관악구,2671,105832,15.2,11.8,18.5,0.0,0.0172,0.0303,0.39,0.0029,29.0,16.0
2024-10-27,광진구,5559,44844,16.9,14.9,19.5,0.0,0.0149,0.0308,0.53,0.0026,24.0,14.0
2024-10-27,구로구,4219,71545,16.2,13.4,19.8,0.0,0.0112,0.0292,0.33,0.0024,29.0,15.0
2024-10-27,금천구,1503,32913,16.8,14.5,19.7,0.0,0.017,0.0305,0.36,0.0027,23.0,17.0
2024-10-27,노원구,6982,93355,14.6,11.0,19.7,0.0,0.0167,0.0241,0.4,0.0026,24.0,14.0
2024-10-27,도봉구,2631,68453,15.6,13.2,18.6,0.0,0.0118,0.034,0.46,0.0026,24.0,13.0
2024-10-27,동대문구,3425,67004,16.3,14.3,19.8,0.0,0.0176,0.0254,0.44,0.0025,29.0,16.0
2024-10-27,동작구,2212,56152,15.6,12.4,19.9,0.0,0.0163,0.0286,0.36,0.0026,25.0,14.0
2024-10-27,마포구,5771,198098,15.9,14.0,18.6,0.0,0.0172,0.0279,0.37,0.0027,27.0,15.0
2024-10-27,서대문구,2220,65654,15.3,12.7,18.7,0.0,0.0121,0.0344,0.5,0.0028,26.0,16.0
2024-10-27,서초구,3209,127778,16.2,13.1,19.8,0.0,0.0131,0.0286,0.34,0.0022,27.0,16.0
2024-10-27,성동구,3987,80400,16.7,14.9,19.5,0.0,0.017,0.0267,0.37,0.0029,26.0,15.0
2024-10-27,성북구,2332,28089,15.6,13.0,18.3,0.0,0.0163,0.0222,0.42,0.003,27.0,14.0
2024-10-27,송파구,10331,105025,17.2,15.4,19.4,0.0,0.0182,0.0243,0.37,0.0024,25.0,14.0
2024-10-27,양천구,7689,21641,16.9,15.0,19.4,0.0,0.0152,0.0249,0.33,0.0024,26.0,16.0
2024-10-27,영등포구,9333,200391,17.3,15.9,19.9,0.0,0.0163,0.0315,0.36,0.0028,24.0,15.0
2024-10-27,용산구,2568,0,16.7,14.2,19.1,0.0,0.0228,0.0215,0.44,0.0025,29.0,17.0
2024-10-27,은평구,2763,79819,15.1,10.8,18.6,0.0,0.0101,0.0267,0.52,0.0028,27.0,16.0
2024-10-27,종로구,2933,178674,15.9,13.6,19.1,0.0,0.0177,0.0269,0.41,0.0037,25.0,17.0
2024-10-27,중구,1828,203066,14.8,13.3,17.8,0.0,0.0123,0.0258,0.39,0.0031,23.0,16.0
2024-10-27,중랑구,3302,54884,16.5,14.6,19.8,0.0,0.0138,0.0274,0.35,0.0021,22.0,14.0
2024-10-28,강남구,5066,397167,16.4,12.2,21.5,0.0,0.0197,0.017,0.44,0.0023,29.0,19.0
2024-10-28,강동구,6585,96181,15.5,12.1,20.7,0.0,0.0144,0.0205,0.54,0.0022,28.0,20.0
2024-10-28,강북구,1930,50346,15.1,10.4,20.5,0.0,0.0098,0.026,0.4,0.0019,30.0,20.0
2024-10-28,강서구,20606,189997,15.9,11.6,21.0,0.0,0.0223,0.0129,0.63,0.003,61.0,41.0
2024-10-28,관악구,3095,156206,14.8,10.4,19.4,0.0,0.0216,0.0186,0.49,0.0027,36.0,23.0
2024-10-28,광진구,7063,63647,16.4,12.9,21.7,0.0,0.0147,0.0244,0.54,0.0024,24.0,15.0
2024-10-28,구로구,6933,132615,16.4,12.1,21.4,0.0,0.0137,0.0197,0.41,0.002,39.0,26.0
2024-10-28,금천구,3305,104352,16.6,13.3,20.3,0.0,0.0182,0.0204,0.45,0.0025,33.0,25.0
2024-10-28,노원구,9509,157784,15.2,8.6,21.1,0.0,0.0133,0.0242,0.42,0.0024,33.0,22.0
2024-10-28,도봉구,3334,97558,15.6,11.2,22.1,0.0,0.0125,0.0288,0.53,0.0024,32.0,23.0
2024-10-28,동대문구,4934,111087,15.8,12.3,20.8,0.0,0.0157,0.0216,0.44,0.0022,31.0,19.0
2024-10-28,동작구,2756,96516,16.4,11.3,21.3,0.0,0.0188,0.0194,0.47,0.0024,35.0,22.0
2024-10-28,마포구,7037,262081,15.4,12.2,19.9,0.0,0.0164,0.0222,0.45,0.0024,37.0,23.0
2024-10-28,서대문구,2722,101416,15.1,11.1,19.6,0.0,0.0126,0.0277,0.56,0.0023,32.0,22.0
2024-10-28,서초구,4784,154626,16.2,11.7,20.5,0.0,0.0161,0.0185,0.41,0.0021,35.0,25.0
2024-10-28,성동구,6011,134274,16.1,13.0,21.5,0.0,0.0155,0.0213,0.4,0.003,28.0,18.0
2024-10-28,성북구,3107,52482,14.9,11.5,19.8,0.0,0.0152,0.0195,0.45,0.0029,31.0,21.0
2024-10-28,송파구,13957,205003,16.7,13.2,21.7,0.0,0.0176,0.0179,0.44,0.0022,30.0,19.0
2024-10-28,양천구,9969,37169,16.4,13.0,20.3,0.0,0.0178,0.0184,0.46,0.0021,43.0,29.0
2024-10-28,영등포구,14408,331195,16.8,13.6,21.1,0.0,0.0203,0.0203,0.49,0.0026,36.0,25.0
2024-10-28,용산구,2469,0,16.5,12.8,21.2,0.0,0.0183,0.0189,0.46,0.0022,30.0,19.0
2024-10-28,은평구,3684,129498,14.2,8.5,20.1,0.0,0.0102,0.0194,0.61,0.0027,33.0,24.0
2024-10-28,종로구,5115,248134,15.4,12.3,19.2,0.0,0.016,0.023,0.45,0.0031,29.0,21.0
2024-10-28,중구,3705,286563,14.0,11.3,18.3,0.0,0.0119,0.0202,0.45,0.003,28.0,22.0
2024-10-28,중랑구,4329,94422,15.7,12.2,20.6,0.0,0.0118,0.0224,0.38,0.0019,25.0,17.0
2024-10-29,강남구,5118,410547,15.5,12.5,19.8,0.0,0.0224,0.0201,0.32,0.0022,16.0,7.0
2024-10-29,강동구,6711,97343,15.1,12.9,19.1,0.0,0.0171,0.0249,0.44,0.0023,13.0,7.0
2024-10-29,강북구,1875,51699,13.3,11.0,17.7,0.0,0.01,0.0273,0.27,0.0018,10.0,6.0
2024-10-29,강서구,19851,192549,15.1,11.9,19.4,0.0,0.0304,0.0087,0.43,0.0034,22.0,11.0
2024-10-29,관악구,3054,160450,14.1,11.1,18.2,0.0,0.0225,0.0226,0.35,0.0026,17.0,8.0
2024-10-29,광진구,6888,64961,15.7,13.2,19.3,0.0,0.0173,0.0272,0.45,0.0025,14.0,6.0
2024-10-29,구로구,6644,134222,15.6,12.7,20.5,0.0,0.0154,0.0205,0.31,0.0021,16.0,6.0
2024-10-29,금천구,3355,105720,16.0,14.4,20.0,0.0,0.0197,0.0234,0.31,0.0023,10.0,7.0
2024-10-29,노원구,8833,160323,13.8,10.0,18.9,0.0,0.017,0.0243,0.3,0.0022,14.0,6.0
2024-10-29,도봉구,2994,100095,13.9,11.7,18.4,0.0,0.0154,0.0274,0.41,0.0025,11.0,5.0
2024-10-29,동대문구,4949,113370,15.3,13.6,18.7,0.0,0.0183,0.0248,0.35,0.0021,15.0,6.0
2024-10-29,동작구,2710,98011,15.1,11.5,20.3,0.0,0.0206,0.0223,0.33,0.0023,17.0,7.0
2024-10-29,마포구,6741,271230,14.8,13.1,18.9,0.0,0.02,0.0222,0.35,0.0024,15.0,7.0
2024-10-29,서대문구,2564,104917,14.1,11.9,17.8,0.0,0.0151,0.0278,0.38,0.0024,12.0,6.0
2024-10-29,서초구,4598,156156,15.2,12.5,19.7,0.0,0.0183,0.0203,0.29,0.0021,15.0,7.0
2024-10-29,성동구,5693,138494,15.8,13.9,18.8,0.0,0.0192,0.023,0.31,0.0031,15.0,6.0
2024-10-29,성북구,3258,53882,13.9,12.2,17.2,0.0,0.0171,0.0217,0.32,0.0029,13.0,6.0
2024-10-29,송파구,13401,213106,16.2,14.4,19.7,0.0,0.0198,0.0217,0.32,0.0021,15.0,7.0
2024-10-29,양천구,9615,38543,15.7,14.2,18.9,0.0,0.0196,0.018,0.3,0.002,15.0,7.0
2024-10-29,영등포구,13937,338745,16.1,14.6,19.3,0.0,0.0256,0.0192,0.36,0.0024,15.0,7.0
2024-10-29,용산구,2571,0,15.7,13.7,19.2,0.0,0.0244,0.0182,0.39,0.002,17.0,8.0
2024-10-29,은평구,3202,131358,13.9,10.1,18.3,1.0,0.0129,0.0213,0.41,0.0027,14.0,6.0
2024-10-29,종로구,5132,256151,14.7,12.9,18.2,0.0,0.0196,0.0249,0.36,0.0029,13.0,7.0
2024-10-29,중구,3735,298263,13.7,11.7,16.5,0.0,0.0132,0.0227,0.35,0.0028,13.0,7.0
2024-10-29,중랑구,4197,95781,15.4,13.7,18.6,0.0,0.0132,0.0261,0.28,0.0019,12.0,5.0
2024-10-30,강남구,5476,408253,15.6,10.8,22.0,0.0,0.0241,0.0246,0.42,0.0026,27.0,15.0
2024-10-30,강동구,6963,99553,15.5,11.0,21.6,0.0,0.0206,0.0271,0.52,0.0026,28.0,17.0
2024-10-30,강북구,2124,52328,14.3,9.6,20.7,0.0,0.0115,0.0307,0.35,0.002,23.0,14.0
2024-10-30,강서구,21867,193815,15.2,10.6,21.6,0.0,0.0204,0.0254,0.41,0.0037,28.0,16.0
2024-10-30,관악구,3357,163589,13.3,9.2,20.6,0.0,0.0277,0.0258,0.5,0.0029,30.0,16.0
2024-10-30,광진구,7409,67641,16.2,12.0,22.0,0.0,0.021,0.0285,0.53,0.0028,25.0,14.0
2024-10-30,구로구,6989,136064,15.9,11.1,22.2,0.0,0.016,0.0248,0.42,0.0023,32.0,18.0
2024-10-30,금천구,3562,104872,16.4,12.5,21.2,0.0,0.0264,0.0251,0.44,0.003,23.0,16.0
2024-10-30,노원구,9854,164297,14.0,7.6,22.2,0.0,0.0205,0.0221,0.44,0.0027,26.0,14.0
2024-10-30,도봉구,3466,102790,15.3,10.2,24.5,0.0,0.0166,0.034,0.52,0.0028,25.0,14.0
2024-10-30,동대문구,5195,115308,16.1,11.2,21.7,0.0,0.0229,0.0264,0.49,0.0025,30.0,16.0
2024-10-30,동작구,2833,99174,14.5,9.3,22.1,0.0,0.0265,0.0241,0.48,0.0028,27.0,15.0
2024-10-30,마포구,7503,276508,15.2,11.4,19.4,0.0,0.0225,0.0243,0.43,0.0027,27.0,15.0
2024-10-30,서대문구,2996,105963,14.5,10.2,20.9,0.0,0.0177,0.0312,0.53,0.0027,26.0,14.0
2024-10-30,서초구,4953,156724,15.6,10.9,21.0,0.0,0.0215,0.0221,0.43,0.0023,34.0,17.0
2024-10-30,성동구,6086,140350,16.5,12.5,21.6,0.0,0.0245,0.0244,0.44,0.0035,27.0,15.0
2024-10-30,성북구,3295,54082,15.0,10.7,20.9,0.0,0.0207,0.0236,0.46,0.0033,29.0,16.0
2024-10-30,송파구,14336,211130,16.7,12.4,21.4,0.0,0.0246,0.023,0.47,0.0026,30.0,16.0
2024-10-30,양천구,10573,38513,16.3,12.3,20.8,0.0,0.0206,0.0227,0.4,0.0025,28.0,16.0
2024-10-30,영등포구,14959,341797,16.6,12.7,21.4,0.0,0.0247,0.026,0.44,0.0028,27.0,15.0
2024-10-30,용산구,2867,0,15.8,11.4,21.4,0.0,0.03,0.02,0.54,0.0029,30.0,17.0
2024-10-30,은평구,3856,133859,12.9,8.2,20.9,0.0,0.0145,0.0227,0.51,0.0029,27.0,15.0
2024-10-30,종로구,5739,267277,15.5,11.3,21.2,0.0,0.025,0.0255,0.48,0.0036,26.0,17.0
2024-10-30,중구,3964,303089,15.0,11.6,20.1,0.0,0.0134,0.0267,0.43,0.0032,22.0,14.0
2024-10-30,중랑구,4610,97000,16.2,11.8,21.5,0.0,0.0164,0.0289,0.37,0.0021,23.0,14.0
2024-10-31,강남구,5539,412497,15.4,10.4,23.2,0.0,0.0345,0.017,0.5,0.0026,34.0,20.0
2024-10-31,강동구,6968,98362,14.9,10.3,21.9,0.0,0.029,0.021,0.52,0.0024,32.0,20.0
2024-10-31,강북구,2056,52313,13.7,8.9,21.7,0.0,0.0154,0.0314,0.4,0.0021,27.0,17.0
2024-10-31,강서구,21619,194089,15.3,10.0,22.6,0.0,0.0305,0.0225,0.51,0.0038,36.0,22.0
2024-10-31,관악구,3225,165371,13.4,8.9,21.5,0.0,0.0383,0.02,0.57,0.0032,39.0,23.0
2024-10-31,광진구,7621,68815,16.4,11.6,22.8,0.0,0.029,0.024,0.51,0.0027,29.0,17.0
2024-10-31,구로구,7006,136023,16.2,10.8,24.0,0.0,0.0263,0.0199,0.44,0.0023,41.0,24.0
2024-10-31,금천구,3493,104550,16.9,12.6,22.8,0.0,0.0313,0.0228,0.45,0.0029,28.0,21.0
2024-10-31,노원구,9576,162814,12.8,6.5,22.4,0.0,0.028,0.0205,0.5,0.0028,33.0,20.0
2024-10-31,도봉구,3343,101937,14.8,9.2,26.2,0.0,0.0215,0.0337,0.57,0.0027,30.0,19.0
2024-10-31,동대문구,5244,117087,15.9,11.1,22.6,0.0,0.0323,0.0207,0.56,0.0027,36.0,20.0
2024-10-31,동작구,2831,99804,14.5,9.0,23.1,0.0,0.0308,0.0213,0.5,0.0027,34.0,20.0
2024-10-31,마포구,7635,286572,16.0,12.2,21.4,0.0,0.0336,0.0216,0.5,0.0027,34.0,20.0
2024-10-31,서대문구,3005,107612,15.1,10.0,22.1,0.0,0.024,0.0312,0.58,0.0028,30.0,18.0
2024-10-31,서초구,5096,161828,15.4,10.6,22.1,0.0,0.0302,0.0163,0.48,0.0023,44.0,26.0
2024-10-31,성동구,6098,141803,16.7,12.2,22.7,0.0,0.0328,0.0195,0.47,0.0033,32.0,18.0
2024-10-31,성북구,3400,54884,15.3,11.2,21.6,0.0,0.0308,0.017,0.56,0.003,32.0,19.0
2024-10-31,송파구,14774,213553,16.9,12.0,22.6,0.0,0.0332,0.0161,0.51,0.0025,33.0,19.0
2024-10-31,양천구,10330,38281,17.0,12.4,22.3,0.0,0.0323,0.0191,0.47,0.0026,36.0,23.0
2024-10-31,영등포구,14985,342326,17.5,13.1,22.6,0.0,0.0367,0.0224,0.5,0.0029,36.0,21.0
2024-10-31,용산구,2778,0,16.0,11.5,22.5,0.0,0.0396,0.0159,0.6,0.0027,37.0,22.0
2024-10-31,은평구,3840,134115,12.6,7.1,22.0,0.0,0.0212,0.0211,0.56,0.0029,30.0,17.0
2024-10-31,종로구,5767,265698,16.0,11.5,22.5,0.0,0.0329,0.0215,0.54,0.0036,32.0,23.0
2024-10-31,중구,4050,297046,15.5,11.4,21.0,0.0,0.02,0.0242,0.49,0.0032,28.0,20.0
2024-10-31,중랑구,4501,97508,16.2,11.5,22.6,0.0,0.0216,0.0214,0.41,0.002,28.0,18.0
2024-11-01,강남구,5382,415006,15.4,12.4,18.9,0.0,0.0388,0.01,0.47,0.0027,35.0,20.0
2024-11-01,강동구,7062,99582,14.8,11.6,18.4,0.0,0.0307,0.0132,0.53,0.0025,33.0,21.0
2024-11-01,강북구,2065,53011,14.0,10.9,18.5,0.0,0.0194,0.0243,0.43,0.0021,31.0,22.0
2024-11-01,강서구,21312,197499,15.3,12.1,19.6,0.0,0.0386,0.0103,0.63,0.0039,45.0,27.0
2024-11-01,관악구,3397,169697,14.2,11.3,17.9,0.0,0.0467,0.0115,0.65,0.0033,42.0,26.0
2024-11-01,광진구,7441,70676,15.5,12.9,19.0,0.0,0.0306,0.0166,0.54,0.0026,31.0,19.0
2024-11-01,구로구,7167,137148,15.7,13.0,19.4,0.0,0.0327,0.0109,0.52,0.0022,45.0,26.0
2024-11-01,금천구,3378,102467,16.6,14.4,19.0,0.0,0.0432,0.0108,0.6,0.0034,34.0,25.0
2024-11-01,노원구,9627,164347,13.5,8.7,18.9,0.0,0.0385,0.0097,0.58,0.0031,40.0,26.0
2024-11-01,도봉구,3590,102414,14.4,11.5,19.0,0.0,0.0336,0.0165,0.68,0.0028,39.0,24.0
2024-11-01,동대문구,5129,116445,15.4,12.8,19.0,0.0,0.0398,0.0117,0.59,0.0028,40.0,23.0
2024-11-01,동작구,2915,102744,14.7,11.4,19.9,0.0,0.0454,0.0084,0.63,0.003,38.0,23.0
2024-11-01,마포구,7231,299961,15.8,13.4,18.9,0.0,0.0443,0.0108,0.63,0.003,41.0,24.0
2024-11-01,서대문구,2869,107615,14.6,12.3,18.3,0.0,0.0298,0.0198,0.69,0.0029,37.0,23.0
2024-11-01,서초구,4969,171078,15.3,12.2,18.7,0.0,0.0342,0.0106,0.53,0.0022,44.0,26.0
2024-11-01,성동구,5863,144576,15.9,13.2,19.1,0.0,0.0357,0.0136,0.48,0.0035,35.0,21.0
2024-11-01,성북구,3185,54363,15.1,12.5,18.2,0.0,0.0376,0.0094,0.59,0.0029,39.0,23.0
2024-11-01,송파구,14648,213610,16.2,13.2,18.6,0.0,0.0385,0.0091,0.56,0.0028,36.0,22.0
2024-11-01,양천구,10439,38517,16.5,14.4,19.1,0.0,0.0412,0.0084,0.57,0.0026,44.0,27.0
2024-11-01,영등포구,14826,354296,16.9,15.1,19.5,0.0,0.0478,0.01,0.62,0.0032,39.0,25.0
2024-11-01,용산구,2921,0,15.8,13.3,19.2,0.0,0.0477,0.0093,0.66,0.0031,40.0,23.0
2024-11-01,은평구,3818,134580,13.3,9.0,18.8,0.0,0.0272,0.0137,0.63,0.0029,37.0,22.0
2024-11-01,종로구,5582,267713,15.3,13.2,18.4,0.0,0.0424,0.0126,0.61,0.0042,36.0,25.0
2024-11-01,중구,3991,299368,14.8,12.5,16.8,0.0,0.0257,0.0138,0.57,0.0037,33.0,24.0
2024-11-01,중랑구,4507,99210,15.6,13.0,19.0,0.0,0.0269,0.0178,0.43,0.0022,32.0,21.0
2024-11-02,강남구,4654,253340,17.6,11.4,25.2,0.0,0.0201,0.0296,0.4,0.0028,33.0,20.0
2024-11-02,강동구,6496,71284,18.1,12.9,24.4,0.0,0.0154,0.0335,0.46,0.0026,30.0,19.0
2024-11-02,강북구,1995,44785,16.5,11.4,23.7,0.0,0.0081,0.0377,0.32,0.0022,25.0,17.0
2024-11-02,강서구,15285,142438,17.3,11.6,25.2,0.0,0.0205,0.0246,0.43,0.0036,36.0,23.0
2024-11-02,관악구,3219,141618,15.8,10.7,23.4,0.0,0.0258,0.0261,0.48,0.0031,36.0,22.0
2024-11-02,광진구,7097,67075,18.8,13.9,25.2,0.0,0.0178,0.034,0.5,0.0026,30.0,18.0
2024-11-02,구로구,5708,97390,17.9,11.5,26.3,0.0,0.0184,0.0219,0.42,0.0022,35.0,20.0
2024-11-02,금천구,1954,45157,19.0,14.2,24.8,0.0,0.0222,0.0287,0.38,0.003,29.0,21.0
2024-11-02,노원구,8803,128362,15.6,7.8,25.0,0.0,0.0156,0.0307,0.39,0.003,34.0,21.0
2024-11-02,도봉구,3194,87210,17.2,11.8,27.3,0.0,0.0116,0.0429,0.52,0.003,28.0,17.0
2024-11-02,동대문구,4325,89359,18.5,13.6,24.8,0.0,0.0184,0.0302,0.42,0.0026,34.0,20.0
2024-11-02,동작구,2955,84457,16.4,9.7,25.9,0.0,0.0257,0.0228,0.49,0.003,33.0,21.0
2024-11-02,마포구,8158,270030,17.9,13.1,23.6,0.0,0.023,0.0236,0.44,0.0028,33.0,21.0
2024-11-02,서대문구,2767,88895,17.4,11.5,23.7,0.0,0.0142,0.0362,0.55,0.0029,25.0,15.0
2024-11-02,서초구,4482,148787,17.9,12.5,24.4,0.0,0.0196,0.0226,0.43,0.0023,34.0,20.0
2024-11-02,성동구,5256,113476,18.9,14.3,24.7,0.0,0.0163,0.0319,0.37,0.0034,33.0,19.0
2024-11-02,성북구,2888,38745,17.9,14.4,23.6,0.0,0.0167,0.0281,0.39,0.003,28.0,18.0
2024-11-02,송파구,14247,148016,19.2,14.7,25.0,0.0,0.0213,0.0258,0.4,0.0025,34.0,20.0
2024-11-02,양천구,9598,27417,18.8,13.4,24.4,0.0,0.0221,0.0202,0.41,0.0026,35.0,22.0
2024-11-02,영등포구,12369,247150,19.2,14.3,25.2,0.0,0.0274,0.0232,0.47,0.0028,34.0,22.0
2024-11-02,용산구,3509,0,18.0,11.6,24.9,0.0,0.0234,0.0251,0.47,0.0027,35.0,21.0
2024-11-02,은평구,3791,107369,15.1,8.8,24.2,0.0,0.0157,0.0225,0.55,0.0029,27.0,17.0
2024-11-02,종로구,4260,227712,18.1,12.3,24.7,0.0,0.0161,0.034,0.4,0.0038,31.0,21.0
2024-11-02,중구,2687,228543,17.2,13.8,23.3,0.0,0.0123,0.0332,0.39,0.0035,27.0,19.0
2024-11-02,중랑구,4293,77408,18.7,13.9,24.7,0.0,0.0138,0.0316,0.35,0.0022,29.0,18.0
2024-11-03,강남구,4074,155546,17.4,11.5,24.1,0.0,0.0107,0.037,0.32,0.0023,24.0,15.0
2024-11-03,강동구,5917,53030,17.4,11.9,23.0,0.0,0.0105,0.0398,0.46,0.0025,25.0,17.0
2024-11-03,강북구,1733,35105,16.6,10.2,22.4,0.0,0.0093,0.0395,0.32,0.0021,23.0,15.0
2024-11-03,강서구,13103,107617,17.6,10.8,23.9,0.0,0.0136,0.037,0.36,0.0031,25.0,15.0
2024-11-03,관악구,3022,103678,15.8,9.9,21.9,0.0,0.0144,0.0384,0.38,0.0029,28.0,15.0
2024-11-03,광진구,6748,48349,17.9,13.1,24.2,0.0,0.009,0.0467,0.47,0.0026,25.0,14.0
2024-11-03,구로구,4865,70796,18.1,12.5,24.0,0.0,0.0086,0.0361,0.31,0.0022,24.0,14.0
2024-11-03,금천구,1715,32259,18.2,13.6,22.9,0.0,0.0162,0.0336,0.36,0.0027,22.0,17.0
2024-11-03,노원구,7962,93689,16.3,7.7,24.1,0.0,0.0145,0.0328,0.4,0.0027,27.0,16.0
2024-11-03,도봉구,2968,68910,17.0,10.4,25.0,0.0,0.0122,0.0412,0.55,0.0027,23.0,13.0
2024-11-03,동대문구,3826,71614,17.9,12.8,23.3,0.0,0.0118,0.0377,0.36,0.0023,27.0,15.0
2024-11-03,동작구,2633,58814,16.9,10.1,23.9,0.0,0.0143,0.0345,0.35,0.0027,25.0,14.0
2024-11-03,마포구,7479,203695,17.4,13.5,22.5,0.0,0.0119,0.0383,0.33,0.0025,25.0,14.0
2024-11-03,서대문구,2690,63553,17.3,13.7,23.0,0.0,0.0083,0.0484,0.42,0.0019,23.0,13.0
2024-11-03,서초구,4044,125373,17.3,11.5,23.2,0.0,0.0097,0.0344,0.32,0.0027,24.0,14.0
2024-11-03,성동구,4950,85958,17.7,13.4,23.3,0.0,0.0099,0.0405,0.32,0.0026,24.0,14.0
2024-11-03,성북구,2606,29776,17.0,12.0,22.5,0.0,0.0142,0.0305,0.38,0.0027,25.0,13.0
2024-11-03,송파구,13918,122597,18.1,13.2,23.4,0.0,0.0142,0.0315,0.35,0.0024,26.0,15.0
2024-11-03,양천구,8426,19927,18.3,14.5,22.9,0.0,0.0125,0.0305,0.32,0.0023,24.0,16.0
2024-11-03,영등포구,11333,199925,18.6,14.7,23.8,0.0,0.0137,0.0384,0.35,0.0027,23.0,15.0
2024-11-03,용산구,3322,0,18.0,13.4,23.5,0.0,0.0143,0.0322,0.38,0.0023,27.0,15.0
2024-11-03,은평구,3385,78606,15.7,8.4,22.5,0.0,0.0105,0.0303,0.52,0.0029,25.0,15.0
2024-11-03,종로구,3579,162449,17.7,13.1,23.9,0.0,0.0115,0.0393,0.33,0.003,23.0,16.0
2024-11-03,중구,2293,170918,16.1,11.8,22.8,0.0,0.0082,0.0385,0.34,0.003,23.0,15.0
2024-11-03,중랑구,3871,56751,18.1,13.5,23.6,0.0,0.0123,0.036,0.34,0.002,26.0,15.0
2024-11-04,강남구,4938,400031,15.7,10.6,20.3,0.0,0.011,0.0393,0.31,0.0024,25.0,14.0
2024-11-04,강동구,6644,96036,15.4,10.0,20.4,0.0,0.0106,0.0398,0.41,0.0026,28.0,16.0
2024-11-04,강북구,1832,49385,14.5,8.3,18.2,0.5,0.0051,0.0505,0.27,0.002,25.0,14.0
2024-11-04,강서구,19571,189130,15.1,9.8,19.4,1.0,0.0107,0.0409,0.28,0.0028,25.0,13.0
2024-11-04,관악구,2969,155569,13.5,6.1,17.9,0.0,0.0133,0.0398,0.31,0.0026,27.0,12.0
2024-11-04,광진구,6881,63769,15.7,10.9,20.0,0.5,0.0111,0.0455,0.42,0.0026,25.0,12.0
2024-11-04,구로구,6643,133170,15.1,9.3,19.6,0.0,0.009,0.036,0.27,0.0023,28.0,11.0
2024-11-04,금천구,3151,104467,15.4,10.3,19.1,0.0,0.0142,0.0368,0.29,0.0026,23.0,16.0
2024-11-04,노원구,8923,156008,14.9,8.3,20.3,0.0,0.01,0.0401,0.3,0.0025,26.0,14.0
2024-11-04,도봉구,3112,97073,15.1,8.3,19.8,0.5,0.008,0.0525,0.48,0.0027,25.0,14.0
2024-11-04,동대문구,4839,110342,15.5,10.6,19.8,0.0,0.009,0.0458,0.32,0.0023,26.0,13.0
2024-11-04,동작구,2503,95959,15.4,10.1,19.3,0.0,0.0106,0.0413,0.29,0.0025,25.0,13.0
2024-11-04,마포구,6784,264868,14.2,8.7,17.7,0.0,0.0157,0.0362,0.3,0.0025,25.0,14.0
2024-11-04,서대문구,2670,102201,13.7,7.1,19.1,0.0,0.0096,0.0452,0.39,0.0019,26.0,13.0
2024-11-04,서초구,4529,155479,15.1,10.2,19.0,0.0,0.0108,0.0358,0.27,0.0023,25.0,12.0
2024-11-04,성동구,5644,136469,15.3,10.1,19.9,0.0,0.0145,0.0362,0.3,0.0028,25.0,12.0
2024-11-04,성북구,3162,53268,14.4,8.9,18.3,0.5,0.0088,0.0391,0.28,0.0027,27.0,12.0
2024-11-04,송파구,13400,205311,15.8,11.0,19.7,0.0,0.0155,0.0331,0.33,0.0023,26.0,13.0
2024-11-04,양천구,9483,37390,15.2,10.2,19.1,0.0,0.0105,0.0337,0.27,0.0022,24.0,13.0
2024-11-04,영등포구,13865,331157,15.6,10.6,19.6,0.0,0.0126,0.0403,0.3,0.0025,23.0,12.0
2024-11-04,용산구,2408,0,15.7,10.5,19.1,0.0,0.0164,0.0317,0.35,0.0022,27.0,13.0
2024-11-04,은평구,3437,128699,12.8,4.4,18.3,0.5,0.009,0.0317,0.48,0.0029,29.0,16.0
2024-11-04,종로구,5308,247093,14.1,8.9,17.9,1.5,0.0125,0.0399,0.31,0.0029,25.0,14.0
2024-11-04,중구,3786,286951,13.2,7.6,17.8,0.0,0.0063,0.0422,0.29,0.003,21.0,12.0
2024-11-04,중랑구,4168,93839,15.7,10.8,19.7,0.0,0.0106,0.0405,0.31,0.0021,27.0,13.0
2024-11-05,강남구,4646,414824,10.9,8.0,15.7,0.0,0.0138,0.0264,0.31,0.0028,26.0,11.0
2024-11-05,강동구,6247,97687,10.3,7.1,16.4,0.0,0.0126,0.0284,0.35,0.0031,27.0,11.0
2024-11-05,강북구,1748,51313,9.0,4.4,14.8,0.0,0.0086,0.0304,0.27,0.0022,23.0,10.0
2024-11-05,강서구,18866,193919,10.1,7.1,15.3,0.0,0.0129,0.028,0.29,0.0032,26.0,10.0
2024-11-05,관악구,2807,161342,8.1,3.0,13.7,0.0,0.0137,0.0277,0.3,0.0028,27.0,10.0
2024-11-05,광진구,6652,65604,10.9,7.9,16.0,0.0,0.0121,0.0324,0.29,0.0031,25.0,10.0
2024-11-05,구로구,6125,135051,9.9,6.4,15.5,0.0,0.0096,0.0249,0.26,0.0028,30.0,7.0
2024-11-05,금천구,3070,105970,10.6,8.0,14.9,0.0,0.0136,0.0257,0.27,0.0028,24.0,13.0
2024-11-05,노원구,8780,160941,8.6,2.5,16.4,0.0,0.0089,0.03,0.28,0.0029,28.0,11.0
2024-11-05,도봉구,2993,99920,9.8,5.6,17.2,0.0,0.0108,0.0331,0.34,0.0033,25.0,9.0
2024-11-05,동대문구,4536,113255,10.6,7.2,15.7,0.0,0.0101,0.03,0.3,0.0027,26.0,10.0
2024-11-05,동작구,2381,98157,9.7,4.7,15.4,0.0,0.0145,0.0245,0.31,0.0028,27.0,11.0
2024-11-05,마포구,6143,271132,8.8,5.9,13.8,0.0,0.0128,0.027,0.29,0.003,27.0,10.0
2024-11-05,서대문구,2514,105719,8.3,4.3,14.6,0.0,0.011,0.0284,0.3,0.0028,24.0,10.0
2024-11-05,서초구,4163,156590,10.6,7.6,14.8,0.0,0.0135,0.0219,0.26,0.0025,31.0,9.0
2024-11-05,성동구,5385,139035,10.7,7.8,15.9,0.0,0.0134,0.0263,0.3,0.003,25.0,9.0
2024-11-05,성북구,2978,53214,9.4,5.2,14.7,0.0,0.0113,0.025,0.36,0.0033,24.0,7.0
2024-11-05,송파구,13123,211545,11.1,8.5,15.9,0.0,0.0164,0.0228,0.32,0.0026,29.0,11.0
2024-11-05,양천구,8946,38134,10.2,7.5,14.8,0.0,0.0114,0.0231,0.25,0.0026,28.0,10.0
2024-11-05,영등포구,12956,341472,10.5,7.2,15.3,0.0,0.015,0.0237,0.29,0.0028,26.0,11.0
2024-11-05,용산구,2317,0,10.5,8.0,15.2,0.0,0.018,0.0203,0.36,0.0025,30.0,10.0
2024-11-05,은평구,3223,130854,6.3,0.1,14.5,0.0,0.0111,0.0202,0.36,0.0033,26.0,11.0
2024-11-05,종로구,4981,258221,9.1,5.6,14.1,0.0,0.015,0.0257,0.33,0.0033,25.0,11.0
2024-11-05,중구,3513,294585,8.3,5.6,13.8,0.0,0.0079,0.0265,0.3,0.0031,21.0,10.0
2024-11-05,중랑구,3968,96412,10.8,7.8,15.6,0.0,0.0122,0.0264,0.3,0.0024,26.0,10.0
2024-11-06,강남구,4384,410517,8.6,3.9,13.7,0.0,0.0156,0.0273,0.35,0.003,25.0,12.0
2024-11-06,강동구,5864,98404,8.4,3.8,13.9,0.0,0.0165,0.0276,0.41,0.0035,27.0,12.0
2024-11-06,강북구,1804,51443,7.1,2.5,12.2,0.0,0.0082,0.0341,0.3,0.0023,22.0,11.0
2024-11-06,강서구,18375,194276,7.4,3.1,12.8,0.0,0.0165,0.027,0.35,0.0035,27.0,12.0
2024-11-06,관악구,2698,162860,4.8,1.0,11.3,0.0,0.0166,0.0277,0.36,0.003,29.0,13.0
2024-11-06,광진구,6318,65712,9.1,6.5,13.2,0.0,0.0142,0.0341,0.3,0.0031,25.0,12.0
2024-11-06,구로구,5946,135895,7.6,3.6,12.6,0.0,0.0122,0.0245,0.31,0.0031,32.0,11.0
2024-11-06,금천구,2787,105102,8.8,5.8,12.1,0.0,0.0172,0.0249,0.33,0.0031,25.0,16.0
2024-11-06,노원구,8546,162210,5.3,-1.4,13.7,0.0,0.0134,0.0291,0.33,0.003,28.0,14.0
2024-11-06,도봉구,2931,99401,7.9,2.4,16.4,0.0,0.0131,0.0349,0.32,0.0034,23.0,10.0
2024-11-06,동대문구,4277,113759,8.8,5.0,13.2,0.0,0.0122,0.0282,0.33,0.0025,25.0,10.0
2024-11-06,동작구,2344,98825,7.1,2.1,13.3,0.0,0.0159,0.0265,0.36,0.0029,27.0,14.0
2024-11-06,마포구,5726,270525,7.1,4.5,10.8,0.0,0.0173,0.023,0.34,0.003,27.0,13.0
2024-11-06,서대문구,2266,105003,6.2,2.7,12.2,0.0,0.0129,0.0305,0.4,0.0042,27.0,12.0
2024-11-06,서초구,3983,159345,8.1,3.7,12.4,0.0,0.0145,0.0235,0.3,0.0028,32.0,13.0
2024-11-06,성동구,5015,137910,9.0,6.5,13.0,0.0,0.0168,0.0254,0.34,0.003,25.0,10.0
2024-11-06,성북구,2808,53910,7.8,4.3,12.4,0.0,0.0143,0.0256,0.51,0.0036,25.0,9.0
2024-11-06,송파구,12208,212962,9.5,6.9,13.4,0.0,0.0183,0.0238,0.37,0.0028,28.0,11.0
2024-11-06,양천구,8625,37846,8.7,6.4,12.1,0.0,0.0159,0.0215,0.31,0.0029,29.0,14.0
2024-11-06,영등포구,12308,344693,9.0,6.6,12.8,0.0,0.0179,0.0246,0.35,0.003,26.0,14.0
2024-11-06,용산구,2185,0,8.5,5.4,12.5,0.0,0.019,0.0223,0.4,0.0028,28.0,12.0
2024-11-06,은평구,3079,131854,3.8,-1.6,11.9,0.0,0.0135,0.0204,0.39,0.0036,26.0,11.0
2024-11-06,종로구,4850,262962,7.4,4.4,11.8,0.0,0.0148,0.0241,0.35,0.0032,20.0,10.0
2024-11-06,중구,3429,296670,6.6,4.3,11.0,0.0,0.0089,0.0276,0.34,0.0035,21.0,12.0
2024-11-06,중랑구,3723,96000,8.8,5.6,13.0,0.0,0.0128,0.0252,0.32,0.0025,20.0,9.0
2024-11-07,강남구,4505,413679,7.7,2.5,15.7,0.0,0.0319,0.0165,0.46,0.0028,40.0,21.0
2024-11-07,강동구,6062,96904,7.8,2.1,15.1,0.0,0.0306,0.0179,0.55,0.0032,39.0,23.0
2024-11-07,강북구,1745,51387,6.2,0.0,14.4,0.0,0.0178,0.027,0.41,0.0021,35.0,20.0
2024-11-07,강서구,18515,193978,7.1,1.4,14.9,0.0,0.03,0.0188,0.46,0.0033,42.0,20.0
2024-11-07,관악구,2605,163873,5.3,-0.3,13.9,0.0,0.0376,0.014,0.55,0.0029,44.0,23.0
2024-11-07,광진구,6388,66557,8.9,3.1,15.0,0.0,0.0291,0.0231,0.43,0.0029,41.0,24.0
2024-11-07,구로구,5891,133965,8.1,2.1,15.6,0.0,0.0222,0.017,0.4,0.0028,46.0,20.0
2024-11-07,금천구,2954,104852,9.1,4.1,14.5,0.0,0.0341,0.0132,0.45,0.0029,39.0,26.0
2024-11-07,노원구,8316,161039,4.6,-2.7,15.2,0.0,0.031,0.0171,0.5,0.0033,43.0,24.0
2024-11-07,도봉구,2858,99379,7.0,0.1,18.9,0.0,0.0257,0.027,0.46,0.0034,37.0,21.0
2024-11-07,동대문구,4149,113759,8.6,2.7,15.4,0.0,0.0305,0.0181,0.53,0.0025,47.0,25.0
2024-11-07,동작구,2285,99131,6.4,0.4,16.2,0.0,0.036,0.0125,0.49,0.0028,41.0,24.0
2024-11-07,마포구,5900,273800,8.1,3.4,13.1,0.0,0.0309,0.0172,0.46,0.003,40.0,23.0
2024-11-07,서대문구,2497,104740,7.2,1.1,14.4,0.0,0.0251,0.0236,0.59,0.0042,37.0,20.0
2024-11-07,서초구,4164,160918,7.6,1.8,14.4,0.0,0.0269,0.0131,0.42,0.0026,49.0,25.0
2024-11-07,성동구,5029,138590,9.1,4.1,15.3,0.0,0.0328,0.0157,0.46,0.0032,43.0,22.0
2024-11-07,성북구,2807,53518,7.6,1.6,14.7,0.0,0.0293,0.0169,0.69,0.0038,43.0,22.0
2024-11-07,송파구,12372,211963,9.3,3.9,15.2,0.0,0.0335,0.014,0.5,0.0027,40.0,19.0
2024-11-07,양천구,8627,38008,9.1,4.3,14.5,0.0,0.0277,0.0158,0.4,0.0027,41.0,21.0
2024-11-07,영등포구,12878,342423,9.8,5.0,15.0,0.0,0.0322,0.0178,0.42,0.003,38.0,22.0
2024-11-07,용산구,2284,0,8.2,2.8,14.7,0.0,0.0371,0.0143,0.56,0.0028,43.0,22.0
2024-11-07,은평구,3090,130627,4.1,-2.6,14.5,0.0,0.0228,0.0177,0.47,0.0035,41.0,17.0
2024-11-07,종로구,4957,257538,7.5,1.7,14.5,0.0,0.0406,0.0176,0.59,0.0032,50.0,32.0
2024-11-07,중구,3412,291997,7.5,2.3,13.4,0.0,0.0186,0.0163,0.52,0.0034,35.0,21.0
2024-11-07,중랑구,3666,95662,8.6,2.8,15.1,0.0,0.0341,0.0225,0.67,0.0029,48.0,32.0
2024-11-08,강남구,4873,421693,9.3,3.4,18.4,0.0,0.0372,0.0152,0.46,0.0026,32.0,18.0
2024-11-08,강동구,6224,99117,9.8,3.3,17.7,0.0,0.0342,0.0169,0.59,0.0031,34.0,20.0
2024-11-08,강북구,1776,52406,7.8,0.9,16.8,0.0,0.0196,0.0281,0.4,0.0022,29.0,18.0
2024-11-08,강서구,18927,199208,8.9,2.2,17.7,0.0,0.0385,0.0152,0.53,0.0036,40.0,22.0
2024-11-08,관악구,2709,171474,7.8,2.1,16.3,0.0,0.0426,0.0158,0.61,0.0029,41.0,22.0
2024-11-08,광진구,6389,69204,11.0,4.6,18.1,0.0,0.0322,0.0225,0.47,0.0026,30.0,19.0
2024-11-08,구로구,6213,137159,10.0,3.3,18.2,0.0,0.03,0.012,0.5,0.0024,44.0,24.0
2024-11-08,금천구,2941,103063,11.4,6.2,17.5,0.0,0.0391,0.0149,0.49,0.0028,32.0,24.0
2024-11-08,노원구,8617,164180,6.7,-2.0,18.1,0.0,0.0384,0.0137,0.54,0.0032,36.0,22.0
2024-11-08,도봉구,2927,102283,8.8,0.6,21.4,0.0,0.0297,0.0272,0.49,0.0034,30.0,19.0
2024-11-08,동대문구,4293,115810,10.6,4.2,17.9,0.0,0.0364,0.017,0.6,0.0025,39.0,22.0
2024-11-08,동작구,2385,103987,8.5,1.3,18.8,0.0,0.0397,0.0157,0.51,0.0027,35.0,22.0
2024-11-08,마포구,6387,289941,10.8,4.5,16.5,0.0,0.0414,0.0134,0.55,0.0029,39.0,24.0
2024-11-08,서대문구,2559,107429,9.3,2.4,17.5,0.0,0.0303,0.0247,0.66,0.0043,32.0,20.0
2024-11-08,서초구,4312,177005,9.8,2.9,17.4,0.0,0.0333,0.01,0.51,0.0025,45.0,27.0
2024-11-08,성동구,5279,143060,11.2,5.1,17.9,0.0,0.0412,0.0134,0.49,0.0034,36.0,21.0
2024-11-08,성북구,2806,54111,10.0,3.3,17.0,0.0,0.0342,0.0157,0.53,0.0036,33.0,20.0
2024-11-08,송파구,13227,213883,11.4,5.3,17.8,0.0,0.0398,0.0116,0.57,0.0027,34.0,17.0
2024-11-08,양천구,9322,38654,11.4,5.6,17.4,0.0,0.0372,0.012,0.5,0.0026,39.0,22.0
2024-11-08,영등포구,13341,353762,12.1,6.7,17.8,0.0,0.0422,0.0149,0.49,0.0028,35.0,23.0
2024-11-08,용산구,2567,0,10.1,4.1,17.8,0.0,0.0456,0.0125,0.65,0.0028,38.0,24.0
2024-11-08,은평구,3311,133825,6.2,-1.2,17.1,0.0,0.0284,0.0172,0.53,0.0033,35.0,20.0
2024-11-08,종로구,5295,269261,9.9,4.3,17.4,0.0,0.0358,0.0187,0.56,0.0034,37.0,24.0
2024-11-08,중구,3625,300457,10.2,4.5,15.1,0.0,0.0207,0.0192,0.52,0.0035,28.0,19.0
2024-11-08,중랑구,3811,98633,10.6,4.5,17.6,0.0,0.0271,0.0256,0.57,0.0027,31.0,20.0
2024-11-09,강남구,3991,254853,11.9,6.2,20.5,0.0,0.0352,0.0168,0.44,0.0027,28.0,16.0
2024-11-09,강동구,5651,70041,12.4,6.6,19.9,0.0,0.0332,0.0177,0.6,0.0029,30.0,19.0
2024-11-09,강북구,1726,43780,10.5,4.3,19.2,0.0,0.0209,0.0276,0.41,0.0023,26.0,16.0
2024-11-09,강서구,13818,142825,11.3,5.2,20.1,0.0,0.0373,0.016,0.6,0.0037,37.0,22.0
2024-11-09,관악구,2866,142681,10.9,5.9,18.6,0.0,0.043,0.0166,0.65,0.003,37.0,18.0
2024-11-09,광진구,6029,61149,13.7,8.1,20.4,0.0,0.0311,0.0229,0.45,0.0026,26.0,15.0
2024-11-09,구로구,4882,96324,12.8,6.4,21.9,0.0,0.029,0.0145,0.56,0.0023,43.0,21.0
2024-11-09,금천구,1766,45035,14.2,9.5,19.8,0.0,0.0379,0.0167,0.52,0.0031,27.0,19.0
2024-11-09,노원구,7885,127116,9.4,1.6,20.4,0.0,0.0368,0.0153,0.58,0.0033,32.0,21.0
2024-11-09,도봉구,2798,84731,11.6,4.0,23.9,0.0,0.0304,0.0258,0.51,0.0034,30.0,19.0
2024-11-09,동대문구,3557,89431,13.1,7.1,20.4,0.0,0.0363,0.0178,0.59,0.0026,36.0,20.0
2024-11-09,동작구,2461,83301,11.2,4.6,21.2,0.0,0.0387,0.0173,0.52,0.0027,28.0,17.0
2024-11-09,마포구,6336,256829,13.4,8.0,19.3,0.0,0.0439,0.0127,0.62,0.003,35.0,23.0
2024-11-09,서대문구,2404,92375,11.9,6.0,19.8,0.0,0.0302,0.0242,0.69,0.0043,25.0,15.0
2024-11-09,서초구,3689,150909,12.3,6.6,19.4,0.0,0.0321,0.0126,0.53,0.0023,37.0,21.0
2024-11-09,성동구,4309,106459,13.7,8.2,20.1,0.0,0.0381,0.0157,0.51,0.0032,33.0,18.0
2024-11-09,성북구,2502,38911,12.4,6.8,19.6,0.0,0.036,0.0144,0.64,0.0034,34.0,20.0
2024-11-09,송파구,12082,147292,13.9,8.7,19.8,0.0,0.0364,0.0138,0.55,0.0029,31.0,17.0
2024-11-09,양천구,8407,27429,13.4,7.8,19.7,0.0,0.0369,0.0132,0.57,0.0027,36.0,22.0
2024-11-09,영등포구,10112,250962,14.2,8.8,20.7,0.0,0.0419,0.0159,0.55,0.0028,32.0,21.0
2024-11-09,용산구,3090,0,12.5,7.1,20.3,0.0,0.0442,0.0139,0.64,0.0029,37.0,20.0
2024-11-09,은평구,3178,106367,9.3,2.2,19.9,0.0,0.028,0.0175,0.6,0.0032,31.0,14.0
2024-11-09,종로구,3985,240188,12.8,7.7,19.8,0.0,0.037,0.0186,0.53,0.0038,33.0,22.0
2024-11-09,중구,2666,256750,12.8,8.2,17.3,0.0,0.0229,0.0174,0.56,0.0035,25.0,18.0
2024-11-09,중랑구,3731,75616,13.4,7.6,20.0,0.0,0.0242,0.0288,0.52,0.0026,24.0,15.0
2024-11-10,강남구,3606,150201,14.0,9.4,21.3,0.0,0.0223,0.0241,0.39,0.0025,23.0,14.0
2024-11-10,강동구,5418,50240,13.8,9.4,20.5,0.0,0.0246,0.0225,0.59,0.0027,24.0,16.0
2024-11-10,강북구,1577,33118,12.9,8.1,19.8,0.0,0.018,0.0296,0.41,0.0023,23.0,15.0
2024-11-10,강서구,11633,106618,13.4,9.0,20.5,0.0,0.0306,0.0205,0.54,0.0037,27.0,16.0
2024-11-10,관악구,2881,101552,12.3,9.1,19.4,0.0,0.0316,0.0219,0.51,0.003,27.0,16.0
2024-11-10,광진구,5609,44396,15.0,10.7,20.8,0.0,0.0228,0.0267,0.49,0.0025,22.0,13.0
2024-11-10,구로구,4469,70819,14.4,10.0,21.7,0.0,0.0206,0.0209,0.42,0.0022,28.0,15.0
2024-11-10,금천구,1533,32895,15.0,11.7,20.3,0.0,0.031,0.0185,0.5,0.0029,23.0,18.0
2024-11-10,노원구,7152,92511,11.4,5.5,20.8,0.0,0.0298,0.0179,0.55,0.0031,29.0,17.0
2024-11-10,도봉구,2651,65857,13.8,8.5,24.5,0.0,0.0235,0.0294,0.53,0.0033,25.0,15.0
2024-11-10,동대문구,3341,66715,14.4,10.2,20.8,0.0,0.0257,0.0239,0.49,0.0024,27.0,16.0
2024-11-10,동작구,2268,55324,12.7,8.6,21.4,0.0,0.03,0.0199,0.48,0.0026,25.0,16.0
2024-11-10,마포구,6598,194050,14.5,11.7,19.8,0.0,0.0295,0.022,0.46,0.0027,23.0,14.0
2024-11-10,서대문구,2199,61745,13.7,9.9,20.2,0.0,0.0219,0.0314,0.58,0.0031,21.0,13.0
2024-11-10,서초구,3359,127202,14.1,9.5,20.1,0.0,0.021,0.0197,0.41,0.0022,26.0,15.0
2024-11-10,성동구,4085,78297,14.8,11.0,20.6,0.0,0.0254,0.0218,0.4,0.0027,24.0,14.0
2024-11-10,성북구,2421,28452,14.2,10.2,20.0,0.0,0.0297,0.0164,0.6,0.0031,27.0,16.0
2024-11-10,송파구,11342,103599,15.3,11.1,20.7,0.0,0.0288,0.0168,0.48,0.0026,26.0,14.0
2024-11-10,양천구,7465,18927,15.0,11.6,20.1,0.0,0.0274,0.0178,0.44,0.0024,24.0,16.0
2024-11-10,영등포구,9539,181119,15.4,12.5,20.9,0.0,0.0293,0.0224,0.47,0.0029,23.0,15.0
2024-11-10,용산구,2771,0,14.7,10.5,20.5,0.0,0.0305,0.0187,0.51,0.0026,27.0,16.0
2024-11-10,은평구,2937,77088,11.4,6.4,20.3,0.0,0.0199,0.0211,0.6,0.003,22.0,10.0
2024-11-10,종로구,3414,157222,14.3,10.7,20.7,0.0,0.0246,0.0266,0.44,0.0039,25.0,17.0
2024-11-10,중구,2228,159348,13.9,10.3,19.4,0.0,0.0166,0.0267,0.43,0.0033,21.0,15.0
2024-11-10,중랑구,3499,54482,14.9,10.8,20.5,0.0,0.0192,0.0299,0.52,0.0024,21.0,13.0
2024-11-11,강남구,5219,398285,14.3,8.6,22.0,0.0,0.0405,0.0167,0.62,0.0031,49.0,30.0
2024-11-11,강동구,6457,95474,14.3,8.6,20.8,0.0,0.0337,0.0213,0.73,0.0032,47.0,30.0
2024-11-11,강북구,1916,50157,12.7,7.7,20.0,0.0,0.0185,0.0366,0.51,0.0027,46.0,27.0
2024-11-11,강서구,20134,190739,13.5,8.2,21.2,0.0,0.0368,0.0219,0.59,0.0042,55.0,32.0
2024-11-11,관악구,3063,156019,12.4,7.8,19.8,0.0,0.044,0.021,0.67,0.0035,59.0,35.0
2024-11-11,광진구,6799,64159,15.3,10.5,21.4,0.0,0.0321,0.0252,0.66,0.0031,44.0,26.0
2024-11-11,구로구,6676,132989,14.3,9.0,22.0,0.0,0.0306,0.0175,0.54,0.0028,67.0,39.0
2024-11-11,금천구,3244,103400,15.2,10.4,20.8,0.0,0.0406,0.0185,0.67,0.0034,54.0,37.0
2024-11-11,노원구,8951,158437,11.5,4.7,21.5,0.0,0.0363,0.0177,0.65,0.0036,49.0,28.0
2024-11-11,도봉구,3184,98584,13.8,7.8,23.4,0.0,0.0259,0.0379,0.64,0.0037,47.0,27.0
2024-11-11,동대문구,4709,110642,15.0,9.8,21.6,0.0,0.0305,0.0284,0.64,0.0031,52.0,27.0
2024-11-11,동작구,2631,97106,13.0,7.3,22.2,0.0,0.0368,0.0242,0.6,0.0031,53.0,32.0
2024-11-11,마포구,6798,261402,14.3,9.9,20.3,0.0,0.0304,0.0261,0.51,0.0032,50.0,30.0
2024-11-11,서대문구,2726,101870,13.5,8.7,20.2,0.0,0.0249,0.0345,0.76,0.0043,46.0,26.0
2024-11-11,서초구,4408,155946,14.2,9.0,20.7,0.0,0.0316,0.0175,0.54,0.0026,61.0,37.0
2024-11-11,성동구,5597,133075,14.9,10.7,21.2,0.0,0.0369,0.0201,0.57,0.0035,49.0,25.0
2024-11-11,성북구,3005,51713,14.2,9.6,20.7,0.0,0.0365,0.0113,0.69,0.0036,50.0,27.0
2024-11-11,송파구,13804,206259,15.6,11.0,21.6,0.0,0.0413,0.0122,0.65,0.0031,49.0,27.0
2024-11-11,양천구,9613,36957,15.0,11.0,20.9,0.0,0.0333,0.019,0.53,0.0029,59.0,34.0
2024-11-11,영등포구,14074,328818,15.4,11.6,21.3,0.0,0.0399,0.0208,0.57,0.0032,50.0,33.0
2024-11-11,용산구,2521,0,14.9,9.3,21.4,0.0,0.038,0.0221,0.66,0.0033,57.0,30.0
2024-11-11,은평구,3641,128637,11.1,4.7,21.1,0.0,0.0261,0.021,0.73,0.0033,46.0,25.0
2024-11-11,종로구,5504,246162,14.1,9.0,21.4,0.0,0.0296,0.0298,0.6,0.0043,49.0,30.0
2024-11-11,중구,3844,279005,13.5,10.7,19.0,0.0,0.0186,0.0329,0.53,0.0037,41.0,28.0
2024-11-11,중랑구,4254,94238,15.3,10.4,21.1,0.0,0.0276,0.0322,0.75,0.0031,47.0,27.0
2024-11-12,강남구,5208,411010,14.8,9.9,19.9,0.0,0.0209,0.0321,0.44,0.0031,38.0,25.0
2024-11-12,강동구,6688,98034,14.3,10.4,19.6,0.0,0.0268,0.0292,0.65,0.0031,43.0,27.0
2024-11-12,강북구,1895,51340,13.4,8.1,18.8,0.0,0.013,0.0385,0.39,0.0025,32.0,20.0
2024-11-12,강서구,20372,193659,14.0,9.2,19.5,0.0,0.024,0.0278,0.43,0.0039,36.0,22.0
2024-11-12,관악구,3093,162307,12.6,8.0,18.1,0.0,0.0255,0.0292,0.47,0.0037,41.0,24.0
2024-11-12,광진구,6860,65018,15.1,12.0,19.6,0.0,0.0244,0.0337,0.58,0.0031,39.0,23.0
2024-11-12,구로구,6810,134486,14.3,10.7,19.9,0.0,0.0174,0.0265,0.38,0.0028,43.0,27.0
2024-11-12,금천구,3282,105161,14.7,11.9,18.8,0.0,0.0285,0.0222,0.44,0.0031,38.0,29.0
2024-11-12,노원구,9256,160341,12.6,5.7,19.9,0.0,0.0242,0.0271,0.49,0.0033,40.0,23.0
2024-11-12,도봉구,3246,100367,14.2,9.2,23.5,0.0,0.0195,0.0386,0.56,0.0035,34.0,21.0
2024-11-12,동대문구,4981,112928,15.1,11.9,19.5,0.0,0.0174,0.0355,0.46,0.0028,38.0,21.0
2024-11-12,동작구,2684,98644,13.5,8.3,19.7,0.0,0.0212,0.0313,0.42,0.0029,38.0,23.0
2024-11-12,마포구,7008,266088,13.7,11.0,17.0,0.0,0.0247,0.027,0.42,0.0031,36.0,23.0
2024-11-12,서대문구,2828,104899,13.0,9.4,19.1,0.0,0.0198,0.0336,0.66,0.0037,35.0,22.0
2024-11-12,서초구,4406,156660,14.3,10.0,18.7,0.0,0.018,0.0278,0.37,0.0026,42.0,28.0
2024-11-12,성동구,5910,137207,14.9,12.2,19.1,0.0,0.0235,0.0296,0.43,0.0033,39.0,24.0
2024-11-12,성북구,3219,53298,14.0,10.5,18.9,0.0,,,,,,
2024-11-12,송파구,14038,211572,15.6,13.1,19.6,0.0,0.0296,0.0221,0.47,0.003,42.0,25.0
2024-11-12,양천구,9747,37849,14.8,12.1,18.9,0.0,0.0213,0.0253,0.39,0.0028,36.0,22.0
2024-11-12,영등포구,14404,340415,15.2,12.7,19.7,0.0,0.0222,0.0312,0.41,0.0032,35.0,24.0
2024-11-12,용산구,2639,0,14.9,10.8,18.7,0.0,0.0237,0.0272,0.49,0.0029,40.0,23.0
2024-11-12,은평구,3503,131375,11.0,5.2,18.1,0.0,0.0163,0.0251,0.62,0.0033,36.0,20.0
2024-11-12,종로구,5352,254579,14.0,10.5,18.5,0.0,0.0174,0.0359,0.44,0.0035,36.0,23.0
2024-11-12,중구,3951,291086,13.1,10.2,17.7,0.0,0.0134,0.0315,0.43,0.0034,32.0,23.0
2024-11-12,중랑구,4281,95688,15.2,12.1,19.8,0.0,0.0196,0.0361,0.61,0.0028,37.0,23.0
2024-11-13,강남구,5284,409663,13.6,8.0,21.3,0.0,0.0323,0.0185,0.47,0.0029,40.0,22.0
2024-11-13,강동구,6843,99069,13.8,7.7,20.6,0.0,0.0316,0.0163,0.63,0.0029,38.0,23.0
2024-11-13,강북구,2022,52337,12.2,6.0,19.6,0.0,0.0159,0.0317,0.42,0.0024,33.0,19.0
2024-11-13,강서구,21252,197087,13.1,6.8,20.6,0.0,0.0362,0.0173,0.6,0.004,44.0,23.0
2024-11-13,관악구,3097,164434,12.0,6.6,18.9,0.0,0.0367,0.0184,0.58,0.0035,41.0,23.0
2024-11-13,광진구,7353,66669,15.0,9.4,20.9,0.0,0.0297,0.0215,0.56,0.0027,36.0,19.0
2024-11-13,구로구,6916,135420,14.2,8.1,20.8,0.0,0.0263,0.0168,0.48,0.0025,48.0,25.0
2024-11-13,금천구,3304,105404,15.1,9.7,20.4,0.0,0.0342,0.0174,0.54,0.0033,35.0,24.0
2024-11-13,노원구,9451,164212,11.4,3.2,20.3,0.0,0.0306,0.0189,0.53,0.0033,41.0,22.0
2024-11-13,도봉구,3396,102039,12.9,6.0,22.7,0.0,0.0262,0.0283,0.61,0.0035,35.0,19.0
2024-11-13,동대문구,5031,113523,14.6,8.8,20.7,0.0,0.0334,0.0185,0.6,0.0028,43.0,21.0
2024-11-13,동작구,2838,100464,12.5,6.1,21.2,0.0,0.0337,0.0186,0.54,0.0028,36.0,21.0
2024-11-13,마포구,7142,271587,14.7,10.2,19.6,0.0,0.0357,0.0182,0.53,0.0031,40.0,20.0
2024-11-13,서대문구,2762,104423,13.8,8.0,19.9,0.0,0.0211,0.033,0.61,0.0035,32.0,16.0
2024-11-13,서초구,4700,157495,13.8,8.3,20.8,0.0,0.0273,0.0156,0.48,0.0024,44.0,23.0
2024-11-13,성동구,6011,139472,14.9,10.0,20.9,0.0,0.0339,0.0181,0.48,0.0035,39.0,19.0
2024-11-13,성북구,3365,54493,14.1,8.7,19.5,0.0,,,,,,
2024-11-13,송파구,14111,212488,15.3,9.8,20.6,0.0,0.0345,0.0143,0.51,0.0028,39.0,20.0
2024-11-13,양천구,10416,38260,15.1,10.0,20.4,0.0,0.0343,0.0149,0.52,0.0029,43.0,23.0
2024-11-13,영등포구,14513,346388,15.7,11.1,21.4,0.0,0.0378,0.0184,0.52,0.0032,39.0,24.0
2024-11-13,용산구,2800,0,14.0,8.9,20.5,0.0,0.0384,0.016,0.6,0.0028,44.0,22.0
2024-11-13,은평구,3573,133335,11.0,3.8,20.1,0.0,0.0226,0.0201,0.65,0.0031,35.0,17.0
2024-11-13,종로구,5476,262848,14.1,9.3,21.0,0.0,0.0331,0.02,0.57,0.0038,41.0,24.0
2024-11-13,중구,4041,291066,13.5,9.1,19.1,0.0,0.0212,0.0191,0.53,0.0034,34.0,22.0
2024-11-13,중랑구,4613,96325,14.7,9.0,20.4,0.0,0.0234,0.0288,0.61,0.0027,35.0,19.0
2024-11-14,강남구,4356,407635,15.2,12.7,17.4,0.0,0.0331,0.0125,0.42,0.0027,32.0,18.0
2024-11-14,강동구,5858,95860,14.4,12.2,16.3,0.0,0.0281,0.0157,0.5,0.0028,33.0,19.0
2024-11-14,강북구,1759,49894,13.6,11.5,16.3,0.0,0.0194,0.0198,0.39,0.0024,28.0,15.0
2024-11-14,강서구,17968,191601,15.2,12.1,17.6,0.0,0.0406,0.0101,0.64,0.0036,38.0,19.0
2024-11-14,관악구,2752,162386,14.1,12.1,16.3,0.0,0.0394,0.0104,0.52,0.0033,35.0,18.0
2024-11-14,광진구,6281,66567,15.1,13.6,17.0,0.0,0.026,0.0186,0.51,0.0028,30.0,15.0
2024-11-14,구로구,5774,132141,15.2,12.3,17.9,0.0,0.0274,0.0104,0.43,0.0022,,18.0
2024-11-14,금천구,2888,103025,15.6,13.8,17.6,0.0,0.0325,0.0148,0.44,0.0031,29.0,19.0
2024-11-14,노원구,7748,157410,13.2,9.3,16.7,0.0,0.0305,0.0137,0.5,0.0033,33.0,17.0
2024-11-14,도봉구,2819,97807,14.1,12.1,16.8,0.0,0.0274,0.018,0.56,0.0032,29.0,16.0
2024-11-14,동대문구,4312,111671,15.0,13.3,16.9,0.0,0.0337,0.0118,0.5,0.0028,36.0,17.0
2024-11-14,동작구,2229,97196,14.4,10.8,17.8,0.0,0.0351,0.0126,0.48,0.0028,34.0,18.0
2024-11-14,마포구,6020,271565,14.9,13.7,16.6,0.0,0.0324,0.0154,0.48,0.0032,36.0,19.0
2024-11-14,서대문구,2479,103651,14.8,12.8,16.6,0.0,0.0248,0.0223,0.55,0.0029,33.0,14.0
2024-11-14,서초구,3876,160887,15.0,11.9,17.2,0.0,0.0245,0.0133,0.38,0.0023,34.0,17.0
2024-11-14,성동구,5243,137776,15.3,13.8,16.9,0.0,0.03,0.015,0.41,0.0036,33.0,15.0
2024-11-14,성북구,2773,52842,14.4,13.0,16.1,0.0,,,,,,
2024-11-14,송파구,11990,205482,15.5,14.0,17.2,0.0,0.0338,0.0114,0.43,0.0028,34.0,17.0
2024-11-14,양천구,8503,37105,15.8,14.2,17.2,0.0,0.0361,0.0082,0.46,0.0028,36.0,18.0
2024-11-14,영등포구,12287,338845,16.1,14.9,17.5,0.0,0.0382,0.0111,0.5,0.0029,37.0,19.0
2024-11-14,용산구,2153,0,15.4,13.7,17.2,0.0,0.038,0.011,0.49,0.0027,36.0,16.0
2024-11-14,은평구,3227,127990,14.0,10.0,17.2,0.0,0.0223,0.0175,0.63,0.0031,31.0,15.0
2024-11-14,종로구,4622,251467,14.5,12.8,16.2,0.0,0.0329,0.0138,0.5,0.0037,34.0,18.0
2024-11-14,중구,3280,285234,13.5,12.3,15.1,0.0,0.0228,0.0132,0.48,0.0035,31.0,19.0
2024-11-14,중랑구,3838,94281,15.0,13.7,16.6,0.0,0.0256,0.0196,0.56,0.0027,31.0,15.0
2024-11-15,강남구,5081,417331,16.9,13.6,22.0,0.0,0.0268,0.0172,0.4,0.0025,26.0,16.0
2024-11-15,강동구,6615,98256,16.6,13.3,21.1,0.0,0.0236,0.0201,0.53,0.0027,27.0,18.0
2024-11-15,강북구,2076,50899,15.4,12.0,20.3,0.0,0.0196,0.0197,0.41,0.0024,27.0,16.0
2024-11-15,강서구,20502,197150,17.4,13.5,21.4,0.0,0.0263,0.0207,0.47,0.0033,33.0,20.0
2024-11-15,관악구,2938,171056,15.7,11.9,20.9,0.5,0.0277,0.0181,0.43,0.003,28.0,17.0
2024-11-15,광진구,7202,69773,17.2,14.1,21.5,0.0,0.0245,0.0209,0.54,0.0028,26.0,15.0
2024-11-15,구로구,6394,134775,17.5,13.8,22.8,0.0,0.0193,0.0198,0.35,0.0021,28.0,15.0
2024-11-15,금천구,3010,101922,17.3,13.4,21.5,0.0,0.0243,0.0211,0.4,0.0028,24.0,17.0
2024-11-15,노원구,9437,165346,15.4,11.4,21.3,0.0,0.0262,0.0163,0.47,0.003,32.0,15.0
2024-11-15,도봉구,3349,101439,16.2,12.7,23.6,0.0,0.0264,0.0185,0.53,0.003,28.0,17.0
2024-11-15,동대문구,4721,114383,17.2,13.7,21.3,0.0,0.0264,0.0181,0.48,0.0027,30.0,16.0
2024-11-15,동작구,2643,103727,16.3,12.4,22.3,0.0,0.03,0.0131,0.43,0.0026,27.0,16.0
2024-11-15,마포구,7375,291462,16.7,14.0,19.9,0.0,0.0252,0.0211,0.4,0.0029,28.0,15.0
2024-11-15,서대문구,2843,105161,16.7,12.8,20.2,0.0,0.0201,0.0286,0.47,0.0026,25.0,14.0
2024-11-15,서초구,4578,177274,16.9,13.1,20.5,0.0,0.0193,0.0178,0.35,0.0023,28.0,17.0
2024-11-15,성동구,6005,144798,17.2,14.1,21.6,0.0,0.0279,0.0164,0.4,0.0031,29.0,15.0
2024-11-15,성북구,3164,53155,16.4,13.0,20.3,0.0,,,,,,
2024-11-15,송파구,13675,211143,17.6,13.8,22.1,0.0,0.0289,0.0132,0.43,0.0026,29.0,18.0
2024-11-15,양천구,9805,37878,17.4,14.3,21.1,0.0,0.0234,0.0171,0.36,0.0024,25.0,14.0
2024-11-15,영등포구,14330,347505,17.7,14.8,21.7,0.0,0.0275,0.0195,0.4,0.0027,30.0,18.0
2024-11-15,용산구,2879,0,17.1,14.2,21.4,0.0,0.0288,0.0164,0.44,0.0024,29.0,16.0
2024-11-15,은평구,3896,132814,15.8,11.5,21.1,0.0,0.0208,0.0179,0.65,0.003,28.0,15.0
2024-11-15,종로구,5293,265067,16.5,13.1,21.4,0.0,0.0282,0.0174,0.49,0.0035,29.0,18.0
2024-11-15,중구,3919,295997,15.2,12.6,18.8,0.0,0.0206,0.0172,0.47,0.0034,26.0,18.0
2024-11-15,중랑구,4408,97781,17.3,14.1,21.1,0.0,0.0189,0.0253,0.53,0.0026,26.0,15.0
2024-11-16,강남구,2552,257164,17.6,14.5,23.1,4.0,0.0181,0.0293,0.35,0.0026,21.0,14.0
2024-11-16,강동구,3802,68312,17.3,14.8,22.7,3.0,0.0202,0.0282,0.54,0.0027,24.0,18.0
2024-11-16,강북구,1197,41256,16.0,12.9,22.0,5.5,0.0147,0.0304,0.37,0.0024,20.0,14.0
2024-11-16,강서구,8776,139010,17.4,14.2,22.7,4.5,0.0176,0.0314,0.37,0.003,20.0,12.0
2024-11-16,관악구,1776,139548,16.6,13.8,21.2,6.0,0.0166,0.0322,0.35,0.0029,23.0,13.0
2024-11-16,광진구,3945,69760,17.7,15.4,23.2,3.0,0.0196,0.0301,0.54,0.003,23.0,14.0
2024-11-16,구로구,2967,92157,17.5,14.5,22.9,5.0,0.0124,0.0321,0.3,0.0022,22.0,13.0
2024-11-16,금천구,1074,43521,17.6,14.8,22.3,7.5,0.0131,0.0374,0.36,0.0026,19.0,15.0
2024-11-16,노원구,5442,125991,16.2,10.8,23.5,3.5,0.0235,0.0221,0.48,0.0031,26.0,14.0
2024-11-16,도봉구,1911,79571,16.7,13.6,23.4,4.0,0.0173,0.0325,0.49,0.003,20.0,12.0
2024-11-16,동대문구,2582,88001,17.4,14.6,23.5,4.0,0.0222,0.025,0.47,0.0028,25.0,14.0
2024-11-16,동작구,1601,80846,17.3,12.3,22.8,5.5,0.0159,0.0327,0.33,0.0025,21.0,13.0
2024-11-16,마포구,3571,249827,16.6,13.5,22.7,5.5,0.0169,0.0314,0.34,0.0029,20.0,11.0
2024-11-16,서대문구,1496,89326,16.2,12.8,22.6,6.5,0.0154,0.035,0.49,0.0028,20.0,12.0
2024-11-16,서초구,2376,153188,17.4,14.9,23.2,4.0,0.0124,0.0338,0.3,0.0023,22.0,14.0
2024-11-16,성동구,2805,104850,17.3,14.7,22.8,4.0,0.0207,0.0267,0.36,0.0031,23.0,11.0
2024-11-16,성북구,1797,38514,16.4,14.0,21.4,5.5,,,,,,
2024-11-16,송파구,7965,145600,18.1,15.3,22.8,3.0,0.0198,0.0251,0.36,0.0027,22.0,12.0
2024-11-16,양천구,5414,26985,17.4,14.6,22.6,5.0,0.0146,0.0279,0.3,0.0023,19.0,12.0
2024-11-16,영등포구,6403,246624,17.7,14.8,23.4,4.5,0.0181,0.0314,0.34,0.0027,23.0,14.0
2024-11-16,용산구,1553,0,17.6,15.3,22.5,4.5,0.0195,0.0264,0.39,0.0024,23.0,13.0
2024-11-16,은평구,1990,100189,16.7,13.5,21.4,7.0,0.013,0.0277,0.63,0.0032,21.0,12.0
2024-11-16,종로구,2216,233716,16.9,13.9,22.8,5.5,0.0218,0.0262,0.42,0.0035,25.0,15.0
2024-11-16,중구,1437,213994,15.6,12.4,22.3,5.5,0.0148,0.0269,0.39,0.0034,21.0,13.0
2024-11-16,중랑구,2473,72665,17.5,15.3,22.8,4.0,0.0181,0.0315,0.53,0.0026,22.0,14.0
2024-11-17,강남구,2322,160515,8.3,4.2,15.5,0.0,0.0068,0.0305,0.31,0.0026,18.0,10.0
2024-11-17,강동구,3829,49611,8.3,3.4,15.1,0.0,0.0055,0.0335,0.43,0.0029,22.0,11.0
2024-11-17,강북구,1172,31669,7.4,3.3,14.3,0.0,0.004,0.034,0.28,0.0023,19.0,9.0
2024-11-17,강서구,8133,106436,7.8,4.2,14.3,0.0,0.0071,0.0318,0.28,0.0027,18.0,7.0
2024-11-17,관악구,1958,102791,6.5,3.0,13.9,0.0,0.0075,0.0307,0.28,0.0027,21.0,8.0
2024-11-17,광진구,3855,44942,8.2,4.0,15.3,0.0,0.0057,0.0356,0.42,0.0029,19.0,10.0
2024-11-17,구로구,3074,67877,7.4,3.3,14.5,0.0,0.0055,0.0301,0.26,0.0025,23.0,8.0
2024-11-17,금천구,1001,31384,7.6,4.1,14.8,0.0,0.008,0.0305,0.26,0.0027,17.0,10.0
2024-11-17,노원구,5515,93849,8.2,3.0,15.2,0.0,0.006,0.031,0.3,0.0026,21.0,9.0
2024-11-17,도봉구,1909,62279,8.0,3.3,15.0,0.0,0.0052,0.0372,0.33,0.003,17.0,8.0
2024-11-17,동대문구,2593,69017,8.1,3.8,15.1,0.0,0.0058,0.0308,0.32,0.0022,19.0,9.0
2024-11-17,동작구,1425,55082,8.0,3.7,15.3,0.0,0.007,0.031,0.29,0.0025,20.0,11.0
2024-11-17,마포구,3754,195279,6.4,2.2,13.5,0.0,0.0081,0.029,0.29,0.0027,18.0,8.0
2024-11-17,서대문구,1592,64114,6.1,0.6,12.8,0.0,0.0065,0.0336,0.28,0.0024,19.0,9.0
2024-11-17,서초구,2129,127967,7.8,3.6,14.9,0.0,0.0054,0.0324,0.26,0.0025,23.0,10.0
2024-11-17,성동구,2557,77844,7.8,3.9,14.7,0.0,0.0062,0.0299,0.29,0.0025,18.0,9.0
2024-11-17,성북구,1787,27979,7.0,2.8,13.9,0.0,,,,,,
2024-11-17,송파구,7561,116678,8.3,4.1,15.3,0.0,0.0088,0.0261,0.31,0.0025,21.0,11.0
2024-11-17,양천구,5224,19635,7.6,4.1,14.6,0.0,0.0064,0.0268,0.25,0.0023,18.0,9.0
2024-11-17,영등포구,6362,182864,7.8,3.8,14.7,0.0,0.0072,0.0313,0.27,0.0026,18.0,8.0
2024-11-17,용산구,1513,0,7.9,3.5,15.2,0.0,0.0069,0.0269,0.33,0.0022,21.0,8.0
2024-11-17,은평구,2097,75262,6.3,0.2,13.5,0.0,0.0063,0.0246,0.49,0.0033,21.0,8.0
2024-11-17,종로구,2183,158847,6.0,1.8,13.9,0.0,0.0054,0.0322,0.29,0.0028,20.0,10.0
2024-11-17,중구,1289,163939,5.1,1.3,12.5,0.0,0.0041,0.0296,0.29,0.0032,16.0,9.0
2024-11-17,중랑구,2568,53476,8.3,3.9,15.4,0.0,0.0068,0.0334,0.44,0.0027,20.0,10.0
2024-11-18,강남구,3480,395629,4.1,1.8,8.6,0.0,0.0112,0.0275,0.26,0.0026,14.0,7.0
2024-11-18,강동구,4614,94746,3.7,1.1,8.3,0.0,0.0107,0.0288,0.4,0.0033,17.0,7.0
2024-11-18,강북구,1383,48564,2.2,-0.9,6.9,0.0,0.0052,0.0306,0.24,0.002,16.0,7.0
2024-11-18,강서구,14926,187592,3.8,1.3,7.8,0.0,0.0116,0.0272,0.26,0.0026,17.0,6.0
2024-11-18,관악구,2063,155657,1.3,-1.7,6.5,0.0,0.0142,0.0236,0.28,0.0024,19.0,8.0
2024-11-18,광진구,4979,63956,3.8,1.8,7.5,0.0,0.01,0.0322,0.32,0.0023,15.0,6.0
2024-11-18,구로구,4909,128358,3.4,0.7,8.2,0.0,0.0092,0.0258,0.23,0.0025,22.0,6.0
2024-11-18,금천구,2355,101956,4.0,1.8,7.3,0.0,0.014,0.0244,0.25,0.0024,15.0,10.0
2024-11-18,노원구,6509,155950,1.8,-3.5,7.8,0.0,0.0093,0.028,0.25,0.0027,18.0,7.0
2024-11-18,도봉구,2221,93381,3.4,-0.8,12.3,0.0,0.0087,0.0346,0.34,0.0028,16.0,6.0
2024-11-18,동대문구,3330,106327,3.7,1.4,7.4,0.0,0.0096,0.0276,0.28,0.002,16.0,5.0
2024-11-18,동작구,1749,94136,3.2,-1.0,8.3,0.0,0.0149,0.0236,0.28,0.0023,18.0,9.0
2024-11-18,마포구,4392,261088,2.6,-0.1,5.7,0.0,0.0154,0.0222,0.27,0.0026,17.0,7.0
2024-11-18,서대문구,1934,98418,1.8,-2.1,7.0,0.0,0.0105,0.0293,0.32,0.0031,16.0,7.0
2024-11-18,서초구,3078,148230,3.7,0.9,7.3,0.0,0.0104,0.026,0.24,0.0025,22.0,7.0
2024-11-18,성동구,4047,131944,4.0,1.4,8.1,0.0,0.01,0.0272,0.25,0.0026,14.0,5.0
2024-11-18,성북구,2134,50860,2.9,0.6,6.9,0.0,0.0136,0.0244,0.41,0.0035,22.0,5.0
2024-11-18,송파구,9467,201713,4.3,1.9,8.4,0.0,0.0118,0.0241,0.26,0.0024,16.0,6.0
2024-11-18,양천구,6800,36379,3.8,1.7,7.2,0.0,0.012,0.0221,0.25,0.0024,17.0,7.0
2024-11-18,영등포구,9827,327273,4.0,1.4,7.3,0.0,0.0163,0.0228,0.25,0.0025,18.0,7.0
2024-11-18,용산구,1642,0,3.8,1.1,7.5,0.0,0.0118,0.0235,0.29,0.002,19.0,7.0
2024-11-18,은평구,2444,125115,0.7,-3.3,7.3,0.0,0.0095,0.0223,0.38,0.0034,16.0,6.0
2024-11-18,종로구,3839,236021,2.3,-0.6,6.8,0.0,0.0099,0.0287,0.27,0.0025,15.0,7.0
2024-11-18,중구,2694,278588,1.4,-1.2,5.8,0.0,0.0066,0.0229,0.25,0.003,13.0,7.0
2024-11-18,중랑구,3052,92182,3.9,1.6,7.4,0.0,0.0111,0.0287,0.37,0.0027,16.0,7.0
2024-11-19,강남구,4189,409828,5.6,0.1,11.7,0.0,0.0262,0.0153,0.33,0.0023,21.0,11.0
2024-11-19,강동구,5169,96557,6.2,1.3,11.3,0.0,0.0279,0.0154,0.53,0.003,21.0,12.0
2024-11-19,강북구,1538,50014,3.7,-1.6,10.1,0.0,0.0225,0.0146,0.37,0.002,21.0,11.0
2024-11-19,강서구,16713,191080,5.2,-0.8,10.8,0.0,0.0329,0.0101,0.42,0.003,29.0,12.0
2024-11-19,관악구,2369,160726,3.2,-1.4,10.1,0.0,0.0321,0.012,0.37,0.0023,26.0,12.0
2024-11-19,광진구,5555,65142,6.6,1.7,10.8,0.0,0.0227,0.0221,0.46,0.0021,20.0,10.0
2024-11-19,구로구,5409,130952,5.9,0.2,11.4,0.0,0.0234,0.0123,0.32,0.0023,29.0,12.0
2024-11-19,금천구,2621,102667,6.2,2.3,10.9,0.0,0.0352,0.0094,0.4,0.0026,22.0,16.0
2024-11-19,노원구,7456,158820,2.8,-4.5,11.2,0.0,0.0301,0.0116,0.42,0.0029,28.0,15.0
2024-11-19,도봉구,2530,97159,4.0,-2.1,12.8,0.0,0.0309,0.0141,0.54,0.0028,29.0,14.0
2024-11-19,동대문구,3854,109398,6.2,0.9,11.1,0.0,0.029,0.0122,0.42,0.002,28.0,12.0
2024-11-19,동작구,2017,97819,4.2,-1.8,12.0,0.0,0.0335,0.0107,0.39,0.0024,24.0,13.0
2024-11-19,마포구,5227,266507,5.8,2.1,10.4,0.0,0.029,0.0141,0.35,0.0027,23.0,11.0
2024-11-19,서대문구,2139,102661,5.2,-0.6,11.0,0.0,0.0218,0.0233,0.43,0.003,20.0,10.0
2024-11-19,서초구,3593,157728,5.6,-0.4,10.8,0.0,0.0224,0.0132,0.29,0.0022,29.0,14.0
2024-11-19,성동구,4666,135447,6.5,2.2,11.3,0.0,0.0296,0.0127,0.34,0.0024,23.0,10.0
2024-11-19,성북구,2451,52615,5.5,0.8,10.8,0.0,0.0295,0.0106,0.54,0.0034,26.0,12.0
2024-11-19,송파구,10948,209943,6.8,2.4,11.0,0.0,0.036,0.007,0.42,0.0025,28.0,13.0
2024-11-19,양천구,7707,37436,6.8,2.6,10.8,0.0,0.032,0.0124,0.38,0.0026,24.0,13.0
2024-11-19,영등포구,11104,338487,6.8,3.2,10.9,0.0,0.0309,0.0133,0.34,0.0026,23.0,12.0
2024-11-19,용산구,2028,0,6.3,1.7,10.6,0.0,0.0303,0.013,0.37,0.002,27.0,12.0
2024-11-19,은평구,2657,127916,2.3,-3.8,10.7,0.0,0.0268,0.0102,0.49,0.0033,23.0,10.0
2024-11-19,종로구,4312,245159,5.1,0.7,10.4,0.0,0.0287,0.0135,0.39,0.0027,26.0,13.0
2024-11-19,중구,3140,285474,4.3,0.5,9.3,0.0,0.0178,0.011,0.36,0.003,19.0,12.0
2024-11-19,중랑구,3355,94468,6.4,1.6,11.3,0.0,0.0286,0.0133,0.46,0.0023,22.0,12.0
2024-11-20,강남구,4076,413258,6.8,2.1,10.9,0.0,0.0391,0.0055,0.53,0.0028,37.0,24.0
2024-11-20,강동구,5210,98455,6.3,2.3,9.3,0.0,0.0403,0.0046,0.72,0.0034,43.0,27.0
2024-11-20,강북구,1567,50948,4.9,0.5,8.7,0.0,0.0326,0.007,0.52,0.0025,34.0,21.0
2024-11-20,강서구,16986,192994,6.6,2.0,11.0,0.0,0.0418,0.0057,0.59,0.0036,42.0,24.0
2024-11-20,관악구,2074,164257,4.9,0.3,9.3,0.5,0.0413,0.0063,0.6,0.0026,40.0,24.0
2024-11-20,광진구,5773,66081,7.2,3.9,10.3,0.0,0.0411,0.005,0.67,0.0026,36.0,21.0
2024-11-20,구로구,4796,131675,6.3,2.0,10.1,0.0,0.0293,0.0058,0.5,0.0026,47.0,28.0
2024-11-20,금천구,2322,102231,6.8,3.2,10.0,0.5,0.0414,0.0041,0.62,0.0029,38.0,27.0
2024-11-20,노원구,7814,161350,3.7,-2.3,9.2,0.0,0.0419,0.0049,0.63,0.0034,40.0,23.0
2024-11-20,도봉구,2654,97718,4.9,0.4,8.9,0.0,0.0414,0.0068,0.71,0.0032,35.0,21.0
2024-11-20,동대문구,3979,112360,6.7,3.3,9.9,0.0,0.0403,0.0044,0.61,0.0024,41.0,22.0
2024-11-20,동작구,1865,98298,5.7,0.3,10.9,0.0,0.0392,0.0066,0.53,0.0026,37.0,23.0
2024-11-20,마포구,5280,269240,6.7,3.1,11.0,0.0,0.0415,0.0045,0.54,0.0031,37.0,27.0
2024-11-20,서대문구,2090,103137,6.0,1.4,10.6,0.0,0.0401,0.006,0.8,0.0044,38.0,23.0
2024-11-20,서초구,3372,159239,6.3,1.6,10.8,0.0,0.0309,0.005,0.49,0.0024,47.0,27.0
2024-11-20,성동구,4653,136270,7.5,4.4,10.0,0.0,0.0391,0.0061,0.5,0.0029,38.0,20.0
2024-11-20,성북구,2577,54411,5.9,2.1,9.3,0.0,0.041,0.0035,0.73,0.0038,42.0,23.0
2024-11-20,송파구,10894,210692,7.6,4.3,10.5,0.0,0.0429,0.0039,0.52,0.0029,36.0,20.0
2024-11-20,양천구,7324,37514,7.5,4.0,10.4,0.0,0.042,0.0051,0.59,0.003,42.0,27.0
2024-11-20,영등포구,10583,343594,7.8,4.7,10.4,0.0,0.041,0.0058,0.52,0.0029,39.0,25.0
2024-11-20,용산구,2010,0,7.0,2.7,10.4,0.0,0.0453,0.0046,0.6,0.003,38.0,22.0
2024-11-20,은평구,2804,129248,4.3,-2.2,9.5,0.0,0.0343,0.0059,0.59,0.0033,39.0,19.0
2024-11-20,종로구,4595,253211,5.6,1.5,9.8,0.5,0.0404,0.0054,0.6,0.0034,41.0,23.0
2024-11-20,중구,3385,295728,5.7,2.9,8.3,0.0,0.0217,0.003,0.58,0.0035,34.0,25.0
2024-11-20,중랑구,3441,95199,6.8,3.1,9.5,0.0,0.0381,0.0059,0.53,0.0025,36.0,23.0
2024-11-21,강남구,3838,415995,9.9,6.0,14.3,0.5,0.0319,0.0134,0.57,0.0029,53.0,37.0
2024-11-21,강동구,5474,96701,9.5,5.7,13.7,0.0,0.0348,0.0123,0.77,0.0032,60.0,44.0
2024-11-21,강북구,1623,50757,8.8,4.5,13.6,0.0,0.0257,0.0198,0.59,0.0028,51.0,33.0
2024-11-21,강서구,17391,192845,10.6,6.7,15.1,0.0,0.0294,0.0192,0.61,0.0035,54.0,34.0
2024-11-21,관악구,2247,165449,8.6,5.2,12.2,1.5,0.0357,0.0122,0.65,0.0031,59.0,38.0
2024-11-21,광진구,5932,66203,10.0,6.4,14.6,0.0,0.0349,0.0141,0.76,0.0028,50.0,35.0
2024-11-21,구로구,5096,129986,9.9,5.7,15.0,1.5,0.0238,0.0139,0.53,0.0027,65.0,43.0
2024-11-21,금천구,2486,101943,9.9,6.7,13.7,1.5,0.0322,0.0128,0.6,0.0035,53.0,41.0
2024-11-21,노원구,8092,159196,9.3,2.2,14.7,0.0,0.0324,0.0168,0.63,0.0032,57.0,36.0
2024-11-21,도봉구,2612,97405,9.1,4.3,14.1,0.0,0.0305,0.023,0.72,0.0034,53.0,37.0
2024-11-21,동대문구,4093,112324,10.0,5.8,14.0,0.0,0.0304,0.0167,0.66,0.0027,59.0,36.0
2024-11-21,동작구,1950,98918,8.9,4.1,14.7,3.0,0.0309,0.0144,0.56,0.0028,55.0,35.0
2024-11-21,마포구,5552,275244,9.8,6.7,14.7,0.0,0.0318,0.0177,0.6,0.0033,48.0,37.0
2024-11-21,서대문구,2324,103821,9.2,5.1,14.6,0.0,0.0313,0.0212,0.78,0.0039,52.0,36.0
2024-11-21,서초구,3328,161571,9.4,5.5,14.5,0.5,0.0257,0.0131,0.51,0.0024,65.0,45.0
2024-11-21,성동구,4851,138852,10.2,6.9,14.3,0.0,0.0349,0.0121,0.58,0.0031,57.0,33.0
2024-11-21,성북구,2612,53659,9.3,5.6,13.8,0.0,0.0286,0.0156,0.7,0.0036,54.0,33.0
2024-11-21,송파구,10593,211215,10.1,6.8,14.4,1.0,0.0337,0.0113,0.56,0.003,47.0,30.0
2024-11-21,양천구,7627,37872,10.4,7.4,14.1,0.5,0.0337,0.0154,0.64,0.0032,58.0,38.0
2024-11-21,영등포구,10974,343119,10.6,7.7,14.2,0.5,0.0333,0.0151,0.58,0.0032,53.0,37.0
2024-11-21,용산구,2141,0,10.2,6.0,14.1,0.0,0.0375,0.0107,0.68,0.0033,49.0,34.0
2024-11-21,은평구,2907,129204,8.6,4.0,13.9,0.0,0.0265,0.0166,0.71,0.0034,59.0,32.0
2024-11-21,종로구,4700,252283,8.8,5.2,13.2,1.0,0.0316,0.0175,0.64,0.0038,55.0,35.0
2024-11-21,중구,3353,290607,8.5,5.4,13.4,0.0,0.0157,0.0169,0.62,0.0038,48.0,36.0
2024-11-21,중랑구,3603,94275,10.0,6.4,13.7,0.0,0.0321,0.0155,0.59,0.0027,54.0,38.0
2024-11-22,강남구,4175,426320,7.5,4.1,11.8,0.0,0.0151,0.0283,0.39,0.0031,33.0,20.0
2024-11-22,강동구,5441,99048,7.2,4.5,11.5,0.0,0.0168,0.0296,0.58,0.0036,36.0,22.0
2024-11-22,강북구,1567,51156,5.5,1.4,10.0,0.0,0.0097,0.0315,0.36,0.0029,32.0,20.0
2024-11-22,강서구,17025,199031,7.1,2.7,11.3,0.0,0.0183,0.0238,0.37,0.0034,36.0,17.0
2024-11-22,관악구,2406,173949,4.5,0.1,9.5,0.0,0.02,0.0239,0.4,0.0032,37.0,19.0
2024-11-22,광진구,5494,69839,7.8,5.2,11.3,0.0,0.0141,0.0344,0.56,0.003,32.0,19.0
2024-11-22,구로구,5460,132537,6.9,3.3,10.7,0.0,0.0138,0.0227,0.33,0.003,40.0,19.0
2024-11-22,금천구,2630,101091,7.4,5.3,10.8,0.0,0.0222,0.0206,0.37,0.0035,34.0,23.0
2024-11-22,노원구,7831,164106,4.5,-1.8,11.5,0.0,0.0152,0.0287,0.38,0.0032,38.0,22.0
2024-11-22,도봉구,2731,99996,6.7,1.3,15.1,0.0,0.0136,0.0356,0.48,0.0038,31.0,18.0
2024-11-22,동대문구,4031,113667,7.5,4.3,10.7,0.0,0.0121,0.0297,0.41,0.0026,35.0,19.0
2024-11-22,동작구,1998,103255,6.1,0.4,11.4,0.0,0.0191,0.0248,0.39,0.003,34.0,20.0
2024-11-22,마포구,5283,293104,6.2,3.7,9.3,0.0,0.0185,0.0245,0.38,0.0032,33.0,20.0
2024-11-22,서대문구,2221,105598,5.1,2.0,10.2,0.0,0.0155,0.0302,0.45,0.0036,32.0,18.0
2024-11-22,서초구,3579,175050,7.0,3.0,10.8,0.0,0.0132,0.0257,0.34,0.003,39.0,20.0
2024-11-22,성동구,4686,148501,7.7,5.4,11.3,0.0,0.014,0.0253,0.38,0.0027,33.0,18.0
2024-11-22,성북구,2457,53567,6.4,3.1,10.3,0.0,0.0132,0.0267,0.44,0.0038,31.0,17.0
2024-11-22,송파구,11010,214764,8.1,5.8,11.4,0.0,0.0175,0.0242,0.38,0.003,34.0,19.0
2024-11-22,양천구,8102,38564,7.4,5.0,10.4,0.0,0.0209,0.0221,0.4,0.0032,33.0,19.0
2024-11-22,영등포구,11188,353995,7.7,5.5,10.5,0.0,0.02,0.0233,0.36,0.0031,31.0,18.0
2024-11-22,용산구,2145,0,7.3,3.9,10.7,0.0,0.0161,0.0237,0.43,0.003,36.0,19.0
2024-11-22,은평구,2829,131526,2.9,-1.5,10.2,0.0,0.0146,0.0224,0.48,0.0037,35.0,17.0
2024-11-22,종로구,4535,262396,5.7,2.8,10.0,0.0,0.0124,0.0302,0.38,0.0033,34.0,21.0
2024-11-22,중구,3125,297903,5.2,2.6,9.0,0.0,0.0107,0.0285,0.36,0.0037,31.0,21.0
2024-11-22,중랑구,3456,97695,7.6,5.5,10.5,0.0,0.0157,0.0299,0.39,0.0029,34.0,22.0
2024-11-23,강남구,2960,261026,6.1,0.9,13.2,0.0,0.025,0.0154,0.37,0.0026,22.0,14.0
2024-11-23,강동구,4221,68410,6.5,1.5,11.9,0.0,0.0249,0.0169,0.6,0.003,23.0,15.0
2024-11-23,강북구,1368,40900,4.7,-0.2,11.6,0.0,0.0135,0.0233,0.32,0.0021,17.0,11.0
2024-11-23,강서구,10890,139863,5.9,0.1,12.9,0.0,0.0249,0.016,0.4,0.0029,29.0,13.0
2024-11-23,관악구,2196,142503,5.1,0.0,11.4,0.0,0.031,0.0143,0.47,0.0027,26.0,14.0
2024-11-23,광진구,4482,61774,7.5,3.0,12.3,0.0,0.0186,0.0243,0.46,0.0021,18.0,10.0
2024-11-23,구로구,3767,93318,6.7,1.4,13.6,0.0,0.0212,0.0139,0.36,0.0023,29.0,14.0
2024-11-23,금천구,1420,43842,7.5,4.0,11.9,0.0,0.0297,0.0131,0.43,0.0028,22.0,16.0
2024-11-23,노원구,6351,124834,2.9,-3.9,12.0,0.0,0.0253,0.0149,0.43,0.0031,24.0,15.0
2024-11-23,도봉구,2212,79752,4.9,-0.7,15.9,0.0,0.0174,0.0262,0.48,0.003,19.0,11.0
2024-11-23,동대문구,2952,89186,6.9,2.3,11.8,0.0,0.025,0.0154,0.46,0.002,27.0,14.0
2024-11-23,동작구,1829,83470,4.4,-1.0,13.3,0.0,0.0326,0.013,0.48,0.0025,23.0,14.0
2024-11-23,마포구,4339,253167,7.2,3.2,11.4,0.0,0.0252,0.0165,0.38,0.0027,23.0,14.0
2024-11-23,서대문구,1763,88495,6.0,1.4,11.9,0.0,0.0199,0.0226,0.63,0.0046,16.0,9.0
2024-11-23,서초구,2677,150428,6.2,0.8,12.5,0.0,0.0208,0.0148,0.37,0.0024,30.0,16.0
2024-11-23,성동구,3254,120897,7.6,3.3,12.6,0.0,0.0239,0.0148,0.37,0.0022,23.0,13.0
2024-11-23,성북구,1926,39237,6.3,2.2,11.7,0.0,0.0202,0.0172,0.45,0.0033,20.0,11.0
2024-11-23,송파구,8838,143316,8.0,3.7,12.3,0.0,0.024,0.0165,0.39,0.0023,23.0,13.0
2024-11-23,양천구,6506,26924,7.6,3.4,12.3,0.0,0.0293,0.0142,0.44,0.0025,25.0,16.0
2024-11-23,영등포구,7682,246246,8.2,4.0,13.0,0.0,0.0285,0.0146,0.36,0.0025,24.0,14.0
2024-11-23,용산구,1882,0,6.4,1.6,12.5,0.0,0.0282,0.0133,0.5,0.003,28.0,13.0
2024-11-23,은평구,2484,100003,3.0,-3.1,12.7,0.0,0.0211,0.0142,0.43,0.003,18.0,8.0
2024-11-23,종로구,2721,219986,5.9,2.2,11.3,0.0,0.0239,0.0175,0.4,0.0027,25.0,15.0
2024-11-23,중구,1926,214110,5.6,2.2,9.2,0.0,0.0167,0.0154,0.37,0.003,18.0,13.0
2024-11-23,중랑구,2933,72943,7.1,2.7,12.1,0.0,0.0162,0.0231,0.31,0.0022,19.0,13.0
2024-11-24,강남구,2700,158775,6.9,1.8,14.2,0.0,0.019,0.0202,0.33,0.0022,13.0,9.0
2024-11-24,강동구,3785,50012,7.4,2.3,13.3,0.0,0.0247,0.0163,0.65,0.0029,20.0,14.0
2024-11-24,강북구,1252,33159,5.5,0.3,12.3,0.0,0.016,0.0214,0.35,0.0021,14.0,9.0
2024-11-24,강서구,9223,106853,6.4,1.0,13.1,0.0,0.0264,0.0148,0.46,0.0029,26.0,14.0
2024-11-24,관악구,1998,100580,4.9,0.7,12.5,0.0,0.0312,0.0134,0.48,0.0026,20.0,11.0
2024-11-24,광진구,4148,45941,8.4,3.8,13.5,0.0,0.0169,0.0256,0.49,0.0021,13.0,7.0
2024-11-24,구로구,3452,68322,7.9,2.2,14.7,0.0,0.0184,0.0172,0.34,0.002,21.0,10.0
2024-11-24,금천구,1170,32117,8.5,4.3,13.3,0.0,0.0298,0.0125,0.48,0.0029,16.0,14.0
2024-11-24,노원구,5775,91715,3.6,-2.8,13.4,0.0,0.0265,0.0148,0.46,0.0026,20.0,13.0
2024-11-24,도봉구,1881,62989,6.0,-0.4,16.1,0.0,0.0242,0.0206,0.58,0.0029,17.0,11.0
2024-11-24,동대문구,2688,66339,7.9,3.2,13.2,0.0,0.0272,0.0146,0.52,0.002,21.0,11.0
2024-11-24,동작구,1643,57815,5.6,0.2,14.8,0.0,0.0316,0.0123,0.46,0.0024,18.0,11.0
2024-11-24,마포구,4256,187501,8.0,4.5,12.7,0.0,0.0249,0.019,0.4,0.0025,15.0,11.0
2024-11-24,서대문구,1683,64862,7.3,2.5,13.4,0.0,0.0171,0.0274,0.48,0.0029,13.0,8.0
2024-11-24,서초구,2410,123667,7.1,1.4,13.1,0.0,0.0176,0.0174,0.34,0.0021,20.0,10.0
2024-11-24,성동구,2980,97771,8.5,4.3,14.0,0.0,0.023,0.0166,0.36,0.0021,15.0,9.0
2024-11-24,성북구,1830,29596,7.1,2.3,12.4,0.0,0.0262,0.0134,0.55,0.0033,17.0,10.0
2024-11-24,송파구,8215,103971,8.6,4.1,13.0,0.0,0.0289,0.0111,0.46,0.0024,18.0,11.0
2024-11-24,양천구,5916,19404,8.8,5.0,13.2,0.0,0.0296,0.0153,0.51,0.0025,20.0,13.0
2024-11-24,영등포구,6755,179008,9.1,5.7,13.8,0.0,0.0254,0.0179,0.35,0.0024,16.0,10.0
2024-11-24,용산구,1849,0,7.6,3.0,13.4,0.0,0.0272,0.0142,0.43,0.0025,18.0,9.0
2024-11-24,은평구,2159,73888,3.8,-1.8,12.8,0.0,0.0217,0.0147,0.55,0.003,14.0,6.0
2024-11-24,종로구,2599,153777,7.2,3.3,13.5,0.0,0.0246,0.0176,0.43,0.0026,16.0,11.0
2024-11-24,중구,1734,156844,6.7,3.1,11.0,0.0,0.017,0.0153,0.36,0.0027,13.0,8.0
2024-11-24,중랑구,2504,52842,8.0,3.4,13.3,0.0,0.019,0.0216,0.34,0.002,14.0,9.0
2024-11-25,강남구,4356,399303,10.5,2.9,16.6,0.0,0.0262,0.0148,0.37,0.0024,20.0,12.0
2024-11-25,강동구,5309,97618,10.2,3.0,15.1,0.0,0.0229,0.0185,0.59,0.003,24.0,13.0
2024-11-25,강북구,1656,49677,9.0,1.2,14.7,0.0,0.0204,0.0202,0.41,0.0023,18.0,11.0
2024-11-25,강서구,17483,192493,10.6,2.4,15.7,0.0,0.0298,0.0157,0.45,0.0028,25.0,12.0
2024-11-25,관악구,2501,158386,9.2,1.3,15.5,0.0,0.0304,0.0152,0.44,0.0029,25.0,14.0
2024-11-25,광진구,5539,64030,10.9,4.5,16.3,0.0,0.0195,0.024,0.47,0.0021,18.0,10.0
2024-11-25,구로구,5612,131085,11.4,3.8,17.0,0.0,0.021,0.0151,0.36,0.0022,27.0,13.0
2024-11-25,금천구,2725,103027,11.3,4.9,16.4,0.0,0.026,0.0189,0.42,0.0028,19.0,14.0
2024-11-25,노원구,7959,159402,8.7,-2.2,15.3,0.0,0.0256,0.0181,0.47,0.003,25.0,14.0
2024-11-25,도봉구,2710,96865,8.8,0.4,16.8,0.0,0.0242,0.0234,0.58,0.003,19.0,11.0
2024-11-25,동대문구,3986,109839,10.6,3.8,15.4,0.0,0.0256,0.017,0.45,0.0021,25.0,13.0
2024-11-25,동작구,2169,96791,9.9,0.6,16.4,0.0,0.029,0.0164,0.42,0.0025,24.0,14.0
2024-11-25,마포구,5543,263144,10.7,5.2,15.0,0.0,0.0257,0.0198,0.39,0.0026,21.0,12.0
2024-11-25,서대문구,2252,100133,10.3,3.4,14.9,0.0,0.0198,0.0266,0.48,0.0027,17.0,9.0
2024-11-25,서초구,3562,157988,10.7,2.9,15.8,0.0,0.0208,0.0164,0.36,0.0023,27.0,14.0
2024-11-25,성동구,4886,134189,10.7,4.9,15.3,0.0,0.0269,0.0149,0.37,0.0026,22.0,13.0
2024-11-25,성북구,2602,51861,10.0,3.4,14.3,0.0,0.0251,0.0154,0.47,0.0033,21.0,11.0
2024-11-25,송파구,11083,205521,11.1,4.6,16.4,0.0,0.027,0.015,0.44,0.0027,22.0,13.0
2024-11-25,양천구,8168,37007,11.3,6.1,15.8,0.0,0.0315,0.012,0.45,0.0025,23.0,14.0
2024-11-25,영등포구,11873,332674,11.5,6.2,15.8,0.0,0.03,0.0134,0.4,0.0024,23.0,14.0
2024-11-25,용산구,2131,0,10.6,4.2,15.8,0.0,0.0296,0.0143,0.43,0.0024,23.0,12.0
2024-11-25,은평구,2874,128853,9.2,-0.7,15.5,0.0,0.0177,0.0205,0.5,0.003,19.0,8.0
2024-11-25,종로구,4572,242044,9.9,4.1,15.0,0.0,0.0269,0.0168,0.45,0.0029,23.0,14.0
2024-11-25,중구,3374,280370,8.8,3.4,13.0,0.0,0.0225,0.0121,0.44,0.0031,20.0,14.0
2024-11-25,중랑구,3528,94373,10.6,4.3,15.0,0.0,0.0197,0.0235,0.34,0.0022,19.0,12.0
2024-11-26,강남구,1050,414263,6.7,2.0,13.4,28.0,0.0129,0.0252,0.29,0.002,10.0,6.0
2024-11-26,강동구,1338,96984,6.4,1.5,12.9,28.5,0.012,0.0292,0.4,0.0026,12.0,7.0
2024-11-26,강북구,363,48877,5.4,0.8,12.4,30.5,0.0075,0.0301,0.27,0.002,10.0,6.0
2024-11-26,강서구,5435,192976,6.2,0.6,13.5,21.0,0.0122,0.0266,0.28,0.0024,12.0,3.0
2024-11-26,관악구,646,159883,5.3,1.0,12.2,30.0,0.0138,0.0256,0.3,0.0022,13.0,5.0
2024-11-26,광진구,1686,64403,6.4,2.1,13.3,25.0,0.0126,0.0299,0.41,0.0022,11.0,4.0
2024-11-26,구로구,1594,129871,6.4,1.9,13.4,24.0,0.0092,0.0255,0.25,0.0019,12.0,6.0
2024-11-26,금천구,744,103504,6.4,1.6,13.2,21.5,0.0129,0.0274,0.24,0.0024,10.0,7.0
2024-11-26,노원구,2043,158043,6.2,0.5,13.1,24.0,0.0105,0.0285,0.27,0.0022,11.0,4.0
2024-11-26,도봉구,667,94408,6.0,1.2,12.2,28.0,0.0086,0.0347,0.42,0.003,8.0,4.0
2024-11-26,동대문구,1087,108172,6.0,0.7,13.2,25.0,0.0106,0.0274,0.32,0.0016,10.0,4.0
2024-11-26,동작구,498,97244,6.7,1.8,13.8,24.0,0.0116,0.0281,0.27,0.0021,10.0,5.0
2024-11-26,마포구,1482,266119,5.2,0.1,12.5,20.5,0.0125,0.0276,0.27,0.0022,9.0,4.0
2024-11-26,서대문구,601,100952,4.8,-0.1,12.4,20.5,0.011,0.0302,0.41,0.0023,9.0,5.0
2024-11-26,서초구,871,157784,6.5,1.8,13.0,28.5,0.011,0.0243,0.25,0.002,11.0,4.0
2024-11-26,성동구,1316,135756,6.1,1.3,13.2,26.5,0.013,0.0242,0.28,0.0019,8.0,4.0
2024-11-26,성북구,740,51775,5.1,0.4,12.4,27.0,0.0111,0.0247,0.37,0.0028,8.0,3.0
2024-11-26,송파구,2618,211029,6.7,2.3,13.5,26.0,0.0145,0.021,0.29,0.0021,11.0,5.0
2024-11-26,양천구,2280,37773,6.3,1.4,13.3,23.0,0.0137,0.0245,0.3,0.0022,9.0,5.0
2024-11-26,영등포구,3379,340965,6.3,1.4,13.3,24.0,0.0127,0.0257,0.28,0.0021,11.0,4.0
2024-11-26,용산구,520,0,6.4,1.8,13.2,24.0,0.0143,0.0217,0.32,0.0018,11.0,4.0
2024-11-26,은평구,689,126734,5.6,0.4,13.1,20.0,0.0095,0.0242,0.48,0.0028,11.0,4.0
2024-11-26,종로구,1299,247757,4.8,0.3,11.9,23.0,0.0119,0.0271,0.3,0.0023,10.0,5.0
2024-11-26,중구,934,289063,4.0,-0.4,11.0,21.5,0.0099,0.028,0.29,0.0026,9.0,4.0
2024-11-26,중랑구,900,93485,6.1,1.1,13.1,26.0,0.0133,0.0286,0.3,0.002,11.0,6.0
2024-11-27,강남구,557,427806,0.1,-0.8,3.0,21.5,0.0148,0.0238,0.3,0.0018,8.0,6.0
2024-11-27,강동구,758,103797,0.2,-1.3,2.1,17.0,0.0162,0.0253,0.46,0.0025,13.0,9.0
2024-11-27,강북구,285,52173,-0.8,-2.7,1.6,17.0,0.0094,0.0304,0.28,0.0016,11.0,6.0
2024-11-27,강서구,2424,204997,0.0,-1.0,2.2,13.5,0.0166,0.0248,0.29,0.0025,11.0,4.0
2024-11-27,관악구,261,165378,-0.9,-2.3,2.2,25.0,0.0175,0.023,0.31,0.0017,12.0,6.0
2024-11-27,광진구,1115,69081,0.1,-0.8,2.6,11.0,0.0148,0.0283,0.49,0.002,9.0,5.0
2024-11-27,구로구,826,135824,-0.3,-1.2,3.3,16.5,0.012,0.0231,0.26,0.0019,13.0,7.0
2024-11-27,금천구,367,111790,-0.2,-1.3,3.3,24.0,0.0177,0.0238,0.29,0.002,7.0,6.0
2024-11-27,노원구,1856,166534,-0.3,-2.2,1.6,10.0,0.0132,0.0267,0.29,0.002,10.0,6.0
2024-11-27,도봉구,664,98265,-0.6,-2.8,1.6,16.5,0.0102,0.0347,0.48,0.0026,10.0,6.0
2024-11-27,동대문구,752,112151,0.0,-1.3,1.8,12.5,0.0125,0.0264,0.33,0.0012,10.0,5.0
2024-11-27,동작구,222,101705,0.1,-1.6,3.6,13.0,0.015,0.0245,0.29,0.0017,9.0,6.0
2024-11-27,마포구,737,281860,-0.8,-2.1,1.1,12.5,0.0159,0.0257,0.28,0.002,8.0,5.0
2024-11-27,서대문구,323,105780,-1.0,-2.4,0.4,20.5,0.0145,0.028,0.52,0.0024,10.0,7.0
2024-11-27,서초구,426,165305,-0.1,-1.2,2.9,22.0,0.0136,0.0222,0.24,0.002,12.0,6.0
2024-11-27,성동구,912,142384,0.0,-1.0,2.3,15.0,0.0157,0.023,0.29,0.0015,8.0,5.0
2024-11-27,성북구,480,56393,-0.8,-1.8,1.0,19.5,0.014,0.0226,0.42,0.0029,9.0,5.0
2024-11-27,송파구,1484,224585,0.4,-0.4,3.0,16.0,0.0184,0.0201,0.3,0.0018,10.0,6.0
2024-11-27,양천구,1497,39258,0.1,-0.9,2.9,17.5,0.0178,0.0239,0.31,0.0022,9.0,7.0
2024-11-27,영등포구,2060,364264,0.1,-1.0,2.9,16.0,0.0163,0.0245,0.28,0.0024,10.0,6.0
2024-11-27,용산구,300,0,0.0,-0.8,2.6,3.5,0.0181,0.02,0.32,0.0014,10.0,6.0
2024-11-27,은평구,401,132228,-1.0,-3.4,0.9,15.5,0.0125,0.0226,0.48,0.0028,10.0,5.0
2024-11-27,종로구,645,262253,-2.1,-2.9,1.1,0.5,0.0142,0.0254,0.32,0.0018,9.0,6.0
2024-11-27,중구,465,301866,-1.9,-3.5,-0.1,19.0,0.0115,0.0273,0.29,0.0026,8.0,6.0
2024-11-27,중랑구,723,96827,0.0,-1.1,2.1,2.0,0.0182,0.0248,0.33,0.0018,10.0,7.0
2024-11-28,강남구,949,401125,1.5,-0.2,5.0,10.5,0.0157,0.0217,0.37,0.0018,15.0,11.0
2024-11-28,강동구,1846,101598,1.3,-0.9,4.4,4.5,0.0181,0.0221,0.55,0.0027,18.0,14.0
2024-11-28,강북구,672,50465,0.4,-2.7,3.5,1.0,0.0115,0.0249,0.34,0.0016,18.0,12.0
2024-11-28,강서구,5372,200818,1.6,-0.9,5.1,2.0,0.0173,0.0235,0.36,0.0025,19.0,11.0
2024-11-28,관악구,557,157481,0.4,-2.8,3.8,11.0,0.0201,0.0203,0.38,0.002,18.0,11.0
2024-11-28,광진구,2321,66351,1.5,-0.2,3.9,3.0,0.016,0.0266,0.59,0.0021,15.0,11.0
2024-11-28,구로구,1448,134606,1.2,-1.0,4.5,6.0,0.0131,0.0214,0.31,0.0021,22.0,13.0
2024-11-28,금천구,547,105844,1.3,-0.1,4.3,11.0,0.0194,0.0217,0.36,0.0022,15.0,13.0
2024-11-28,노원구,3575,161302,0.7,-4.3,4.1,0.5,0.0168,0.022,0.35,0.002,19.0,13.0
2024-11-28,도봉구,1338,96797,0.8,-2.0,5.2,,0.0133,0.0307,0.6,0.0028,18.0,13.0
2024-11-28,동대문구,1649,110886,1.6,-0.3,5.1,2.0,0.0149,0.023,0.4,0.0014,19.0,11.0
2024-11-28,동작구,462,99066,1.2,-3.1,4.6,3.0,0.0178,0.0217,0.35,0.0018,16.0,11.0
2024-11-28,마포구,1807,276913,0.6,-1.5,2.9,4.0,0.0179,0.0233,0.35,0.0021,17.0,12.0
2024-11-28,서대문구,719,102991,0.0,-2.8,2.8,8.0,0.016,0.0263,0.61,0.0027,18.0,13.0
2024-11-28,서초구,749,160229,,,,6.5,0.0129,0.0222,0.29,0.002,19.0,12.0
2024-11-28,성동구,1776,139051,1.5,-0.2,4.3,5.0,0.0163,0.0222,0.35,0.0016,15.0,11.0
2024-11-28,성북구,1021,53707,0.5,-2.5,3.3,3.0,0.0156,0.0207,0.44,0.0032,16.0,12.0
2024-11-28,송파구,2906,222166,1.8,-0.1,4.1,5.0,0.0198,0.0181,0.36,0.0019,17.0,11.0
2024-11-28,양천구,2792,39079,1.7,-0.1,5.0,7.5,0.0198,0.0219,0.38,0.0024,16.0,14.0
2024-11-28,영등포구,3720,350467,1.7,0.0,4.6,6.0,0.0177,0.0227,0.35,0.0026,18.0,12.0
2024-11-28,용산구,671,0,,,,,,,,,,
2024-11-28,은평구,1130,129620,-0.1,-3.7,3.6,1.5,0.015,0.0195,0.51,0.0029,19.0,11.0
2024-11-28,종로구,1553,247321,-0.6,-2.6,2.4,,0.0153,0.0233,0.38,0.0022,17.0,13.0
2024-11-28,중구,1149,290743,-0.8,-2.8,1.2,6.5,0.0115,0.027,0.35,0.0027,15.0,12.0
2024-11-28,중랑구,1497,94606,1.6,-0.3,4.7,,0.0174,0.0231,0.37,0.0018,17.0,13.0
2024-11-29,강남구,1975,426504,1.3,-3.0,4.9,0.0,0.0265,0.0129,0.45,0.0023,29.0,18.0
2024-11-29,강동구,3138,100991,0.8,-2.8,4.1,0.0,0.0297,0.0116,0.69,0.0032,36.0,22.0
2024-11-29,강북구,947,50197,-0.1,-5.1,3.8,0.0,0.0204,0.0153,0.44,0.0018,28.0,16.0
2024-11-29,강서구,10112,202609,1.2,-3.0,4.3,0.0,0.0293,0.0133,0.43,0.0035,34.0,17.0
2024-11-29,관악구,1175,173169,-0.6,-5.6,3.4,0.0,0.0297,0.0128,0.47,0.0024,36.0,19.0
2024-11-29,광진구,3609,70773,1.5,-2.0,4.5,0.0,0.0271,0.015,0.7,0.0024,29.0,16.0
2024-11-29,구로구,2951,137125,1.0,-3.5,5.0,0.0,0.0198,0.0134,0.38,0.0026,38.0,20.0
2024-11-29,금천구,1184,103630,1.1,-2.1,4.2,0.0,0.0298,0.013,0.46,0.0026,30.0,21.0
2024-11-29,노원구,5076,163205,-1.6,-6.8,4.6,0.0,0.0283,0.0111,0.52,0.0023,33.0,19.0
2024-11-29,도봉구,1711,99155,-0.3,-4.9,4.9,0.0,0.0245,0.0175,0.71,0.0029,29.0,17.0
2024-11-29,동대문구,2425,113919,1.4,-2.6,4.5,0.0,0.0254,0.0139,0.47,0.002,33.0,17.0
2024-11-29,동작구,1019,105179,-0.1,-6.2,5.0,0.0,0.0287,0.0125,0.44,0.0022,30.0,18.0
2024-11-29,마포구,3098,296240,0.4,-3.2,2.9,0.0,0.029,0.0127,0.42,0.0026,29.0,18.0
2024-11-29,서대문구,1299,106145,-0.7,-4.6,3.6,0.0,0.0284,0.013,0.91,0.0046,32.0,19.0
2024-11-29,서초구,1504,175833,,,,0.0,0.0239,0.0109,0.37,0.0024,38.0,20.0
2024-11-29,성동구,2791,146785,1.5,-1.6,4.3,0.0,0.0287,0.0117,0.45,0.0018,30.0,16.0
2024-11-29,성북구,1545,53525,0.1,-4.3,3.3,0.0,0.0245,0.012,0.53,0.0037,29.0,16.0
2024-11-29,송파구,5467,221560,1.7,-1.6,4.3,0.0,0.0289,0.0115,0.44,0.0024,31.0,18.0
2024-11-29,양천구,4933,38637,1.7,-1.6,5.2,0.0,0.0315,0.0119,0.46,0.0028,31.0,20.0
2024-11-29,영등포구,7001,362789,1.7,-1.3,4.7,0.0,0.0274,0.0133,0.42,0.0028,30.0,17.0
2024-11-29,용산구,1246,0,,-0.4,4.0,0.0,0.0302,0.011,0.5,0.0021,33.0,18.0
2024-11-29,은평구,1684,132055,-1.7,-6.6,4.1,0.0,0.0231,0.0121,0.46,0.0032,30.0,15.0
2024-11-29,종로구,2666,259502,-0.5,-4.4,3.6,0.0,0.0254,0.0135,0.48,0.0028,31.0,18.0
2024-11-29,중구,1882,300626,-0.9,-4.1,2.8,0.0,0.0195,0.0139,0.46,0.003,27.0,18.0
2024-11-29,중랑구,2193,97147,1.2,-2.1,4.6,0.0,0.0259,0.0133,0.45,0.0022,30.0,17.0
2024-11-30,강남구,1634,257867,3.2,-1.1,6.1,0.0,0.0303,0.0087,0.47,0.0023,22.0,14.0
2024-11-30,강동구,2618,68449,2.8,-1.0,6.3,0.5,0.0303,0.0096,0.72,0.003,29.0,21.0
2024-11-30,강북구,806,39299,2.1,-1.6,6.0,1.5,0.0272,0.0128,0.53,0.0022,23.0,15.0
2024-11-30,강서구,7070,141411,3.6,-1.2,6.7,0.0,0.0368,0.0085,0.67,0.0034,28.0,15.0
2024-11-30,관악구,1290,140273,2.0,-1.9,5.1,0.0,0.0386,0.0075,0.62,0.0025,26.0,15.0
2024-11-30,광진구,2664,61453,3.6,0.6,6.1,0.0,0.0297,0.0106,0.74,0.0022,22.0,14.0
2024-11-30,구로구,2295,95035,3.4,-1.3,6.0,0.0,0.0236,0.0095,0.49,0.0026,30.0,16.0
2024-11-30,금천구,851,43371,3.8,0.1,6.1,0.0,0.0375,0.0077,0.6,0.0028,21.0,15.0
2024-11-30,노원구,3823,120002,1.1,-4.2,5.6,0.5,0.0296,0.0107,0.51,0.0024,26.0,16.0
2024-11-30,도봉구,1388,76178,2.1,-1.8,6.0,1.5,0.0296,0.0153,0.8,0.0032,26.0,17.0
2024-11-30,동대문구,1804,86317,3.5,0.4,6.5,0.5,0.0311,0.0094,0.56,0.0021,28.0,16.0
2024-11-30,동작구,996,81673,1.8,-3.5,6.9,0.0,0.0356,0.008,0.55,0.0024,23.0,14.0
2024-11-30,마포구,2556,254011,3.5,0.2,5.7,0.0,0.0372,0.0071,0.61,0.0027,26.0,18.0
2024-11-30,서대문구,974,83476,2.2,-1.7,5.7,0.0,0.0338,0.0089,1.02,0.0047,29.0,18.0
2024-11-30,서초구,1509,149707,3.1,-1.2,6.2,0.0,0.0254,0.0083,0.43,0.0023,31.0,17.0
2024-11-30,성동구,2017,112352,3.7,1.2,6.2,0.0,0.0319,0.0086,0.48,0.0019,23.0,14.0
2024-11-30,성북구,1221,37175,2.6,-0.9,6.1,0.5,0.032,0.0066,0.66,0.0036,26.0,16.0
2024-11-30,송파구,4880,141949,4.2,1.0,6.2,0.0,0.0336,0.0078,0.48,0.0027,23.0,14.0
2024-11-30,양천구,4206,25888,4.4,0.8,6.7,0.0,0.0401,0.0068,0.62,0.0029,26.0,17.0
2024-11-30,영등포구,4885,247188,4.7,1.7,7.0,0.0,0.0331,0.0086,0.55,0.0028,25.0,16.0
2024-11-30,용산구,1101,0,3.3,-1.1,6.8,0.0,0.0369,0.0065,0.58,0.0024,26.0,15.0
2024-11-30,은평구,1398,98714,0.4,-4.0,6.1,0.5,0.0284,0.0083,0.56,0.0032,25.0,13.0
2024-11-30,종로구,1680,206181,2.3,-2.1,5.7,0.0,0.0339,0.0075,0.58,0.0034,25.0,16.0
2024-11-30,중구,1093,201982,2.3,-0.7,5.5,0.0,0.0214,0.0063,0.58,0.0032,24.0,16.0
2024-11-30,중랑구,1736,71897,3.5,0.1,6.1,1.0,0.03,0.01,0.49,0.0021,24.0,15.0
2024-12-01,강남구,1659,154423,5.5,0.8,9.8,0.5,0.0248,0.007,0.45,0.0021,30.0,22.0
2024-12-01,강동구,2700,49686,5.2,1.0,8.4,0.5,0.0255,0.0087,0.76,0.0027,37.0,29.0
2024-12-01,강북구,878,31456,4.5,0.1,8.6,0.0,0.0225,0.01,0.55,0.0021,24.0,17.0
2024-12-01,강서구,6660,108782,5.8,0.6,9.7,0.0,0.0338,0.0059,0.7,0.003,36.0,22.0
2024-12-01,관악구,1325,100646,4.8,0.0,8.8,0.5,0.0351,0.0051,0.67,0.0024,39.0,26.0
2024-12-01,광진구,2746,45856,5.7,2.3,8.9,0.0,0.0206,0.0141,0.68,0.0021,26.0,18.0
2024-12-01,구로구,2374,69613,6.2,1.2,10.3,0.0,0.0221,0.0057,0.52,0.0022,41.0,29.0
2024-12-01,금천구,767,31413,6.2,2.3,9.8,0.5,0.0343,0.0063,0.76,0.003,34.0,28.0
2024-12-01,노원구,4078,90391,3.7,-2.0,8.4,0.0,0.0287,0.0088,0.68,0.0025,33.0,20.0
2024-12-01,도봉구,1399,60743,4.9,0.3,9.9,0.5,0.0266,0.0127,0.86,0.003,30.0,25.0
2024-12-01,동대문구,1854,66321,5.7,1.8,8.7,0.0,0.0261,0.0086,0.59,0.0019,33.0,21.0
2024-12-01,동작구,1025,56497,4.4,-1.0,10.2,0.5,0.0334,0.0059,0.63,0.0025,37.0,24.0
2024-12-01,마포구,2589,188599,5.9,2.8,8.6,0.0,0.0307,0.008,0.6,0.0026,29.0,25.0
2024-12-01,서대문구,1085,63357,5.5,1.6,8.6,0.0,0.0247,0.0147,0.91,0.0032,34.0,24.0
2024-12-01,서초구,1532,123390,5.1,0.3,9.3,0.5,0.0223,0.0059,0.47,0.0021,40.0,27.0
2024-12-01,성동구,2021,83997,6.0,1.9,8.9,0.5,0.0263,0.008,0.53,0.002,33.0,22.0
2024-12-01,성북구,1316,27708,4.8,1.3,8.2,0.5,0.0246,0.009,0.71,0.0034,30.0,22.0
2024-12-01,송파구,5230,101176,6.1,2.6,9.3,0.5,0.0279,0.0073,0.53,0.0029,30.0,19.0
2024-12-01,양천구,4427,19112,6.5,2.8,9.7,0.0,0.0351,0.005,0.65,0.0025,35.0,27.0
2024-12-01,영등포구,4923,185281,6.7,3.3,9.7,0.5,0.0296,0.0064,0.59,0.0025,33.0,24.0
2024-12-01,용산구,1166,0,5.9,1.9,9.6,0.5,0.0317,0.0061,0.62,0.0023,29.0,21.0
2024-12-01,은평구,1458,73026,5.1,-1.5,10.4,0.0,0.0191,0.0136,0.63,0.003,31.0,19.0
2024-12-01,종로구,1664,136216,4.6,0.9,8.1,0.0,0.027,0.0097,0.59,0.0032,30.0,20.0
2024-12-01,중구,1091,144695,4.2,1.5,6.6,0.5,0.0188,0.0086,0.56,0.0031,29.0,23.0
2024-12-01,중랑구,1807,52894,5.6,2.0,8.1,0.5,0.0213,0.0119,0.48,0.0021,28.0,20.0
2024-12-02,강남구,3131,402367,7.5,2.1,14.1,0.0,0.0276,0.0157,0.52,0.0026,42.0,27.0
2024-12-02,강동구,4101,97531,7.0,1.9,13.3,0.0,0.0268,0.017,0.79,0.003,50.0,36.0
2024-12-02,강북구,1180,49058,6.5,1.0,13.3,0.0,0.0195,0.0209,0.53,0.0025,41.0,25.0
2024-12-02,강서구,13746,192321,7.9,1.4,14.5,0.0,0.0301,0.0164,0.6,0.0032,42.0,22.0
2024-12-02,관악구,1830,157182,7.2,0.7,12.0,0.0,0.0336,0.0165,0.63,0.0029,46.0,27.0
2024-12-02,광진구,4327,63447,7.6,2.5,13.8,0.0,0.0276,0.0193,0.76,0.0026,38.0,24.0
2024-12-02,구로구,4354,131482,7.0,1.1,14.2,0.0,0.0206,0.0167,0.48,0.0027,49.0,31.0
2024-12-02,금천구,2063,104254,7.8,1.8,13.2,0.0,0.0227,0.0268,0.44,0.0031,40.0,27.0
2024-12-02,노원구,6074,158297,6.2,-1.4,14.2,0.0,0.0289,0.0171,0.66,0.003,44.0,26.0
2024-12-02,도봉구,2117,96027,6.6,1.2,13.7,0.0,0.0258,0.0238,0.81,0.0035,46.0,33.0
2024-12-02,동대문구,2955,110250,7.4,2.3,13.6,0.0,0.027,0.0172,0.64,0.0023,49.0,29.0
2024-12-02,동작구,1542,96209,6.7,1.9,14.0,0.0,0.0331,0.0138,0.63,0.0027,41.0,25.0
2024-12-02,마포구,4170,264474,7.2,0.5,13.0,0.0,0.031,0.0169,0.54,0.0029,39.0,28.0
2024-12-02,서대문구,1733,100004,7.1,0.2,13.6,0.0,0.0302,0.0193,0.89,0.0031,48.0,31.0
2024-12-02,서초구,2722,154237,6.8,2.0,14.0,0.0,0.0247,0.014,0.49,0.0024,54.0,35.0
2024-12-02,성동구,3760,133400,7.4,1.9,13.7,0.0,0.0308,0.014,0.58,0.0024,45.0,27.0
2024-12-02,성북구,2104,51883,6.5,0.3,12.6,0.0,0.0266,0.0152,0.75,0.0038,47.0,28.0
2024-12-02,송파구,8473,206904,8.0,2.4,13.9,0.0,0.032,0.0129,0.53,0.0035,40.0,22.0
2024-12-02,양천구,6365,37192,7.5,1.7,13.9,0.0,0.0323,0.0162,0.59,0.0027,41.0,27.0
2024-12-02,영등포구,9199,333733,7.9,2.0,13.9,0.0,0.0292,0.0169,0.58,0.003,40.0,26.0
2024-12-02,용산구,1579,0,7.5,2.0,13.9,0.0,0.0335,0.0129,0.66,0.0029,41.0,26.0
2024-12-02,은평구,2287,128114,7.9,-2.4,13.6,0.0,0.0197,0.0231,0.6,0.0033,49.0,28.0
2024-12-02,종로구,3634,239766,6.1,-0.2,12.8,0.0,0.0284,0.0176,0.7,0.0038,46.0,27.0
2024-12-02,중구,2716,281233,6.2,-1.0,11.6,0.0,0.0182,0.0168,0.62,0.0036,41.0,30.0
2024-12-02,중랑구,2655,93441,7.3,2.5,13.2,0.0,0.0279,0.0167,0.57,0.0025,42.0,27.0
2024-12-03,강남구,2845,416287,2.4,-0.6,5.8,0.0,0.0156,0.0252,0.31,0.0023,15.0,7.0
2024-12-03,강동구,3912,98701,2.0,-1.5,5.7,0.0,0.0145,0.0284,0.57,0.0031,21.0,8.0
2024-12-03,강북구,1139,49730,0.6,-2.9,4.1,0.0,0.0107,0.0282,0.28,0.0021,15.0,7.0
2024-12-03,강서구,13217,193918,1.8,-1.4,5.4,0.0,0.0165,0.0256,0.28,0.003,18.0,5.0
2024-12-03,관악구,1732,162100,0.3,-2.9,4.3,0.0,0.0175,0.0236,0.3,0.0024,18.0,6.0
2024-12-03,광진구,4345,64417,2.3,-0.7,4.9,0.0,0.014,0.031,0.55,0.0021,15.0,7.0
2024-12-03,구로구,4089,132239,1.4,-2.3,5.4,0.0,0.0113,0.0244,0.26,0.0027,20.0,7.0
2024-12-03,금천구,2040,105379,1.8,-1.1,4.5,0.0,0.0199,0.0223,0.27,0.0027,16.0,9.0
2024-12-03,노원구,5955,159883,1.2,-3.9,5.5,0.0,0.0115,0.0291,0.28,0.0024,17.0,6.0
2024-12-03,도봉구,1939,97032,0.8,-2.9,6.5,0.0,0.013,0.0324,0.44,0.0031,16.0,7.0
2024-12-03,동대문구,2998,110345,2.0,-1.3,5.2,0.0,0.0148,0.0249,0.33,0.002,18.0,7.0
2024-12-03,동작구,1475,99013,2.0,-1.3,5.8,0.0,0.0171,0.0252,0.3,0.0023,17.0,9.0
2024-12-03,마포구,3861,269226,0.7,-2.5,3.5,0.0,0.0168,0.0253,0.29,0.0025,16.0,6.0
2024-12-03,서대문구,1642,101480,0.5,-3.6,4.6,0.0,0.0168,0.0253,0.51,0.0033,19.0,8.0
2024-12-03,서초구,2489,158109,2.2,-0.7,4.9,0.0,0.0126,0.0242,0.24,0.0024,21.0,7.0
2024-12-03,성동구,3479,134893,2.1,-0.7,5.3,0.0,0.0174,0.0218,0.31,0.0019,16.0,6.0
2024-12-03,성북구,1969,52677,1.1,-2.3,4.8,0.0,0.0139,0.0236,0.4,0.0036,16.0,6.0
2024-12-03,송파구,7847,211171,,,,0.0,0.0184,0.022,0.31,0.0026,18.0,9.0
2024-12-03,양천구,5837,37896,1.9,-1.1,5.0,0.0,0.0176,0.0245,0.31,0.0027,17.0,7.0
2024-12-03,영등포구,8629,345018,2.0,-0.9,5.1,0.0,0.0165,0.0251,0.29,0.0027,16.0,7.0
2024-12-03,용산구,1519,0,2.2,-0.6,5.0,0.0,0.0155,0.0224,0.35,0.002,17.0,6.0
2024-12-03,은평구,2079,128887,-0.9,-5.1,4.8,0.0,0.0142,0.0209,0.37,0.0033,18.0,7.0
2024-12-03,종로구,3285,247032,0.1,-3.4,3.7,0.0,0.0144,0.0262,0.32,0.0029,16.0,7.0
2024-12-03,중구,2339,287083,-0.6,-3.8,2.9,0.0,0.0109,0.0257,0.29,0.0032,12.0,7.0
2024-12-03,중랑구,2598,94637,2.0,-1.2,5.2,0.0,0.0155,0.0261,0.32,0.0023,17.0,7.0
2024-12-04,강남구,2890,406003,3.6,-0.3,6.9,0.0,0.0215,0.0215,0.36,0.0025,22.0,12.0
2024-12-04,강동구,4061,98110,2.8,-1.1,7.3,0.0,0.0252,0.0187,0.7,0.0035,29.0,14.0
2024-12-04,강북구,1219,49634,1.4,-3.0,5.4,0.0,0.0147,0.0257,0.35,0.0023,19.0,10.0
2024-12-04,강서구,13669,191711,2.4,-1.8,7.1,0.0,0.0285,0.017,0.38,0.0039,26.0,10.0
2024-12-04,관악구,1895,161179,1.0,-3.1,6.1,0.0,0.0265,0.0178,0.38,0.0026,23.0,10.0
2024-12-04,광진구,4445,64639,3.4,0.3,6.2,0.0,0.0207,0.0251,0.63,0.0023,21.0,10.0
2024-12-04,구로구,4189,133584,3.1,-1.4,7.7,0.0,0.0159,0.0207,0.31,0.003,26.0,11.0
2024-12-04,금천구,1988,103499,3.4,0.3,6.7,0.0,0.0292,0.0157,0.4,0.0028,20.0,13.0
2024-12-04,노원구,5952,159034,0.4,-5.2,7.0,0.0,0.0206,0.0227,0.4,0.0029,23.0,11.0
2024-12-04,도봉구,2015,96180,1.7,-3.5,7.9,0.0,0.0204,0.0269,0.42,0.0032,20.0,11.0
2024-12-04,동대문구,2992,109689,3.2,-0.2,6.4,0.0,0.0199,0.0225,0.4,0.0024,23.0,10.0
2024-12-04,동작구,1528,98318,1.9,-3.1,7.5,0.0,0.0243,0.021,0.36,0.0026,21.0,12.0
2024-12-04,마포구,3949,263914,2.2,-0.5,5.1,0.0,0.0228,0.022,0.34,0.0027,20.0,10.0
2024-12-04,서대문구,1704,100579,1.3,-2.3,5.8,0.0,0.0204,0.0241,0.5,0.004,23.0,12.0
2024-12-04,서초구,2444,153541,3.3,-0.9,6.3,0.0,0.018,0.0202,0.29,0.0026,28.0,10.0
2024-12-04,성동구,3529,132985,3.5,0.6,6.6,0.0,0.0204,0.021,0.34,0.0021,22.0,10.0
2024-12-04,성북구,2046,52446,2.4,-1.6,5.6,0.0,0.0195,0.0199,0.47,0.004,22.0,10.0
2024-12-04,송파구,8096,209667,,,,0.0,0.0236,0.0185,0.35,0.0031,24.0,11.0
2024-12-04,양천구,6251,36943,3.4,0.9,6.7,0.0,0.0275,0.0179,0.39,0.003,22.0,12.0
2024-12-04,영등포구,9035,350531,3.5,1.1,6.8,0.0,0.0241,0.0202,0.34,0.003,20.0,10.0
2024-12-04,용산구,1520,0,3.4,-0.6,6.4,0.0,0.0246,0.0182,0.4,0.0025,21.0,10.0
2024-12-04,은평구,2087,128529,-0.6,-5.3,5.9,0.0,0.0185,0.0189,0.46,0.0034,25.0,9.0
2024-12-04,종로구,3363,244793,1.8,-2.0,5.6,0.0,0.0203,0.0227,0.4,0.0032,21.0,11.0
2024-12-04,중구,2479,288985,1.3,-0.9,4.7,0.0,0.0142,0.0237,0.34,0.0033,16.0,9.0
2024-12-04,중랑구,2555,94004,3.1,-0.1,6.3,0.0,0.0218,0.0214,0.37,0.0024,23.0,11.0
2024-12-05,강남구,2582,413831,3.9,-1.0,9.3,1.0,0.0246,0.0194,0.38,0.0025,21.0,11.0
2024-12-05,강동구,3358,98597,3.7,-0.8,8.6,1.5,0.0277,0.0183,0.74,0.0033,29.0,16.0
2024-12-05,강북구,1039,48813,2.3,-2.5,8.2,1.5,0.0152,0.0264,0.35,0.0021,18.0,9.0
2024-12-05,강서구,11593,192969,3.4,-1.6,9.3,1.0,0.0276,0.0184,0.41,0.0033,26.0,10.0
2024-12-05,관악구,1577,164576,2.4,-2.1,6.9,1.0,0.027,0.019,0.41,0.0026,23.0,10.0
2024-12-05,광진구,3749,65858,4.1,0.5,9.3,1.0,0.0249,0.0219,0.69,0.0021,22.0,11.0
2024-12-05,구로구,3635,130228,4.3,-1.2,9.6,0.5,0.0166,0.0208,0.33,0.0029,27.0,11.0
2024-12-05,금천구,1775,101973,4.5,1.0,8.1,0.5,0.0288,0.0172,0.43,0.0028,20.0,13.0
2024-12-05,노원구,5413,158487,1.5,-4.8,9.1,0.0,0.0238,0.02,0.43,0.0027,23.0,12.0
2024-12-05,도봉구,1846,95299,2.5,-3.0,10.0,1.0,0.0205,0.0275,0.45,0.0032,20.0,10.0
2024-12-05,동대문구,2571,108445,4.1,-0.3,8.6,1.0,0.023,0.0208,0.45,0.0023,23.0,10.0
2024-12-05,동작구,1309,98916,2.7,-2.8,8.9,1.0,0.0278,0.0198,0.42,0.0024,22.0,12.0
2024-12-05,마포구,3292,270862,3.5,0.6,7.8,3.0,0.0265,0.0194,0.4,0.0027,20.0,10.0
2024-12-05,서대문구,1570,100969,2.3,-1.4,8.4,1.5,0.0214,0.0244,0.54,0.004,21.0,11.0
2024-12-05,서초구,2195,161961,3.8,-0.8,9.3,1.0,0.0205,0.0184,0.32,0.0025,28.0,12.0
2024-12-05,성동구,3049,135315,4.2,0.6,9.0,2.0,0.0248,0.0184,0.39,0.0021,21.0,9.0
2024-12-05,성북구,1754,52144,3.3,-1.2,7.6,2.0,0.0215,0.0195,0.54,0.0039,21.0,9.0
2024-12-05,송파구,6908,209334,3.8,-0.2,8.7,0.0,0.0276,0.0157,0.42,0.003,24.0,12.0
2024-12-05,양천구,5104,37268,4.6,1.5,8.8,1.5,0.0282,0.0188,0.41,0.0028,20.0,11.0
2024-12-05,영등포구,7435,347765,4.8,1.9,9.1,2.0,0.0254,0.0203,0.36,0.0028,20.0,10.0
2024-12-05,용산구,1253,0,4.1,-0.3,8.7,2.0,0.0278,0.0167,0.44,0.0023,22.0,10.0
2024-12-05,은평구,1940,127284,0.9,-4.3,8.2,1.0,0.0205,0.0189,0.5,0.0033,22.0,9.0
2024-12-05,종로구,2932,248605,2.7,-1.3,8.0,1.0,0.0214,0.0228,0.43,0.0031,21.0,11.0
2024-12-05,중구,2145,292142,2.3,-0.9,6.6,2.0,0.0157,0.0231,0.37,0.0031,16.0,9.0
2024-12-05,중랑구,2283,94772,4.1,0.1,8.3,1.0,0.0241,0.019,0.4,0.0023,20.0,10.0
2024-12-06,강남구,2805,422179,3.0,0.5,6.1,0.0,0.013,0.0275,0.32,0.0024,24.0,9.0
2024-12-06,강동구,3919,99681,2.7,-0.1,6.0,0.0,0.0133,0.0308,0.62,0.0033,28.0,11.0
2024-12-06,강북구,1167,49398,1.2,-1.8,4.5,0.0,0.0065,0.0343,0.28,0.0022,23.0,8.0
2024-12-06,강서구,12558,199834,2.5,-0.5,6.4,0.0,0.0154,0.0269,0.32,0.0029,27.0,8.0
2024-12-06,관악구,1644,175395,1.3,-1.9,4.3,0.0,0.0161,0.0251,0.32,0.0026,26.0,9.0
2024-12-06,광진구,3766,68582,2.8,0.4,5.4,0.0,0.0121,0.0334,0.59,0.0021,22.0,8.0
2024-12-06,구로구,4169,132815,2.2,-1.3,5.8,0.0,0.0113,0.0252,0.28,0.0029,32.0,8.0
2024-12-06,금천구,2005,101057,2.8,0.2,5.4,0.0,0.0165,0.0259,0.28,0.0028,23.0,10.0
2024-12-06,노원구,5855,162350,0.9,-4.6,5.6,0.0,0.0128,0.0286,0.3,0.0026,25.0,8.0
2024-12-06,도봉구,1954,97299,1.6,-1.6,6.2,0.0,0.0081,0.0379,0.35,0.0033,25.0,7.0
2024-12-06,동대문구,2877,110105,2.6,0.1,5.6,0.0,0.0103,0.0302,0.34,0.0022,24.0,8.0
2024-12-06,동작구,1392,105833,2.3,-1.6,5.7,0.0,0.0151,0.0284,0.31,0.0024,24.0,11.0
2024-12-06,마포구,3749,289781,1.3,-1.1,4.2,0.0,0.0182,0.0238,0.33,0.0028,24.0,9.0
2024-12-06,서대문구,1636,103724,0.4,-2.4,5.3,0.0,0.0146,0.0277,0.4,0.003,27.0,10.0
2024-12-06,서초구,2455,180139,2.8,0.2,5.7,0.0,0.0107,0.0271,0.25,0.0026,32.0,9.0
2024-12-06,성동구,3448,140547,2.6,0.1,5.4,0.0,0.0132,0.0261,0.3,0.0019,23.0,8.0
2024-12-06,성북구,1928,53071,1.5,-1.3,4.2,0.0,0.0097,0.0278,0.41,0.0038,24.0,6.0
2024-12-06,송파구,7821,214376,2.6,0.4,5.4,0.0,0.0158,0.0238,0.32,0.0028,27.0,9.0
2024-12-06,양천구,6031,38287,2.8,0.1,5.5,0.0,0.0189,0.0237,0.34,0.0028,26.0,10.0
2024-12-06,영등포구,8581,380258,2.8,0.0,6.2,0.0,0.0165,0.0257,0.31,0.0026,23.0,9.0
2024-12-06,용산구,1423,0,2.7,0.1,5.4,0.0,0.0156,0.0228,0.38,0.0022,26.0,8.0
2024-12-06,은평구,1974,131214,-1.0,-4.7,4.3,0.0,0.0131,0.0228,0.46,0.0034,28.0,8.0
2024-12-06,종로구,3361,260662,0.9,-2.3,4.1,0.0,0.0115,0.0287,0.33,0.003,25.0,11.0
2024-12-06,중구,2421,304636,0.1,-2.3,2.9,0.0,0.0095,0.0286,0.31,0.0032,19.0,9.0
2024-12-06,중랑구,2405,96026,2.7,0.4,5.0,0.0,0.0145,0.0255,0.33,0.0024,24.0,9.0
2024-12-07,강남구,1694,261376,0.8,-2.4,5.1,0.0,0.0135,0.0245,0.35,0.0022,21.0,12.0
2024-12-07,강동구,2830,71581,0.3,-3.0,4.7,0.0,0.0167,0.0254,0.73,0.0033,26.0,14.0
2024-12-07,강북구,911,40644,-1.1,-4.4,2.8,0.0,0.0096,0.0284,0.34,0.0018,20.0,11.0
2024-12-07,강서구,7580,148907,0.4,-3.3,4.8,0.0,0.0165,0.0245,0.35,0.0035,27.0,10.0
2024-12-07,관악구,1464,153085,-1.0,-4.4,3.5,0.0,0.0172,0.0229,0.37,0.0024,24.0,11.0
2024-12-07,광진구,2775,58820,0.7,-1.5,4.4,0.0,0.0129,0.0298,0.67,0.0018,20.0,11.0
2024-12-07,구로구,2727,98031,0.2,-3.2,5.4,0.0,0.0108,0.0244,0.31,0.0028,27.0,11.0
2024-12-07,금천구,960,43570,0.6,-1.6,4.3,0.0,0.0182,0.0225,0.39,0.0024,20.0,14.0
2024-12-07,노원구,4264,124940,-1.2,-7.0,4.6,0.0,0.0154,0.0245,0.39,0.0025,24.0,11.0
2024-12-07,도봉구,1423,78481,-0.8,-5.1,4.9,0.0,0.0133,0.0306,0.44,0.003,18.0,9.0
2024-12-07,동대문구,1952,85314,0.5,-1.4,4.0,0.0,0.0121,0.0267,0.39,0.0021,24.0,11.0
2024-12-07,동작구,1805,89997,0.1,-4.7,5.0,0.0,0.0174,0.024,0.36,0.0023,26.0,15.0
2024-12-07,마포구,3183,269287,-0.5,-2.6,2.8,0.0,0.0162,0.0247,0.35,0.0026,21.0,12.0
2024-12-07,서대문구,1273,86302,-1.1,-4.0,3.7,0.0,0.0161,0.0246,0.53,0.0042,24.0,12.0
2024-12-07,서초구,1806,165220,0.6,-2.7,4.5,0.0,0.0133,0.0229,0.3,0.0026,27.0,12.0
2024-12-07,성동구,1959,103083,0.6,-1.3,4.4,0.0,0.0152,0.0231,0.34,0.0017,21.0,11.0
2024-12-07,성북구,1368,39138,-0.6,-3.1,3.0,0.0,0.0118,0.0236,0.5,0.0038,19.0,10.0
2024-12-07,송파구,5348,148342,0.4,-2.4,4.4,0.0,0.0179,0.0204,0.37,0.0025,24.0,11.0
2024-12-07,양천구,4557,28458,0.7,-1.0,4.7,0.0,0.0169,0.0242,0.37,0.0028,22.0,13.0
2024-12-07,영등포구,8027,437142,0.8,-1.0,5.0,0.0,0.0155,0.0252,0.35,0.003,21.0,12.0
2024-12-07,용산구,1133,0,0.6,-1.6,4.4,0.0,0.0165,0.0211,0.43,0.002,23.0,11.0
2024-12-07,은평구,1574,103969,-2.2,-7.1,3.4,0.0,0.0137,0.0201,0.48,0.0034,24.0,10.0
2024-12-07,종로구,1751,202804,-1.2,-3.6,3.4,0.0,0.0126,0.0256,0.36,0.0027,22.0,13.0
2024-12-07,중구,1071,201758,-2.1,-3.9,2.3,0.0,0.01,0.0259,0.34,0.0031,18.0,11.0
2024-12-07,중랑구,1987,73863,0.6,-1.7,3.8,0.0,0.0156,0.0222,0.38,0.0021,22.0,12.0
2024-12-08,강남구,1420,153056,0.4,-2.7,4.4,0.0,0.01,0.0267,0.34,0.0022,21.0,12.0
2024-12-08,강동구,2197,48993,-0.2,-3.4,4.0,0.0,0.0123,0.0303,0.72,0.0034,25.0,14.0
2024-12-08,강북구,847,29344,-1.7,-4.8,2.7,0.0,0.0073,0.0313,0.32,0.002,22.0,12.0
2024-12-08,강서구,5745,102722,0.0,-3.3,4.8,0.0,0.0172,0.0232,0.36,0.0031,27.0,11.0
2024-12-08,관악구,1091,101511,-2.2,-4.7,3.5,0.0,0.0142,0.0248,0.36,0.0024,25.0,12.0
2024-12-08,광진구,2363,41862,0.2,-2.9,3.3,0.0,0.0101,0.0332,0.65,0.0019,20.0,12.0
2024-12-08,구로구,2158,67383,-0.3,-3.5,5.0,0.0,0.0103,0.0246,0.31,0.0026,28.0,12.0
2024-12-08,금천구,665,29088,0.3,-2.6,4.0,0.0,0.0165,0.0238,0.35,0.0024,22.0,15.0
2024-12-08,노원구,3606,87851,-1.6,-7.3,4.2,0.0,0.0159,0.0243,0.4,0.0027,24.0,13.0
2024-12-08,도봉구,1272,57662,-1.1,-5.6,5.5,0.0,0.0078,0.036,0.4,0.0031,21.0,10.0
2024-12-08,동대문구,1608,59949,0.1,-3.0,3.9,0.0,0.0089,0.0295,0.37,0.0022,22.0,11.0
2024-12-08,동작구,899,55781,-0.8,-4.0,4.3,0.0,0.0147,0.0261,0.35,0.0022,24.0,14.0
2024-12-08,마포구,2211,178060,-1.0,-4.0,2.6,0.0,0.0145,0.0261,0.35,0.0025,21.0,13.0
2024-12-08,서대문구,892,63698,-1.8,-5.0,2.7,0.0,0.0122,0.0285,0.4,0.0033,23.0,12.0
2024-12-08,서초구,1264,124550,0.2,-2.6,3.8,0.0,0.0081,0.0282,0.27,0.0025,26.0,12.0
2024-12-08,성동구,1633,73821,0.1,-3.0,3.8,0.0,0.0095,0.0273,0.33,0.0016,21.0,11.0
2024-12-08,성북구,1189,26596,-0.7,-4.5,3.1,0.0,0.0087,0.0266,0.47,0.0039,20.0,10.0
2024-12-08,송파구,4364,97286,-0.1,-2.6,3.3,0.0,0.0119,0.0249,0.34,0.0024,24.0,12.0
2024-12-08,양천구,3630,18573,0.3,-2.6,3.9,0.0,0.0189,0.0221,0.02,0.0027,24.0,14.0
2024-12-08,영등포구,4321,200257,0.4,-2.5,4.2,0.0,0.013,0.0271,0.33,0.0026,21.0,12.0
2024-12-08,용산구,918,0,0.1,-2.7,3.5,0.0,0.0126,0.0231,0.41,0.0019,23.0,11.0
2024-12-08,은평구,1281,71967,-3.4,-8.0,3.5,0.0,0.0111,0.0232,0.46,0.0036,24.0,9.0
2024-12-08,종로구,1373,127406,-1.7,-5.1,3.1,0.0,0.0084,0.0288,0.33,0.0025,21.0,13.0
2024-12-08,중구,904,135943,-2.3,-5.5,1.5,0.0,0.0081,0.0267,0.33,0.0031,18.0,12.0
2024-12-08,중랑구,1532,51388,0.1,-2.8,3.6,0.0,0.0144,0.024,0.37,0.0021,22.0,12.0
2024-12-09,강남구,2641,396202,1.0,-3.8,6.9,0.0,0.0304,0.0122,0.47,0.0026,31.0,16.0
2024-12-09,강동구,3498,97321,0.7,-4.2,6.7,0.0,0.0359,0.0097,0.92,0.0035,40.0,21.0
2024-12-09,강북구,1113,48191,-0.8,-5.8,5.4,0.0,0.0217,0.0174,0.45,0.002,27.0,15.0
2024-12-09,강서구,12614,188459,0.3,-4.5,6.5,0.0,0.033,0.013,0.51,0.0037,39.0,16.0
2024-12-09,관악구,1641,156214,-1.0,-5.7,5.8,0.0,0.0358,0.0115,0.54,0.0028,35.0,17.0
2024-12-09,광진구,4035,62561,1.6,-3.1,6.8,0.0,0.035,0.0101,0.83,0.0018,30.0,17.0
2024-12-09,구로구,3808,127646,1.3,-4.2,8.2,0.0,0.0226,0.0124,0.43,0.0031,39.0,18.0
2024-12-09,금천구,1948,101124,1.8,-2.4,7.0,0.0,0.0383,0.0095,0.56,0.003,31.0,20.0
2024-12-09,노원구,5479,154692,-2.3,-8.9,6.8,0.0,0.0331,0.0114,0.56,0.0031,34.0,17.0
2024-12-09,도봉구,1802,93373,-0.9,-6.5,9.1,0.0,0.0338,0.0152,0.63,0.0032,30.0,16.0
2024-12-09,동대문구,2834,105066,1.3,-3.5,6.9,0.0,0.0333,0.0108,0.6,0.0024,35.0,17.0
2024-12-09,동작구,1432,95104,-0.6,-6.0,7.6,0.0,0.0353,0.011,0.49,0.0026,31.0,18.0
2024-12-09,마포구,3758,255818,1.2,-2.4,4.9,0.0,0.0353,0.0108,0.49,0.0032,32.0,17.0
2024-12-09,서대문구,1387,95645,0.0,-4.2,6.1,0.0,0.0341,0.0121,0.79,0.0057,34.0,18.0
2024-12-09,서초구,2295,153712,0.9,-4.2,6.7,0.0,0.0248,0.0106,0.4,0.0027,39.0,17.0
2024-12-09,성동구,3235,127154,1.9,-2.4,6.5,0.0,0.0335,0.0098,0.48,0.0021,31.0,15.0
2024-12-09,성북구,1834,50493,0.5,-4.2,5.7,0.0,0.0348,0.0077,0.72,0.0038,29.0,16.0
2024-12-09,송파구,7672,203804,1.1,-3.5,5.9,0.0,0.0335,0.0095,0.48,0.0028,32.0,15.0
2024-12-09,양천구,5642,36380,2.2,-1.5,6.5,0.0,0.0374,0.0105,0.31,0.0031,34.0,19.0
2024-12-09,영등포구,8317,340586,2.3,-1.1,6.6,0.0,0.0327,0.0126,0.47,0.0031,30.0,16.0
2024-12-09,용산구,1393,0,1.1,-3.2,6.2,0.0,0.0358,0.01,0.56,0.0027,33.0,16.0
2024-12-09,은평구,1950,125534,-2.5,-8.2,6.2,0.0,0.0256,0.0124,0.57,0.0037,32.0,12.0
2024-12-09,종로구,3148,233702,0.2,-4.8,5.7,0.0,0.0314,0.0116,0.57,0.0032,32.0,18.0
2024-12-09,중구,2334,274159,-0.2,-4.0,4.6,0.0,0.0229,0.0097,0.56,0.0035,28.0,18.0
2024-12-09,중랑구,2362,92160,1.2,-3.5,6.3,0.0,0.0296,0.0118,0.48,0.0023,32.0,17.0
2024-12-10,강남구,2717,414397,2.3,-2.9,7.7,0.0,0.0348,0.0126,0.61,0.0027,39.0,26.0
2024-12-10,강동구,3841,99263,2.1,-3.0,7.2,0.0,0.0351,0.0133,1.03,0.0035,45.0,31.0
2024-12-10,강북구,1165,50099,0.8,-4.5,6.1,0.0,0.0241,0.0181,0.56,0.0025,37.0,26.0
2024-12-10,강서구,13347,194791,1.8,-3.5,7.7,0.0,0.0385,0.0093,0.67,0.0044,51.0,29.0
2024-12-10,관악구,1748,165220,0.2,-4.0,6.4,0.0,0.0378,0.0137,0.65,0.0032,44.0,27.0
2024-12-10,광진구,4377,64588,2.7,-1.6,6.8,0.0,0.0337,0.015,0.93,0.0021,36.0,24.0
2024-12-10,구로구,4176,129701,2.6,-2.7,8.4,0.0,0.0253,0.012,0.54,0.003,48.0,29.0
2024-12-10,금천구,2078,102583,3.1,-0.9,7.6,0.0,0.0405,0.0108,0.64,0.0033,41.0,30.0
2024-12-10,노원구,5895,160159,-0.9,-7.6,7.5,0.0,0.0369,0.0114,0.72,0.0032,44.0,27.0
2024-12-10,도봉구,1806,97634,0.6,-5.5,8.3,0.0,0.0321,0.0189,0.75,0.0034,38.0,27.0
2024-12-10,동대문구,3029,107866,2.6,-1.9,6.8,0.0,0.0332,0.0149,0.77,0.0026,43.0,26.0
2024-12-10,동작구,1421,99136,1.1,-4.8,8.3,0.0,0.038,0.0117,0.59,0.0027,40.0,28.0
2024-12-10,마포구,3914,267404,2.3,-1.7,5.4,0.0,0.0364,0.0131,0.58,0.0031,39.0,29.0
2024-12-10,서대문구,1589,99686,1.3,-3.1,6.5,0.0,0.032,0.0169,0.87,0.0055,39.0,24.0
2024-12-10,서초구,2440,159335,2.7,-2.9,7.1,0.0,0.0272,0.0116,0.51,0.0027,49.0,28.0
2024-12-10,성동구,3606,133393,3.1,-0.7,6.8,0.0,0.0354,0.0121,0.63,0.0025,41.0,25.0
2024-12-10,성북구,1915,52560,2.0,-2.9,6.1,0.0,0.0352,0.0116,0.82,0.0035,37.0,25.0
2024-12-10,송파구,8116,211774,2.2,-2.1,6.5,0.0,0.0363,0.0105,0.69,0.0028,40.0,24.0
2024-12-10,양천구,5883,38566,3.2,-0.9,6.9,0.0,0.0381,0.0109,0.69,0.0032,45.0,33.0
2024-12-10,영등포구,8850,353172,3.5,-0.2,7.3,0.0,0.034,0.0146,0.57,0.0031,38.0,26.0
2024-12-10,용산구,1479,0,2.7,-2.4,6.8,0.0,0.0357,0.0134,0.66,0.0029,40.0,24.0
2024-12-10,은평구,2077,129310,-1.1,-6.9,6.1,0.0,0.0261,0.0139,0.73,0.0037,39.0,19.0
2024-12-10,종로구,3265,247780,1.6,-3.4,5.6,0.0,0.0326,0.0154,0.72,0.0037,40.0,28.0
2024-12-10,중구,2483,285234,1.3,-2.3,5.0,0.0,0.0211,0.0168,0.62,0.0034,35.0,27.0
2024-12-10,중랑구,2648,95099,2.5,-2.0,7.1,0.0,0.0331,0.012,0.58,0.0024,38.0,25.0
2024-12-11,강남구,2924,414980,3.7,0.6,8.0,0.0,0.0335,0.0144,0.73,0.0038,62.0,39.0
2024-12-11,강동구,4024,100559,3.1,0.0,7.3,0.0,0.0338,0.0146,1.08,0.0044,63.0,41.0
2024-12-11,강북구,1242,50343,1.5,-1.9,6.6,0.0,0.0213,0.0198,0.66,0.0031,58.0,38.0
2024-12-11,강서구,13356,195363,2.9,-0.2,7.4,0.0,0.0269,0.0181,0.67,0.0049,67.0,36.0
2024-12-11,관악구,1883,168456,0.5,-2.8,6.1,0.0,0.0353,0.0125,0.73,0.0043,65.0,38.0
2024-12-11,광진구,4580,66307,3.7,1.1,7.8,0.0,0.034,0.0157,1.06,0.003,56.0,38.0
2024-12-11,구로구,4212,130224,2.6,-0.5,8.0,0.0,0.0192,0.0181,0.59,0.0044,68.0,38.0
2024-12-11,금천구,2071,102107,3.4,0.7,6.8,0.0,0.0366,0.0126,0.73,0.0041,59.0,40.0
2024-12-11,노원구,6145,163794,-0.1,-5.0,7.7,0.0,0.022,0.0237,0.66,0.0045,68.0,43.0
2024-12-11,도봉구,1954,98056,1.6,-2.2,9.7,0.0,0.0307,0.02,0.83,0.0046,58.0,36.0
2024-12-11,동대문구,3081,108950,3.6,0.8,7.6,0.0,0.0289,0.0172,0.8,0.0037,63.0,37.0
2024-12-11,동작구,1592,99603,1.7,-2.2,8.4,0.0,0.0398,0.0105,0.75,0.0037,61.0,42.0
2024-12-11,마포구,4077,270425,2.2,-0.8,6.0,0.0,0.0303,0.0158,0.67,0.0042,58.0,39.0
2024-12-11,서대문구,1715,99153,1.6,-2.1,6.9,0.0,0.0314,0.0163,0.94,0.0063,57.0,34.0
2024-12-11,서초구,2519,160751,3.5,0.2,7.6,0.0,0.0241,0.0137,0.58,0.0038,70.0,38.0
2024-12-11,성동구,3603,135963,3.6,0.7,7.9,0.0,0.0326,0.0133,0.72,0.0027,62.0,36.0
2024-12-11,성북구,2029,52655,2.4,-0.7,7.0,0.0,0.0299,0.0144,0.87,0.0044,53.0,36.0
2024-12-11,송파구,8407,214116,3.1,0.7,7.0,0.0,0.0346,0.0125,0.69,0.0043,61.0,35.0
2024-12-11,양천구,6221,37991,3.2,0.5,6.8,0.0,0.0299,0.0159,0.73,0.0043,67.0,44.0
2024-12-11,영등포구,8915,363953,3.4,0.9,7.4,0.0,0.0287,0.0153,0.67,0.004,55.0,39.0
2024-12-11,용산구,1550,0,3.3,0.4,7.2,0.0,0.0363,0.0126,0.81,0.0041,62.0,38.0
2024-12-11,은평구,2254,130367,-0.4,-4.9,7.1,0.0,0.0247,0.0132,0.78,0.0042,56.0,31.0
2024-12-11,종로구,3417,252590,1.4,-1.8,6.2,0.0,0.0288,0.0173,0.73,0.0049,59.0,42.0
2024-12-11,중구,2542,288562,1.5,-1.5,5.8,0.0,0.0224,0.0173,0.72,0.0046,55.0,42.0
2024-12-11,중랑구,2712,95040,3.6,1.0,7.3,0.0,0.0288,0.0158,0.68,0.0036,59.0,40.0
2024-12-12,강남구,2708,420864,1.6,-2.4,5.9,0.0,0.0263,0.0148,0.5,0.0032,39.0,23.0
2024-12-12,강동구,3912,100497,1.3,-2.3,5.1,0.0,0.0322,0.0118,0.83,0.0042,49.0,28.0
2024-12-12,강북구,1144,50263,-0.2,-4.7,4.3,0.0,0.0169,0.0207,0.46,0.0028,39.0,23.0
2024-12-12,강서구,12709,196905,0.8,-4.1,5.0,0.0,0.0221,0.0189,0.42,0.0043,39.0,17.0
2024-12-12,관악구,1658,171210,-1.1,-5.7,3.9,0.0,0.0281,0.0147,0.48,0.0039,39.0,18.0
2024-12-12,광진구,4249,66912,1.7,-1.4,5.2,0.0,0.0301,0.0123,0.76,0.0027,40.0,24.0
2024-12-12,구로구,3878,131875,0.8,-3.9,6.0,0.0,0.0162,0.0178,0.38,0.0038,41.0,17.0
2024-12-12,금천구,1903,103444,1.3,-1.9,4.6,0.0,0.0287,0.0144,0.47,0.0035,38.0,22.0
2024-12-12,노원구,5792,162372,-1.2,-8.3,5.2,0.0,0.0229,0.0186,0.48,0.0038,44.0,23.0
2024-12-12,도봉구,1844,98138,-0.1,-5.4,7.7,0.0,0.0217,0.0234,0.61,0.0041,38.0,21.0
2024-12-12,동대문구,2808,110540,1.6,-1.4,5.1,0.0,0.025,0.0152,0.61,0.0031,46.0,23.0
2024-12-12,동작구,1381,101733,-0.4,-6.1,4.9,0.0,0.0283,0.0143,0.48,0.0033,38.0,23.0
2024-12-12,마포구,3760,277575,-0.1,-3.3,2.9,0.0,0.0255,0.0152,0.48,0.0035,39.0,22.0
2024-12-12,서대문구,1592,101104,-0.7,-4.9,4.3,0.0,0.0244,0.0176,0.66,0.0051,43.0,22.0
2024-12-12,서초구,2239,166401,1.6,-2.8,5.6,0.0,0.0182,0.0153,0.38,0.0034,45.0,19.0
2024-12-12,성동구,3467,137155,1.4,-1.6,4.9,0.0,0.0293,0.0107,0.54,0.0022,41.0,22.0
2024-12-12,성북구,1817,53071,0.5,-3.6,4.2,0.0,0.0238,0.0147,0.65,0.0039,36.0,20.0
2024-12-12,송파구,7972,215270,1.2,-2.2,4.8,0.0,0.0307,0.0107,0.54,0.0037,43.0,23.0
2024-12-12,양천구,5761,38231,1.3,-1.9,4.6,0.0,0.0246,0.0166,0.47,0.0039,37.0,22.0
2024-12-12,영등포구,8419,363690,1.5,-1.6,5.1,0.0,0.023,0.0175,0.44,0.0035,34.0,20.0
2024-12-12,용산구,1489,0,1.2,-2.3,4.2,0.0,0.0282,0.0128,0.56,0.0041,42.0,23.0
2024-12-12,은평구,2019,129997,-2.7,-8.6,4.2,0.0,0.0196,0.0148,0.52,0.0038,42.0,19.0
2024-12-12,종로구,3172,256705,-0.5,-4.7,3.3,0.0,0.0239,0.0154,0.57,0.0039,43.0,28.0
2024-12-12,중구,2334,296711,-1.1,-3.9,2.7,0.0,0.0173,0.0167,0.51,0.0041,36.0,26.0
2024-12-12,중랑구,2488,95296,1.7,-1.6,5.1,0.0,0.0269,0.0137,0.52,0.0032,41.0,24.0
2024-12-13,강남구,2727,429729,1.8,-0.5,5.3,0.0,0.0215,0.0196,0.39,0.0028,27.0,16.0
2024-12-13,강동구,3790,102562,1.6,-0.9,5.8,0.0,0.0236,0.0219,0.47,0.0039,35.0,19.0
2024-12-13,강북구,1161,50751,0.4,-1.9,4.2,0.0,0.012,0.0287,0.36,0.0026,26.0,17.0
2024-12-13,강서구,12403,203431,1.1,-1.4,4.7,0.0,0.0216,0.0222,0.4,0.0037,31.0,14.0
2024-12-13,관악구,1717,181416,0.1,-2.2,3.3,0.0,0.0228,0.0208,0.39,0.0032,27.0,13.0
2024-12-13,광진구,3988,70972,1.7,-0.4,5.0,0.0,0.02,0.0246,0.45,0.0024,27.0,16.0
2024-12-13,구로구,3793,135128,1.1,-1.0,4.5,0.0,0.0154,0.0217,0.33,0.0029,31.0,13.0
2024-12-13,금천구,1797,102006,1.5,-0.5,4.1,0.0,0.0242,0.0209,0.38,0.003,23.0,14.0
2024-12-13,노원구,5568,166644,0.4,-3.8,5.6,0.0,0.0194,0.0232,0.42,0.0033,32.0,18.0
2024-12-13,도봉구,1782,99949,0.3,-2.7,5.1,0.0,0.0169,0.0301,0.48,0.0034,28.0,16.0
2024-12-13,동대문구,2781,112334,1.7,-0.7,4.9,0.0,0.0177,0.0242,0.43,0.0026,28.0,15.0
2024-12-13,동작구,1386,107218,1.1,-2.3,4.9,0.0,0.0224,0.0215,0.39,0.0028,26.0,16.0
2024-12-13,마포구,3605,298365,0.6,-1.7,3.3,0.0,0.0236,0.0183,0.41,0.0031,27.0,17.0
2024-12-13,서대문구,1565,106427,0.1,-2.7,4.1,0.0,0.0216,0.0228,0.5,0.0041,28.0,15.0
2024-12-13,서초구,2346,181266,1.7,-0.8,5.0,0.0,0.0166,0.0204,0.32,0.003,34.0,15.0
2024-12-13,성동구,3257,141893,1.6,-0.9,4.8,0.0,0.0208,0.0204,0.38,0.0022,26.0,15.0
2024-12-13,성북구,1697,53727,0.5,-1.8,4.1,0.0,0.0188,0.021,0.54,0.0034,23.0,13.0
2024-12-13,송파구,7616,219492,1.6,-0.4,4.8,0.0,0.0235,0.0181,0.4,0.0031,29.0,16.0
2024-12-13,양천구,5800,39166,1.5,-0.5,4.3,0.0,0.0243,0.0201,0.42,0.0032,26.0,17.0
2024-12-13,영등포구,8382,393408,1.8,-0.2,4.5,0.0,0.0224,0.0214,0.4,0.0031,25.0,16.0
2024-12-13,용산구,1397,0,1.6,-0.6,4.5,0.0,0.0241,0.018,0.44,0.0031,28.0,16.0
2024-12-13,은평구,1980,133276,-1.3,-5.6,3.9,0.0,0.0181,0.0191,0.44,0.0037,29.0,12.0
2024-12-13,종로구,2963,265717,-0.5,-2.9,3.1,0.0,0.0191,0.0237,0.41,0.0033,27.0,17.0
2024-12-13,중구,2181,298491,-0.7,-3.1,2.8,0.0,0.015,0.0237,0.4,0.0036,24.0,17.0
2024-12-13,중랑구,2476,97381,1.5,-0.5,5.1,0.0,0.0198,0.0213,0.41,0.0028,28.0,16.0
2024-12-14,강남구,1662,273781,0.2,-2.4,3.4,0.0,0.0148,0.0243,0.4,0.0026,27.0,15.0
2024-12-14,강동구,2688,74660,-0.1,-2.7,2.8,0.0,0.0155,0.029,0.47,0.0037,30.0,16.0
2024-12-14,강북구,895,41992,-1.4,-4.5,1.0,0.0,0.0106,0.0295,0.39,0.0023,28.0,17.0
2024-12-14,강서구,7316,155202,-0.3,-2.9,3.1,0.0,0.0202,0.0225,0.39,0.0037,32.0,14.0
2024-12-14,관악구,1313,160238,-1.7,-5.5,2.1,0.0,0.0197,0.0225,0.42,0.0029,31.0,15.0
2024-12-14,광진구,2812,61779,0.1,-2.1,2.4,0.0,0.0138,0.0303,0.47,0.002,25.0,14.0
2024-12-14,구로구,2559,101177,-0.2,-3.0,4.0,0.0,0.0122,0.0248,0.35,0.0028,34.0,15.0
2024-12-14,금천구,923,46638,0.0,-2.1,2.7,0.0,0.0218,0.0217,0.41,0.003,27.0,16.0
2024-12-14,노원구,3997,129500,-1.9,-8.2,3.0,0.0,0.0151,0.0268,0.41,0.0027,30.0,15.0
2024-12-14,도봉구,1333,81457,-1.4,-5.1,3.9,0.0,0.0112,0.0348,0.42,0.0031,26.0,14.0
2024-12-14,동대문구,1932,87328,0.0,-2.6,2.4,0.0,0.0132,0.0271,0.44,0.0022,29.0,14.0
2024-12-14,동작구,1546,95127,-0.9,-4.1,3.0,0.0,0.0178,0.0245,0.4,0.0025,30.0,18.0
2024-12-14,마포구,3313,297984,-1.1,-3.7,0.9,0.0,0.0201,0.021,0.4,0.0026,27.0,14.0
2024-12-14,서대문구,1059,86845,-1.8,-5.0,2.0,0.0,0.0194,0.0241,0.56,0.0038,29.0,16.0
2024-12-14,서초구,1672,167883,0.1,-2.1,2.7,0.0,0.013,0.0237,0.33,0.0027,32.0,14.0
2024-12-14,성동구,1866,101870,0.0,-2.5,2.3,0.0,0.016,0.0237,0.38,0.0018,26.0,14.0
2024-12-14,성북구,1276,40278,-1.2,-4.0,1.5,0.0,0.0137,0.024,0.48,0.0033,24.0,14.0
2024-12-14,송파구,5076,157034,-0.4,-2.9,2.4,0.0,0.0182,0.0218,0.41,0.0028,30.0,15.0
2024-12-14,양천구,4216,28765,0.2,-2.2,2.6,0.0,0.0203,0.0223,0.43,0.0028,29.0,18.0
2024-12-14,영등포구,8878,464467,0.3,-2.1,3.1,0.0,0.0173,0.0255,0.4,0.003,26.0,16.0
2024-12-14,용산구,1109,0,0.0,-2.2,2.3,0.0,0.0182,0.0209,0.45,0.0022,30.0,15.0
2024-12-14,은평구,1527,107612,-3.8,-8.6,2.0,0.0,0.017,0.0196,0.5,0.0034,30.0,12.0
2024-12-14,종로구,1597,216129,-2.0,-4.6,1.5,0.0,0.0157,0.0252,0.42,0.0027,28.0,17.0
2024-12-14,중구,1093,216166,-2.4,-5.0,0.3,0.0,0.0122,0.0255,0.46,0.0032,23.0,16.0
2024-12-14,중랑구,1776,75943,0.0,-2.5,2.2,0.0,0.0179,0.0225,0.42,0.0024,28.0,16.0
2024-12-15,강남구,1507,160721,1.6,-0.9,5.6,0.0,0.0145,0.0267,0.32,0.0026,19.0,10.0
2024-12-15,강동구,2334,49846,1.2,-1.4,5.3,0.0,0.0207,0.0255,0.47,0.0035,23.0,12.0
2024-12-15,강북구,799,30633,0.8,-2.3,4.4,0.0,0.0112,0.0322,0.3,0.0021,18.0,9.0
2024-12-15,강서구,5787,106065,1.2,-2.8,6.1,0.0,0.0225,0.0227,0.37,0.0034,24.0,9.0
2024-12-15,관악구,1279,103754,0.4,-3.5,4.8,0.0,0.0216,0.0228,0.36,0.0028,22.0,9.0
2024-12-15,광진구,2591,44498,1.8,-0.8,5.6,0.0,0.0154,0.031,0.41,0.002,18.0,9.0
2024-12-15,구로구,2107,68086,0.9,-2.5,6.3,0.0,0.015,0.0235,0.31,0.0026,26.0,12.0
2024-12-15,금천구,674,30496,1.4,-0.6,6.2,0.0,0.0246,0.0208,0.45,0.0029,19.0,9.0
2024-12-15,노원구,3688,89937,-0.2,-6.2,5.9,0.0,0.0185,0.026,0.37,0.0026,20.0,8.0
2024-12-15,도봉구,1156,59374,0.2,-4.0,6.6,0.0,0.0155,0.0339,0.4,0.003,19.0,9.0
2024-12-15,동대문구,1690,61935,1.6,-0.8,5.6,0.0,0.0132,0.0297,0.35,0.0022,19.0,8.0
2024-12-15,동작구,980,56726,1.4,-4.0,6.4,0.0,0.0166,0.0281,0.32,0.0025,20.0,11.0
2024-12-15,마포구,2387,189569,0.7,-1.9,3.9,0.0,0.0218,0.0221,0.35,0.0027,19.0,10.0
2024-12-15,서대문구,1042,60393,0.2,-3.3,5.0,0.0,0.0215,0.0249,0.52,0.0037,22.0,12.0
2024-12-15,서초구,1281,121845,1.9,-1.4,6.2,0.0,0.0108,0.0287,0.27,0.0026,23.0,9.0
2024-12-15,성동구,1581,74842,1.7,-1.0,6.0,0.0,0.0139,0.0278,0.31,0.0018,18.0,8.0
2024-12-15,성북구,1092,27154,0.6,-2.8,4.4,0.0,0.0132,0.0267,0.45,0.003,16.0,8.0
2024-12-15,송파구,4425,102907,1.4,-1.1,5.2,0.0,0.0184,0.0229,0.35,0.0028,22.0,10.0
2024-12-15,양천구,3579,18196,1.6,-0.6,6.3,0.0,0.024,0.021,0.39,0.0029,21.0,12.0
2024-12-15,영등포구,4191,180327,1.7,-0.6,6.0,0.0,0.0189,0.0258,0.34,0.0028,19.0,10.0
2024-12-15,용산구,1004,0,1.6,-1.1,5.5,0.0,0.0176,0.0234,0.37,0.0023,20.0,8.0
2024-12-15,은평구,1273,72686,-1.0,-6.0,4.8,0.0,0.0161,0.0221,0.43,0.0034,22.0,7.0
2024-12-15,종로구,1391,137855,-0.3,-3.4,4.6,0.0,0.0145,0.0288,0.33,0.0027,18.0,10.0
2024-12-15,중구,991,140927,-0.6,-3.3,3.5,0.0,0.0121,0.0295,0.37,0.0031,16.0,10.0
2024-12-15,중랑구,1648,52898,1.7,-1.0,5.1,0.0,0.0186,0.0243,0.36,0.0023,19.0,9.0
2024-12-16,강남구,2149,405767,0.3,-3.9,4.1,0.0,0.0333,0.0096,0.49,0.0027,28.0,16.0
2024-12-16,강동구,2874,97302,-0.5,-4.2,3.8,0.0,0.0374,0.0075,0.62,0.0038,36.0,20.0
2024-12-16,강북구,1012,47834,-1.3,-5.3,3.5,0.0,0.0253,0.0131,0.48,0.002,27.0,16.0
2024-12-16,강서구,11323,189803,-0.4,-4.9,4.0,0.0,0.0358,0.0092,0.5,0.0039,31.0,15.0
2024-12-16,관악구,1379,158225,-1.0,-4.8,2.6,0.0,0.0366,0.0092,0.49,0.003,29.0,15.0
2024-12-16,광진구,3487,63021,0.4,-2.7,3.9,0.0,0.0345,0.0099,0.65,0.0022,27.0,15.0
2024-12-16,구로구,3346,128822,-0.4,-4.2,4.5,0.0,0.0243,0.0092,0.43,0.003,37.0,18.0
2024-12-16,금천구,1531,102021,0.7,-2.1,3.6,0.0,0.0353,0.0094,0.54,0.0028,27.0,16.0
2024-12-16,노원구,4677,155850,-2.9,-8.8,4.5,0.0,0.0357,0.0076,0.59,0.003,31.0,17.0
2024-12-16,도봉구,1433,94061,-2.1,-6.6,4.4,0.0,0.0334,0.013,0.6,0.003,27.0,15.0
2024-12-16,동대문구,2488,105929,0.3,-3.0,4.5,0.0,0.0329,0.0108,0.59,0.0025,31.0,15.0
2024-12-16,동작구,1110,95653,-0.9,-5.8,4.3,0.0,0.0341,0.0097,0.48,0.0025,27.0,17.0
2024-12-16,마포구,3268,261898,-0.1,-2.6,3.7,0.0,0.0376,0.0072,0.49,0.0029,26.0,15.0
2024-12-16,서대문구,1377,96286,-1.4,-4.1,3.7,0.0,0.0329,0.0107,0.73,0.005,29.0,18.0
2024-12-16,서초구,1856,158437,0.2,-3.8,4.4,0.0,0.0262,0.0084,0.39,0.0027,36.0,17.0
2024-12-16,성동구,3015,131684,0.8,-2.0,4.5,0.0,0.0334,0.0093,0.48,0.0022,29.0,15.0
2024-12-16,성북구,1574,50059,-0.5,-3.8,3.3,0.0,0.0341,0.008,0.72,0.0034,28.0,15.0
2024-12-16,송파구,6115,204430,0.3,-3.4,3.6,0.0,0.0329,0.0083,0.47,0.0027,28.0,15.0
2024-12-16,양천구,5260,36720,0.8,-1.8,4.5,0.0,0.0377,0.0075,0.54,0.003,29.0,18.0
2024-12-16,영등포구,7612,334089,1.1,-0.9,3.6,0.0,0.0351,0.0093,0.46,0.003,26.0,16.0
2024-12-16,용산구,1198,0,-0.1,-4.0,4.0,0.0,0.0396,0.0068,0.54,0.0025,28.0,15.0
2024-12-16,은평구,1664,125583,-3.6,-8.2,3.6,0.0,0.0259,0.0105,0.52,0.0033,28.0,11.0
2024-12-16,종로구,2791,244823,-1.1,-4.4,3.1,0.0,0.0355,0.0095,0.55,0.003,29.0,18.0
2024-12-16,중구,2028,276019,-1.2,-3.3,2.3,0.0,0.0247,0.0086,0.55,0.0034,24.0,16.0
2024-12-16,중랑구,2155,92905,0.0,-3.1,4.4,0.0,0.0358,0.0077,0.53,0.0024,30.0,17.0
2024-12-17,강남구,2388,424216,-0.2,-3.5,3.9,0.0,0.0221,0.0186,0.4,0.0026,24.0,14.0
2024-12-17,강동구,3245,98777,-0.4,-4.3,4.3,0.0,0.0273,0.0164,0.61,0.0036,31.0,19.0
2024-12-17,강북구,1128,50005,-2.0,-4.8,2.2,0.0,0.0154,0.0234,0.39,0.0022,22.0,14.0
2024-12-17,강서구,11912,196718,-0.8,-4.9,4.3,0.0,0.024,0.0186,0.42,0.0038,28.0,15.0
2024-12-17,관악구,1487,168530,-1.6,-4.7,3.2,0.0,0.0277,0.0159,0.43,0.003,26.0,13.0
2024-12-17,광진구,3731,66607,0.0,-3.0,3.2,0.0,0.0238,0.02,0.55,0.0022,25.0,14.0
2024-12-17,구로구,3645,132544,-0.8,-4.3,3.9,0.0,0.017,0.0181,0.35,0.0031,29.0,13.0
2024-12-17,금천구,1746,103851,-0.1,-3.1,3.5,0.0,0.0261,0.0173,0.4,0.0029,24.0,14.0
2024-12-17,노원구,5133,161146,-2.4,-8.9,4.1,0.0,0.0258,0.0144,0.5,0.0029,28.0,16.0
2024-12-17,도봉구,1562,97902,-2.0,-6.4,4.2,0.0,0.0221,0.0243,0.53,0.0032,22.0,13.0
2024-12-17,동대문구,2559,109023,-0.3,-3.0,3.7,0.0,0.0186,0.0218,0.44,0.0024,25.0,13.0
2024-12-17,동작구,1273,99620,-0.8,-6.1,4.1,0.0,0.0261,0.0163,0.4,0.0026,25.0,15.0
2024-12-17,마포구,3463,275054,-1.1,-4.2,2.3,0.0,0.0281,0.0143,0.44,0.0028,24.0,15.0
2024-12-17,서대문구,1394,99673,-1.7,-5.0,2.4,0.0,0.0232,0.0194,0.59,0.0044,25.0,15.0
2024-12-17,서초구,2202,164000,-0.3,-3.7,4.0,0.0,0.0191,0.0161,0.33,0.0027,30.0,13.0
2024-12-17,성동구,3149,138897,0.2,-3.2,3.4,0.0,0.0232,0.0172,0.39,0.0021,24.0,13.0
2024-12-17,성북구,1685,51716,-1.1,-4.3,2.7,0.0,0.0247,0.0153,0.65,0.0033,22.0,12.0
2024-12-17,송파구,6859,213609,-0.4,-3.0,3.1,0.0,0.0069,0.0133,0.45,0.0027,28.0,14.0
2024-12-17,양천구,5339,38888,-0.1,-2.9,3.6,0.0,0.0256,0.0169,0.43,0.0031,24.0,15.0
2024-12-17,영등포구,7728,346294,0.3,-2.9,4.0,0.0,0.0242,0.0181,0.39,0.003,22.0,13.0
2024-12-17,용산구,1272,0,-0.6,-3.7,3.3,0.0,0.0253,0.0141,0.46,0.0024,23.0,13.0
2024-12-17,은평구,1815,128895,-4.2,-8.7,3.1,0.0,0.02,0.0151,0.53,0.0033,25.0,10.0
2024-12-17,종로구,3030,255326,-2.2,-5.3,2.4,0.0,0.0206,0.0199,0.43,0.003,24.0,16.0
2024-12-17,중구,2068,286518,-2.3,-5.8,1.3,0.0,0.0163,0.0187,0.43,0.0033,22.0,16.0
2024-12-17,중랑구,2270,95200,-0.1,-3.0,3.4,0.0,0.0262,0.0152,0.49,0.0025,26.0,16.0
2024-12-18,강남구,2181,419224,-2.5,-4.7,0.6,0.0,0.0172,0.0176,0.41,0.0029,28.0,16.0
2024-12-18,강동구,3036,98674,-2.9,-5.5,1.7,0.0,0.0204,0.0187,0.55,0.0043,33.0,17.0
2024-12-18,강북구,944,49306,-4.2,-7.5,-0.3,0.0,0.0111,0.0238,0.38,0.0026,30.0,17.0
2024-12-18,강서구,10720,193769,-3.3,-6.5,0.1,0.0,0.0165,0.0197,0.39,0.0037,36.0,18.0
2024-12-18,관악구,1389,167029,-5.2,-8.9,-0.8,0.0,0.0189,0.017,0.41,0.0033,31.0,15.0
2024-12-18,광진구,3517,67710,-2.4,-4.8,0.3,0.0,0.0178,0.0216,0.51,0.0026,28.0,14.0
2024-12-18,구로구,3277,131675,-3.7,-6.2,0.5,0.0,0.0122,0.0181,0.35,0.0034,37.0,17.0
2024-12-18,금천구,1681,102634,-3.1,-5.0,-0.6,0.0,0.0189,0.0185,0.36,0.0031,30.0,16.0
2024-12-18,노원구,4886,161585,-4.4,-11.1,1.1,0.0,0.0178,0.0181,0.44,0.0034,34.0,17.0
2024-12-18,도봉구,1544,96103,-4.1,-8.5,3.6,0.0,0.0138,0.0266,0.49,0.0038,29.0,14.0
2024-12-18,동대문구,2499,108412,-2.8,-5.2,1.0,0.0,0.0137,0.0211,0.44,0.0029,30.0,14.0
2024-12-18,동작구,1111,99352,-3.1,-6.1,0.8,0.0,0.0172,0.0179,0.39,0.0028,32.0,18.0
2024-12-18,마포구,3062,274242,-4.2,-6.4,-1.7,0.0,0.0186,0.0164,0.4,0.003,30.0,14.0
2024-12-18,서대문구,1285,98074,-4.9,-7.8,-0.6,0.0,0.0155,0.0222,0.43,0.0038,32.0,16.0
2024-12-18,서초구,2033,162407,-2.8,-4.7,0.1,0.0,0.0131,0.017,0.33,0.0031,36.0,15.0
2024-12-18,성동구,2799,137444,-2.8,-4.9,0.1,0.0,0.0168,0.0184,0.39,0.0025,30.0,14.0
2024-12-18,성북구,1559,51826,-3.9,-6.8,0.3,0.0,0.0148,0.0186,0.55,0.0041,26.0,14.0
2024-12-18,송파구,6377,211199,-2.6,-5.0,0.0,0.0,0.0181,0.0169,0.41,0.0031,31.0,15.0
2024-12-18,양천구,4693,37472,-3.0,-4.9,-0.2,0.0,0.0187,0.0173,0.43,0.0032,32.0,19.0
2024-12-18,영등포구,6908,349205,-3.0,-5.0,0.0,0.0,0.0172,0.0191,0.39,0.0032,29.0,16.0
2024-12-18,용산구,1130,0,-3.0,-5.2,-0.4,0.0,0.0175,0.0151,0.45,0.0026,31.0,16.0
2024-12-18,은평구,1614,128404,-7.0,,,0.0,0.0151,0.017,0.52,0.004,33.0,12.0
2024-12-18,종로구,2655,259190,-4.9,-7.6,-0.9,0.0,0.0148,0.0206,0.4,0.0034,30.0,17.0
2024-12-18,중구,1967,287656,-5.3,-7.7,-1.7,0.0,0.0115,0.0197,0.41,0.0038,27.0,18.0
2024-12-18,중랑구,2072,94398,-2.6,-5.1,0.9,0.0,0.0204,0.0158,0.45,0.0031,30.0,16.0
2024-12-19,강남구,2387,427982,-1.4,-6.0,4.7,0.0,0.0344,0.0081,0.59,0.0035,48.0,28.0
2024-12-19,강동구,3229,98608,-1.8,-6.7,4.4,0.0,0.0355,0.0093,0.81,0.0046,55.0,32.0
2024-12-19,강북구,1051,49117,-3.4,-8.5,2.8,0.0,0.0277,0.0103,0.59,0.0028,54.0,32.0
2024-12-19,강서구,11150,196888,-2.3,-7.7,3.5,0.0,0.0337,0.0094,0.56,0.0052,59.0,31.0
2024-12-19,관악구,1434,170390,-3.9,-9.1,3.0,0.0,0.0435,0.0065,0.68,0.0044,51.0,32.0
2024-12-19,광진구,3499,68927,-1.0,-5.8,3.7,0.0,0.0347,0.0107,0.75,0.0029,47.0,27.0
2024-12-19,구로구,3359,132267,-1.6,-7.2,5.1,0.0,0.024,0.0075,0.52,0.0046,61.0,31.0
2024-12-19,금천구,1679,102823,-0.9,-5.2,4.1,0.0,0.0438,0.0069,0.68,0.0041,61.0,39.0
2024-12-19,노원구,4883,160469,-4.7,-11.5,4.2,0.0,0.0356,0.009,0.72,0.0044,62.0,39.0
2024-12-19,도봉구,1591,97513,-3.1,-9.3,7.1,0.0,0.0358,0.0116,0.74,0.0042,54.0,31.0
2024-12-19,동대문구,2523,110052,-1.1,-6.1,4.0,0.0,0.0336,0.0087,0.71,0.0036,55.0,28.0
2024-12-19,동작구,1150,99775,-3.3,-8.7,4.7,0.0,0.0424,0.0045,0.7,0.0035,59.0,36.0
2024-12-19,마포구,3271,282622,-1.9,-6.1,2.3,0.0,0.0354,0.0077,0.58,0.0039,48.0,29.0
2024-12-19,서대문구,1334,100173,-2.9,-7.9,2.8,0.0,0.0367,0.0088,0.92,0.0066,50.0,27.0
2024-12-19,서초구,2151,166199,-1.4,-6.7,3.7,0.0,0.0282,0.0062,0.51,0.0037,59.0,29.0
2024-12-19,성동구,3035,138710,-0.8,-5.0,3.8,0.0,0.0345,0.0084,0.57,0.0032,48.0,24.0
2024-12-19,성북구,1569,51799,-2.1,-7.3,3.5,0.0,0.0338,0.0078,0.7,0.0043,51.0,28.0
2024-12-19,송파구,6768,214156,-1.3,-5.7,3.8,0.0,0.0366,0.0073,0.65,0.0038,52.0,28.0
2024-12-19,양천구,5022,37772,-0.9,-5.4,3.7,0.0,0.0366,0.0087,0.63,0.0046,57.0,35.0
2024-12-19,영등포구,7200,350072,-0.7,-4.9,4.0,0.0,0.0356,0.0085,0.56,0.0042,48.0,30.0
2024-12-19,용산구,1152,0,-1.5,-6.1,3.8,0.0,0.0378,0.007,0.67,0.0036,49.0,29.0
2024-12-19,은평구,1678,129745,-5.3,-11.8,3.6,0.0,0.0289,0.0082,0.64,0.0041,51.0,22.0
2024-12-19,종로구,2802,260335,-2.9,-7.6,3.1,0.0,0.0349,0.0088,0.64,0.0043,52.0,32.0
2024-12-19,중구,2007,286285,-2.8,-7.0,1.9,0.0,0.0235,0.0054,0.63,0.0046,45.0,31.0
2024-12-19,중랑구,2187,95356,-1.3,-6.2,3.8,0.0,0.0329,0.009,0.62,0.0034,51.0,31.0
2024-12-20,강남구,2300,441341,0.9,-2.3,4.5,0.0,0.0478,0.0026,0.75,0.0033,58.0,38.0
2024-12-20,강동구,3342,101855,0.2,-2.9,3.9,0.5,0.0434,0.0046,0.84,0.0042,58.0,42.0
2024-12-20,강북구,987,51193,-0.3,-3.9,3.7,0.0,0.0445,0.004,0.73,0.0035,59.0,41.0
2024-12-20,강서구,11259,204399,1.7,-3.0,5.5,0.0,0.0514,0.0037,0.84,0.005,61.0,39.0
2024-12-20,관악구,1428,181800,0.5,-3.8,3.3,0.5,0.0538,0.0029,0.78,0.0044,49.0,35.0
2024-12-20,광진구,3602,73721,1.0,-1.4,4.4,0.0,0.0459,0.0046,0.77,0.0033,51.0,35.0
2024-12-20,구로구,3455,138462,1.4,-2.7,5.1,0.0,0.0318,0.0025,0.66,0.0041,65.0,40.0
2024-12-20,금천구,1650,102166,1.8,-1.1,5.0,0.5,0.0489,0.0047,0.7,0.0045,56.0,40.0
2024-12-20,노원구,5094,168059,-1.1,-6.6,3.6,0.0,0.0448,0.0052,0.76,0.0042,61.0,43.0
2024-12-20,도봉구,1636,100705,-0.6,-4.6,3.8,0.0,0.0492,0.0054,0.86,0.0038,54.0,37.0
2024-12-20,동대문구,2551,115465,0.8,-1.9,4.8,0.0,0.0465,0.0036,0.87,0.0034,61.0,36.0
2024-12-20,동작구,1239,107514,0.9,-4.2,5.4,0.0,0.0491,0.0026,0.71,0.0039,58.0,40.0
2024-12-20,마포구,3377,303480,1.2,-1.0,4.2,0.0,0.0524,0.0031,0.83,0.0041,53.0,38.0
2024-12-20,서대문구,1333,104338,0.3,-2.8,4.5,0.0,0.052,0.0044,0.96,0.0054,57.0,38.0
2024-12-20,서초구,2051,185697,1.0,-3.2,4.5,0.5,0.0379,0.0026,0.64,0.0034,67.0,41.0
2024-12-20,성동구,3014,145877,1.2,-1.0,4.4,0.0,0.0481,0.0027,0.78,0.0039,58.0,33.0
2024-12-20,성북구,1562,53383,0.1,-2.6,3.9,0.0,0.0467,0.0033,0.8,0.0039,55.0,36.0
2024-12-20,송파구,6631,223469,0.8,-2.2,3.5,0.5,0.0486,0.0032,0.75,0.0041,58.0,35.0
2024-12-20,양천구,5041,39220,2.1,-0.8,5.0,0.0,0.0527,0.0026,0.81,0.0043,62.0,42.0
2024-12-20,영등포구,7370,367127,2.1,-0.1,5.4,0.0,0.0509,0.0031,0.78,0.0043,54.0,38.0
2024-12-20,용산구,1195,0,1.3,-2.0,4.4,0.0,0.054,0.0028,0.88,0.0055,57.0,39.0
2024-12-20,은평구,1756,134989,-0.4,-6.4,4.6,0.0,0.0448,0.0048,0.75,0.0045,59.0,35.0
2024-12-20,종로구,2911,276031,-0.1,-3.4,3.3,0.0,0.0508,0.0033,0.84,0.0047,59.0,42.0
2024-12-20,중구,1964,299935,-0.6,-2.7,2.8,0.0,0.0283,0.0027,0.88,0.0047,56.0,44.0
2024-12-20,중랑구,2191,100132,0.8,-1.8,4.0,0.0,0.045,0.0044,0.71,0.0031,55.0,38.0
2024-12-21,강남구,1046,276442,-0.3,-3.6,2.5,4.0,0.0213,0.0188,0.57,0.0024,50.0,41.0
2024-12-21,강동구,1682,73945,-0.5,-4.3,2.4,2.0,0.023,0.0211,0.66,0.0035,54.0,46.0
2024-12-21,강북구,592,43482,-1.5,-5.6,1.7,2.5,0.0161,0.0251,0.55,0.0026,52.0,41.0
2024-12-21,강서구,4962,147605,-0.4,-4.0,2.5,0.5,0.0209,0.0207,0.55,0.0032,52.0,39.0
2024-12-21,관악구,804,157074,-1.5,-4.9,1.9,2.0,0.0224,0.0191,0.58,0.0028,43.0,36.0
2024-12-21,광진구,1806,64956,-0.3,-3.8,2.3,1.0,0.0231,0.0225,0.6,0.0037,46.0,37.0
2024-12-21,구로구,1623,99117,-0.6,-4.1,2.3,2.0,0.014,0.0188,0.48,0.0025,52.0,42.0
2024-12-21,금천구,621,43461,-0.6,-3.9,2.4,2.0,0.0205,0.021,0.52,0.0028,48.0,39.0
2024-12-21,노원구,2894,130002,-1.2,-7.1,1.4,1.5,0.0217,0.0196,0.56,0.0026,55.0,45.0
2024-12-21,도봉구,955,79719,-1.2,-5.9,1.7,1.0,0.0199,0.0265,0.74,0.0031,50.0,40.0
2024-12-21,동대문구,1298,87186,-0.7,-4.2,1.8,1.5,0.019,0.0202,0.63,0.0021,54.0,38.0
2024-12-21,동작구,681,87278,-0.3,-3.4,2.6,1.5,0.0206,0.0194,0.56,0.0024,51.0,40.0
2024-12-21,마포구,1706,274315,-1.5,-5.0,1.4,1.5,0.0219,0.0189,0.55,0.0026,45.0,37.0
2024-12-21,서대문구,703,92723,-1.7,-5.7,0.8,2.0,0.024,0.0208,0.76,0.0031,51.0,41.0
2024-12-21,서초구,1020,159570,-0.4,-3.6,2.1,3.5,0.0141,0.0207,0.45,0.0024,52.0,40.0
2024-12-21,성동구,1237,108716,-0.5,-3.9,2.1,2.0,0.0087,0.0005,0.14,0.0008,48.0,32.0
2024-12-21,성북구,792,39186,-1.7,-5.4,1.3,3.0,0.0211,0.0179,0.63,0.0027,46.0,38.0
2024-12-21,송파구,3132,156957,-0.3,-3.8,2.2,1.5,0.0244,0.0159,0.57,0.0032,48.0,35.0
2024-12-21,양천구,3000,27556,-0.4,-3.7,2.2,3.0,0.0237,0.018,0.6,0.0027,50.0,43.0
2024-12-21,영등포구,3369,262525,-0.4,-3.7,2.5,3.0,0.0208,0.0196,0.55,0.0027,46.0,37.0
2024-12-21,용산구,651,0,-0.6,-3.9,2.3,3.0,0.0221,0.0165,0.63,0.0025,48.0,39.0
2024-12-21,은평구,1029,107145,-2.5,-9.6,1.4,2.0,0.0214,0.0166,0.69,0.0033,54.0,40.0
2024-12-21,종로구,1267,251255,-2.5,-6.1,0.4,2.5,0.0201,0.02,0.58,0.003,52.0,43.0
2024-12-21,중구,784,251147,-2.9,-6.5,-0.1,3.0,0.0157,0.0206,0.6,0.0031,50.0,44.0
2024-12-21,중랑구,1159,76444,-0.5,-3.7,1.9,2.5,0.0253,0.0168,0.61,0.0024,50.0,41.0
2024-12-22,강남구,960,164306,-2.7,-5.9,1.4,0.0,0.0124,0.0268,0.32,0.0023,19.0,9.0
2024-12-22,강동구,1699,49711,-3.3,-6.7,1.2,0.0,0.0138,0.0309,0.43,0.0037,22.0,11.0
2024-12-22,강북구,652,29435,-4.8,-9.1,-0.7,0.0,0.0103,0.0297,0.33,0.0023,20.0,11.0
2024-12-22,강서구,4656,104470,-2.6,-5.8,1.8,0.0,0.0136,0.0287,0.31,0.0032,23.0,11.0
2024-12-22,관악구,883,107050,-4.4,-7.3,0.3,0.0,0.017,0.0253,0.35,0.003,17.0,10.0
2024-12-22,광진구,1891,51713,-2.7,-6.4,0.4,0.0,0.0116,0.0329,0.37,0.0035,18.0,9.0
2024-12-22,구로구,1596,66019,-2.9,-6.6,2.2,0.0,0.0104,0.0255,0.28,0.0027,24.0,10.0
2024-12-22,금천구,547,29503,-2.6,-5.9,1.1,0.0,0.0164,0.0263,0.21,0.0026,18.0,10.0
2024-12-22,노원구,2674,88736,-5.0,-11.2,0.7,0.0,0.0153,0.0265,0.39,0.0027,24.0,14.0
2024-12-22,도봉구,897,56518,-4.5,-9.4,2.3,0.0,0.0124,0.0345,0.5,0.003,18.0,9.0
2024-12-22,동대문구,1298,61119,-2.9,-6.4,0.8,0.0,0.0111,0.0289,0.36,0.0022,20.0,8.0
2024-12-22,동작구,670,56543,-3.6,-6.0,1.5,0.0,0.0153,0.0256,0.32,0.0023,21.0,10.0
2024-12-22,마포구,1741,199895,-3.7,-7.4,-0.7,0.0,0.0163,0.0249,0.32,0.0026,19.0,5.0
2024-12-22,서대문구,771,60059,-4.5,-8.8,-0.2,0.0,0.0166,0.0275,0.52,0.0037,22.0,12.0
2024-12-22,서초구,955,123679,-2.8,-5.9,0.7,0.0,0.0089,0.0286,0.26,0.0026,23.0,9.0
2024-12-22,성동구,1272,82159,-2.7,-6.1,0.9,0.0,0.0,0.0001,0.01,0.0001,,
2024-12-22,성북구,805,30024,-3.9,-8.5,0.2,0.0,0.0118,0.0261,0.31,0.0027,16.0,8.0
2024-12-22,송파구,3089,105217,-3.1,-6.2,0.3,0.0,0.0153,0.0241,0.33,0.0029,22.0,10.0
2024-12-22,양천구,2760,18128,-2.4,-5.7,1.2,0.0,0.0157,0.0267,0.34,0.0026,19.0,10.0
2024-12-22,영등포구,3167,176802,-2.3,-5.8,1.2,0.0,0.0123,0.0291,0.3,0.0025,18.0,9.0
2024-12-22,용산구,663,0,-2.7,-6.2,0.5,0.0,0.0136,0.0234,0.37,0.0021,20.0,9.0
2024-12-22,은평구,888,72091,-7.4,-12.9,0.6,0.0,0.0152,0.0208,0.42,0.0033,22.0,7.0
2024-12-22,종로구,1020,136997,-4.6,-8.3,0.3,0.0,0.011,0.0295,0.32,0.0026,19.0,10.0
2024-12-22,중구,722,150631,-5.2,-8.9,-1.4,0.0,0.0096,0.028,0.33,0.0033,17.0,10.0
2024-12-22,중랑구,1192,51076,-2.6,-6.5,0.6,0.0,0.0164,0.0243,0.36,0.0025,19.0,10.0
2024-12-23,강남구,2265,416023,,,,0.0,0.0298,0.015,0.52,0.0026,27.0,17.0
2024-12-23,강동구,2943,96467,-0.5,-6.5,6.4,0.0,0.0336,0.0131,0.68,0.0038,33.0,21.0
2024-12-23,강북구,920,47533,-1.6,-7.6,5.2,0.0,0.0222,0.0218,0.48,0.0026,27.0,16.0
2024-12-23,강서구,10513,193419,0.1,-5.9,7.2,0.0,0.0346,0.0152,0.56,0.0037,31.0,18.0
2024-12-23,관악구,1461,161405,-0.7,-6.8,5.7,0.0,0.0362,0.0146,0.55,0.0034,23.0,15.0
2024-12-23,광진구,3250,66612,0.3,-4.9,5.8,0.0,0.0324,0.0152,0.59,0.0036,27.0,16.0
2024-12-23,구로구,3357,129071,0.5,-5.7,7.8,0.0,0.0217,0.0142,0.47,0.0031,33.0,20.0
2024-12-23,금천구,1662,101099,0.9,-3.6,6.8,0.0,0.0346,0.0143,0.29,0.0031,27.0,17.0
2024-12-23,노원구,4557,156200,-3.2,-11.0,6.5,0.0,0.0333,0.0141,0.58,0.0031,31.0,20.0
2024-12-23,도봉구,1424,93257,-2.0,-8.6,7.8,0.0,0.0322,0.0208,0.76,0.0031,26.0,15.0
2024-12-23,동대문구,2375,106575,0.2,-5.3,6.0,0.0,0.0304,0.0155,0.59,0.0024,29.0,15.0
2024-12-23,동작구,1237,96094,-0.4,-7.1,6.9,0.0,0.0346,0.0134,0.51,0.0026,27.0,16.0
2024-12-23,마포구,3213,281584,-0.1,-3.9,4.7,0.0,0.0358,0.0133,0.56,0.003,27.0,13.0
2024-12-23,서대문구,1278,95996,-0.7,-5.5,5.3,0.0,0.0336,0.0169,0.8,0.0046,27.0,17.0
2024-12-23,서초구,2027,162363,0.4,-5.8,6.8,0.0,0.0246,0.0146,0.46,0.0027,36.0,18.0
2024-12-23,성동구,2840,135542,0.7,-4.0,6.3,0.0,0.0115,0.0079,0.19,0.0015,28.0,14.0
2024-12-23,성북구,1453,49945,-0.5,-5.9,5.5,0.0,0.0324,0.0136,0.6,0.0028,22.0,15.0
2024-12-23,송파구,6207,203905,0.1,-5.0,5.9,0.0,0.0347,0.0115,0.56,0.0033,28.0,15.0
2024-12-23,양천구,5073,36563,1.0,-2.8,6.5,0.0,0.0368,0.0132,0.59,0.0031,29.0,19.0
2024-12-23,영등포구,7283,340128,1.3,-2.4,6.6,0.0,0.0317,0.017,0.55,0.0032,27.0,17.0
2024-12-23,용산구,1179,0,0.5,-4.6,6.4,0.0,0.0352,0.0127,0.61,0.0028,27.0,17.0
2024-12-23,은평구,1590,126835,-3.7,-10.3,5.9,0.0,0.0262,0.0157,0.56,0.0035,28.0,12.0
2024-12-23,종로구,2720,250726,-0.8,-6.0,5.9,0.0,0.0312,0.0165,0.58,0.0032,28.0,18.0
2024-12-23,중구,1987,286168,-1.3,-5.4,4.5,0.0,0.0199,0.0159,0.61,0.0037,25.0,18.0
2024-12-23,중랑구,2061,92484,0.2,-5.5,5.8,0.0,0.034,0.0126,0.56,0.0026,26.0,17.0
2024-12-24,강남구,2229,410383,0.5,-3.4,5.0,0.0,0.0288,0.0168,0.47,0.0028,31.0,18.0
2024-12-24,강동구,3142,98504,-0.4,-5.0,4.3,0.0,0.0368,0.0132,0.73,0.0039,39.0,23.0
2024-12-24,강북구,1008,50206,-1.7,-5.7,3.0,0.0,0.0241,0.0187,0.49,0.0026,35.0,21.0
2024-12-24,강서구,10874,199098,-1.0,-5.6,3.8,0.0,0.0291,0.0184,0.46,0.0038,36.0,21.0
2024-12-24,관악구,1441,163367,-2.2,-5.9,4.0,0.0,0.0337,0.0156,0.5,0.0035,28.0,18.0
2024-12-24,광진구,3330,70842,0.6,-3.0,3.9,0.0,0.0337,0.0167,0.58,0.0036,31.0,18.0
2024-12-24,구로구,3406,130622,0.0,-4.8,5.5,0.0,0.0205,0.0156,0.39,0.0031,35.0,18.0
2024-12-24,금천구,1617,100256,0.6,-2.4,4.3,0.0,0.0327,0.0156,0.49,0.0031,30.0,18.0
2024-12-24,노원구,4668,158973,-3.3,-10.1,4.0,0.0,0.0366,0.0117,0.62,0.0034,38.0,24.0
2024-12-24,도봉구,1522,96690,-1.8,-7.2,6.7,0.0,0.0335,0.0201,0.64,0.0032,31.0,19.0
2024-12-24,동대문구,2303,108977,0.3,-3.3,4.2,0.0,0.0265,0.0193,0.53,0.0026,33.0,17.0
2024-12-24,동작구,1154,98801,-2.0,-7.2,5.0,0.0,0.0326,0.0148,0.47,0.0028,32.0,20.0
2024-12-24,마포구,3269,297220,-0.8,-3.6,2.7,0.0,0.033,0.015,0.47,0.0031,30.0,18.0
2024-12-24,서대문구,1390,100725,-1.6,-5.3,3.2,0.0,0.0304,0.0181,0.78,0.0054,36.0,20.0
2024-12-24,서초구,2013,169712,0.0,-4.0,4.4,0.0,0.0221,0.0152,0.39,0.0027,37.0,18.0
2024-12-24,성동구,2912,146663,0.7,-2.4,4.6,0.0,0.032,0.0142,0.47,0.0034,31.0,15.0
2024-12-24,성북구,1457,51990,-0.5,-3.4,3.7,0.0,0.0317,0.0139,0.56,0.0031,30.0,18.0
2024-12-24,송파구,6542,208375,0.0,-3.8,4.3,0.0,0.0332,0.0134,0.5,0.0033,33.0,18.0
2024-12-24,양천구,5162,36940,0.4,-2.7,3.9,0.0,0.0334,0.0152,0.51,0.0033,32.0,21.0
2024-12-24,영등포구,7372,348972,0.7,-2.2,4.1,0.0,0.0312,0.0159,0.45,0.003,30.0,18.0
2024-12-24,용산구,1165,0,0.3,-3.0,3.7,0.0,0.0325,0.0145,0.53,0.0027,31.0,18.0
2024-12-24,은평구,1678,130963,-4.2,-9.6,3.3,0.0,0.0252,0.0157,0.56,0.0035,32.0,14.0
2024-12-24,종로구,2791,276486,-1.3,-5.4,4.0,0.0,0.0285,0.0188,0.51,0.0033,33.0,20.0
2024-12-24,중구,2000,315783,-1.6,-4.7,2.3,0.0,0.0215,0.0173,0.5,0.0038,29.0,19.0
2024-12-24,중랑구,2111,94094,0.2,-3.8,4.1,0.0,0.0348,0.0124,0.55,0.0026,33.0,19.0
2024-12-25,강남구,1240,165485,2.6,-1.7,7.2,0.5,0.0326,0.0135,0.53,0.0028,31.0,21.0
2024-12-25,강동구,1953,53510,2.0,-2.3,6.2,0.0,0.0345,0.0134,0.71,0.0038,38.0,26.0
2024-12-25,강북구,724,33014,1.6,-3.3,5.3,0.0,0.0342,0.0158,0.6,0.003,36.0,24.0
2024-12-25,강서구,5349,113817,2.5,-1.7,6.9,0.0,0.0391,0.0132,0.6,0.0039,36.0,23.0
2024-12-25,관악구,1072,105646,1.7,-2.6,5.0,0.0,0.0374,0.014,0.54,0.0035,24.0,18.0
2024-12-25,광진구,2043,58043,2.6,-1.2,6.1,0.0,0.0338,0.0159,0.58,0.0037,31.0,20.0
2024-12-25,구로구,1835,70414,2.7,-1.4,7.2,0.0,0.0237,0.0134,0.45,0.0032,34.0,22.0
2024-12-25,금천구,617,31737,3.0,-0.2,6.3,0.0,0.0333,0.0157,0.59,0.0034,27.0,19.0
2024-12-25,노원구,3225,99314,0.2,-5.5,6.2,0.0,0.0402,0.0109,0.66,0.0036,40.0,28.0
2024-12-25,도봉구,1077,61283,1.3,-4.0,7.2,0.0,0.0393,0.0172,0.65,0.0033,34.0,24.0
2024-12-25,동대문구,1337,65649,2.7,-1.3,6.0,0.0,0.0339,0.0141,0.63,0.0027,36.0,20.0
2024-12-25,동작구,802,58539,1.9,-3.1,7.0,0.0,0.0319,0.0171,0.47,0.003,26.0,17.0
2024-12-25,마포구,2010,234723,2.5,-0.6,5.5,0.0,0.0404,0.0129,0.58,0.0034,29.0,20.0
2024-12-25,서대문구,874,63906,2.0,-2.0,5.5,0.0,0.0398,0.0139,0.87,0.0059,35.0,23.0
2024-12-25,서초구,1014,107041,2.6,-2.0,6.5,0.0,0.024,0.0146,0.43,0.0027,32.0,19.0
2024-12-25,성동구,1457,104899,2.8,-0.4,6.3,0.5,0.0357,0.0122,0.56,0.0033,31.0,18.0
2024-12-25,성북구,1050,29404,1.9,-1.9,5.1,0.0,0.0371,0.011,0.63,0.003,30.0,21.0
2024-12-25,송파구,4206,111241,2.5,-1.7,6.0,0.0,0.0323,0.0139,0.51,0.0034,29.0,16.0
2024-12-25,양천구,3015,19359,3.2,0.0,6.7,0.5,0.04,0.0125,0.61,0.0035,31.0,23.0
2024-12-25,영등포구,3979,190492,3.3,0.4,7.0,0.0,0.0358,0.0152,0.53,0.0035,28.0,19.0
2024-12-25,용산구,849,0,2.9,-1.0,6.1,0.0,0.0386,0.0122,0.61,0.0033,30.0,20.0
2024-12-25,은평구,1075,79284,0.1,-4.8,5.9,0.0,0.0351,0.0114,0.71,0.0036,31.0,17.0
2024-12-25,종로구,1379,189333,1.3,-2.2,5.1,0.0,0.0379,0.0141,0.6,0.0037,34.0,23.0
2024-12-25,중구,973,226114,1.0,-2.2,4.9,0.0,0.0248,0.0126,0.65,0.0038,30.0,23.0
2024-12-25,중랑구,1439,55534,2.6,-1.2,5.9,0.0,0.0389,0.0108,0.6,0.0027,33.0,22.0
2024-12-26,강남구,1913,402247,0.7,-3.9,4.4,0.0,0.0176,0.024,0.45,0.0027,64.0,34.0
2024-12-26,강동구,2744,94368,0.5,-4.6,3.8,0.0,0.0203,0.0253,0.64,0.0037,67.0,35.0
2024-12-26,강북구,899,47937,-0.4,-5.0,4.9,0.0,0.0093,0.0334,0.4,0.003,68.0,36.0
2024-12-26,강서구,9528,189323,0.2,-4.2,4.5,0.0,0.0182,0.0251,0.44,0.0033,70.0,36.0
2024-12-26,관악구,1222,161562,-0.4,-5.1,4.5,0.5,0.0198,0.023,0.46,0.003,61.0,34.0
2024-12-26,광진구,3069,65546,0.5,-4.0,4.6,0.0,0.0191,0.028,0.51,0.0038,59.0,30.0
2024-12-26,구로구,2924,127542,0.4,-4.9,4.8,0.0,0.0122,0.0224,0.38,0.0029,77.0,35.0
2024-12-26,금천구,1396,95316,0.3,-4.1,5.0,0.5,0.0186,0.0244,0.46,0.003,69.0,37.0
2024-12-26,노원구,4357,154160,-0.4,-6.1,4.1,0.0,0.0143,0.0283,0.43,0.0029,71.0,38.0
2024-12-26,도봉구,1405,93844,-0.4,-6.5,4.2,0.0,0.0126,0.0359,0.45,0.0035,66.0,34.0
2024-12-26,동대문구,2201,105483,0.5,-4.5,4.5,0.0,0.0144,0.026,0.5,0.0023,65.0,30.0
2024-12-26,동작구,1037,95086,0.4,-3.8,4.2,0.0,0.0179,0.025,0.44,0.0026,68.0,36.0
2024-12-26,마포구,2860,281996,-0.7,-5.2,4.0,0.0,0.0196,0.0234,0.43,0.0029,59.0,31.0
2024-12-26,서대문구,1273,96703,-0.9,-5.7,3.3,0.0,0.0166,0.0277,0.51,0.0037,70.0,33.0
2024-12-26,서초구,1718,159153,0.4,-3.8,4.2,0.0,0.012,0.0246,0.37,0.0026,76.0,35.0
2024-12-26,성동구,2649,133513,0.3,-4.2,4.7,0.0,0.0196,0.0217,0.45,0.003,61.0,29.0
2024-12-26,성북구,1497,48843,-0.5,-5.4,3.9,0.0,0.0142,0.0262,0.49,0.003,62.0,32.0
2024-12-26,송파구,5592,201139,0.7,-4.0,4.8,0.0,0.0217,0.02,0.45,0.0029,64.0,30.0
2024-12-26,양천구,4433,35896,0.5,-4.0,5.0,0.0,0.0225,0.0204,0.5,0.003,72.0,41.0
2024-12-26,영등포구,6485,334101,0.6,-3.9,4.9,0.0,0.0179,0.0259,0.44,0.0029,60.0,34.0
2024-12-26,용산구,988,0,0.5,-4.1,4.8,0.0,0.0197,0.0202,0.55,0.0025,62.0,32.0
2024-12-26,은평구,1548,126049,-1.8,-7.5,3.0,0.0,0.0166,0.0211,0.58,0.0035,69.0,30.0
2024-12-26,종로구,2469,259567,-1.3,-6.4,3.0,0.0,0.0154,0.0251,0.47,0.0029,65.0,38.0
2024-12-26,중구,1780,282286,-2.1,-6.8,2.6,0.0,0.0126,0.0269,0.44,0.0034,57.0,35.0
2024-12-26,중랑구,2066,90816,0.6,-4.2,4.8,0.0,0.0197,0.0229,0.47,0.0026,64.0,34.0
2024-12-27,강남구,1843,410211,-1.7,-4.6,1.9,0.0,0.0148,0.0252,0.33,0.0023,28.0,13.0
2024-12-27,강동구,2775,96765,-2.2,-6.1,1.9,0.0,0.0185,0.0279,0.46,0.0036,34.0,14.0
2024-12-27,강북구,914,48667,-3.0,-7.5,0.5,0.0,0.0104,0.0326,0.32,0.0024,30.0,14.0
2024-12-27,강서구,9409,191737,-2.1,-5.4,2.1,0.0,0.0165,0.0272,0.33,0.0033,34.0,15.0
2024-12-27,관악구,1257,167917,-3.0,-6.6,0.8,0.0,0.0184,0.0253,0.34,0.0031,25.0,12.0
2024-12-27,광진구,3088,75526,-2.0,-4.6,1.6,0.0,0.0133,0.0275,0.38,0.0035,27.0,12.0
2024-12-27,구로구,3071,128971,-1.9,-6.2,2.1,0.0,0.012,0.0239,0.3,0.0028,35.0,13.0
2024-12-27,금천구,1421,94364,-2.0,-4.5,1.7,0.0,0.0176,0.0257,0.34,0.0027,29.0,14.0
2024-12-27,노원구,4308,158486,-3.0,-10.7,2.1,0.0,0.0171,0.0263,0.37,0.0028,33.0,17.0
2024-12-27,도봉구,1397,95673,-3.5,-8.4,2.7,0.0,0.014,0.0349,0.35,0.0031,28.0,12.0
2024-12-27,동대문구,2073,106930,-2.2,-4.9,1.5,0.0,0.0131,0.0285,0.36,0.0024,30.0,11.0
2024-12-27,동작구,993,98711,-1.8,-6.9,2.0,0.0,0.0152,0.0271,0.33,0.0024,31.0,15.0
2024-12-27,마포구,2869,285043,-3.0,-5.8,0.4,0.0,0.0177,0.026,0.33,0.0027,27.0,12.0
2024-12-27,서대문구,1260,99327,-3.3,-7.3,0.9,0.0,0.0167,0.0282,0.4,0.0037,32.0,14.0
2024-12-27,서초구,1836,169848,-1.7,-4.2,1.5,0.0,0.0121,0.0257,0.27,0.0027,35.0,12.0
2024-12-27,성동구,2464,133805,-2.1,-4.6,1.7,0.0,0.0176,0.0248,0.33,0.0031,28.0,11.0
2024-12-27,성북구,1357,49561,-3.1,-6.8,1.3,0.0,0.0132,0.0283,0.36,0.003,26.0,11.0
2024-12-27,송파구,5809,207008,-2.0,-4.5,1.2,0.0,0.0176,0.0226,0.34,0.0027,32.0,12.0
2024-12-27,양천구,4501,36492,-1.9,-4.3,1.5,0.0,0.0186,0.0244,0.37,0.0026,31.0,16.0
2024-12-27,영등포구,6230,340928,-1.8,-4.3,1.9,0.0,0.0162,0.0275,0.33,0.0027,27.0,13.0
2024-12-27,용산구,964,0,-2.0,-4.6,1.0,0.0,0.0176,0.0212,0.43,0.0021,30.0,13.0
2024-12-27,은평구,1463,126835,-4.8,-10.7,1.3,0.0,0.0146,0.023,0.39,0.0035,32.0,10.0
2024-12-27,종로구,2406,261586,-4.0,-7.2,0.1,0.0,0.0149,0.0284,0.35,0.0025,30.0,15.0
2024-12-27,중구,1617,287972,-4.6,-7.2,-0.3,0.0,0.0109,0.0272,0.34,0.0032,24.0,14.0
2024-12-27,중랑구,1915,93458,-2.1,-5.0,1.3,0.0,0.0178,0.0243,0.36,0.0026,29.0,13.0
2024-12-28,강남구,1205,246915,-2.1,-5.2,1.3,0.0,0.0105,0.0259,0.33,0.0025,26.0,13.0
2024-12-28,강동구,2051,66238,-2.3,-5.9,1.3,0.0,0.0114,0.0322,0.36,0.0035,31.0,14.0
2024-12-28,강북구,667,37976,-3.6,-7.2,-0.6,0.0,0.007,0.0328,0.31,0.0025,30.0,14.0
2024-12-28,강서구,5682,133653,-2.5,-5.5,1.7,0.0,0.0152,0.0255,0.34,0.0033,34.0,16.0
2024-12-28,관악구,1037,133943,-3.7,-6.2,0.2,0.0,0.016,0.0245,0.36,0.003,26.0,14.0
2024-12-28,광진구,2069,56424,-2.2,-5.3,0.5,0.0,0.0097,0.031,0.39,0.0034,26.0,12.0
2024-12-28,구로구,1950,89881,-2.4,-6.6,1.9,0.0,0.0103,0.0238,0.31,0.003,36.0,14.0
2024-12-28,금천구,727,39597,-2.3,-5.3,1.2,0.0,0.0143,0.0261,0.34,0.0028,27.0,14.0
2024-12-28,노원구,3239,115973,-3.5,-8.0,1.0,0.0,0.0126,0.0273,0.35,0.0028,33.0,17.0
2024-12-28,도봉구,1081,73044,-3.4,-7.7,1.4,0.0,0.0084,0.0367,0.34,0.0032,28.0,12.0
2024-12-28,동대문구,1402,81855,-2.5,-5.6,0.5,0.0,0.0099,0.0288,0.36,0.0024,28.0,12.0
2024-12-28,동작구,792,76142,-2.5,-5.7,1.6,0.0,0.0138,0.0259,0.33,0.0024,31.0,15.0
2024-12-28,마포구,1951,239408,-3.4,-6.3,-0.4,0.0,0.0148,0.0276,0.34,0.0027,27.0,12.0
2024-12-28,서대문구,906,79221,-3.9,-7.2,-0.6,0.0,0.0137,0.0281,0.41,0.0038,33.0,14.0
2024-12-28,서초구,1169,139402,-2.2,-5.1,0.8,0.0,0.0091,0.0266,0.27,0.0028,37.0,13.0
2024-12-28,성동구,1391,91479,-2.3,-5.5,0.7,0.0,0.0135,0.0255,0.32,0.003,28.0,12.0
2024-12-28,성북구,970,34965,-3.4,-7.1,-0.4,0.0,0.0102,0.0283,0.36,0.0031,24.0,12.0
2024-12-28,송파구,3948,136949,-2.5,-5.2,0.2,0.0,0.0128,0.0245,0.33,0.0027,30.0,13.0
2024-12-28,양천구,3411,25144,-2.2,-5.0,1.3,0.0,0.0174,0.0231,0.38,0.0029,31.0,16.0
2024-12-28,영등포구,3724,227921,-2.1,-5.2,1.6,0.0,0.014,0.0266,0.33,0.0028,28.0,13.0
2024-12-28,용산구,722,0,-2.3,-5.4,0.5,0.0,0.0124,0.0224,0.43,0.0021,31.0,13.0
2024-12-28,은평구,1133,98571,-5.9,-11.1,0.2,0.0,0.0127,0.0224,0.41,0.0037,32.0,10.0
2024-12-28,종로구,1532,231536,-4.3,-7.7,-0.3,0.0,0.0112,0.0293,0.33,0.0026,30.0,16.0
2024-12-28,중구,870,239798,-5.0,-8.0,-1.7,0.0,0.0082,0.0275,0.34,0.0033,25.0,15.0
2024-12-28,중랑구,1353,68563,-2.3,-5.4,0.6,0.0,0.014,0.0252,0.36,0.0026,28.0,14.0
2024-12-29,강남구,1203,152285,1.4,-4.2,5.9,0.0,0.0237,0.0165,0.42,0.0023,24.0,13.0
2024-12-29,강동구,2069,46808,0.5,-5.1,4.8,0.0,0.0306,0.0142,0.55,0.0032,29.0,17.0
2024-12-29,강북구,663,28003,-0.8,-6.7,4.7,0.0,0.0242,0.0171,0.47,0.0025,25.0,15.0
2024-12-29,강서구,5096,98890,0.5,-5.6,5.0,0.0,0.0276,0.0193,0.49,0.0032,27.0,15.0
2024-12-29,관악구,1044,95025,0.0,-5.9,4.5,0.0,0.0272,0.0188,0.42,0.003,19.0,12.0
2024-12-29,광진구,2004,42305,1.3,-3.4,4.6,0.0,0.0269,0.0167,0.49,0.0033,23.0,13.0
2024-12-29,구로구,1858,64941,1.3,-4.2,7.2,0.0,0.0183,0.0178,0.38,0.0027,29.0,15.0
2024-12-29,금천구,598,27705,1.9,-2.3,5.3,0.0,0.0245,0.0188,0.44,0.0027,23.0,15.0
2024-12-29,노원구,3161,84274,-1.5,-9.5,5.0,0.0,0.0338,0.0114,0.59,0.0031,29.0,19.0
2024-12-29,도봉구,998,57156,-1.0,-7.6,7.3,0.0,0.0346,0.0151,0.59,0.003,25.0,15.0
2024-12-29,동대문구,1419,59174,1.1,-4.1,5.1,0.0,0.0264,0.0169,0.52,0.0023,26.0,12.0
2024-12-29,동작구,724,51476,-0.2,-6.2,5.4,0.0,0.0279,0.0173,0.43,0.0024,23.0,14.0
2024-12-29,마포구,1994,181676,1.2,-2.9,4.5,0.0,0.0296,0.0179,0.47,0.0028,24.0,14.0
2024-12-29,서대문구,843,55674,0.3,-4.7,4.2,0.0,0.0279,0.0175,0.68,0.0054,26.0,14.0
2024-12-29,서초구,1127,112879,1.3,-3.9,5.4,0.0,0.0176,0.0181,0.36,0.0026,27.0,14.0
2024-12-29,성동구,1392,72303,1.5,-3.1,5.3,0.0,0.0255,0.0176,0.42,0.0028,23.0,12.0
2024-12-29,성북구,1006,25808,0.2,-5.5,4.3,0.0,0.03,0.0137,0.6,0.003,22.0,14.0
2024-12-29,송파구,3789,98025,1.4,-3.3,5.1,0.0,0.0273,0.014,0.46,0.0027,25.0,14.0
2024-12-29,양천구,3122,17121,1.9,-2.6,4.4,0.0,0.0292,0.0176,0.47,0.0028,23.0,15.0
2024-12-29,영등포구,3471,161462,2.1,-1.6,5.9,0.0,0.0266,0.019,0.43,0.0029,22.0,13.0
2024-12-29,용산구,832,0,1.2,-4.0,4.9,0.0,0.0274,0.0153,0.51,0.0023,24.0,14.0
2024-12-29,은평구,1081,69341,-1.3,-9.2,4.6,0.0,0.0198,0.0184,0.45,0.0035,24.0,10.0
2024-12-29,종로구,1222,134641,0.2,-5.3,4.9,0.0,0.0283,0.0187,0.48,0.0026,24.0,15.0
2024-12-29,중구,844,146462,-0.2,-4.2,3.6,0.0,0.0195,0.0148,0.46,0.0031,22.0,14.0
2024-12-29,중랑구,1397,48956,1.1,-4.1,5.3,0.0,0.0288,0.0139,0.47,0.0024,24.0,13.0
2024-12-30,강남구,2448,379157,6.1,1.9,10.6,0.0,0.026,0.021,0.48,0.0026,50.0,29.0
2024-12-30,강동구,3358,91471,5.5,1.4,9.3,0.0,0.0314,0.0233,0.62,0.0034,59.0,37.0
2024-12-30,강북구,1040,46339,4.6,0.0,9.4,0.0,0.0274,0.0209,0.59,0.0028,51.0,32.0
2024-12-30,강서구,10276,180191,6.1,1.8,10.6,0.0,0.0312,0.0208,0.51,0.0034,58.0,33.0
2024-12-30,관악구,1552,150829,5.2,2.5,8.6,0.0,0.0301,0.0222,0.51,0.003,49.0,31.0
2024-12-30,광진구,3633,62071,6.3,2.7,10.2,0.0,0.0327,0.0209,0.53,0.0037,49.0,28.0
2024-12-30,구로구,3528,122870,6.1,1.7,10.6,0.0,0.0178,0.0224,0.41,0.0028,62.0,35.0
2024-12-30,금천구,1546,91263,6.3,3.7,10.1,0.0,0.0261,0.025,0.56,0.0032,53.0,31.0
2024-12-30,노원구,4816,149902,4.2,-1.9,9.9,0.0,0.0366,0.0144,0.64,0.0035,56.0,36.0
2024-12-30,도봉구,1604,91090,4.0,-0.8,10.7,0.0,0.0341,0.024,0.68,0.0035,54.0,32.0
2024-12-30,동대문구,2360,101997,5.7,1.9,10.0,0.0,0.0384,0.0142,0.75,0.0027,55.0,30.0
2024-12-30,동작구,1347,89901,4.9,0.1,11.1,0.0,0.0312,0.0223,0.51,0.0028,52.0,31.0
2024-12-30,마포구,3416,265825,5.5,2.8,9.9,0.0,0.0363,0.0189,0.56,0.0033,50.0,30.0
2024-12-30,서대문구,1391,91867,5.3,2.2,10.0,0.0,0.0338,0.0194,0.85,0.005,56.0,32.0
2024-12-30,서초구,2053,150964,6.3,1.7,10.9,0.0,0.0233,0.0187,0.42,0.0026,63.0,34.0
2024-12-30,성동구,2994,126099,5.8,2.9,9.8,0.0,0.0296,0.0199,0.49,0.0027,50.0,26.0
2024-12-30,성북구,1551,46171,4.8,1.0,9.3,0.0,0.0353,0.0168,0.68,0.0033,50.0,31.0
2024-12-30,송파구,6856,188361,6.0,2.6,10.1,0.0,0.0273,0.0202,0.44,0.0028,48.0,25.0
2024-12-30,양천구,5242,34262,6.3,3.1,10.4,0.0,0.0305,0.0211,0.53,0.003,54.0,34.0
2024-12-30,영등포구,7240,315992,6.5,3.8,10.2,0.0,0.0274,0.024,0.48,0.0029,48.0,30.0
2024-12-30,용산구,1182,0,5.8,2.3,9.7,0.0,0.0372,0.0156,0.66,0.003,51.0,29.0
2024-12-30,은평구,1829,122814,5.1,-1.4,10.1,0.0,0.0255,0.0197,0.64,0.0036,59.0,31.0
2024-12-30,종로구,2632,243715,4.8,1.8,8.5,0.0,0.0389,0.0208,0.72,0.0034,54.0,34.0
2024-12-30,중구,2072,271998,4.3,1.2,8.5,0.0,0.0254,0.0165,0.63,0.0035,47.0,33.0
2024-12-30,중랑구,2255,87555,5.7,2.1,10.1,0.0,0.0404,0.0131,0.75,0.0029,51.0,32.0
2024-12-31,강남구,2112,351678,1.2,-2.7,5.8,0.0,0.0159,0.0258,0.38,0.0027,48.0,18.0
2024-12-31,강동구,2948,90730,1.1,-2.3,5.4,0.0,0.0167,0.0303,0.48,0.0035,58.0,22.0
2024-12-31,강북구,998,47882,-0.4,-3.6,5.2,0.0,0.0095,0.0318,0.36,0.0028,52.0,20.0
2024-12-31,강서구,9568,177123,0.6,-3.0,5.1,0.0,0.0178,0.0265,0.37,0.0034,52.0,20.0
2024-12-31,관악구,1413,149546,-0.5,-3.7,4.7,0.0,0.0193,0.0246,0.4,0.0032,47.0,19.0
2024-12-31,광진구,3324,63285,1.3,-0.8,5.9,0.0,0.0153,0.0308,0.36,0.0039,49.0,17.0
2024-12-31,구로구,3254,120872,0.9,-2.6,5.7,0.0,0.0123,0.0236,0.34,0.003,59.0,18.0
2024-12-31,금천구,1421,84508,1.0,-0.9,5.5,0.0,0.0199,0.0242,0.39,0.0032,49.0,17.0
2024-12-31,노원구,4645,150113,0.0,-6.5,5.0,0.0,0.0173,0.0262,0.42,0.0033,56.0,24.0
2024-12-31,도봉구,1489,91134,-0.4,-4.6,5.3,0.0,0.0142,0.0348,0.46,0.0035,52.0,18.0
2024-12-31,동대문구,2309,102120,1.1,-1.0,5.4,0.0,0.0133,0.0279,0.38,0.0025,52.0,16.0
2024-12-31,동작구,1187,91209,0.4,-4.4,6.1,0.0,0.0185,0.0252,0.38,0.0027,52.0,20.0
2024-12-31,마포구,2991,257208,0.1,-2.0,4.6,0.0,0.0189,0.0273,0.37,0.0031,47.0,16.0
2024-12-31,서대문구,1306,93041,-0.3,-2.9,4.2,0.0,0.0172,0.0279,0.52,0.0041,57.0,18.0
2024-12-31,서초구,1843,150170,0.8,-2.7,5.7,0.0,0.0113,0.0259,0.31,0.0028,60.0,18.0
2024-12-31,성동구,2577,122764,1.3,-0.8,5.6,0.0,0.0179,0.0245,0.38,0.0032,49.0,16.0
2024-12-31,성북구,1467,47017,0.0,-2.0,4.5,0.0,0.0158,0.0265,0.38,0.0031,46.0,17.0
2024-12-31,송파구,6193,182208,1.1,-2.0,5.5,0.0,0.0195,0.0222,0.4,0.003,53.0,17.0
2024-12-31,양천구,4944,33721,1.3,-0.7,5.8,0.0,0.02,0.024,0.41,0.003,52.0,19.0
2024-12-31,영등포구,6807,306713,1.5,-0.6,5.9,0.0,0.0169,0.0274,0.37,0.0028,44.0,17.0
2024-12-31,용산구,1083,0,1.1,-1.6,5.7,0.0,0.0187,0.0213,0.47,0.0024,52.0,18.0
2024-12-31,은평구,1718,123888,-2.3,-6.5,3.4,0.0,0.0158,0.0219,0.51,0.0036,55.0,16.0
2024-12-31,종로구,2314,250149,-0.6,-3.2,3.7,0.0,0.0146,0.0296,0.39,0.0027,51.0,20.0
2024-12-31,중구,1823,282201,-1.1,-3.5,3.4,0.0,0.0118,0.0283,0.39,0.0036,42.0,19.0
2024-12-31,중랑구,2045,89012,1.2,-0.6,5.5,0.0,0.017,0.0241,0.41,0.0026,50.0,19.0
