일자,자치구,총사용수(B),총사용수(S)
2024-01-01,강남구,1319,95566
2024-01-01,강동구,1855,33742
2024-01-01,강북구,731,22887
2024-01-01,강서구,5668,78185
2024-01-01,관악구,1438,64662
2024-01-01,광진구,2295,35607
2024-01-01,구로구,1954,47542
2024-01-01,금천구,644,21926
2024-01-01,노원구,2692,67258
2024-01-01,도봉구,1093,42240
2024-01-01,동대문구,1516,41544
2024-01-01,동작구,1082,37851
2024-01-01,마포구,2659,137641
2024-01-01,서대문구,1063,39786
2024-01-01,서초구,1210,82573
2024-01-01,성동구,1595,44550
2024-01-01,성북구,1024,19333
2024-01-01,송파구,4092,64991
2024-01-01,양천구,3467,12638
2024-01-01,영등포구,4022,106256
2024-01-01,용산구,1090,0
2024-01-01,은평구,1429,52780
2024-01-01,종로구,1565,107995
2024-01-01,중구,1062,109039
2024-01-01,중랑구,1394,26606
2024-01-02,강남구,2694,386115
2024-01-02,강동구,3408,89982
2024-01-02,강북구,1197,44689
2024-01-02,강서구,11837,177590
2024-01-02,관악구,2000,139441
2024-01-02,광진구,3912,58797
2024-01-02,구로구,3702,123841
2024-01-02,금천구,1933,98906
2024-01-02,노원구,4906,156688
2024-01-02,도봉구,1880,87547
2024-01-02,동대문구,2858,95838
2024-01-02,동작구,1664,84726
2024-01-02,마포구,3859,245782
2024-01-02,서대문구,1668,88176
2024-01-02,서초구,2455,142403
2024-01-02,성동구,3489,116493
2024-01-02,성북구,1933,44868
2024-01-02,송파구,7586,184247
2024-01-02,양천구,5753,34678
2024-01-02,영등포구,8213,307632
2024-01-02,용산구,1551,0
2024-01-02,은평구,2031,117936
2024-01-02,종로구,2982,218983
2024-01-02,중구,2120,257142
2024-01-02,중랑구,2335,62391
2024-01-03,강남구,2031,406235
2024-01-03,강동구,2824,93021
2024-01-03,강북구,975,45644
2024-01-03,강서구,10732,183398
2024-01-03,관악구,1529,148693
2024-01-03,광진구,3403,61330
2024-01-03,구로구,3050,128001
2024-01-03,금천구,1363,101136
2024-01-03,노원구,4209,160440
2024-01-03,도봉구,1466,89596
2024-01-03,동대문구,2443,100575
2024-01-03,동작구,1286,88665
2024-01-03,마포구,3231,253373
2024-01-03,서대문구,1452,90933
2024-01-03,서초구,2011,143299
2024-01-03,성동구,2931,122127
2024-01-03,성북구,1639,46944
2024-01-03,송파구,5557,193314
2024-01-03,양천구,4808,35612
2024-01-03,영등포구,6497,320145
2024-01-03,용산구,1258,0
2024-01-03,은평구,1661,120775
2024-01-03,종로구,2683,238281
2024-01-03,중구,1865,263560
2024-01-03,중랑구,2064,64251
2024-01-04,강남구,2795,410754
2024-01-04,강동구,3690,94641
2024-01-04,강북구,1222,46799
2024-01-04,강서구,12613,185698
2024-01-04,관악구,2012,152832
2024-01-04,광진구,4107,69724
2024-01-04,구로구,3861,128413
2024-01-04,금천구,1909,102040
2024-01-04,노원구,5067,162728
2024-01-04,도봉구,1872,91974
2024-01-04,동대문구,3132,102869
2024-01-04,동작구,1656,90068
2024-01-04,마포구,3953,259438
2024-01-04,서대문구,1761,91581
2024-01-04,서초구,2580,145748
2024-01-04,성동구,3575,125256
2024-01-04,성북구,2128,47601
2024-01-04,송파구,7712,197026
2024-01-04,양천구,5808,36033
2024-01-04,영등포구,8076,323615
2024-01-04,용산구,1627,0
2024-01-04,은평구,2116,123178
2024-01-04,종로구,3364,243413
2024-01-04,중구,2509,265818
2024-01-04,중랑구,2491,65330
2024-01-05,강남구,2972,416787
2024-01-05,강동구,3996,97383
2024-01-05,강북구,1347,48489
2024-01-05,강서구,12845,190048
2024-01-05,관악구,2078,160233
2024-01-05,광진구,4359,66889
2024-01-05,구로구,3925,132034
2024-01-05,금천구,1893,102267
2024-01-05,노원구,5567,167243
2024-01-05,도봉구,2064,94901
2024-01-05,동대문구,3141,106738
2024-01-05,동작구,1737,94924
2024-01-05,마포구,4294,277347
2024-01-05,서대문구,1846,96029
2024-01-05,서초구,2611,154899
2024-01-05,성동구,3735,127198
2024-01-05,성북구,2210,49269
2024-01-05,송파구,8428,203634
2024-01-05,양천구,6190,36845
2024-01-05,영등포구,8457,334864
2024-01-05,용산구,1584,0
2024-01-05,은평구,2134,125925
2024-01-05,종로구,3425,248331
2024-01-05,중구,2611,272430
2024-01-05,중랑구,2683,67286
2024-01-06,강남구,1680,236737
2024-01-06,강동구,2591,63886
2024-01-06,강북구,929,37559
2024-01-06,강서구,6718,127751
2024-01-06,관악구,1620,127185
2024-01-06,광진구,2743,57782
2024-01-06,구로구,2305,85318
2024-01-06,금천구,850,38586
2024-01-06,노원구,4057,123943
2024-01-06,도봉구,1502,71860
2024-01-06,동대문구,1917,77311
2024-01-06,동작구,1143,71908
2024-01-06,마포구,2482,223297
2024-01-06,서대문구,1122,74246
2024-01-06,서초구,1569,124346
2024-01-06,성동구,1902,85319
2024-01-06,성북구,1468,33908
2024-01-06,송파구,5498,128258
2024-01-06,양천구,4062,25023
2024-01-06,영등포구,4566,211898
2024-01-06,용산구,1030,0
2024-01-06,은평구,1548,92232
2024-01-06,종로구,1697,187385
2024-01-06,중구,1127,163848
2024-01-06,중랑구,1800,48499
2024-01-07,강남구,886,138817
2024-01-07,강동구,1447,45190
2024-01-07,강북구,544,27343
2024-01-07,강서구,3254,94275
2024-01-07,관악구,1044,89810
2024-01-07,광진구,1676,42464
2024-01-07,구로구,1452,59407
2024-01-07,금천구,452,25918
2024-01-07,노원구,2490,87754
2024-01-07,도봉구,982,53158
2024-01-07,동대문구,1060,54642
2024-01-07,동작구,722,51687
2024-01-07,마포구,1241,166106
2024-01-07,서대문구,580,55246
2024-01-07,서초구,859,100067
2024-01-07,성동구,1059,65377
2024-01-07,성북구,818,25794
2024-01-07,송파구,2684,89164
2024-01-07,양천구,2530,16797
2024-01-07,영등포구,2670,152706
2024-01-07,용산구,544,0
2024-01-07,은평구,830,64810
2024-01-07,종로구,902,118782
2024-01-07,중구,513,121593
2024-01-07,중랑구,1052,34046
2024-01-08,강남구,2077,397338
2024-01-08,강동구,2691,90955
2024-01-08,강북구,884,44229
2024-01-08,강서구,8738,177254
2024-01-08,관악구,1472,145260
2024-01-08,광진구,3101,59985
2024-01-08,구로구,2718,124026
2024-01-08,금천구,1407,100741
2024-01-08,노원구,3943,154579
2024-01-08,도봉구,1507,86389
2024-01-08,동대문구,2132,96071
2024-01-08,동작구,1186,87366
2024-01-08,마포구,2526,248123
2024-01-08,서대문구,1129,88537
2024-01-08,서초구,1906,141515
2024-01-08,성동구,2704,117351
2024-01-08,성북구,1464,45251
2024-01-08,송파구,5572,188290
2024-01-08,양천구,4412,34608
2024-01-08,영등포구,6093,311334
2024-01-08,용산구,1029,0
2024-01-08,은평구,1392,116779
2024-01-08,종로구,2354,224950
2024-01-08,중구,1690,251288
2024-01-08,중랑구,1840,62361
2024-01-09,강남구,1014,418420
2024-01-09,강동구,1566,96974
2024-01-09,강북구,452,45580
2024-01-09,강서구,5962,186604
2024-01-09,관악구,887,150110
2024-01-09,광진구,1871,61680
2024-01-09,구로구,1591,128992
2024-01-09,금천구,827,104280
2024-01-09,노원구,1977,161904
2024-01-09,도봉구,695,89722
2024-01-09,동대문구,1326,98810
2024-01-09,동작구,623,90185
2024-01-09,마포구,1638,256756
2024-01-09,서대문구,782,92133
2024-01-09,서초구,969,147231
2024-01-09,성동구,1509,124629
2024-01-09,성북구,812,47411
2024-01-09,송파구,2968,203571
2024-01-09,양천구,2813,36833
2024-01-09,영등포구,3637,327135
2024-01-09,용산구,559,0
2024-01-09,은평구,873,120809
2024-01-09,종로구,1302,236080
2024-01-09,중구,942,262055
2024-01-09,중랑구,989,65268
2024-01-10,강남구,2038,415073
2024-01-10,강동구,2663,96735
2024-01-10,강북구,785,46698
2024-01-10,강서구,10266,188119
2024-01-10,관악구,1522,155795
2024-01-10,광진구,3316,63791
2024-01-10,구로구,2964,130519
2024-01-10,금천구,1451,103416
2024-01-10,노원구,3762,165969
2024-01-10,도봉구,1387,92767
2024-01-10,동대문구,2251,102660
2024-01-10,동작구,1214,91949
2024-01-10,마포구,3092,265249
2024-01-10,서대문구,1283,94246
2024-01-10,서초구,1790,146316
2024-01-10,성동구,2776,125533
2024-01-10,성북구,1415,48508
2024-01-10,송파구,5294,201660
2024-01-10,양천구,4956,36749
2024-01-10,영등포구,6684,329893
2024-01-10,용산구,1172,0
2024-01-10,은평구,1593,124327
2024-01-10,종로구,2640,244232
2024-01-10,중구,1957,267243
2024-01-10,중랑구,1803,66244
2024-01-11,강남구,2628,418745
2024-01-11,강동구,3331,95711
2024-01-11,강북구,997,47357
2024-01-11,강서구,11387,187308
2024-01-11,관악구,1943,157730
2024-01-11,광진구,3946,63274
2024-01-11,구로구,3356,130247
2024-01-11,금천구,1657,103512
2024-01-11,노원구,4540,164085
2024-01-11,도봉구,1665,92243
2024-01-11,동대문구,2693,103443
2024-01-11,동작구,1515,92206
2024-01-11,마포구,3493,266822
2024-01-11,서대문구,1520,93998
2024-01-11,서초구,2354,150138
2024-01-11,성동구,3276,123209
2024-01-11,성북구,1793,48515
2024-01-11,송파구,6903,199344
2024-01-11,양천구,5402,36884
2024-01-11,영등포구,7317,330984
2024-01-11,용산구,1428,0
2024-01-11,은평구,1892,124181
2024-01-11,종로구,3180,247071
2024-01-11,중구,2272,263690
2024-01-11,중랑구,2277,65765
2024-01-12,강남구,2747,425884
2024-01-12,강동구,3338,97928
2024-01-12,강북구,1060,47827
2024-01-12,강서구,11556,192395
2024-01-12,관악구,1921,165298
2024-01-12,광진구,3935,66981
2024-01-12,구로구,3493,132596
2024-01-12,금천구,1614,103335
2024-01-12,노원구,5003,169029
2024-01-12,도봉구,1776,95576
2024-01-12,동대문구,2801,106762
2024-01-12,동작구,1521,97770
2024-01-12,마포구,3670,277724
2024-01-12,서대문구,1595,98251
2024-01-12,서초구,2387,160645
2024-01-12,성동구,3246,126947
2024-01-12,성북구,1825,49127
2024-01-12,송파구,7328,204400
2024-01-12,양천구,5441,37408
2024-01-12,영등포구,7572,343509
2024-01-12,용산구,1422,0
2024-01-12,은평구,1898,127051
2024-01-12,종로구,3238,251196
2024-01-12,중구,2267,272056
2024-01-12,중랑구,2441,67411
2024-01-13,강남구,1889,246712
2024-01-13,강동구,2961,65747
2024-01-13,강북구,959,39809
2024-01-13,강서구,7710,132010
2024-01-13,관악구,1661,133386
2024-01-13,광진구,3130,57819
2024-01-13,구로구,2569,88144
2024-01-13,금천구,856,40467
2024-01-13,노원구,4370,128141
2024-01-13,도봉구,1491,73743
2024-01-13,동대문구,2119,79645
2024-01-13,동작구,1304,75364
2024-01-13,마포구,2944,232970
2024-01-13,서대문구,1278,77495
2024-01-13,서초구,1747,130672
2024-01-13,성동구,2200,82744
2024-01-13,성북구,1521,34826
2024-01-13,송파구,5949,133844
2024-01-13,양천구,4666,25233
2024-01-13,영등포구,5279,226101
2024-01-13,용산구,1236,0
2024-01-13,은평구,1762,94983
2024-01-13,종로구,1959,191740
2024-01-13,중구,1304,163713
2024-01-13,중랑구,2081,50060
2024-01-14,강남구,848,137121
2024-01-14,강동구,1329,43984
2024-01-14,강북구,445,25736
2024-01-14,강서구,3524,92159
2024-01-14,관악구,903,88514
2024-01-14,광진구,1492,39131
2024-01-14,구로구,1235,58560
2024-01-14,금천구,427,25653
2024-01-14,노원구,1896,86305
2024-01-14,도봉구,661,51087
2024-01-14,동대문구,900,50681
2024-01-14,동작구,620,47190
2024-01-14,마포구,1300,162769
2024-01-14,서대문구,614,50788
2024-01-14,서초구,705,100787
2024-01-14,성동구,987,53446
2024-01-14,성북구,742,25291
2024-01-14,송파구,2562,88886
2024-01-14,양천구,2196,16331
2024-01-14,영등포구,2389,152687
2024-01-14,용산구,554,0
2024-01-14,은평구,759,63305
2024-01-14,종로구,844,115465
2024-01-14,중구,540,111533
2024-01-14,중랑구,912,45789
2024-01-15,강남구,2199,402629
2024-01-15,강동구,2826,92934
2024-01-15,강북구,916,44771
2024-01-15,강서구,10132,182660
2024-01-15,관악구,1560,147528
2024-01-15,광진구,3281,60071
2024-01-15,구로구,3062,125733
2024-01-15,금천구,1427,101475
2024-01-15,노원구,3792,157232
2024-01-15,도봉구,1413,87790
2024-01-15,동대문구,2330,98810
2024-01-15,동작구,1170,88552
2024-01-15,마포구,3083,254500
2024-01-15,서대문구,1370,90184
2024-01-15,서초구,2039,143109
2024-01-15,성동구,2748,115680
2024-01-15,성북구,1625,46260
2024-01-15,송파구,6219,190818
2024-01-15,양천구,4595,35124
2024-01-15,영등포구,6441,316383
2024-01-15,용산구,1163,0
2024-01-15,은평구,1558,119118
2024-01-15,종로구,2692,228503
2024-01-15,중구,1864,252520
2024-01-15,중랑구,1959,86926
2024-01-16,강남구,2519,416164
2024-01-16,강동구,3082,95256
2024-01-16,강북구,938,45915
2024-01-16,강서구,11062,186490
2024-01-16,관악구,1815,152692
2024-01-16,광진구,3785,61822
2024-01-16,구로구,3324,129149
2024-01-16,금천구,1719,102491
2024-01-16,노원구,4294,161372
2024-01-16,도봉구,1521,91711
2024-01-16,동대문구,2571,100975
2024-01-16,동작구,1347,90584
2024-01-16,마포구,3418,259472
2024-01-16,서대문구,1606,92725
2024-01-16,서초구,2269,145702
2024-01-16,성동구,3179,120779
2024-01-16,성북구,1767,47284
2024-01-16,송파구,6756,196755
2024-01-16,양천구,5043,36661
2024-01-16,영등포구,7232,324929
2024-01-16,용산구,1379,0
2024-01-16,은평구,1755,122807
2024-01-16,종로구,3079,238583
2024-01-16,중구,2109,261593
2024-01-16,중랑구,2208,89012
2024-01-17,강남구,1111,419504
2024-01-17,강동구,1524,96056
2024-01-17,강북구,435,45457
2024-01-17,강서구,5334,186334
2024-01-17,관악구,798,153534
2024-01-17,광진구,1818,62102
2024-01-17,구로구,1542,128374
2024-01-17,금천구,826,102606
2024-01-17,노원구,1940,162856
2024-01-17,도봉구,707,91026
2024-01-17,동대문구,1277,102423
2024-01-17,동작구,649,90811
2024-01-17,마포구,1479,262182
2024-01-17,서대문구,790,92470
2024-01-17,서초구,961,148839
2024-01-17,성동구,1431,121518
2024-01-17,성북구,840,47569
2024-01-17,송파구,3084,199792
2024-01-17,양천구,2327,36025
2024-01-17,영등포구,3275,330425
2024-01-17,용산구,614,0
2024-01-17,은평구,856,121758
2024-01-17,종로구,1459,247617
2024-01-17,중구,943,269372
2024-01-17,중랑구,983,88747
2024-01-18,강남구,2391,418061
2024-01-18,강동구,2990,96732
2024-01-18,강북구,957,46641
2024-01-18,강서구,10171,189124
2024-01-18,관악구,1647,156900
2024-01-18,광진구,3549,63400
2024-01-18,구로구,3140,130664
2024-01-18,금천구,1682,103327
2024-01-18,노원구,3975,163796
2024-01-18,도봉구,1527,92370
2024-01-18,동대문구,2504,104512
2024-01-18,동작구,1323,92737
2024-01-18,마포구,3477,266040
2024-01-18,서대문구,1355,92541
2024-01-18,서초구,2149,149178
2024-01-18,성동구,3127,122706
2024-01-18,성북구,1671,48340
2024-01-18,송파구,6584,201658
2024-01-18,양천구,4841,36927
2024-01-18,영등포구,7134,332370
2024-01-18,용산구,1461,0
2024-01-18,은평구,1739,123947
2024-01-18,종로구,3159,248113
2024-01-18,중구,2232,266273
2024-01-18,중랑구,2078,90307
2024-01-19,강남구,3148,423334
2024-01-19,강동구,3818,98106
2024-01-19,강북구,1193,48409
2024-01-19,강서구,12012,193018
2024-01-19,관악구,2057,165728
2024-01-19,광진구,4205,66669
2024-01-19,구로구,3776,132852
2024-01-19,금천구,1796,102872
2024-01-19,노원구,4897,169206
2024-01-19,도봉구,1935,97062
2024-01-19,동대문구,2869,108136
2024-01-19,동작구,1565,97732
2024-01-19,마포구,4077,278352
2024-01-19,서대문구,1649,95210
2024-01-19,서초구,2637,160615
2024-01-19,성동구,3458,126083
2024-01-19,성북구,1996,49302
2024-01-19,송파구,8087,209673
2024-01-19,양천구,5829,37410
2024-01-19,영등포구,8294,341143
2024-01-19,용산구,1612,0
2024-01-19,은평구,2059,127589
2024-01-19,종로구,3467,256136
2024-01-19,중구,2555,272411
2024-01-19,중랑구,2590,92887
2024-01-20,강남구,1188,242404
2024-01-20,강동구,2017,66809
2024-01-20,강북구,705,38354
2024-01-20,강서구,5245,130443
2024-01-20,관악구,1073,131719
2024-01-20,광진구,1992,56575
2024-01-20,구로구,1597,86210
2024-01-20,금천구,566,39490
2024-01-20,노원구,2872,125377
2024-01-20,도봉구,1023,72002
2024-01-20,동대문구,1438,78253
2024-01-20,동작구,772,73505
2024-01-20,마포구,1719,226328
2024-01-20,서대문구,863,75191
2024-01-20,서초구,1028,130066
2024-01-20,성동구,1371,81779
2024-01-20,성북구,1163,34700
2024-01-20,송파구,3737,133525
2024-01-20,양천구,3173,24664
2024-01-20,영등포구,3284,221245
2024-01-20,용산구,688,0
2024-01-20,은평구,1200,93202
2024-01-20,종로구,1248,193011
2024-01-20,중구,796,164044
2024-01-20,중랑구,1480,68557
2024-01-21,강남구,1170,141832
2024-01-21,강동구,1617,46052
2024-01-21,강북구,718,28249
2024-01-21,강서구,4371,97032
2024-01-21,관악구,985,91368
2024-01-21,광진구,1854,42140
2024-01-21,구로구,1428,62505
2024-01-21,금천구,491,27297
2024-01-21,노원구,2818,91447
2024-01-21,도봉구,976,54939
2024-01-21,동대문구,1269,58858
2024-01-21,동작구,710,49823
2024-01-21,마포구,1603,166887
2024-01-21,서대문구,744,52945
2024-01-21,서초구,1004,102436
2024-01-21,성동구,1247,56876
2024-01-21,성북구,1015,26253
2024-01-21,송파구,3330,90484
2024-01-21,양천구,2554,17085
2024-01-21,영등포구,2910,157266
2024-01-21,용산구,643,0
2024-01-21,은평구,1016,66914
2024-01-21,종로구,1113,126410
2024-01-21,중구,662,118594
2024-01-21,중랑구,1328,49138
2024-01-22,강남구,1494,393290
2024-01-22,강동구,2039,91928
2024-01-22,강북구,619,43371
2024-01-22,강서구,7566,178071
2024-01-22,관악구,1010,142320
2024-01-22,광진구,2398,58918
2024-01-22,구로구,1952,122055
2024-01-22,금천구,1008,99877
2024-01-22,노원구,2703,154248
2024-01-22,도봉구,922,85310
2024-01-22,동대문구,1410,95471
2024-01-22,동작구,738,85412
2024-01-22,마포구,1969,243047
2024-01-22,서대문구,828,85463
2024-01-22,서초구,1359,139246
2024-01-22,성동구,1882,113018
2024-01-22,성북구,1024,45204
2024-01-22,송파구,4464,188793
2024-01-22,양천구,3108,34369
2024-01-22,영등포구,4517,310728
2024-01-22,용산구,749,0
2024-01-22,은평구,1034,116108
2024-01-22,종로구,1686,222472
2024-01-22,중구,1213,248966
2024-01-22,중랑구,1359,84319
2024-01-23,강남구,1346,392819
2024-01-23,강동구,1881,88248
2024-01-23,강북구,566,42022
2024-01-23,강서구,6481,168704
2024-01-23,관악구,976,141975
2024-01-23,광진구,2135,57140
2024-01-23,구로구,1879,119308
2024-01-23,금천구,934,97479
2024-01-23,노원구,2387,148058
2024-01-23,도봉구,817,81828
2024-01-23,동대문구,1376,91324
2024-01-23,동작구,680,83181
2024-01-23,마포구,1774,237540
2024-01-23,서대문구,764,83134
2024-01-23,서초구,1233,133987
2024-01-23,성동구,1731,110858
2024-01-23,성북구,910,43703
2024-01-23,송파구,3953,183130
2024-01-23,양천구,2727,33713
2024-01-23,영등포구,3954,305813
2024-01-23,용산구,637,0
2024-01-23,은평구,968,112207
2024-01-23,종로구,1720,217643
2024-01-23,중구,1111,248163
2024-01-23,중랑구,1209,81920
2024-01-24,강남구,1543,399175
2024-01-24,강동구,2121,91849
2024-01-24,강북구,665,44315
2024-01-24,강서구,7498,181270
2024-01-24,관악구,1066,147255
2024-01-24,광진구,2520,60412
2024-01-24,구로구,2057,123203
2024-01-24,금천구,1101,99338
2024-01-24,노원구,2889,154428
2024-01-24,도봉구,988,85699
2024-01-24,동대문구,1602,96189
2024-01-24,동작구,816,86099
2024-01-24,마포구,2139,247047
2024-01-24,서대문구,872,86456
2024-01-24,서초구,1414,141156
2024-01-24,성동구,2017,116004
2024-01-24,성북구,1111,45656
2024-01-24,송파구,4547,189983
2024-01-24,양천구,3119,34376
2024-01-24,영등포구,4594,316671
2024-01-24,용산구,819,0
2024-01-24,은평구,1193,117266
2024-01-24,종로구,2005,228891
2024-01-24,중구,1320,255950
2024-01-24,중랑구,1452,84973
2024-01-25,강남구,1984,409951
2024-01-25,강동구,2539,94479
2024-01-25,강북구,792,46426
2024-01-25,강서구,8950,185414
2024-01-25,관악구,1274,152541
2024-01-25,광진구,2856,62439
2024-01-25,구로구,2573,126229
2024-01-25,금천구,1261,101133
2024-01-25,노원구,3573,159859
2024-01-25,도봉구,1311,89583
2024-01-25,동대문구,2017,101402
2024-01-25,동작구,1051,89331
2024-01-25,마포구,2658,259492
2024-01-25,서대문구,1141,89542
2024-01-25,서초구,1765,146147
2024-01-25,성동구,2419,119475
2024-01-25,성북구,1380,47299
2024-01-25,송파구,5540,194733
2024-01-25,양천구,3781,35854
2024-01-25,영등포구,5639,326084
2024-01-25,용산구,1042,0
2024-01-25,은평구,1523,122099
2024-01-25,종로구,2508,240775
2024-01-25,중구,1769,264186
2024-01-25,중랑구,1715,88312
2024-01-26,강남구,2509,419327
2024-01-26,강동구,3142,97391
2024-01-26,강북구,969,47783
2024-01-26,강서구,10353,190196
2024-01-26,관악구,1584,163337
2024-01-26,광진구,3517,65848
2024-01-26,구로구,3015,130567
2024-01-26,금천구,1506,101960
2024-01-26,노원구,4191,168231
2024-01-26,도봉구,1463,95141
2024-01-26,동대문구,2366,107431
2024-01-26,동작구,1355,95913
2024-01-26,마포구,3276,276076
2024-01-26,서대문구,1373,93845
2024-01-26,서초구,2156,159694
2024-01-26,성동구,2888,123688
2024-01-26,성북구,1622,48750
2024-01-26,송파구,6817,202451
2024-01-26,양천구,4691,37187
2024-01-26,영등포구,6960,340155
2024-01-26,용산구,1353,0
2024-01-26,은평구,1729,126390
2024-01-26,종로구,2908,249579
2024-01-26,중구,1975,270050
2024-01-26,중랑구,2129,92427
2024-01-27,강남구,1651,240276
2024-01-27,강동구,2633,65031
2024-01-27,강북구,860,38247
2024-01-27,강서구,6845,132259
2024-01-27,관악구,1590,129615
2024-01-27,광진구,2831,56446
2024-01-27,구로구,2297,86292
2024-01-27,금천구,808,40033
2024-01-27,노원구,3806,126127
2024-01-27,도봉구,1447,73374
2024-01-27,동대문구,1878,81384
2024-01-27,동작구,1138,72313
2024-01-27,마포구,2557,227026
2024-01-27,서대문구,1140,75003
2024-01-27,서초구,1632,129335
2024-01-27,성동구,1884,81417
2024-01-27,성북구,1502,34453
2024-01-27,송파구,5484,137231
2024-01-27,양천구,4148,24931
2024-01-27,영등포구,4715,221909
2024-01-27,용산구,1122,0
2024-01-27,은평구,1597,93957
2024-01-27,종로구,1803,190179
2024-01-27,중구,1240,169067
2024-01-27,중랑구,1809,69035
2024-01-28,강남구,1381,140990
2024-01-28,강동구,2320,46107
2024-01-28,강북구,802,28195
2024-01-28,강서구,5520,97073
2024-01-28,관악구,1294,92458
2024-01-28,광진구,2339,41038
2024-01-28,구로구,1964,61708
2024-01-28,금천구,668,27882
2024-01-28,노원구,3160,92084
2024-01-28,도봉구,1139,56510
2024-01-28,동대문구,1637,60451
2024-01-28,동작구,937,49949
2024-01-28,마포구,2194,170536
2024-01-28,서대문구,1080,53859
2024-01-28,서초구,1308,102991
2024-01-28,성동구,1672,59252
2024-01-28,성북구,1267,26689
2024-01-28,송파구,4847,96176
2024-01-28,양천구,3406,17219
2024-01-28,영등포구,3916,158372
2024-01-28,용산구,1009,0
2024-01-28,은평구,1285,68221
2024-01-28,종로구,1420,128909
2024-01-28,중구,921,123826
2024-01-28,중랑구,1544,49066
2024-01-29,강남구,2409,399904
2024-01-29,강동구,3335,94065
2024-01-29,강북구,989,46036
2024-01-29,강서구,10816,184555
2024-01-29,관악구,1668,147230
2024-01-29,광진구,3661,60423
2024-01-29,구로구,3340,127051
2024-01-29,금천구,1628,102475
2024-01-29,노원구,4351,159515
2024-01-29,도봉구,1508,90513
2024-01-29,동대문구,2627,101693
2024-01-29,동작구,1279,88359
2024-01-29,마포구,3446,251133
2024-01-29,서대문구,1448,87545
2024-01-29,서초구,2229,143867
2024-01-29,성동구,3150,117625
2024-01-29,성북구,1714,46555
2024-01-29,송파구,7016,192901
2024-01-29,양천구,4966,35662
2024-01-29,영등포구,7262,319624
2024-01-29,용산구,1318,0
2024-01-29,은평구,1890,120931
2024-01-29,종로구,3148,231199
2024-01-29,중구,2165,256388
2024-01-29,중랑구,2207,87891
2024-01-30,강남구,2896,414361
2024-01-30,강동구,3501,95688
2024-01-30,강북구,1150,47634
2024-01-30,강서구,11820,188151
2024-01-30,관악구,1769,152950
2024-01-30,광진구,3926,61165
2024-01-30,구로구,3518,129661
2024-01-30,금천구,1806,103751
2024-01-30,노원구,4823,162465
2024-01-30,도봉구,1718,93402
2024-01-30,동대문구,2773,103927
2024-01-30,동작구,1454,90873
2024-01-30,마포구,3802,257990
2024-01-30,서대문구,1691,89823
2024-01-30,서초구,2479,146284
2024-01-30,성동구,3469,121344
2024-01-30,성북구,1940,47513
2024-01-30,송파구,7672,199828
2024-01-30,양천구,5452,36605
2024-01-30,영등포구,7945,328744
2024-01-30,용산구,1644,0
2024-01-30,은평구,1985,124659
2024-01-30,종로구,3446,242247
2024-01-30,중구,2411,265213
2024-01-30,중랑구,2421,90139
2024-01-31,강남구,3010,414729
2024-01-31,강동구,4004,96256
2024-01-31,강북구,1136,47802
2024-01-31,강서구,12445,189055
2024-01-31,관악구,2007,153684
2024-01-31,광진구,4214,62498
2024-01-31,구로구,3706,130307
2024-01-31,금천구,1841,103293
2024-01-31,노원구,5196,164685
2024-01-31,도봉구,1923,93559
2024-01-31,동대문구,3010,104793
2024-01-31,동작구,1668,91216
2024-01-31,마포구,4146,259310
2024-01-31,서대문구,1693,90587
2024-01-31,서초구,2743,145964
2024-01-31,성동구,3638,121632
2024-01-31,성북구,1971,47908
2024-01-31,송파구,8469,200270
2024-01-31,양천구,5662,36686
2024-01-31,영등포구,8511,330328
2024-01-31,용산구,1758,0
2024-01-31,은평구,2110,124552
2024-01-31,종로구,3737,245040
2024-01-31,중구,2583,268699
2024-01-31,중랑구,2585,90186
2024-02-01,강남구,2928,421121
2024-02-01,강동구,3870,96783
2024-02-01,강북구,1178,47236
2024-02-01,강서구,12243,189906
2024-02-01,관악구,1914,154930
2024-02-01,광진구,4241,62390
2024-02-01,구로구,3879,130564
2024-02-01,금천구,1852,102998
2024-02-01,노원구,5199,163578
2024-02-01,도봉구,1907,92852
2024-02-01,동대문구,3041,105522
2024-02-01,동작구,1605,91077
2024-02-01,마포구,3956,264588
2024-02-01,서대문구,1676,90990
2024-02-01,서초구,2634,146870
2024-02-01,성동구,3622,123033
2024-02-01,성북구,2019,48199
2024-02-01,송파구,8182,201063
2024-02-01,양천구,5789,36730
2024-02-01,영등포구,8090,329463
2024-02-01,용산구,1591,0
2024-02-01,은평구,2143,124595
2024-02-01,종로구,3776,243700
2024-02-01,중구,2473,266490
2024-02-01,중랑구,2514,89898
2024-02-02,강남구,3128,427310
2024-02-02,강동구,4041,99659
2024-02-02,강북구,1232,49158
2024-02-02,강서구,12651,193862
2024-02-02,관악구,1974,161416
2024-02-02,광진구,4337,65290
2024-02-02,구로구,3904,132947
2024-02-02,금천구,1884,102831
2024-02-02,노원구,5556,169098
2024-02-02,도봉구,2018,96073
2024-02-02,동대문구,3154,108773
2024-02-02,동작구,1647,95636
2024-02-02,마포구,4110,274839
2024-02-02,서대문구,1770,95636
2024-02-02,서초구,2560,156932
2024-02-02,성동구,3629,127491
2024-02-02,성북구,2111,49420
2024-02-02,송파구,8770,206142
2024-02-02,양천구,6058,37545
2024-02-02,영등포구,8291,340197
2024-02-02,용산구,1701,0
2024-02-02,은평구,2336,128289
2024-02-02,종로구,3707,250820
2024-02-02,중구,2436,278480
2024-02-02,중랑구,2693,93127
2024-02-03,강남구,1855,238294
2024-02-03,강동구,2931,64563
2024-02-03,강북구,1149,37297
2024-02-03,강서구,7987,129787
2024-02-03,관악구,1751,124680
2024-02-03,광진구,3111,54210
2024-02-03,구로구,2714,85349
2024-02-03,금천구,832,38627
2024-02-03,노원구,4703,122821
2024-02-03,도봉구,1792,72706
2024-02-03,동대문구,2271,80710
2024-02-03,동작구,1352,70251
2024-02-03,마포구,3203,224948
2024-02-03,서대문구,1458,73439
2024-02-03,서초구,1754,123117
2024-02-03,성동구,2386,83769
2024-02-03,성북구,1707,33241
2024-02-03,송파구,6323,131831
2024-02-03,양천구,4682,24109
2024-02-03,영등포구,5569,216200
2024-02-03,용산구,1323,0
2024-02-03,은평구,1919,92099
2024-02-03,종로구,2159,178541
2024-02-03,중구,1397,157290
2024-02-03,중랑구,2097,67784
2024-02-04,강남구,2154,143589
2024-02-04,강동구,3524,47789
2024-02-04,강북구,1190,30546
2024-02-04,강서구,7758,97434
2024-02-04,관악구,1936,91584
2024-02-04,광진구,3535,41729
2024-02-04,구로구,2942,63659
2024-02-04,금천구,978,28370
2024-02-04,노원구,4706,94118
2024-02-04,도봉구,1825,59760
2024-02-04,동대문구,2440,62623
2024-02-04,동작구,1563,50704
2024-02-04,마포구,3846,176157
2024-02-04,서대문구,1598,54323
2024-02-04,서초구,1938,98902
2024-02-04,성동구,2749,63308
2024-02-04,성북구,1933,27773
2024-02-04,송파구,7119,94131
2024-02-04,양천구,4555,17681
2024-02-04,영등포구,6099,160397
2024-02-04,용산구,1756,0
2024-02-04,은평구,1981,70186
2024-02-04,종로구,2175,129640
2024-02-04,중구,1398,121040
2024-02-04,중랑구,2198,50645
2024-02-05,강남구,678,405984
2024-02-05,강동구,1242,96109
2024-02-05,강북구,538,45541
2024-02-05,강서구,3328,184797
2024-02-05,관악구,498,146331
2024-02-05,광진구,1403,60722
2024-02-05,구로구,964,126257
2024-02-05,금천구,387,102515
2024-02-05,노원구,2521,160249
2024-02-05,도봉구,848,89697
2024-02-05,동대문구,1261,100643
2024-02-05,동작구,370,88791
2024-02-05,마포구,1058,254513
2024-02-05,서대문구,513,88995
2024-02-05,서초구,603,143702
2024-02-05,성동구,1234,119501
2024-02-05,성북구,921,46920
2024-02-05,송파구,2134,195458
2024-02-05,양천구,1703,35178
2024-02-05,영등포구,2138,321896
2024-02-05,용산구,419,0
2024-02-05,은평구,561,120596
2024-02-05,종로구,1280,231454
2024-02-05,중구,798,260564
2024-02-05,중랑구,1106,88273
2024-02-06,강남구,2386,419928
2024-02-06,강동구,3408,98148
2024-02-06,강북구,1048,47507
2024-02-06,강서구,10397,190528
2024-02-06,관악구,1625,153667
2024-02-06,광진구,3332,62820
2024-02-06,구로구,3189,130642
2024-02-06,금천구,1585,105114
2024-02-06,노원구,4234,165422
2024-02-06,도봉구,1546,93699
2024-02-06,동대문구,2495,106489
2024-02-06,동작구,1294,91870
2024-02-06,마포구,3247,261675
2024-02-06,서대문구,1356,93062
2024-02-06,서초구,2119,147633
2024-02-06,성동구,3048,122832
2024-02-06,성북구,1668,48431
2024-02-06,송파구,6469,203107
2024-02-06,양천구,4850,36837
2024-02-06,영등포구,6930,330748
2024-02-06,용산구,1338,0
2024-02-06,은평구,1736,126152
2024-02-06,종로구,2894,239947
2024-02-06,중구,2096,264955
2024-02-06,중랑구,2082,91842
2024-02-07,강남구,2608,412778
2024-02-07,강동구,3641,98249
2024-02-07,강북구,1097,47773
2024-02-07,강서구,11473,190615
2024-02-07,관악구,1671,155626
2024-02-07,광진구,3857,63722
2024-02-07,구로구,3411,130844
2024-02-07,금천구,1716,103548
2024-02-07,노원구,4898,166118
2024-02-07,도봉구,1732,94555
2024-02-07,동대문구,2776,106619
2024-02-07,동작구,1526,92523
2024-02-07,마포구,3615,262742
2024-02-07,서대문구,1512,92428
2024-02-07,서초구,2396,147256
2024-02-07,성동구,3222,121314
2024-02-07,성북구,1807,48708
2024-02-07,송파구,7306,201563
2024-02-07,양천구,5417,36597
2024-02-07,영등포구,7496,331029
2024-02-07,용산구,1450,0
2024-02-07,은평구,2009,126140
2024-02-07,종로구,3026,238771
2024-02-07,중구,2273,262388
2024-02-07,중랑구,2463,91772
2024-02-08,강남구,2701,380613
2024-02-08,강동구,3773,92454
2024-02-08,강북구,1261,46222
2024-02-08,강서구,11474,184594
2024-02-08,관악구,1871,149831
2024-02-08,광진구,4101,63847
2024-02-08,구로구,3642,126351
2024-02-08,금천구,1761,94435
2024-02-08,노원구,5427,160790
2024-02-08,도봉구,1943,91787
2024-02-08,동대문구,2863,102588
2024-02-08,동작구,1609,91274
2024-02-08,마포구,3844,256880
2024-02-08,서대문구,1666,90370
2024-02-08,서초구,2498,143208
2024-02-08,성동구,3284,116698
2024-02-08,성북구,1832,46994
2024-02-08,송파구,7818,187190
2024-02-08,양천구,5836,35346
2024-02-08,영등포구,8007,316341
2024-02-08,용산구,1492,0
2024-02-08,은평구,2178,123235
2024-02-08,종로구,3153,224454
2024-02-08,중구,2251,240096
2024-02-08,중랑구,2555,90334
2024-02-09,강남구,1406,102831
2024-02-09,강동구,2160,36475
2024-02-09,강북구,880,22804
2024-02-09,강서구,5070,83036
2024-02-09,관악구,1134,69142
2024-02-09,광진구,2138,31458
2024-02-09,구로구,1826,50936
2024-02-09,금천구,600,25670
2024-02-09,노원구,3640,72325
2024-02-09,도봉구,1336,43863
2024-02-09,동대문구,1606,45251
2024-02-09,동작구,956,44511
2024-02-09,마포구,2183,124543
2024-02-09,서대문구,1077,40893
2024-02-09,서초구,1324,59439
2024-02-09,성동구,1477,43403
2024-02-09,성북구,1193,20569
2024-02-09,송파구,4530,68126
2024-02-09,양천구,3127,14013
2024-02-09,영등포구,3632,106367
2024-02-09,용산구,917,0
2024-02-09,은평구,1530,58147
2024-02-09,종로구,1276,100944
2024-02-09,중구,844,91399
2024-02-09,중랑구,1651,41995
2024-02-10,강남구,1065,59757
2024-02-10,강동구,1601,26839
2024-02-10,강북구,722,21793
2024-02-10,강서구,3596,65890
2024-02-10,관악구,910,50430
2024-02-10,광진구,1594,22817
2024-02-10,구로구,1402,41399
2024-02-10,금천구,500,20317
2024-02-10,노원구,2454,62704
2024-02-10,도봉구,1079,38694
2024-02-10,동대문구,1149,31991
2024-02-10,동작구,755,30911
2024-02-10,마포구,1570,93706
2024-02-10,서대문구,759,29173
2024-02-10,서초구,840,57197
2024-02-10,성동구,1177,29361
2024-02-10,성북구,924,18192
2024-02-10,송파구,3207,46961
2024-02-10,양천구,2161,11133
2024-02-10,영등포구,2525,81667
2024-02-10,용산구,738,0
2024-02-10,은평구,1176,46893
2024-02-10,종로구,928,94073
2024-02-10,중구,653,87321
2024-02-10,중랑구,1298,35389
2024-02-11,강남구,1334,89821
2024-02-11,강동구,1925,37013
2024-02-11,강북구,792,25698
2024-02-11,강서구,4821,83985
2024-02-11,관악구,1123,67776
2024-02-11,광진구,1951,31929
2024-02-11,구로구,1739,51809
2024-02-11,금천구,581,24804
2024-02-11,노원구,3064,78333
2024-02-11,도봉구,1182,49098
2024-02-11,동대문구,1348,41612
2024-02-11,동작구,853,37909
2024-02-11,마포구,1949,137340
2024-02-11,서대문구,1022,39686
2024-02-11,서초구,1235,111249
2024-02-11,성동구,1420,46059
2024-02-11,성북구,1068,21931
2024-02-11,송파구,4074,69519
2024-02-11,양천구,3022,14689
2024-02-11,영등포구,3229,124249
2024-02-11,용산구,989,0
2024-02-11,은평구,1277,60024
2024-02-11,종로구,1235,126152
2024-02-11,중구,786,118284
2024-02-11,중랑구,1483,40926
2024-02-12,강남구,1984,118871
2024-02-12,강동구,2939,40662
2024-02-12,강북구,1152,27837
2024-02-12,강서구,7086,91272
2024-02-12,관악구,1683,76573
2024-02-12,광진구,3235,36676
2024-02-12,구로구,2622,55893
2024-02-12,금천구,906,27362
2024-02-12,노원구,4216,86006
2024-02-12,도봉구,1676,52335
2024-02-12,동대문구,2078,45942
2024-02-12,동작구,1411,42291
2024-02-12,마포구,3360,151558
2024-02-12,서대문구,1450,46103
2024-02-12,서초구,1787,117401
2024-02-12,성동구,2328,52300
2024-02-12,성북구,1520,23339
2024-02-12,송파구,6542,76136
2024-02-12,양천구,4364,15744
2024-02-12,영등포구,5524,135640
2024-02-12,용산구,1500,0
2024-02-12,은평구,1910,64330
2024-02-12,종로구,1746,126074
2024-02-12,중구,1252,115030
2024-02-12,중랑구,2155,45404
2024-02-13,강남구,3654,386479
2024-02-13,강동구,4421,90074
2024-02-13,강북구,1384,44851
2024-02-13,강서구,13268,178708
2024-02-13,관악구,2266,141914
2024-02-13,광진구,4866,59328
2024-02-13,구로구,4274,122973
2024-02-13,금천구,2042,97089
2024-02-13,노원구,6130,157108
2024-02-13,도봉구,2156,88633
2024-02-13,동대문구,3316,93461
2024-02-13,동작구,2052,84075
2024-02-13,마포구,5041,252036
2024-02-13,서대문구,2075,86448
2024-02-13,서초구,3100,153927
2024-02-13,성동구,4198,115130
2024-02-13,성북구,2233,44817
2024-02-13,송파구,9629,185112
2024-02-13,양천구,6742,34526
2024-02-13,영등포구,9867,309994
2024-02-13,용산구,2064,0
2024-02-13,은평구,2513,118425
2024-02-13,종로구,3775,216357
2024-02-13,중구,2617,248515
2024-02-13,중랑구,2991,85722
2024-02-14,강남구,4137,420719
2024-02-14,강동구,5105,96869
2024-02-14,강북구,1659,48297
2024-02-14,강서구,15478,189957
2024-02-14,관악구,2778,156436
2024-02-14,광진구,5605,63005
2024-02-14,구로구,4779,132822
2024-02-14,금천구,2471,105579
2024-02-14,노원구,7017,168082
2024-02-14,도봉구,2629,94372
2024-02-14,동대문구,3865,102364
2024-02-14,동작구,2368,90355
2024-02-14,마포구,6218,276535
2024-02-14,서대문구,2537,94760
2024-02-14,서초구,3694,155151
2024-02-14,성동구,4987,127459
2024-02-14,성북구,2746,49558
2024-02-14,송파구,10887,199778
2024-02-14,양천구,7439,37414
2024-02-14,영등포구,11440,335726
2024-02-14,용산구,2595,0
2024-02-14,은평구,3005,126133
2024-02-14,종로구,4541,250923
2024-02-14,중구,3270,271239
2024-02-14,중랑구,3443,91006
2024-02-15,강남구,1846,418929
2024-02-15,강동구,2510,94227
2024-02-15,강북구,851,45071
2024-02-15,강서구,7628,186348
2024-02-15,관악구,1325,153672
2024-02-15,광진구,2720,61758
2024-02-15,구로구,2350,127415
2024-02-15,금천구,1245,102421
2024-02-15,노원구,3279,160468
2024-02-15,도봉구,1177,88193
2024-02-15,동대문구,1925,99028
2024-02-15,동작구,1040,88639
2024-02-15,마포구,2297,267986
2024-02-15,서대문구,1046,92507
2024-02-15,서초구,1605,154316
2024-02-15,성동구,2085,124437
2024-02-15,성북구,1241,47703
2024-02-15,송파구,5011,198825
2024-02-15,양천구,3576,36034
2024-02-15,영등포구,5111,329663
2024-02-15,용산구,940,0
2024-02-15,은평구,1306,121897
2024-02-15,종로구,1862,241764
2024-02-15,중구,1377,273350
2024-02-15,중랑구,1525,88611
2024-02-16,강남구,3348,435679
2024-02-16,강동구,4358,100352
2024-02-16,강북구,1444,49255
2024-02-16,강서구,13001,196287
2024-02-16,관악구,2131,167278
2024-02-16,광진구,4609,68449
2024-02-16,구로구,4215,135337
2024-02-16,금천구,2116,105156
2024-02-16,노원구,5809,172780
2024-02-16,도봉구,2124,97826
2024-02-16,동대문구,3182,107866
2024-02-16,동작구,1892,96406
2024-02-16,마포구,4414,292387
2024-02-16,서대문구,1936,100764
2024-02-16,서초구,2765,172344
2024-02-16,성동구,3825,133881
2024-02-16,성북구,2130,49925
2024-02-16,송파구,9131,207812
2024-02-16,양천구,6467,38382
2024-02-16,영등포구,9133,348348
2024-02-16,용산구,1969,0
2024-02-16,은평구,2368,131150
2024-02-16,종로구,3593,264937
2024-02-16,중구,2608,286004
2024-02-16,중랑구,2810,95443
2024-02-17,강남구,2902,258859
2024-02-17,강동구,4133,69085
2024-02-17,강북구,1416,40529
2024-02-17,강서구,9658,139078
2024-02-17,관악구,2389,138892
2024-02-17,광진구,4526,59807
2024-02-17,구로구,3508,92546
2024-02-17,금천구,1211,42641
2024-02-17,노원구,5771,134521
2024-02-17,도봉구,2139,78163
2024-02-17,동대문구,2937,81823
2024-02-17,동작구,1991,74433
2024-02-17,마포구,4362,255434
2024-02-17,서대문구,1856,81317
2024-02-17,서초구,2655,142023
2024-02-17,성동구,3434,96284
2024-02-17,성북구,2045,36117
2024-02-17,송파구,8742,138789
2024-02-17,양천구,5807,26242
2024-02-17,영등포구,7432,233535
2024-02-17,용산구,2179,0
2024-02-17,은평구,2412,100212
2024-02-17,종로구,2678,209807
2024-02-17,중구,1718,184229
2024-02-17,중랑구,2764,73484
2024-02-18,강남구,1337,151708
2024-02-18,강동구,2068,47406
2024-02-18,강북구,643,29288
2024-02-18,강서구,3829,100596
2024-02-18,관악구,1077,96229
2024-02-18,광진구,2132,42757
2024-02-18,구로구,1508,64370
2024-02-18,금천구,481,28399
2024-02-18,노원구,2671,94343
2024-02-18,도봉구,929,57303
2024-02-18,동대문구,1373,58343
2024-02-18,동작구,878,50591
2024-02-18,마포구,1865,189828
2024-02-18,서대문구,833,56754
2024-02-18,서초구,1049,110741
2024-02-18,성동구,1455,67374
2024-02-18,성북구,924,26920
2024-02-18,송파구,3956,92723
2024-02-18,양천구,2569,17694
2024-02-18,영등포구,3099,169371
2024-02-18,용산구,799,0
2024-02-18,은평구,1026,70252
2024-02-18,종로구,1166,135273
2024-02-18,중구,689,126009
2024-02-18,중랑구,1270,51022
2024-02-19,강남구,1267,401651
2024-02-19,강동구,1533,93201
2024-02-19,강북구,586,43904
2024-02-19,강서구,6067,181687
2024-02-19,관악구,842,146940
2024-02-19,광진구,1872,60158
2024-02-19,구로구,1684,125613
2024-02-19,금천구,799,102379
2024-02-19,노원구,2433,155743
2024-02-19,도봉구,887,86809
2024-02-19,동대문구,1136,96145
2024-02-19,동작구,668,87025
2024-02-19,마포구,1701,255361
2024-02-19,서대문구,765,89905
2024-02-19,서초구,1112,149702
2024-02-19,성동구,1499,118774
2024-02-19,성북구,796,47090
2024-02-19,송파구,3639,190991
2024-02-19,양천구,2922,35264
2024-02-19,영등포구,3647,319243
2024-02-19,용산구,615,0
2024-02-19,은평구,789,118595
2024-02-19,종로구,1337,229751
2024-02-19,중구,961,260944
2024-02-19,중랑구,1003,86531
2024-02-20,강남구,1732,424178
2024-02-20,강동구,2473,97280
2024-02-20,강북구,729,47076
2024-02-20,강서구,7535,192702
2024-02-20,관악구,1273,155988
2024-02-20,광진구,2743,62475
2024-02-20,구로구,2189,131072
2024-02-20,금천구,1089,105685
2024-02-20,노원구,3244,166325
2024-02-20,도봉구,1134,93189
2024-02-20,동대문구,1862,103816
2024-02-20,동작구,1048,91290
2024-02-20,마포구,2349,271094
2024-02-20,서대문구,1054,96362
2024-02-20,서초구,1418,157912
2024-02-20,성동구,2145,125898
2024-02-20,성북구,1162,48270
2024-02-20,송파구,4846,201602
2024-02-20,양천구,3511,37258
2024-02-20,영등포구,4755,335924
2024-02-20,용산구,939,0
2024-02-20,은평구,1232,125708
2024-02-20,종로구,2130,250064
2024-02-20,중구,1444,275838
2024-02-20,중랑구,1480,91195
2024-02-21,강남구,332,416215
2024-02-21,강동구,385,96036
2024-02-21,강북구,179,45723
2024-02-21,강서구,1459,186307
2024-02-21,관악구,197,153809
2024-02-21,광진구,479,61346
2024-02-21,구로구,357,127093
2024-02-21,금천구,172,102437
2024-02-21,노원구,690,160854
2024-02-21,도봉구,246,88820
2024-02-21,동대문구,319,103560
2024-02-21,동작구,144,89416
2024-02-21,마포구,358,266148
2024-02-21,서대문구,203,92006
2024-02-21,서초구,265,154506
2024-02-21,성동구,376,122423
2024-02-21,성북구,232,47854
2024-02-21,송파구,812,197543
2024-02-21,양천구,659,36245
2024-02-21,영등포구,704,331681
2024-02-21,용산구,159,0
2024-02-21,은평구,248,122239
2024-02-21,종로구,370,246137
2024-02-21,중구,251,274371
2024-02-21,중랑구,281,88863
2024-02-22,강남구,806,429244
2024-02-22,강동구,1465,98461
2024-02-22,강북구,451,47043
2024-02-22,강서구,4487,194098
2024-02-22,관악구,473,159431
2024-02-22,광진구,1448,69615
2024-02-22,구로구,1077,132069
2024-02-22,금천구,579,104624
2024-02-22,노원구,2238,167060
2024-02-22,도봉구,777,92794
2024-02-22,동대문구,942,105844
2024-02-22,동작구,384,93046
2024-02-22,마포구,1284,281173
2024-02-22,서대문구,493,98026
2024-02-22,서초구,740,160807
2024-02-22,성동구,1142,128105
2024-02-22,성북구,595,49569
2024-02-22,송파구,2576,205199
2024-02-22,양천구,1967,38111
2024-02-22,영등포구,2503,345546
2024-02-22,용산구,403,0
2024-02-22,은평구,806,125596
2024-02-22,종로구,1072,251067
2024-02-22,중구,721,279804
2024-02-22,중랑구,856,93459
2024-02-23,강남구,2432,434869
2024-02-23,강동구,3368,99719
2024-02-23,강북구,1043,49207
2024-02-23,강서구,10530,197031
2024-02-23,관악구,1645,168328
2024-02-23,광진구,3356,68246
2024-02-23,구로구,3000,133816
2024-02-23,금천구,1437,103789
2024-02-23,노원구,4678,171482
2024-02-23,도봉구,1733,97038
2024-02-23,동대문구,2382,109342
2024-02-23,동작구,1276,98100
2024-02-23,마포구,3375,292855
2024-02-23,서대문구,1443,101737
2024-02-23,서초구,2135,171188
2024-02-23,성동구,2945,133533
2024-02-23,성북구,1511,50143
2024-02-23,송파구,6695,206905
2024-02-23,양천구,4798,38119
2024-02-23,영등포구,6939,351601
2024-02-23,용산구,1390,0
2024-02-23,은평구,2013,131191
2024-02-23,종로구,2889,263167
2024-02-23,중구,2112,293541
2024-02-23,중랑구,2127,95657
2024-02-24,강남구,1710,266097
2024-02-24,강동구,2732,69524
2024-02-24,강북구,894,40506
2024-02-24,강서구,6471,138151
2024-02-24,관악구,1366,138018
2024-02-24,광진구,2638,60696
2024-02-24,구로구,2307,92713
2024-02-24,금천구,779,41923
2024-02-24,노원구,3967,134634
2024-02-24,도봉구,1465,76286
2024-02-24,동대문구,1825,81359
2024-02-24,동작구,1103,75258
2024-02-24,마포구,2558,249626
2024-02-24,서대문구,1202,83286
2024-02-24,서초구,1589,145939
2024-02-24,성동구,1878,95003
2024-02-24,성북구,1308,36285
2024-02-24,송파구,5259,141394
2024-02-24,양천구,3976,26379
2024-02-24,영등포구,4311,239868
2024-02-24,용산구,1071,0
2024-02-24,은평구,1626,99887
2024-02-24,종로구,1808,206224
2024-02-24,중구,1044,185337
2024-02-24,중랑구,1771,73607
2024-02-25,강남구,1578,162684
2024-02-25,강동구,2394,49280
2024-02-25,강북구,816,29883
2024-02-25,강서구,5595,104999
2024-02-25,관악구,1230,97569
2024-02-25,광진구,2463,45840
2024-02-25,구로구,1950,66136
2024-02-25,금천구,641,29271
2024-02-25,노원구,3558,98548
2024-02-25,도봉구,1392,58440
2024-02-25,동대문구,1728,60327
2024-02-25,동작구,1042,52242
2024-02-25,마포구,2518,190804
2024-02-25,서대문구,1079,60631
2024-02-25,서초구,1289,114181
2024-02-25,성동구,1805,68922
2024-02-25,성북구,1170,28242
2024-02-25,송파구,4714,98821
2024-02-25,양천구,3311,18687
2024-02-25,영등포구,4033,174472
2024-02-25,용산구,1072,0
2024-02-25,은평구,1226,72268
2024-02-25,종로구,1471,135835
2024-02-25,중구,947,134854
2024-02-25,중랑구,1532,52570
2024-02-26,강남구,3341,410161
2024-02-26,강동구,4122,96268
2024-02-26,강북구,1344,47128
2024-02-26,강서구,12601,186861
2024-02-26,관악구,2094,152468
2024-02-26,광진구,4544,62801
2024-02-26,구로구,3970,130078
2024-02-26,금천구,1974,103912
2024-02-26,노원구,5870,163519
2024-02-26,도봉구,2156,92637
2024-02-26,동대문구,3122,103296
2024-02-26,동작구,1772,90320
2024-02-26,마포구,4564,270559
2024-02-26,서대문구,1913,99889
2024-02-26,서초구,2895,154113
2024-02-26,성동구,3930,125303
2024-02-26,성북구,2098,48083
2024-02-26,송파구,9007,195757
2024-02-26,양천구,5793,36751
2024-02-26,영등포구,8915,328717
2024-02-26,용산구,1949,0
2024-02-26,은평구,2256,125170
2024-02-26,종로구,3848,243140
2024-02-26,중구,2761,266803
2024-02-26,중랑구,2857,91092
2024-02-27,강남구,3557,424105
2024-02-27,강동구,4429,96694
2024-02-27,강북구,1461,48157
2024-02-27,강서구,13382,189718
2024-02-27,관악구,2328,158319
2024-02-27,광진구,4783,63704
2024-02-27,구로구,4125,132055
2024-02-27,금천구,2138,104706
2024-02-27,노원구,6195,168020
2024-02-27,도봉구,2219,95137
2024-02-27,동대문구,3251,104839
2024-02-27,동작구,2010,92756
2024-02-27,마포구,4757,274497
2024-02-27,서대문구,2017,96132
2024-02-27,서초구,3126,157417
2024-02-27,성동구,4212,128450
2024-02-27,성북구,2264,48897
2024-02-27,송파구,9428,201826
2024-02-27,양천구,6110,37627
2024-02-27,영등포구,9301,335849
2024-02-27,용산구,2097,0
2024-02-27,은평구,2465,127099
2024-02-27,종로구,4085,250155
2024-02-27,중구,2808,273421
2024-02-27,중랑구,2991,93042
2024-02-28,강남구,3689,425616
2024-02-28,강동구,4766,98273
2024-02-28,강북구,1514,48471
2024-02-28,강서구,13843,193199
2024-02-28,관악구,2437,160107
2024-02-28,광진구,5035,65194
2024-02-28,구로구,4269,133067
2024-02-28,금천구,2162,104744
2024-02-28,노원구,6301,169964
2024-02-28,도봉구,2314,95867
2024-02-28,동대문구,3447,106803
2024-02-28,동작구,2058,93819
2024-02-28,마포구,5043,274422
2024-02-28,서대문구,2181,95833
2024-02-28,서초구,3085,158557
2024-02-28,성동구,4330,129336
2024-02-28,성북구,2431,49360
2024-02-28,송파구,9791,205530
2024-02-28,양천구,6603,37770
2024-02-28,영등포구,9757,341009
2024-02-28,용산구,2106,0
2024-02-28,은평구,2546,129020
2024-02-28,종로구,4390,254562
2024-02-28,중구,3098,277737
2024-02-28,중랑구,2970,93796
2024-02-29,강남구,3486,426305
2024-02-29,강동구,4452,98576
2024-02-29,강북구,1317,48481
2024-02-29,강서구,12903,194479
2024-02-29,관악구,2218,165831
2024-02-29,광진구,4676,67985
2024-02-29,구로구,4159,134155
2024-02-29,금천구,2099,103388
2024-02-29,노원구,6411,170405
2024-02-29,도봉구,2182,96105
2024-02-29,동대문구,3343,110462
2024-02-29,동작구,1750,95667
2024-02-29,마포구,4573,286217
2024-02-29,서대문구,2065,99440
2024-02-29,서초구,2907,169259
2024-02-29,성동구,4006,128650
2024-02-29,성북구,2283,49789
2024-02-29,송파구,9138,205388
2024-02-29,양천구,6069,38122
2024-02-29,영등포구,9081,342899
2024-02-29,용산구,1845,0
2024-02-29,은평구,2633,129612
2024-02-29,종로구,4074,258140
2024-02-29,중구,2685,276923
2024-02-29,중랑구,2728,94368
2024-03-01,강남구,1303,182077
2024-03-01,강동구,2227,56241
2024-03-01,강북구,710,34038
2024-03-01,강서구,5138,119001
2024-03-01,관악구,1239,109932
2024-03-01,광진구,2256,53061
2024-03-01,구로구,1691,74221
2024-03-01,금천구,631,34979
2024-03-01,노원구,3112,107348
2024-03-01,도봉구,1187,63247
2024-03-01,동대문구,1568,69450
2024-03-01,동작구,889,61654
2024-03-01,마포구,2093,210185
2024-03-01,서대문구,1019,76019
2024-03-01,서초구,1151,117310
2024-03-01,성동구,1543,79361
2024-03-01,성북구,1189,29985
2024-03-01,송파구,4256,111948
2024-03-01,양천구,2845,20966
2024-03-01,영등포구,3486,193735
2024-03-01,용산구,888,0
2024-03-01,은평구,1297,83477
2024-03-01,종로구,1369,188327
2024-03-01,중구,968,167775
2024-03-01,중랑구,1544,60402
2024-03-02,강남구,1593,217143
2024-03-02,강동구,2700,59591
2024-03-02,강북구,881,34530
2024-03-02,강서구,6298,121187
2024-03-02,관악구,1441,113830
2024-03-02,광진구,2662,53393
2024-03-02,구로구,2098,78523
2024-03-02,금천구,726,34119
2024-03-02,노원구,3865,114319
2024-03-02,도봉구,1451,65517
2024-03-02,동대문구,1736,71703
2024-03-02,동작구,1101,64721
2024-03-02,마포구,2550,216638
2024-03-02,서대문구,1195,73816
2024-03-02,서초구,1460,125067
2024-03-02,성동구,1850,79082
2024-03-02,성북구,1269,31205
2024-03-02,송파구,5181,117488
2024-03-02,양천구,3935,21928
2024-03-02,영등포구,4172,197037
2024-03-02,용산구,1012,0
2024-03-02,은평구,1614,87158
2024-03-02,종로구,1669,171726
2024-03-02,중구,1118,153113
2024-03-02,중랑구,1761,62839
2024-03-03,강남구,1995,141252
2024-03-03,강동구,3137,46985
2024-03-03,강북구,1070,29526
2024-03-03,강서구,6908,98606
2024-03-03,관악구,1798,92469
2024-03-03,광진구,3414,42346
2024-03-03,구로구,2555,62792
2024-03-03,금천구,848,27746
2024-03-03,노원구,4756,94472
2024-03-03,도봉구,1672,57724
2024-03-03,동대문구,2195,60865
2024-03-03,동작구,1392,49982
2024-03-03,마포구,3115,167501
2024-03-03,서대문구,1565,56054
2024-03-03,서초구,1750,114970
2024-03-03,성동구,2415,61710
2024-03-03,성북구,1596,27557
2024-03-03,송파구,6449,92640
2024-03-03,양천구,4345,17560
2024-03-03,영등포구,5233,165431
2024-03-03,용산구,1397,0
2024-03-03,은평구,1730,70574
2024-03-03,종로구,1955,123862
2024-03-03,중구,1127,115993
2024-03-03,중랑구,2075,50134
2024-03-04,강남구,3593,390205
2024-03-04,강동구,4624,97274
2024-03-04,강북구,1481,49296
2024-03-04,강서구,13397,187693
2024-03-04,관악구,2382,150906
2024-03-04,광진구,5174,65277
2024-03-04,구로구,4341,130640
2024-03-04,금천구,2215,100868
2024-03-04,노원구,6704,170025
2024-03-04,도봉구,2399,95941
2024-03-04,동대문구,3627,109408
2024-03-04,동작구,1977,92557
2024-03-04,마포구,4854,253248
2024-03-04,서대문구,2194,102108
2024-03-04,서초구,3106,148352
2024-03-04,성동구,4335,125938
2024-03-04,성북구,2522,52233
2024-03-04,송파구,9576,198499
2024-03-04,양천구,6365,37114
2024-03-04,영등포구,9518,316776
2024-03-04,용산구,2001,0
2024-03-04,은평구,2625,126229
2024-03-04,종로구,4268,232915
2024-03-04,중구,2886,258863
2024-03-04,중랑구,3106,93622
2024-03-05,강남구,3734,408975
2024-03-05,강동구,4657,98796
2024-03-05,강북구,1448,50191
2024-03-05,강서구,14030,189407
2024-03-05,관악구,2357,156525
2024-03-05,광진구,5422,66525
2024-03-05,구로구,4455,132863
2024-03-05,금천구,2118,105324
2024-03-05,노원구,6798,172571
2024-03-05,도봉구,2401,96699
2024-03-05,동대문구,3732,110825
2024-03-05,동작구,2013,94370
2024-03-05,마포구,5003,260690
2024-03-05,서대문구,2388,104476
2024-03-05,서초구,3243,151210
2024-03-05,성동구,4298,131039
2024-03-05,성북구,2635,53572
2024-03-05,송파구,9931,204615
2024-03-05,양천구,6538,38213
2024-03-05,영등포구,9527,328193
2024-03-05,용산구,1998,0
2024-03-05,은평구,2525,127904
2024-03-05,종로구,4471,240538
2024-03-05,중구,3011,276202
2024-03-05,중랑구,3095,95081
2024-03-06,강남구,3887,413618
2024-03-06,강동구,4718,100393
2024-03-06,강북구,1503,51061
2024-03-06,강서구,14781,191649
2024-03-06,관악구,2537,159714
2024-03-06,광진구,5607,67293
2024-03-06,구로구,4817,134685
2024-03-06,금천구,2327,105445
2024-03-06,노원구,7382,175829
2024-03-06,도봉구,2589,98811
2024-03-06,동대문구,4017,114080
2024-03-06,동작구,2147,96075
2024-03-06,마포구,5256,267265
2024-03-06,서대문구,2455,105744
2024-03-06,서초구,3423,153753
2024-03-06,성동구,4617,132979
2024-03-06,성북구,2748,54431
2024-03-06,송파구,10374,205125
2024-03-06,양천구,6917,38470
2024-03-06,영등포구,10027,334823
2024-03-06,용산구,2140,0
2024-03-06,은평구,2782,130052
2024-03-06,종로구,4532,251500
2024-03-06,중구,3197,285981
2024-03-06,중랑구,3233,96774
2024-03-07,강남구,3149,421509
2024-03-07,강동구,4026,100270
2024-03-07,강북구,1104,50686
2024-03-07,강서구,13225,192883
2024-03-07,관악구,2377,161506
2024-03-07,광진구,4560,67543
2024-03-07,구로구,4394,134351
2024-03-07,금천구,2213,104884
2024-03-07,노원구,5417,174602
2024-03-07,도봉구,1837,97312
2024-03-07,동대문구,3372,114309
2024-03-07,동작구,1838,95911
2024-03-07,마포구,4116,274096
2024-03-07,서대문구,1978,108295
2024-03-07,서초구,2983,159301
2024-03-07,성동구,3558,133665
2024-03-07,성북구,2228,54001
2024-03-07,송파구,8287,207154
2024-03-07,양천구,6453,38527
2024-03-07,영등포구,9165,336907
2024-03-07,용산구,1636,0
2024-03-07,은평구,2267,129436
2024-03-07,종로구,3645,254535
2024-03-07,중구,2460,293303
2024-03-07,중랑구,2773,96288
2024-03-08,강남구,3128,433476
2024-03-08,강동구,4283,102838
2024-03-08,강북구,1239,51250
2024-03-08,강서구,12948,197578
2024-03-08,관악구,2094,169738
2024-03-08,광진구,4523,70264
2024-03-08,구로구,4036,136925
2024-03-08,금천구,2025,104578
2024-03-08,노원구,6228,177759
2024-03-08,도봉구,2241,101321
2024-03-08,동대문구,3356,116061
2024-03-08,동작구,1726,100205
2024-03-08,마포구,4400,288814
2024-03-08,서대문구,2040,109611
2024-03-08,서초구,2842,171488
2024-03-08,성동구,3854,137117
2024-03-08,성북구,2256,54157
2024-03-08,송파구,9031,211107
2024-03-08,양천구,6175,39056
2024-03-08,영등포구,8614,352266
2024-03-08,용산구,1811,0
2024-03-08,은평구,2414,132900
2024-03-08,종로구,3986,266625
2024-03-08,중구,2646,295893
2024-03-08,중랑구,2802,98987
2024-03-09,강남구,2536,256300
2024-03-09,강동구,3704,70098
2024-03-09,강북구,1155,40738
2024-03-09,강서구,8729,138063
2024-03-09,관악구,1952,140215
2024-03-09,광진구,3751,61195
2024-03-09,구로구,3022,91717
2024-03-09,금천구,1115,42173
2024-03-09,노원구,5491,134258
2024-03-09,도봉구,1979,79166
2024-03-09,동대문구,2677,85243
2024-03-09,동작구,1612,75770
2024-03-09,마포구,3752,246234
2024-03-09,서대문구,1586,84071
2024-03-09,서초구,2285,140962
2024-03-09,성동구,2820,93832
2024-03-09,성북구,1721,36402
2024-03-09,송파구,7791,138437
2024-03-09,양천구,5277,26109
2024-03-09,영등포구,6109,238815
2024-03-09,용산구,1608,0
2024-03-09,은평구,2178,100110
2024-03-09,종로구,2415,203861
2024-03-09,중구,1496,182200
2024-03-09,중랑구,2399,73173
2024-03-10,강남구,2686,154998
2024-03-10,강동구,3737,49796
2024-03-10,강북구,1237,31729
2024-03-10,강서구,7937,103223
2024-03-10,관악구,2107,99733
2024-03-10,광진구,4133,45846
2024-03-10,구로구,3044,67337
2024-03-10,금천구,1061,30471
2024-03-10,노원구,5404,100737
2024-03-10,도봉구,1992,62598
2024-03-10,동대문구,2658,65138
2024-03-10,동작구,1711,53223
2024-03-10,마포구,5073,197368
2024-03-10,서대문구,1935,60090
2024-03-10,서초구,2461,113209
2024-03-10,성동구,3097,68667
2024-03-10,성북구,1969,27911
2024-03-10,송파구,8135,95942
2024-03-10,양천구,5169,18813
2024-03-10,영등포구,6652,171971
2024-03-10,용산구,2056,0
2024-03-10,은평구,2158,76205
2024-03-10,종로구,2365,142440
2024-03-10,중구,1509,138136
2024-03-10,중랑구,2304,53556
2024-03-11,강남구,3847,400625
2024-03-11,강동구,4881,98777
2024-03-11,강북구,1466,49865
2024-03-11,강서구,14708,189375
2024-03-11,관악구,2460,154098
2024-03-11,광진구,5406,65128
2024-03-11,구로구,4772,131958
2024-03-11,금천구,2329,105103
2024-03-11,노원구,7068,171088
2024-03-11,도봉구,2493,96095
2024-03-11,동대문구,3790,111258
2024-03-11,동작구,2183,93610
2024-03-11,마포구,5323,261944
2024-03-11,서대문구,2291,103019
2024-03-11,서초구,3253,151739
2024-03-11,성동구,4558,128861
2024-03-11,성북구,2623,54053
2024-03-11,송파구,10213,200500
2024-03-11,양천구,6679,37898
2024-03-11,영등포구,10088,325321
2024-03-11,용산구,2057,0
2024-03-11,은평구,2624,127100
2024-03-11,종로구,4547,241700
2024-03-11,중구,3029,276396
2024-03-11,중랑구,3188,94705
2024-03-12,강남구,2408,413790
2024-03-12,강동구,3519,98904
2024-03-12,강북구,1150,50040
2024-03-12,강서구,11668,190326
2024-03-12,관악구,1610,158103
2024-03-12,광진구,4148,66175
2024-03-12,구로구,3034,132897
2024-03-12,금천구,1282,105738
2024-03-12,노원구,5606,172518
2024-03-12,도봉구,2115,95766
2024-03-12,동대문구,3098,110496
2024-03-12,동작구,1239,95067
2024-03-12,마포구,3199,266260
2024-03-12,서대문구,1504,105049
2024-03-12,서초구,1740,154883
2024-03-12,성동구,3283,133442
2024-03-12,성북구,2071,53470
2024-03-12,송파구,7267,203868
2024-03-12,양천구,5203,38157
2024-03-12,영등포구,5907,332279
2024-03-12,용산구,1041,0
2024-03-12,은평구,1740,127938
2024-03-12,종로구,2691,248352
2024-03-12,중구,1886,285108
2024-03-12,중랑구,2294,93963
2024-03-13,강남구,4133,415032
2024-03-13,강동구,5135,101318
2024-03-13,강북구,1539,51866
2024-03-13,강서구,15243,193732
2024-03-13,관악구,2525,162258
2024-03-13,광진구,6095,68092
2024-03-13,구로구,4691,135870
2024-03-13,금천구,2358,106064
2024-03-13,노원구,7554,177680
2024-03-13,도봉구,2725,100086
2024-03-13,동대문구,4132,115343
2024-03-13,동작구,2177,98088
2024-03-13,마포구,5713,274040
2024-03-13,서대문구,2445,107796
2024-03-13,서초구,3368,158329
2024-03-13,성동구,4733,136510
2024-03-13,성북구,2908,54602
2024-03-13,송파구,10941,209032
2024-03-13,양천구,6881,38862
2024-03-13,영등포구,10397,341794
2024-03-13,용산구,2322,0
2024-03-13,은평구,2942,132009
2024-03-13,종로구,4677,259785
2024-03-13,중구,3262,294433
2024-03-13,중랑구,3370,97185
2024-03-14,강남구,4192,422002
2024-03-14,강동구,5500,101029
2024-03-14,강북구,1631,51504
2024-03-14,강서구,15406,194515
2024-03-14,관악구,2640,165211
2024-03-14,광진구,6322,69362
2024-03-14,구로구,5024,136545
2024-03-14,금천구,2529,106472
2024-03-14,노원구,7993,178447
2024-03-14,도봉구,2807,100716
2024-03-14,동대문구,4266,116290
2024-03-14,동작구,2282,98419
2024-03-14,마포구,5925,280063
2024-03-14,서대문구,2610,108203
2024-03-14,서초구,3707,163302
2024-03-14,성동구,5005,138955
2024-03-14,성북구,3028,55149
2024-03-14,송파구,11640,212268
2024-03-14,양천구,7287,38974
2024-03-14,영등포구,11166,340361
2024-03-14,용산구,2411,0
2024-03-14,은평구,3028,131876
2024-03-14,종로구,5144,261618
2024-03-14,중구,3442,295089
2024-03-14,중랑구,3481,97749
2024-03-15,강남구,4511,432946
2024-03-15,강동구,5626,102971
2024-03-15,강북구,1668,52079
2024-03-15,강서구,15904,200050
2024-03-15,관악구,2774,171856
2024-03-15,광진구,6386,71743
2024-03-15,구로구,5241,137856
2024-03-15,금천구,2525,105101
2024-03-15,노원구,8272,179600
2024-03-15,도봉구,2900,102123
2024-03-15,동대문구,4255,117654
2024-03-15,동작구,2464,101868
2024-03-15,마포구,6234,294435
2024-03-15,서대문구,2686,108159
2024-03-15,서초구,3901,175300
2024-03-15,성동구,5244,141286
2024-03-15,성북구,2829,54352
2024-03-15,송파구,12219,216374
2024-03-15,양천구,7424,39446
2024-03-15,영등포구,11246,351997
2024-03-15,용산구,2624,0
2024-03-15,은평구,3232,137832
2024-03-15,종로구,4988,267189
2024-03-15,중구,3635,297301
2024-03-15,중랑구,3640,100040
2024-03-16,강남구,3888,263768
2024-03-16,강동구,5256,71473
2024-03-16,강북구,1624,42755
2024-03-16,강서구,11909,143918
2024-03-16,관악구,2828,143065
2024-03-16,광진구,6345,64503
2024-03-16,구로구,4084,94474
2024-03-16,금천구,1513,44282
2024-03-16,노원구,7585,138384
2024-03-16,도봉구,2725,82071
2024-03-16,동대문구,3749,90106
2024-03-16,동작구,2666,79181
2024-03-16,마포구,7255,259457
2024-03-16,서대문구,2606,86659
2024-03-16,서초구,3813,147355
2024-03-16,성동구,5062,105896
2024-03-16,성북구,2598,38148
2024-03-16,송파구,11852,149814
2024-03-16,양천구,7138,27249
2024-03-16,영등포구,10016,243572
2024-03-16,용산구,3423,0
2024-03-16,은평구,3171,103594
2024-03-16,종로구,3725,219294
2024-03-16,중구,2281,193337
2024-03-16,중랑구,3414,76355
2024-03-17,강남구,2730,161306
2024-03-17,강동구,4210,50186
2024-03-17,강북구,1354,31604
2024-03-17,강서구,8466,105520
2024-03-17,관악구,2294,101400
2024-03-17,광진구,4924,48190
2024-03-17,구로구,3268,68981
2024-03-17,금천구,1079,31562
2024-03-17,노원구,5924,100268
2024-03-17,도봉구,2029,61737
2024-03-17,동대문구,3097,70021
2024-03-17,동작구,1770,54174
2024-03-17,마포구,4714,189509
2024-03-17,서대문구,2020,61541
2024-03-17,서초구,2419,118091
2024-03-17,성동구,3583,76450
2024-03-17,성북구,2203,28022
2024-03-17,송파구,9592,135054
2024-03-17,양천구,5236,19150
2024-03-17,영등포구,6842,175822
2024-03-17,용산구,2058,0
2024-03-17,은평구,2389,75375
2024-03-17,종로구,2690,150757
2024-03-17,중구,1788,146390
2024-03-17,중랑구,2791,54228
2024-03-18,강남구,4060,403998
2024-03-18,강동구,5339,99081
2024-03-18,강북구,1538,48959
2024-03-18,강서구,15155,190347
2024-03-18,관악구,2546,154557
2024-03-18,광진구,6080,65648
2024-03-18,구로구,5009,133894
2024-03-18,금천구,2434,105438
2024-03-18,노원구,7608,174310
2024-03-18,도봉구,2891,100278
2024-03-18,동대문구,4151,111287
2024-03-18,동작구,2341,95285
2024-03-18,마포구,5710,265505
2024-03-18,서대문구,2533,103949
2024-03-18,서초구,3596,148520
2024-03-18,성동구,4821,133583
2024-03-18,성북구,2983,55403
2024-03-18,송파구,10919,202570
2024-03-18,양천구,7235,37709
2024-03-18,영등포구,11070,325051
2024-03-18,용산구,2320,0
2024-03-18,은평구,2888,128226
2024-03-18,종로구,4911,245333
2024-03-18,중구,3331,285371
2024-03-18,중랑구,3434,95029
2024-03-19,강남구,3163,415132
2024-03-19,강동구,4505,99896
2024-03-19,강북구,1219,49753
2024-03-19,강서구,13414,191139
2024-03-19,관악구,2153,159558
2024-03-19,광진구,5155,66911
2024-03-19,구로구,4159,133587
2024-03-19,금천구,2098,105592
2024-03-19,노원구,6454,172646
2024-03-19,도봉구,2152,96999
2024-03-19,동대문구,3505,111174
2024-03-19,동작구,1810,96597
2024-03-19,마포구,4588,270195
2024-03-19,서대문구,2170,106218
2024-03-19,서초구,2757,156433
2024-03-19,성동구,4006,136490
2024-03-19,성북구,2436,53528
2024-03-19,송파구,9015,208725
2024-03-19,양천구,6426,38481
2024-03-19,영등포구,8957,333408
2024-03-19,용산구,1712,0
2024-03-19,은평구,2478,128184
2024-03-19,종로구,4074,250639
2024-03-19,중구,2708,290310
2024-03-19,중랑구,2704,94676
2024-03-20,강남구,3495,413597
2024-03-20,강동구,4883,100680
2024-03-20,강북구,1423,51167
2024-03-20,강서구,14430,192530
2024-03-20,관악구,2396,161095
2024-03-20,광진구,5639,67303
2024-03-20,구로구,4580,135795
2024-03-20,금천구,2147,104589
2024-03-20,노원구,7096,177049
2024-03-20,도봉구,2424,98767
2024-03-20,동대문구,3870,114458
2024-03-20,동작구,2038,98121
2024-03-20,마포구,5040,274495
2024-03-20,서대문구,2359,107406
2024-03-20,서초구,3076,156382
2024-03-20,성동구,4332,136971
2024-03-20,성북구,2610,54511
2024-03-20,송파구,9939,205621
2024-03-20,양천구,6684,38570
2024-03-20,영등포구,9678,338907
2024-03-20,용산구,1916,0
2024-03-20,은평구,2657,130962
2024-03-20,종로구,4403,260129
2024-03-20,중구,2980,295400
2024-03-20,중랑구,3126,96272
2024-03-21,강남구,4024,424316
2024-03-21,강동구,5304,101663
2024-03-21,강북구,1478,51579
2024-03-21,강서구,15017,196271
2024-03-21,관악구,2597,165917
2024-03-21,광진구,6110,68504
2024-03-21,구로구,4941,136974
2024-03-21,금천구,2343,105462
2024-03-21,노원구,7534,176778
2024-03-21,도봉구,2595,100573
2024-03-21,동대문구,4153,116444
2024-03-21,동작구,2237,98538
2024-03-21,마포구,6444,296065
2024-03-21,서대문구,2614,109982
2024-03-21,서초구,3442,162223
2024-03-21,성동구,4898,139697
2024-03-21,성북구,2838,55148
2024-03-21,송파구,10987,210971
2024-03-21,양천구,6885,38609
2024-03-21,영등포구,10488,342559
2024-03-21,용산구,2198,0
2024-03-21,은평구,2993,132628
2024-03-21,종로구,4788,262576
2024-03-21,중구,3200,297716
2024-03-21,중랑구,3302,97429
2024-03-22,강남구,2638,431844
2024-03-22,강동구,3429,101644
2024-03-22,강북구,927,50536
2024-03-22,강서구,10757,196560
2024-03-22,관악구,1821,168965
2024-03-22,광진구,4077,70571
2024-03-22,구로구,3500,134635
2024-03-22,금천구,1593,103440
2024-03-22,노원구,4779,176353
2024-03-22,도봉구,1753,99548
2024-03-22,동대문구,2706,115536
2024-03-22,동작구,1493,101335
2024-03-22,마포구,3657,287291
2024-03-22,서대문구,1778,109290
2024-03-22,서초구,2281,173012
2024-03-22,성동구,2996,140721
2024-03-22,성북구,1784,54066
2024-03-22,송파구,7053,211595
2024-03-22,양천구,5322,38589
2024-03-22,영등포구,7185,350411
2024-03-22,용산구,1413,0
2024-03-22,은평구,1934,130603
2024-03-22,종로구,3244,266013
2024-03-22,중구,2123,296891
2024-03-22,중랑구,2174,98271
2024-03-23,강남구,4239,265088
2024-03-23,강동구,5536,70400
2024-03-23,강북구,1675,42199
2024-03-23,강서구,12042,140343
2024-03-23,관악구,2779,140047
2024-03-23,광진구,6651,64141
2024-03-23,구로구,4441,92873
2024-03-23,금천구,1665,43629
2024-03-23,노원구,7717,137465
2024-03-23,도봉구,2842,80611
2024-03-23,동대문구,3880,89121
2024-03-23,동작구,2875,80886
2024-03-23,마포구,7571,250783
2024-03-23,서대문구,2673,85858
2024-03-23,서초구,3920,146940
2024-03-23,성동구,5664,108124
2024-03-23,성북구,2646,38059
2024-03-23,송파구,12970,158414
2024-03-23,양천구,7197,26462
2024-03-23,영등포구,10987,241196
2024-03-23,용산구,3773,0
2024-03-23,은평구,3280,102312
2024-03-23,종로구,3668,212310
2024-03-23,중구,2417,190116
2024-03-23,중랑구,3534,75851
2024-03-24,강남구,4771,156817
2024-03-24,강동구,5949,51055
2024-03-24,강북구,1845,32466
2024-03-24,강서구,12320,106030
2024-03-24,관악구,3471,101694
2024-03-24,광진구,8232,48077
2024-03-24,구로구,4914,68193
2024-03-24,금천구,1771,32340
2024-03-24,노원구,7704,102469
2024-03-24,도봉구,3012,64644
2024-03-24,동대문구,4296,66792
2024-03-24,동작구,3520,55368
2024-03-24,마포구,9656,186544
2024-03-24,서대문구,3019,61014
2024-03-24,서초구,5495,123046
2024-03-24,성동구,7175,82905
2024-03-24,성북구,3075,28282
2024-03-24,송파구,15070,114461
2024-03-24,양천구,7441,19594
2024-03-24,영등포구,13657,178202
2024-03-24,용산구,5045,0
2024-03-24,은평구,3699,76236
2024-03-24,종로구,4107,152313
2024-03-24,중구,2668,144300
2024-03-24,중랑구,3972,55517
2024-03-25,강남구,1790,402817
2024-03-25,강동구,2566,98370
2024-03-25,강북구,746,48304
2024-03-25,강서구,7532,189237
2024-03-25,관악구,1125,152024
2024-03-25,광진구,3411,63873
2024-03-25,구로구,2375,130551
2024-03-25,금천구,1113,103780
2024-03-25,노원구,3511,168145
2024-03-25,도봉구,1221,93775
2024-03-25,동대문구,1948,108767
2024-03-25,동작구,1069,94203
2024-03-25,마포구,2589,261510
2024-03-25,서대문구,1332,101235
2024-03-25,서초구,1682,154210
2024-03-25,성동구,2211,131235
2024-03-25,성북구,1339,53289
2024-03-25,송파구,5405,202121
2024-03-25,양천구,3358,37239
2024-03-25,영등포구,5147,327117
2024-03-25,용산구,1037,0
2024-03-25,은평구,1374,126103
2024-03-25,종로구,2198,245328
2024-03-25,중구,1516,285230
2024-03-25,중랑구,1638,93606
2024-03-26,강남구,3185,413607
2024-03-26,강동구,3767,100139
2024-03-26,강북구,1117,50503
2024-03-26,강서구,10348,192137
2024-03-26,관악구,1702,159138
2024-03-26,광진구,4498,66965
2024-03-26,구로구,3351,133108
2024-03-26,금천구,1633,105157
2024-03-26,노원구,5569,172798
2024-03-26,도봉구,1830,97171
2024-03-26,동대문구,2910,112710
2024-03-26,동작구,1531,96420
2024-03-26,마포구,4372,272192
2024-03-26,서대문구,1739,106461
2024-03-26,서초구,2707,154813
2024-03-26,성동구,3865,136874
2024-03-26,성북구,1894,53543
2024-03-26,송파구,7998,213457
2024-03-26,양천구,5005,38497
2024-03-26,영등포구,7960,332987
2024-03-26,용산구,1798,0
2024-03-26,은평구,1984,129198
2024-03-26,종로구,3394,252810
2024-03-26,중구,2450,298488
2024-03-26,중랑구,2481,95649
2024-03-27,강남구,5185,421423
2024-03-27,강동구,5968,101126
2024-03-27,강북구,1737,51996
2024-03-27,강서구,16993,196974
2024-03-27,관악구,2800,164637
2024-03-27,광진구,7395,69351
2024-03-27,구로구,5413,137186
2024-03-27,금천구,2705,106435
2024-03-27,노원구,8250,179835
2024-03-27,도봉구,3097,101959
2024-03-27,동대문구,4784,119177
2024-03-27,동작구,2670,99203
2024-03-27,마포구,6810,280006
2024-03-27,서대문구,2852,108837
2024-03-27,서초구,4312,157943
2024-03-27,성동구,6017,141993
2024-03-27,성북구,3092,55282
2024-03-27,송파구,12749,220038
2024-03-27,양천구,7936,39079
2024-03-27,영등포구,12914,342133
2024-03-27,용산구,2887,0
2024-03-27,은평구,3375,133927
2024-03-27,종로구,5658,270926
2024-03-27,중구,3997,303481
2024-03-27,중랑구,4005,98783
2024-03-28,강남구,3157,440891
2024-03-28,강동구,3264,106327
2024-03-28,강북구,1287,63512
2024-03-28,강서구,10373,209368
2024-03-28,관악구,2118,170317
2024-03-28,광진구,4304,73213
2024-03-28,구로구,3350,144879
2024-03-28,금천구,1668,112983
2024-03-28,노원구,5792,182870
2024-03-28,도봉구,1949,106189
2024-03-28,동대문구,3539,129440
2024-03-28,동작구,1740,105918
2024-03-28,마포구,4081,301546
2024-03-28,서대문구,2357,129937
2024-03-28,서초구,2519,167958
2024-03-28,성동구,3390,145968
2024-03-28,성북구,2256,66974
2024-03-28,송파구,6932,232406
2024-03-28,양천구,5670,45740
2024-03-28,영등포구,6936,353936
2024-03-28,용산구,1804,0
2024-03-28,은평구,2532,147085
2024-03-28,종로구,3636,276503
2024-03-28,중구,2243,314527
2024-03-28,중랑구,2538,106893
2024-03-29,강남구,3248,432392
2024-03-29,강동구,4064,100911
2024-03-29,강북구,1151,50364
2024-03-29,강서구,12043,197562
2024-03-29,관악구,1890,168751
2024-03-29,광진구,4729,72408
2024-03-29,구로구,3696,135284
2024-03-29,금천구,1716,103148
2024-03-29,노원구,5724,173963
2024-03-29,도봉구,1986,97778
2024-03-29,동대문구,3210,115127
2024-03-29,동작구,1659,101234
2024-03-29,마포구,3906,295667
2024-03-29,서대문구,1820,108829
2024-03-29,서초구,2722,171461
2024-03-29,성동구,3638,145778
2024-03-29,성북구,2025,54100
2024-03-29,송파구,7933,225171
2024-03-29,양천구,6060,38401
2024-03-29,영등포구,7796,351108
2024-03-29,용산구,1686,0
2024-03-29,은평구,2255,129888
2024-03-29,종로구,3386,265803
2024-03-29,중구,2403,303380
2024-03-29,중랑구,2786,98382
2024-03-30,강남구,3883,256969
2024-03-30,강동구,5302,69622
2024-03-30,강북구,1589,41731
2024-03-30,강서구,11451,142586
2024-03-30,관악구,2526,136573
2024-03-30,광진구,5890,63652
2024-03-30,구로구,4105,92594
2024-03-30,금천구,1431,43241
2024-03-30,노원구,7389,134291
2024-03-30,도봉구,2759,79060
2024-03-30,동대문구,3770,86398
2024-03-30,동작구,2380,78010
2024-03-30,마포구,6246,253971
2024-03-30,서대문구,2557,86718
2024-03-30,서초구,3427,144244
2024-03-30,성동구,4456,110089
2024-03-30,성북구,2461,37596
2024-03-30,송파구,10711,155262
2024-03-30,양천구,7002,27021
2024-03-30,영등포구,9429,246032
2024-03-30,용산구,2794,0
2024-03-30,은평구,3095,100651
2024-03-30,종로구,3702,218125
2024-03-30,중구,2224,201746
2024-03-30,중랑구,3420,74327
2024-03-31,강남구,4734,157703
2024-03-31,강동구,5777,51823
2024-03-31,강북구,1751,32482
2024-03-31,강서구,11693,108029
2024-03-31,관악구,3038,101189
2024-03-31,광진구,7149,48211
2024-03-31,구로구,4560,69570
2024-03-31,금천구,1699,32008
2024-03-31,노원구,7661,100518
2024-03-31,도봉구,2884,63713
2024-03-31,동대문구,4034,65944
2024-03-31,동작구,3065,54707
2024-03-31,마포구,7477,191833
2024-03-31,서대문구,2818,62140
2024-03-31,서초구,4177,121951
2024-03-31,성동구,5715,84766
2024-03-31,성북구,2543,28583
2024-03-31,송파구,13037,116676
2024-03-31,양천구,7224,19477
2024-03-31,영등포구,11529,188231
2024-03-31,용산구,3811,0
2024-03-31,은평구,3416,76779
2024-03-31,종로구,3432,151008
2024-03-31,중구,2248,148099
2024-03-31,중랑구,3727,55572
2024-04-01,강남구,5764,403104
2024-04-01,강동구,6407,98350
2024-04-01,강북구,1885,50661
2024-04-01,강서구,16579,191808
2024-04-01,관악구,3021,152921
2024-04-01,광진구,7816,66093
2024-04-01,구로구,5792,132693
2024-04-01,금천구,2784,105492
2024-04-01,노원구,9073,171546
2024-04-01,도봉구,3280,97606
2024-04-01,동대문구,4851,111387
2024-04-01,동작구,3079,96398
2024-04-01,마포구,7535,273507
2024-04-01,서대문구,3245,106270
2024-04-01,서초구,4841,149759
2024-04-01,성동구,6433,141444
2024-04-01,성북구,3147,52775
2024-04-01,송파구,14045,202557
2024-04-01,양천구,8093,37725
2024-04-01,영등포구,13844,331018
2024-04-01,용산구,3229,0
2024-04-01,은평구,3702,128234
2024-04-01,종로구,5740,248592
2024-04-01,중구,4028,290412
2024-04-01,중랑구,4185,94899
2024-04-02,강남구,6562,415958
2024-04-02,강동구,7090,101490
2024-04-02,강북구,2116,52132
2024-04-02,강서구,18454,195129
2024-04-02,관악구,3501,160535
2024-04-02,광진구,8665,67979
2024-04-02,구로구,6431,135824
2024-04-02,금천구,3104,106926
2024-04-02,노원구,9672,176953
2024-04-02,도봉구,3374,100607
2024-04-02,동대문구,5378,114381
2024-04-02,동작구,3467,98218
2024-04-02,마포구,8739,280127
2024-04-02,서대문구,3531,109150
2024-04-02,서초구,5508,159346
2024-04-02,성동구,7303,145507
2024-04-02,성북구,3546,54965
2024-04-02,송파구,16275,216148
2024-04-02,양천구,9122,39384
2024-04-02,영등포구,15503,344876
2024-04-02,용산구,3612,0
2024-04-02,은평구,4039,132086
2024-04-02,종로구,6379,259068
2024-04-02,중구,4532,296731
2024-04-02,중랑구,4634,98027
2024-04-03,강남구,5049,410659
2024-04-03,강동구,6245,100224
2024-04-03,강북구,2045,50434
2024-04-03,강서구,17790,192846
2024-04-03,관악구,2943,158846
2024-04-03,광진구,7901,66723
2024-04-03,구로구,5993,134206
2024-04-03,금천구,2557,105252
2024-04-03,노원구,10001,174330
2024-04-03,도봉구,3449,97523
2024-04-03,동대문구,5171,112970
2024-04-03,동작구,2988,97739
2024-04-03,마포구,7967,278157
2024-04-03,서대문구,3430,106346
2024-04-03,서초구,4079,155030
2024-04-03,성동구,6115,140220
2024-04-03,성북구,3555,54255
2024-04-03,송파구,12657,211641
2024-04-03,양천구,8962,38337
2024-04-03,영등포구,14118,339820
2024-04-03,용산구,3165,0
2024-04-03,은평구,3964,130323
2024-04-03,종로구,5955,255404
2024-04-03,중구,4044,294728
2024-04-03,중랑구,4438,96124
2024-04-04,강남구,6119,417509
2024-04-04,강동구,7284,101448
2024-04-04,강북구,2232,51928
2024-04-04,강서구,18299,197013
2024-04-04,관악구,3455,164381
2024-04-04,광진구,8680,70020
2024-04-04,구로구,6637,136045
2024-04-04,금천구,3244,106662
2024-04-04,노원구,10111,176421
2024-04-04,도봉구,3601,99736
2024-04-04,동대문구,5593,115993
2024-04-04,동작구,3380,98831
2024-04-04,마포구,8379,289111
2024-04-04,서대문구,3519,112125
2024-04-04,서초구,5492,163163
2024-04-04,성동구,7183,147556
2024-04-04,성북구,3779,55028
2024-04-04,송파구,16557,223100
2024-04-04,양천구,9376,39027
2024-04-04,영등포구,15079,353821
2024-04-04,용산구,3603,0
2024-04-04,은평구,4204,133187
2024-04-04,종로구,6317,262300
2024-04-04,중구,4481,301856
2024-04-04,중랑구,4914,98638
2024-04-05,강남구,6704,423105
2024-04-05,강동구,7494,102883
2024-04-05,강북구,2281,52440
2024-04-05,강서구,18853,201290
2024-04-05,관악구,3447,170227
2024-04-05,광진구,8633,72885
2024-04-05,구로구,7214,137409
2024-04-05,금천구,3192,104909
2024-04-05,노원구,10293,177807
2024-04-05,도봉구,3797,101861
2024-04-05,동대문구,5464,117879
2024-04-05,동작구,3403,103914
2024-04-05,마포구,8851,301920
2024-04-05,서대문구,3756,112352
2024-04-05,서초구,5968,177190
2024-04-05,성동구,7334,155598
2024-04-05,성북구,3775,54789
2024-04-05,송파구,17406,225548
2024-04-05,양천구,10184,39511
2024-04-05,영등포구,16510,369395
2024-04-05,용산구,3818,0
2024-04-05,은평구,4528,136515
2024-04-05,종로구,6283,270101
2024-04-05,중구,4276,305363
2024-04-05,중랑구,4960,100757
2024-04-06,강남구,5821,249932
2024-04-06,강동구,7285,71894
2024-04-06,강북구,2171,43279
2024-04-06,강서구,14645,145020
2024-04-06,관악구,3629,140762
2024-04-06,광진구,8214,66287
2024-04-06,구로구,6279,94037
2024-04-06,금천구,2282,46253
2024-04-06,노원구,9407,135930
2024-04-06,도봉구,3628,82180
2024-04-06,동대문구,4957,88547
2024-04-06,동작구,3766,81754
2024-04-06,마포구,9446,262034
2024-04-06,서대문구,3669,89934
2024-04-06,서초구,5631,150773
2024-04-06,성동구,6940,130259
2024-04-06,성북구,3435,39017
2024-04-06,송파구,17673,166012
2024-04-06,양천구,10033,28197
2024-04-06,영등포구,15214,280114
2024-04-06,용산구,4164,0
2024-04-06,은평구,4379,109365
2024-04-06,종로구,4138,212547
2024-04-06,중구,2494,201742
2024-04-06,중랑구,4509,77230
2024-04-07,강남구,5758,153051
2024-04-07,강동구,6670,51733
2024-04-07,강북구,2097,33650
2024-04-07,강서구,13014,110705
2024-04-07,관악구,3631,104169
2024-04-07,광진구,8141,49682
2024-04-07,구로구,6257,70178
2024-04-07,금천구,2243,33970
2024-04-07,노원구,8879,102043
2024-04-07,도봉구,3671,64698
2024-04-07,동대문구,4819,67281
2024-04-07,동작구,3578,57457
2024-04-07,마포구,9718,191331
2024-04-07,서대문구,3523,64708
2024-04-07,서초구,5656,128409
2024-04-07,성동구,7134,95710
2024-04-07,성북구,3274,28802
2024-04-07,송파구,17883,119283
2024-04-07,양천구,9056,20311
2024-04-07,영등포구,14232,209021
2024-04-07,용산구,4253,0
2024-04-07,은평구,4371,78988
2024-04-07,종로구,3921,150535
2024-04-07,중구,2447,149814
2024-04-07,중랑구,4424,57002
2024-04-08,강남구,6440,400097
2024-04-08,강동구,7065,98586
2024-04-08,강북구,2115,50107
2024-04-08,강서구,18333,191103
2024-04-08,관악구,3366,155300
2024-04-08,광진구,8308,65407
2024-04-08,구로구,6803,132914
2024-04-08,금천구,2937,105061
2024-04-08,노원구,10005,171505
2024-04-08,도봉구,3689,97056
2024-04-08,동대문구,5547,111145
2024-04-08,동작구,3188,95835
2024-04-08,마포구,8183,263823
2024-04-08,서대문구,3353,103771
2024-04-08,서초구,5318,154306
2024-04-08,성동구,6932,136400
2024-04-08,성북구,3601,52657
2024-04-08,송파구,16157,204613
2024-04-08,양천구,9232,37977
2024-04-08,영등포구,15252,333887
2024-04-08,용산구,3510,0
2024-04-08,은평구,4207,127726
2024-04-08,종로구,5814,242192
2024-04-08,중구,4136,280016
2024-04-08,중랑구,4939,95499
2024-04-09,강남구,6753,423672
2024-04-09,강동구,7600,103505
2024-04-09,강북구,2275,54158
2024-04-09,강서구,19430,199929
2024-04-09,관악구,3499,170579
2024-04-09,광진구,8682,71145
2024-04-09,구로구,6839,139772
2024-04-09,금천구,3193,107858
2024-04-09,노원구,10611,181125
2024-04-09,도봉구,3690,104248
2024-04-09,동대문구,5767,116946
2024-04-09,동작구,3522,103364
2024-04-09,마포구,9070,283952
2024-04-09,서대문구,3668,111241
2024-04-09,서초구,5684,165863
2024-04-09,성동구,7314,146226
2024-04-09,성북구,3780,56089
2024-04-09,송파구,16821,231383
2024-04-09,양천구,9735,40180
2024-04-09,영등포구,15931,349456
2024-04-09,용산구,3926,0
2024-04-09,은평구,4159,134873
2024-04-09,종로구,6250,265671
2024-04-09,중구,4529,299265
2024-04-09,중랑구,5093,100496
2024-04-10,강남구,5392,171749
2024-04-10,강동구,6931,56299
2024-04-10,강북구,2122,35684
2024-04-10,강서구,14551,113965
2024-04-10,관악구,3827,108612
2024-04-10,광진구,8425,52980
2024-04-10,구로구,5570,73725
2024-04-10,금천구,2087,36022
2024-04-10,노원구,9217,110950
2024-04-10,도봉구,3490,66913
2024-04-10,동대문구,5008,69038
2024-04-10,동작구,3766,63415
2024-04-10,마포구,9261,193025
2024-04-10,서대문구,3353,67220
2024-04-10,서초구,5026,103911
2024-04-10,성동구,6950,95732
2024-04-10,성북구,3429,31222
2024-04-10,송파구,15902,124189
2024-04-10,양천구,8610,21296
2024-04-10,영등포구,13121,182345
2024-04-10,용산구,4238,0
2024-04-10,은평구,4133,83537
2024-04-10,종로구,4214,174041
2024-04-10,중구,2841,148697
2024-04-10,중랑구,4633,62655
2024-04-11,강남구,6071,409732
2024-04-11,강동구,7034,99060
2024-04-11,강북구,2057,50869
2024-04-11,강서구,17526,189076
2024-04-11,관악구,3083,159578
2024-04-11,광진구,8526,66327
2024-04-11,구로구,6152,134071
2024-04-11,금천구,2620,103617
2024-04-11,노원구,9959,172716
2024-04-11,도봉구,3362,97260
2024-04-11,동대문구,5411,111495
2024-04-11,동작구,2997,96769
2024-04-11,마포구,7898,270475
2024-04-11,서대문구,3489,105562
2024-04-11,서초구,5145,158685
2024-04-11,성동구,6723,137975
2024-04-11,성북구,3544,53224
2024-04-11,송파구,14909,219045
2024-04-11,양천구,9077,38049
2024-04-11,영등포구,14047,328937
2024-04-11,용산구,3402,0
2024-04-11,은평구,3965,128153
2024-04-11,종로구,5672,251735
2024-04-11,중구,4128,285569
2024-04-11,중랑구,4714,96265
2024-04-12,강남구,6796,424169
2024-04-12,강동구,8033,101996
2024-04-12,강북구,2157,52528
2024-04-12,강서구,19106,194880
2024-04-12,관악구,3500,169606
2024-04-12,광진구,9110,70369
2024-04-12,구로구,7110,137576
2024-04-12,금천구,3049,103891
2024-04-12,노원구,10798,178604
2024-04-12,도봉구,3847,101852
2024-04-12,동대문구,5995,115223
2024-04-12,동작구,3626,102135
2024-04-12,마포구,9122,285745
2024-04-12,서대문구,3859,108180
2024-04-12,서초구,5951,173680
2024-04-12,성동구,7401,146136
2024-04-12,성북구,3924,54079
2024-04-12,송파구,17097,231981
2024-04-12,양천구,10263,39066
2024-04-12,영등포구,15832,344970
2024-04-12,용산구,3969,0
2024-04-12,은평구,4518,134412
2024-04-12,종로구,6379,267443
2024-04-12,중구,4740,292871
2024-04-12,중랑구,5275,100704
2024-04-13,강남구,5729,247958
2024-04-13,강동구,7438,69593
2024-04-13,강북구,2294,42289
2024-04-13,강서구,16086,139745
2024-04-13,관악구,3757,137690
2024-04-13,광진구,8581,60499
2024-04-13,구로구,5925,92401
2024-04-13,금천구,2142,43366
2024-04-13,노원구,9989,137647
2024-04-13,도봉구,3726,81569
2024-04-13,동대문구,5180,84816
2024-04-13,동작구,3769,79769
2024-04-13,마포구,10165,242256
2024-04-13,서대문구,3451,84462
2024-04-13,서초구,5785,147570
2024-04-13,성동구,7293,114105
2024-04-13,성북구,3583,37350
2024-04-13,송파구,16803,163725
2024-04-13,양천구,9307,26429
2024-04-13,영등포구,13732,238230
2024-04-13,용산구,4743,0
2024-04-13,은평구,4458,101222
2024-04-13,종로구,4521,206877
2024-04-13,중구,2913,191590
2024-04-13,중랑구,4894,75463
2024-04-14,강남구,5106,148070
2024-04-14,강동구,6944,50394
2024-04-14,강북구,2098,32234
2024-04-14,강서구,14060,106636
2024-04-14,관악구,3540,100252
2024-04-14,광진구,8170,44547
2024-04-14,구로구,5410,67357
2024-04-14,금천구,1769,31437
2024-04-14,노원구,8855,98360
2024-04-14,도봉구,3253,63122
2024-04-14,동대문구,4771,62893
2024-04-14,동작구,3607,55039
2024-04-14,마포구,9376,174970
2024-04-14,서대문구,3266,59258
2024-04-14,서초구,4920,121049
2024-04-14,성동구,6606,81061
2024-04-14,성북구,3281,27934
2024-04-14,송파구,15284,121183
2024-04-14,양천구,8619,19315
2024-04-14,영등포구,12945,172538
2024-04-14,용산구,4470,0
2024-04-14,은평구,3921,72646
2024-04-14,종로구,3931,139006
2024-04-14,중구,2502,133898
2024-04-14,중랑구,4310,54417
2024-04-15,강남구,2238,396332
2024-04-15,강동구,3285,95686
2024-04-15,강북구,838,45833
2024-04-15,강서구,7614,184880
2024-04-15,관악구,1258,150313
2024-04-15,광진구,3483,60745
2024-04-15,구로구,2485,128508
2024-04-15,금천구,1113,101679
2024-04-15,노원구,3864,162357
2024-04-15,도봉구,1467,89976
2024-04-15,동대문구,2311,103991
2024-04-15,동작구,1201,91617
2024-04-15,마포구,2434,251685
2024-04-15,서대문구,1239,98324
2024-04-15,서초구,1853,150850
2024-04-15,성동구,2377,126711
2024-04-15,성북구,1366,50176
2024-04-15,송파구,6078,196803
2024-04-15,양천구,3781,36642
2024-04-15,영등포구,5155,314266
2024-04-15,용산구,1082,0
2024-04-15,은평구,1450,121904
2024-04-15,종로구,1996,229007
2024-04-15,중구,1541,268577
2024-04-15,중랑구,1980,90821
2024-04-16,강남구,4602,414684
2024-04-16,강동구,5523,100260
2024-04-16,강북구,1704,50961
2024-04-16,강서구,14120,193482
2024-04-16,관악구,2594,160464
2024-04-16,광진구,6587,65756
2024-04-16,구로구,4706,135052
2024-04-16,금천구,1923,105917
2024-04-16,노원구,8369,174534
2024-04-16,도봉구,2892,98118
2024-04-16,동대문구,4137,111364
2024-04-16,동작구,2312,96670
2024-04-16,마포구,5731,268409
2024-04-16,서대문구,2489,105712
2024-04-16,서초구,4125,155502
2024-04-16,성동구,4901,138151
2024-04-16,성북구,2755,54225
2024-04-16,송파구,11296,216787
2024-04-16,양천구,7024,39379
2024-04-16,영등포구,9940,336001
2024-04-16,용산구,2367,0
2024-04-16,은평구,2945,130788
2024-04-16,종로구,4346,250102
2024-04-16,중구,3098,288870
2024-04-16,중랑구,3754,96781
2024-04-17,강남구,6201,415967
2024-04-17,강동구,7275,101931
2024-04-17,강북구,2151,51775
2024-04-17,강서구,19700,196715
2024-04-17,관악구,3252,162139
2024-04-17,광진구,8371,66022
2024-04-17,구로구,6544,137226
2024-04-17,금천구,2846,105081
2024-04-17,노원구,10362,177708
2024-04-17,도봉구,3562,100686
2024-04-17,동대문구,5531,114635
2024-04-17,동작구,3146,99253
2024-04-17,마포구,7669,269854
2024-04-17,서대문구,3408,105049
2024-04-17,서초구,5186,157426
2024-04-17,성동구,6393,139005
2024-04-17,성북구,3752,54550
2024-04-17,송파구,15050,218114
2024-04-17,양천구,9686,39155
2024-04-17,영등포구,14086,341711
2024-04-17,용산구,3319,0
2024-04-17,은평구,4060,133416
2024-04-17,종로구,5770,256884
2024-04-17,중구,4269,289820
2024-04-17,중랑구,4753,98905
2024-04-18,강남구,6367,417315
2024-04-18,강동구,7732,101469
2024-04-18,강북구,2367,52891
2024-04-18,강서구,20193,195113
2024-04-18,관악구,3430,163390
2024-04-18,광진구,8842,65620
2024-04-18,구로구,6843,136092
2024-04-18,금천구,3126,105568
2024-04-18,노원구,10414,176771
2024-04-18,도봉구,3731,100572
2024-04-18,동대문구,5701,114045
2024-04-18,동작구,3281,98755
2024-04-18,마포구,8198,272420
2024-04-18,서대문구,3525,105597
2024-04-18,서초구,5391,160736
2024-04-18,성동구,6801,139934
2024-04-18,성북구,3860,54761
2024-04-18,송파구,16105,218870
2024-04-18,양천구,9781,39034
2024-04-18,영등포구,14275,340073
2024-04-18,용산구,3362,0
2024-04-18,은평구,4139,132124
2024-04-18,종로구,6211,256157
2024-04-18,중구,4454,290775
2024-04-18,중랑구,5092,97671
2024-04-19,강남구,6826,422201
2024-04-19,강동구,8027,101981
2024-04-19,강북구,2278,52119
2024-04-19,강서구,20794,198939
2024-04-19,관악구,3496,169937
2024-04-19,광진구,8193,68191
2024-04-19,구로구,6956,136800
2024-04-19,금천구,3221,103803
2024-04-19,노원구,11002,179030
2024-04-19,도봉구,3869,102324
2024-04-19,동대문구,5803,114705
2024-04-19,동작구,3386,101664
2024-04-19,마포구,8606,283818
2024-04-19,서대문구,3679,104698
2024-04-19,서초구,5673,171865
2024-04-19,성동구,7231,144709
2024-04-19,성북구,3905,54225
2024-04-19,송파구,16597,218903
2024-04-19,양천구,10439,39364
2024-04-19,영등포구,14964,348408
2024-04-19,용산구,3652,0
2024-04-19,은평구,4418,134343
2024-04-19,종로구,6312,266558
2024-04-19,중구,4557,296800
2024-04-19,중랑구,5252,99340
2024-04-20,강남구,1236,234046
2024-04-20,강동구,2136,65651
2024-04-20,강북구,710,37712
2024-04-20,강서구,4788,131125
2024-04-20,관악구,1064,130272
2024-04-20,광진구,2200,54071
2024-04-20,구로구,1604,86821
2024-04-20,금천구,553,40363
2024-04-20,노원구,2829,125578
2024-04-20,도봉구,1023,72523
2024-04-20,동대문구,1478,77022
2024-04-20,동작구,854,72954
2024-04-20,마포구,2077,221168
2024-04-20,서대문구,900,77143
2024-04-20,서초구,1080,138106
2024-04-20,성동구,1459,92140
2024-04-20,성북구,1043,35254
2024-04-20,송파구,3720,132118
2024-04-20,양천구,2906,24807
2024-04-20,영등포구,2998,226437
2024-04-20,용산구,832,0
2024-04-20,은평구,1308,93462
2024-04-20,종로구,1153,186427
2024-04-20,중구,673,170073
2024-04-20,중랑구,1386,69837
2024-04-21,강남구,4457,144264
2024-04-21,강동구,6290,48426
2024-04-21,강북구,1983,30351
2024-04-21,강서구,12797,101156
2024-04-21,관악구,3204,96618
2024-04-21,광진구,6705,40819
2024-04-21,구로구,4963,66840
2024-04-21,금천구,1680,30780
2024-04-21,노원구,8505,97783
2024-04-21,도봉구,3145,61259
2024-04-21,동대문구,4259,60849
2024-04-21,동작구,2922,52216
2024-04-21,마포구,7398,166145
2024-04-21,서대문구,2766,55930
2024-04-21,서초구,4375,112388
2024-04-21,성동구,5637,75260
2024-04-21,성북구,2876,27085
2024-04-21,송파구,13443,102621
2024-04-21,양천구,7665,18120
2024-04-21,영등포구,10659,168146
2024-04-21,용산구,3541,0
2024-04-21,은평구,3561,72051
2024-04-21,종로구,3511,134068
2024-04-21,중구,2325,131490
2024-04-21,중랑구,3835,53081
2024-04-22,강남구,6800,393996
2024-04-22,강동구,7866,98265
2024-04-22,강북구,2409,49878
2024-04-22,강서구,21226,191028
2024-04-22,관악구,3545,153737
2024-04-22,광진구,8472,62116
2024-04-22,구로구,7204,132552
2024-04-22,금천구,3331,104513
2024-04-22,노원구,10828,172530
2024-04-22,도봉구,3835,96730
2024-04-22,동대문구,5698,108856
2024-04-22,동작구,3495,94912
2024-04-22,마포구,8471,256283
2024-04-22,서대문구,3755,97235
2024-04-22,서초구,5883,152191
2024-04-22,성동구,7166,130053
2024-04-22,성북구,3699,52077
2024-04-22,송파구,16650,199787
2024-04-22,양천구,10096,37492
2024-04-22,영등포구,15673,323797
2024-04-22,용산구,3669,0
2024-04-22,은평구,4326,128128
2024-04-22,종로구,5983,238786
2024-04-22,중구,4489,276362
2024-04-22,중랑구,5155,94568
2024-04-23,강남구,5577,410978
2024-04-23,강동구,7097,100377
2024-04-23,강북구,2124,51065
2024-04-23,강서구,19039,192964
2024-04-23,관악구,3029,159870
2024-04-23,광진구,7187,64244
2024-04-23,구로구,6180,134852
2024-04-23,금천구,2836,106590
2024-04-23,노원구,9796,176565
2024-04-23,도봉구,3359,99359
2024-04-23,동대문구,5124,110774
2024-04-23,동작구,2759,97044
2024-04-23,마포구,6859,265709
2024-04-23,서대문구,3086,102456
2024-04-23,서초구,4632,153245
2024-04-23,성동구,6037,136049
2024-04-23,성북구,3423,53520
2024-04-23,송파구,14263,211138
2024-04-23,양천구,8695,38901
2024-04-23,영등포구,12791,334865
2024-04-23,용산구,2643,0
2024-04-23,은평구,3594,130734
2024-04-23,종로구,5507,249347
2024-04-23,중구,3896,285288
2024-04-23,중랑구,4459,96940
2024-04-24,강남구,3727,406016
2024-04-24,강동구,4829,99026
2024-04-24,강북구,1539,50080
2024-04-24,강서구,14242,192436
2024-04-24,관악구,2395,159454
2024-04-24,광진구,5424,64289
2024-04-24,구로구,4525,134212
2024-04-24,금천구,1678,104038
2024-04-24,노원구,7290,174053
2024-04-24,도봉구,2527,95818
2024-04-24,동대문구,3739,109421
2024-04-24,동작구,2023,95846
2024-04-24,마포구,5407,262929
2024-04-24,서대문구,2164,100560
2024-04-24,서초구,3388,153343
2024-04-24,성동구,4090,131707
2024-04-24,성북구,2574,53092
2024-04-24,송파구,9763,209461
2024-04-24,양천구,6779,37953
2024-04-24,영등포구,8644,334016
2024-04-24,용산구,2249,0
2024-04-24,은평구,2885,129473
2024-04-24,종로구,3731,248508
2024-04-24,중구,2509,283261
2024-04-24,중랑구,3310,95541
2024-04-25,강남구,6183,414747
2024-04-25,강동구,7796,102610
2024-04-25,강북구,2371,52734
2024-04-25,강서구,20338,196078
2024-04-25,관악구,3499,166423
2024-04-25,광진구,8315,66925
2024-04-25,구로구,6891,136871
2024-04-25,금천구,3152,105858
2024-04-25,노원구,11031,180398
2024-04-25,도봉구,3709,101607
2024-04-25,동대문구,5697,115711
2024-04-25,동작구,3384,98719
2024-04-25,마포구,8325,277922
2024-04-25,서대문구,3372,103417
2024-04-25,서초구,5487,161764
2024-04-25,성동구,6737,139697
2024-04-25,성북구,3911,54920
2024-04-25,송파구,16290,214948
2024-04-25,양천구,9645,38718
2024-04-25,영등포구,14368,341431
2024-04-25,용산구,3341,0
2024-04-25,은평구,4242,134325
2024-04-25,종로구,5945,259640
2024-04-25,중구,4290,293280
2024-04-25,중랑구,5095,98829
2024-04-26,강남구,6461,426434
2024-04-26,강동구,7988,103218
2024-04-26,강북구,2310,53180
2024-04-26,강서구,21485,202245
2024-04-26,관악구,3644,173499
2024-04-26,광진구,8576,72734
2024-04-26,구로구,7444,138505
2024-04-26,금천구,3244,104473
2024-04-26,노원구,11429,182933
2024-04-26,도봉구,3899,104118
2024-04-26,동대문구,5925,117309
2024-04-26,동작구,3565,104013
2024-04-26,마포구,9019,298618
2024-04-26,서대문구,3512,107581
2024-04-26,서초구,5763,179039
2024-04-26,성동구,7373,149476
2024-04-26,성북구,4045,54675
2024-04-26,송파구,17439,227402
2024-04-26,양천구,10719,39675
2024-04-26,영등포구,15793,354783
2024-04-26,용산구,3891,0
2024-04-26,은평구,4394,136773
2024-04-26,종로구,5948,271718
2024-04-26,중구,4462,300204
2024-04-26,중랑구,5251,100595
2024-04-27,강남구,5414,255176
2024-04-27,강동구,7550,72359
2024-04-27,강북구,2301,43840
2024-04-27,강서구,16099,144718
2024-04-27,관악구,3791,142755
2024-04-27,광진구,8830,65357
2024-04-27,구로구,5976,96469
2024-04-27,금천구,2025,45174
2024-04-27,노원구,10449,144398
2024-04-27,도봉구,3726,84275
2024-04-27,동대문구,5047,88140
2024-04-27,동작구,3673,80737
2024-04-27,마포구,9588,267587
2024-04-27,서대문구,3325,90017
2024-04-27,서초구,5149,151720
2024-04-27,성동구,6694,113265
2024-04-27,성북구,3409,38914
2024-04-27,송파구,17952,171879
2024-04-27,양천구,9778,27753
2024-04-27,영등포구,13556,246841
2024-04-27,용산구,4745,0
2024-04-27,은평구,4418,106749
2024-04-27,종로구,4218,211269
2024-04-27,중구,2749,195710
2024-04-27,중랑구,4750,78747
2024-04-28,강남구,5198,157807
2024-04-28,강동구,6986,50759
2024-04-28,강북구,2048,32273
2024-04-28,강서구,14216,108974
2024-04-28,관악구,3611,104340
2024-04-28,광진구,8052,46799
2024-04-28,구로구,5396,70629
2024-04-28,금천구,1756,32277
2024-04-28,노원구,9237,105280
2024-04-28,도봉구,3462,65217
2024-04-28,동대문구,4629,66296
2024-04-28,동작구,3361,55788
2024-04-28,마포구,9431,210974
2024-04-28,서대문구,3420,62519
2024-04-28,서초구,4967,129217
2024-04-28,성동구,6207,82121
2024-04-28,성북구,3188,28726
2024-04-28,송파구,15470,118619
2024-04-28,양천구,8509,19750
2024-04-28,영등포구,12802,191264
2024-04-28,용산구,4490,0
2024-04-28,은평구,3822,77936
2024-04-28,종로구,4209,147736
2024-04-28,중구,2573,148726
2024-04-28,중랑구,4417,55803
2024-04-29,강남구,6934,402342
2024-04-29,강동구,7986,99516
2024-04-29,강북구,2416,51078
2024-04-29,강서구,21295,193450
2024-04-29,관악구,3711,156130
2024-04-29,광진구,9241,66607
2024-04-29,구로구,7267,133519
2024-04-29,금천구,3418,105337
2024-04-29,노원구,11545,175208
2024-04-29,도봉구,3959,97875
2024-04-29,동대문구,6004,111478
2024-04-29,동작구,3465,97019
2024-04-29,마포구,8678,275882
2024-04-29,서대문구,3569,105528
2024-04-29,서초구,5603,155982
2024-04-29,성동구,7215,137609
2024-04-29,성북구,4055,53586
2024-04-29,송파구,16976,203993
2024-04-29,양천구,10255,37834
2024-04-29,영등포구,15853,332006
2024-04-29,용산구,3581,0
2024-04-29,은평구,4283,130898
2024-04-29,종로구,6152,250970
2024-04-29,중구,4489,292159
2024-04-29,중랑구,5346,95759
2024-04-30,강남구,6685,423022
2024-04-30,강동구,8287,103077
2024-04-30,강북구,2432,53123
2024-04-30,강서구,22056,199308
2024-04-30,관악구,3698,169745
2024-04-30,광진구,9198,71190
2024-04-30,구로구,7645,140269
2024-04-30,금천구,3387,108176
2024-04-30,노원구,11900,183409
2024-04-30,도봉구,3948,103651
2024-04-30,동대문구,6119,116789
2024-04-30,동작구,3409,102016
2024-04-30,마포구,8639,291034
2024-04-30,서대문구,3677,112602
2024-04-30,서초구,5758,163822
2024-04-30,성동구,7165,146284
2024-04-30,성북구,4018,55490
2024-04-30,송파구,17520,226243
2024-04-30,양천구,10359,39788
2024-04-30,영등포구,15705,349074
2024-04-30,용산구,3577,0
2024-04-30,은평구,4407,136048
2024-04-30,종로구,6439,262202
2024-04-30,중구,4480,304549
2024-04-30,중랑구,5457,100407
2024-05-01,강남구,6070,218027
2024-05-01,강동구,8032,70573
2024-05-01,강북구,2600,43746
2024-05-01,강서구,18291,132325
2024-05-01,관악구,4336,120724
2024-05-01,광진구,10260,59850
2024-05-01,구로구,6780,87713
2024-05-01,금천구,2370,42673
2024-05-01,노원구,12130,139503
2024-05-01,도봉구,4377,83059
2024-05-01,동대문구,5995,86434
2024-05-01,동작구,4075,74962
2024-05-01,마포구,10491,221081
2024-05-01,서대문구,3711,87207
2024-05-01,서초구,5504,120756
2024-05-01,성동구,7478,106942
2024-05-01,성북구,4206,39632
2024-05-01,송파구,18964,148828
2024-05-01,양천구,10612,26705
2024-05-01,영등포구,15232,206417
2024-05-01,용산구,4769,0
2024-05-01,은평구,4690,102030
2024-05-01,종로구,5360,215646
2024-05-01,중구,3664,211231
2024-05-01,중랑구,5334,70914
2024-05-02,강남구,7112,421472
2024-05-02,강동구,8023,101757
2024-05-02,강북구,2433,52822
2024-05-02,강서구,22211,197106
2024-05-02,관악구,3864,163713
2024-05-02,광진구,8996,69871
2024-05-02,구로구,7749,138785
2024-05-02,금천구,3497,105743
2024-05-02,노원구,12333,182421
2024-05-02,도봉구,4089,102083
2024-05-02,동대문구,5952,116887
2024-05-02,동작구,3496,99101
2024-05-02,마포구,8844,290628
2024-05-02,서대문구,3660,112519
2024-05-02,서초구,5830,163788
2024-05-02,성동구,7460,145301
2024-05-02,성북구,3809,55439
2024-05-02,송파구,17585,223104
2024-05-02,양천구,10632,39501
2024-05-02,영등포구,16696,345197
2024-05-02,용산구,4022,0
2024-05-02,은평구,4423,132852
2024-05-02,종로구,6308,266061
2024-05-02,중구,4650,302018
2024-05-02,중랑구,5652,97900
2024-05-03,강남구,7030,430685
2024-05-03,강동구,8319,102672
2024-05-03,강북구,2507,53566
2024-05-03,강서구,22808,203500
2024-05-03,관악구,3795,169954
2024-05-03,광진구,9217,73706
2024-05-03,구로구,7783,139981
2024-05-03,금천구,3554,105000
2024-05-03,노원구,11888,186233
2024-05-03,도봉구,4117,104371
2024-05-03,동대문구,6183,118888
2024-05-03,동작구,3597,103837
2024-05-03,마포구,9672,309146
2024-05-03,서대문구,3731,114467
2024-05-03,서초구,6122,183898
2024-05-03,성동구,7708,150839
2024-05-03,성북구,3964,55177
2024-05-03,송파구,18455,228940
2024-05-03,양천구,11320,39754
2024-05-03,영등포구,17055,359660
2024-05-03,용산구,4135,0
2024-05-03,은평구,4600,136193
2024-05-03,종로구,6045,282398
2024-05-03,중구,4502,309505
2024-05-03,중랑구,5662,101854
2024-05-04,강남구,5372,239982
2024-05-04,강동구,7191,68872
2024-05-04,강북구,2363,42298
2024-05-04,강서구,15462,141016
2024-05-04,관악구,3593,130755
2024-05-04,광진구,8162,60668
2024-05-04,구로구,5672,93464
2024-05-04,금천구,2101,43008
2024-05-04,노원구,10004,134804
2024-05-04,도봉구,3723,80080
2024-05-04,동대문구,4840,85129
2024-05-04,동작구,3669,77792
2024-05-04,마포구,10366,276262
2024-05-04,서대문구,3287,88978
2024-05-04,서초구,5060,150951
2024-05-04,성동구,6524,111781
2024-05-04,성북구,3277,37396
2024-05-04,송파구,15938,154932
2024-05-04,양천구,9167,25937
2024-05-04,영등포구,13663,230496
2024-05-04,용산구,4502,0
2024-05-04,은평구,4273,102924
2024-05-04,종로구,4171,216949
2024-05-04,중구,2815,205731
2024-05-04,중랑구,4918,74992
2024-05-05,강남구,447,138952
2024-05-05,강동구,671,43309
2024-05-05,강북구,308,25242
2024-05-05,강서구,1345,92378
2024-05-05,관악구,483,83431
2024-05-05,광진구,938,39928
2024-05-05,구로구,521,58932
2024-05-05,금천구,195,24799
2024-05-05,노원구,1040,84080
2024-05-05,도봉구,341,48236
2024-05-05,동대문구,553,51180
2024-05-05,동작구,334,45487
2024-05-05,마포구,801,172135
2024-05-05,서대문구,301,55125
2024-05-05,서초구,373,110404
2024-05-05,성동구,483,63761
2024-05-05,성북구,353,24362
2024-05-05,송파구,1259,91035
2024-05-05,양천구,778,15661
2024-05-05,영등포구,1089,159483
2024-05-05,용산구,370,0
2024-05-05,은평구,422,63558
2024-05-05,종로구,376,123753
2024-05-05,중구,262,128655
2024-05-05,중랑구,570,46441
2024-05-06,강남구,818,144753
2024-05-06,강동구,1025,46477
2024-05-06,강북구,342,28303
2024-05-06,강서구,3179,99126
2024-05-06,관악구,539,85119
2024-05-06,광진구,1537,41726
2024-05-06,구로구,1032,60856
2024-05-06,금천구,302,27943
2024-05-06,노원구,1558,91205
2024-05-06,도봉구,551,52865
2024-05-06,동대문구,794,55618
2024-05-06,동작구,440,50431
2024-05-06,마포구,1559,170091
2024-05-06,서대문구,701,55724
2024-05-06,서초구,685,130041
2024-05-06,성동구,941,64327
2024-05-06,성북구,609,25230
2024-05-06,송파구,2027,88795
2024-05-06,양천구,2169,17012
2024-05-06,영등포구,2475,150520
2024-05-06,용산구,435,0
2024-05-06,은평구,707,65911
2024-05-06,종로구,693,133560
2024-05-06,중구,476,121819
2024-05-06,중랑구,663,50110
2024-05-07,강남구,2313,406143
2024-05-07,강동구,3977,100458
2024-05-07,강북구,1383,50493
2024-05-07,강서구,7591,192070
2024-05-07,관악구,1141,155772
2024-05-07,광진구,4418,64895
2024-05-07,구로구,2171,133417
2024-05-07,금천구,908,105989
2024-05-07,노원구,6735,175885
2024-05-07,도봉구,2271,98301
2024-05-07,동대문구,3185,109510
2024-05-07,동작구,1058,96168
2024-05-07,마포구,2862,264234
2024-05-07,서대문구,1321,105461
2024-05-07,서초구,1750,159238
2024-05-07,성동구,3328,132625
2024-05-07,성북구,2189,53550
2024-05-07,송파구,6661,212222
2024-05-07,양천구,3872,38013
2024-05-07,영등포구,5014,329845
2024-05-07,용산구,1149,0
2024-05-07,은평구,1830,129676
2024-05-07,종로구,2873,237702
2024-05-07,중구,2090,274656
2024-05-07,중랑구,2741,95598
2024-05-08,강남구,6727,410421
2024-05-08,강동구,7897,102893
2024-05-08,강북구,2378,54126
2024-05-08,강서구,21117,198798
2024-05-08,관악구,3612,161795
2024-05-08,광진구,8696,67278
2024-05-08,구로구,7142,138182
2024-05-08,금천구,3440,107085
2024-05-08,노원구,11510,182950
2024-05-08,도봉구,4055,102932
2024-05-08,동대문구,5928,115371
2024-05-08,동작구,3335,100349
2024-05-08,마포구,8342,266452
2024-05-08,서대문구,3512,109480
2024-05-08,서초구,5616,158052
2024-05-08,성동구,7201,137239
2024-05-08,성북구,4009,56265
2024-05-08,송파구,16574,217052
2024-05-08,양천구,10075,38552
2024-05-08,영등포구,15576,339635
2024-05-08,용산구,3698,0
2024-05-08,은평구,4351,135886
2024-05-08,종로구,6191,255231
2024-05-08,중구,4595,281436
2024-05-08,중랑구,4960,99157
2024-05-09,강남구,6672,423326
2024-05-09,강동구,8035,102586
2024-05-09,강북구,2283,53165
2024-05-09,강서구,21693,199216
2024-05-09,관악구,3552,164751
2024-05-09,광진구,8879,69647
2024-05-09,구로구,7266,137820
2024-05-09,금천구,3471,107195
2024-05-09,노원구,11571,184009
2024-05-09,도봉구,3925,102717
2024-05-09,동대문구,6148,116803
2024-05-09,동작구,3482,100568
2024-05-09,마포구,8189,276844
2024-05-09,서대문구,3631,110734
2024-05-09,서초구,5733,163867
2024-05-09,성동구,6871,140183
2024-05-09,성북구,3980,55831
2024-05-09,송파구,16882,221949
2024-05-09,양천구,10072,38981
2024-05-09,영등포구,15591,344023
2024-05-09,용산구,3689,0
2024-05-09,은평구,4343,134514
2024-05-09,종로구,6076,262551
2024-05-09,중구,4407,290115
2024-05-09,중랑구,5004,99440
2024-05-10,강남구,7118,435609
2024-05-10,강동구,8460,105615
2024-05-10,강북구,2429,53830
2024-05-10,강서구,22707,205442
2024-05-10,관악구,3786,174597
2024-05-10,광진구,9299,73780
2024-05-10,구로구,7544,142589
2024-05-10,금천구,3533,106976
2024-05-10,노원구,11795,188803
2024-05-10,도봉구,4207,106645
2024-05-10,동대문구,6137,118662
2024-05-10,동작구,3806,105188
2024-05-10,마포구,9401,294838
2024-05-10,서대문구,3629,113812
2024-05-10,서초구,6189,179220
2024-05-10,성동구,7602,147941
2024-05-10,성북구,4032,56905
2024-05-10,송파구,17719,228063
2024-05-10,양천구,11130,40867
2024-05-10,영등포구,16931,358290
2024-05-10,용산구,4225,0
2024-05-10,은평구,4720,138557
2024-05-10,종로구,6192,279078
2024-05-10,중구,4493,297111
2024-05-10,중랑구,5371,103738
2024-05-11,강남구,2170,252418
2024-05-11,강동구,3329,68433
2024-05-11,강북구,992,39653
2024-05-11,강서구,6691,131780
2024-05-11,관악구,1604,130913
2024-05-11,광진구,3357,59525
2024-05-11,구로구,2460,87294
2024-05-11,금천구,838,39804
2024-05-11,노원구,4318,130798
2024-05-11,도봉구,1623,74621
2024-05-11,동대문구,2170,82564
2024-05-11,동작구,1457,74518
2024-05-11,마포구,2755,228053
2024-05-11,서대문구,1318,84190
2024-05-11,서초구,1888,144675
2024-05-11,성동구,2268,94151
2024-05-11,성북구,1486,36496
2024-05-11,송파구,6347,141759
2024-05-11,양천구,3851,24922
2024-05-11,영등포구,4861,229112
2024-05-11,용산구,1190,0
2024-05-11,은평구,1728,95886
2024-05-11,종로구,1576,234843
2024-05-11,중구,954,183436
2024-05-11,중랑구,2061,71901
2024-05-12,강남구,5051,161458
2024-05-12,강동구,6424,51847
2024-05-12,강북구,2094,34025
2024-05-12,강서구,14115,108285
2024-05-12,관악구,3428,103629
2024-05-12,광진구,7869,49424
2024-05-12,구로구,5293,70561
2024-05-12,금천구,1808,32885
2024-05-12,노원구,9527,111380
2024-05-12,도봉구,3348,66687
2024-05-12,동대문구,4633,67503
2024-05-12,동작구,3622,55960
2024-05-12,마포구,8900,191164
2024-05-12,서대문구,3203,62279
2024-05-12,서초구,5292,131236
2024-05-12,성동구,6567,83954
2024-05-12,성북구,3262,30644
2024-05-12,송파구,15582,120114
2024-05-12,양천구,8429,19564
2024-05-12,영등포구,13001,176231
2024-05-12,용산구,4799,0
2024-05-12,은평구,3780,78801
2024-05-12,종로구,4241,164369
2024-05-12,중구,2714,146597
2024-05-12,중랑구,4444,58097
2024-05-13,강남구,7063,405262
2024-05-13,강동구,8192,100842
2024-05-13,강북구,2391,52000
2024-05-13,강서구,21813,193001
2024-05-13,관악구,3751,158451
2024-05-13,광진구,9248,67195
2024-05-13,구로구,7424,134739
2024-05-13,금천구,3469,106622
2024-05-13,노원구,11557,178655
2024-05-13,도봉구,3985,100051
2024-05-13,동대문구,5890,112931
2024-05-13,동작구,3652,97926
2024-05-13,마포구,8663,266775
2024-05-13,서대문구,3486,105670
2024-05-13,서초구,5978,159211
2024-05-13,성동구,7331,133187
2024-05-13,성북구,4085,53827
2024-05-13,송파구,17373,206785
2024-05-13,양천구,10482,38388
2024-05-13,영등포구,16158,332789
2024-05-13,용산구,3796,0
2024-05-13,은평구,4255,131408
2024-05-13,종로구,6244,250881
2024-05-13,중구,4633,280394
2024-05-13,중랑구,5164,97886
2024-05-14,강남구,7192,426232
2024-05-14,강동구,8392,106968
2024-05-14,강북구,2528,54460
2024-05-14,강서구,23002,202138
2024-05-14,관악구,3749,173397
2024-05-14,광진구,9726,72600
2024-05-14,구로구,7706,141095
2024-05-14,금천구,3618,108568
2024-05-14,노원구,12540,190828
2024-05-14,도봉구,4228,105601
2024-05-14,동대문구,6166,119437
2024-05-14,동작구,3861,104021
2024-05-14,마포구,9142,287260
2024-05-14,서대문구,3919,113804
2024-05-14,서초구,6176,171500
2024-05-14,성동구,7797,142359
2024-05-14,성북구,4468,56727
2024-05-14,송파구,18300,228718
2024-05-14,양천구,11178,40561
2024-05-14,영등포구,16893,349651
2024-05-14,용산구,4004,0
2024-05-14,은평구,4471,137047
2024-05-14,종로구,6147,272870
2024-05-14,중구,4817,298517
2024-05-14,중랑구,5538,102512
2024-05-15,강남구,2041,176165
2024-05-15,강동구,2912,53709
2024-05-15,강북구,831,37009
2024-05-15,강서구,5202,108099
2024-05-15,관악구,1386,103067
2024-05-15,광진구,2951,48538
2024-05-15,구로구,1955,69114
2024-05-15,금천구,849,32457
2024-05-15,노원구,3830,112098
2024-05-15,도봉구,1421,64195
2024-05-15,동대문구,1952,65962
2024-05-15,동작구,1298,59188
2024-05-15,마포구,2538,185163
2024-05-15,서대문구,1162,65588
2024-05-15,서초구,1735,104108
2024-05-15,성동구,2190,71651
2024-05-15,성북구,1516,31138
2024-05-15,송파구,5571,113502
2024-05-15,양천구,3108,19292
2024-05-15,영등포구,4114,173705
2024-05-15,용산구,1205,0
2024-05-15,은평구,1472,82203
2024-05-15,종로구,1602,179654
2024-05-15,중구,975,135871
2024-05-15,중랑구,1705,58477
2024-05-16,강남구,6473,417951
2024-05-16,강동구,7647,101999
2024-05-16,강북구,2328,52305
2024-05-16,강서구,20404,195963
2024-05-16,관악구,3375,164636
2024-05-16,광진구,8460,68493
2024-05-16,구로구,6891,135653
2024-05-16,금천구,3205,105605
2024-05-16,노원구,11112,184113
2024-05-16,도봉구,3730,102206
2024-05-16,동대문구,5479,115903
2024-05-16,동작구,3186,99454
2024-05-16,마포구,8174,278864
2024-05-16,서대문구,3143,110031
2024-05-16,서초구,5518,163953
2024-05-16,성동구,7093,136951
2024-05-16,성북구,3757,55264
2024-05-16,송파구,16516,219043
2024-05-16,양천구,10048,39282
2024-05-16,영등포구,15450,339988
2024-05-16,용산구,3588,0
2024-05-16,은평구,3877,133447
2024-05-16,종로구,6022,261159
2024-05-16,중구,4632,289432
2024-05-16,중랑구,5001,99879
2024-05-17,강남구,7106,423734
2024-05-17,강동구,8545,102744
2024-05-17,강북구,2516,52893
2024-05-17,강서구,22794,200135
2024-05-17,관악구,3746,171896
2024-05-17,광진구,9510,71650
2024-05-17,구로구,7855,137988
2024-05-17,금천구,3513,105643
2024-05-17,노원구,12188,190866
2024-05-17,도봉구,4183,105320
2024-05-17,동대문구,6246,118213
2024-05-17,동작구,3776,103787
2024-05-17,마포구,9374,291405
2024-05-17,서대문구,3630,111897
2024-05-17,서초구,6061,176684
2024-05-17,성동구,7571,142264
2024-05-17,성북구,4104,55143
2024-05-17,송파구,18524,230267
2024-05-17,양천구,11233,39604
2024-05-17,영등포구,16985,349526
2024-05-17,용산구,3966,0
2024-05-17,은평구,4301,135850
2024-05-17,종로구,6362,269518
2024-05-17,중구,4686,299079
2024-05-17,중랑구,5335,103573
2024-05-18,강남구,6089,250144
2024-05-18,강동구,7581,72993
2024-05-18,강북구,2421,43447
2024-05-18,강서구,17014,142637
2024-05-18,관악구,3895,141460
2024-05-18,광진구,9586,66360
2024-05-18,구로구,6270,95158
2024-05-18,금천구,2204,45053
2024-05-18,노원구,11213,164992
2024-05-18,도봉구,3990,83341
2024-05-18,동대문구,5244,87298
2024-05-18,동작구,3910,80382
2024-05-18,마포구,9618,254587
2024-05-18,서대문구,3371,90042
2024-05-18,서초구,5737,153711
2024-05-18,성동구,6633,107596
2024-05-18,성북구,3633,39787
2024-05-18,송파구,18441,172180
2024-05-18,양천구,10314,28027
2024-05-18,영등포구,14843,240840
2024-05-18,용산구,4757,0
2024-05-18,은평구,4226,103947
2024-05-18,종로구,4548,214536
2024-05-18,중구,3017,193706
2024-05-18,중랑구,5426,91765
2024-05-19,강남구,5182,153432
2024-05-19,강동구,6762,52068
2024-05-19,강북구,2143,33550
2024-05-19,강서구,14695,106246
2024-05-19,관악구,3784,101905
2024-05-19,광진구,8662,48240
2024-05-19,구로구,5713,69804
2024-05-19,금천구,2158,33110
2024-05-19,노원구,10207,127428
2024-05-19,도봉구,3588,66075
2024-05-19,동대문구,4782,65404
2024-05-19,동작구,3455,56186
2024-05-19,마포구,9428,191796
2024-05-19,서대문구,3115,64051
2024-05-19,서초구,5125,127832
2024-05-19,성동구,6476,75201
2024-05-19,성북구,3422,30050
2024-05-19,송파구,15532,116417
2024-05-19,양천구,9238,20246
2024-05-19,영등포구,12887,177644
2024-05-19,용산구,4551,0
2024-05-19,은평구,3832,77795
2024-05-19,종로구,3616,145541
2024-05-19,중구,2583,142432
2024-05-19,중랑구,4917,69495
2024-05-20,강남구,6724,397350
2024-05-20,강동구,7886,99602
2024-05-20,강북구,2449,49573
2024-05-20,강서구,21652,192167
2024-05-20,관악구,3732,155503
2024-05-20,광진구,9140,63813
2024-05-20,구로구,7254,132854
2024-05-20,금천구,3357,105034
2024-05-20,노원구,11606,180575
2024-05-20,도봉구,4061,97890
2024-05-20,동대문구,5705,111407
2024-05-20,동작구,3451,95850
2024-05-20,마포구,8159,263142
2024-05-20,서대문구,3417,102733
2024-05-20,서초구,5860,150290
2024-05-20,성동구,7124,130055
2024-05-20,성북구,3995,53076
2024-05-20,송파구,17007,203138
2024-05-20,양천구,10581,37543
2024-05-20,영등포구,15986,321199
2024-05-20,용산구,3473,0
2024-05-20,은평구,4082,128866
2024-05-20,종로구,5153,242337
2024-05-20,중구,4166,272681
2024-05-20,중랑구,5336,97554
2024-05-21,강남구,6895,417586
2024-05-21,강동구,8389,101762
2024-05-21,강북구,2603,52388
2024-05-21,강서구,22729,195404
2024-05-21,관악구,3913,162238
2024-05-21,광진구,8965,68250
2024-05-21,구로구,7567,135602
2024-05-21,금천구,3565,106823
2024-05-21,노원구,12392,187739
2024-05-21,도봉구,4132,101861
2024-05-21,동대문구,6102,113551
2024-05-21,동작구,3642,98847
2024-05-21,마포구,8394,270812
2024-05-21,서대문구,3499,107692
2024-05-21,서초구,6041,160958
2024-05-21,성동구,7326,135642
2024-05-21,성북구,4153,54716
2024-05-21,송파구,18119,218416
2024-05-21,양천구,11029,39300
2024-05-21,영등포구,16665,337655
2024-05-21,용산구,3655,0
2024-05-21,은평구,4199,132564
2024-05-21,종로구,5669,255304
2024-05-21,중구,4403,287785
2024-05-21,중랑구,5320,100130
2024-05-22,강남구,6768,412534
2024-05-22,강동구,8414,102254
2024-05-22,강북구,2505,52629
2024-05-22,강서구,22979,197175
2024-05-22,관악구,3969,164139
2024-05-22,광진구,9080,68248
2024-05-22,구로구,7635,137121
2024-05-22,금천구,3605,105866
2024-05-22,노원구,12438,187671
2024-05-22,도봉구,4107,101816
2024-05-22,동대문구,6201,117226
2024-05-22,동작구,3719,99583
2024-05-22,마포구,8582,272292
2024-05-22,서대문구,3431,108168
2024-05-22,서초구,6013,160199
2024-05-22,성동구,7117,142225
2024-05-22,성북구,4147,55242
2024-05-22,송파구,17788,216195
2024-05-22,양천구,11227,38879
2024-05-22,영등포구,16110,341303
2024-05-22,용산구,3758,0
2024-05-22,은평구,4230,132457
2024-05-22,종로구,5928,261949
2024-05-22,중구,4263,290025
2024-05-22,중랑구,5629,100247
2024-05-23,강남구,6796,415903
2024-05-23,강동구,8510,101479
2024-05-23,강북구,2524,52318
2024-05-23,강서구,22704,196866
2024-05-23,관악구,3876,164907
2024-05-23,광진구,8996,68426
2024-05-23,구로구,7691,136805
2024-05-23,금천구,3505,105277
2024-05-23,노원구,12156,185945
2024-05-23,도봉구,4113,101466
2024-05-23,동대문구,6224,118939
2024-05-23,동작구,3648,99396
2024-05-23,마포구,8433,277505
2024-05-23,서대문구,3600,109140
2024-05-23,서초구,5992,163906
2024-05-23,성동구,7053,141381
2024-05-23,성북구,4188,54941
2024-05-23,송파구,18115,218002
2024-05-23,양천구,11007,38800
2024-05-23,영등포구,16330,345893
2024-05-23,용산구,3617,0
2024-05-23,은평구,4264,132867
2024-05-23,종로구,5898,261539
2024-05-23,중구,4093,293202
2024-05-23,중랑구,5442,99769
2024-05-24,강남구,7048,423684
2024-05-24,강동구,8677,103842
2024-05-24,강북구,2639,53156
2024-05-24,강서구,23128,200600
2024-05-24,관악구,3921,172241
2024-05-24,광진구,9190,71418
2024-05-24,구로구,7752,138385
2024-05-24,금천구,3598,104330
2024-05-24,노원구,12794,187272
2024-05-24,도봉구,4232,104318
2024-05-24,동대문구,6393,121528
2024-05-24,동작구,3771,103222
2024-05-24,마포구,8868,291736
2024-05-24,서대문구,3472,110117
2024-05-24,서초구,6147,177179
2024-05-24,성동구,7610,146092
2024-05-24,성북구,4111,55028
2024-05-24,송파구,18146,224837
2024-05-24,양천구,11588,39487
2024-05-24,영등포구,16442,355384
2024-05-24,용산구,3957,0
2024-05-24,은평구,4352,135055
2024-05-24,종로구,5523,270120
2024-05-24,중구,3978,296670
2024-05-24,중랑구,5788,102055
2024-05-25,강남구,5730,251005
2024-05-25,강동구,7833,73691
2024-05-25,강북구,2404,44381
2024-05-25,강서구,17147,144325
2024-05-25,관악구,4049,143724
2024-05-25,광진구,8705,63807
2024-05-25,구로구,6260,96822
2024-05-25,금천구,2188,44851
2024-05-25,노원구,12071,154345
2024-05-25,도봉구,3981,85092
2024-05-25,동대문구,5424,90582
2024-05-25,동작구,3705,81069
2024-05-25,마포구,9345,272966
2024-05-25,서대문구,3433,89922
2024-05-25,서초구,5104,153238
2024-05-25,성동구,6765,106757
2024-05-25,성북구,3698,40398
2024-05-25,송파구,17795,160629
2024-05-25,양천구,10118,28294
2024-05-25,영등포구,14373,252864
2024-05-25,용산구,4258,0
2024-05-25,은평구,4252,106923
2024-05-25,종로구,4276,223289
2024-05-25,중구,2921,209138
2024-05-25,중랑구,5445,83116
2024-05-26,강남구,2263,148846
2024-05-26,강동구,3251,48826
2024-05-26,강북구,1042,29993
2024-05-26,강서구,6167,100133
2024-05-26,관악구,1655,96972
2024-05-26,광진구,3451,43679
2024-05-26,구로구,2273,66302
2024-05-26,금천구,893,29827
2024-05-26,노원구,4500,101677
2024-05-26,도봉구,1633,59446
2024-05-26,동대문구,2275,62785
2024-05-26,동작구,1428,51994
2024-05-26,마포구,3028,190440
2024-05-26,서대문구,1332,62039
2024-05-26,서초구,1937,119877
2024-05-26,성동구,2350,67149
2024-05-26,성북구,1646,26949
2024-05-26,송파구,6634,106484
2024-05-26,양천구,3909,17981
2024-05-26,영등포구,4932,175716
2024-05-26,용산구,1452,0
2024-05-26,은평구,1598,71521
2024-05-26,종로구,1504,134261
2024-05-26,중구,918,135131
2024-05-26,중랑구,2070,52804
2024-05-27,강남구,6853,402730
2024-05-27,강동구,7947,99880
2024-05-27,강북구,2422,50633
2024-05-27,강서구,21870,193472
2024-05-27,관악구,3860,156680
2024-05-27,광진구,8300,64601
2024-05-27,구로구,7592,133689
2024-05-27,금천구,3623,105511
2024-05-27,노원구,11964,174965
2024-05-27,도봉구,4119,99011
2024-05-27,동대문구,6027,112548
2024-05-27,동작구,3454,96634
2024-05-27,마포구,8259,265761
2024-05-27,서대문구,3246,102996
2024-05-27,서초구,5865,156055
2024-05-27,성동구,7181,132336
2024-05-27,성북구,3968,52906
2024-05-27,송파구,16707,203598
2024-05-27,양천구,10461,37709
2024-05-27,영등포구,16263,332933
2024-05-27,용산구,3709,0
2024-05-27,은평구,4159,129785
2024-05-27,종로구,5566,245594
2024-05-27,중구,4155,281831
2024-05-27,중랑구,5220,96533
2024-05-28,강남구,7173,414081
2024-05-28,강동구,8768,102950
2024-05-28,강북구,2562,52137
2024-05-28,강서구,23719,195147
2024-05-28,관악구,4044,161944
2024-05-28,광진구,9599,66305
2024-05-28,구로구,7954,136618
2024-05-28,금천구,3681,106439
2024-05-28,노원구,12962,177649
2024-05-28,도봉구,4269,101766
2024-05-28,동대문구,6377,114028
2024-05-28,동작구,3828,98418
2024-05-28,마포구,9094,271869
2024-05-28,서대문구,3644,106883
2024-05-28,서초구,6286,156762
2024-05-28,성동구,7560,136506
2024-05-28,성북구,4272,54470
2024-05-28,송파구,18343,213796
2024-05-28,양천구,11154,38752
2024-05-28,영등포구,16801,338875
2024-05-28,용산구,4157,0
2024-05-28,은평구,4579,133136
2024-05-28,종로구,5927,255657
2024-05-28,중구,4458,291210
2024-05-28,중랑구,5674,97942
2024-05-29,강남구,6847,410898
2024-05-29,강동구,8831,102418
2024-05-29,강북구,2644,51776
2024-05-29,강서구,23504,196520
2024-05-29,관악구,3985,162842
2024-05-29,광진구,9312,66238
2024-05-29,구로구,7734,137029
2024-05-29,금천구,3603,106352
2024-05-29,노원구,12507,179482
2024-05-29,도봉구,4335,102716
2024-05-29,동대문구,6121,114046
2024-05-29,동작구,3635,98476
2024-05-29,마포구,8809,271359
2024-05-29,서대문구,3707,106360
2024-05-29,서초구,5917,157734
2024-05-29,성동구,7503,136629
2024-05-29,성북구,4299,54704
2024-05-29,송파구,17852,214712
2024-05-29,양천구,11176,38785
2024-05-29,영등포구,16780,340665
2024-05-29,용산구,3883,0
2024-05-29,은평구,4525,132593
2024-05-29,종로구,5780,264581
2024-05-29,중구,4352,301750
2024-05-29,중랑구,5539,97675
2024-05-30,강남구,6885,412676
2024-05-30,강동구,8599,100997
2024-05-30,강북구,2583,51597
2024-05-30,강서구,23175,194877
2024-05-30,관악구,4074,163645
2024-05-30,광진구,8884,66436
2024-05-30,구로구,7779,135416
2024-05-30,금천구,3580,105395
2024-05-30,노원구,12287,177245
2024-05-30,도봉구,4055,100615
2024-05-30,동대문구,6488,114177
2024-05-30,동작구,3614,97652
2024-05-30,마포구,8269,273025
2024-05-30,서대문구,3584,107276
2024-05-30,서초구,5919,159390
2024-05-30,성동구,7522,137278
2024-05-30,성북구,4350,55420
2024-05-30,송파구,17555,214367
2024-05-30,양천구,11180,38194
2024-05-30,영등포구,16085,338451
2024-05-30,용산구,3668,0
2024-05-30,은평구,4460,131258
2024-05-30,종로구,5825,261279
2024-05-30,중구,4448,295104
2024-05-30,중랑구,5585,97134
2024-05-31,강남구,6878,421808
2024-05-31,강동구,8496,103594
2024-05-31,강북구,2576,51997
2024-05-31,강서구,22879,201651
2024-05-31,관악구,3654,171089
2024-05-31,광진구,8720,70438
2024-05-31,구로구,7678,137433
2024-05-31,금천구,3468,104381
2024-05-31,노원구,12255,180838
2024-05-31,도봉구,4222,103301
2024-05-31,동대문구,6148,116941
2024-05-31,동작구,3604,102687
2024-05-31,마포구,8625,286904
2024-05-31,서대문구,3440,107264
2024-05-31,서초구,5747,173082
2024-05-31,성동구,7278,142226
2024-05-31,성북구,4231,54445
2024-05-31,송파구,17975,227498
2024-05-31,양천구,11717,39033
2024-05-31,영등포구,16374,352266
2024-05-31,용산구,3582,0
2024-05-31,은평구,4458,133461
2024-05-31,종로구,5770,266632
2024-05-31,중구,4401,292263
2024-05-31,중랑구,5648,99834
2024-06-01,강남구,5731,246521
2024-06-01,강동구,7389,70773
2024-06-01,강북구,2352,42368
2024-06-01,강서구,17189,140866
2024-06-01,관악구,3902,136761
2024-06-01,광진구,9796,68197
2024-06-01,구로구,6457,92594
2024-06-01,금천구,2177,43525
2024-06-01,노원구,11307,138151
2024-06-01,도봉구,4026,81600
2024-06-01,동대문구,5172,85311
2024-06-01,동작구,3554,77869
2024-06-01,마포구,9481,241909
2024-06-01,서대문구,3356,85799
2024-06-01,서초구,5366,144939
2024-06-01,성동구,7015,104644
2024-06-01,성북구,3822,38072
2024-06-01,송파구,17115,153971
2024-06-01,양천구,10843,27233
2024-06-01,영등포구,14074,240962
2024-06-01,용산구,4338,0
2024-06-01,은평구,4500,101401
2024-06-01,종로구,4468,219429
2024-06-01,중구,3138,219359
2024-06-01,중랑구,5044,75666
2024-06-02,강남구,5328,145139
2024-06-02,강동구,7126,50441
2024-06-02,강북구,2162,32001
2024-06-02,강서구,15161,103277
2024-06-02,관악구,3790,97733
2024-06-02,광진구,8598,44731
2024-06-02,구로구,5773,67375
2024-06-02,금천구,2019,30829
2024-06-02,노원구,10451,100061
2024-06-02,도봉구,3815,63814
2024-06-02,동대문구,5057,63197
2024-06-02,동작구,3445,54149
2024-06-02,마포구,9015,179931
2024-06-02,서대문구,3265,58988
2024-06-02,서초구,5101,117785
2024-06-02,성동구,6407,74215
2024-06-02,성북구,3406,27486
2024-06-02,송파구,16253,111538
2024-06-02,양천구,9296,18886
2024-06-02,영등포구,13256,173462
2024-06-02,용산구,4078,0
2024-06-02,은평구,4013,74253
2024-06-02,종로구,3803,137574
2024-06-02,중구,2594,132883
2024-06-02,중랑구,4688,54772
2024-06-03,강남구,7137,399340
2024-06-03,강동구,8387,99236
2024-06-03,강북구,2483,50595
2024-06-03,강서구,22766,191624
2024-06-03,관악구,4000,155129
2024-06-03,광진구,9030,63833
2024-06-03,구로구,7917,133159
2024-06-03,금천구,3866,105856
2024-06-03,노원구,11999,173477
2024-06-03,도봉구,4242,98147
2024-06-03,동대문구,6006,110815
2024-06-03,동작구,3645,95514
2024-06-03,마포구,8378,258943
2024-06-03,서대문구,3491,101849
2024-06-03,서초구,6289,151882
2024-06-03,성동구,7358,129626
2024-06-03,성북구,4056,52415
2024-06-03,송파구,18010,201857
2024-06-03,양천구,11145,37844
2024-06-03,영등포구,16465,329836
2024-06-03,용산구,3703,0
2024-06-03,은평구,4666,128934
2024-06-03,종로구,5761,240923
2024-06-03,중구,4214,275523
2024-06-03,중랑구,5548,95487
2024-06-04,강남구,7245,416141
2024-06-04,강동구,8752,101445
2024-06-04,강북구,2549,52108
2024-06-04,강서구,23742,194625
2024-06-04,관악구,4085,162341
2024-06-04,광진구,9694,65697
2024-06-04,구로구,7950,135386
2024-06-04,금천구,3683,106206
2024-06-04,노원구,12415,177470
2024-06-04,도봉구,4405,100339
2024-06-04,동대문구,6409,112958
2024-06-04,동작구,3686,97725
2024-06-04,마포구,9026,267479
2024-06-04,서대문구,3662,104998
2024-06-04,서초구,6378,156069
2024-06-04,성동구,7997,133827
2024-06-04,성북구,4338,54340
2024-06-04,송파구,18383,216475
2024-06-04,양천구,11338,39291
2024-06-04,영등포구,16552,336076
2024-06-04,용산구,3718,0
2024-06-04,은평구,4660,131021
2024-06-04,종로구,6214,250373
2024-06-04,중구,4623,283089
2024-06-04,중랑구,5604,97308
2024-06-05,강남구,6696,418549
2024-06-05,강동구,8616,103722
2024-06-05,강북구,2520,53306
2024-06-05,강서구,23721,202227
2024-06-05,관악구,3982,170477
2024-06-05,광진구,9555,68790
2024-06-05,구로구,8078,139748
2024-06-05,금천구,3622,107364
2024-06-05,노원구,12833,183883
2024-06-05,도봉구,4349,102140
2024-06-05,동대문구,6165,116051
2024-06-05,동작구,3692,101762
2024-06-05,마포구,9092,278376
2024-06-05,서대문구,3522,109430
2024-06-05,서초구,6155,170478
2024-06-05,성동구,7613,137422
2024-06-05,성북구,4349,55458
2024-06-05,송파구,18201,222425
2024-06-05,양천구,11424,39544
2024-06-05,영등포구,16723,347250
2024-06-05,용산구,3722,0
2024-06-05,은평구,4577,134968
2024-06-05,종로구,6348,258312
2024-06-05,중구,4742,288757
2024-06-05,중랑구,5690,100928
2024-06-06,강남구,4887,163869
2024-06-06,강동구,6816,54690
2024-06-06,강북구,2167,36336
2024-06-06,강서구,14752,114928
2024-06-06,관악구,3817,107590
2024-06-06,광진구,8233,52226
2024-06-06,구로구,5816,72850
2024-06-06,금천구,1974,35276
2024-06-06,노원구,9724,110454
2024-06-06,도봉구,3660,67556
2024-06-06,동대문구,4805,68619
2024-06-06,동작구,3653,61368
2024-06-06,마포구,8182,197563
2024-06-06,서대문구,3231,65434
2024-06-06,서초구,4743,108939
2024-06-06,성동구,6175,88122
2024-06-06,성북구,3646,30698
2024-06-06,송파구,15334,117925
2024-06-06,양천구,9004,20913
2024-06-06,영등포구,12881,178587
2024-06-06,용산구,3919,0
2024-06-06,은평구,4259,82148
2024-06-06,종로구,4091,181564
2024-06-06,중구,3003,156947
2024-06-06,중랑구,4386,60532
2024-06-07,강남구,6288,365498
2024-06-07,강동구,7973,92237
2024-06-07,강북구,2452,48835
2024-06-07,강서구,20291,182424
2024-06-07,관악구,3476,153981
2024-06-07,광진구,8576,65167
2024-06-07,구로구,7279,122873
2024-06-07,금천구,3118,85626
2024-06-07,노원구,11479,167250
2024-06-07,도봉구,4050,94897
2024-06-07,동대문구,5717,106071
2024-06-07,동작구,3411,92565
2024-06-07,마포구,8573,270134
2024-06-07,서대문구,3453,101287
2024-06-07,서초구,5502,158595
2024-06-07,성동구,7081,131992
2024-06-07,성북구,3930,48645
2024-06-07,송파구,16164,200938
2024-06-07,양천구,10897,34811
2024-06-07,영등포구,15958,317328
2024-06-07,용산구,3537,0
2024-06-07,은평구,4518,124400
2024-06-07,종로구,5770,249519
2024-06-07,중구,4329,269625
2024-06-07,중랑구,5217,92548
2024-06-08,강남구,3531,216261
2024-06-08,강동구,4937,61079
2024-06-08,강북구,1344,35624
2024-06-08,강서구,11724,123549
2024-06-08,관악구,2596,121126
2024-06-08,광진구,5561,50714
2024-06-08,구로구,4598,83271
2024-06-08,금천구,1544,37342
2024-06-08,노원구,6512,116980
2024-06-08,도봉구,2250,67407
2024-06-08,동대문구,3442,72998
2024-06-08,동작구,2626,67472
2024-06-08,마포구,5994,208939
2024-06-08,서대문구,2280,72953
2024-06-08,서초구,3436,131380
2024-06-08,성동구,4239,87949
2024-06-08,성북구,2362,32568
2024-06-08,송파구,10812,138825
2024-06-08,양천구,7677,24195
2024-06-08,영등포구,9408,209108
2024-06-08,용산구,2732,0
2024-06-08,은평구,2955,86780
2024-06-08,종로구,2897,176749
2024-06-08,중구,2036,161799
2024-06-08,중랑구,3498,65139
2024-06-09,강남구,5016,141368
2024-06-09,강동구,6873,48596
2024-06-09,강북구,2207,30939
2024-06-09,강서구,14379,100321
2024-06-09,관악구,3582,95551
2024-06-09,광진구,7611,41457
2024-06-09,구로구,5492,65361
2024-06-09,금천구,1928,29666
2024-06-09,노원구,9579,97014
2024-06-09,도봉구,3454,62272
2024-06-09,동대문구,4682,61069
2024-06-09,동작구,3371,51477
2024-06-09,마포구,7740,165683
2024-06-09,서대문구,3032,55205
2024-06-09,서초구,4735,121846
2024-06-09,성동구,5791,71559
2024-06-09,성북구,3209,26543
2024-06-09,송파구,15244,113091
2024-06-09,양천구,9150,18717
2024-06-09,영등포구,12511,170416
2024-06-09,용산구,3718,0
2024-06-09,은평구,3815,72148
2024-06-09,종로구,3455,132754
2024-06-09,중구,2423,131461
2024-06-09,중랑구,4537,52370
2024-06-10,강남구,7015,399678
2024-06-10,강동구,8360,98445
2024-06-10,강북구,2338,49488
2024-06-10,강서구,22932,191669
2024-06-10,관악구,3943,154399
2024-06-10,광진구,9162,62377
2024-06-10,구로구,8011,132568
2024-06-10,금천구,3662,103999
2024-06-10,노원구,11449,169389
2024-06-10,도봉구,4169,96212
2024-06-10,동대문구,6071,108685
2024-06-10,동작구,3548,93551
2024-06-10,마포구,8429,257601
2024-06-10,서대문구,3574,98077
2024-06-10,서초구,6008,150904
2024-06-10,성동구,7063,126655
2024-06-10,성북구,4067,51690
2024-06-10,송파구,16805,200686
2024-06-10,양천구,11091,37019
2024-06-10,영등포구,16944,325793
2024-06-10,용산구,3213,0
2024-06-10,은평구,4349,127881
2024-06-10,종로구,5793,239132
2024-06-10,중구,4403,269091
2024-06-10,중랑구,5383,92927
2024-06-11,강남구,6763,412972
2024-06-11,강동구,8544,100049
2024-06-11,강북구,2487,51126
2024-06-11,강서구,22915,193598
2024-06-11,관악구,3969,160840
2024-06-11,광진구,8872,64252
2024-06-11,구로구,7787,134651
2024-06-11,금천구,3664,105052
2024-06-11,노원구,11561,174143
2024-06-11,도봉구,4054,98496
2024-06-11,동대문구,6065,109717
2024-06-11,동작구,3498,95574
2024-06-11,마포구,9266,279943
2024-06-11,서대문구,3353,103189
2024-06-11,서초구,5841,155068
2024-06-11,성동구,7066,130605
2024-06-11,성북구,4154,53269
2024-06-11,송파구,17609,218547
2024-06-11,양천구,11079,38186
2024-06-11,영등포구,16362,335040
2024-06-11,용산구,3390,0
2024-06-11,은평구,4262,130199
2024-06-11,종로구,5913,246331
2024-06-11,중구,4269,282235
2024-06-11,중랑구,5404,95714
2024-06-12,강남구,6535,410356
2024-06-12,강동구,8200,100361
2024-06-12,강북구,2411,50944
2024-06-12,강서구,23435,196424
2024-06-12,관악구,3886,161435
2024-06-12,광진구,9075,64686
2024-06-12,구로구,7834,135770
2024-06-12,금천구,3571,104219
2024-06-12,노원구,11805,175127
2024-06-12,도봉구,4281,98891
2024-06-12,동대문구,6051,110240
2024-06-12,동작구,3690,96495
2024-06-12,마포구,8307,266933
2024-06-12,서대문구,3449,102076
2024-06-12,서초구,5785,156795
2024-06-12,성동구,7075,132673
2024-06-12,성북구,4314,53107
2024-06-12,송파구,18050,221413
2024-06-12,양천구,11489,38131
2024-06-12,영등포구,16363,340573
2024-06-12,용산구,3590,0
2024-06-12,은평구,4448,131232
2024-06-12,종로구,5494,251129
2024-06-12,중구,4201,290078
2024-06-12,중랑구,5339,96194
2024-06-13,강남구,6095,417502
2024-06-13,강동구,8288,100471
2024-06-13,강북구,2440,51063
2024-06-13,강서구,22864,195810
2024-06-13,관악구,3678,164634
2024-06-13,광진구,8503,65873
2024-06-13,구로구,7828,135607
2024-06-13,금천구,3603,104183
2024-06-13,노원구,11361,174694
2024-06-13,도봉구,4195,98462
2024-06-13,동대문구,5993,112058
2024-06-13,동작구,3500,96258
2024-06-13,마포구,8293,273666
2024-06-13,서대문구,3385,103552
2024-06-13,서초구,5562,160460
2024-06-13,성동구,6900,135466
2024-06-13,성북구,4081,53290
2024-06-13,송파구,17255,240748
2024-06-13,양천구,11225,38335
2024-06-13,영등포구,15920,342224
2024-06-13,용산구,3345,0
2024-06-13,은평구,4470,130866
2024-06-13,종로구,5172,251988
2024-06-13,중구,3843,290018
2024-06-13,중랑구,5339,96206
2024-06-14,강남구,6524,422075
2024-06-14,강동구,8593,102029
2024-06-14,강북구,2407,51241
2024-06-14,강서구,23488,199448
2024-06-14,관악구,3817,171100
2024-06-14,광진구,8790,67950
2024-06-14,구로구,7996,135942
2024-06-14,금천구,3557,103213
2024-06-14,노원구,11592,177971
2024-06-14,도봉구,4264,100170
2024-06-14,동대문구,6067,111957
2024-06-14,동작구,3425,99430
2024-06-14,마포구,8536,287452
2024-06-14,서대문구,3390,104768
2024-06-14,서초구,5725,169656
2024-06-14,성동구,7131,138382
2024-06-14,성북구,4046,52955
2024-06-14,송파구,17606,225245
2024-06-14,양천구,11699,38525
2024-06-14,영등포구,16030,350312
2024-06-14,용산구,3492,0
2024-06-14,은평구,4512,132286
2024-06-14,종로구,5394,259877
2024-06-14,중구,4052,294407
2024-06-14,중랑구,5440,98335
2024-06-15,강남구,4358,240541
2024-06-15,강동구,6572,67398
2024-06-15,강북구,2084,39929
2024-06-15,강서구,15431,135681
2024-06-15,관악구,3290,136998
2024-06-15,광진구,7119,55640
2024-06-15,구로구,5437,90458
2024-06-15,금천구,1952,42291
2024-06-15,노원구,9567,128717
2024-06-15,도봉구,3500,75232
2024-06-15,동대문구,4272,79151
2024-06-15,동작구,2916,74704
2024-06-15,마포구,6874,236319
2024-06-15,서대문구,2487,78819
2024-06-15,서초구,4143,139048
2024-06-15,성동구,4960,91656
2024-06-15,성북구,3065,35743
2024-06-15,송파구,13338,148524
2024-06-15,양천구,9099,25865
2024-06-15,영등포구,11195,235720
2024-06-15,용산구,3046,0
2024-06-15,은평구,4009,97123
2024-06-15,종로구,3203,193799
2024-06-15,중구,2137,177935
2024-06-15,중랑구,4261,71802
2024-06-16,강남구,4625,147414
2024-06-16,강동구,7079,48859
2024-06-16,강북구,2055,31836
2024-06-16,강서구,14366,103131
2024-06-16,관악구,3710,99816
2024-06-16,광진구,7434,42072
2024-06-16,구로구,5522,66391
2024-06-16,금천구,1876,30684
2024-06-16,노원구,9454,96849
2024-06-16,도봉구,3555,61945
2024-06-16,동대문구,4409,60205
2024-06-16,동작구,3204,52905
2024-06-16,마포구,7284,178433
2024-06-16,서대문구,2721,57586
2024-06-16,서초구,4312,116070
2024-06-16,성동구,5355,69851
2024-06-16,성북구,3179,26988
2024-06-16,송파구,14095,109987
2024-06-16,양천구,9076,18512
2024-06-16,영등포구,11924,175523
2024-06-16,용산구,3401,0
2024-06-16,은평구,3872,74138
2024-06-16,종로구,3103,136007
2024-06-16,중구,2140,134609
2024-06-16,중랑구,4381,53684
2024-06-17,강남구,6667,402151
2024-06-17,강동구,8519,97262
2024-06-17,강북구,2456,48743
2024-06-17,강서구,22924,190170
2024-06-17,관악구,3925,155057
2024-06-17,광진구,8888,63641
2024-06-17,구로구,7664,131184
2024-06-17,금천구,3694,103419
2024-06-17,노원구,11184,168601
2024-06-17,도봉구,4346,95655
2024-06-17,동대문구,5967,107349
2024-06-17,동작구,3659,93330
2024-06-17,마포구,8137,261903
2024-06-17,서대문구,3411,97961
2024-06-17,서초구,5763,148392
2024-06-17,성동구,7447,130972
2024-06-17,성북구,4050,50060
2024-06-17,송파구,17440,200140
2024-06-17,양천구,11249,36642
2024-06-17,영등포구,16477,322825
2024-06-17,용산구,3413,0
2024-06-17,은평구,4533,126804
2024-06-17,종로구,5583,239226
2024-06-17,중구,4159,275575
2024-06-17,중랑구,5448,93858
2024-06-18,강남구,6614,417349
2024-06-18,강동구,8421,98855
2024-06-18,강북구,2398,49733
2024-06-18,강서구,23145,191819
2024-06-18,관악구,4012,159890
2024-06-18,광진구,9125,65038
2024-06-18,구로구,7904,132889
2024-06-18,금천구,3829,103954
2024-06-18,노원구,11308,170629
2024-06-18,도봉구,4093,97359
2024-06-18,동대문구,5935,108684
2024-06-18,동작구,3608,94998
2024-06-18,마포구,8042,266452
2024-06-18,서대문구,3399,99159
2024-06-18,서초구,5771,157859
2024-06-18,성동구,7339,132428
2024-06-18,성북구,4183,51660
2024-06-18,송파구,17347,211917
2024-06-18,양천구,11320,37537
2024-06-18,영등포구,16349,344585
2024-06-18,용산구,3475,0
2024-06-18,은평구,4476,128766
2024-06-18,종로구,6032,246497
2024-06-18,중구,4205,280500
2024-06-18,중랑구,5411,95296
2024-06-19,강남구,6336,414133
2024-06-19,강동구,7986,99337
2024-06-19,강북구,2331,49635
2024-06-19,강서구,22984,193829
2024-06-19,관악구,3756,160686
2024-06-19,광진구,8523,65356
2024-06-19,구로구,7444,132522
2024-06-19,금천구,3573,103413
2024-06-19,노원구,11302,171678
2024-06-19,도봉구,4020,97049
2024-06-19,동대문구,5660,108279
2024-06-19,동작구,3425,94663
2024-06-19,마포구,7721,269402
2024-06-19,서대문구,3100,99192
2024-06-19,서초구,5289,158863
2024-06-19,성동구,6758,133040
2024-06-19,성북구,3909,52067
2024-06-19,송파구,16490,214410
2024-06-19,양천구,11142,37697
2024-06-19,영등포구,15243,339949
2024-06-19,용산구,3180,0
2024-06-19,은평구,4239,128615
2024-06-19,종로구,5640,248765
2024-06-19,중구,4231,282731
2024-06-19,중랑구,4956,94897
2024-06-20,강남구,6155,417143
2024-06-20,강동구,8060,99246
2024-06-20,강북구,2358,49815
2024-06-20,강서구,22545,194016
2024-06-20,관악구,3833,163684
2024-06-20,광진구,9015,69243
2024-06-20,구로구,7462,132697
2024-06-20,금천구,3475,103196
2024-06-20,노원구,10964,172408
2024-06-20,도봉구,3931,97112
2024-06-20,동대문구,5719,110028
2024-06-20,동작구,3365,95806
2024-06-20,마포구,7849,273204
2024-06-20,서대문구,3185,101676
2024-06-20,서초구,5444,162954
2024-06-20,성동구,6823,134549
2024-06-20,성북구,3757,52481
2024-06-20,송파구,16380,213750
2024-06-20,양천구,10816,37692
2024-06-20,영등포구,15285,340219
2024-06-20,용산구,3182,0
2024-06-20,은평구,4204,129621
2024-06-20,종로구,5679,252283
2024-06-20,중구,4231,284118
2024-06-20,중랑구,5010,95270
2024-06-21,강남구,6312,423727
2024-06-21,강동구,8351,100831
2024-06-21,강북구,2427,50880
2024-06-21,강서구,22671,199723
2024-06-21,관악구,3796,169742
2024-06-21,광진구,8749,71059
2024-06-21,구로구,7703,134783
2024-06-21,금천구,3548,101453
2024-06-21,노원구,11530,174670
2024-06-21,도봉구,4123,98733
2024-06-21,동대문구,5768,112270
2024-06-21,동작구,3393,99566
2024-06-21,마포구,8315,288016
2024-06-21,서대문구,3321,103613
2024-06-21,서초구,5532,174010
2024-06-21,성동구,6802,138805
2024-06-21,성북구,3909,52129
2024-06-21,송파구,16906,223361
2024-06-21,양천구,11494,38074
2024-06-21,영등포구,15984,350612
2024-06-21,용산구,3486,0
2024-06-21,은평구,4371,131207
2024-06-21,종로구,5725,258766
2024-06-21,중구,4251,288182
2024-06-21,중랑구,5365,96304
2024-06-22,강남구,1713,236527
2024-06-22,강동구,2744,65742
2024-06-22,강북구,1052,37474
2024-06-22,강서구,7455,129430
2024-06-22,관악구,1559,129246
2024-06-22,광진구,2977,57291
2024-06-22,구로구,2456,85894
2024-06-22,금천구,819,38268
2024-06-22,노원구,4607,124332
2024-06-22,도봉구,1658,71480
2024-06-22,동대문구,1951,77533
2024-06-22,동작구,1242,71171
2024-06-22,마포구,3097,227156
2024-06-22,서대문구,1226,78282
2024-06-22,서초구,1522,136079
2024-06-22,성동구,2068,88324
2024-06-22,성북구,1341,35482
2024-06-22,송파구,5109,137751
2024-06-22,양천구,4262,24318
2024-06-22,영등포구,4703,226025
2024-06-22,용산구,1208,0
2024-06-22,은평구,2031,93794
2024-06-22,종로구,1364,179861
2024-06-22,중구,1006,170349
2024-06-22,중랑구,2079,68968
2024-06-23,강남구,3412,150338
2024-06-23,강동구,5236,47733
2024-06-23,강북구,1589,30658
2024-06-23,강서구,11529,101905
2024-06-23,관악구,2671,95873
2024-06-23,광진구,5490,43965
2024-06-23,구로구,4164,65716
2024-06-23,금천구,1384,29493
2024-06-23,노원구,7047,95015
2024-06-23,도봉구,2642,59827
2024-06-23,동대문구,3362,60906
2024-06-23,동작구,2239,51669
2024-06-23,마포구,5675,178339
2024-06-23,서대문구,2227,57563
2024-06-23,서초구,3421,118530
2024-06-23,성동구,3912,72856
2024-06-23,성북구,2309,28115
2024-06-23,송파구,11113,111358
2024-06-23,양천구,7391,17942
2024-06-23,영등포구,9157,170545
2024-06-23,용산구,2663,0
2024-06-23,은평구,2899,72573
2024-06-23,종로구,2732,132610
2024-06-23,중구,1831,131758
2024-06-23,중랑구,3183,51466
2024-06-24,강남구,6516,403485
2024-06-24,강동구,7724,97121
2024-06-24,강북구,2243,47866
2024-06-24,강서구,22123,189121
2024-06-24,관악구,3727,152889
2024-06-24,광진구,8108,63455
2024-06-24,구로구,7564,129297
2024-06-24,금천구,3520,102281
2024-06-24,노원구,10751,164976
2024-06-24,도봉구,4205,92987
2024-06-24,동대문구,5556,105146
2024-06-24,동작구,3342,90433
2024-06-24,마포구,8268,264324
2024-06-24,서대문구,3425,94435
2024-06-24,서초구,5892,152391
2024-06-24,성동구,7047,124591
2024-06-24,성북구,3742,49532
2024-06-24,송파구,16795,199269
2024-06-24,양천구,10873,36333
2024-06-24,영등포구,16208,327771
2024-06-24,용산구,3324,0
2024-06-24,은평구,4318,124691
2024-06-24,종로구,5761,240495
2024-06-24,중구,4497,270716
2024-06-24,중랑구,5062,91788
2024-06-25,강남구,7008,421259
2024-06-25,강동구,8739,99827
2024-06-25,강북구,2481,50179
2024-06-25,강서구,24154,194263
2024-06-25,관악구,4311,160566
2024-06-25,광진구,9298,64708
2024-06-25,구로구,8165,133348
2024-06-25,금천구,3750,104274
2024-06-25,노원구,11746,170216
2024-06-25,도봉구,4459,97287
2024-06-25,동대문구,6236,107981
2024-06-25,동작구,3758,93892
2024-06-25,마포구,8781,274812
2024-06-25,서대문구,3669,97946
2024-06-25,서초구,6615,157002
2024-06-25,성동구,7759,130637
2024-06-25,성북구,4039,50773
2024-06-25,송파구,18685,219808
2024-06-25,양천구,11619,37627
2024-06-25,영등포구,17131,338242
2024-06-25,용산구,3738,0
2024-06-25,은평구,4743,130615
2024-06-25,종로구,6378,251163
2024-06-25,중구,4790,281080
2024-06-25,중랑구,5657,94159
2024-06-26,강남구,6599,424229
2024-06-26,강동구,8275,99699
2024-06-26,강북구,2445,50251
2024-06-26,강서구,23603,196520
2024-06-26,관악구,4082,162303
2024-06-26,광진구,8762,65807
2024-06-26,구로구,8141,133375
2024-06-26,금천구,3668,103576
2024-06-26,노원구,11638,172489
2024-06-26,도봉구,4280,97456
2024-06-26,동대문구,5911,109007
2024-06-26,동작구,3641,94765
2024-06-26,마포구,8779,276910
2024-06-26,서대문구,3423,99160
2024-06-26,서초구,5848,158252
2024-06-26,성동구,7144,130547
2024-06-26,성북구,3862,51488
2024-06-26,송파구,17749,220436
2024-06-26,양천구,11752,37906
2024-06-26,영등포구,16138,343520
2024-06-26,용산구,3487,0
2024-06-26,은평구,4555,130948
2024-06-26,종로구,6047,257058
2024-06-26,중구,4697,284147
2024-06-26,중랑구,5288,94438
2024-06-27,강남구,6422,425396
2024-06-27,강동구,8310,99168
2024-06-27,강북구,2367,49637
2024-06-27,강서구,23470,196336
2024-06-27,관악구,4178,163552
2024-06-27,광진구,8964,64647
2024-06-27,구로구,7778,133367
2024-06-27,금천구,3639,103433
2024-06-27,노원구,11597,171151
2024-06-27,도봉구,4237,97429
2024-06-27,동대문구,5781,109040
2024-06-27,동작구,3479,93769
2024-06-27,마포구,8315,279094
2024-06-27,서대문구,3461,97951
2024-06-27,서초구,6062,159848
2024-06-27,성동구,7054,130580
2024-06-27,성북구,3876,51357
2024-06-27,송파구,17322,218486
2024-06-27,양천구,11299,37460
2024-06-27,영등포구,16086,346515
2024-06-27,용산구,3282,0
2024-06-27,은평구,4545,129990
2024-06-27,종로구,6040,255758
2024-06-27,중구,4591,286439
2024-06-27,중랑구,5384,94328
2024-06-28,강남구,6056,431959
2024-06-28,강동구,8253,102425
2024-06-28,강북구,2410,50941
2024-06-28,강서구,22462,201557
2024-06-28,관악구,3839,171150
2024-06-28,광진구,8601,68134
2024-06-28,구로구,7487,135039
2024-06-28,금천구,3373,102497
2024-06-28,노원구,11307,175808
2024-06-28,도봉구,4109,99844
2024-06-28,동대문구,5607,112217
2024-06-28,동작구,3403,97733
2024-06-28,마포구,8223,292296
2024-06-28,서대문구,3315,102767
2024-06-28,서초구,5669,172603
2024-06-28,성동구,6962,138362
2024-06-28,성북구,3512,52022
2024-06-28,송파구,16840,221942
2024-06-28,양천구,11279,38372
2024-06-28,영등포구,15566,355281
2024-06-28,용산구,3390,0
2024-06-28,은평구,4286,133057
2024-06-28,종로구,5501,261643
2024-06-28,중구,4471,290449
2024-06-28,중랑구,5124,97183
2024-06-29,강남구,3097,247237
2024-06-29,강동구,4956,66750
2024-06-29,강북구,1583,40310
2024-06-29,강서구,11088,134805
2024-06-29,관악구,2580,132627
2024-06-29,광진구,5044,56197
2024-06-29,구로구,3946,87740
2024-06-29,금천구,1388,40045
2024-06-29,노원구,6974,127926
2024-06-29,도봉구,2606,75258
2024-06-29,동대문구,3271,79093
2024-06-29,동작구,2068,73355
2024-06-29,마포구,4978,229808
2024-06-29,서대문구,1945,80323
2024-06-29,서초구,2874,137468
2024-06-29,성동구,3430,92998
2024-06-29,성북구,2298,35143
2024-06-29,송파구,10126,149380
2024-06-29,양천구,6888,24938
2024-06-29,영등포구,8023,231769
2024-06-29,용산구,1891,0
2024-06-29,은평구,2968,96618
2024-06-29,종로구,2724,196913
2024-06-29,중구,1771,171118
2024-06-29,중랑구,3147,70471
2024-06-30,강남구,3334,139377
2024-06-30,강동구,4843,43493
2024-06-30,강북구,1391,26931
2024-06-30,강서구,10075,93982
2024-06-30,관악구,2508,87314
2024-06-30,광진구,4834,38052
2024-06-30,구로구,4005,60316
2024-06-30,금천구,1292,26160
2024-06-30,노원구,6061,83487
2024-06-30,도봉구,2217,51905
2024-06-30,동대문구,3134,54011
2024-06-30,동작구,2187,47336
2024-06-30,마포구,4867,156927
2024-06-30,서대문구,1875,51273
2024-06-30,서초구,3207,106909
2024-06-30,성동구,3581,58416
2024-06-30,성북구,1971,24927
2024-06-30,송파구,10177,98086
2024-06-30,양천구,6334,16081
2024-06-30,영등포구,8366,157546
2024-06-30,용산구,2255,0
2024-06-30,은평구,2361,63330
2024-06-30,종로구,2590,112862
2024-06-30,중구,1814,117036
2024-06-30,중랑구,2792,47264
2024-07-01,강남구,6211,402106
2024-07-01,강동구,7660,96795
2024-07-01,강북구,2424,48900
2024-07-01,강서구,21936,187964
2024-07-01,관악구,3938,151585
2024-07-01,광진구,8508,61750
2024-07-01,구로구,7659,129641
2024-07-01,금천구,3508,102204
2024-07-01,노원구,11281,165738
2024-07-01,도봉구,4172,93625
2024-07-01,동대문구,5711,104349
2024-07-01,동작구,3358,90052
2024-07-01,마포구,7621,262373
2024-07-01,서대문구,3215,94955
2024-07-01,서초구,5709,144679
2024-07-01,성동구,6927,123961
2024-07-01,성북구,3650,48835
2024-07-01,송파구,16657,198617
2024-07-01,양천구,10789,36029
2024-07-01,영등포구,15893,327801
2024-07-01,용산구,3231,0
2024-07-01,은평구,4239,125452
2024-07-01,종로구,6008,236217
2024-07-01,중구,4556,269089
2024-07-01,중랑구,5132,91000
2024-07-02,강남구,1238,395999
2024-07-02,강동구,2218,93517
2024-07-02,강북구,549,44078
2024-07-02,강서구,4372,178358
2024-07-02,관악구,897,145078
2024-07-02,광진구,2014,57491
2024-07-02,구로구,1579,122853
2024-07-02,금천구,853,99733
2024-07-02,노원구,2687,154381
2024-07-02,도봉구,922,85593
2024-07-02,동대문구,1373,95302
2024-07-02,동작구,672,85417
2024-07-02,마포구,1463,246794
2024-07-02,서대문구,740,89092
2024-07-02,서초구,1048,142674
2024-07-02,성동구,1463,116762
2024-07-02,성북구,901,46221
2024-07-02,송파구,3972,194516
2024-07-02,양천구,2213,34457
2024-07-02,영등포구,2946,319407
2024-07-02,용산구,550,0
2024-07-02,은평구,1017,118462
2024-07-02,종로구,991,221594
2024-07-02,중구,834,259247
2024-07-02,중랑구,1312,85435
2024-07-03,강남구,5686,416211
2024-07-03,강동구,6943,99140
2024-07-03,강북구,2070,49389
2024-07-03,강서구,20592,190461
2024-07-03,관악구,3456,157936
2024-07-03,광진구,7565,64386
2024-07-03,구로구,6692,132707
2024-07-03,금천구,2869,102753
2024-07-03,노원구,10178,170357
2024-07-03,도봉구,3732,95493
2024-07-03,동대문구,4850,106462
2024-07-03,동작구,2905,92117
2024-07-03,마포구,7507,269727
2024-07-03,서대문구,3038,97837
2024-07-03,서초구,5042,151535
2024-07-03,성동구,5934,128893
2024-07-03,성북구,3424,50561
2024-07-03,송파구,15085,217618
2024-07-03,양천구,10192,37233
2024-07-03,영등포구,14196,339314
2024-07-03,용산구,2730,0
2024-07-03,은평구,3906,128013
2024-07-03,종로구,5554,249924
2024-07-03,중구,4150,276082
2024-07-03,중랑구,4555,92853
2024-07-04,강남구,5306,426142
2024-07-04,강동구,6768,99896
2024-07-04,강북구,1965,49663
2024-07-04,강서구,19841,193031
2024-07-04,관악구,3332,160510
2024-07-04,광진구,7028,64154
2024-07-04,구로구,6806,131583
2024-07-04,금천구,3187,102675
2024-07-04,노원구,9553,169426
2024-07-04,도봉구,3487,95985
2024-07-04,동대문구,4823,106394
2024-07-04,동작구,2758,92999
2024-07-04,마포구,6539,273898
2024-07-04,서대문구,2813,98250
2024-07-04,서초구,4728,154263
2024-07-04,성동구,5988,129287
2024-07-04,성북구,3229,50309
2024-07-04,송파구,14434,219840
2024-07-04,양천구,9856,37394
2024-07-04,영등포구,13654,338144
2024-07-04,용산구,2721,0
2024-07-04,은평구,3751,129818
2024-07-04,종로구,5350,252692
2024-07-04,중구,3938,278185
2024-07-04,중랑구,4482,92709
2024-07-05,강남구,5767,429922
2024-07-05,강동구,7264,102262
2024-07-05,강북구,2136,50633
2024-07-05,강서구,21717,198109
2024-07-05,관악구,3453,167549
2024-07-05,광진구,7915,67624
2024-07-05,구로구,6892,133859
2024-07-05,금천구,3029,101671
2024-07-05,노원구,10451,174596
2024-07-05,도봉구,3864,99052
2024-07-05,동대문구,5034,109137
2024-07-05,동작구,3034,96591
2024-07-05,마포구,7462,290186
2024-07-05,서대문구,3058,101450
2024-07-05,서초구,5345,165449
2024-07-05,성동구,6420,133681
2024-07-05,성북구,3305,51437
2024-07-05,송파구,15661,206840
2024-07-05,양천구,10820,38214
2024-07-05,영등포구,14638,344936
2024-07-05,용산구,3203,0
2024-07-05,은평구,3964,131707
2024-07-05,종로구,5679,255753
2024-07-05,중구,4204,281040
2024-07-05,중랑구,4677,96453
2024-07-06,강남구,2938,245848
2024-07-06,강동구,4321,64790
2024-07-06,강북구,1312,37743
2024-07-06,강서구,11068,128664
2024-07-06,관악구,2492,126290
2024-07-06,광진구,4727,55465
2024-07-06,구로구,3730,85847
2024-07-06,금천구,1391,38691
2024-07-06,노원구,6186,121023
2024-07-06,도봉구,2353,69811
2024-07-06,동대문구,2746,74984
2024-07-06,동작구,1921,69087
2024-07-06,마포구,4410,225874
2024-07-06,서대문구,1944,76742
2024-07-06,서초구,2695,131095
2024-07-06,성동구,3182,81913
2024-07-06,성북구,1922,33183
2024-07-06,송파구,8991,131516
2024-07-06,양천구,6610,23702
2024-07-06,영등포구,7588,221538
2024-07-06,용산구,1880,0
2024-07-06,은평구,2704,91862
2024-07-06,종로구,2640,178333
2024-07-06,중구,1686,166730
2024-07-06,중랑구,2744,66288
2024-07-07,강남구,2483,148910
2024-07-07,강동구,3734,49079
2024-07-07,강북구,1227,31308
2024-07-07,강서구,8855,101421
2024-07-07,관악구,1952,93905
2024-07-07,광진구,3876,41745
2024-07-07,구로구,3057,64118
2024-07-07,금천구,1017,28444
2024-07-07,노원구,5799,95307
2024-07-07,도봉구,2208,60040
2024-07-07,동대문구,2621,58795
2024-07-07,동작구,1637,50827
2024-07-07,마포구,3987,178961
2024-07-07,서대문구,1729,58222
2024-07-07,서초구,2304,112290
2024-07-07,성동구,2960,65079
2024-07-07,성북구,1878,27481
2024-07-07,송파구,7670,97415
2024-07-07,양천구,5325,17766
2024-07-07,영등포구,6674,169622
2024-07-07,용산구,1820,0
2024-07-07,은평구,2354,71770
2024-07-07,종로구,2356,128212
2024-07-07,중구,1480,128045
2024-07-07,중랑구,2535,51945
2024-07-08,강남구,1428,393451
2024-07-08,강동구,1895,92974
2024-07-08,강북구,741,44720
2024-07-08,강서구,7242,180854
2024-07-08,관악구,880,145097
2024-07-08,광진구,2359,57940
2024-07-08,구로구,1624,124024
2024-07-08,금천구,703,99759
2024-07-08,노원구,3659,156261
2024-07-08,도봉구,1305,87187
2024-07-08,동대문구,1860,97449
2024-07-08,동작구,668,86858
2024-07-08,마포구,1944,250358
2024-07-08,서대문구,994,90460
2024-07-08,서초구,1124,143342
2024-07-08,성동구,1935,117898
2024-07-08,성북구,1126,46421
2024-07-08,송파구,3765,192770
2024-07-08,양천구,2772,35368
2024-07-08,영등포구,3852,315056
2024-07-08,용산구,671,0
2024-07-08,은평구,1267,119025
2024-07-08,종로구,1856,225819
2024-07-08,중구,1218,253122
2024-07-08,중랑구,1527,87352
2024-07-09,강남구,4503,414832
2024-07-09,강동구,5692,97332
2024-07-09,강북구,1645,47831
2024-07-09,강서구,16876,189637
2024-07-09,관악구,2473,155200
2024-07-09,광진구,5515,61503
2024-07-09,구로구,5492,130848
2024-07-09,금천구,2610,102710
2024-07-09,노원구,8588,164632
2024-07-09,도봉구,3049,93484
2024-07-09,동대문구,3963,103598
2024-07-09,동작구,2019,91468
2024-07-09,마포구,5329,265195
2024-07-09,서대문구,2393,95528
2024-07-09,서초구,3724,147992
2024-07-09,성동구,4817,125980
2024-07-09,성북구,2806,48771
2024-07-09,송파구,11812,215930
2024-07-09,양천구,7570,37428
2024-07-09,영등포구,11449,331077
2024-07-09,용산구,2094,0
2024-07-09,은평구,3218,125120
2024-07-09,종로구,4687,239914
2024-07-09,중구,3405,270038
2024-07-09,중랑구,3819,91574
2024-07-10,강남구,5041,417050
2024-07-10,강동구,5757,99010
2024-07-10,강북구,1948,48942
2024-07-10,강서구,20281,192173
2024-07-10,관악구,2764,159399
2024-07-10,광진구,7258,64007
2024-07-10,구로구,6477,133520
2024-07-10,금천구,3140,102636
2024-07-10,노원구,10227,168920
2024-07-10,도봉구,3700,95817
2024-07-10,동대문구,4577,104979
2024-07-10,동작구,2608,92561
2024-07-10,마포구,7226,270671
2024-07-10,서대문구,2999,96716
2024-07-10,서초구,4057,152505
2024-07-10,성동구,6110,129271
2024-07-10,성북구,3098,49757
2024-07-10,송파구,13915,218218
2024-07-10,양천구,9278,37455
2024-07-10,영등포구,13920,340450
2024-07-10,용산구,2868,0
2024-07-10,은평구,3822,128362
2024-07-10,종로구,5646,248906
2024-07-10,중구,4228,275281
2024-07-10,중랑구,4241,92873
2024-07-11,강남구,6073,421039
2024-07-11,강동구,7325,98619
2024-07-11,강북구,2204,49266
2024-07-11,강서구,21941,194092
2024-07-11,관악구,3627,161453
2024-07-11,광진구,8140,63850
2024-07-11,구로구,7525,132709
2024-07-11,금천구,3513,102938
2024-07-11,노원구,10713,169598
2024-07-11,도봉구,3746,96220
2024-07-11,동대문구,5363,106942
2024-07-11,동작구,3058,93124
2024-07-11,마포구,7598,276171
2024-07-11,서대문구,3106,98613
2024-07-11,서초구,5414,154681
2024-07-11,성동구,6629,130980
2024-07-11,성북구,3732,50453
2024-07-11,송파구,15843,218699
2024-07-11,양천구,10603,37173
2024-07-11,영등포구,15748,338989
2024-07-11,용산구,3138,0
2024-07-11,은평구,4108,128936
2024-07-11,종로구,6291,251722
2024-07-11,중구,4518,276477
2024-07-11,중랑구,4789,93360
2024-07-12,강남구,6060,428195
2024-07-12,강동구,7710,102390
2024-07-12,강북구,2219,50718
2024-07-12,강서구,21943,198390
2024-07-12,관악구,3677,167720
2024-07-12,광진구,8014,67502
2024-07-12,구로구,7423,134461
2024-07-12,금천구,3427,101162
2024-07-12,노원구,11054,173514
2024-07-12,도봉구,3968,98937
2024-07-12,동대문구,5428,111329
2024-07-12,동작구,3089,97587
2024-07-12,마포구,7776,285746
2024-07-12,서대문구,3144,101559
2024-07-12,서초구,5480,168323
2024-07-12,성동구,6711,134333
2024-07-12,성북구,3604,51184
2024-07-12,송파구,16477,224042
2024-07-12,양천구,10758,38318
2024-07-12,영등포구,15504,348265
2024-07-12,용산구,3232,0
2024-07-12,은평구,4211,131158
2024-07-12,종로구,6106,255469
2024-07-12,중구,4487,280811
2024-07-12,중랑구,4910,95954
2024-07-13,강남구,4143,252251
2024-07-13,강동구,6222,68228
2024-07-13,강북구,1881,40679
2024-07-13,강서구,14592,136701
2024-07-13,관악구,3334,136085
2024-07-13,광진구,6652,58120
2024-07-13,구로구,4980,89872
2024-07-13,금천구,1751,41402
2024-07-13,노원구,8802,132475
2024-07-13,도봉구,3251,77212
2024-07-13,동대문구,4014,81362
2024-07-13,동작구,2519,73854
2024-07-13,마포구,6202,247271
2024-07-13,서대문구,2487,81491
2024-07-13,서초구,3811,140772
2024-07-13,성동구,4615,93068
2024-07-13,성북구,2846,36007
2024-07-13,송파구,12693,156956
2024-07-13,양천구,8755,26034
2024-07-13,영등포구,10752,232426
2024-07-13,용산구,2612,0
2024-07-13,은평구,3400,99738
2024-07-13,종로구,3527,196332
2024-07-13,중구,2551,179659
2024-07-13,중랑구,4126,72002
2024-07-14,강남구,3603,156832
2024-07-14,강동구,5552,48690
2024-07-14,강북구,1721,31189
2024-07-14,강서구,11724,102406
2024-07-14,관악구,2914,97541
2024-07-14,광진구,6215,41868
2024-07-14,구로구,4428,65921
2024-07-14,금천구,1530,29361
2024-07-14,노원구,7903,97700
2024-07-14,도봉구,2908,59187
2024-07-14,동대문구,3583,60116
2024-07-14,동작구,2415,50670
2024-07-14,마포구,5493,186534
2024-07-14,서대문구,2225,58470
2024-07-14,서초구,3476,117528
2024-07-14,성동구,4015,70017
2024-07-14,성북구,2597,27531
2024-07-14,송파구,11210,117244
2024-07-14,양천구,7825,18910
2024-07-14,영등포구,9544,167974
2024-07-14,용산구,2659,0
2024-07-14,은평구,3164,72186
2024-07-14,종로구,3138,131902
2024-07-14,중구,2031,135514
2024-07-14,중랑구,3562,51126
2024-07-15,강남구,5724,406788
2024-07-15,강동구,7070,97065
2024-07-15,강북구,2148,47858
2024-07-15,강서구,19972,188535
2024-07-15,관악구,3410,152042
2024-07-15,광진구,8006,60703
2024-07-15,구로구,7117,128630
2024-07-15,금천구,3396,101816
2024-07-15,노원구,10323,164402
2024-07-15,도봉구,3697,93079
2024-07-15,동대문구,5166,102726
2024-07-15,동작구,2852,90965
2024-07-15,마포구,7020,266714
2024-07-15,서대문구,2900,94704
2024-07-15,서초구,5189,149435
2024-07-15,성동구,6308,125035
2024-07-15,성북구,3431,48686
2024-07-15,송파구,15436,198303
2024-07-15,양천구,9746,35908
2024-07-15,영등포구,14516,320254
2024-07-15,용산구,2799,0
2024-07-15,은평구,3894,125218
2024-07-15,종로구,5794,236974
2024-07-15,중구,4103,268417
2024-07-15,중랑구,4585,90890
2024-07-16,강남구,3126,417808
2024-07-16,강동구,4057,96432
2024-07-16,강북구,1148,47223
2024-07-16,강서구,12754,189537
2024-07-16,관악구,1894,154649
2024-07-16,광진구,4378,60425
2024-07-16,구로구,4032,128804
2024-07-16,금천구,2111,102069
2024-07-16,노원구,5695,163359
2024-07-16,도봉구,1977,92538
2024-07-16,동대문구,2956,100967
2024-07-16,동작구,1575,91396
2024-07-16,마포구,3621,264809
2024-07-16,서대문구,1654,95214
2024-07-16,서초구,2764,149659
2024-07-16,성동구,3335,125124
2024-07-16,성북구,1949,48243
2024-07-16,송파구,8632,202512
2024-07-16,양천구,5467,36396
2024-07-16,영등포구,8059,333284
2024-07-16,용산구,1435,0
2024-07-16,은평구,2144,124376
2024-07-16,종로구,3330,243723
2024-07-16,중구,2422,274204
2024-07-16,중랑구,2378,90116
2024-07-17,강남구,2659,402244
2024-07-17,강동구,3525,93165
2024-07-17,강북구,446,44524
2024-07-17,강서구,4540,182138
2024-07-17,관악구,1160,151737
2024-07-17,광진구,3016,59045
2024-07-17,구로구,1951,124877
2024-07-17,금천구,1267,99581
2024-07-17,노원구,2646,157770
2024-07-17,도봉구,694,88599
2024-07-17,동대문구,1597,96328
2024-07-17,동작구,994,88564
2024-07-17,마포구,1477,255135
2024-07-17,서대문구,636,89515
2024-07-17,서초구,2202,145462
2024-07-17,성동구,1907,119941
2024-07-17,성북구,897,46552
2024-07-17,송파구,7746,202274
2024-07-17,양천구,2237,34843
2024-07-17,영등포구,3994,323793
2024-07-17,용산구,833,0
2024-07-17,은평구,698,117505
2024-07-17,종로구,1684,230281
2024-07-17,중구,1280,262942
2024-07-17,중랑구,1326,86645
2024-07-18,강남구,1171,393042
2024-07-18,강동구,1849,91856
2024-07-18,강북구,617,44370
2024-07-18,강서구,6144,178250
2024-07-18,관악구,805,145361
2024-07-18,광진구,1977,57769
2024-07-18,구로구,1638,120301
2024-07-18,금천구,901,95722
2024-07-18,노원구,2872,160034
2024-07-18,도봉구,1010,92293
2024-07-18,동대문구,1384,95443
2024-07-18,동작구,683,84739
2024-07-18,마포구,1856,251361
2024-07-18,서대문구,693,87031
2024-07-18,서초구,1028,142378
2024-07-18,성동구,1503,117508
2024-07-18,성북구,846,46736
2024-07-18,송파구,3258,193539
2024-07-18,양천구,2692,34451
2024-07-18,영등포구,3563,315257
2024-07-18,용산구,669,0
2024-07-18,은평구,1139,116045
2024-07-18,종로구,1536,219114
2024-07-18,중구,1175,258605
2024-07-18,중랑구,1339,86181
2024-07-19,강남구,5292,424450
2024-07-19,강동구,6907,101666
2024-07-19,강북구,1951,51339
2024-07-19,강서구,19994,198285
2024-07-19,관악구,3091,167774
2024-07-19,광진구,7376,67386
2024-07-19,구로구,6458,133757
2024-07-19,금천구,3017,101387
2024-07-19,노원구,9952,175350
2024-07-19,도봉구,3511,99324
2024-07-19,동대문구,4931,108436
2024-07-19,동작구,2645,97419
2024-07-19,마포구,7052,288658
2024-07-19,서대문구,2735,101727
2024-07-19,서초구,4695,165469
2024-07-19,성동구,5858,133151
2024-07-19,성북구,3137,50914
2024-07-19,송파구,14514,223162
2024-07-19,양천구,9658,37935
2024-07-19,영등포구,13850,349484
2024-07-19,용산구,2682,0
2024-07-19,은평구,3558,133185
2024-07-19,종로구,5638,256917
2024-07-19,중구,4074,283619
2024-07-19,중랑구,4336,96606
2024-07-20,강남구,2714,232686
2024-07-20,강동구,4010,63408
2024-07-20,강북구,1218,37469
2024-07-20,강서구,9680,128849
2024-07-20,관악구,2020,128245
2024-07-20,광진구,3919,51942
2024-07-20,구로구,3246,83492
2024-07-20,금천구,1155,38150
2024-07-20,노원구,5947,122255
2024-07-20,도봉구,2228,70938
2024-07-20,동대문구,2700,75427
2024-07-20,동작구,1636,70484
2024-07-20,마포구,3791,225721
2024-07-20,서대문구,1618,74927
2024-07-20,서초구,2337,128279
2024-07-20,성동구,2705,83462
2024-07-20,성북구,1886,33209
2024-07-20,송파구,8165,137338
2024-07-20,양천구,5712,23702
2024-07-20,영등포구,6548,209617
2024-07-20,용산구,1643,0
2024-07-20,은평구,2280,91660
2024-07-20,종로구,2417,176553
2024-07-20,중구,1505,164939
2024-07-20,중랑구,2521,67569
2024-07-21,강남구,2982,143757
2024-07-21,강동구,4558,45125
2024-07-21,강북구,1327,29440
2024-07-21,강서구,10663,97973
2024-07-21,관악구,2363,95035
2024-07-21,광진구,4947,39768
2024-07-21,구로구,3806,61891
2024-07-21,금천구,1243,27323
2024-07-21,노원구,6158,89717
2024-07-21,도봉구,2280,54737
2024-07-21,동대문구,2770,55686
2024-07-21,동작구,1992,48661
2024-07-21,마포구,5139,176975
2024-07-21,서대문구,1976,56432
2024-07-21,서초구,2814,108454
2024-07-21,성동구,3421,63826
2024-07-21,성북구,2051,26351
2024-07-21,송파구,9519,100865
2024-07-21,양천구,6612,16839
2024-07-21,영등포구,7994,157234
2024-07-21,용산구,2124,0
2024-07-21,은평구,2650,67508
2024-07-21,종로구,2546,122125
2024-07-21,중구,1827,127364
2024-07-21,중랑구,2733,48590
2024-07-22,강남구,3225,397928
2024-07-22,강동구,4080,92733
2024-07-22,강북구,938,44637
2024-07-22,강서구,10685,179708
2024-07-22,관악구,1661,146861
2024-07-22,광진구,4562,57865
2024-07-22,구로구,3418,123411
2024-07-22,금천구,1866,99596
2024-07-22,노원구,4747,154769
2024-07-22,도봉구,1596,86606
2024-07-22,동대문구,2572,96992
2024-07-22,동작구,1440,87004
2024-07-22,마포구,3162,257717
2024-07-22,서대문구,1462,88879
2024-07-22,서초구,2885,144929
2024-07-22,성동구,3240,120935
2024-07-22,성북구,1563,47038
2024-07-22,송파구,8937,190198
2024-07-22,양천구,4985,34497
2024-07-22,영등포구,7557,315572
2024-07-22,용산구,1311,0
2024-07-22,은평구,1604,117305
2024-07-22,종로구,2850,225724
2024-07-22,중구,2177,262300
2024-07-22,중랑구,2249,86308
2024-07-23,강남구,3875,412144
2024-07-23,강동구,4746,94583
2024-07-23,강북구,1412,45912
2024-07-23,강서구,15542,185248
2024-07-23,관악구,2369,152078
2024-07-23,광진구,4951,60328
2024-07-23,구로구,4660,129586
2024-07-23,금천구,2373,101805
2024-07-23,노원구,6605,159486
2024-07-23,도봉구,2381,90291
2024-07-23,동대문구,3376,99221
2024-07-23,동작구,2002,89563
2024-07-23,마포구,4930,266803
2024-07-23,서대문구,2083,91720
2024-07-23,서초구,3491,147294
2024-07-23,성동구,4262,124835
2024-07-23,성북구,2194,47493
2024-07-23,송파구,9832,200555
2024-07-23,양천구,6822,35555
2024-07-23,영등포구,10002,327718
2024-07-23,용산구,1828,0
2024-07-23,은평구,2708,121612
2024-07-23,종로구,3896,236972
2024-07-23,중구,2835,269428
2024-07-23,중랑구,2887,88795
2024-07-24,강남구,4022,418345
2024-07-24,강동구,4978,96357
2024-07-24,강북구,1632,47717
2024-07-24,강서구,16512,190067
2024-07-24,관악구,2583,156968
2024-07-24,광진구,6295,61293
2024-07-24,구로구,5166,132542
2024-07-24,금천구,2345,102301
2024-07-24,노원구,8335,164993
2024-07-24,도봉구,2882,93259
2024-07-24,동대문구,3909,102966
2024-07-24,동작구,2082,90824
2024-07-24,마포구,5737,274283
2024-07-24,서대문구,2281,94580
2024-07-24,서초구,3522,151655
2024-07-24,성동구,4692,129114
2024-07-24,성북구,2600,49176
2024-07-24,송파구,10440,204096
2024-07-24,양천구,7978,36308
2024-07-24,영등포구,10521,336879
2024-07-24,용산구,2212,0
2024-07-24,은평구,3135,126501
2024-07-24,종로구,4501,248091
2024-07-24,중구,3265,276901
2024-07-24,중랑구,3683,91359
2024-07-25,강남구,4218,426470
2024-07-25,강동구,5355,97684
2024-07-25,강북구,1714,47773
2024-07-25,강서구,17480,189863
2024-07-25,관악구,2790,159629
2024-07-25,광진구,6166,61747
2024-07-25,구로구,5526,129822
2024-07-25,금천구,2740,101175
2024-07-25,노원구,7511,164656
2024-07-25,도봉구,2813,93799
2024-07-25,동대문구,4006,103616
2024-07-25,동작구,2251,91764
2024-07-25,마포구,5887,276549
2024-07-25,서대문구,2412,94481
2024-07-25,서초구,3980,154742
2024-07-25,성동구,4883,128282
2024-07-25,성북구,2428,49021
2024-07-25,송파구,11117,213285
2024-07-25,양천구,7840,36262
2024-07-25,영등포구,11732,336832
2024-07-25,용산구,2264,0
2024-07-25,은평구,3315,127161
2024-07-25,종로구,4692,251633
2024-07-25,중구,3365,278161
2024-07-25,중랑구,3309,91069
2024-07-26,강남구,3678,419923
2024-07-26,강동구,4757,95573
2024-07-26,강북구,1259,47184
2024-07-26,강서구,15703,187714
2024-07-26,관악구,2723,161653
2024-07-26,광진구,5338,63487
2024-07-26,구로구,4939,128865
2024-07-26,금천구,2529,98412
2024-07-26,노원구,6900,163066
2024-07-26,도봉구,2279,92461
2024-07-26,동대문구,3539,103071
2024-07-26,동작구,2085,93234
2024-07-26,마포구,4998,279631
2024-07-26,서대문구,2104,94082
2024-07-26,서초구,3491,163743
2024-07-26,성동구,4266,128600
2024-07-26,성북구,2209,48483
2024-07-26,송파구,10015,199561
2024-07-26,양천구,7353,36074
2024-07-26,영등포구,10757,338020
2024-07-26,용산구,2019,0
2024-07-26,은평구,2682,126120
2024-07-26,종로구,4200,246371
2024-07-26,중구,3107,272066
2024-07-26,중랑구,3150,91446
2024-07-27,강남구,2368,225004
2024-07-27,강동구,3792,61077
2024-07-27,강북구,1102,36105
2024-07-27,강서구,9845,122602
2024-07-27,관악구,2075,120054
2024-07-27,광진구,3880,51162
2024-07-27,구로구,2982,81064
2024-07-27,금천구,1154,36665
2024-07-27,노원구,4789,118411
2024-07-27,도봉구,1802,68198
2024-07-27,동대문구,2261,71584
2024-07-27,동작구,1487,67209
2024-07-27,마포구,3193,210806
2024-07-27,서대문구,1469,71232
2024-07-27,서초구,2290,125411
2024-07-27,성동구,2490,77923
2024-07-27,성북구,1510,31557
2024-07-27,송파구,7439,127526
2024-07-27,양천구,5004,23186
2024-07-27,영등포구,5865,202253
2024-07-27,용산구,1279,0
2024-07-27,은평구,2057,90603
2024-07-27,종로구,1965,171649
2024-07-27,중구,1290,152884
2024-07-27,중랑구,2191,64741
2024-07-28,강남구,3021,137518
2024-07-28,강동구,4713,45748
2024-07-28,강북구,1505,29731
2024-07-28,강서구,10658,95778
2024-07-28,관악구,2646,90151
2024-07-28,광진구,5279,39594
2024-07-28,구로구,3769,60590
2024-07-28,금천구,1285,27042
2024-07-28,노원구,7088,90940
2024-07-28,도봉구,2538,56124
2024-07-28,동대문구,3090,55137
2024-07-28,동작구,2141,48367
2024-07-28,마포구,5157,169514
2024-07-28,서대문구,1982,53484
2024-07-28,서초구,2868,109885
2024-07-28,성동구,3512,63475
2024-07-28,성북구,2233,26079
2024-07-28,송파구,9503,100453
2024-07-28,양천구,6641,17219
2024-07-28,영등포구,8593,157797
2024-07-28,용산구,2256,0
2024-07-28,은평구,2722,68984
2024-07-28,종로구,2839,124367
2024-07-28,중구,1853,124929
2024-07-28,중랑구,3066,48502
2024-07-29,강남구,4615,383982
2024-07-29,강동구,5791,89323
2024-07-29,강북구,1600,44446
2024-07-29,강서구,17719,175221
2024-07-29,관악구,3058,144722
2024-07-29,광진구,6620,57560
2024-07-29,구로구,5651,120957
2024-07-29,금천구,2885,94984
2024-07-29,노원구,7849,151109
2024-07-29,도봉구,2706,86367
2024-07-29,동대문구,4247,94402
2024-07-29,동작구,2422,84816
2024-07-29,마포구,6242,252640
2024-07-29,서대문구,2522,84723
2024-07-29,서초구,4171,145222
2024-07-29,성동구,5167,116814
2024-07-29,성북구,2810,44383
2024-07-29,송파구,12021,180899
2024-07-29,양천구,8454,32947
2024-07-29,영등포구,12540,309755
2024-07-29,용산구,2500,0
2024-07-29,은평구,3246,116541
2024-07-29,종로구,4929,229077
2024-07-29,중구,3708,255475
2024-07-29,중랑구,3787,84751
2024-07-30,강남구,4844,397041
2024-07-30,강동구,6240,91629
2024-07-30,강북구,1950,45608
2024-07-30,강서구,19198,179915
2024-07-30,관악구,3309,151202
2024-07-30,광진구,6746,59217
2024-07-30,구로구,6002,123167
2024-07-30,금천구,3070,95881
2024-07-30,노원구,9144,156802
2024-07-30,도봉구,3150,89979
2024-07-30,동대문구,4663,97478
2024-07-30,동작구,2691,87183
2024-07-30,마포구,6758,265348
2024-07-30,서대문구,2767,90132
2024-07-30,서초구,4605,148909
2024-07-30,성동구,5819,121581
2024-07-30,성북구,3190,45954
2024-07-30,송파구,13091,201008
2024-07-30,양천구,8908,34106
2024-07-30,영등포구,13103,320713
2024-07-30,용산구,2643,0
2024-07-30,은평구,3423,120781
2024-07-30,종로구,5391,244236
2024-07-30,중구,3944,267457
2024-07-30,중랑구,4124,87396
2024-07-31,강남구,5072,398955
2024-07-31,강동구,6340,92341
2024-07-31,강북구,1929,46134
2024-07-31,강서구,18797,181910
2024-07-31,관악구,3320,154295
2024-07-31,광진구,6835,61325
2024-07-31,구로구,6076,123433
2024-07-31,금천구,2971,93381
2024-07-31,노원구,9183,158636
2024-07-31,도봉구,3231,89605
2024-07-31,동대문구,4464,97590
2024-07-31,동작구,2599,87633
2024-07-31,마포구,7428,280506
2024-07-31,서대문구,2651,89904
2024-07-31,서초구,4393,151996
2024-07-31,성동구,5505,120449
2024-07-31,성북구,2994,46541
2024-07-31,송파구,13272,201788
2024-07-31,양천구,8950,33887
2024-07-31,영등포구,12817,324990
2024-07-31,용산구,2670,0
2024-07-31,은평구,3381,121228
2024-07-31,종로구,5263,237711
2024-07-31,중구,3869,265366
2024-07-31,중랑구,4087,87635
2024-08-01,강남구,4726,393672
2024-08-01,강동구,6152,89024
2024-08-01,강북구,1954,44423
2024-08-01,강서구,18321,178371
2024-08-01,관악구,3174,151347
2024-08-01,광진구,6677,59006
2024-08-01,구로구,5618,118428
2024-08-01,금천구,2871,90665
2024-08-01,노원구,8678,152287
2024-08-01,도봉구,3205,86550
2024-08-01,동대문구,4523,94580
2024-08-01,동작구,2587,85464
2024-08-01,마포구,6392,262583
2024-08-01,서대문구,2640,88704
2024-08-01,서초구,4379,147563
2024-08-01,성동구,5531,118870
2024-08-01,성북구,2944,45331
2024-08-01,송파구,13148,197750
2024-08-01,양천구,8582,33088
2024-08-01,영등포구,12753,318175
2024-08-01,용산구,2488,0
2024-08-01,은평구,3523,117195
2024-08-01,종로구,4955,226420
2024-08-01,중구,3848,258023
2024-08-01,중랑구,4076,84720
2024-08-02,강남구,4484,390633
2024-08-02,강동구,6087,88593
2024-08-02,강북구,1813,44183
2024-08-02,강서구,17798,176077
2024-08-02,관악구,3177,152162
2024-08-02,광진구,6737,60997
2024-08-02,구로구,5598,116867
2024-08-02,금천구,2734,87238
2024-08-02,노원구,8643,151669
2024-08-02,도봉구,3022,86844
2024-08-02,동대문구,4190,95177
2024-08-02,동작구,2345,87193
2024-08-02,마포구,6316,268652
2024-08-02,서대문구,2522,89188
2024-08-02,서초구,4195,154885
2024-08-02,성동구,5099,118673
2024-08-02,성북구,2708,44296
2024-08-02,송파구,12772,190394
2024-08-02,양천구,8278,32769
2024-08-02,영등포구,12411,316291
2024-08-02,용산구,2392,0
2024-08-02,은평구,3214,116556
2024-08-02,종로구,4654,224184
2024-08-02,중구,3514,255369
2024-08-02,중랑구,3755,85515
2024-08-03,강남구,3043,214840
2024-08-03,강동구,4936,56894
2024-08-03,강북구,1602,34504
2024-08-03,강서구,11787,117307
2024-08-03,관악구,2794,113629
2024-08-03,광진구,5170,48782
2024-08-03,구로구,4087,76407
2024-08-03,금천구,1416,33600
2024-08-03,노원구,7143,111946
2024-08-03,도봉구,2591,65859
2024-08-03,동대문구,3165,67539
2024-08-03,동작구,2126,63324
2024-08-03,마포구,5478,225990
2024-08-03,서대문구,2015,68344
2024-08-03,서초구,2947,123817
2024-08-03,성동구,3314,74819
2024-08-03,성북구,2269,29614
2024-08-03,송파구,9788,133804
2024-08-03,양천구,6794,21131
2024-08-03,영등포구,8789,194680
2024-08-03,용산구,2078,0
2024-08-03,은평구,2905,86632
2024-08-03,종로구,2732,158329
2024-08-03,중구,1863,147278
2024-08-03,중랑구,3207,62299
2024-08-04,강남구,2562,131123
2024-08-04,강동구,4209,42353
2024-08-04,강북구,1360,27745
2024-08-04,강서구,9830,90152
2024-08-04,관악구,2476,83563
2024-08-04,광진구,4718,37305
2024-08-04,구로구,3453,55949
2024-08-04,금천구,1265,24123
2024-08-04,노원구,6289,84341
2024-08-04,도봉구,2237,51973
2024-08-04,동대문구,2629,51236
2024-08-04,동작구,1723,45425
2024-08-04,마포구,4215,157138
2024-08-04,서대문구,1746,50683
2024-08-04,서초구,2609,107689
2024-08-04,성동구,2791,55275
2024-08-04,성북구,1914,24103
2024-08-04,송파구,7997,99600
2024-08-04,양천구,6025,15171
2024-08-04,영등포구,7764,144928
2024-08-04,용산구,1775,0
2024-08-04,은평구,2384,65064
2024-08-04,종로구,2364,111318
2024-08-04,중구,1525,112728
2024-08-04,중랑구,2785,45743
2024-08-05,강남구,3756,378007
2024-08-05,강동구,5022,88300
2024-08-05,강북구,1266,42314
2024-08-05,강서구,17423,173856
2024-08-05,관악구,2665,141690
2024-08-05,광진구,5314,55954
2024-08-05,구로구,5331,116800
2024-08-05,금천구,2829,93506
2024-08-05,노원구,6673,147933
2024-08-05,도봉구,2457,83032
2024-08-05,동대문구,3221,91817
2024-08-05,동작구,2042,82699
2024-08-05,마포구,5628,243663
2024-08-05,서대문구,2175,84548
2024-08-05,서초구,3569,141928
2024-08-05,성동구,4236,111495
2024-08-05,성북구,2096,42411
2024-08-05,송파구,10771,178259
2024-08-05,양천구,8354,32649
2024-08-05,영등포구,11974,298498
2024-08-05,용산구,1973,0
2024-08-05,은평구,3074,114132
2024-08-05,종로구,3959,204987
2024-08-05,중구,2907,247140
2024-08-05,중랑구,3009,82235
2024-08-06,강남구,3995,393639
2024-08-06,강동구,5196,90331
2024-08-06,강북구,1743,44282
2024-08-06,강서구,19026,178376
2024-08-06,관악구,2907,146602
2024-08-06,광진구,5852,57970
2024-08-06,구로구,5740,120895
2024-08-06,금천구,2847,95681
2024-08-06,노원구,8417,152246
2024-08-06,도봉구,3029,86196
2024-08-06,동대문구,4000,93848
2024-08-06,동작구,2372,85380
2024-08-06,마포구,6027,251502
2024-08-06,서대문구,2367,88061
2024-08-06,서초구,4019,143689
2024-08-06,성동구,4615,116316
2024-08-06,성북구,2646,44290
2024-08-06,송파구,10914,195363
2024-08-06,양천구,8721,33541
2024-08-06,영등포구,12685,313789
2024-08-06,용산구,2470,0
2024-08-06,은평구,3286,117485
2024-08-06,종로구,4791,216541
2024-08-06,중구,3447,256419
2024-08-06,중랑구,3829,84570
2024-08-07,강남구,4282,393929
2024-08-07,강동구,6054,91367
2024-08-07,강북구,1788,44124
2024-08-07,강서구,18816,179641
2024-08-07,관악구,3255,149136
2024-08-07,광진구,6451,58852
2024-08-07,구로구,5749,122268
2024-08-07,금천구,2928,96023
2024-08-07,노원구,8475,155535
2024-08-07,도봉구,2990,87209
2024-08-07,동대문구,4320,95898
2024-08-07,동작구,2541,86403
2024-08-07,마포구,6089,253916
2024-08-07,서대문구,2340,88844
2024-08-07,서초구,4234,145097
2024-08-07,성동구,5004,118275
2024-08-07,성북구,2816,44764
2024-08-07,송파구,12318,197020
2024-08-07,양천구,8675,33835
2024-08-07,영등포구,12379,318081
2024-08-07,용산구,2567,0
2024-08-07,은평구,3375,117860
2024-08-07,종로구,4691,221299
2024-08-07,중구,3378,260241
2024-08-07,중랑구,3861,85787
2024-08-08,강남구,3604,403851
2024-08-08,강동구,5188,91768
2024-08-08,강북구,1797,44731
2024-08-08,강서구,19065,180551
2024-08-08,관악구,3081,151613
2024-08-08,광진구,6164,59295
2024-08-08,구로구,5722,123382
2024-08-08,금천구,2938,96215
2024-08-08,노원구,8470,155601
2024-08-08,도봉구,3021,88188
2024-08-08,동대문구,4352,97661
2024-08-08,동작구,2450,86981
2024-08-08,마포구,6440,260487
2024-08-08,서대문구,2505,88878
2024-08-08,서초구,3843,146890
2024-08-08,성동구,4679,119895
2024-08-08,성북구,2885,45445
2024-08-08,송파구,9613,198828
2024-08-08,양천구,8809,34250
2024-08-08,영등포구,12751,320578
2024-08-08,용산구,2514,0
2024-08-08,은평구,3423,119388
2024-08-08,종로구,4814,231482
2024-08-08,중구,3583,261239
2024-08-08,중랑구,3998,86374
2024-08-09,강남구,4482,407829
2024-08-09,강동구,5834,93556
2024-08-09,강북구,1916,45982
2024-08-09,강서구,19054,183368
2024-08-09,관악구,2878,156882
2024-08-09,광진구,5223,62109
2024-08-09,구로구,5617,124061
2024-08-09,금천구,2794,95004
2024-08-09,노원구,8902,159294
2024-08-09,도봉구,3268,90226
2024-08-09,동대문구,3950,98711
2024-08-09,동작구,2379,90639
2024-08-09,마포구,6488,269072
2024-08-09,서대문구,2534,91412
2024-08-09,서초구,4176,156898
2024-08-09,성동구,4320,121993
2024-08-09,성북구,2619,45785
2024-08-09,송파구,11147,198568
2024-08-09,양천구,9081,34764
2024-08-09,영등포구,12648,326519
2024-08-09,용산구,2604,0
2024-08-09,은평구,3525,121504
2024-08-09,종로구,4994,234265
2024-08-09,중구,3449,263617
2024-08-09,중랑구,3962,88908
2024-08-10,강남구,3419,230345
2024-08-10,강동구,5344,62613
2024-08-10,강북구,1806,37385
2024-08-10,강서구,12863,124166
2024-08-10,관악구,2980,120301
2024-08-10,광진구,5454,51030
2024-08-10,구로구,4385,80545
2024-08-10,금천구,1626,35725
2024-08-10,노원구,7700,118555
2024-08-10,도봉구,2828,68302
2024-08-10,동대문구,3447,71284
2024-08-10,동작구,2313,66809
2024-08-10,마포구,5507,215147
2024-08-10,서대문구,2096,69664
2024-08-10,서초구,3200,125280
2024-08-10,성동구,4015,77053
2024-08-10,성북구,2390,31759
2024-08-10,송파구,10473,132744
2024-08-10,양천구,7826,22780
2024-08-10,영등포구,9482,203590
2024-08-10,용산구,2224,0
2024-08-10,은평구,3046,90108
2024-08-10,종로구,3121,167543
2024-08-10,중구,2124,156304
2024-08-10,중랑구,3586,65246
2024-08-11,강남구,3010,140044
2024-08-11,강동구,4705,43891
2024-08-11,강북구,1605,28055
2024-08-11,강서구,10483,94039
2024-08-11,관악구,2685,87505
2024-08-11,광진구,5134,37738
2024-08-11,구로구,3802,58501
2024-08-11,금천구,1334,25482
2024-08-11,노원구,6859,86822
2024-08-11,도봉구,2526,53287
2024-08-11,동대문구,3129,54770
2024-08-11,동작구,2020,46403
2024-08-11,마포구,4874,167375
2024-08-11,서대문구,1884,50407
2024-08-11,서초구,2928,108010
2024-08-11,성동구,3428,59505
2024-08-11,성북구,2120,25367
2024-08-11,송파구,9228,96355
2024-08-11,양천구,6504,16155
2024-08-11,영등포구,8298,151349
2024-08-11,용산구,2193,0
2024-08-11,은평구,2586,65454
2024-08-11,종로구,2570,125363
2024-08-11,중구,1621,122351
2024-08-11,중랑구,3051,46306
2024-08-12,강남구,4652,390855
2024-08-12,강동구,5963,89542
2024-08-12,강북구,1853,44346
2024-08-12,강서구,19128,179961
2024-08-12,관악구,3144,146134
2024-08-12,광진구,6425,57666
2024-08-12,구로구,5791,122048
2024-08-12,금천구,2973,96797
2024-08-12,노원구,8543,153340
2024-08-12,도봉구,3046,87094
2024-08-12,동대문구,4426,96121
2024-08-12,동작구,2597,85296
2024-08-12,마포구,6409,253739
2024-08-12,서대문구,2418,86145
2024-08-12,서초구,4189,146083
2024-08-12,성동구,5143,117649
2024-08-12,성북구,2858,44911
2024-08-12,송파구,12238,188533
2024-08-12,양천구,8709,33917
2024-08-12,영등포구,13125,313567
2024-08-12,용산구,2509,0
2024-08-12,은평구,3290,118106
2024-08-12,종로구,4814,230356
2024-08-12,중구,3521,263219
2024-08-12,중랑구,3804,85127
2024-08-13,강남구,3481,405542
2024-08-13,강동구,5957,90103
2024-08-13,강북구,1652,44826
2024-08-13,강서구,18970,183415
2024-08-13,관악구,2504,150999
2024-08-13,광진구,6483,58944
2024-08-13,구로구,5510,123861
2024-08-13,금천구,2507,97701
2024-08-13,노원구,8345,155383
2024-08-13,도봉구,2934,88541
2024-08-13,동대문구,4264,98795
2024-08-13,동작구,2012,86874
2024-08-13,마포구,6086,261333
2024-08-13,서대문구,2385,90420
2024-08-13,서초구,3069,151249
2024-08-13,성동구,5225,122114
2024-08-13,성북구,2507,45759
2024-08-13,송파구,11175,203319
2024-08-13,양천구,8936,34835
2024-08-13,영등포구,11555,323805
2024-08-13,용산구,1890,0
2024-08-13,은평구,3419,121063
2024-08-13,종로구,4402,239118
2024-08-13,중구,3308,272760
2024-08-13,중랑구,3906,86392
2024-08-14,강남구,4645,408405
2024-08-14,강동구,5990,92260
2024-08-14,강북구,1713,46156
2024-08-14,강서구,14637,185548
2024-08-14,관악구,2843,158451
2024-08-14,광진구,6630,61718
2024-08-14,구로구,5007,126932
2024-08-14,금천구,2446,96551
2024-08-14,노원구,8617,159286
2024-08-14,도봉구,3053,90693
2024-08-14,동대문구,4207,100453
2024-08-14,동작구,2304,89429
2024-08-14,마포구,5826,269535
2024-08-14,서대문구,2226,92395
2024-08-14,서초구,4172,157489
2024-08-14,성동구,5274,124329
2024-08-14,성북구,2617,47078
2024-08-14,송파구,12183,208854
2024-08-14,양천구,7455,35106
2024-08-14,영등포구,12057,331240
2024-08-14,용산구,2512,0
2024-08-14,은평구,2907,121860
2024-08-14,종로구,4485,247892
2024-08-14,중구,3451,276034
2024-08-14,중랑구,3885,88195
2024-08-15,강남구,2951,155439
2024-08-15,강동구,4522,48583
2024-08-15,강북구,1615,30624
2024-08-15,강서구,10931,103636
2024-08-15,관악구,2736,94471
2024-08-15,광진구,5154,42221
2024-08-15,구로구,3493,65104
2024-08-15,금천구,1456,29937
2024-08-15,노원구,7207,95353
2024-08-15,도봉구,2603,56739
2024-08-15,동대문구,3458,59366
2024-08-15,동작구,2081,52965
2024-08-15,마포구,4561,179846
2024-08-15,서대문구,1700,61791
2024-08-15,서초구,2889,96879
2024-08-15,성동구,3750,67297
2024-08-15,성북구,2379,26096
2024-08-15,송파구,9193,110661
2024-08-15,양천구,6365,17748
2024-08-15,영등포구,8774,160501
2024-08-15,용산구,2196,0
2024-08-15,은평구,2591,72535
2024-08-15,종로구,3183,154547
2024-08-15,중구,2132,147642
2024-08-15,중랑구,3321,52683
2024-08-16,강남구,4235,350442
2024-08-16,강동구,5860,83087
2024-08-16,강북구,1884,43774
2024-08-16,강서구,16980,167771
2024-08-16,관악구,3022,141877
2024-08-16,광진구,6782,58971
2024-08-16,구로구,5577,112131
2024-08-16,금천구,2446,76165
2024-08-16,노원구,8838,149980
2024-08-16,도봉구,3185,85806
2024-08-16,동대문구,4286,93367
2024-08-16,동작구,2552,82937
2024-08-16,마포구,6623,253755
2024-08-16,서대문구,2535,86414
2024-08-16,서초구,4086,145204
2024-08-16,성동구,5215,111588
2024-08-16,성북구,2969,43801
2024-08-16,송파구,12101,186924
2024-08-16,양천구,9131,31632
2024-08-16,영등포구,12797,294344
2024-08-16,용산구,2514,0
2024-08-16,은평구,3366,113470
2024-08-16,종로구,4807,220330
2024-08-16,중구,3455,243020
2024-08-16,중랑구,4031,82957
2024-08-17,강남구,3291,210840
2024-08-17,강동구,4894,57489
2024-08-17,강북구,1433,34709
2024-08-17,강서구,11740,120852
2024-08-17,관악구,2493,113166
2024-08-17,광진구,5566,48619
2024-08-17,구로구,4014,76604
2024-08-17,금천구,1314,33469
2024-08-17,노원구,7399,113069
2024-08-17,도봉구,2767,66075
2024-08-17,동대문구,3267,69036
2024-08-17,동작구,2016,63491
2024-08-17,마포구,4943,207008
2024-08-17,서대문구,1947,68016
2024-08-17,서초구,3141,119750
2024-08-17,성동구,3704,73627
2024-08-17,성북구,2061,30023
2024-08-17,송파구,10055,128491
2024-08-17,양천구,7402,22312
2024-08-17,영등포구,8517,190692
2024-08-17,용산구,2095,0
2024-08-17,은평구,2609,84949
2024-08-17,종로구,2799,160668
2024-08-17,중구,1924,152685
2024-08-17,중랑구,3470,61992
2024-08-18,강남구,2659,135129
2024-08-18,강동구,3928,42772
2024-08-18,강북구,1409,29548
2024-08-18,강서구,10241,93968
2024-08-18,관악구,2736,86234
2024-08-18,광진구,4481,37387
2024-08-18,구로구,3606,57930
2024-08-18,금천구,1406,24655
2024-08-18,노원구,6336,86473
2024-08-18,도봉구,2246,53987
2024-08-18,동대문구,2736,53401
2024-08-18,동작구,1977,46546
2024-08-18,마포구,4643,158771
2024-08-18,서대문구,1957,51159
2024-08-18,서초구,2725,108626
2024-08-18,성동구,3162,56438
2024-08-18,성북구,1927,25589
2024-08-18,송파구,8095,100468
2024-08-18,양천구,6277,16225
2024-08-18,영등포구,8318,150052
2024-08-18,용산구,2064,0
2024-08-18,은평구,2604,66060
2024-08-18,종로구,2525,112732
2024-08-18,중구,1774,113755
2024-08-18,중랑구,2783,47241
2024-08-19,강남구,4572,387503
2024-08-19,강동구,5948,89333
2024-08-19,강북구,1820,44648
2024-08-19,강서구,19275,180785
2024-08-19,관악구,3246,145645
2024-08-19,광진구,6818,56454
2024-08-19,구로구,5913,122059
2024-08-19,금천구,2982,97157
2024-08-19,노원구,8850,153182
2024-08-19,도봉구,2911,87184
2024-08-19,동대문구,4500,97068
2024-08-19,동작구,2587,86009
2024-08-19,마포구,5231,247378
2024-08-19,서대문구,2072,86716
2024-08-19,서초구,4380,139287
2024-08-19,성동구,5212,114469
2024-08-19,성북구,2884,45596
2024-08-19,송파구,12112,189086
2024-08-19,양천구,9025,33977
2024-08-19,영등포구,13364,307734
2024-08-19,용산구,2565,0
2024-08-19,은평구,2808,119439
2024-08-19,종로구,4786,224619
2024-08-19,중구,3597,250082
2024-08-19,중랑구,4073,85395
2024-08-20,강남구,4515,399933
2024-08-20,강동구,6266,91286
2024-08-20,강북구,1887,46312
2024-08-20,강서구,19757,184972
2024-08-20,관악구,3149,150740
2024-08-20,광진구,6943,58342
2024-08-20,구로구,5915,124038
2024-08-20,금천구,2965,98066
2024-08-20,노원구,8856,157959
2024-08-20,도봉구,3231,89830
2024-08-20,동대문구,4457,98501
2024-08-20,동작구,2487,87983
2024-08-20,마포구,5995,255201
2024-08-20,서대문구,2508,89189
2024-08-20,서초구,4290,147266
2024-08-20,성동구,5167,118705
2024-08-20,성북구,2926,46842
2024-08-20,송파구,12553,206142
2024-08-20,양천구,9147,34888
2024-08-20,영등포구,13251,320392
2024-08-20,용산구,2519,0
2024-08-20,은평구,3338,121112
2024-08-20,종로구,5109,232459
2024-08-20,중구,3761,264130
2024-08-20,중랑구,4058,87262
2024-08-21,강남구,2172,387917
2024-08-21,강동구,3436,89684
2024-08-21,강북구,971,44460
2024-08-21,강서구,8753,179963
2024-08-21,관악구,1821,148135
2024-08-21,광진구,3260,57054
2024-08-21,구로구,3181,121590
2024-08-21,금천구,1472,96182
2024-08-21,노원구,4133,153662
2024-08-21,도봉구,1518,86411
2024-08-21,동대문구,1895,98441
2024-08-21,동작구,1453,86237
2024-08-21,마포구,3510,246553
2024-08-21,서대문구,1405,85798
2024-08-21,서초구,1869,142160
2024-08-21,성동구,1970,116259
2024-08-21,성북구,1551,46693
2024-08-21,송파구,6770,196111
2024-08-21,양천구,5167,33903
2024-08-21,영등포구,6864,312611
2024-08-21,용산구,1323,0
2024-08-21,은평구,1924,117198
2024-08-21,종로구,2392,226228
2024-08-21,중구,1792,259669
2024-08-21,중랑구,1663,84919
2024-08-22,강남구,3815,398725
2024-08-22,강동구,5486,90917
2024-08-22,강북구,1594,45914
2024-08-22,강서구,17713,184052
2024-08-22,관악구,2610,152262
2024-08-22,광진구,5798,59838
2024-08-22,구로구,5172,123867
2024-08-22,금천구,2645,97542
2024-08-22,노원구,7294,157089
2024-08-22,도봉구,2737,89776
2024-08-22,동대문구,3625,100559
2024-08-22,동작구,2250,88179
2024-08-22,마포구,5309,259648
2024-08-22,서대문구,2240,89794
2024-08-22,서초구,3438,146785
2024-08-22,성동구,4386,121789
2024-08-22,성북구,2486,47226
2024-08-22,송파구,10491,205190
2024-08-22,양천구,8170,34811
2024-08-22,영등포구,11547,320915
2024-08-22,용산구,2054,0
2024-08-22,은평구,3132,121054
2024-08-22,종로구,4305,236451
2024-08-22,중구,3056,271144
2024-08-22,중랑구,3050,87179
2024-08-23,강남구,4799,413506
2024-08-23,강동구,6641,94867
2024-08-23,강북구,2062,48992
2024-08-23,강서구,19473,194283
2024-08-23,관악구,3098,162366
2024-08-23,광진구,7077,63982
2024-08-23,구로구,6414,128609
2024-08-23,금천구,2868,98539
2024-08-23,노원구,8911,166247
2024-08-23,도봉구,3206,95101
2024-08-23,동대문구,4533,105864
2024-08-23,동작구,2598,94821
2024-08-23,마포구,6625,279598
2024-08-23,서대문구,2581,95932
2024-08-23,서초구,4454,163596
2024-08-23,성동구,5372,127084
2024-08-23,성북구,3063,49636
2024-08-23,송파구,13191,220138
2024-08-23,양천구,9767,36443
2024-08-23,영등포구,13485,337467
2024-08-23,용산구,2748,0
2024-08-23,은평구,3434,128198
2024-08-23,종로구,5289,249836
2024-08-23,중구,3700,280262
2024-08-23,중랑구,4163,92861
2024-08-24,강남구,3406,240823
2024-08-24,강동구,4316,63629
2024-08-24,강북구,1587,37795
2024-08-24,강서구,12386,128550
2024-08-24,관악구,3043,127388
2024-08-24,광진구,4555,53323
2024-08-24,구로구,4680,85386
2024-08-24,금천구,1603,38148
2024-08-24,노원구,7443,123205
2024-08-24,도봉구,2765,72643
2024-08-24,동대문구,3129,75734
2024-08-24,동작구,2240,70418
2024-08-24,마포구,5126,229343
2024-08-24,서대문구,2056,74897
2024-08-24,서초구,3235,134028
2024-08-24,성동구,3100,83987
2024-08-24,성북구,2400,33445
2024-08-24,송파구,9070,148110
2024-08-24,양천구,6581,23516
2024-08-24,영등포구,8515,217892
2024-08-24,용산구,2051,0
2024-08-24,은평구,3441,94919
2024-08-24,종로구,2950,175342
2024-08-24,중구,1766,167522
2024-08-24,중랑구,2933,67325
2024-08-25,강남구,2997,148336
2024-08-25,강동구,4341,45899
2024-08-25,강북구,1575,28533
2024-08-25,강서구,11450,98940
2024-08-25,관악구,2439,92252
2024-08-25,광진구,4393,39602
2024-08-25,구로구,4145,62296
2024-08-25,금천구,1356,26209
2024-08-25,노원구,6882,91714
2024-08-25,도봉구,2607,56727
2024-08-25,동대문구,3050,57088
2024-08-25,동작구,1985,49166
2024-08-25,마포구,5317,173028
2024-08-25,서대문구,2098,55002
2024-08-25,서초구,3007,111464
2024-08-25,성동구,3444,64266
2024-08-25,성북구,2339,26457
2024-08-25,송파구,8747,111463
2024-08-25,양천구,7385,16860
2024-08-25,영등포구,8724,161710
2024-08-25,용산구,2190,0
2024-08-25,은평구,2849,69145
2024-08-25,종로구,2796,120503
2024-08-25,중구,1836,126094
2024-08-25,중랑구,2729,48800
2024-08-26,강남구,4120,392600
2024-08-26,강동구,5423,91936
2024-08-26,강북구,1952,46449
2024-08-26,강서구,20488,183776
2024-08-26,관악구,2887,147913
2024-08-26,광진구,6317,58527
2024-08-26,구로구,5387,125459
2024-08-26,금천구,2771,99325
2024-08-26,노원구,9071,159072
2024-08-26,도봉구,3292,90167
2024-08-26,동대문구,4547,100501
2024-08-26,동작구,2510,88436
2024-08-26,마포구,6524,254109
2024-08-26,서대문구,2617,88947
2024-08-26,서초구,4025,145163
2024-08-26,성동구,5230,119245
2024-08-26,성북구,2990,46790
2024-08-26,송파구,10647,193589
2024-08-26,양천구,8516,34640
2024-08-26,영등포구,12444,317127
2024-08-26,용산구,2629,0
2024-08-26,은평구,3528,122744
2024-08-26,종로구,5067,229344
2024-08-26,중구,3772,266291
2024-08-26,중랑구,3866,87947
2024-08-27,강남구,4885,409299
2024-08-27,강동구,6323,93205
2024-08-27,강북구,1970,47859
2024-08-27,강서구,18000,187693
2024-08-27,관악구,3289,153915
2024-08-27,광진구,6932,59899
2024-08-27,구로구,6172,128701
2024-08-27,금천구,2838,101039
2024-08-27,노원구,9228,161540
2024-08-27,도봉구,3400,92847
2024-08-27,동대문구,4696,103416
2024-08-27,동작구,2874,90859
2024-08-27,마포구,6552,264628
2024-08-27,서대문구,2669,92538
2024-08-27,서초구,4627,148637
2024-08-27,성동구,5373,124399
2024-08-27,성북구,3079,48343
2024-08-27,송파구,12728,206723
2024-08-27,양천구,9368,35684
2024-08-27,영등포구,13389,327634
2024-08-27,용산구,2819,0
2024-08-27,은평구,3465,124435
2024-08-27,종로구,4781,240108
2024-08-27,중구,3646,274943
2024-08-27,중랑구,4201,89607
2024-08-28,강남구,5194,409630
2024-08-28,강동구,6967,94421
2024-08-28,강북구,2111,48533
2024-08-28,강서구,21270,189034
2024-08-28,관악구,3459,157828
2024-08-28,광진구,7601,61383
2024-08-28,구로구,6746,130380
2024-08-28,금천구,3318,100292
2024-08-28,노원구,10073,165384
2024-08-28,도봉구,3555,94134
2024-08-28,동대문구,5226,105425
2024-08-28,동작구,3114,92034
2024-08-28,마포구,7368,267094
2024-08-28,서대문구,3006,94114
2024-08-28,서초구,4913,151060
2024-08-28,성동구,6193,125991
2024-08-28,성북구,3501,49092
2024-08-28,송파구,14270,208649
2024-08-28,양천구,10329,36229
2024-08-28,영등포구,14935,336208
2024-08-28,용산구,3026,0
2024-08-28,은평구,3949,126905
2024-08-28,종로구,5316,248239
2024-08-28,중구,4133,280222
2024-08-28,중랑구,4587,90635
2024-08-29,강남구,5251,405257
2024-08-29,강동구,6936,93543
2024-08-29,강북구,2200,48133
2024-08-29,강서구,21374,190140
2024-08-29,관악구,3565,157509
2024-08-29,광진구,7589,61260
2024-08-29,구로구,6908,129594
2024-08-29,금천구,3321,100281
2024-08-29,노원구,9812,162945
2024-08-29,도봉구,3693,93787
2024-08-29,동대문구,5168,105358
2024-08-29,동작구,2970,91981
2024-08-29,마포구,7426,270816
2024-08-29,서대문구,3088,95050
2024-08-29,서초구,5101,152015
2024-08-29,성동구,6242,127130
2024-08-29,성북구,3476,49029
2024-08-29,송파구,14290,207932
2024-08-29,양천구,10237,35781
2024-08-29,영등포구,14743,330881
2024-08-29,용산구,3137,0
2024-08-29,은평구,3995,125866
2024-08-29,종로구,5362,245170
2024-08-29,중구,4159,281349
2024-08-29,중랑구,4419,90087
2024-08-30,강남구,5263,409228
2024-08-30,강동구,6995,95930
2024-08-30,강북구,2128,49485
2024-08-30,강서구,21372,194326
2024-08-30,관악구,3443,164668
2024-08-30,광진구,7553,65152
2024-08-30,구로구,6657,131776
2024-08-30,금천구,3228,99595
2024-08-30,노원구,10247,161285
2024-08-30,도봉구,3697,96537
2024-08-30,동대문구,5167,108068
2024-08-30,동작구,3014,96664
2024-08-30,마포구,7652,284708
2024-08-30,서대문구,2945,102223
2024-08-30,서초구,5076,163996
2024-08-30,성동구,6114,131061
2024-08-30,성북구,3380,49726
2024-08-30,송파구,14563,204309
2024-08-30,양천구,10563,37069
2024-08-30,영등포구,14635,343525
2024-08-30,용산구,3314,0
2024-08-30,은평구,4014,128797
2024-08-30,종로구,5400,251368
2024-08-30,중구,4101,291908
2024-08-30,중랑구,4634,93654
2024-08-31,강남구,4113,235863
2024-08-31,강동구,5814,64997
2024-08-31,강북구,1907,38938
2024-08-31,강서구,14480,132591
2024-08-31,관악구,3365,130889
2024-08-31,광진구,6724,54728
2024-08-31,구로구,5022,87313
2024-08-31,금천구,1891,38647
2024-08-31,노원구,8676,117498
2024-08-31,도봉구,3110,73611
2024-08-31,동대문구,4381,79362
2024-08-31,동작구,2892,72970
2024-08-31,마포구,6977,233003
2024-08-31,서대문구,2470,76887
2024-08-31,서초구,4092,136053
2024-08-31,성동구,4732,88186
2024-08-31,성북구,2818,34740
2024-08-31,송파구,12587,150614
2024-08-31,양천구,8810,24789
2024-08-31,영등포구,11456,223521
2024-08-31,용산구,2953,0
2024-08-31,은평구,3514,95910
2024-08-31,종로구,3692,187336
2024-08-31,중구,2391,180407
2024-08-31,중랑구,4035,69260
2024-09-01,강남구,3780,143734
2024-09-01,강동구,5614,47551
2024-09-01,강북구,1804,29535
2024-09-01,강서구,12925,100786
2024-09-01,관악구,3154,93293
2024-09-01,광진구,6541,40521
2024-09-01,구로구,4565,63739
2024-09-01,금천구,1543,27286
2024-09-01,노원구,7729,86661
2024-09-01,도봉구,2923,57709
2024-09-01,동대문구,3957,59457
2024-09-01,동작구,2738,50107
2024-09-01,마포구,6448,175817
2024-09-01,서대문구,2510,56199
2024-09-01,서초구,3962,115796
2024-09-01,성동구,4663,66554
2024-09-01,성북구,2774,27040
2024-09-01,송파구,11628,112401
2024-09-01,양천구,8029,17491
2024-09-01,영등포구,10896,165899
2024-09-01,용산구,3054,0
2024-09-01,은평구,3343,70516
2024-09-01,종로구,3230,127098
2024-09-01,중구,2081,134860
2024-09-01,중랑구,3776,50149
2024-09-02,강남구,5142,393585
2024-09-02,강동구,6211,94480
2024-09-02,강북구,2002,48631
2024-09-02,강서구,18967,187149
2024-09-02,관악구,3263,152409
2024-09-02,광진구,7659,63088
2024-09-02,구로구,5985,129154
2024-09-02,금천구,2786,102426
2024-09-02,노원구,9509,156293
2024-09-02,도봉구,3436,94544
2024-09-02,동대문구,5303,108700
2024-09-02,동작구,2895,93701
2024-09-02,마포구,6864,258102
2024-09-02,서대문구,3000,100286
2024-09-02,서초구,4715,148488
2024-09-02,성동구,5839,129697
2024-09-02,성북구,3586,50638
2024-09-02,송파구,12873,199219
2024-09-02,양천구,9010,36402
2024-09-02,영등포구,13201,319408
2024-09-02,용산구,2769,0
2024-09-02,은평구,3804,126812
2024-09-02,종로구,5070,233254
2024-09-02,중구,3569,276215
2024-09-02,중랑구,4375,92540
2024-09-03,강남구,5903,410927
2024-09-03,강동구,7213,96826
2024-09-03,강북구,2406,51132
2024-09-03,강서구,22787,191438
2024-09-03,관악구,3832,158544
2024-09-03,광진구,8378,63596
2024-09-03,구로구,7247,132371
2024-09-03,금천구,3531,103668
2024-09-03,노원구,10705,159629
2024-09-03,도봉구,3939,98501
2024-09-03,동대문구,5890,111683
2024-09-03,동작구,3323,96948
2024-09-03,마포구,8103,266286
2024-09-03,서대문구,3186,104719
2024-09-03,서초구,5642,154665
2024-09-03,성동구,6759,135571
2024-09-03,성북구,4124,52746
2024-09-03,송파구,15074,205809
2024-09-03,양천구,10400,37473
2024-09-03,영등포구,15449,331081
2024-09-03,용산구,3366,0
2024-09-03,은평구,4153,129917
2024-09-03,종로구,5770,248473
2024-09-03,중구,4361,292873
2024-09-03,중랑구,4938,94376
2024-09-04,강남구,5454,409171
2024-09-04,강동구,7421,97250
2024-09-04,강북구,2287,50687
2024-09-04,강서구,22865,193227
2024-09-04,관악구,3677,160124
2024-09-04,광진구,8030,66257
2024-09-04,구로구,7218,134458
2024-09-04,금천구,3508,103254
2024-09-04,노원구,10773,161432
2024-09-04,도봉구,3758,98971
2024-09-04,동대문구,5667,113232
2024-09-04,동작구,3227,97651
2024-09-04,마포구,7972,271060
2024-09-04,서대문구,3224,104789
2024-09-04,서초구,5428,155997
2024-09-04,성동구,6497,136323
2024-09-04,성북구,4120,53084
2024-09-04,송파구,15046,216118
2024-09-04,양천구,10482,37772
2024-09-04,영등포구,15212,335946
2024-09-04,용산구,3341,0
2024-09-04,은평구,4240,131789
2024-09-04,종로구,6041,255502
2024-09-04,중구,4352,296730
2024-09-04,중랑구,4705,94555
2024-09-05,강남구,4315,413396
2024-09-05,강동구,5917,95788
2024-09-05,강북구,1933,50559
2024-09-05,강서구,18940,190460
2024-09-05,관악구,2859,161135
2024-09-05,광진구,6481,64930
2024-09-05,구로구,5827,132345
2024-09-05,금천구,2938,102283
2024-09-05,노원구,9695,157613
2024-09-05,도봉구,3427,97252
2024-09-05,동대문구,4493,112287
2024-09-05,동작구,2325,96175
2024-09-05,마포구,6593,284382
2024-09-05,서대문구,2560,105239
2024-09-05,서초구,4005,158260
2024-09-05,성동구,4996,135491
2024-09-05,성북구,3278,52862
2024-09-05,송파구,11922,212366
2024-09-05,양천구,8500,37122
2024-09-05,영등포구,12039,335030
2024-09-05,용산구,2295,0
2024-09-05,은평구,3510,130207
2024-09-05,종로구,4541,249700
2024-09-05,중구,3296,292429
2024-09-05,중랑구,3923,93829
2024-09-06,강남구,3935,423337
2024-09-06,강동구,5285,98164
2024-09-06,강북구,2154,50460
2024-09-06,강서구,20875,197135
2024-09-06,관악구,3086,168292
2024-09-06,광진구,6318,67619
2024-09-06,구로구,6451,133863
2024-09-06,금천구,3093,102034
2024-09-06,노원구,10496,160704
2024-09-06,도봉구,3731,100327
2024-09-06,동대문구,4833,114990
2024-09-06,동작구,2583,101336
2024-09-06,마포구,7159,287287
2024-09-06,서대문구,2927,106108
2024-09-06,서초구,3615,169837
2024-09-06,성동구,5288,142007
2024-09-06,성북구,3263,53526
2024-09-06,송파구,10904,223703
2024-09-06,양천구,9791,37652
2024-09-06,영등포구,13463,346380
2024-09-06,용산구,2766,0
2024-09-06,은평구,4052,132089
2024-09-06,종로구,4769,260442
2024-09-06,중구,3490,295948
2024-09-06,중랑구,4095,97067
2024-09-07,강남구,4643,262758
2024-09-07,강동구,6496,68800
2024-09-07,강북구,2106,41061
2024-09-07,강서구,15992,139357
2024-09-07,관악구,3705,136503
2024-09-07,광진구,7582,59341
2024-09-07,구로구,5546,91498
2024-09-07,금천구,2023,41195
2024-09-07,노원구,9486,121558
2024-09-07,도봉구,3405,79418
2024-09-07,동대문구,4494,86453
2024-09-07,동작구,3168,77893
2024-09-07,마포구,8073,246857
2024-09-07,서대문구,2960,83469
2024-09-07,서초구,4597,148035
2024-09-07,성동구,5450,100875
2024-09-07,성북구,3184,37119
2024-09-07,송파구,13678,158945
2024-09-07,양천구,9504,26366
2024-09-07,영등포구,12379,235222
2024-09-07,용산구,3529,0
2024-09-07,은평구,3938,100022
2024-09-07,종로구,3980,198356
2024-09-07,중구,2712,190457
2024-09-07,중랑구,4353,72568
2024-09-08,강남구,4020,153728
2024-09-08,강동구,5952,48134
2024-09-08,강북구,1927,29733
2024-09-08,강서구,13198,101193
2024-09-08,관악구,3468,96589
2024-09-08,광진구,6691,42825
2024-09-08,구로구,4871,65140
2024-09-08,금천구,1648,29462
2024-09-08,노원구,8343,89205
2024-09-08,도봉구,3144,59709
2024-09-08,동대문구,4115,63708
2024-09-08,동작구,2859,52480
2024-09-08,마포구,6897,181890
2024-09-08,서대문구,2635,58617
2024-09-08,서초구,4114,119600
2024-09-08,성동구,4918,75265
2024-09-08,성북구,2982,26643
2024-09-08,송파구,12663,115800
2024-09-08,양천구,8015,18590
2024-09-08,영등포구,11110,172207
2024-09-08,용산구,3128,0
2024-09-08,은평구,3416,72653
2024-09-08,종로구,3533,133085
2024-09-08,중구,2156,137705
2024-09-08,중랑구,3907,50825
2024-09-09,강남구,5462,400536
2024-09-09,강동구,7074,96126
2024-09-09,강북구,2168,49778
2024-09-09,강서구,21769,191834
2024-09-09,관악구,3379,155351
2024-09-09,광진구,8208,63983
2024-09-09,구로구,7182,131600
2024-09-09,금천구,3457,103571
2024-09-09,노원구,10552,157293
2024-09-09,도봉구,3718,96614
2024-09-09,동대문구,5581,111354
2024-09-09,동작구,2918,96199
2024-09-09,마포구,7448,260455
2024-09-09,서대문구,3128,101653
2024-09-09,서초구,5305,153032
2024-09-09,성동구,6181,130688
2024-09-09,성북구,3730,51948
2024-09-09,송파구,14275,204439
2024-09-09,양천구,10264,37029
2024-09-09,영등포구,14948,327801
2024-09-09,용산구,2925,0
2024-09-09,은평구,4134,128449
2024-09-09,종로구,5439,240405
2024-09-09,중구,4194,282902
2024-09-09,중랑구,4796,93879
2024-09-10,강남구,5422,417107
2024-09-10,강동구,7329,97613
2024-09-10,강북구,2161,50999
2024-09-10,강서구,22068,192808
2024-09-10,관악구,3600,161376
2024-09-10,광진구,7941,66158
2024-09-10,구로구,7238,134129
2024-09-10,금천구,3495,103663
2024-09-10,노원구,10612,160510
2024-09-10,도봉구,3689,98928
2024-09-10,동대문구,5431,114066
2024-09-10,동작구,2948,98697
2024-09-10,마포구,7263,266543
2024-09-10,서대문구,3040,105615
2024-09-10,서초구,5149,157155
2024-09-10,성동구,6167,137216
2024-09-10,성북구,3760,54420
2024-09-10,송파구,13803,223878
2024-09-10,양천구,10120,38100
2024-09-10,영등포구,15080,336122
2024-09-10,용산구,2941,0
2024-09-10,은평구,3998,131919
2024-09-10,종로구,5451,249881
2024-09-10,중구,4197,290224
2024-09-10,중랑구,4650,96147
2024-09-11,강남구,4807,410144
2024-09-11,강동구,6659,96938
2024-09-11,강북구,1893,50571
2024-09-11,강서구,19510,191501
2024-09-11,관악구,3230,161560
2024-09-11,광진구,7512,65842
2024-09-11,구로구,6297,132379
2024-09-11,금천구,3126,102644
2024-09-11,노원구,9049,159089
2024-09-11,도봉구,3286,97743
2024-09-11,동대문구,5198,113231
2024-09-11,동작구,2645,98304
2024-09-11,마포구,6512,265860
2024-09-11,서대문구,2635,104170
2024-09-11,서초구,4394,156630
2024-09-11,성동구,5601,134672
2024-09-11,성북구,3364,53587
2024-09-11,송파구,13116,215551
2024-09-11,양천구,9455,37451
2024-09-11,영등포구,13629,342957
2024-09-11,용산구,2622,0
2024-09-11,은평구,3684,130157
2024-09-11,종로구,5401,247914
2024-09-11,중구,3885,286487
2024-09-11,중랑구,4335,94769
2024-09-12,강남구,1723,406052
2024-09-12,강동구,2803,95667
2024-09-12,강북구,866,49883
2024-09-12,강서구,7380,188811
2024-09-12,관악구,1341,158809
2024-09-12,광진구,3263,65770
2024-09-12,구로구,2537,130237
2024-09-12,금천구,1217,101716
2024-09-12,노원구,4877,157570
2024-09-12,도봉구,1698,96053
2024-09-12,동대문구,2296,112582
2024-09-12,동작구,1007,97150
2024-09-12,마포구,2614,262695
2024-09-12,서대문구,1232,102555
2024-09-12,서초구,1725,157921
2024-09-12,성동구,2252,131843
2024-09-12,성북구,1577,53178
2024-09-12,송파구,4801,206185
2024-09-12,양천구,3685,37006
2024-09-12,영등포구,4091,331785
2024-09-12,용산구,965,0
2024-09-12,은평구,1480,128241
2024-09-12,종로구,2132,240157
2024-09-12,중구,1534,274776
2024-09-12,중랑구,2041,93915
2024-09-13,강남구,2464,399721
2024-09-13,강동구,3532,98116
2024-09-13,강북구,868,50715
2024-09-13,강서구,10570,194242
2024-09-13,관악구,1378,162856
2024-09-13,광진구,3834,69504
2024-09-13,구로구,3222,132824
2024-09-13,금천구,1453,98663
2024-09-13,노원구,4360,161390
2024-09-13,도봉구,1650,98387
2024-09-13,동대문구,2252,115219
2024-09-13,동작구,1212,100966
2024-09-13,마포구,2928,270957
2024-09-13,서대문구,1284,104252
2024-09-13,서초구,2057,164227
2024-09-13,성동구,2740,133036
2024-09-13,성북구,1517,53053
2024-09-13,송파구,6629,211051
2024-09-13,양천구,5160,37403
2024-09-13,영등포구,6627,340275
2024-09-13,용산구,1111,0
2024-09-13,은평구,1873,130857
2024-09-13,종로구,2442,244899
2024-09-13,중구,1627,268753
2024-09-13,중랑구,1797,96385
2024-09-14,강남구,3410,188496
2024-09-14,강동구,5393,57008
2024-09-14,강북구,1694,35008
2024-09-14,강서구,12480,116806
2024-09-14,관악구,2676,107550
2024-09-14,광진구,5445,48765
2024-09-14,구로구,4329,74770
2024-09-14,금천구,1420,34093
2024-09-14,노원구,8103,105079
2024-09-14,도봉구,2928,68689
2024-09-14,동대문구,3552,75002
2024-09-14,동작구,2229,67123
2024-09-14,마포구,6085,200041
2024-09-14,서대문구,2119,68375
2024-09-14,서초구,3311,106150
2024-09-14,성동구,3928,76895
2024-09-14,성북구,2541,31211
2024-09-14,송파구,10604,125932
2024-09-14,양천구,8242,21792
2024-09-14,영등포구,8934,173450
2024-09-14,용산구,2431,0
2024-09-14,은평구,3240,88106
2024-09-14,종로구,3281,156526
2024-09-14,중구,2107,144352
2024-09-14,중랑구,3705,62742
2024-09-15,강남구,3162,116679
2024-09-15,강동구,4848,42327
2024-09-15,강북구,1661,27629
2024-09-15,강서구,10310,90293
2024-09-15,관악구,2348,77134
2024-09-15,광진구,5079,36858
2024-09-15,구로구,3764,56026
2024-09-15,금천구,1209,26198
2024-09-15,노원구,7403,78397
2024-09-15,도봉구,2792,55154
2024-09-15,동대문구,3126,57111
2024-09-15,동작구,2082,47404
2024-09-15,마포구,5535,154329
2024-09-15,서대문구,2120,49633
2024-09-15,서초구,3095,85653
2024-09-15,성동구,3648,61027
2024-09-15,성북구,2204,24676
2024-09-15,송파구,9377,80414
2024-09-15,양천구,6711,15868
2024-09-15,영등포구,7909,133041
2024-09-15,용산구,2305,0
2024-09-15,은평구,2970,66735
2024-09-15,종로구,2667,130639
2024-09-15,중구,1824,132845
2024-09-15,중랑구,3317,47022
2024-09-16,강남구,2849,88677
2024-09-16,강동구,4158,32324
2024-09-16,강북구,1536,21702
2024-09-16,강서구,8652,75048
2024-09-16,관악구,2041,60034
2024-09-16,광진구,4212,29194
2024-09-16,구로구,3338,45242
2024-09-16,금천구,1126,22194
2024-09-16,노원구,5951,60965
2024-09-16,도봉구,2506,41969
2024-09-16,동대문구,2676,42170
2024-09-16,동작구,1925,38047
2024-09-16,마포구,4759,122830
2024-09-16,서대문구,1951,39944
2024-09-16,서초구,2693,62580
2024-09-16,성동구,3117,47133
2024-09-16,성북구,2012,18240
2024-09-16,송파구,8369,72175
2024-09-16,양천구,5534,12880
2024-09-16,영등포구,6865,96575
2024-09-16,용산구,2199,0
2024-09-16,은평구,2620,53623
2024-09-16,종로구,2460,117414
2024-09-16,중구,1509,113979
2024-09-16,중랑구,2932,37668
2024-09-17,강남구,2367,65384
2024-09-17,강동구,3464,27212
2024-09-17,강북구,1451,21924
2024-09-17,강서구,7982,69530
2024-09-17,관악구,1889,53350
2024-09-17,광진구,3750,25708
2024-09-17,구로구,3142,42175
2024-09-17,금천구,1062,19599
2024-09-17,노원구,5534,57751
2024-09-17,도봉구,2363,40500
2024-09-17,동대문구,2409,33658
2024-09-17,동작구,1675,31741
2024-09-17,마포구,4122,101348
2024-09-17,서대문구,1708,32628
2024-09-17,서초구,2305,88719
2024-09-17,성동구,2855,34574
2024-09-17,성북구,1866,17638
2024-09-17,송파구,6974,63809
2024-09-17,양천구,4742,11273
2024-09-17,영등포구,6304,89242
2024-09-17,용산구,1781,0
2024-09-17,은평구,2441,48957
2024-09-17,종로구,2100,90476
2024-09-17,중구,1412,99136
2024-09-17,중랑구,2533,36011
2024-09-18,강남구,3059,97519
2024-09-18,강동구,4452,36180
2024-09-18,강북구,1519,24926
2024-09-18,강서구,10613,87054
2024-09-18,관악구,2546,70596
2024-09-18,광진구,4888,33660
2024-09-18,구로구,3933,50544
2024-09-18,금천구,1296,23257
2024-09-18,노원구,6738,74022
2024-09-18,도봉구,2603,48762
2024-09-18,동대문구,2947,42280
2024-09-18,동작구,2040,39886
2024-09-18,마포구,5322,132632
2024-09-18,서대문구,2039,41151
2024-09-18,서초구,2957,130848
2024-09-18,성동구,3457,49129
2024-09-18,성북구,2147,20515
2024-09-18,송파구,9227,70438
2024-09-18,양천구,6694,14475
2024-09-18,영등포구,8591,125345
2024-09-18,용산구,2238,0
2024-09-18,은평구,2757,59759
2024-09-18,종로구,2731,106525
2024-09-18,중구,1760,102576
2024-09-18,중랑구,3283,41716
2024-09-19,강남구,4963,363693
2024-09-19,강동구,6494,88605
2024-09-19,강북구,2036,47286
2024-09-19,강서구,18967,174957
2024-09-19,관악구,3186,145080
2024-09-19,광진구,7576,59271
2024-09-19,구로구,6639,120633
2024-09-19,금천구,2893,91503
2024-09-19,노원구,9653,149874
2024-09-19,도봉구,3425,90813
2024-09-19,동대문구,4823,99152
2024-09-19,동작구,2642,87479
2024-09-19,마포구,6862,239154
2024-09-19,서대문구,2691,95387
2024-09-19,서초구,4662,156573
2024-09-19,성동구,5765,119233
2024-09-19,성북구,3352,48534
2024-09-19,송파구,12980,200445
2024-09-19,양천구,9640,33799
2024-09-19,영등포구,13936,299047
2024-09-19,용산구,2724,0
2024-09-19,은평구,3685,120160
2024-09-19,종로구,5247,215762
2024-09-19,중구,3922,248493
2024-09-19,중랑구,4268,87652
2024-09-20,강남구,1428,393296
2024-09-20,강동구,1970,91866
2024-09-20,강북구,593,46771
2024-09-20,강서구,6922,182104
2024-09-20,관악구,955,153283
2024-09-20,광진구,2528,62268
2024-09-20,구로구,2013,122858
2024-09-20,금천구,997,94211
2024-09-20,노원구,2974,151157
2024-09-20,도봉구,1030,89896
2024-09-20,동대문구,1740,102366
2024-09-20,동작구,781,91456
2024-09-20,마포구,1842,259601
2024-09-20,서대문구,1044,98597
2024-09-20,서초구,1286,154086
2024-09-20,성동구,1724,125064
2024-09-20,성북구,1087,49210
2024-09-20,송파구,3926,201059
2024-09-20,양천구,2882,34888
2024-09-20,영등포구,4206,323218
2024-09-20,용산구,799,0
2024-09-20,은평구,1228,120660
2024-09-20,종로구,1749,236865
2024-09-20,중구,1261,268330
2024-09-20,중랑구,1359,89668
2024-09-21,강남구,3551,235817
2024-09-21,강동구,4524,61517
2024-09-21,강북구,1547,36741
2024-09-21,강서구,11900,126029
2024-09-21,관악구,2521,125162
2024-09-21,광진구,5279,54900
2024-09-21,구로구,3979,84024
2024-09-21,금천구,1341,36291
2024-09-21,노원구,7009,112934
2024-09-21,도봉구,2681,69752
2024-09-21,동대문구,3458,74281
2024-09-21,동작구,2206,71095
2024-09-21,마포구,7275,243610
2024-09-21,서대문구,2276,76575
2024-09-21,서초구,3282,131620
2024-09-21,성동구,4142,88352
2024-09-21,성북구,2458,33406
2024-09-21,송파구,9856,151643
2024-09-21,양천구,7253,23411
2024-09-21,영등포구,9273,215833
2024-09-21,용산구,2555,0
2024-09-21,은평구,3176,91085
2024-09-21,종로구,3388,177370
2024-09-21,중구,2174,169177
2024-09-21,중랑구,3324,66733
2024-09-22,강남구,5397,152257
2024-09-22,강동구,6623,48454
2024-09-22,강북구,2009,31440
2024-09-22,강서구,14944,102828
2024-09-22,관악구,3728,97621
2024-09-22,광진구,8141,43886
2024-09-22,구로구,5757,66138
2024-09-22,금천구,1961,28858
2024-09-22,노원구,8903,89341
2024-09-22,도봉구,3504,61442
2024-09-22,동대문구,4796,63082
2024-09-22,동작구,3615,53567
2024-09-22,마포구,11244,207385
2024-09-22,서대문구,3416,58196
2024-09-22,서초구,5391,114163
2024-09-22,성동구,6417,76497
2024-09-22,성북구,3226,28380
2024-09-22,송파구,15246,112510
2024-09-22,양천구,9074,18406
2024-09-22,영등포구,13660,170559
2024-09-22,용산구,4689,0
2024-09-22,은평구,4036,74422
2024-09-22,종로구,4113,138503
2024-09-22,중구,2755,143023
2024-09-22,중랑구,4557,52327
2024-09-23,강남구,6623,406995
2024-09-23,강동구,7243,96893
2024-09-23,강북구,2325,50660
2024-09-23,강서구,23158,192606
2024-09-23,관악구,3795,158264
2024-09-23,광진구,8760,64790
2024-09-23,구로구,7920,133837
2024-09-23,금천구,3675,104754
2024-09-23,노원구,10480,159615
2024-09-23,도봉구,3778,98296
2024-09-23,동대문구,5929,111230
2024-09-23,동작구,3400,96268
2024-09-23,마포구,8999,266505
2024-09-23,서대문구,3438,103995
2024-09-23,서초구,6214,153499
2024-09-23,성동구,7329,136036
2024-09-23,성북구,3958,52573
2024-09-23,송파구,16180,220539
2024-09-23,양천구,10682,37326
2024-09-23,영등포구,17040,331284
2024-09-23,용산구,3786,0
2024-09-23,은평구,4193,130293
2024-09-23,종로구,6611,247587
2024-09-23,중구,4895,284540
2024-09-23,중랑구,5014,95516
2024-09-24,강남구,6489,417000
2024-09-24,강동구,7778,97927
2024-09-24,강북구,2272,51702
2024-09-24,강서구,23828,194498
2024-09-24,관악구,3718,164169
2024-09-24,광진구,9024,65878
2024-09-24,구로구,7950,136283
2024-09-24,금천구,3854,105831
2024-09-24,노원구,10838,161438
2024-09-24,도봉구,3790,100674
2024-09-24,동대문구,6107,113622
2024-09-24,동작구,3463,98549
2024-09-24,마포구,9132,270130
2024-09-24,서대문구,3594,106533
2024-09-24,서초구,6119,159385
2024-09-24,성동구,7195,139871
2024-09-24,성북구,4019,54181
2024-09-24,송파구,15917,224690
2024-09-24,양천구,11157,38656
2024-09-24,영등포구,17216,339590
2024-09-24,용산구,3840,0
2024-09-24,은평구,4289,132806
2024-09-24,종로구,6546,255817
2024-09-24,중구,5000,292187
2024-09-24,중랑구,5024,96518
2024-09-25,강남구,6253,416245
2024-09-25,강동구,7584,98791
2024-09-25,강북구,2283,51715
2024-09-25,강서구,23446,195129
2024-09-25,관악구,3672,165042
2024-09-25,광진구,8874,66601
2024-09-25,구로구,7694,135829
2024-09-25,금천구,3718,105003
2024-09-25,노원구,10924,163040
2024-09-25,도봉구,3969,100737
2024-09-25,동대문구,5944,114948
2024-09-25,동작구,3303,98796
2024-09-25,마포구,8823,272873
2024-09-25,서대문구,3436,106000
2024-09-25,서초구,5982,157997
2024-09-25,성동구,6928,141077
2024-09-25,성북구,3978,54312
2024-09-25,송파구,16068,226053
2024-09-25,양천구,11308,38281
2024-09-25,영등포구,16287,340823
2024-09-25,용산구,3630,0
2024-09-25,은평구,4392,133348
2024-09-25,종로구,6401,259100
2024-09-25,중구,4661,293413
2024-09-25,중랑구,5040,96974
2024-09-26,강남구,5991,415867
2024-09-26,강동구,7848,98518
2024-09-26,강북구,2005,51854
2024-09-26,강서구,20851,195710
2024-09-26,관악구,3775,166645
2024-09-26,광진구,8516,66197
2024-09-26,구로구,7484,135464
2024-09-26,금천구,3596,104611
2024-09-26,노원구,9374,161484
2024-09-26,도봉구,3283,99961
2024-09-26,동대문구,5703,114324
2024-09-26,동작구,3260,98999
2024-09-26,마포구,8252,275242
2024-09-26,서대문구,3172,106060
2024-09-26,서초구,5876,162156
2024-09-26,성동구,6521,141263
2024-09-26,성북구,3583,54287
2024-09-26,송파구,15625,223162
2024-09-26,양천구,10469,38029
2024-09-26,영등포구,15912,339523
2024-09-26,용산구,3273,0
2024-09-26,은평구,3753,132653
2024-09-26,종로구,6030,259029
2024-09-26,중구,4280,294918
2024-09-26,중랑구,4624,96407
2024-09-27,강남구,5946,429339
2024-09-27,강동구,7919,100503
2024-09-27,강북구,2357,52028
2024-09-27,강서구,23457,204721
2024-09-27,관악구,3883,175212
2024-09-27,광진구,8669,70466
2024-09-27,구로구,8108,137163
2024-09-27,금천구,3678,104406
2024-09-27,노원구,11170,165632
2024-09-27,도봉구,3991,102746
2024-09-27,동대문구,5901,115920
2024-09-27,동작구,3496,103800
2024-09-27,마포구,9111,294176
2024-09-27,서대문구,3449,110798
2024-09-27,서초구,6138,176587
2024-09-27,성동구,6986,149823
2024-09-27,성북구,3892,54426
2024-09-27,송파구,17019,232560
2024-09-27,양천구,11708,38871
2024-09-27,영등포구,17043,355063
2024-09-27,용산구,3723,0
2024-09-27,은평구,4537,135458
2024-09-27,종로구,6341,269713
2024-09-27,중구,4696,299515
2024-09-27,중랑구,5145,98848
2024-09-28,강남구,5038,256493
2024-09-28,강동구,7168,70307
2024-09-28,강북구,2109,42594
2024-09-28,강서구,17204,141069
2024-09-28,관악구,3964,144161
2024-09-28,광진구,8465,64850
2024-09-28,구로구,6354,95004
2024-09-28,금천구,2290,43895
2024-09-28,노원구,10335,130424
2024-09-28,도봉구,3727,81750
2024-09-28,동대문구,4938,88048
2024-09-28,동작구,3437,81103
2024-09-28,마포구,9913,248732
2024-09-28,서대문구,3185,89453
2024-09-28,서초구,5834,153210
2024-09-28,성동구,6017,110056
2024-09-28,성북구,3416,38269
2024-09-28,송파구,16641,147086
2024-09-28,양천구,10328,27359
2024-09-28,영등포구,14216,247768
2024-09-28,용산구,4552,0
2024-09-28,은평구,4423,103330
2024-09-28,종로구,4963,221603
2024-09-28,중구,3070,202745
2024-09-28,중랑구,4860,75013
2024-09-29,강남구,4659,155821
2024-09-29,강동구,6846,50413
2024-09-29,강북구,2060,31530
2024-09-29,강서구,15282,102391
2024-09-29,관악구,3540,100352
2024-09-29,광진구,7584,44480
2024-09-29,구로구,5730,69355
2024-09-29,금천구,1982,30605
2024-09-29,노원구,8988,94731
2024-09-29,도봉구,3300,63483
2024-09-29,동대문구,4465,64052
2024-09-29,동작구,3435,54005
2024-09-29,마포구,9562,186605
2024-09-29,서대문구,3154,61371
2024-09-29,서초구,5181,122699
2024-09-29,성동구,5869,79874
2024-09-29,성북구,3265,28001
2024-09-29,송파구,15197,101823
2024-09-29,양천구,9260,18609
2024-09-29,영등포구,13249,182839
2024-09-29,용산구,4258,0
2024-09-29,은평구,4053,75467
2024-09-29,종로구,3989,141849
2024-09-29,중구,2614,148370
2024-09-29,중랑구,4508,53859
2024-09-30,강남구,6270,404753
2024-09-30,강동구,7738,98248
2024-09-30,강북구,2358,50863
2024-09-30,강서구,23142,193103
2024-09-30,관악구,3714,162226
2024-09-30,광진구,8478,66611
2024-09-30,구로구,7722,135395
2024-09-30,금천구,3763,104833
2024-09-30,노원구,10864,159717
2024-09-30,도봉구,3913,99533
2024-09-30,동대문구,5927,112302
2024-09-30,동작구,3410,98705
2024-09-30,마포구,8692,269521
2024-09-30,서대문구,3462,104446
2024-09-30,서초구,5871,158405
2024-09-30,성동구,6756,134751
2024-09-30,성북구,3826,52628
2024-09-30,송파구,16315,206507
2024-09-30,양천구,11213,37745
2024-09-30,영등포구,16803,333412
2024-09-30,용산구,3552,0
2024-09-30,은평구,4352,132062
2024-09-30,종로구,5827,251238
2024-09-30,중구,4360,283021
2024-09-30,중랑구,5112,95976
2024-10-01,강남구,3995,193575
2024-10-01,강동구,5582,56598
2024-10-01,강북구,1825,33945
2024-10-01,강서구,14163,116216
2024-10-01,관악구,3094,108331
2024-10-01,광진구,6486,50364
2024-10-01,구로구,4867,76591
2024-10-01,금천구,1788,39542
2024-10-01,노원구,8086,102773
2024-10-01,도봉구,2924,65344
2024-10-01,동대문구,4119,73374
2024-10-01,동작구,2854,66700
2024-10-01,마포구,7276,192436
2024-10-01,서대문구,2936,76980
2024-10-01,서초구,4044,107151
2024-10-01,성동구,4509,83796
2024-10-01,성북구,2974,32053
2024-10-01,송파구,11892,114604
2024-10-01,양천구,7915,21836
2024-10-01,영등포구,10868,177408
2024-10-01,용산구,3539,0
2024-10-01,은평구,3385,86250
2024-10-01,종로구,3807,209288
2024-10-01,중구,2545,186579
2024-10-01,중랑구,4069,61014
2024-10-02,강남구,5838,404750
2024-10-02,강동구,7146,99156
2024-10-02,강북구,2323,51227
2024-10-02,강서구,22377,194710
2024-10-02,관악구,3571,165671
2024-10-02,광진구,8150,68162
2024-10-02,구로구,7188,134602
2024-10-02,금천구,3413,102568
2024-10-02,노원구,10739,168535
2024-10-02,도봉구,3619,100732
2024-10-02,동대문구,5498,114946
2024-10-02,동작구,3195,99196
2024-10-02,마포구,8190,276809
2024-10-02,서대문구,3161,108084
2024-10-02,서초구,5459,162947
2024-10-02,성동구,6544,138711
2024-10-02,성북구,3682,54072
2024-10-02,송파구,15326,224135
2024-10-02,양천구,10947,38473
2024-10-02,영등포구,15684,336464
2024-10-02,용산구,3265,0
2024-10-02,은평구,4173,134007
2024-10-02,종로구,5353,261936
2024-10-02,중구,4174,293316
2024-10-02,중랑구,4881,96764
2024-10-03,강남구,4876,176974
2024-10-03,강동구,6443,54778
2024-10-03,강북구,2125,36325
2024-10-03,강서구,15267,113819
2024-10-03,관악구,3662,108937
2024-10-03,광진구,7630,50038
2024-10-03,구로구,5606,75370
2024-10-03,금천구,2068,37038
2024-10-03,노원구,9007,100066
2024-10-03,도봉구,3271,68959
2024-10-03,동대문구,4748,72207
2024-10-03,동작구,3463,63843
2024-10-03,마포구,9367,210097
2024-10-03,서대문구,3088,68166
2024-10-03,서초구,4866,111218
2024-10-03,성동구,6182,97002
2024-10-03,성북구,3208,31149
2024-10-03,송파구,14689,123497
2024-10-03,양천구,8739,21219
2024-10-03,영등포구,13751,193601
2024-10-03,용산구,4346,0
2024-10-03,은평구,4130,85574
2024-10-03,종로구,3893,198784
2024-10-03,중구,2603,181360
2024-10-03,중랑구,4408,60139
2024-10-04,강남구,5973,386930
2024-10-04,강동구,7433,92950
2024-10-04,강북구,2364,48823
2024-10-04,강서구,21412,184584
2024-10-04,관악구,3750,158616
2024-10-04,광진구,8492,69664
2024-10-04,구로구,7518,125296
2024-10-04,금천구,3375,89650
2024-10-04,노원구,10470,155804
2024-10-04,도봉구,3724,97330
2024-10-04,동대문구,5546,109392
2024-10-04,동작구,3380,95506
2024-10-04,마포구,9224,286642
2024-10-04,서대문구,3375,105552
2024-10-04,서초구,5770,163979
2024-10-04,성동구,7223,145292
2024-10-04,성북구,3518,50247
2024-10-04,송파구,15882,195617
2024-10-04,양천구,11367,36143
2024-10-04,영등포구,16285,323553
2024-10-04,용산구,3895,0
2024-10-04,은평구,4266,127638
2024-10-04,종로구,5699,260958
2024-10-04,중구,4076,290063
2024-10-04,중랑구,4939,93504
2024-10-05,강남구,5103,246713
2024-10-05,강동구,6684,69203
2024-10-05,강북구,2168,41811
2024-10-05,강서구,17388,142001
2024-10-05,관악구,3739,137733
2024-10-05,광진구,7951,58922
2024-10-05,구로구,6027,96039
2024-10-05,금천구,2153,43246
2024-10-05,노원구,9392,121757
2024-10-05,도봉구,3527,82061
2024-10-05,동대문구,4710,87196
2024-10-05,동작구,4228,104100
2024-10-05,마포구,10827,290654
2024-10-05,서대문구,3088,84353
2024-10-05,서초구,5851,154774
2024-10-05,성동구,6134,106772
2024-10-05,성북구,3175,37863
2024-10-05,송파구,15043,162764
2024-10-05,양천구,10183,27230
2024-10-05,영등포구,14511,329594
2024-10-05,용산구,5957,0
2024-10-05,은평구,4042,102256
2024-10-05,종로구,3764,208909
2024-10-05,중구,2503,200213
2024-10-05,중랑구,4574,74313
2024-10-06,강남구,3345,144623
2024-10-06,강동구,4824,46938
2024-10-06,강북구,1577,30073
2024-10-06,강서구,11116,98189
2024-10-06,관악구,2853,95173
2024-10-06,광진구,5349,43562
2024-10-06,구로구,3962,66189
2024-10-06,금천구,1398,30516
2024-10-06,노원구,7057,86062
2024-10-06,도봉구,2511,60583
2024-10-06,동대문구,3631,61148
2024-10-06,동작구,2197,51709
2024-10-06,마포구,6088,179505
2024-10-06,서대문구,2115,58350
2024-10-06,서초구,3092,118944
2024-10-06,성동구,3979,75080
2024-10-06,성북구,2375,26120
2024-10-06,송파구,10469,118829
2024-10-06,양천구,6821,18211
2024-10-06,영등포구,8559,165082
2024-10-06,용산구,2648,0
2024-10-06,은평구,2763,71096
2024-10-06,종로구,2744,132347
2024-10-06,중구,1755,139204
2024-10-06,중랑구,3554,51437
2024-10-07,강남구,5837,399484
2024-10-07,강동구,7074,96332
2024-10-07,강북구,2217,49897
2024-10-07,강서구,22090,190951
2024-10-07,관악구,3554,155832
2024-10-07,광진구,7952,63904
2024-10-07,구로구,7382,133037
2024-10-07,금천구,3596,104889
2024-10-07,노원구,10007,159000
2024-10-07,도봉구,3827,97703
2024-10-07,동대문구,5565,110999
2024-10-07,동작구,3133,96037
2024-10-07,마포구,8021,262172
2024-10-07,서대문구,2971,102301
2024-10-07,서초구,5446,153951
2024-10-07,성동구,6547,135250
2024-10-07,성북구,3600,51969
2024-10-07,송파구,14657,205115
2024-10-07,양천구,10875,37482
2024-10-07,영등포구,14995,325473
2024-10-07,용산구,3129,0
2024-10-07,은평구,3978,129275
2024-10-07,종로구,5584,242163
2024-10-07,중구,4128,277221
2024-10-07,중랑구,4806,94556
2024-10-08,강남구,6008,417646
2024-10-08,강동구,7325,99650
2024-10-08,강북구,2309,52435
2024-10-08,강서구,22746,197648
2024-10-08,관악구,3750,170040
2024-10-08,광진구,8708,68389
2024-10-08,구로구,7564,138738
2024-10-08,금천구,3736,107075
2024-10-08,노원구,10773,165364
2024-10-08,도봉구,3937,102205
2024-10-08,동대문구,5660,115572
2024-10-08,동작구,3322,101870
2024-10-08,마포구,8463,278685
2024-10-08,서대문구,3223,108640
2024-10-08,서초구,5598,163867
2024-10-08,성동구,7116,140262
2024-10-08,성북구,3734,54434
2024-10-08,송파구,15577,216183
2024-10-08,양천구,11129,38969
2024-10-08,영등포구,15966,342403
2024-10-08,용산구,3456,0
2024-10-08,은평구,4149,135382
2024-10-08,종로구,5936,265645
2024-10-08,중구,4377,293640
2024-10-08,중랑구,4947,98708
2024-10-09,강남구,5157,169114
2024-10-09,강동구,6866,56444
2024-10-09,강북구,2137,35321
2024-10-09,강서구,15831,111251
2024-10-09,관악구,3869,109546
2024-10-09,광진구,8146,53118
2024-10-09,구로구,6035,76080
2024-10-09,금천구,2329,37136
2024-10-09,노원구,9246,100566
2024-10-09,도봉구,3473,69437
2024-10-09,동대문구,4818,72867
2024-10-09,동작구,3552,63989
2024-10-09,마포구,9498,195767
2024-10-09,서대문구,3178,66893
2024-10-09,서초구,5053,103744
2024-10-09,성동구,6803,92629
2024-10-09,성북구,3338,30716
2024-10-09,송파구,15250,111246
2024-10-09,양천구,9066,21463
2024-10-09,영등포구,13527,184428
2024-10-09,용산구,4432,0
2024-10-09,은평구,3994,85259
2024-10-09,종로구,4321,189231
2024-10-09,중구,2891,168492
2024-10-09,중랑구,4735,60397
2024-10-10,강남구,5580,412425
2024-10-10,강동구,7534,97957
2024-10-10,강북구,2267,51104
2024-10-10,강서구,22535,191703
2024-10-10,관악구,3716,162401
2024-10-10,광진구,8280,66861
2024-10-10,구로구,7560,134488
2024-10-10,금천구,3654,104336
2024-10-10,노원구,10439,160644
2024-10-10,도봉구,3923,99553
2024-10-10,동대문구,5605,113197
2024-10-10,동작구,3177,98177
2024-10-10,마포구,8426,271833
2024-10-10,서대문구,3262,106023
2024-10-10,서초구,5392,161441
2024-10-10,성동구,7000,139518
2024-10-10,성북구,3567,54004
2024-10-10,송파구,15472,209303
2024-10-10,양천구,11017,37762
2024-10-10,영등포구,16038,335452
2024-10-10,용산구,3302,0
2024-10-10,은평구,4171,131293
2024-10-10,종로구,5810,255328
2024-10-10,중구,4329,288038
2024-10-10,중랑구,4923,96167
2024-10-11,강남구,6010,427143
2024-10-11,강동구,8047,101837
2024-10-11,강북구,2391,51989
2024-10-11,강서구,23252,202399
2024-10-11,관악구,3944,171174
2024-10-11,광진구,8507,71178
2024-10-11,구로구,7872,136478
2024-10-11,금천구,3760,104445
2024-10-11,노원구,11132,163847
2024-10-11,도봉구,4003,102986
2024-10-11,동대문구,5908,115646
2024-10-11,동작구,3314,102069
2024-10-11,마포구,8887,294874
2024-10-11,서대문구,3346,107417
2024-10-11,서초구,5853,173482
2024-10-11,성동구,7310,152031
2024-10-11,성북구,3541,54356
2024-10-11,송파구,16905,233949
2024-10-11,양천구,11683,38858
2024-10-11,영등포구,16383,347078
2024-10-11,용산구,3684,0
2024-10-11,은평구,4490,134296
2024-10-11,종로구,6101,270831
2024-10-11,중구,4399,300580
2024-10-11,중랑구,5221,98631
2024-10-12,강남구,5051,249706
2024-10-12,강동구,7064,73014
2024-10-12,강북구,2112,42265
2024-10-12,강서구,17585,141982
2024-10-12,관악구,3952,139780
2024-10-12,광진구,8020,59872
2024-10-12,구로구,5904,93849
2024-10-12,금천구,2331,43865
2024-10-12,노원구,9751,123571
2024-10-12,도봉구,3578,83487
2024-10-12,동대문구,5047,88078
2024-10-12,동작구,3298,79414
2024-10-12,마포구,9300,249315
2024-10-12,서대문구,3214,95977
2024-10-12,서초구,5012,147149
2024-10-12,성동구,6026,117475
2024-10-12,성북구,3120,37791
2024-10-12,송파구,15438,146715
2024-10-12,양천구,10100,26638
2024-10-12,영등포구,13500,237553
2024-10-12,용산구,3996,0
2024-10-12,은평구,4179,102993
2024-10-12,종로구,4230,215922
2024-10-12,중구,2621,204108
2024-10-12,중랑구,4650,74530
2024-10-13,강남구,4331,152495
2024-10-13,강동구,6497,55478
2024-10-13,강북구,1986,31725
2024-10-13,강서구,15145,105080
2024-10-13,관악구,3302,100767
2024-10-13,광진구,7044,45000
2024-10-13,구로구,5482,69278
2024-10-13,금천구,1910,31724
2024-10-13,노원구,8438,90446
2024-10-13,도봉구,3164,64807
2024-10-13,동대문구,4364,67024
2024-10-13,동작구,2971,54465
2024-10-13,마포구,7925,185688
2024-10-13,서대문구,2772,60731
2024-10-13,서초구,4597,121031
2024-10-13,성동구,5451,88640
2024-10-13,성북구,2871,27910
2024-10-13,송파구,13707,105749
2024-10-13,양천구,8712,19044
2024-10-13,영등포구,11868,177175
2024-10-13,용산구,3679,0
2024-10-13,은평구,3574,75448
2024-10-13,종로구,3588,152755
2024-10-13,중구,2293,165818
2024-10-13,중랑구,4175,53968
2024-10-14,강남구,5411,402565
2024-10-14,강동구,7065,97200
2024-10-14,강북구,2184,48711
2024-10-14,강서구,22089,191323
2024-10-14,관악구,3379,155922
2024-10-14,광진구,7716,62628
2024-10-14,구로구,7235,131982
2024-10-14,금천구,3531,104384
2024-10-14,노원구,9940,155065
2024-10-14,도봉구,3731,96661
2024-10-14,동대문구,5494,111333
2024-10-14,동작구,2917,94846
2024-10-14,마포구,7964,267043
2024-10-14,서대문구,3073,100786
2024-10-14,서초구,5056,154802
2024-10-14,성동구,6222,137262
2024-10-14,성북구,3458,51414
2024-10-14,송파구,14628,205029
2024-10-14,양천구,10658,37362
2024-10-14,영등포구,15459,324369
2024-10-14,용산구,2861,0
2024-10-14,은평구,4134,127972
2024-10-14,종로구,5360,243229
2024-10-14,중구,3932,285088
2024-10-14,중랑구,4764,94267
2024-10-15,강남구,4779,411469
2024-10-15,강동구,6444,96700
2024-10-15,강북구,1968,50161
2024-10-15,강서구,20015,191796
2024-10-15,관악구,3026,160638
2024-10-15,광진구,6952,64424
2024-10-15,구로구,6209,134233
2024-10-15,금천구,2783,105279
2024-10-15,노원구,9747,158699
2024-10-15,도봉구,3440,98160
2024-10-15,동대문구,5187,112409
2024-10-15,동작구,2486,97656
2024-10-15,마포구,7002,268487
2024-10-15,서대문구,2881,103730
2024-10-15,서초구,4450,156035
2024-10-15,성동구,5655,139439
2024-10-15,성북구,3428,53688
2024-10-15,송파구,13346,209537
2024-10-15,양천구,9583,37667
2024-10-15,영등포구,13502,333847
2024-10-15,용산구,2601,0
2024-10-15,은평구,3723,129460
2024-10-15,종로구,5187,241162
2024-10-15,중구,3956,291412
2024-10-15,중랑구,4378,95124
2024-10-16,강남구,6018,412291
2024-10-16,강동구,7428,98528
2024-10-16,강북구,2273,50987
2024-10-16,강서구,23014,193599
2024-10-16,관악구,3644,162384
2024-10-16,광진구,8265,64989
2024-10-16,구로구,7514,135237
2024-10-16,금천구,3741,104504
2024-10-16,노원구,10815,160438
2024-10-16,도봉구,3725,99736
2024-10-16,동대문구,5714,113181
2024-10-16,동작구,3263,98230
2024-10-16,마포구,8300,270393
2024-10-16,서대문구,3387,103393
2024-10-16,서초구,5404,158000
2024-10-16,성동구,6609,140221
2024-10-16,성북구,3812,53581
2024-10-16,송파구,15576,210705
2024-10-16,양천구,11132,38220
2024-10-16,영등포구,15775,336358
2024-10-16,용산구,3177,0
2024-10-16,은평구,4298,131623
2024-10-16,종로구,5914,261340
2024-10-16,중구,4123,295730
2024-10-16,중랑구,4820,96121
2024-10-17,강남구,5554,413177
2024-10-17,강동구,7622,97007
2024-10-17,강북구,2426,51506
2024-10-17,강서구,23026,193541
2024-10-17,관악구,3520,164641
2024-10-17,광진구,8090,64264
2024-10-17,구로구,7644,134744
2024-10-17,금천구,3603,104511
2024-10-17,노원구,10943,159914
2024-10-17,도봉구,3802,100991
2024-10-17,동대문구,5687,113495
2024-10-17,동작구,3096,97200
2024-10-17,마포구,8447,274691
2024-10-17,서대문구,3313,103928
2024-10-17,서초구,5434,161504
2024-10-17,성동구,6709,141412
2024-10-17,성북구,3763,53961
2024-10-17,송파구,15807,226626
2024-10-17,양천구,10979,37796
2024-10-17,영등포구,15788,338073
2024-10-17,용산구,3213,0
2024-10-17,은평구,4209,132995
2024-10-17,종로구,5806,262602
2024-10-17,중구,4326,295661
2024-10-17,중랑구,5010,96121
2024-10-18,강남구,2251,410748
2024-10-18,강동구,3431,95545
2024-10-18,강북구,971,48182
2024-10-18,강서구,11283,189515
2024-10-18,관악구,1560,163084
2024-10-18,광진구,3476,64354
2024-10-18,구로구,3611,129234
2024-10-18,금천구,1699,99210
2024-10-18,노원구,4564,155194
2024-10-18,도봉구,1602,95626
2024-10-18,동대문구,2470,107953
2024-10-18,동작구,1246,97458
2024-10-18,마포구,3251,274960
2024-10-18,서대문구,1426,99963
2024-10-18,서초구,2037,168971
2024-10-18,성동구,2702,135725
2024-10-18,성북구,1630,50981
2024-10-18,송파구,6413,207805
2024-10-18,양천구,5516,36265
2024-10-18,영등포구,6974,341721
2024-10-18,용산구,1054,0
2024-10-18,은평구,1828,125725
2024-10-18,종로구,2386,254368
2024-10-18,중구,1657,289556
2024-10-18,중랑구,2062,93778
2024-10-19,강남구,4193,248608
2024-10-19,강동구,5724,68697
2024-10-19,강북구,1863,40825
2024-10-19,강서구,14812,137594
2024-10-19,관악구,2938,137480
2024-10-19,광진구,5843,56581
2024-10-19,구로구,4916,93988
2024-10-19,금천구,1770,43130
2024-10-19,노원구,8542,124193
2024-10-19,도봉구,2995,80726
2024-10-19,동대문구,3960,85129
2024-10-19,동작구,2436,79845
2024-10-19,마포구,6998,252442
2024-10-19,서대문구,2424,80848
2024-10-19,서초구,3911,144917
2024-10-19,성동구,4691,107609
2024-10-19,성북구,2698,37381
2024-10-19,송파구,12458,155098
2024-10-19,양천구,8922,26378
2024-10-19,영등포구,10687,238351
2024-10-19,용산구,2679,0
2024-10-19,은평구,3462,103027
2024-10-19,종로구,3511,215265
2024-10-19,중구,2315,196606
2024-10-19,중랑구,3721,73031
2024-10-20,강남구,4040,154104
2024-10-20,강동구,5330,51267
2024-10-20,강북구,1755,32994
2024-10-20,강서구,12350,105229
2024-10-20,관악구,2959,104805
2024-10-20,광진구,5910,42942
2024-10-20,구로구,4591,70810
2024-10-20,금천구,1636,32483
2024-10-20,노원구,7736,92046
2024-10-20,도봉구,2831,65467
2024-10-20,동대문구,3582,65094
2024-10-20,동작구,2360,55182
2024-10-20,마포구,8236,218936
2024-10-20,서대문구,2380,59651
2024-10-20,서초구,3559,122207
2024-10-20,성동구,4350,83025
2024-10-20,성북구,2329,28146
2024-10-20,송파구,11646,104041
2024-10-20,양천구,7842,19909
2024-10-20,영등포구,10187,181954
2024-10-20,용산구,2843,0
2024-10-20,은평구,3128,79718
2024-10-20,종로구,2966,151299
2024-10-20,중구,2056,153519
2024-10-20,중랑구,3707,55338
2024-10-21,강남구,5194,400484
2024-10-21,강동구,6510,96087
2024-10-21,강북구,1982,50082
2024-10-21,강서구,19389,189392
2024-10-21,관악구,3002,155450
2024-10-21,광진구,6917,61779
2024-10-21,구로구,6658,132581
2024-10-21,금천구,3192,104946
2024-10-21,노원구,9092,157517
2024-10-21,도봉구,3271,96952
2024-10-21,동대문구,4807,109992
2024-10-21,동작구,2529,95194
2024-10-21,마포구,6624,259840
2024-10-21,서대문구,2581,99419
2024-10-21,서초구,4564,151015
2024-10-21,성동구,6036,133125
2024-10-21,성북구,2951,50590
2024-10-21,송파구,13629,202753
2024-10-21,양천구,9232,37396
2024-10-21,영등포구,14240,325495
2024-10-21,용산구,2607,0
2024-10-21,은평구,3384,128545
2024-10-21,종로구,5144,245670
2024-10-21,중구,3720,284136
2024-10-21,중랑구,4354,93707
2024-10-22,강남구,652,410375
2024-10-22,강동구,860,94659
2024-10-22,강북구,328,47717
2024-10-22,강서구,4909,185382
2024-10-22,관악구,479,155048
2024-10-22,광진구,1130,61080
2024-10-22,구로구,1288,129794
2024-10-22,금천구,541,103823
2024-10-22,노원구,1503,154528
2024-10-22,도봉구,554,92855
2024-10-22,동대문구,806,106033
2024-10-22,동작구,372,93827
2024-10-22,마포구,1097,258234
2024-10-22,서대문구,602,97890
2024-10-22,서초구,526,156966
2024-10-22,성동구,843,132501
2024-10-22,성북구,562,51246
2024-10-22,송파구,1557,206153
2024-10-22,양천구,2134,36717
2024-10-22,영등포구,2446,329752
2024-10-22,용산구,372,0
2024-10-22,은평구,681,124329
2024-10-22,종로구,860,243961
2024-10-22,중구,583,285470
2024-10-22,중랑구,667,91522
2024-10-23,강남구,4530,411079
2024-10-23,강동구,5933,96906
2024-10-23,강북구,1758,50913
2024-10-23,강서구,18937,194294
2024-10-23,관악구,2805,162036
2024-10-23,광진구,6257,65059
2024-10-23,구로구,6128,134369
2024-10-23,금천구,2963,105397
2024-10-23,노원구,8802,163058
2024-10-23,도봉구,2873,99834
2024-10-23,동대문구,4383,113294
2024-10-23,동작구,2328,98203
2024-10-23,마포구,6473,272709
2024-10-23,서대문구,2419,101590
2024-10-23,서초구,4189,156974
2024-10-23,성동구,5395,139027
2024-10-23,성북구,2825,53732
2024-10-23,송파구,12297,209889
2024-10-23,양천구,8943,37941
2024-10-23,영등포구,12689,341109
2024-10-23,용산구,2395,0
2024-10-23,은평구,3177,131284
2024-10-23,종로구,4968,262203
2024-10-23,중구,3576,295725
2024-10-23,중랑구,3955,96105
2024-10-24,강남구,5048,413305
2024-10-24,강동구,6699,97516
2024-10-24,강북구,1971,51602
2024-10-24,강서구,20188,193771
2024-10-24,관악구,3104,164157
2024-10-24,광진구,6918,65060
2024-10-24,구로구,6963,134529
2024-10-24,금천구,3213,104500
2024-10-24,노원구,9360,162851
2024-10-24,도봉구,3172,100674
2024-10-24,동대문구,4908,115042
2024-10-24,동작구,2704,98075
2024-10-24,마포구,7224,279443
2024-10-24,서대문구,2748,103442
2024-10-24,서초구,4887,159587
2024-10-24,성동구,5956,141620
2024-10-24,성북구,3063,54169
2024-10-24,송파구,13789,211839
2024-10-24,양천구,9825,38169
2024-10-24,영등포구,14563,338630
2024-10-24,용산구,2849,0
2024-10-24,은평구,3586,132410
2024-10-24,종로구,5548,263256
2024-10-24,중구,3914,299959
2024-10-24,중랑구,4190,96111
2024-10-25,강남구,5167,423439
2024-10-25,강동구,7040,100704
2024-10-25,강북구,2082,52447
2024-10-25,강서구,20849,198586
2024-10-25,관악구,3217,172702
2024-10-25,광진구,7435,69666
2024-10-25,구로구,7012,136716
2024-10-25,금천구,3253,104033
2024-10-25,노원구,10087,167294
2024-10-25,도봉구,3213,103868
2024-10-25,동대문구,5007,117490
2024-10-25,동작구,2888,103563
2024-10-25,마포구,7614,293229
2024-10-25,서대문구,2784,106713
2024-10-25,서초구,4978,176941
2024-10-25,성동구,6156,146913
2024-10-25,성북구,3355,54595
2024-10-25,송파구,14875,215753
2024-10-25,양천구,10333,39176
2024-10-25,영등포구,15118,349715
2024-10-25,용산구,3215,0
2024-10-25,은평구,3613,135778
2024-10-25,종로구,5674,276515
2024-10-25,중구,3834,302994
2024-10-25,중랑구,4540,99322
2024-10-26,강남구,4439,253151
2024-10-26,강동구,6399,71191
2024-10-26,강북구,1852,43992
2024-10-26,강서구,15762,141824
2024-10-26,관악구,3460,143169
2024-10-26,광진구,7181,64382
2024-10-26,구로구,5528,96799
2024-10-26,금천구,1956,45188
2024-10-26,노원구,9068,128818
2024-10-26,도봉구,3177,84714
2024-10-26,동대문구,4376,87766
2024-10-26,동작구,2855,83563
2024-10-26,마포구,8126,257912
2024-10-26,서대문구,2621,92448
2024-10-26,서초구,4486,152353
2024-10-26,성동구,5294,110037
2024-10-26,성북구,2967,38374
2024-10-26,송파구,13879,148012
2024-10-26,양천구,9433,27083
2024-10-26,영등포구,12254,247173
2024-10-26,용산구,3403,0
2024-10-26,은평구,3812,106826
2024-10-26,종로구,3800,222046
2024-10-26,중구,2387,207175
2024-10-26,중랑구,4304,77630
2024-10-27,강남구,3317,154062
2024-10-27,강동구,4993,53065
2024-10-27,강북구,1606,33138
2024-10-27,강서구,11604,107871
2024-10-27,관악구,2671,105832
2024-10-27,광진구,5559,44844
2024-10-27,구로구,4219,71545
2024-10-27,금천구,1503,32913
2024-10-27,노원구,6982,93355
2024-10-27,도봉구,2631,68453
2024-10-27,동대문구,3425,67004
2024-10-27,동작구,2212,56152
2024-10-27,마포구,5771,198098
2024-10-27,서대문구,2220,65654
2024-10-27,서초구,3209,127778
2024-10-27,성동구,3987,80400
2024-10-27,성북구,2332,28089
2024-10-27,송파구,10331,105025
2024-10-27,양천구,7689,21641
2024-10-27,영등포구,9333,200391
2024-10-27,용산구,2568,0
2024-10-27,은평구,2763,79819
2024-10-27,종로구,2933,178674
2024-10-27,중구,1828,203066
2024-10-27,중랑구,3302,54884
2024-10-28,강남구,5066,397167
2024-10-28,강동구,6585,96181
2024-10-28,강북구,1930,50346
2024-10-28,강서구,20606,189997
2024-10-28,관악구,3095,156206
2024-10-28,광진구,7063,63647
2024-10-28,구로구,6933,132615
2024-10-28,금천구,3305,104352
2024-10-28,노원구,9509,157784
2024-10-28,도봉구,3334,97558
2024-10-28,동대문구,4934,111087
2024-10-28,동작구,2756,96516
2024-10-28,마포구,7037,262081
2024-10-28,서대문구,2722,101416
2024-10-28,서초구,4784,154626
2024-10-28,성동구,6011,134274
2024-10-28,성북구,3107,52482
2024-10-28,송파구,13957,205003
2024-10-28,양천구,9969,37169
2024-10-28,영등포구,14408,331195
2024-10-28,용산구,2469,0
2024-10-28,은평구,3684,129498
2024-10-28,종로구,5115,248134
2024-10-28,중구,3705,286563
2024-10-28,중랑구,4329,94422
2024-10-29,강남구,5118,410547
2024-10-29,강동구,6711,97343
2024-10-29,강북구,1875,51699
2024-10-29,강서구,19851,192549
2024-10-29,관악구,3054,160450
2024-10-29,광진구,6888,64961
2024-10-29,구로구,6644,134222
2024-10-29,금천구,3355,105720
2024-10-29,노원구,8833,160323
2024-10-29,도봉구,2994,100095
2024-10-29,동대문구,4949,113370
2024-10-29,동작구,2710,98011
2024-10-29,마포구,6741,271230
2024-10-29,서대문구,2564,104917
2024-10-29,서초구,4598,156156
2024-10-29,성동구,5693,138494
2024-10-29,성북구,3258,53882
2024-10-29,송파구,13401,213106
2024-10-29,양천구,9615,38543
2024-10-29,영등포구,13937,338745
2024-10-29,용산구,2571,0
2024-10-29,은평구,3202,131358
2024-10-29,종로구,5132,256151
2024-10-29,중구,3735,298263
2024-10-29,중랑구,4197,95781
2024-10-30,강남구,5476,408253
2024-10-30,강동구,6963,99553
2024-10-30,강북구,2124,52328
2024-10-30,강서구,21867,193815
2024-10-30,관악구,3357,163589
2024-10-30,광진구,7409,67641
2024-10-30,구로구,6989,136064
2024-10-30,금천구,3562,104872
2024-10-30,노원구,9854,164297
2024-10-30,도봉구,3466,102790
2024-10-30,동대문구,5195,115308
2024-10-30,동작구,2833,99174
2024-10-30,마포구,7503,276508
2024-10-30,서대문구,2996,105963
2024-10-30,서초구,4953,156724
2024-10-30,성동구,6086,140350
2024-10-30,성북구,3295,54082
2024-10-30,송파구,14336,211130
2024-10-30,양천구,10573,38513
2024-10-30,영등포구,14959,341797
2024-10-30,용산구,2867,0
2024-10-30,은평구,3856,133859
2024-10-30,종로구,5739,267277
2024-10-30,중구,3964,303089
2024-10-30,중랑구,4610,97000
2024-10-31,강남구,5539,412497
2024-10-31,강동구,6968,98362
2024-10-31,강북구,2056,52313
2024-10-31,강서구,21619,194089
2024-10-31,관악구,3225,165371
2024-10-31,광진구,7621,68815
2024-10-31,구로구,7006,136023
2024-10-31,금천구,3493,104550
2024-10-31,노원구,9576,162814
2024-10-31,도봉구,3343,101937
2024-10-31,동대문구,5244,117087
2024-10-31,동작구,2831,99804
2024-10-31,마포구,7635,286572
2024-10-31,서대문구,3005,107612
2024-10-31,서초구,5096,161828
2024-10-31,성동구,6098,141803
2024-10-31,성북구,3400,54884
2024-10-31,송파구,14774,213553
2024-10-31,양천구,10330,38281
2024-10-31,영등포구,14985,342326
2024-10-31,용산구,2778,0
2024-10-31,은평구,3840,134115
2024-10-31,종로구,5767,265698
2024-10-31,중구,4050,297046
2024-10-31,중랑구,4501,97508
2024-11-01,강남구,5382,415006
2024-11-01,강동구,7062,99582
2024-11-01,강북구,2065,53011
2024-11-01,강서구,21312,197499
2024-11-01,관악구,3397,169697
2024-11-01,광진구,7441,70676
2024-11-01,구로구,7167,137148
2024-11-01,금천구,3378,102467
2024-11-01,노원구,9627,164347
2024-11-01,도봉구,3590,102414
2024-11-01,동대문구,5129,116445
2024-11-01,동작구,2915,102744
2024-11-01,마포구,7231,299961
2024-11-01,서대문구,2869,107615
2024-11-01,서초구,4969,171078
2024-11-01,성동구,5863,144576
2024-11-01,성북구,3185,54363
2024-11-01,송파구,14648,213610
2024-11-01,양천구,10439,38517
2024-11-01,영등포구,14826,354296
2024-11-01,용산구,2921,0
2024-11-01,은평구,3818,134580
2024-11-01,종로구,5582,267713
2024-11-01,중구,3991,299368
2024-11-01,중랑구,4507,99210
2024-11-02,강남구,4654,253340
2024-11-02,강동구,6496,71284
2024-11-02,강북구,1995,44785
2024-11-02,강서구,15285,142438
2024-11-02,관악구,3219,141618
2024-11-02,광진구,7097,67075
2024-11-02,구로구,5708,97390
2024-11-02,금천구,1954,45157
2024-11-02,노원구,8803,128362
2024-11-02,도봉구,3194,87210
2024-11-02,동대문구,4325,89359
2024-11-02,동작구,2955,84457
2024-11-02,마포구,8158,270030
2024-11-02,서대문구,2767,88895
2024-11-02,서초구,4482,148787
2024-11-02,성동구,5256,113476
2024-11-02,성북구,2888,38745
2024-11-02,송파구,14247,148016
2024-11-02,양천구,9598,27417
2024-11-02,영등포구,12369,247150
2024-11-02,용산구,3509,0
2024-11-02,은평구,3791,107369
2024-11-02,종로구,4260,227712
2024-11-02,중구,2687,228543
2024-11-02,중랑구,4293,77408
2024-11-03,강남구,4074,155546
2024-11-03,강동구,5917,53030
2024-11-03,강북구,1733,35105
2024-11-03,강서구,13103,107617
2024-11-03,관악구,3022,103678
2024-11-03,광진구,6748,48349
2024-11-03,구로구,4865,70796
2024-11-03,금천구,1715,32259
2024-11-03,노원구,7962,93689
2024-11-03,도봉구,2968,68910
2024-11-03,동대문구,3826,71614
2024-11-03,동작구,2633,58814
2024-11-03,마포구,7479,203695
2024-11-03,서대문구,2690,63553
2024-11-03,서초구,4044,125373
2024-11-03,성동구,4950,85958
2024-11-03,성북구,2606,29776
2024-11-03,송파구,13918,122597
2024-11-03,양천구,8426,19927
2024-11-03,영등포구,11333,199925
2024-11-03,용산구,3322,0
2024-11-03,은평구,3385,78606
2024-11-03,종로구,3579,162449
2024-11-03,중구,2293,170918
2024-11-03,중랑구,3871,56751
2024-11-04,강남구,4938,400031
2024-11-04,강동구,6644,96036
2024-11-04,강북구,1832,49385
2024-11-04,강서구,19571,189130
2024-11-04,관악구,2969,155569
2024-11-04,광진구,6881,63769
2024-11-04,구로구,6643,133170
2024-11-04,금천구,3151,104467
2024-11-04,노원구,8923,156008
2024-11-04,도봉구,3112,97073
2024-11-04,동대문구,4839,110342
2024-11-04,동작구,2503,95959
2024-11-04,마포구,6784,264868
2024-11-04,서대문구,2670,102201
2024-11-04,서초구,4529,155479
2024-11-04,성동구,5644,136469
2024-11-04,성북구,3162,53268
2024-11-04,송파구,13400,205311
2024-11-04,양천구,9483,37390
2024-11-04,영등포구,13865,331157
2024-11-04,용산구,2408,0
2024-11-04,은평구,3437,128699
2024-11-04,종로구,5308,247093
2024-11-04,중구,3786,286951
2024-11-04,중랑구,4168,93839
2024-11-05,강남구,4646,414824
2024-11-05,강동구,6247,97687
2024-11-05,강북구,1748,51313
2024-11-05,강서구,18866,193919
2024-11-05,관악구,2807,161342
2024-11-05,광진구,6652,65604
2024-11-05,구로구,6125,135051
2024-11-05,금천구,3070,105970
2024-11-05,노원구,8780,160941
2024-11-05,도봉구,2993,99920
2024-11-05,동대문구,4536,113255
2024-11-05,동작구,2381,98157
2024-11-05,마포구,6143,271132
2024-11-05,서대문구,2514,105719
2024-11-05,서초구,4163,156590
2024-11-05,성동구,5385,139035
2024-11-05,성북구,2978,53214
2024-11-05,송파구,13123,211545
2024-11-05,양천구,8946,38134
2024-11-05,영등포구,12956,341472
2024-11-05,용산구,2317,0
2024-11-05,은평구,3223,130854
2024-11-05,종로구,4981,258221
2024-11-05,중구,3513,294585
2024-11-05,중랑구,3968,96412
2024-11-06,강남구,4384,410517
2024-11-06,강동구,5864,98404
2024-11-06,강북구,1804,51443
2024-11-06,강서구,18375,194276
2024-11-06,관악구,2698,162860
2024-11-06,광진구,6318,65712
2024-11-06,구로구,5946,135895
2024-11-06,금천구,2787,105102
2024-11-06,노원구,8546,162210
2024-11-06,도봉구,2931,99401
2024-11-06,동대문구,4277,113759
2024-11-06,동작구,2344,98825
2024-11-06,마포구,5726,270525
2024-11-06,서대문구,2266,105003
2024-11-06,서초구,3983,159345
2024-11-06,성동구,5015,137910
2024-11-06,성북구,2808,53910
2024-11-06,송파구,12208,212962
2024-11-06,양천구,8625,37846
2024-11-06,영등포구,12308,344693
2024-11-06,용산구,2185,0
2024-11-06,은평구,3079,131854
2024-11-06,종로구,4850,262962
2024-11-06,중구,3429,296670
2024-11-06,중랑구,3723,96000
2024-11-07,강남구,4505,413679
2024-11-07,강동구,6062,96904
2024-11-07,강북구,1745,51387
2024-11-07,강서구,18515,193978
2024-11-07,관악구,2605,163873
2024-11-07,광진구,6388,66557
2024-11-07,구로구,5891,133965
2024-11-07,금천구,2954,104852
2024-11-07,노원구,8316,161039
2024-11-07,도봉구,2858,99379
2024-11-07,동대문구,4149,113759
2024-11-07,동작구,2285,99131
2024-11-07,마포구,5900,273800
2024-11-07,서대문구,2497,104740
2024-11-07,서초구,4164,160918
2024-11-07,성동구,5029,138590
2024-11-07,성북구,2807,53518
2024-11-07,송파구,12372,211963
2024-11-07,양천구,8627,38008
2024-11-07,영등포구,12878,342423
2024-11-07,용산구,2284,0
2024-11-07,은평구,3090,130627
2024-11-07,종로구,4957,257538
2024-11-07,중구,3412,291997
2024-11-07,중랑구,3666,95662
2024-11-08,강남구,4873,421693
2024-11-08,강동구,6224,99117
2024-11-08,강북구,1776,52406
2024-11-08,강서구,18927,199208
2024-11-08,관악구,2709,171474
2024-11-08,광진구,6389,69204
2024-11-08,구로구,6213,137159
2024-11-08,금천구,2941,103063
2024-11-08,노원구,8617,164180
2024-11-08,도봉구,2927,102283
2024-11-08,동대문구,4293,115810
2024-11-08,동작구,2385,103987
2024-11-08,마포구,6387,289941
2024-11-08,서대문구,2559,107429
2024-11-08,서초구,4312,177005
2024-11-08,성동구,5279,143060
2024-11-08,성북구,2806,54111
2024-11-08,송파구,13227,213883
2024-11-08,양천구,9322,38654
2024-11-08,영등포구,13341,353762
2024-11-08,용산구,2567,0
2024-11-08,은평구,3311,133825
2024-11-08,종로구,5295,269261
2024-11-08,중구,3625,300457
2024-11-08,중랑구,3811,98633
2024-11-09,강남구,3991,254853
2024-11-09,강동구,5651,70041
2024-11-09,강북구,1726,43780
2024-11-09,강서구,13818,142825
2024-11-09,관악구,2866,142681
2024-11-09,광진구,6029,61149
2024-11-09,구로구,4882,96324
2024-11-09,금천구,1766,45035
2024-11-09,노원구,7885,127116
2024-11-09,도봉구,2798,84731
2024-11-09,동대문구,3557,89431
2024-11-09,동작구,2461,83301
2024-11-09,마포구,6336,256829
2024-11-09,서대문구,2404,92375
2024-11-09,서초구,3689,150909
2024-11-09,성동구,4309,106459
2024-11-09,성북구,2502,38911
2024-11-09,송파구,12082,147292
2024-11-09,양천구,8407,27429
2024-11-09,영등포구,10112,250962
2024-11-09,용산구,3090,0
2024-11-09,은평구,3178,106367
2024-11-09,종로구,3985,240188
2024-11-09,중구,2666,256750
2024-11-09,중랑구,3731,75616
2024-11-10,강남구,3606,150201
2024-11-10,강동구,5418,50240
2024-11-10,강북구,1577,33118
2024-11-10,강서구,11633,106618
2024-11-10,관악구,2881,101552
2024-11-10,광진구,5609,44396
2024-11-10,구로구,4469,70819
2024-11-10,금천구,1533,32895
2024-11-10,노원구,7152,92511
2024-11-10,도봉구,2651,65857
2024-11-10,동대문구,3341,66715
2024-11-10,동작구,2268,55324
2024-11-10,마포구,6598,194050
2024-11-10,서대문구,2199,61745
2024-11-10,서초구,3359,127202
2024-11-10,성동구,4085,78297
2024-11-10,성북구,2421,28452
2024-11-10,송파구,11342,103599
2024-11-10,양천구,7465,18927
2024-11-10,영등포구,9539,181119
2024-11-10,용산구,2771,0
2024-11-10,은평구,2937,77088
2024-11-10,종로구,3414,157222
2024-11-10,중구,2228,159348
2024-11-10,중랑구,3499,54482
2024-11-11,강남구,5219,398285
2024-11-11,강동구,6457,95474
2024-11-11,강북구,1916,50157
2024-11-11,강서구,20134,190739
2024-11-11,관악구,3063,156019
2024-11-11,광진구,6799,64159
2024-11-11,구로구,6676,132989
2024-11-11,금천구,3244,103400
2024-11-11,노원구,8951,158437
2024-11-11,도봉구,3184,98584
2024-11-11,동대문구,4709,110642
2024-11-11,동작구,2631,97106
2024-11-11,마포구,6798,261402
2024-11-11,서대문구,2726,101870
2024-11-11,서초구,4408,155946
2024-11-11,성동구,5597,133075
2024-11-11,성북구,3005,51713
2024-11-11,송파구,13804,206259
2024-11-11,양천구,9613,36957
2024-11-11,영등포구,14074,328818
2024-11-11,용산구,2521,0
2024-11-11,은평구,3641,128637
2024-11-11,종로구,5504,246162
2024-11-11,중구,3844,279005
2024-11-11,중랑구,4254,94238
2024-11-12,강남구,5208,411010
2024-11-12,강동구,6688,98034
2024-11-12,강북구,1895,51340
2024-11-12,강서구,20372,193659
2024-11-12,관악구,3093,162307
2024-11-12,광진구,6860,65018
2024-11-12,구로구,6810,134486
2024-11-12,금천구,3282,105161
2024-11-12,노원구,9256,160341
2024-11-12,도봉구,3246,100367
2024-11-12,동대문구,4981,112928
2024-11-12,동작구,2684,98644
2024-11-12,마포구,7008,266088
2024-11-12,서대문구,2828,104899
2024-11-12,서초구,4406,156660
2024-11-12,성동구,5910,137207
2024-11-12,성북구,3219,53298
2024-11-12,송파구,14038,211572
2024-11-12,양천구,9747,37849
2024-11-12,영등포구,14404,340415
2024-11-12,용산구,2639,0
2024-11-12,은평구,3503,131375
2024-11-12,종로구,5352,254579
2024-11-12,중구,3951,291086
2024-11-12,중랑구,4281,95688
2024-11-13,강남구,5284,409663
2024-11-13,강동구,6843,99069
2024-11-13,강북구,2022,52337
2024-11-13,강서구,21252,197087
2024-11-13,관악구,3097,164434
2024-11-13,광진구,7353,66669
2024-11-13,구로구,6916,135420
2024-11-13,금천구,3304,105404
2024-11-13,노원구,9451,164212
2024-11-13,도봉구,3396,102039
2024-11-13,동대문구,5031,113523
2024-11-13,동작구,2838,100464
2024-11-13,마포구,7142,271587
2024-11-13,서대문구,2762,104423
2024-11-13,서초구,4700,157495
2024-11-13,성동구,6011,139472
2024-11-13,성북구,3365,54493
2024-11-13,송파구,14111,212488
2024-11-13,양천구,10416,38260
2024-11-13,영등포구,14513,346388
2024-11-13,용산구,2800,0
2024-11-13,은평구,3573,133335
2024-11-13,종로구,5476,262848
2024-11-13,중구,4041,291066
2024-11-13,중랑구,4613,96325
2024-11-14,강남구,4356,407635
2024-11-14,강동구,5858,95860
2024-11-14,강북구,1759,49894
2024-11-14,강서구,17968,191601
2024-11-14,관악구,2752,162386
2024-11-14,광진구,6281,66567
2024-11-14,구로구,5774,132141
2024-11-14,금천구,2888,103025
2024-11-14,노원구,7748,157410
2024-11-14,도봉구,2819,97807
2024-11-14,동대문구,4312,111671
2024-11-14,동작구,2229,97196
2024-11-14,마포구,6020,271565
2024-11-14,서대문구,2479,103651
2024-11-14,서초구,3876,160887
2024-11-14,성동구,5243,137776
2024-11-14,성북구,2773,52842
2024-11-14,송파구,11990,205482
2024-11-14,양천구,8503,37105
2024-11-14,영등포구,12287,338845
2024-11-14,용산구,2153,0
2024-11-14,은평구,3227,127990
2024-11-14,종로구,4622,251467
2024-11-14,중구,3280,285234
2024-11-14,중랑구,3838,94281
2024-11-15,강남구,5081,417331
2024-11-15,강동구,6615,98256
2024-11-15,강북구,2076,50899
2024-11-15,강서구,20502,197150
2024-11-15,관악구,2938,171056
2024-11-15,광진구,7202,69773
2024-11-15,구로구,6394,134775
2024-11-15,금천구,3010,101922
2024-11-15,노원구,9437,165346
2024-11-15,도봉구,3349,101439
2024-11-15,동대문구,4721,114383
2024-11-15,동작구,2643,103727
2024-11-15,마포구,7375,291462
2024-11-15,서대문구,2843,105161
2024-11-15,서초구,4578,177274
2024-11-15,성동구,6005,144798
2024-11-15,성북구,3164,53155
2024-11-15,송파구,13675,211143
2024-11-15,양천구,9805,37878
2024-11-15,영등포구,14330,347505
2024-11-15,용산구,2879,0
2024-11-15,은평구,3896,132814
2024-11-15,종로구,5293,265067
2024-11-15,중구,3919,295997
2024-11-15,중랑구,4408,97781
2024-11-16,강남구,2552,257164
2024-11-16,강동구,3802,68312
2024-11-16,강북구,1197,41256
2024-11-16,강서구,8776,139010
2024-11-16,관악구,1776,139548
2024-11-16,광진구,3945,69760
2024-11-16,구로구,2967,92157
2024-11-16,금천구,1074,43521
2024-11-16,노원구,5442,125991
2024-11-16,도봉구,1911,79571
2024-11-16,동대문구,2582,88001
2024-11-16,동작구,1601,80846
2024-11-16,마포구,3571,249827
2024-11-16,서대문구,1496,89326
2024-11-16,서초구,2376,153188
2024-11-16,성동구,2805,104850
2024-11-16,성북구,1797,38514
2024-11-16,송파구,7965,145600
2024-11-16,양천구,5414,26985
2024-11-16,영등포구,6403,246624
2024-11-16,용산구,1553,0
2024-11-16,은평구,1990,100189
2024-11-16,종로구,2216,233716
2024-11-16,중구,1437,213994
2024-11-16,중랑구,2473,72665
2024-11-17,강남구,2322,160515
2024-11-17,강동구,3829,49611
2024-11-17,강북구,1172,31669
2024-11-17,강서구,8133,106436
2024-11-17,관악구,1958,102791
2024-11-17,광진구,3855,44942
2024-11-17,구로구,3074,67877
2024-11-17,금천구,1001,31384
2024-11-17,노원구,5515,93849
2024-11-17,도봉구,1909,62279
2024-11-17,동대문구,2593,69017
2024-11-17,동작구,1425,55082
2024-11-17,마포구,3754,195279
2024-11-17,서대문구,1592,64114
2024-11-17,서초구,2129,127967
2024-11-17,성동구,2557,77844
2024-11-17,성북구,1787,27979
2024-11-17,송파구,7561,116678
2024-11-17,양천구,5224,19635
2024-11-17,영등포구,6362,182864
2024-11-17,용산구,1513,0
2024-11-17,은평구,2097,75262
2024-11-17,종로구,2183,158847
2024-11-17,중구,1289,163939
2024-11-17,중랑구,2568,53476
2024-11-18,강남구,3480,395629
2024-11-18,강동구,4614,94746
2024-11-18,강북구,1383,48564
2024-11-18,강서구,14926,187592
2024-11-18,관악구,2063,155657
2024-11-18,광진구,4979,63956
2024-11-18,구로구,4909,128358
2024-11-18,금천구,2355,101956
2024-11-18,노원구,6509,155950
2024-11-18,도봉구,2221,93381
2024-11-18,동대문구,3330,106327
2024-11-18,동작구,1749,94136
2024-11-18,마포구,4392,261088
2024-11-18,서대문구,1934,98418
2024-11-18,서초구,3078,148230
2024-11-18,성동구,4047,131944
2024-11-18,성북구,2134,50860
2024-11-18,송파구,9467,201713
2024-11-18,양천구,6800,36379
2024-11-18,영등포구,9827,327273
2024-11-18,용산구,1642,0
2024-11-18,은평구,2444,125115
2024-11-18,종로구,3839,236021
2024-11-18,중구,2694,278588
2024-11-18,중랑구,3052,92182
2024-11-19,강남구,4189,409828
2024-11-19,강동구,5169,96557
2024-11-19,강북구,1538,50014
2024-11-19,강서구,16713,191080
2024-11-19,관악구,2369,160726
2024-11-19,광진구,5555,65142
2024-11-19,구로구,5409,130952
2024-11-19,금천구,2621,102667
2024-11-19,노원구,7456,158820
2024-11-19,도봉구,2530,97159
2024-11-19,동대문구,3854,109398
2024-11-19,동작구,2017,97819
2024-11-19,마포구,5227,266507
2024-11-19,서대문구,2139,102661
2024-11-19,서초구,3593,157728
2024-11-19,성동구,4666,135447
2024-11-19,성북구,2451,52615
2024-11-19,송파구,10948,209943
2024-11-19,양천구,7707,37436
2024-11-19,영등포구,11104,338487
2024-11-19,용산구,2028,0
2024-11-19,은평구,2657,127916
2024-11-19,종로구,4312,245159
2024-11-19,중구,3140,285474
2024-11-19,중랑구,3355,94468
2024-11-20,강남구,4076,413258
2024-11-20,강동구,5210,98455
2024-11-20,강북구,1567,50948
2024-11-20,강서구,16986,192994
2024-11-20,관악구,2074,164257
2024-11-20,광진구,5773,66081
2024-11-20,구로구,4796,131675
2024-11-20,금천구,2322,102231
2024-11-20,노원구,7814,161350
2024-11-20,도봉구,2654,97718
2024-11-20,동대문구,3979,112360
2024-11-20,동작구,1865,98298
2024-11-20,마포구,5280,269240
2024-11-20,서대문구,2090,103137
2024-11-20,서초구,3372,159239
2024-11-20,성동구,4653,136270
2024-11-20,성북구,2577,54411
2024-11-20,송파구,10894,210692
2024-11-20,양천구,7324,37514
2024-11-20,영등포구,10583,343594
2024-11-20,용산구,2010,0
2024-11-20,은평구,2804,129248
2024-11-20,종로구,4595,253211
2024-11-20,중구,3385,295728
2024-11-20,중랑구,3441,95199
2024-11-21,강남구,3838,415995
2024-11-21,강동구,5474,96701
2024-11-21,강북구,1623,50757
2024-11-21,강서구,17391,192845
2024-11-21,관악구,2247,165449
2024-11-21,광진구,5932,66203
2024-11-21,구로구,5096,129986
2024-11-21,금천구,2486,101943
2024-11-21,노원구,8092,159196
2024-11-21,도봉구,2612,97405
2024-11-21,동대문구,4093,112324
2024-11-21,동작구,1950,98918
2024-11-21,마포구,5552,275244
2024-11-21,서대문구,2324,103821
2024-11-21,서초구,3328,161571
2024-11-21,성동구,4851,138852
2024-11-21,성북구,2612,53659
2024-11-21,송파구,10593,211215
2024-11-21,양천구,7627,37872
2024-11-21,영등포구,10974,343119
2024-11-21,용산구,2141,0
2024-11-21,은평구,2907,129204
2024-11-21,종로구,4700,252283
2024-11-21,중구,3353,290607
2024-11-21,중랑구,3603,94275
2024-11-22,강남구,4175,426320
2024-11-22,강동구,5441,99048
2024-11-22,강북구,1567,51156
2024-11-22,강서구,17025,199031
2024-11-22,관악구,2406,173949
2024-11-22,광진구,5494,69839
2024-11-22,구로구,5460,132537
2024-11-22,금천구,2630,101091
2024-11-22,노원구,7831,164106
2024-11-22,도봉구,2731,99996
2024-11-22,동대문구,4031,113667
2024-11-22,동작구,1998,103255
2024-11-22,마포구,5283,293104
2024-11-22,서대문구,2221,105598
2024-11-22,서초구,3579,175050
2024-11-22,성동구,4686,148501
2024-11-22,성북구,2457,53567
2024-11-22,송파구,11010,214764
2024-11-22,양천구,8102,38564
2024-11-22,영등포구,11188,353995
2024-11-22,용산구,2145,0
2024-11-22,은평구,2829,131526
2024-11-22,종로구,4535,262396
2024-11-22,중구,3125,297903
2024-11-22,중랑구,3456,97695
2024-11-23,강남구,2960,261026
2024-11-23,강동구,4221,68410
2024-11-23,강북구,1368,40900
2024-11-23,강서구,10890,139863
2024-11-23,관악구,2196,142503
2024-11-23,광진구,4482,61774
2024-11-23,구로구,3767,93318
2024-11-23,금천구,1420,43842
2024-11-23,노원구,6351,124834
2024-11-23,도봉구,2212,79752
2024-11-23,동대문구,2952,89186
2024-11-23,동작구,1829,83470
2024-11-23,마포구,4339,253167
2024-11-23,서대문구,1763,88495
2024-11-23,서초구,2677,150428
2024-11-23,성동구,3254,120897
2024-11-23,성북구,1926,39237
2024-11-23,송파구,8838,143316
2024-11-23,양천구,6506,26924
2024-11-23,영등포구,7682,246246
2024-11-23,용산구,1882,0
2024-11-23,은평구,2484,100003
2024-11-23,종로구,2721,219986
2024-11-23,중구,1926,214110
2024-11-23,중랑구,2933,72943
2024-11-24,강남구,2700,158775
2024-11-24,강동구,3785,50012
2024-11-24,강북구,1252,33159
2024-11-24,강서구,9223,106853
2024-11-24,관악구,1998,100580
2024-11-24,광진구,4148,45941
2024-11-24,구로구,3452,68322
2024-11-24,금천구,1170,32117
2024-11-24,노원구,5775,91715
2024-11-24,도봉구,1881,62989
2024-11-24,동대문구,2688,66339
2024-11-24,동작구,1643,57815
2024-11-24,마포구,4256,187501
2024-11-24,서대문구,1683,64862
2024-11-24,서초구,2410,123667
2024-11-24,성동구,2980,97771
2024-11-24,성북구,1830,29596
2024-11-24,송파구,8215,103971
2024-11-24,양천구,5916,19404
2024-11-24,영등포구,6755,179008
2024-11-24,용산구,1849,0
2024-11-24,은평구,2159,73888
2024-11-24,종로구,2599,153777
2024-11-24,중구,1734,156844
2024-11-24,중랑구,2504,52842
2024-11-25,강남구,4356,399303
2024-11-25,강동구,5309,97618
2024-11-25,강북구,1656,49677
2024-11-25,강서구,17483,192493
2024-11-25,관악구,2501,158386
2024-11-25,광진구,5539,64030
2024-11-25,구로구,5612,131085
2024-11-25,금천구,2725,103027
2024-11-25,노원구,7959,159402
2024-11-25,도봉구,2710,96865
2024-11-25,동대문구,3986,109839
2024-11-25,동작구,2169,96791
2024-11-25,마포구,5543,263144
2024-11-25,서대문구,2252,100133
2024-11-25,서초구,3562,157988
2024-11-25,성동구,4886,134189
2024-11-25,성북구,2602,51861
2024-11-25,송파구,11083,205521
2024-11-25,양천구,8168,37007
2024-11-25,영등포구,11873,332674
2024-11-25,용산구,2131,0
2024-11-25,은평구,2874,128853
2024-11-25,종로구,4572,242044
2024-11-25,중구,3374,280370
2024-11-25,중랑구,3528,94373
2024-11-26,강남구,1050,414263
2024-11-26,강동구,1338,96984
2024-11-26,강북구,363,48877
2024-11-26,강서구,5435,192976
2024-11-26,관악구,646,159883
2024-11-26,광진구,1686,64403
2024-11-26,구로구,1594,129871
2024-11-26,금천구,744,103504
2024-11-26,노원구,2043,158043
2024-11-26,도봉구,667,94408
2024-11-26,동대문구,1087,108172
2024-11-26,동작구,498,97244
2024-11-26,마포구,1482,266119
2024-11-26,서대문구,601,100952
2024-11-26,서초구,871,157784
2024-11-26,성동구,1316,135756
2024-11-26,성북구,740,51775
2024-11-26,송파구,2618,211029
2024-11-26,양천구,2280,37773
2024-11-26,영등포구,3379,340965
2024-11-26,용산구,520,0
2024-11-26,은평구,689,126734
2024-11-26,종로구,1299,247757
2024-11-26,중구,934,289063
2024-11-26,중랑구,900,93485
2024-11-27,강남구,557,427806
2024-11-27,강동구,758,103797
2024-11-27,강북구,285,52173
2024-11-27,강서구,2424,204997
2024-11-27,관악구,261,165378
2024-11-27,광진구,1115,69081
2024-11-27,구로구,826,135824
2024-11-27,금천구,367,111790
2024-11-27,노원구,1856,166534
2024-11-27,도봉구,664,98265
2024-11-27,동대문구,752,112151
2024-11-27,동작구,222,101705
2024-11-27,마포구,737,281860
2024-11-27,서대문구,323,105780
2024-11-27,서초구,426,165305
2024-11-27,성동구,912,142384
2024-11-27,성북구,480,56393
2024-11-27,송파구,1484,224585
2024-11-27,양천구,1497,39258
2024-11-27,영등포구,2060,364264
2024-11-27,용산구,300,0
2024-11-27,은평구,401,132228
2024-11-27,종로구,645,262253
2024-11-27,중구,465,301866
2024-11-27,중랑구,723,96827
2024-11-28,강남구,949,401125
2024-11-28,강동구,1846,101598
2024-11-28,강북구,672,50465
2024-11-28,강서구,5372,200818
2024-11-28,관악구,557,157481
2024-11-28,광진구,2321,66351
2024-11-28,구로구,1448,134606
2024-11-28,금천구,547,105844
2024-11-28,노원구,3575,161302
2024-11-28,도봉구,1338,96797
2024-11-28,동대문구,1649,110886
2024-11-28,동작구,462,99066
2024-11-28,마포구,1807,276913
2024-11-28,서대문구,719,102991
2024-11-28,서초구,749,160229
2024-11-28,성동구,1776,139051
2024-11-28,성북구,1021,53707
2024-11-28,송파구,2906,222166
2024-11-28,양천구,2792,39079
2024-11-28,영등포구,3720,350467
2024-11-28,용산구,671,0
2024-11-28,은평구,1130,129620
2024-11-28,종로구,1553,247321
2024-11-28,중구,1149,290743
2024-11-28,중랑구,1497,94606
2024-11-29,강남구,1975,426504
2024-11-29,강동구,3138,100991
2024-11-29,강북구,947,50197
2024-11-29,강서구,10112,202609
2024-11-29,관악구,1175,173169
2024-11-29,광진구,3609,70773
2024-11-29,구로구,2951,137125
2024-11-29,금천구,1184,103630
2024-11-29,노원구,5076,163205
2024-11-29,도봉구,1711,99155
2024-11-29,동대문구,2425,113919
2024-11-29,동작구,1019,105179
2024-11-29,마포구,3098,296240
2024-11-29,서대문구,1299,106145
2024-11-29,서초구,1504,175833
2024-11-29,성동구,2791,146785
2024-11-29,성북구,1545,53525
2024-11-29,송파구,5467,221560
2024-11-29,양천구,4933,38637
2024-11-29,영등포구,7001,362789
2024-11-29,용산구,1246,0
2024-11-29,은평구,1684,132055
2024-11-29,종로구,2666,259502
2024-11-29,중구,1882,300626
2024-11-29,중랑구,2193,97147
2024-11-30,강남구,1634,257867
2024-11-30,강동구,2618,68449
2024-11-30,강북구,806,39299
2024-11-30,강서구,7070,141411
2024-11-30,관악구,1290,140273
2024-11-30,광진구,2664,61453
2024-11-30,구로구,2295,95035
2024-11-30,금천구,851,43371
2024-11-30,노원구,3823,120002
2024-11-30,도봉구,1388,76178
2024-11-30,동대문구,1804,86317
2024-11-30,동작구,996,81673
2024-11-30,마포구,2556,254011
2024-11-30,서대문구,974,83476
2024-11-30,서초구,1509,149707
2024-11-30,성동구,2017,112352
2024-11-30,성북구,1221,37175
2024-11-30,송파구,4880,141949
2024-11-30,양천구,4206,25888
2024-11-30,영등포구,4885,247188
2024-11-30,용산구,1101,0
2024-11-30,은평구,1398,98714
2024-11-30,종로구,1680,206181
2024-11-30,중구,1093,201982
2024-11-30,중랑구,1736,71897
2024-12-01,강남구,1659,154423
2024-12-01,강동구,2700,49686
2024-12-01,강북구,878,31456
2024-12-01,강서구,6660,108782
2024-12-01,관악구,1325,100646
2024-12-01,광진구,2746,45856
2024-12-01,구로구,2374,69613
2024-12-01,금천구,767,31413
2024-12-01,노원구,4078,90391
2024-12-01,도봉구,1399,60743
2024-12-01,동대문구,1854,66321
2024-12-01,동작구,1025,56497
2024-12-01,마포구,2589,188599
2024-12-01,서대문구,1085,63357
2024-12-01,서초구,1532,123390
2024-12-01,성동구,2021,83997
2024-12-01,성북구,1316,27708
2024-12-01,송파구,5230,101176
2024-12-01,양천구,4427,19112
2024-12-01,영등포구,4923,185281
2024-12-01,용산구,1166,0
2024-12-01,은평구,1458,73026
2024-12-01,종로구,1664,136216
2024-12-01,중구,1091,144695
2024-12-01,중랑구,1807,52894
2024-12-02,강남구,3131,402367
2024-12-02,강동구,4101,97531
2024-12-02,강북구,1180,49058
2024-12-02,강서구,13746,192321
2024-12-02,관악구,1830,157182
2024-12-02,광진구,4327,63447
2024-12-02,구로구,4354,131482
2024-12-02,금천구,2063,104254
2024-12-02,노원구,6074,158297
2024-12-02,도봉구,2117,96027
2024-12-02,동대문구,2955,110250
2024-12-02,동작구,1542,96209
2024-12-02,마포구,4170,264474
2024-12-02,서대문구,1733,100004
2024-12-02,서초구,2722,154237
2024-12-02,성동구,3760,133400
2024-12-02,성북구,2104,51883
2024-12-02,송파구,8473,206904
2024-12-02,양천구,6365,37192
2024-12-02,영등포구,9199,333733
2024-12-02,용산구,1579,0
2024-12-02,은평구,2287,128114
2024-12-02,종로구,3634,239766
2024-12-02,중구,2716,281233
2024-12-02,중랑구,2655,93441
2024-12-03,강남구,2845,416287
2024-12-03,강동구,3912,98701
2024-12-03,강북구,1139,49730
2024-12-03,강서구,13217,193918
2024-12-03,관악구,1732,162100
2024-12-03,광진구,4345,64417
2024-12-03,구로구,4089,132239
2024-12-03,금천구,2040,105379
2024-12-03,노원구,5955,159883
2024-12-03,도봉구,1939,97032
2024-12-03,동대문구,2998,110345
2024-12-03,동작구,1475,99013
2024-12-03,마포구,3861,269226
2024-12-03,서대문구,1642,101480
2024-12-03,서초구,2489,158109
2024-12-03,성동구,3479,134893
2024-12-03,성북구,1969,52677
2024-12-03,송파구,7847,211171
2024-12-03,양천구,5837,37896
2024-12-03,영등포구,8629,345018
2024-12-03,용산구,1519,0
2024-12-03,은평구,2079,128887
2024-12-03,종로구,3285,247032
2024-12-03,중구,2339,287083
2024-12-03,중랑구,2598,94637
2024-12-04,강남구,2890,406003
2024-12-04,강동구,4061,98110
2024-12-04,강북구,1219,49634
2024-12-04,강서구,13669,191711
2024-12-04,관악구,1895,161179
2024-12-04,광진구,4445,64639
2024-12-04,구로구,4189,133584
2024-12-04,금천구,1988,103499
2024-12-04,노원구,5952,159034
2024-12-04,도봉구,2015,96180
2024-12-04,동대문구,2992,109689
2024-12-04,동작구,1528,98318
2024-12-04,마포구,3949,263914
2024-12-04,서대문구,1704,100579
2024-12-04,서초구,2444,153541
2024-12-04,성동구,3529,132985
2024-12-04,성북구,2046,52446
2024-12-04,송파구,8096,209667
2024-12-04,양천구,6251,36943
2024-12-04,영등포구,9035,350531
2024-12-04,용산구,1520,0
2024-12-04,은평구,2087,128529
2024-12-04,종로구,3363,244793
2024-12-04,중구,2479,288985
2024-12-04,중랑구,2555,94004
2024-12-05,강남구,2582,413831
2024-12-05,강동구,3358,98597
2024-12-05,강북구,1039,48813
2024-12-05,강서구,11593,192969
2024-12-05,관악구,1577,164576
2024-12-05,광진구,3749,65858
2024-12-05,구로구,3635,130228
2024-12-05,금천구,1775,101973
2024-12-05,노원구,5413,158487
2024-12-05,도봉구,1846,95299
2024-12-05,동대문구,2571,108445
2024-12-05,동작구,1309,98916
2024-12-05,마포구,3292,270862
2024-12-05,서대문구,1570,100969
2024-12-05,서초구,2195,161961
2024-12-05,성동구,3049,135315
2024-12-05,성북구,1754,52144
2024-12-05,송파구,6908,209334
2024-12-05,양천구,5104,37268
2024-12-05,영등포구,7435,347765
2024-12-05,용산구,1253,0
2024-12-05,은평구,1940,127284
2024-12-05,종로구,2932,248605
2024-12-05,중구,2145,292142
2024-12-05,중랑구,2283,94772
2024-12-06,강남구,2805,422179
2024-12-06,강동구,3919,99681
2024-12-06,강북구,1167,49398
2024-12-06,강서구,12558,199834
2024-12-06,관악구,1644,175395
2024-12-06,광진구,3766,68582
2024-12-06,구로구,4169,132815
2024-12-06,금천구,2005,101057
2024-12-06,노원구,5855,162350
2024-12-06,도봉구,1954,97299
2024-12-06,동대문구,2877,110105
2024-12-06,동작구,1392,105833
2024-12-06,마포구,3749,289781
2024-12-06,서대문구,1636,103724
2024-12-06,서초구,2455,180139
2024-12-06,성동구,3448,140547
2024-12-06,성북구,1928,53071
2024-12-06,송파구,7821,214376
2024-12-06,양천구,6031,38287
2024-12-06,영등포구,8581,380258
2024-12-06,용산구,1423,0
2024-12-06,은평구,1974,131214
2024-12-06,종로구,3361,260662
2024-12-06,중구,2421,304636
2024-12-06,중랑구,2405,96026
2024-12-07,강남구,1694,261376
2024-12-07,강동구,2830,71581
2024-12-07,강북구,911,40644
2024-12-07,강서구,7580,148907
2024-12-07,관악구,1464,153085
2024-12-07,광진구,2775,58820
2024-12-07,구로구,2727,98031
2024-12-07,금천구,960,43570
2024-12-07,노원구,4264,124940
2024-12-07,도봉구,1423,78481
2024-12-07,동대문구,1952,85314
2024-12-07,동작구,1805,89997
2024-12-07,마포구,3183,269287
2024-12-07,서대문구,1273,86302
2024-12-07,서초구,1806,165220
2024-12-07,성동구,1959,103083
2024-12-07,성북구,1368,39138
2024-12-07,송파구,5348,148342
2024-12-07,양천구,4557,28458
2024-12-07,영등포구,8027,437142
2024-12-07,용산구,1133,0
2024-12-07,은평구,1574,103969
2024-12-07,종로구,1751,202804
2024-12-07,중구,1071,201758
2024-12-07,중랑구,1987,73863
2024-12-08,강남구,1420,153056
2024-12-08,강동구,2197,48993
2024-12-08,강북구,847,29344
2024-12-08,강서구,5745,102722
2024-12-08,관악구,1091,101511
2024-12-08,광진구,2363,41862
2024-12-08,구로구,2158,67383
2024-12-08,금천구,665,29088
2024-12-08,노원구,3606,87851
2024-12-08,도봉구,1272,57662
2024-12-08,동대문구,1608,59949
2024-12-08,동작구,899,55781
2024-12-08,마포구,2211,178060
2024-12-08,서대문구,892,63698
2024-12-08,서초구,1264,124550
2024-12-08,성동구,1633,73821
2024-12-08,성북구,1189,26596
2024-12-08,송파구,4364,97286
2024-12-08,양천구,3630,18573
2024-12-08,영등포구,4321,200257
2024-12-08,용산구,918,0
2024-12-08,은평구,1281,71967
2024-12-08,종로구,1373,127406
2024-12-08,중구,904,135943
2024-12-08,중랑구,1532,51388
2024-12-09,강남구,2641,396202
2024-12-09,강동구,3498,97321
2024-12-09,강북구,1113,48191
2024-12-09,강서구,12614,188459
2024-12-09,관악구,1641,156214
2024-12-09,광진구,4035,62561
2024-12-09,구로구,3808,127646
2024-12-09,금천구,1948,101124
2024-12-09,노원구,5479,154692
2024-12-09,도봉구,1802,93373
2024-12-09,동대문구,2834,105066
2024-12-09,동작구,1432,95104
2024-12-09,마포구,3758,255818
2024-12-09,서대문구,1387,95645
2024-12-09,서초구,2295,153712
2024-12-09,성동구,3235,127154
2024-12-09,성북구,1834,50493
2024-12-09,송파구,7672,203804
2024-12-09,양천구,5642,36380
2024-12-09,영등포구,8317,340586
2024-12-09,용산구,1393,0
2024-12-09,은평구,1950,125534
2024-12-09,종로구,3148,233702
2024-12-09,중구,2334,274159
2024-12-09,중랑구,2362,92160
2024-12-10,강남구,2717,414397
2024-12-10,강동구,3841,99263
2024-12-10,강북구,1165,50099
2024-12-10,강서구,13347,194791
2024-12-10,관악구,1748,165220
2024-12-10,광진구,4377,64588
2024-12-10,구로구,4176,129701
2024-12-10,금천구,2078,102583
2024-12-10,노원구,5895,160159
2024-12-10,도봉구,1806,97634
2024-12-10,동대문구,3029,107866
2024-12-10,동작구,1421,99136
2024-12-10,마포구,3914,267404
2024-12-10,서대문구,1589,99686
2024-12-10,서초구,2440,159335
2024-12-10,성동구,3606,133393
2024-12-10,성북구,1915,52560
2024-12-10,송파구,8116,211774
2024-12-10,양천구,5883,38566
2024-12-10,영등포구,8850,353172
2024-12-10,용산구,1479,0
2024-12-10,은평구,2077,129310
2024-12-10,종로구,3265,247780
2024-12-10,중구,2483,285234
2024-12-10,중랑구,2648,95099
2024-12-11,강남구,2924,414980
2024-12-11,강동구,4024,100559
2024-12-11,강북구,1242,50343
2024-12-11,강서구,13356,195363
2024-12-11,관악구,1883,168456
2024-12-11,광진구,4580,66307
2024-12-11,구로구,4212,130224
2024-12-11,금천구,2071,102107
2024-12-11,노원구,6145,163794
2024-12-11,도봉구,1954,98056
2024-12-11,동대문구,3081,108950
2024-12-11,동작구,1592,99603
2024-12-11,마포구,4077,270425
2024-12-11,서대문구,1715,99153
2024-12-11,서초구,2519,160751
2024-12-11,성동구,3603,135963
2024-12-11,성북구,2029,52655
2024-12-11,송파구,8407,214116
2024-12-11,양천구,6221,37991
2024-12-11,영등포구,8915,363953
2024-12-11,용산구,1550,0
2024-12-11,은평구,2254,130367
2024-12-11,종로구,3417,252590
2024-12-11,중구,2542,288562
2024-12-11,중랑구,2712,95040
2024-12-12,강남구,2708,420864
2024-12-12,강동구,3912,100497
2024-12-12,강북구,1144,50263
2024-12-12,강서구,12709,196905
2024-12-12,관악구,1658,171210
2024-12-12,광진구,4249,66912
2024-12-12,구로구,3878,131875
2024-12-12,금천구,1903,103444
2024-12-12,노원구,5792,162372
2024-12-12,도봉구,1844,98138
2024-12-12,동대문구,2808,110540
2024-12-12,동작구,1381,101733
2024-12-12,마포구,3760,277575
2024-12-12,서대문구,1592,101104
2024-12-12,서초구,2239,166401
2024-12-12,성동구,3467,137155
2024-12-12,성북구,1817,53071
2024-12-12,송파구,7972,215270
2024-12-12,양천구,5761,38231
2024-12-12,영등포구,8419,363690
2024-12-12,용산구,1489,0
2024-12-12,은평구,2019,129997
2024-12-12,종로구,3172,256705
2024-12-12,중구,2334,296711
2024-12-12,중랑구,2488,95296
2024-12-13,강남구,2727,429729
2024-12-13,강동구,3790,102562
2024-12-13,강북구,1161,50751
2024-12-13,강서구,12403,203431
2024-12-13,관악구,1717,181416
2024-12-13,광진구,3988,70972
2024-12-13,구로구,3793,135128
2024-12-13,금천구,1797,102006
2024-12-13,노원구,5568,166644
2024-12-13,도봉구,1782,99949
2024-12-13,동대문구,2781,112334
2024-12-13,동작구,1386,107218
2024-12-13,마포구,3605,298365
2024-12-13,서대문구,1565,106427
2024-12-13,서초구,2346,181266
2024-12-13,성동구,3257,141893
2024-12-13,성북구,1697,53727
2024-12-13,송파구,7616,219492
2024-12-13,양천구,5800,39166
2024-12-13,영등포구,8382,393408
2024-12-13,용산구,1397,0
2024-12-13,은평구,1980,133276
2024-12-13,종로구,2963,265717
2024-12-13,중구,2181,298491
2024-12-13,중랑구,2476,97381
2024-12-14,강남구,1662,273781
2024-12-14,강동구,2688,74660
2024-12-14,강북구,895,41992
2024-12-14,강서구,7316,155202
2024-12-14,관악구,1313,160238
2024-12-14,광진구,2812,61779
2024-12-14,구로구,2559,101177
2024-12-14,금천구,923,46638
2024-12-14,노원구,3997,129500
2024-12-14,도봉구,1333,81457
2024-12-14,동대문구,1932,87328
2024-12-14,동작구,1546,95127
2024-12-14,마포구,3313,297984
2024-12-14,서대문구,1059,86845
2024-12-14,서초구,1672,167883
2024-12-14,성동구,1866,101870
2024-12-14,성북구,1276,40278
2024-12-14,송파구,5076,157034
2024-12-14,양천구,4216,28765
2024-12-14,영등포구,8878,464467
2024-12-14,용산구,1109,0
2024-12-14,은평구,1527,107612
2024-12-14,종로구,1597,216129
2024-12-14,중구,1093,216166
2024-12-14,중랑구,1776,75943
2024-12-15,강남구,1507,160721
2024-12-15,강동구,2334,49846
2024-12-15,강북구,799,30633
2024-12-15,강서구,5787,106065
2024-12-15,관악구,1279,103754
2024-12-15,광진구,2591,44498
2024-12-15,구로구,2107,68086
2024-12-15,금천구,674,30496
2024-12-15,노원구,3688,89937
2024-12-15,도봉구,1156,59374
2024-12-15,동대문구,1690,61935
2024-12-15,동작구,980,56726
2024-12-15,마포구,2387,189569
2024-12-15,서대문구,1042,60393
2024-12-15,서초구,1281,121845
2024-12-15,성동구,1581,74842
2024-12-15,성북구,1092,27154
2024-12-15,송파구,4425,102907
2024-12-15,양천구,3579,18196
2024-12-15,영등포구,4191,180327
2024-12-15,용산구,1004,0
2024-12-15,은평구,1273,72686
2024-12-15,종로구,1391,137855
2024-12-15,중구,991,140927
2024-12-15,중랑구,1648,52898
2024-12-16,강남구,2149,405767
2024-12-16,강동구,2874,97302
2024-12-16,강북구,1012,47834
2024-12-16,강서구,11323,189803
2024-12-16,관악구,1379,158225
2024-12-16,광진구,3487,63021
2024-12-16,구로구,3346,128822
2024-12-16,금천구,1531,102021
2024-12-16,노원구,4677,155850
2024-12-16,도봉구,1433,94061
2024-12-16,동대문구,2488,105929
2024-12-16,동작구,1110,95653
2024-12-16,마포구,3268,261898
2024-12-16,서대문구,1377,96286
2024-12-16,서초구,1856,158437
2024-12-16,성동구,3015,131684
2024-12-16,성북구,1574,50059
2024-12-16,송파구,6115,204430
2024-12-16,양천구,5260,36720
2024-12-16,영등포구,7612,334089
2024-12-16,용산구,1198,0
2024-12-16,은평구,1664,125583
2024-12-16,종로구,2791,244823
2024-12-16,중구,2028,276019
2024-12-16,중랑구,2155,92905
2024-12-17,강남구,2388,424216
2024-12-17,강동구,3245,98777
2024-12-17,강북구,1128,50005
2024-12-17,강서구,11912,196718
2024-12-17,관악구,1487,168530
2024-12-17,광진구,3731,66607
2024-12-17,구로구,3645,132544
2024-12-17,금천구,1746,103851
2024-12-17,노원구,5133,161146
2024-12-17,도봉구,1562,97902
2024-12-17,동대문구,2559,109023
2024-12-17,동작구,1273,99620
2024-12-17,마포구,3463,275054
2024-12-17,서대문구,1394,99673
2024-12-17,서초구,2202,164000
2024-12-17,성동구,3149,138897
2024-12-17,성북구,1685,51716
2024-12-17,송파구,6859,213609
2024-12-17,양천구,5339,38888
2024-12-17,영등포구,7728,346294
2024-12-17,용산구,1272,0
2024-12-17,은평구,1815,128895
2024-12-17,종로구,3030,255326
2024-12-17,중구,2068,286518
2024-12-17,중랑구,2270,95200
2024-12-18,강남구,2181,419224
2024-12-18,강동구,3036,98674
2024-12-18,강북구,944,49306
2024-12-18,강서구,10720,193769
2024-12-18,관악구,1389,167029
2024-12-18,광진구,3517,67710
2024-12-18,구로구,3277,131675
2024-12-18,금천구,1681,102634
2024-12-18,노원구,4886,161585
2024-12-18,도봉구,1544,96103
2024-12-18,동대문구,2499,108412
2024-12-18,동작구,1111,99352
2024-12-18,마포구,3062,274242
2024-12-18,서대문구,1285,98074
2024-12-18,서초구,2033,162407
2024-12-18,성동구,2799,137444
2024-12-18,성북구,1559,51826
2024-12-18,송파구,6377,211199
2024-12-18,양천구,4693,37472
2024-12-18,영등포구,6908,349205
2024-12-18,용산구,1130,0
2024-12-18,은평구,1614,128404
2024-12-18,종로구,2655,259190
2024-12-18,중구,1967,287656
2024-12-18,중랑구,2072,94398
2024-12-19,강남구,2387,427982
2024-12-19,강동구,3229,98608
2024-12-19,강북구,1051,49117
2024-12-19,강서구,11150,196888
2024-12-19,관악구,1434,170390
2024-12-19,광진구,3499,68927
2024-12-19,구로구,3359,132267
2024-12-19,금천구,1679,102823
2024-12-19,노원구,4883,160469
2024-12-19,도봉구,1591,97513
2024-12-19,동대문구,2523,110052
2024-12-19,동작구,1150,99775
2024-12-19,마포구,3271,282622
2024-12-19,서대문구,1334,100173
2024-12-19,서초구,2151,166199
2024-12-19,성동구,3035,138710
2024-12-19,성북구,1569,51799
2024-12-19,송파구,6768,214156
2024-12-19,양천구,5022,37772
2024-12-19,영등포구,7200,350072
2024-12-19,용산구,1152,0
2024-12-19,은평구,1678,129745
2024-12-19,종로구,2802,260335
2024-12-19,중구,2007,286285
2024-12-19,중랑구,2187,95356
2024-12-20,강남구,2300,441341
2024-12-20,강동구,3342,101855
2024-12-20,강북구,987,51193
2024-12-20,강서구,11259,204399
2024-12-20,관악구,1428,181800
2024-12-20,광진구,3602,73721
2024-12-20,구로구,3455,138462
2024-12-20,금천구,1650,102166
2024-12-20,노원구,5094,168059
2024-12-20,도봉구,1636,100705
2024-12-20,동대문구,2551,115465
2024-12-20,동작구,1239,107514
2024-12-20,마포구,3377,303480
2024-12-20,서대문구,1333,104338
2024-12-20,서초구,2051,185697
2024-12-20,성동구,3014,145877
2024-12-20,성북구,1562,53383
2024-12-20,송파구,6631,223469
2024-12-20,양천구,5041,39220
2024-12-20,영등포구,7370,367127
2024-12-20,용산구,1195,0
2024-12-20,은평구,1756,134989
2024-12-20,종로구,2911,276031
2024-12-20,중구,1964,299935
2024-12-20,중랑구,2191,100132
2024-12-21,강남구,1046,276442
2024-12-21,강동구,1682,73945
2024-12-21,강북구,592,43482
2024-12-21,강서구,4962,147605
2024-12-21,관악구,804,157074
2024-12-21,광진구,1806,64956
2024-12-21,구로구,1623,99117
2024-12-21,금천구,621,43461
2024-12-21,노원구,2894,130002
2024-12-21,도봉구,955,79719
2024-12-21,동대문구,1298,87186
2024-12-21,동작구,681,87278
2024-12-21,마포구,1706,274315
2024-12-21,서대문구,703,92723
2024-12-21,서초구,1020,159570
2024-12-21,성동구,1237,108716
2024-12-21,성북구,792,39186
2024-12-21,송파구,3132,156957
2024-12-21,양천구,3000,27556
2024-12-21,영등포구,3369,262525
2024-12-21,용산구,651,0
2024-12-21,은평구,1029,107145
2024-12-21,종로구,1267,251255
2024-12-21,중구,784,251147
2024-12-21,중랑구,1159,76444
2024-12-22,강남구,960,164306
2024-12-22,강동구,1699,49711
2024-12-22,강북구,652,29435
2024-12-22,강서구,4656,104470
2024-12-22,관악구,883,107050
2024-12-22,광진구,1891,51713
2024-12-22,구로구,1596,66019
2024-12-22,금천구,547,29503
2024-12-22,노원구,2674,88736
2024-12-22,도봉구,897,56518
2024-12-22,동대문구,1298,61119
2024-12-22,동작구,670,56543
2024-12-22,마포구,1741,199895
2024-12-22,서대문구,771,60059
2024-12-22,서초구,955,123679
2024-12-22,성동구,1272,82159
2024-12-22,성북구,805,30024
2024-12-22,송파구,3089,105217
2024-12-22,양천구,2760,18128
2024-12-22,영등포구,3167,176802
2024-12-22,용산구,663,0
2024-12-22,은평구,888,72091
2024-12-22,종로구,1020,136997
2024-12-22,중구,722,150631
2024-12-22,중랑구,1192,51076
2024-12-23,강남구,2265,416023
2024-12-23,강동구,2943,96467
2024-12-23,강북구,920,47533
2024-12-23,강서구,10513,193419
2024-12-23,관악구,1461,161405
2024-12-23,광진구,3250,66612
2024-12-23,구로구,3357,129071
2024-12-23,금천구,1662,101099
2024-12-23,노원구,4557,156200
2024-12-23,도봉구,1424,93257
2024-12-23,동대문구,2375,106575
2024-12-23,동작구,1237,96094
2024-12-23,마포구,3213,281584
2024-12-23,서대문구,1278,95996
2024-12-23,서초구,2027,162363
2024-12-23,성동구,2840,135542
2024-12-23,성북구,1453,49945
2024-12-23,송파구,6207,203905
2024-12-23,양천구,5073,36563
2024-12-23,영등포구,7283,340128
2024-12-23,용산구,1179,0
2024-12-23,은평구,1590,126835
2024-12-23,종로구,2720,250726
2024-12-23,중구,1987,286168
2024-12-23,중랑구,2061,92484
2024-12-24,강남구,2229,410383
2024-12-24,강동구,3142,98504
2024-12-24,강북구,1008,50206
2024-12-24,강서구,10874,199098
2024-12-24,관악구,1441,163367
2024-12-24,광진구,3330,70842
2024-12-24,구로구,3406,130622
2024-12-24,금천구,1617,100256
2024-12-24,노원구,4668,158973
2024-12-24,도봉구,1522,96690
2024-12-24,동대문구,2303,108977
2024-12-24,동작구,1154,98801
2024-12-24,마포구,3269,297220
2024-12-24,서대문구,1390,100725
2024-12-24,서초구,2013,169712
2024-12-24,성동구,2912,146663
2024-12-24,성북구,1457,51990
2024-12-24,송파구,6542,208375
2024-12-24,양천구,5162,36940
2024-12-24,영등포구,7372,348972
2024-12-24,용산구,1165,0
2024-12-24,은평구,1678,130963
2024-12-24,종로구,2791,276486
2024-12-24,중구,2000,315783
2024-12-24,중랑구,2111,94094
2024-12-25,강남구,1240,165485
2024-12-25,강동구,1953,53510
2024-12-25,강북구,724,33014
2024-12-25,강서구,5349,113817
2024-12-25,관악구,1072,105646
2024-12-25,광진구,2043,58043
2024-12-25,구로구,1835,70414
2024-12-25,금천구,617,31737
2024-12-25,노원구,3225,99314
2024-12-25,도봉구,1077,61283
2024-12-25,동대문구,1337,65649
2024-12-25,동작구,802,58539
2024-12-25,마포구,2010,234723
2024-12-25,서대문구,874,63906
2024-12-25,서초구,1014,107041
2024-12-25,성동구,1457,104899
2024-12-25,성북구,1050,29404
2024-12-25,송파구,4206,111241
2024-12-25,양천구,3015,19359
2024-12-25,영등포구,3979,190492
2024-12-25,용산구,849,0
2024-12-25,은평구,1075,79284
2024-12-25,종로구,1379,189333
2024-12-25,중구,973,226114
2024-12-25,중랑구,1439,55534
2024-12-26,강남구,1913,402247
2024-12-26,강동구,2744,94368
2024-12-26,강북구,899,47937
2024-12-26,강서구,9528,189323
2024-12-26,관악구,1222,161562
2024-12-26,광진구,3069,65546
2024-12-26,구로구,2924,127542
2024-12-26,금천구,1396,95316
2024-12-26,노원구,4357,154160
2024-12-26,도봉구,1405,93844
2024-12-26,동대문구,2201,105483
2024-12-26,동작구,1037,95086
2024-12-26,마포구,2860,281996
2024-12-26,서대문구,1273,96703
2024-12-26,서초구,1718,159153
2024-12-26,성동구,2649,133513
2024-12-26,성북구,1497,48843
2024-12-26,송파구,5592,201139
2024-12-26,양천구,4433,35896
2024-12-26,영등포구,6485,334101
2024-12-26,용산구,988,0
2024-12-26,은평구,1548,126049
2024-12-26,종로구,2469,259567
2024-12-26,중구,1780,282286
2024-12-26,중랑구,2066,90816
2024-12-27,강남구,1843,410211
2024-12-27,강동구,2775,96765
2024-12-27,강북구,914,48667
2024-12-27,강서구,9409,191737
2024-12-27,관악구,1257,167917
2024-12-27,광진구,3088,75526
2024-12-27,구로구,3071,128971
2024-12-27,금천구,1421,94364
2024-12-27,노원구,4308,158486
2024-12-27,도봉구,1397,95673
2024-12-27,동대문구,2073,106930
2024-12-27,동작구,993,98711
2024-12-27,마포구,2869,285043
2024-12-27,서대문구,1260,99327
2024-12-27,서초구,1836,169848
2024-12-27,성동구,2464,133805
2024-12-27,성북구,1357,49561
2024-12-27,송파구,5809,207008
2024-12-27,양천구,4501,36492
2024-12-27,영등포구,6230,340928
2024-12-27,용산구,964,0
2024-12-27,은평구,1463,126835
2024-12-27,종로구,2406,261586
2024-12-27,중구,1617,287972
2024-12-27,중랑구,1915,93458
2024-12-28,강남구,1205,246915
2024-12-28,강동구,2051,66238
2024-12-28,강북구,667,37976
2024-12-28,강서구,5682,133653
2024-12-28,관악구,1037,133943
2024-12-28,광진구,2069,56424
2024-12-28,구로구,1950,89881
2024-12-28,금천구,727,39597
2024-12-28,노원구,3239,115973
2024-12-28,도봉구,1081,73044
2024-12-28,동대문구,1402,81855
2024-12-28,동작구,792,76142
2024-12-28,마포구,1951,239408
2024-12-28,서대문구,906,79221
2024-12-28,서초구,1169,139402
2024-12-28,성동구,1391,91479
2024-12-28,성북구,970,34965
2024-12-28,송파구,3948,136949
2024-12-28,양천구,3411,25144
2024-12-28,영등포구,3724,227921
2024-12-28,용산구,722,0
2024-12-28,은평구,1133,98571
2024-12-28,종로구,1532,231536
2024-12-28,중구,870,239798
2024-12-28,중랑구,1353,68563
2024-12-29,강남구,1203,152285
2024-12-29,강동구,2069,46808
2024-12-29,강북구,663,28003
2024-12-29,강서구,5096,98890
2024-12-29,관악구,1044,95025
2024-12-29,광진구,2004,42305
2024-12-29,구로구,1858,64941
2024-12-29,금천구,598,27705
2024-12-29,노원구,3161,84274
2024-12-29,도봉구,998,57156
2024-12-29,동대문구,1419,59174
2024-12-29,동작구,724,51476
2024-12-29,마포구,1994,181676
2024-12-29,서대문구,843,55674
2024-12-29,서초구,1127,112879
2024-12-29,성동구,1392,72303
2024-12-29,성북구,1006,25808
2024-12-29,송파구,3789,98025
2024-12-29,양천구,3122,17121
2024-12-29,영등포구,3471,161462
2024-12-29,용산구,832,0
2024-12-29,은평구,1081,69341
2024-12-29,종로구,1222,134641
2024-12-29,중구,844,146462
2024-12-29,중랑구,1397,48956
2024-12-30,강남구,2448,379157
2024-12-30,강동구,3358,91471
2024-12-30,강북구,1040,46339
2024-12-30,강서구,10276,180191
2024-12-30,관악구,1552,150829
2024-12-30,광진구,3633,62071
2024-12-30,구로구,3528,122870
2024-12-30,금천구,1546,91263
2024-12-30,노원구,4816,149902
2024-12-30,도봉구,1604,91090
2024-12-30,동대문구,2360,101997
2024-12-30,동작구,1347,89901
2024-12-30,마포구,3416,265825
2024-12-30,서대문구,1391,91867
2024-12-30,서초구,2053,150964
2024-12-30,성동구,2994,126099
2024-12-30,성북구,1551,46171
2024-12-30,송파구,6856,188361
2024-12-30,양천구,5242,34262
2024-12-30,영등포구,7240,315992
2024-12-30,용산구,1182,0
2024-12-30,은평구,1829,122814
2024-12-30,종로구,2632,243715
2024-12-30,중구,2072,271998
2024-12-30,중랑구,2255,87555
2024-12-31,강남구,2112,351678
2024-12-31,강동구,2948,90730
2024-12-31,강북구,998,47882
2024-12-31,강서구,9568,177123
2024-12-31,관악구,1413,149546
2024-12-31,광진구,3324,63285
2024-12-31,구로구,3254,120872
2024-12-31,금천구,1421,84508
2024-12-31,노원구,4645,150113
2024-12-31,도봉구,1489,91134
2024-12-31,동대문구,2309,102120
2024-12-31,동작구,1187,91209
2024-12-31,마포구,2991,257208
2024-12-31,서대문구,1306,93041
2024-12-31,서초구,1843,150170
2024-12-31,성동구,2577,122764
2024-12-31,성북구,1467,47017
2024-12-31,송파구,6193,182208
2024-12-31,양천구,4944,33721
2024-12-31,영등포구,6807,306713
2024-12-31,용산구,1083,0
2024-12-31,은평구,1718,123888
2024-12-31,종로구,2314,250149
2024-12-31,중구,1823,282201
2024-12-31,중랑구,2045,89012
