일자,자치구,평균기온(°C),최저기온(°C),최고기온(°C),일강수량(mm),이산화질소농도(ppm),오존농도(ppm),일산화탄소농도(ppm),아황산가스농도(ppm),미세먼지농도(㎍/㎥),초미세먼지농도(㎍/㎥)
2024-01-01,강남구,3.7,-0.9,7.1,0.0,0.028,0.013,0.65,0.0028,23.0,18.0
2024-01-02,강남구,3.6,1.6,4.8,0.0,0.0241,0.0237,0.47,0.0028,42.0,30.0
2024-01-03,강남구,2.2,0.5,5.0,0.5,0.0341,0.0134,0.51,0.003,43.0,30.0
2024-01-04,강남구,2.0,-2.6,5.3,0.0,0.0341,0.0139,0.63,0.0032,53.0,36.0
2024-01-05,강남구,5.5,2.2,10.2,0.0,0.0308,0.0233,0.69,0.0033,83.0,59.0
2024-01-06,강남구,1.6,-0.8,5.7,0.0,0.0192,0.0244,0.38,0.0031,23.0,13.0
2024-01-07,강남구,-3.1,-6.9,0.0,0.0,0.0102,0.0275,0.38,0.003,24.0,15.0
2024-01-08,강남구,-3.7,-8.5,0.7,0.0,0.0269,0.0119,0.45,0.0029,23.0,14.0
2024-01-09,강남구,-0.4,-1.7,0.5,1.5,0.0397,0.0031,0.47,0.0029,28.0,19.0
2024-01-10,강남구,0.2,-3.0,4.8,0.0,0.0422,0.0051,0.72,0.0031,68.0,56.0
2024-01-11,강남구,1.9,-2.4,4.9,0.0,0.0403,0.0077,0.62,0.0033,65.0,52.0
2024-01-12,강남구,2.3,-0.8,5.8,0.0,0.0254,0.0233,0.53,0.0034,58.0,39.0
2024-01-13,강남구,1.0,-2.6,6.3,0.0,0.0307,0.0173,0.46,0.0035,24.0,12.0
2024-01-14,강남구,0.0,-2.5,3.5,2.5,0.0355,0.008,0.61,0.003,31.0,23.0
2024-01-15,강남구,-2.2,-5.0,1.6,0.0,0.0203,0.0238,0.39,0.0032,23.0,12.0
2024-01-16,강남구,-1.8,-6.7,4.7,0.0,0.037,0.0116,0.53,0.0033,31.0,18.0
2024-01-17,강남구,0.6,-2.4,1.9,9.0,0.0429,0.0021,0.62,0.0032,36.0,26.0
2024-01-18,강남구,5.1,1.7,10.4,1.0,0.0308,0.0133,0.52,0.0032,27.0,21.0
2024-01-19,강남구,6.0,4.7,9.8,0.0,0.0179,0.0303,0.35,0.0026,15.0,9.0
2024-01-20,강남구,3.9,2.2,6.0,0.5,0.0136,0.0317,0.27,0.0021,5.0,2.0
2024-01-21,강남구,2.6,-1.5,5.2,0.0,0.0159,0.0264,0.34,0.002,10.0,7.0
2024-01-22,강남구,-7.6,-11.1,-1.4,0.0,0.012,0.0286,0.37,0.0019,31.0,22.0
2024-01-23,강남구,-10.8,-12.9,-7.5,0.0,0.0104,0.0294,0.33,0.0022,20.0,13.0
2024-01-24,강남구,-7.0,-10.1,-3.2,0.0,0.0114,0.0293,0.36,0.0022,22.0,12.0
2024-01-25,강남구,-4.0,-8.5,-0.2,0.0,0.0192,0.0237,0.4,0.0025,22.0,14.0
2024-01-26,강남구,-1.1,-6.5,4.4,0.0,0.0342,0.0139,0.55,0.0024,32.0,22.0
2024-01-27,강남구,0.1,-4.6,5.5,0.0,0.0344,0.02,0.67,0.0028,53.0,38.0
2024-01-28,강남구,-0.5,-4.3,3.9,0.0,0.0231,0.028,0.44,0.0025,29.0,20.0
2024-01-29,강남구,-0.2,-5.4,5.3,0.0,0.0358,0.0171,0.61,0.0025,44.0,32.0
2024-01-30,강남구,0.6,-4.5,8.3,0.0,0.0461,0.0108,0.68,0.0025,58.0,42.0
2024-01-31,강남구,5.0,-0.8,11.4,0.0,0.0436,0.0174,0.64,0.0031,54.0,38.0
2024-02-01,강남구,3.7,0.2,8.5,0.0,0.0289,0.0304,0.72,0.0031,87.0,58.0
2024-02-02,강남구,3.8,0.7,8.6,0.0,0.0382,0.0164,0.53,0.0027,42.0,30.0
2024-02-03,강남구,4.8,-1.0,9.1,0.0,0.033,0.0157,0.46,0.0025,33.0,23.0
2024-02-04,강남구,7.6,3.6,12.0,0.0,0.0226,0.023,0.37,0.0025,20.0,14.0
2024-02-05,강남구,2.9,0.3,7.1,4.0,0.0142,0.0345,0.26,0.0021,5.0,3.0
2024-02-06,강남구,2.0,0.2,4.3,0.0,0.0245,0.0246,0.37,0.002,13.0,9.0
2024-02-07,강남구,1.5,-1.2,3.5,0.0,0.0262,0.0207,0.56,0.0021,34.0,28.0
2024-02-08,강남구,1.2,-3.4,6.6,0.0,0.0349,0.0169,0.62,0.0025,39.0,30.0
2024-02-09,강남구,1.3,-2.8,6.6,0.0,,,,,,
2024-02-10,강남구,1.7,-2.6,7.5,0.0,,,,,,
2024-02-11,강남구,1.8,-3.0,6.7,0.0,0.0194,0.036,0.56,0.0025,61.0,47.0
2024-02-12,강남구,3.6,-2.7,11.2,0.0,0.0275,0.0266,0.65,0.0026,68.0,51.0
2024-02-13,강남구,8.2,0.7,15.2,0.0,0.0401,0.0204,0.64,0.0027,67.0,42.0
2024-02-14,강남구,12.8,8.1,18.9,0.0,0.0432,0.0165,0.61,0.0031,50.0,30.0
2024-02-15,강남구,5.7,1.8,12.1,9.0,0.019,0.0299,0.37,0.0024,22.0,16.0
2024-02-16,강남구,3.4,-1.4,8.3,0.0,0.0272,0.0198,0.42,0.0024,22.0,15.0
2024-02-17,강남구,4.7,-1.0,12.0,0.0,0.0353,0.0168,0.52,0.0027,39.0,28.0
2024-02-18,강남구,6.3,0.0,10.5,16.0,0.0339,0.0123,0.49,0.0024,34.0,23.0
2024-02-19,강남구,9.7,5.3,12.4,7.0,0.0337,0.0096,0.57,0.0026,13.0,8.0
2024-02-20,강남구,5.7,4.2,8.3,2.5,0.0248,0.0143,0.47,0.0023,29.0,16.0
2024-02-21,강남구,2.4,0.3,4.9,19.5,0.0145,0.0283,0.28,0.0019,3.0,1.0
2024-02-22,강남구,0.7,-0.8,2.2,7.5,0.0147,0.0308,0.27,0.0018,5.0,2.0
2024-02-23,강남구,2.6,-0.5,7.2,0.0,0.0134,0.0337,0.26,0.0018,8.0,4.0
2024-02-24,강남구,2.7,-0.5,7.0,2.0,0.0138,0.0316,0.28,0.0018,13.0,7.0
2024-02-25,강남구,3.3,1.0,7.1,1.5,0.0133,0.0298,0.32,0.0018,11.0,8.0
2024-02-26,강남구,4.7,-1.4,10.8,0.0,0.0236,0.0218,0.4,0.0021,27.0,17.0
2024-02-27,강남구,5.9,1.8,10.4,0.0,0.0168,0.0303,0.29,0.0019,18.0,9.0
2024-02-28,강남구,7.3,4.1,10.9,0.0,0.0245,0.0253,0.36,0.0023,32.0,17.0
2024-02-29,강남구,5.6,1.4,10.4,0.0,0.0321,0.0212,0.54,0.0025,56.0,35.0
2024-03-01,강남구,-3.0,-5.9,1.4,0.0,0.0069,0.0409,0.28,0.0022,34.0,11.0
2024-03-02,강남구,0.1,-6.8,5.1,0.0,0.0129,0.0358,0.33,0.0021,30.0,12.0
2024-03-03,강남구,5.0,0.5,9.2,0.0,0.0182,0.0399,0.55,0.0022,112.0,62.0
2024-03-04,강남구,6.1,-1.4,12.3,0.0,0.039,0.021,0.54,0.0025,74.0,39.0
2024-03-05,강남구,8.5,6.1,11.7,0.0,0.0325,0.0263,0.42,0.0025,44.0,22.0
2024-03-06,강남구,7.0,3.4,11.4,0.0,0.0199,0.0324,0.27,0.0021,13.0,7.0
2024-03-07,강남구,5.0,2.7,9.1,1.0,0.0203,0.0316,0.2,0.0021,30.0,18.0
2024-03-08,강남구,3.5,0.6,7.5,0.0,0.0149,0.0398,0.36,0.0024,42.0,23.0
2024-03-09,강남구,2.9,-1.0,7.7,0.0,0.0142,0.0357,0.32,0.0022,31.0,17.0
2024-03-10,강남구,4.7,-2.0,11.4,0.0,0.0211,0.0332,0.34,0.0024,28.0,17.0
2024-03-11,강남구,6.8,2.2,11.8,0.0,0.0371,0.0221,0.39,0.0026,32.0,18.0
2024-03-12,강남구,7.1,4.6,10.0,1.0,0.0388,0.0203,0.43,0.0024,31.0,19.0
2024-03-13,강남구,6.9,0.6,13.0,0.0,0.0235,0.0412,0.39,0.0028,42.0,24.0
2024-03-14,강남구,8.7,2.5,16.1,0.0,0.026,0.0465,0.39,0.003,57.0,34.0
2024-03-15,강남구,9.2,2.6,15.3,0.0,0.0257,0.0413,0.37,0.003,46.0,28.0
2024-03-16,강남구,11.3,3.9,19.1,0.0,0.0308,0.0386,0.44,0.0033,51.0,31.0
2024-03-17,강남구,9.8,6.6,13.2,0.0,0.0124,0.0461,0.31,0.0025,89.0,20.0
2024-03-18,강남구,8.3,2.0,14.9,0.0,0.0235,0.0311,0.33,0.0027,21.0,9.0
2024-03-19,강남구,7.4,5.0,11.9,0.0,0.0211,0.0377,0.39,0.0025,48.0,25.0
2024-03-20,강남구,5.5,2.6,9.8,0.0,0.0125,0.0404,0.34,0.0021,37.0,23.0
2024-03-21,강남구,5.9,-0.5,12.2,0.0,0.0191,0.0411,0.35,0.0027,33.0,20.0
2024-03-22,강남구,10.6,3.4,17.1,13.0,0.0293,0.032,0.4,0.0027,37.0,19.0
2024-03-23,강남구,13.6,9.9,18.5,0.0,0.0184,0.0537,0.38,0.0022,59.0,29.0
2024-03-24,강남구,15.8,8.0,23.5,0.0,0.0164,0.044,0.36,0.0022,30.0,16.0
2024-03-25,강남구,11.1,7.4,14.5,6.5,0.0186,0.0363,0.3,0.0021,19.0,9.0
2024-03-26,강남구,7.8,2.9,12.6,16.0,0.0146,0.039,0.28,0.0019,6.0,2.0
2024-03-27,강남구,11.1,4.7,17.5,0.0,0.0263,0.0288,0.37,0.0024,22.0,15.0
2024-03-28,강남구,10.7,8.7,12.1,1.5,0.0309,0.0224,0.44,0.0025,23.0,16.0
2024-03-29,강남구,8.4,5.5,13.2,1.5,0.0215,0.0353,0.42,0.0022,236.0,49.0
2024-03-30,강남구,9.5,3.1,17.0,0.0,0.0251,0.035,0.41,0.0026,89.0,25.0
2024-03-31,강남구,11.4,3.1,17.8,0.0,0.0152,0.0415,0.36,0.0024,39.0,12.0
2024-04-01,강남구,12.5,5.3,19.9,0.0,0.0273,0.0374,0.39,0.0028,40.0,14.0
2024-04-02,강남구,15.4,6.6,25.2,0.0,0.0432,0.0309,0.51,0.0032,50.0,23.0
2024-04-03,강남구,15.6,12.9,18.0,1.5,0.035,0.0285,0.43,0.0028,38.0,20.0
2024-04-04,강남구,15.8,12.3,20.7,0.0,0.0175,0.0462,0.32,0.0024,29.0,14.0
2024-04-05,강남구,14.1,10.2,19.1,0.0,0.016,0.0506,0.33,0.0026,38.0,20.0
2024-04-06,강남구,13.3,7.7,19.6,0.0,0.0306,0.0438,0.48,0.0031,61.0,37.0
2024-04-07,강남구,15.2,6.8,24.1,0.0,0.027,0.0518,0.49,0.0031,53.0,33.0
2024-04-08,강남구,16.8,10.1,22.9,0.0,0.0392,0.0367,0.5,0.0029,53.0,29.0
2024-04-09,강남구,16.0,11.6,21.3,0.0,0.0163,0.0464,0.32,0.0023,38.0,18.0
2024-04-10,강남구,14.4,10.5,19.1,0.0,0.013,0.0498,0.31,0.0024,40.0,18.0
2024-04-11,강남구,15.9,12.6,21.4,0.0,0.0258,0.0404,0.38,0.0026,47.0,20.0
2024-04-12,강남구,17.6,10.7,25.0,0.0,0.033,0.0341,0.44,0.0029,48.0,26.0
2024-04-13,강남구,19.4,10.6,28.0,0.0,0.0236,0.0408,0.36,0.0026,39.0,22.0
2024-04-14,강남구,20.7,12.0,29.8,0.0,0.0222,0.0499,0.42,0.0033,42.0,25.0
2024-04-15,강남구,16.2,11.7,20.7,15.0,0.0176,0.0405,0.32,0.0028,20.0,12.0
2024-04-16,강남구,14.2,11.7,18.9,3.0,0.0186,0.0468,0.43,0.0025,75.0,29.0
2024-04-17,강남구,15.5,9.7,22.6,0.0,0.0286,0.0292,0.5,0.0026,145.0,55.0
2024-04-18,강남구,17.9,10.0,26.3,0.0,0.0332,0.0328,0.49,0.0031,115.0,34.0
2024-04-19,강남구,18.2,10.7,25.8,0.0,0.0266,0.0673,0.44,0.0039,88.0,32.0
2024-04-20,강남구,14.9,13.2,18.0,3.5,0.0239,0.0436,0.45,0.0027,62.0,29.0
2024-04-21,강남구,17.7,13.5,22.0,0.0,0.0093,0.0493,0.26,0.0021,15.0,6.0
2024-04-22,강남구,19.3,15.4,25.1,0.0,0.0143,0.0519,0.27,0.0021,31.0,17.0
2024-04-23,강남구,17.9,13.6,24.5,0.0,0.0136,0.0495,0.27,0.002,21.0,11.0
2024-04-24,강남구,13.6,11.3,19.0,14.5,0.0139,0.0358,0.28,0.002,11.0,6.0
2024-04-25,강남구,15.4,10.7,22.4,0.0,0.019,0.0546,0.39,0.0022,32.0,22.0
2024-04-26,강남구,18.1,11.4,26.6,0.0,0.0301,0.0454,0.46,0.0026,66.0,33.0
2024-04-27,강남구,18.5,10.6,27.4,0.0,0.0276,0.049,0.49,0.0031,52.0,29.0
2024-04-28,강남구,20.5,11.2,29.5,0.0,0.0228,0.0581,0.43,0.0029,33.0,20.0
2024-04-29,강남구,21.1,17.3,26.4,0.0,0.0155,0.0573,0.31,0.0023,39.0,20.0
2024-04-30,강남구,19.0,15.9,23.4,0.0,0.0203,0.0515,0.42,0.0032,49.0,31.0
2024-05-01,강남구,18.8,14.8,24.6,0.0,0.0112,0.053,0.28,0.0023,23.0,14.0
2024-05-02,강남구,18.9,13.4,25.2,0.0,0.021,0.0477,0.33,0.0026,32.0,19.0
2024-05-03,강남구,19.5,11.0,28.9,0.0,0.0303,0.0545,0.4,0.0032,45.0,26.0
2024-05-04,강남구,21.5,12.7,29.7,0.0,0.032,0.0673,0.48,0.0038,53.0,33.0
2024-05-05,강남구,17.9,15.5,20.9,37.0,0.0152,0.0335,0.35,0.0025,24.0,16.0
2024-05-06,강남구,14.5,13.7,16.3,10.5,0.0101,0.0491,0.3,0.0021,10.0,6.0
2024-05-07,강남구,13.8,12.4,15.7,3.5,0.0155,0.0328,0.32,0.0021,21.0,13.0
2024-05-08,강남구,16.0,9.4,23.1,0.0,0.0133,0.0392,0.26,0.0021,19.0,9.0
2024-05-09,강남구,16.8,10.3,23.4,0.0,0.0177,0.0495,0.31,0.0026,27.0,15.0
2024-05-10,강남구,18.6,12.5,25.5,0.0,0.0152,0.0553,0.33,0.0028,27.0,14.0
2024-05-11,강남구,17.5,13.0,23.6,23.0,0.0133,0.0434,0.31,0.0026,19.0,9.0
2024-05-12,강남구,17.4,11.6,23.1,0.0,0.0105,0.046,0.28,0.0028,65.0,14.0
2024-05-13,강남구,18.9,11.1,25.9,0.0,0.0204,0.0431,0.35,0.0026,30.0,14.0
2024-05-14,강남구,19.3,11.6,26.2,0.0,0.0211,0.0517,0.32,0.0029,25.0,14.0
2024-05-15,강남구,13.1,7.6,21.1,26.5,0.015,0.0467,0.3,0.0027,23.0,9.0
2024-05-16,강남구,14.5,7.7,21.1,1.0,0.0107,0.0455,0.25,0.0025,13.0,5.0
2024-05-17,강남구,19.0,11.2,26.4,0.0,0.0197,0.062,0.41,0.0031,40.0,19.0
2024-05-18,강남구,21.0,13.9,28.1,0.0,0.0193,0.0431,0.36,0.003,27.0,13.0
2024-05-19,강남구,22.0,15.3,29.4,0.0,0.013,0.0497,0.28,0.0027,24.0,12.0
2024-05-20,강남구,20.3,17.5,24.5,0.0,0.0149,0.0385,0.26,0.0032,28.0,15.0
2024-05-21,강남구,22.8,17.1,29.4,0.0,0.0197,0.0461,0.33,0.0025,40.0,24.0
2024-05-22,강남구,21.6,17.2,27.5,0.0,0.0225,0.0519,0.41,0.0033,57.0,37.0
2024-05-23,강남구,21.6,17.0,28.1,0.0,0.0228,0.0441,0.31,0.0033,32.0,20.0
2024-05-24,강남구,21.1,15.9,25.5,0.0,0.0186,0.0375,0.32,0.0025,37.0,25.0
2024-05-25,강남구,21.8,19.5,25.0,0.0,0.0147,0.0456,0.27,0.0023,29.0,15.0
2024-05-26,강남구,20.5,17.7,25.6,6.5,0.0113,0.0453,0.29,0.0024,24.0,14.0
2024-05-27,강남구,19.8,15.2,24.2,0.0,0.0115,0.0502,0.34,0.0023,24.0,10.0
2024-05-28,강남구,20.6,14.3,27.1,0.0,0.0153,0.0371,0.27,0.0023,16.0,7.0
2024-05-29,강남구,21.9,14.7,28.8,0.0,0.0246,0.0338,0.33,0.0028,24.0,13.0
2024-05-30,강남구,21.1,16.6,25.7,0.0,0.034,0.0346,0.41,0.0029,29.0,18.0
2024-05-31,강남구,21.3,16.7,27.2,0.0,0.0173,0.0544,0.31,0.0028,24.0,16.0
2024-06-01,강남구,21.3,18.0,26.9,0.0,0.0107,0.0503,0.28,0.0022,27.0,16.0
2024-06-02,강남구,21.6,15.5,27.8,0.0,0.0096,0.0529,0.27,0.0024,20.0,11.0
2024-06-03,강남구,22.8,15.7,29.3,0.0,0.0134,0.0361,0.25,0.002,13.0,7.0
2024-06-04,강남구,23.4,15.4,30.2,0.0,0.0147,0.0411,0.25,0.0022,18.0,9.0
2024-06-05,강남구,24.2,17.3,31.7,0.0,0.0299,0.0459,0.39,0.0032,37.0,23.0
2024-06-06,강남구,24.5,19.3,32.1,0.0,0.0219,0.0574,0.37,0.0031,40.0,29.0
2024-06-07,강남구,24.0,18.3,29.2,0.0,0.0202,0.0582,0.32,0.0029,30.0,20.0
2024-06-08,강남구,20.3,17.6,25.5,17.0,0.0153,0.0409,0.32,0.0025,23.0,17.0
2024-06-09,강남구,23.5,17.2,29.8,0.0,0.0144,0.0521,0.35,0.0029,29.0,20.0
2024-06-10,강남구,25.4,18.7,32.2,0.0,0.0169,0.0678,0.42,0.0032,43.0,28.0
2024-06-11,강남구,26.0,21.8,33.0,0.0,0.014,0.0806,0.46,0.0028,63.0,41.0
2024-06-12,강남구,25.4,18.6,33.5,0.0,0.0202,0.0613,0.34,0.0032,30.0,18.0
2024-06-13,강남구,26.9,19.8,33.7,0.0,0.0265,0.0466,0.34,0.0034,32.0,19.0
2024-06-14,강남구,27.4,21.2,34.2,0.0,0.0281,0.0407,0.36,0.0041,34.0,22.0
2024-06-15,강남구,24.6,21.3,29.1,3.5,0.0154,0.0236,0.27,0.0027,27.0,21.0
2024-06-16,강남구,24.9,20.0,31.0,0.0,0.0107,0.0466,0.3,0.0026,23.0,16.0
2024-06-17,강남구,25.0,17.7,31.5,0.0,0.019,0.0512,0.3,0.0027,21.0,13.0
2024-06-18,강남구,26.0,18.9,34.0,0.0,0.0226,0.0493,0.31,0.0029,25.0,16.0
2024-06-19,강남구,29.0,20.4,36.9,0.0,0.0237,0.0771,0.38,0.0035,42.0,29.0
2024-06-20,강남구,28.9,22.3,35.8,0.0,0.0197,0.078,0.41,0.0038,42.0,31.0
2024-06-21,강남구,28.1,22.0,34.6,0.0,0.028,0.0573,0.39,0.0043,37.0,26.0
2024-06-22,강남구,24.1,22.1,26.7,26.0,0.021,0.0301,0.41,0.0034,34.0,27.0
2024-06-23,강남구,25.5,22.0,31.0,10.0,0.0098,0.0351,0.28,0.0022,17.0,11.0
2024-06-24,강남구,24.6,21.1,29.6,0.0,0.0132,0.0517,0.34,0.0022,60.0,24.0
2024-06-25,강남구,23.5,19.3,27.5,0.0,0.012,0.0479,0.26,0.0026,19.0,9.0
2024-06-26,강남구,25.3,18.3,31.8,0.0,0.018,0.0508,0.29,0.0026,24.0,14.0
2024-06-27,강남구,25.7,19.7,30.8,0.0,0.0248,0.0473,0.35,0.0027,28.0,17.0
2024-06-28,강남구,26.7,20.4,32.9,0.0,0.0265,0.0681,0.38,0.0031,40.0,28.0
2024-06-29,강남구,26.6,21.8,33.2,26.0,0.019,0.0497,0.35,0.0027,32.0,23.0
2024-06-30,강남구,24.3,23.0,26.7,30.0,0.0088,0.0377,0.26,0.0021,19.0,13.0
2024-07-01,강남구,26.8,21.7,32.1,0.0,0.0158,0.0586,0.31,0.0022,29.0,18.0
2024-07-02,강남구,23.7,21.8,25.4,59.5,0.0208,0.0241,0.33,0.0022,19.0,12.0
2024-07-03,강남구,25.4,24.2,27.8,2.5,0.0121,0.0508,0.37,0.0024,27.0,17.0
2024-07-04,강남구,27.6,23.9,31.8,4.0,0.0146,0.046,0.44,0.0024,45.0,33.0
2024-07-05,강남구,24.2,21.7,27.5,15.5,0.0129,0.0613,0.36,0.0021,20.0,12.0
2024-07-06,강남구,25.8,21.8,31.9,6.5,0.0169,0.0265,0.35,0.002,31.0,20.0
2024-07-07,강남구,24.6,21.4,27.8,16.0,0.0127,0.0435,0.38,0.0019,23.0,15.0
2024-07-08,강남구,24.0,23.1,24.9,19.5,0.0181,0.0274,0.3,0.002,11.0,7.0
2024-07-09,강남구,24.6,22.4,27.1,2.5,0.019,0.0263,0.3,0.0021,14.0,10.0
2024-07-10,강남구,26.7,22.1,33.6,8.5,0.0166,0.0357,0.26,0.002,12.0,6.0
2024-07-11,강남구,26.1,23.4,30.3,0.0,0.0232,0.0402,0.42,0.0024,37.0,28.0
2024-07-12,강남구,26.2,22.2,31.0,0.0,0.025,0.0406,0.47,0.0024,39.0,29.0
2024-07-13,강남구,28.5,23.3,34.3,0.0,0.02,0.0496,0.51,0.0025,54.0,43.0
2024-07-14,강남구,28.9,25.0,33.2,0.0,0.0125,0.0408,0.34,0.0023,32.0,26.0
2024-07-15,강남구,28.8,24.5,33.3,0.0,0.0157,0.0374,0.26,0.0022,12.0,7.0
2024-07-16,강남구,27.0,24.0,31.7,11.0,0.017,0.0282,0.28,0.0021,13.0,9.0
2024-07-17,강남구,26.5,23.5,30.9,20.5,0.0155,0.012,0.22,0.0022,13.0,6.0
2024-07-18,강남구,24.7,23.3,27.3,122.5,0.0196,0.0175,0.28,0.0024,9.0,4.0
2024-07-19,강남구,27.6,23.8,32.5,0.0,0.0162,0.0442,0.32,0.0028,26.0,18.0
2024-07-20,강남구,27.5,24.9,31.7,19.0,0.0158,0.0424,0.27,0.0047,18.0,11.0
2024-07-21,강남구,27.2,23.4,31.7,4.0,0.0135,0.0553,0.24,0.0045,18.0,10.0
2024-07-22,강남구,27.5,25.7,29.4,47.0,0.0162,0.016,0.2,0.0037,15.0,7.0
2024-07-23,강남구,27.0,25.8,29.4,3.0,0.0154,0.0206,0.2,0.0032,11.0,6.0
2024-07-24,강남구,28.2,25.4,33.0,15.5,0.0186,0.0186,0.21,0.0035,16.0,8.0
2024-07-25,강남구,29.1,25.0,34.7,6.0,0.018,0.0299,0.22,0.0037,19.0,10.0
2024-07-26,강남구,28.6,24.7,34.9,14.0,0.0197,0.0214,0.22,0.0034,15.0,9.0
2024-07-27,강남구,28.9,26.8,33.7,16.5,0.0157,0.0184,0.23,0.0033,16.0,8.0
2024-07-28,강남구,30.0,27.5,33.9,0.0,0.0103,0.018,0.2,0.0033,17.0,8.0
2024-07-29,강남구,28.2,27.4,29.3,0.0,0.0114,0.024,0.16,0.0031,19.0,8.0
2024-07-30,강남구,29.5,26.9,33.6,0.0,0.0117,0.0411,0.2,0.002,21.0,12.0
2024-07-31,강남구,30.1,27.0,34.9,0.0,0.0089,0.0222,0.2,0.0011,17.0,10.0
2024-08-01,강남구,30.9,27.8,35.1,0.0,0.0085,0.0269,0.23,0.0012,20.0,12.0
2024-08-02,강남구,30.5,28.7,34.5,0.0,0.0088,0.0379,0.28,0.0026,30.0,18.0
2024-08-03,강남구,31.4,27.8,36.4,0.0,0.009,0.0598,0.37,0.0028,35.0,27.0
2024-08-04,강남구,32.5,26.7,38.0,0.0,0.0111,0.0578,0.39,0.0028,33.0,27.0
2024-08-05,강남구,29.7,25.7,34.7,19.0,0.016,0.0442,0.35,0.0028,31.0,25.0
2024-08-06,강남구,28.5,24.1,34.6,7.0,0.0158,0.0406,0.28,0.0029,17.0,11.0
2024-08-07,강남구,29.7,25.2,34.4,4.0,0.0139,0.0318,0.24,0.0026,25.0,17.0
2024-08-08,강남구,28.1,24.1,31.9,80.5,0.0144,0.0341,0.28,0.002,22.0,16.0
2024-08-09,강남구,29.4,24.8,35.0,0.0,0.0181,0.0458,0.33,0.0021,32.0,22.0
2024-08-10,강남구,30.3,26.0,35.2,0.0,0.0149,0.0529,0.35,0.0022,35.0,27.0
2024-08-11,강남구,30.6,27.2,35.2,0.0,0.0102,0.052,0.32,0.0021,32.0,26.0
2024-08-12,강남구,31.3,27.5,35.7,0.0,0.0174,0.0481,0.34,0.0021,33.0,24.0
2024-08-13,강남구,30.0,26.7,37.3,39.0,0.0169,0.0454,0.22,0.0021,30.0,22.0
2024-08-14,강남구,30.5,26.8,36.8,0.5,0.0194,0.0469,0.23,0.0021,27.0,20.0
2024-08-15,강남구,29.7,25.4,35.7,11.0,0.0128,0.0494,0.27,0.0025,25.0,18.0
2024-08-16,강남구,31.0,27.0,35.7,0.0,0.0146,0.0477,0.26,0.0023,27.0,17.0
2024-08-17,강남구,31.1,27.6,36.3,0.0,0.0122,0.0524,0.26,0.0022,21.0,16.0
2024-08-18,강남구,30.6,27.5,36.1,0.0,0.0088,0.0538,0.25,0.0023,21.0,16.0
2024-08-19,강남구,31.3,26.5,36.7,0.0,0.0147,0.0561,0.3,0.0023,27.0,19.0
2024-08-20,강남구,32.0,27.2,37.2,0.0,0.0136,0.0423,0.25,0.0022,27.0,19.0
2024-08-21,강남구,28.5,26.6,31.7,35.5,0.0109,0.0207,0.21,0.0022,15.0,8.0
2024-08-22,강남구,29.1,26.6,32.1,1.5,0.0099,0.0169,0.22,0.0023,19.0,8.0
2024-08-23,강남구,28.7,25.9,33.4,0.0,0.0094,0.083,0.39,0.003,35.0,29.0
2024-08-24,강남구,28.5,25.3,32.8,0.0,0.0158,0.0608,0.46,0.0024,41.0,32.0
2024-08-25,강남구,28.3,24.8,34.0,0.5,0.012,0.0607,0.48,0.0024,41.0,32.0
2024-08-26,강남구,26.8,22.5,32.3,22.0,0.0233,0.0435,0.51,0.0024,41.0,32.0
2024-08-27,강남구,26.3,24.4,30.8,0.5,0.0169,0.0284,0.34,0.0023,22.0,15.0
2024-08-28,강남구,28.6,22.6,34.3,0.0,0.0117,0.0436,0.27,0.0023,14.0,8.0
2024-08-29,강남구,28.8,24.0,33.8,0.0,0.0087,0.0398,0.24,0.0021,11.0,6.0
2024-08-30,강남구,29.0,24.1,34.5,0.0,0.0125,0.0374,0.28,0.0024,15.0,7.0
2024-08-31,강남구,28.1,23.2,33.7,0.0,0.011,0.0549,0.37,0.0025,38.0,21.0
2024-09-01,강남구,27.6,24.3,32.6,0.0,0.0108,0.0472,0.41,0.0025,32.0,24.0
2024-09-02,강남구,25.1,20.9,28.1,1.0,0.0166,0.0269,0.36,0.0024,21.0,15.0
2024-09-03,강남구,27.4,23.0,32.6,0.0,0.0131,0.0352,0.28,0.0022,13.0,6.0
2024-09-04,강남구,28.3,23.2,33.6,0.0,0.0153,0.048,0.32,0.0027,19.0,10.0
2024-09-05,강남구,26.7,25.1,31.1,22.5,0.0141,0.0409,0.33,0.0027,26.0,16.0
2024-09-06,강남구,23.9,22.8,25.9,17.0,0.0158,0.022,0.33,0.0022,16.0,9.0
2024-09-07,강남구,26.7,22.8,32.6,0.0,0.0142,0.0464,0.37,0.0023,23.0,14.0
2024-09-08,강남구,27.3,22.4,33.5,0.0,0.0117,0.0557,0.42,0.0023,31.0,24.0
2024-09-09,강남구,28.8,24.3,35.0,0.0,0.018,0.0466,0.41,0.0024,30.0,21.0
2024-09-10,강남구,29.8,25.2,35.4,0.0,0.0215,0.0455,0.41,0.0025,31.0,23.0
2024-09-11,강남구,29.4,25.4,35.8,0.0,0.0212,0.0441,0.4,0.0025,35.0,26.0
2024-09-12,강남구,25.1,24.3,27.3,54.0,0.0157,0.0123,0.3,0.0022,11.0,7.0
2024-09-13,강남구,26.4,24.4,31.2,11.5,0.014,0.0108,0.29,0.0026,17.0,9.0
2024-09-14,강남구,28.3,25.5,33.0,0.5,0.0107,0.0277,0.26,0.0024,13.0,7.0
2024-09-15,강남구,28.0,24.7,32.8,0.0,0.0076,0.0224,0.27,0.0023,13.0,7.0
2024-09-16,강남구,27.5,21.9,33.6,0.5,0.0072,0.0342,0.25,0.0021,6.0,3.0
2024-09-17,강남구,29.1,26.1,35.0,0.0,0.0091,0.0262,0.28,0.0022,13.0,7.0
2024-09-18,강남구,30.2,26.5,34.7,0.0,0.0097,0.0283,0.29,0.0024,19.0,12.0
2024-09-19,강남구,29.6,26.1,34.2,0.0,0.0155,0.0337,0.29,0.0024,19.0,12.0
2024-09-20,강남구,24.8,17.9,28.9,79.0,0.0152,0.0125,0.29,0.0023,13.0,8.0
2024-09-21,강남구,19.9,17.2,22.9,28.0,0.0071,0.033,0.23,0.002,3.0,2.0
2024-09-22,강남구,21.8,17.7,27.3,0.0,0.0061,0.0278,0.22,0.002,4.0,1.0
2024-09-23,강남구,21.3,17.6,26.7,0.0,0.01,0.0315,0.24,0.0019,8.0,3.0
2024-09-24,강남구,20.8,15.4,26.9,0.0,0.0154,0.0345,0.27,0.002,13.0,5.0
2024-09-25,강남구,23.4,18.0,28.8,0.0,0.0194,0.0315,0.31,0.0021,18.0,9.0
2024-09-26,강남구,24.3,21.4,29.1,0.0,0.0181,0.0391,0.34,0.0022,20.0,12.0
2024-09-27,강남구,23.4,19.5,28.9,0.0,0.0134,0.0317,0.3,0.0021,16.0,9.0
2024-09-28,강남구,23.9,19.7,29.2,0.0,0.0089,0.0397,0.26,0.002,13.0,6.0
2024-09-29,강남구,23.8,19.5,29.4,0.0,0.0082,0.0369,0.25,0.0019,9.0,4.0
2024-09-30,강남구,23.0,17.6,29.1,0.0,0.0175,0.0372,0.3,0.0022,15.0,8.0
2024-10-01,강남구,18.8,14.7,21.3,2.0,0.011,0.0347,0.29,0.0022,14.0,7.0
2024-10-02,강남구,16.3,12.7,21.0,0.0,0.0091,0.0349,0.27,0.002,14.0,6.0
2024-10-03,강남구,16.4,11.0,22.6,0.0,0.0118,0.0278,0.26,0.002,13.0,6.0
2024-10-04,강남구,17.1,12.0,24.4,0.0,0.0164,0.0272,0.29,0.002,15.0,7.0
2024-10-05,강남구,17.1,11.8,25.2,0.0,0.019,0.0302,0.32,0.0021,19.0,11.0
2024-10-06,강남구,15.7,12.5,18.4,0.0,0.0194,0.0158,0.37,0.0022,19.0,11.0
2024-10-07,강남구,17.5,14.5,21.6,0.0,0.0239,0.0185,0.47,0.0024,36.0,21.0
2024-10-08,강남구,18.0,13.0,24.2,0.0,0.0173,0.0206,0.38,0.0022,29.0,18.0
2024-10-09,강남구,18.6,13.3,25.0,0.0,0.0117,0.0312,0.28,0.0021,13.0,6.0
2024-10-10,강남구,19.0,15.8,24.0,0.0,0.0195,0.0282,0.32,0.0024,20.0,10.0
2024-10-11,강남구,18.1,14.0,24.3,0.0,0.0207,0.0356,0.38,0.0024,30.0,19.0
2024-10-12,강남구,17.8,12.7,25.4,0.0,0.0291,0.0297,0.46,0.0025,37.0,24.0
2024-10-13,강남구,17.9,12.3,23.3,0.0,0.0173,0.0263,0.38,0.0024,25.0,18.0
2024-10-14,강남구,19.4,16.6,21.7,0.0,0.0251,0.0155,0.34,0.0025,21.0,11.0
2024-10-15,강남구,19.2,17.3,22.9,0.5,0.0238,0.0139,0.38,0.0023,21.0,14.0
2024-10-16,강남구,18.3,14.6,24.6,0.0,0.025,0.0235,0.45,0.0024,32.0,20.0
2024-10-17,강남구,18.9,13.9,26.3,0.0,0.0268,0.0216,0.41,0.0025,33.0,18.0
2024-10-18,강남구,17.7,16.4,19.3,36.0,0.0225,0.0128,0.37,0.0025,22.0,13.0
2024-10-19,강남구,17.4,13.1,22.3,0.5,0.0091,0.0308,0.27,0.0021,7.0,3.0
2024-10-20,강남구,14.2,11.5,18.9,0.0,0.0056,0.0322,0.21,0.0019,10.0,3.0
2024-10-21,강남구,15.2,9.6,21.0,0.0,0.0168,0.0211,0.27,0.0021,15.0,5.0
2024-10-22,강남구,15.6,14.4,17.0,21.0,0.022,0.0086,0.35,0.0022,12.0,7.0
2024-10-23,강남구,13.8,10.8,17.2,2.0,0.0101,0.0348,0.31,0.0021,14.0,6.0
2024-10-24,강남구,12.7,7.4,20.0,0.0,0.0201,0.0266,0.4,0.0023,26.0,15.0
2024-10-25,강남구,14.3,8.7,22.3,0.0,0.0278,0.0136,0.39,0.0023,25.0,13.0
2024-10-26,강남구,16.3,10.4,24.7,0.0,0.0247,0.0156,0.43,0.0026,22.0,12.0
2024-10-27,강남구,16.4,13.4,20.2,0.0,0.0165,0.0281,0.38,0.0026,26.0,16.0
2024-10-28,강남구,16.4,12.2,21.5,0.0,0.0197,0.017,0.44,0.0023,29.0,19.0
2024-10-29,강남구,15.5,12.5,19.8,0.0,0.0224,0.0201,0.32,0.0022,16.0,7.0
2024-10-30,강남구,15.6,10.8,22.0,0.0,0.0241,0.0246,0.42,0.0026,27.0,15.0
2024-10-31,강남구,15.4,10.4,23.2,0.0,0.0345,0.017,0.5,0.0026,34.0,20.0
2024-11-01,강남구,15.4,12.4,18.9,0.0,0.0388,0.01,0.47,0.0027,35.0,20.0
2024-11-02,강남구,17.6,11.4,25.2,0.0,0.0201,0.0296,0.4,0.0028,33.0,20.0
2024-11-03,강남구,17.4,11.5,24.1,0.0,0.0107,0.037,0.32,0.0023,24.0,15.0
2024-11-04,강남구,15.7,10.6,20.3,0.0,0.011,0.0393,0.31,0.0024,25.0,14.0
2024-11-05,강남구,10.9,8.0,15.7,0.0,0.0138,0.0264,0.31,0.0028,26.0,11.0
2024-11-06,강남구,8.6,3.9,13.7,0.0,0.0156,0.0273,0.35,0.003,25.0,12.0
2024-11-07,강남구,7.7,2.5,15.7,0.0,0.0319,0.0165,0.46,0.0028,40.0,21.0
2024-11-08,강남구,9.3,3.4,18.4,0.0,0.0372,0.0152,0.46,0.0026,32.0,18.0
2024-11-09,강남구,11.9,6.2,20.5,0.0,0.0352,0.0168,0.44,0.0027,28.0,16.0
2024-11-10,강남구,14.0,9.4,21.3,0.0,0.0223,0.0241,0.39,0.0025,23.0,14.0
2024-11-11,강남구,14.3,8.6,22.0,0.0,0.0405,0.0167,0.62,0.0031,49.0,30.0
2024-11-12,강남구,14.8,9.9,19.9,0.0,0.0209,0.0321,0.44,0.0031,38.0,25.0
2024-11-13,강남구,13.6,8.0,21.3,0.0,0.0323,0.0185,0.47,0.0029,40.0,22.0
2024-11-14,강남구,15.2,12.7,17.4,0.0,0.0331,0.0125,0.42,0.0027,32.0,18.0
2024-11-15,강남구,16.9,13.6,22.0,0.0,0.0268,0.0172,0.4,0.0025,26.0,16.0
2024-11-16,강남구,17.6,14.5,23.1,4.0,0.0181,0.0293,0.35,0.0026,21.0,14.0
2024-11-17,강남구,8.3,4.2,15.5,0.0,0.0068,0.0305,0.31,0.0026,18.0,10.0
2024-11-18,강남구,4.1,1.8,8.6,0.0,0.0112,0.0275,0.26,0.0026,14.0,7.0
2024-11-19,강남구,5.6,0.1,11.7,0.0,0.0262,0.0153,0.33,0.0023,21.0,11.0
2024-11-20,강남구,6.8,2.1,10.9,0.0,0.0391,0.0055,0.53,0.0028,37.0,24.0
2024-11-21,강남구,9.9,6.0,14.3,0.5,0.0319,0.0134,0.57,0.0029,53.0,37.0
2024-11-22,강남구,7.5,4.1,11.8,0.0,0.0151,0.0283,0.39,0.0031,33.0,20.0
2024-11-23,강남구,6.1,0.9,13.2,0.0,0.025,0.0154,0.37,0.0026,22.0,14.0
2024-11-24,강남구,6.9,1.8,14.2,0.0,0.019,0.0202,0.33,0.0022,13.0,9.0
2024-11-25,강남구,10.5,2.9,16.6,0.0,0.0262,0.0148,0.37,0.0024,20.0,12.0
2024-11-26,강남구,6.7,2.0,13.4,28.0,0.0129,0.0252,0.29,0.002,10.0,6.0
2024-11-27,강남구,0.1,-0.8,3.0,21.5,0.0148,0.0238,0.3,0.0018,8.0,6.0
2024-11-28,강남구,1.5,-0.2,5.0,10.5,0.0157,0.0217,0.37,0.0018,15.0,11.0
2024-11-29,강남구,1.3,-3.0,4.9,0.0,0.0265,0.0129,0.45,0.0023,29.0,18.0
2024-11-30,강남구,3.2,-1.1,6.1,0.0,0.0303,0.0087,0.47,0.0023,22.0,14.0
2024-12-01,강남구,5.5,0.8,9.8,0.5,0.0248,0.007,0.45,0.0021,30.0,22.0
2024-12-02,강남구,7.5,2.1,14.1,0.0,0.0276,0.0157,0.52,0.0026,42.0,27.0
2024-12-03,강남구,2.4,-0.6,5.8,0.0,0.0156,0.0252,0.31,0.0023,15.0,7.0
2024-12-04,강남구,3.6,-0.3,6.9,0.0,0.0215,0.0215,0.36,0.0025,22.0,12.0
2024-12-05,강남구,3.9,-1.0,9.3,1.0,0.0246,0.0194,0.38,0.0025,21.0,11.0
2024-12-06,강남구,3.0,0.5,6.1,0.0,0.013,0.0275,0.32,0.0024,24.0,9.0
2024-12-07,강남구,0.8,-2.4,5.1,0.0,0.0135,0.0245,0.35,0.0022,21.0,12.0
2024-12-08,강남구,0.4,-2.7,4.4,0.0,0.01,0.0267,0.34,0.0022,21.0,12.0
2024-12-09,강남구,1.0,-3.8,6.9,0.0,0.0304,0.0122,0.47,0.0026,31.0,16.0
2024-12-10,강남구,2.3,-2.9,7.7,0.0,0.0348,0.0126,0.61,0.0027,39.0,26.0
2024-12-11,강남구,3.7,0.6,8.0,0.0,0.0335,0.0144,0.73,0.0038,62.0,39.0
2024-12-12,강남구,1.6,-2.4,5.9,0.0,0.0263,0.0148,0.5,0.0032,39.0,23.0
2024-12-13,강남구,1.8,-0.5,5.3,0.0,0.0215,0.0196,0.39,0.0028,27.0,16.0
2024-12-14,강남구,0.2,-2.4,3.4,0.0,0.0148,0.0243,0.4,0.0026,27.0,15.0
2024-12-15,강남구,1.6,-0.9,5.6,0.0,0.0145,0.0267,0.32,0.0026,19.0,10.0
2024-12-16,강남구,0.3,-3.9,4.1,0.0,0.0333,0.0096,0.49,0.0027,28.0,16.0
2024-12-17,강남구,-0.2,-3.5,3.9,0.0,0.0221,0.0186,0.4,0.0026,24.0,14.0
2024-12-18,강남구,-2.5,-4.7,0.6,0.0,0.0172,0.0176,0.41,0.0029,28.0,16.0
2024-12-19,강남구,-1.4,-6.0,4.7,0.0,0.0344,0.0081,0.59,0.0035,48.0,28.0
2024-12-20,강남구,0.9,-2.3,4.5,0.0,0.0478,0.0026,0.75,0.0033,58.0,38.0
2024-12-21,강남구,-0.3,-3.6,2.5,4.0,0.0213,0.0188,0.57,0.0024,50.0,41.0
2024-12-22,강남구,-2.7,-5.9,1.4,0.0,0.0124,0.0268,0.32,0.0023,19.0,9.0
2024-12-23,강남구,,,,0.0,0.0298,0.015,0.52,0.0026,27.0,17.0
2024-12-24,강남구,0.5,-3.4,5.0,0.0,0.0288,0.0168,0.47,0.0028,31.0,18.0
2024-12-25,강남구,2.6,-1.7,7.2,0.5,0.0326,0.0135,0.53,0.0028,31.0,21.0
2024-12-26,강남구,0.7,-3.9,4.4,0.0,0.0176,0.024,0.45,0.0027,64.0,34.0
2024-12-27,강남구,-1.7,-4.6,1.9,0.0,0.0148,0.0252,0.33,0.0023,28.0,13.0
2024-12-28,강남구,-2.1,-5.2,1.3,0.0,0.0105,0.0259,0.33,0.0025,26.0,13.0
2024-12-29,강남구,1.4,-4.2,5.9,0.0,0.0237,0.0165,0.42,0.0023,24.0,13.0
2024-12-30,강남구,6.1,1.9,10.6,0.0,0.026,0.021,0.48,0.0026,50.0,29.0
2024-12-31,강남구,1.2,-2.7,5.8,0.0,0.0159,0.0258,0.38,0.0027,48.0,18.0
2024-01-01,서초구,3.4,-1.2,7.1,0.0,0.0252,0.0123,0.68,0.0027,27.0,20.0
2024-01-02,서초구,3.7,2.0,4.9,0.0,0.0199,0.0211,0.44,0.0026,43.0,30.0
2024-01-03,서초구,2.4,0.4,5.2,1.0,0.0254,0.0166,0.43,0.0027,46.0,31.0
2024-01-04,서초구,1.8,-3.3,5.6,0.0,0.027,0.0163,0.54,0.003,51.0,34.0
2024-01-05,서초구,5.7,2.4,10.0,0.0,0.0256,0.0238,0.63,0.0029,94.0,64.0
2024-01-06,서초구,1.5,-0.9,5.3,1.0,0.0148,0.0238,0.35,0.0029,37.0,9.0
2024-01-07,서초구,-3.2,-6.9,-0.4,0.0,0.0074,0.0276,0.35,0.003,,11.0
2024-01-08,서초구,-3.9,-9.1,0.5,0.0,0.0248,0.0118,0.41,0.003,28.0,11.0
2024-01-09,서초구,-0.2,-1.7,1.0,2.0,0.0354,0.0051,0.48,0.0029,28.0,19.0
2024-01-10,서초구,-0.1,-2.3,3.9,0.0,0.0357,0.0053,0.66,0.0027,75.0,59.0
2024-01-11,서초구,1.9,-2.7,5.1,0.0,0.034,0.0081,0.56,0.0028,70.0,51.0
2024-01-12,서초구,2.3,0.6,4.9,0.0,0.0197,0.0214,0.48,0.003,65.0,38.0
2024-01-13,서초구,0.9,-2.7,5.7,0.0,0.0274,0.0143,0.42,0.0032,28.0,10.0
2024-01-14,서초구,-0.1,-3.6,4.5,3.0,0.0317,0.0084,0.67,0.0028,34.0,22.0
2024-01-15,서초구,-2.3,-5.0,1.1,0.0,0.0155,0.0235,0.35,0.0032,27.0,8.0
2024-01-16,서초구,-1.8,-6.9,4.0,0.0,0.035,0.0095,0.51,0.0033,37.0,17.0
2024-01-17,서초구,0.8,-3.2,2.5,9.5,0.0415,0.0006,0.69,0.003,41.0,29.0
2024-01-18,서초구,5.0,1.8,9.6,1.0,0.0257,0.0101,0.48,0.0027,29.0,21.0
2024-01-19,서초구,5.9,4.7,9.2,0.0,0.0142,0.0249,0.36,0.0026,16.0,7.0
2024-01-20,서초구,3.7,1.9,6.0,1.0,0.0107,0.0257,0.29,0.0025,8.0,1.0
2024-01-21,서초구,2.4,-1.9,5.2,0.5,0.0122,0.022,0.33,0.0025,11.0,5.0
2024-01-22,서초구,-7.6,-10.7,-1.8,0.0,0.0095,0.0248,0.35,0.0027,38.0,18.0
2024-01-23,서초구,-10.5,-12.6,-7.4,0.0,0.0085,0.0263,0.31,0.003,29.0,9.0
2024-01-24,서초구,-6.9,-10.0,-3.8,0.0,0.008,0.0278,0.32,0.0029,32.0,9.0
2024-01-25,서초구,-3.9,-7.8,-0.4,0.0,0.0147,0.0228,0.34,0.0032,22.0,10.0
2024-01-26,서초구,-1.4,-6.6,4.1,0.0,0.0314,0.0125,0.49,0.003,38.0,21.0
2024-01-27,서초구,0.3,-4.0,4.9,0.0,0.0277,0.0182,0.58,0.0033,54.0,37.0
2024-01-28,서초구,-0.7,-4.7,3.6,0.0,0.0191,0.0237,0.42,0.003,30.0,18.0
2024-01-29,서초구,-0.3,-5.6,5.0,0.0,0.0348,0.0115,0.61,0.0028,50.0,33.0
2024-01-30,서초구,1.3,-4.0,7.8,0.0,0.0434,0.0088,0.73,0.0022,67.0,45.0
2024-01-31,서초구,5.1,-0.2,10.6,0.0,0.0391,0.0156,0.68,0.0018,63.0,41.0
2024-02-01,서초구,3.5,0.3,8.0,0.0,0.0276,0.0179,0.72,0.0019,92.0,67.0
2024-02-02,서초구,3.7,0.2,8.6,0.0,0.0305,0.0131,0.45,0.0025,50.0,34.0
2024-02-03,서초구,4.8,-0.8,9.3,0.0,0.0304,0.0103,0.45,0.0024,41.0,28.0
2024-02-04,서초구,7.3,3.4,11.1,0.0,0.0211,0.0174,0.38,0.0021,27.0,19.0
2024-02-05,서초구,2.7,0.3,7.2,5.5,0.0109,0.0294,0.25,0.0017,6.0,4.0
2024-02-06,서초구,1.9,0.0,4.0,0.0,0.0212,0.0206,0.32,0.0017,15.0,10.0
2024-02-07,서초구,1.6,0.2,3.9,0.0,0.0233,0.0186,0.48,0.0018,37.0,27.0
2024-02-08,서초구,1.0,-3.3,6.4,0.0,0.0305,0.0184,0.51,0.0021,44.0,33.0
2024-02-09,서초구,1.1,-3.4,6.0,0.0,,,,,,
2024-02-10,서초구,1.6,-2.8,7.9,0.0,,,,,,
2024-02-11,서초구,1.5,-3.5,6.6,0.0,0.0157,0.0327,0.49,0.0019,58.0,44.0
2024-02-12,서초구,3.3,-3.8,10.6,0.0,0.0214,0.0267,0.54,0.0021,59.0,44.0
2024-02-13,서초구,8.6,0.8,15.4,0.0,0.0306,0.0237,0.54,0.0024,77.0,40.0
2024-02-14,서초구,13.3,8.6,18.8,0.0,0.0372,0.0147,0.57,0.0033,56.0,29.0
2024-02-15,서초구,5.4,1.4,11.6,8.0,0.0124,0.0269,0.32,0.0029,23.0,15.0
2024-02-16,서초구,2.9,-1.6,7.9,0.0,0.0242,0.0166,0.39,0.0031,31.0,18.0
2024-02-17,서초구,4.7,-1.7,11.7,0.0,0.0325,0.0145,0.53,0.0034,54.0,34.0
2024-02-18,서초구,6.7,1.0,10.5,13.0,0.0295,0.0103,0.48,0.0029,43.0,28.0
2024-02-19,서초구,9.6,4.6,12.5,7.0,0.0236,0.0105,0.46,0.003,17.0,7.0
2024-02-20,서초구,5.3,3.6,8.0,2.5,0.0195,0.0119,0.42,0.0029,35.0,16.0
2024-02-21,서초구,2.3,0.2,4.7,21.5,0.0124,0.0238,0.28,0.0026,6.0,1.0
2024-02-22,서초구,0.7,-0.8,2.4,9.0,0.0131,0.0266,0.26,0.0026,7.0,2.0
2024-02-23,서초구,2.3,-0.6,6.2,0.0,0.0131,0.0288,0.25,0.0027,10.0,3.0
2024-02-24,서초구,2.4,-0.5,6.3,2.0,0.0129,0.0279,0.25,0.0027,14.0,7.0
2024-02-25,서초구,3.3,0.9,6.3,2.0,0.0112,0.0267,0.3,0.0027,15.0,10.0
2024-02-26,서초구,4.7,-1.2,11.1,0.0,0.0207,0.0203,0.38,0.0028,33.0,17.0
2024-02-27,서초구,5.7,2.0,10.0,0.0,0.0166,0.029,0.26,0.0024,21.0,10.0
2024-02-28,서초구,7.2,3.4,10.9,0.0,0.0214,0.025,0.29,0.0025,38.0,15.0
2024-02-29,서초구,5.4,1.2,10.1,0.0,0.0277,0.0195,0.47,0.0026,71.0,39.0
2024-03-01,서초구,-3.1,-5.9,1.2,0.0,0.0061,0.039,0.23,0.0026,48.0,10.0
2024-03-02,서초구,0.0,-8.2,5.5,0.0,0.0133,0.0341,0.27,0.0027,36.0,13.0
2024-03-03,서초구,4.8,0.3,9.1,0.0,0.0135,0.0389,0.49,0.0025,126.0,70.0
2024-03-04,서초구,6.1,-1.3,12.2,0.0,0.0344,0.0199,0.46,0.0028,86.0,41.0
2024-03-05,서초구,8.5,6.3,11.4,0.0,0.0277,0.025,0.37,0.0026,59.0,25.0
2024-03-06,서초구,6.9,3.9,10.5,0.0,0.0197,0.0278,0.3,0.0023,19.0,7.0
2024-03-07,서초구,4.7,2.6,8.6,0.0,0.0193,0.0283,0.31,0.0022,37.0,17.0
2024-03-08,서초구,3.3,0.9,7.9,0.0,0.0132,0.0383,0.33,0.0024,66.0,24.0
2024-03-09,서초구,2.6,-0.7,8.0,0.0,0.013,0.0342,0.29,0.0022,40.0,16.0
2024-03-10,서초구,4.2,-2.5,11.2,0.0,0.0174,0.0328,0.32,0.0022,35.0,16.0
2024-03-11,서초구,6.7,1.9,12.2,0.0,0.0328,0.0221,0.37,0.0024,50.0,22.0
2024-03-12,서초구,6.7,4.8,10.0,1.0,0.0339,0.0179,0.4,0.002,42.0,26.0
2024-03-13,서초구,7.0,0.7,13.0,0.0,0.0199,0.0377,0.38,0.0024,57.0,28.0
2024-03-14,서초구,8.9,2.9,15.9,0.0,0.0207,0.0425,0.37,0.0024,72.0,39.0
2024-03-15,서초구,9.1,2.9,15.0,0.0,0.0214,0.0372,0.35,0.0024,61.0,35.0
2024-03-16,서초구,11.3,3.3,19.1,0.0,0.0247,0.0331,0.4,0.0024,63.0,37.0
2024-03-17,서초구,9.0,5.7,12.0,0.0,0.0073,0.0434,0.27,0.0021,144.0,23.0
2024-03-18,서초구,8.2,1.7,14.3,0.0,0.0212,0.0261,0.27,0.0023,37.0,8.0
2024-03-19,서초구,7.1,4.8,11.9,0.5,0.0158,0.034,0.31,0.0021,74.0,29.0
2024-03-20,서초구,5.3,2.7,9.2,0.0,0.01,0.0368,0.27,0.002,52.0,23.0
2024-03-21,서초구,5.4,-0.8,11.8,0.0,0.019,0.0341,0.3,0.0023,44.0,21.0
2024-03-22,서초구,10.6,3.5,16.8,8.5,0.0224,0.0322,0.34,0.0023,56.0,20.0
2024-03-23,서초구,13.3,9.5,18.2,0.5,0.0157,0.0436,0.33,0.0018,72.0,32.0
2024-03-24,서초구,16.0,8.5,23.1,0.0,0.0189,0.0335,0.37,0.0018,38.0,16.0
2024-03-25,서초구,10.9,7.1,14.9,6.5,0.0125,0.0339,0.26,0.0016,20.0,6.0
2024-03-26,서초구,7.8,3.3,12.4,15.0,0.0138,0.0321,0.28,0.0016,8.0,2.0
2024-03-27,서초구,10.7,4.6,17.2,0.0,0.0247,0.0262,0.46,0.0023,36.0,20.0
2024-03-28,서초구,10.4,8.2,12.5,1.5,0.0234,0.0245,0.47,0.0025,28.0,19.0
2024-03-29,서초구,8.0,5.0,13.0,1.5,0.0175,0.033,0.45,0.002,285.0,53.0
2024-03-30,서초구,9.2,2.6,17.4,0.0,0.022,0.0323,0.45,0.0022,110.0,27.0
2024-03-31,서초구,10.9,2.1,17.6,0.0,0.015,0.0368,0.41,0.0022,51.0,12.0
2024-04-01,서초구,12.5,5.4,19.6,0.0,0.0256,0.0317,0.42,0.0025,62.0,17.0
2024-04-02,서초구,15.3,6.3,24.7,0.0,0.0398,0.0297,0.53,0.0027,67.0,26.0
2024-04-03,서초구,15.8,13.5,18.0,0.5,0.0403,0.0203,0.54,0.0022,56.0,25.0
2024-04-04,서초구,15.3,12.1,20.5,0.0,0.0183,0.0402,0.41,0.002,39.0,14.0
2024-04-05,서초구,14.1,10.4,19.1,0.0,0.0147,0.0447,0.39,0.0024,56.0,21.0
2024-04-06,서초구,12.8,6.9,19.5,0.0,0.0249,0.0369,0.52,0.003,83.0,43.0
2024-04-07,서초구,14.9,5.8,23.6,0.0,0.0234,0.0435,0.52,0.003,63.0,34.0
2024-04-08,서초구,16.4,9.7,22.6,0.0,0.0379,0.0269,0.57,0.0028,74.0,31.0
2024-04-09,서초구,15.3,11.5,20.6,0.0,0.0164,0.0379,0.39,0.0023,51.0,19.0
2024-04-10,서초구,14.0,9.4,18.9,0.0,0.0107,0.0432,0.37,0.0024,56.0,20.0
2024-04-11,서초구,15.5,11.5,21.1,0.0,0.0235,0.0342,0.46,0.0027,67.0,23.0
2024-04-12,서초구,16.9,10.0,24.5,0.0,0.027,0.0321,0.49,0.0029,60.0,26.0
2024-04-13,서초구,18.8,10.3,27.4,0.0,0.0204,0.0344,0.43,0.0025,49.0,20.0
2024-04-14,서초구,20.0,11.4,29.3,0.0,0.0267,0.0232,0.57,0.0025,50.0,23.0
2024-04-15,서초구,15.9,11.4,20.1,16.0,0.0122,0.0331,0.38,0.0022,10.0,6.0
2024-04-16,서초구,13.9,11.3,18.5,1.5,0.02,0.0353,0.49,0.0024,103.0,31.0
2024-04-17,서초구,15.1,9.3,22.3,0.0,0.0241,0.0213,0.56,0.0024,171.0,55.0
2024-04-18,서초구,16.9,9.5,25.5,0.0,0.0299,0.0268,0.52,0.0028,139.0,33.0
2024-04-19,서초구,17.6,10.3,25.3,0.0,0.026,0.0529,0.48,0.0035,117.0,36.0
2024-04-20,서초구,14.8,12.9,18.3,5.5,0.0217,0.0354,0.52,0.0025,75.0,31.0
2024-04-21,서초구,17.2,13.1,21.3,0.0,0.007,0.0421,0.35,0.0021,19.0,6.0
2024-04-22,서초구,18.7,14.9,24.1,0.0,0.0133,0.0426,0.35,0.0022,39.0,15.0
2024-04-23,서초구,17.4,12.8,23.3,0.0,0.0133,0.0405,0.4,0.002,27.0,10.0
2024-04-24,서초구,13.5,11.0,17.8,14.0,0.0121,0.0344,0.36,0.0021,14.0,4.0
2024-04-25,서초구,14.7,10.4,21.7,0.0,0.0159,0.0548,0.39,0.0022,41.0,21.0
2024-04-26,서초구,17.6,10.8,26.0,0.0,0.0277,0.0407,0.52,0.0025,93.0,37.0
2024-04-27,서초구,18.2,9.8,26.6,0.0,0.0216,0.0492,0.49,0.0028,73.0,35.0
2024-04-28,서초구,19.8,10.5,28.9,0.0,0.0191,0.057,0.46,0.0027,45.0,20.0
2024-04-29,서초구,20.3,16.9,25.8,0.0,0.0164,0.0547,0.36,0.0023,55.0,20.0
2024-04-30,서초구,18.4,14.8,22.6,0.0,0.0209,0.0451,0.44,0.0031,70.0,36.0
2024-05-01,서초구,17.9,14.0,23.5,0.0,0.0096,0.0525,0.33,0.0023,31.0,14.0
2024-05-02,서초구,18.0,11.0,24.7,0.0,0.0172,0.0475,0.36,0.0026,46.0,20.0
2024-05-03,서초구,19.0,10.2,28.3,0.0,0.0228,0.0554,0.4,0.0031,58.0,29.0
2024-05-04,서초구,20.7,12.2,29.9,0.0,0.0258,0.0666,0.49,0.0033,71.0,37.0
2024-05-05,서초구,17.2,15.3,19.8,33.5,0.0106,0.0395,0.36,0.0023,21.0,12.0
2024-05-06,서초구,14.3,13.3,16.1,9.0,0.0078,0.0492,0.34,0.002,11.0,5.0
2024-05-07,서초구,13.6,12.2,15.6,3.0,0.0125,0.0334,0.36,0.0021,29.0,15.0
2024-05-08,서초구,15.2,10.5,21.7,0.0,0.0137,0.0345,0.29,0.002,26.0,8.0
2024-05-09,서초구,16.2,9.4,23.1,0.0,0.0173,0.0448,0.33,0.0024,40.0,14.0
2024-05-10,서초구,17.8,11.4,25.4,0.0,0.0164,0.0507,0.35,0.0026,41.0,17.0
2024-05-11,서초구,16.9,12.7,23.2,24.5,0.0076,0.0473,0.29,0.0021,23.0,6.0
2024-05-12,서초구,17.1,11.0,22.7,0.0,0.0068,0.0458,0.31,0.0021,86.0,18.0
2024-05-13,서초구,18.1,10.4,25.5,0.0,0.0195,0.0399,0.37,0.0022,38.0,14.0
2024-05-14,서초구,18.5,10.9,25.8,0.0,0.0212,0.0476,0.33,0.0025,38.0,13.0
2024-05-15,서초구,12.4,7.6,20.0,23.0,0.0125,0.0464,0.3,0.0024,29.0,7.0
2024-05-16,서초구,14.1,7.5,20.5,1.0,0.0114,0.0431,0.28,0.0023,19.0,5.0
2024-05-17,서초구,18.4,9.9,26.5,0.0,0.0179,0.0593,0.41,0.0028,56.0,24.0
2024-05-18,서초구,20.3,13.0,27.1,0.0,0.0161,0.0386,0.4,0.0023,33.0,11.0
2024-05-19,서초구,21.2,14.5,28.4,0.0,0.0102,0.0471,0.34,0.0023,27.0,10.0
2024-05-20,서초구,20.0,15.8,24.0,0.0,0.0169,0.031,0.31,0.0027,37.0,14.0
2024-05-21,서초구,22.0,16.3,28.8,0.0,0.0177,0.0472,0.37,0.002,49.0,28.0
2024-05-22,서초구,20.8,16.1,26.8,0.0,0.0193,0.0452,0.41,0.0025,61.0,38.0
2024-05-23,서초구,20.8,15.6,27.6,0.0,0.0184,0.0372,0.34,0.0024,40.0,22.0
2024-05-24,서초구,20.5,14.9,25.0,0.0,0.0171,0.0321,0.34,0.0019,47.0,28.0
2024-05-25,서초구,21.2,18.9,24.8,0.0,0.0126,0.0423,0.33,0.0019,41.0,17.0
2024-05-26,서초구,19.5,16.9,24.2,7.0,0.007,0.0477,0.32,0.002,25.0,10.0
2024-05-27,서초구,18.6,13.9,23.6,0.0,0.0097,0.0469,0.37,0.0022,32.0,10.0
2024-05-28,서초구,19.7,13.2,26.1,0.0,0.0152,0.035,0.31,0.0024,21.0,8.0
2024-05-29,서초구,21.1,13.5,28.0,0.0,0.0226,0.0326,0.36,0.0028,33.0,12.0
2024-05-30,서초구,20.4,15.3,24.8,0.0,0.029,0.0349,0.42,0.0029,36.0,17.0
2024-05-31,서초구,20.6,15.7,26.4,0.0,0.0172,0.0493,0.34,0.0029,33.0,15.0
2024-06-01,서초구,20.7,17.1,26.5,0.0,0.0079,0.0508,0.32,0.0025,32.0,16.0
2024-06-02,서초구,20.4,14.2,26.7,0.0,0.006,0.0573,0.31,0.0027,24.0,9.0
2024-06-03,서초구,21.8,14.2,28.0,0.0,0.0122,0.0397,0.3,0.0023,18.0,9.0
2024-06-04,서초구,22.5,14.7,29.9,0.0,0.0128,0.0435,0.29,0.0024,23.0,12.0
2024-06-05,서초구,23.2,16.3,30.7,0.0,0.0257,0.0451,0.4,0.003,45.0,21.0
2024-06-06,서초구,23.7,18.3,31.1,0.0,0.0174,0.059,0.4,0.0029,48.0,26.0
2024-06-07,서초구,23.3,17.3,28.7,0.0,0.0161,0.0584,0.35,0.0029,37.0,18.0
2024-06-08,서초구,20.1,16.8,25.7,14.5,0.0107,0.0441,0.34,0.0024,24.0,15.0
2024-06-09,서초구,22.8,16.3,29.5,0.0,0.0099,0.056,0.39,0.0028,32.0,19.0
2024-06-10,서초구,24.5,17.9,31.5,0.0,0.0162,0.0702,0.44,0.0031,55.0,26.0
2024-06-11,서초구,25.2,20.4,32.2,0.0,0.0139,0.0873,0.46,0.0027,73.0,37.0
2024-06-12,서초구,24.5,17.0,33.1,0.0,0.0157,0.0647,0.36,0.0031,38.0,16.0
2024-06-13,서초구,25.9,18.6,33.4,0.0,0.0208,0.0484,0.36,0.0033,41.0,16.0
2024-06-14,서초구,26.5,20.2,33.7,0.0,0.0222,0.0387,0.38,0.0038,36.0,19.0
2024-06-15,서초구,23.7,20.6,28.3,3.5,0.0132,0.0322,0.32,0.0026,27.0,18.0
2024-06-16,서초구,24.0,18.2,31.0,0.0,0.0062,0.0561,0.28,0.0023,26.0,13.0
2024-06-17,서초구,24.4,16.3,31.0,0.0,0.0168,0.0523,0.26,0.0024,28.0,11.0
2024-06-18,서초구,25.3,18.1,33.6,0.0,0.0162,0.0537,0.27,0.0025,33.0,14.0
2024-06-19,서초구,28.0,19.3,36.5,0.0,0.0174,0.0915,0.36,0.003,51.0,26.0
2024-06-20,서초구,28.0,21.2,35.6,0.0,0.0179,0.085,0.37,0.0034,47.0,26.0
2024-06-21,서초구,27.6,20.6,34.0,0.0,0.0223,0.0603,0.33,0.0038,46.0,22.0
2024-06-22,서초구,23.4,21.7,26.3,24.5,0.0146,0.0451,0.4,0.0027,28.0,19.0
2024-06-23,서초구,25.1,21.6,30.6,7.0,0.0058,0.0474,0.32,0.002,15.0,9.0
2024-06-24,서초구,24.6,20.5,29.7,0.0,0.0132,0.055,0.36,0.002,60.0,24.0
2024-06-25,서초구,23.1,19.0,27.7,0.0,0.0101,0.0558,0.27,0.0024,25.0,8.0
2024-06-26,서초구,24.4,17.3,31.3,0.0,0.014,0.0595,0.31,0.0024,31.0,15.0
2024-06-27,서초구,24.8,18.5,30.4,0.0,0.0194,0.055,0.35,0.0024,33.0,16.0
2024-06-28,서초구,26.0,19.1,33.1,0.0,0.0199,0.0808,0.4,0.0027,49.0,28.0
2024-06-29,서초구,25.7,20.3,31.8,29.0,0.0121,0.0655,0.37,0.0024,31.0,20.0
2024-06-30,서초구,24.0,22.2,26.8,28.0,0.0038,0.0623,0.33,0.002,18.0,11.0
2024-07-01,서초구,26.3,20.9,31.7,0.0,0.0111,0.0728,0.35,0.0021,31.0,16.0
2024-07-02,서초구,23.1,21.3,25.8,51.5,0.0148,0.0393,0.4,0.002,17.0,9.0
2024-07-03,서초구,25.3,23.6,27.8,2.5,0.0104,0.0593,0.42,0.0022,28.0,16.0
2024-07-04,서초구,27.1,23.7,31.2,4.0,0.0113,0.0705,0.46,0.0022,43.0,31.0
2024-07-05,서초구,23.8,21.4,27.6,11.5,0.0097,0.0629,0.41,0.0021,18.0,8.0
2024-07-06,서초구,25.3,21.4,31.8,5.0,0.0098,0.0496,0.39,0.0021,26.0,14.0
2024-07-07,서초구,24.2,20.7,27.4,9.5,0.0063,0.0587,0.42,0.0021,20.0,11.0
2024-07-08,서초구,23.7,22.9,24.8,8.5,0.0143,0.0397,0.36,0.0021,8.0,3.0
2024-07-09,서초구,24.0,22.0,26.9,3.0,0.0129,0.0348,0.37,0.0021,15.0,8.0
2024-07-10,서초구,25.7,21.9,32.8,14.5,0.0106,0.0449,0.34,0.0021,11.0,3.0
2024-07-11,서초구,25.1,22.3,29.8,0.0,0.0176,0.0442,0.47,0.0023,39.0,24.0
2024-07-12,서초구,25.8,21.1,30.6,0.0,0.0196,0.0386,0.49,0.0022,41.0,28.0
2024-07-13,서초구,27.7,22.5,33.1,0.0,0.0141,0.0602,0.58,0.0021,49.0,35.0
2024-07-14,서초구,28.0,24.4,31.6,0.0,0.0073,0.0488,0.42,0.002,27.0,19.0
2024-07-15,서초구,28.5,24.4,32.1,0.0,0.0093,0.0472,0.34,0.002,12.0,3.0
2024-07-16,서초구,26.5,23.4,30.5,9.5,0.011,0.0399,0.38,0.0021,13.0,4.0
2024-07-17,서초구,26.1,23.0,30.0,20.5,0.0095,0.0277,0.36,0.0021,9.0,2.0
2024-07-18,서초구,24.4,23.1,26.4,117.0,0.0124,0.0329,0.37,0.0019,7.0,2.0
2024-07-19,서초구,27.6,23.5,31.9,0.0,0.0119,0.0523,0.41,0.0021,23.0,13.0
2024-07-20,서초구,26.6,24.2,30.7,15.0,0.0095,0.0467,0.38,0.002,14.0,6.0
2024-07-21,서초구,27.0,22.9,30.7,5.5,0.0043,0.0611,0.35,0.0021,18.0,7.0
2024-07-22,서초구,27.0,25.0,28.7,41.0,0.0076,0.037,0.35,0.0019,14.0,4.0
2024-07-23,서초구,26.7,25.4,28.9,1.5,0.007,0.031,0.31,0.0018,9.0,3.0
2024-07-24,서초구,28.0,25.0,32.3,11.5,0.0092,0.0291,0.34,0.0019,13.0,6.0
2024-07-25,서초구,28.4,24.6,34.1,21.5,0.0104,0.0264,0.33,0.0022,21.0,9.0
2024-07-26,서초구,28.1,24.5,33.5,10.0,0.0118,0.028,0.35,0.002,14.0,7.0
2024-07-27,서초구,28.3,25.9,33.1,12.0,0.008,0.0329,0.35,0.002,13.0,5.0
2024-07-28,서초구,29.2,26.5,33.7,0.0,0.004,0.0246,0.32,0.002,14.0,6.0
2024-07-29,서초구,27.9,27.0,29.4,0.0,0.0065,0.0232,0.27,0.0022,19.0,7.0
2024-07-30,서초구,28.9,26.5,33.2,0.0,0.0109,0.0282,0.29,0.0022,25.0,12.0
2024-07-31,서초구,29.7,26.1,34.2,0.0,0.0086,0.0205,0.28,0.0023,15.0,6.0
2024-08-01,서초구,30.0,27.1,33.7,0.0,0.0089,0.0232,0.33,0.0023,19.0,7.0
2024-08-02,서초구,30.0,27.8,33.5,0.0,0.0088,0.0323,0.37,0.0024,25.0,12.0
2024-08-03,서초구,30.3,26.5,34.9,0.0,0.0089,0.044,0.43,0.0023,29.0,19.0
2024-08-04,서초구,30.9,25.6,36.1,0.0,0.0097,0.0433,0.48,0.0024,24.0,16.0
2024-08-05,서초구,29.6,25.5,34.2,31.5,0.0154,0.0356,0.49,0.0022,29.0,20.0
2024-08-06,서초구,28.0,24.3,33.7,8.5,0.0153,0.0293,0.37,0.0022,15.0,7.0
2024-08-07,서초구,28.9,24.1,33.7,13.0,0.014,0.0322,0.26,0.0024,16.0,8.0
2024-08-08,서초구,27.9,24.2,31.5,14.0,0.0156,0.0293,0.26,0.0022,18.0,11.0
2024-08-09,서초구,28.7,24.2,34.8,0.0,0.017,0.0415,0.3,0.0023,32.0,17.0
2024-08-10,서초구,29.6,24.9,34.8,0.0,0.0145,0.0475,0.33,0.0023,33.0,21.0
2024-08-11,서초구,29.7,25.8,35.2,0.0,0.0065,0.0514,0.3,0.0022,25.0,17.0
2024-08-12,서초구,30.9,26.4,35.6,0.0,0.0143,0.0468,0.31,0.0024,27.0,14.0
2024-08-13,서초구,29.1,25.8,35.9,32.5,0.0141,0.0487,0.33,0.002,27.0,14.0
2024-08-14,서초구,29.9,26.4,35.9,0.0,0.0154,0.0547,0.33,0.002,25.0,14.0
2024-08-15,서초구,29.0,24.8,35.1,2.0,0.0097,0.0554,0.29,0.002,23.0,14.0
2024-08-16,서초구,29.7,25.9,34.7,0.0,0.0129,0.0474,0.3,0.0022,21.0,14.0
2024-08-17,서초구,29.9,26.3,35.5,0.0,0.0113,0.0533,0.33,0.0021,18.0,10.0
2024-08-18,서초구,29.7,26.2,35.0,0.0,0.0072,0.0561,0.35,0.0023,15.0,9.0
2024-08-19,서초구,30.2,25.6,36.3,0.0,0.0136,0.0568,0.38,0.0021,21.0,11.0
2024-08-20,서초구,31.2,26.4,35.3,0.0,0.0145,0.0451,0.37,0.0022,24.0,12.0
2024-08-21,서초구,27.6,26.0,30.9,32.0,0.0082,0.0348,0.31,0.002,7.0,2.0
2024-08-22,서초구,28.2,25.9,31.5,1.5,0.0082,0.0376,0.29,0.0021,11.0,2.0
2024-08-23,서초구,28.1,25.1,33.1,0.0,0.0101,0.0706,0.36,0.0022,26.0,16.0
2024-08-24,서초구,27.7,24.3,32.3,0.0,0.0137,0.0605,0.46,0.0022,36.0,25.0
2024-08-25,서초구,27.7,23.6,33.3,0.0,0.0106,0.059,0.48,0.0022,34.0,27.0
2024-08-26,서초구,26.4,23.0,32.1,3.0,0.0209,0.0422,0.5,0.0022,36.0,25.0
2024-08-27,서초구,26.2,23.8,30.2,0.0,0.0153,0.0303,0.33,0.0021,22.0,10.0
2024-08-28,서초구,28.1,22.4,33.6,0.0,0.0091,0.0457,0.26,0.002,14.0,5.0
2024-08-29,서초구,28.3,23.9,33.4,0.0,0.0081,0.0438,0.22,0.002,7.0,2.0
2024-08-30,서초구,28.6,23.7,33.5,0.0,0.0116,0.0352,0.25,0.0022,15.0,4.0
2024-08-31,서초구,27.7,23.5,33.3,0.0,0.0112,0.0538,0.34,0.0024,38.0,17.0
2024-09-01,서초구,26.6,22.7,32.0,0.0,0.0068,0.0501,0.36,0.0024,35.0,19.0
2024-09-02,서초구,24.3,21.2,27.4,2.0,0.0143,0.0284,0.31,0.0023,33.0,10.0
2024-09-03,서초구,26.6,23.0,31.3,0.0,0.0087,0.0428,0.24,0.002,21.0,3.0
2024-09-04,서초구,27.4,22.5,32.6,0.0,0.0096,0.0523,0.26,0.0024,18.0,6.0
2024-09-05,서초구,25.9,24.5,30.3,20.0,0.0105,0.0421,0.29,0.0025,22.0,9.0
2024-09-06,서초구,23.5,22.3,25.1,13.5,0.013,0.0237,0.33,0.002,12.0,5.0
2024-09-07,서초구,26.2,22.4,31.8,0.0,0.0116,0.0457,0.33,0.0023,20.0,12.0
2024-09-08,서초구,26.4,21.6,32.0,0.0,0.0091,0.0597,0.4,0.0023,27.0,19.0
2024-09-09,서초구,28.1,22.8,33.6,0.0,0.0153,0.0461,0.39,0.0024,28.0,18.0
2024-09-10,서초구,28.7,24.3,34.7,0.0,0.0156,0.0469,0.39,0.0024,29.0,18.0
2024-09-11,서초구,28.6,24.4,35.5,0.0,0.0199,0.0448,0.4,0.0023,32.0,20.0
2024-09-12,서초구,24.9,24.2,27.0,52.0,0.0138,0.0157,0.35,0.0021,6.0,3.0
2024-09-13,서초구,26.1,24.2,30.2,8.5,0.0112,0.0134,0.29,0.0024,11.0,4.0
2024-09-14,서초구,27.8,25.1,31.9,0.5,0.0086,0.0294,0.28,0.0026,7.0,2.0
2024-09-15,서초구,27.1,23.9,32.4,0.0,0.0067,0.0255,0.31,0.0024,8.0,3.0
2024-09-16,서초구,26.8,21.3,32.4,4.0,0.0067,0.0355,0.26,0.0024,4.0,1.0
2024-09-17,서초구,28.7,25.5,34.7,0.0,0.0085,0.0291,0.32,0.0025,6.0,2.0
2024-09-18,서초구,29.4,25.7,34.1,0.0,0.0091,0.0311,0.37,0.0026,11.0,6.0
2024-09-19,서초구,28.9,25.3,33.6,0.0,0.0126,0.0354,0.32,0.0029,16.0,7.0
2024-09-20,서초구,24.4,17.7,27.4,64.5,0.0126,0.0163,0.32,0.0024,8.0,4.0
2024-09-21,서초구,19.7,16.9,22.7,25.0,0.006,0.0312,0.23,0.0022,4.0,1.0
2024-09-22,서초구,21.6,18.3,26.8,0.0,0.0051,0.0266,0.2,0.0022,3.0,1.0
2024-09-23,서초구,20.8,17.0,26.5,0.0,0.0066,0.0315,0.2,0.0022,5.0,1.0
2024-09-24,서초구,20.3,15.4,26.7,0.0,0.0119,0.0344,0.24,0.0023,10.0,3.0
2024-09-25,서초구,23.1,17.5,27.9,0.0,0.0159,0.0297,0.27,0.0025,15.0,5.0
2024-09-26,서초구,23.9,21.0,28.5,0.0,0.016,0.0382,0.3,0.0027,18.0,8.0
2024-09-27,서초구,23.2,19.1,28.6,0.0,0.0121,0.0333,0.26,0.0022,14.0,7.0
2024-09-28,서초구,23.3,20.2,28.2,0.0,0.0067,0.0407,0.23,0.002,10.0,3.0
2024-09-29,서초구,23.5,17.8,28.8,0.0,0.0067,0.0378,0.23,0.002,6.0,1.0
2024-09-30,서초구,22.7,17.8,29.2,0.0,0.0126,0.0404,0.25,0.0025,12.0,4.0
2024-10-01,서초구,18.5,14.4,21.3,1.5,0.0083,0.036,0.25,0.0022,12.0,4.0
2024-10-02,서초구,15.4,11.6,20.9,0.0,0.0086,0.0329,0.22,0.0021,15.0,2.0
2024-10-03,서초구,15.8,10.4,23.1,0.0,0.0116,0.0256,0.24,0.002,13.0,3.0
2024-10-04,서초구,16.6,11.4,23.7,0.0,0.0148,0.0248,0.27,0.0022,16.0,5.0
2024-10-05,서초구,16.8,11.6,23.8,0.0,0.0201,0.0258,0.36,0.0022,34.0,20.0
2024-10-06,서초구,15.4,11.8,18.3,0.0,0.0184,0.0134,0.37,0.002,21.0,11.0
2024-10-07,서초구,16.9,13.6,21.4,0.0,0.0196,0.0249,0.43,0.0023,42.0,22.0
2024-10-08,서초구,17.7,12.7,23.5,0.0,0.0164,0.02,0.42,0.0021,33.0,23.0
2024-10-09,서초구,18.3,13.2,23.9,0.0,0.0085,0.0338,0.25,0.002,10.0,4.0
2024-10-10,서초구,18.1,15.4,23.3,1.0,0.013,0.0309,0.27,0.0023,20.0,10.0
2024-10-11,서초구,18.0,13.5,24.8,0.0,0.0197,0.0323,0.37,0.0023,39.0,23.0
2024-10-12,서초구,17.5,12.4,24.8,0.0,0.0229,0.029,0.44,0.0024,49.0,30.0
2024-10-13,서초구,17.7,11.7,22.5,0.0,0.0158,0.0255,0.38,0.0021,27.0,17.0
2024-10-14,서초구,19.1,16.1,21.4,0.0,0.0181,0.0174,0.3,0.0022,23.0,9.0
2024-10-15,서초구,19.2,17.0,22.5,1.0,0.0178,0.0145,0.33,0.0021,20.0,12.0
2024-10-16,서초구,18.1,14.5,24.0,0.0,0.0225,0.0206,0.44,0.0021,49.0,30.0
2024-10-17,서초구,18.7,13.5,25.1,0.0,0.0204,0.0239,0.39,0.0021,37.0,21.0
2024-10-18,서초구,17.5,16.4,19.2,37.0,0.0187,0.0113,0.34,0.0021,18.0,10.0
2024-10-19,서초구,17.1,12.9,21.8,0.5,0.0084,0.0264,0.26,0.002,7.0,2.0
2024-10-20,서초구,13.4,10.2,17.7,0.0,0.0051,0.031,0.19,0.0019,12.0,2.0
2024-10-21,서초구,14.5,8.2,19.6,0.0,0.0143,0.0185,0.26,0.0019,16.0,3.0
2024-10-22,서초구,15.5,14.3,17.0,20.0,0.0192,0.0082,0.35,0.0019,12.0,3.0
2024-10-23,서초구,13.5,10.9,17.1,2.0,0.0111,0.03,0.28,0.002,22.0,13.0
2024-10-24,서초구,12.5,6.9,18.8,0.0,0.0203,0.0222,0.38,0.0021,33.0,19.0
2024-10-25,서초구,14.6,9.1,21.5,0.0,0.0277,0.0112,0.48,0.0021,31.0,17.0
2024-10-26,서초구,16.5,10.3,22.9,0.0,0.0212,0.0161,0.38,0.0021,22.0,11.0
2024-10-27,서초구,16.2,13.1,19.8,0.0,0.0131,0.0286,0.34,0.0022,27.0,16.0
2024-10-28,서초구,16.2,11.7,20.5,0.0,0.0161,0.0185,0.41,0.0021,35.0,25.0
2024-10-29,서초구,15.2,12.5,19.7,0.0,0.0183,0.0203,0.29,0.0021,15.0,7.0
2024-10-30,서초구,15.6,10.9,21.0,0.0,0.0215,0.0221,0.43,0.0023,34.0,17.0
2024-10-31,서초구,15.4,10.6,22.1,0.0,0.0302,0.0163,0.48,0.0023,44.0,26.0
2024-11-01,서초구,15.3,12.2,18.7,0.0,0.0342,0.0106,0.53,0.0022,44.0,26.0
2024-11-02,서초구,17.9,12.5,24.4,0.0,0.0196,0.0226,0.43,0.0023,34.0,20.0
2024-11-03,서초구,17.3,11.5,23.2,0.0,0.0097,0.0344,0.32,0.0027,24.0,14.0
2024-11-04,서초구,15.1,10.2,19.0,0.0,0.0108,0.0358,0.27,0.0023,25.0,12.0
2024-11-05,서초구,10.6,7.6,14.8,0.0,0.0135,0.0219,0.26,0.0025,31.0,9.0
2024-11-06,서초구,8.1,3.7,12.4,0.0,0.0145,0.0235,0.3,0.0028,32.0,13.0
2024-11-07,서초구,7.6,1.8,14.4,0.0,0.0269,0.0131,0.42,0.0026,49.0,25.0
2024-11-08,서초구,9.8,2.9,17.4,0.0,0.0333,0.01,0.51,0.0025,45.0,27.0
2024-11-09,서초구,12.3,6.6,19.4,0.0,0.0321,0.0126,0.53,0.0023,37.0,21.0
2024-11-10,서초구,14.1,9.5,20.1,0.0,0.021,0.0197,0.41,0.0022,26.0,15.0
2024-11-11,서초구,14.2,9.0,20.7,0.0,0.0316,0.0175,0.54,0.0026,61.0,37.0
2024-11-12,서초구,14.3,10.0,18.7,0.0,0.018,0.0278,0.37,0.0026,42.0,28.0
2024-11-13,서초구,13.8,8.3,20.8,0.0,0.0273,0.0156,0.48,0.0024,44.0,23.0
2024-11-14,서초구,15.0,11.9,17.2,0.0,0.0245,0.0133,0.38,0.0023,34.0,17.0
2024-11-15,서초구,16.9,13.1,20.5,0.0,0.0193,0.0178,0.35,0.0023,28.0,17.0
2024-11-16,서초구,17.4,14.9,23.2,4.0,0.0124,0.0338,0.3,0.0023,22.0,14.0
2024-11-17,서초구,7.8,3.6,14.9,0.0,0.0054,0.0324,0.26,0.0025,23.0,10.0
2024-11-18,서초구,3.7,0.9,7.3,0.0,0.0104,0.026,0.24,0.0025,22.0,7.0
2024-11-19,서초구,5.6,-0.4,10.8,0.0,0.0224,0.0132,0.29,0.0022,29.0,14.0
2024-11-20,서초구,6.3,1.6,10.8,0.0,0.0309,0.005,0.49,0.0024,47.0,27.0
2024-11-21,서초구,9.4,5.5,14.5,0.5,0.0257,0.0131,0.51,0.0024,65.0,45.0
2024-11-22,서초구,7.0,3.0,10.8,0.0,0.0132,0.0257,0.34,0.003,39.0,20.0
2024-11-23,서초구,6.2,0.8,12.5,0.0,0.0208,0.0148,0.37,0.0024,30.0,16.0
2024-11-24,서초구,7.1,1.4,13.1,0.0,0.0176,0.0174,0.34,0.0021,20.0,10.0
2024-11-25,서초구,10.7,2.9,15.8,0.0,0.0208,0.0164,0.36,0.0023,27.0,14.0
2024-11-26,서초구,6.5,1.8,13.0,28.5,0.011,0.0243,0.25,0.002,11.0,4.0
2024-11-27,서초구,-0.1,-1.2,2.9,22.0,0.0136,0.0222,0.24,0.002,12.0,6.0
2024-11-28,서초구,,,,6.5,0.0129,0.0222,0.29,0.002,19.0,12.0
2024-11-29,서초구,,,,0.0,0.0239,0.0109,0.37,0.0024,38.0,20.0
2024-11-30,서초구,3.1,-1.2,6.2,0.0,0.0254,0.0083,0.43,0.0023,31.0,17.0
2024-12-01,서초구,5.1,0.3,9.3,0.5,0.0223,0.0059,0.47,0.0021,40.0,27.0
2024-12-02,서초구,6.8,2.0,14.0,0.0,0.0247,0.014,0.49,0.0024,54.0,35.0
2024-12-03,서초구,2.2,-0.7,4.9,0.0,0.0126,0.0242,0.24,0.0024,21.0,7.0
2024-12-04,서초구,3.3,-0.9,6.3,0.0,0.018,0.0202,0.29,0.0026,28.0,10.0
2024-12-05,서초구,3.8,-0.8,9.3,1.0,0.0205,0.0184,0.32,0.0025,28.0,12.0
2024-12-06,서초구,2.8,0.2,5.7,0.0,0.0107,0.0271,0.25,0.0026,32.0,9.0
2024-12-07,서초구,0.6,-2.7,4.5,0.0,0.0133,0.0229,0.3,0.0026,27.0,12.0
2024-12-08,서초구,0.2,-2.6,3.8,0.0,0.0081,0.0282,0.27,0.0025,26.0,12.0
2024-12-09,서초구,0.9,-4.2,6.7,0.0,0.0248,0.0106,0.4,0.0027,39.0,17.0
2024-12-10,서초구,2.7,-2.9,7.1,0.0,0.0272,0.0116,0.51,0.0027,49.0,28.0
2024-12-11,서초구,3.5,0.2,7.6,0.0,0.0241,0.0137,0.58,0.0038,70.0,38.0
2024-12-12,서초구,1.6,-2.8,5.6,0.0,0.0182,0.0153,0.38,0.0034,45.0,19.0
2024-12-13,서초구,1.7,-0.8,5.0,0.0,0.0166,0.0204,0.32,0.003,34.0,15.0
2024-12-14,서초구,0.1,-2.1,2.7,0.0,0.013,0.0237,0.33,0.0027,32.0,14.0
2024-12-15,서초구,1.9,-1.4,6.2,0.0,0.0108,0.0287,0.27,0.0026,23.0,9.0
2024-12-16,서초구,0.2,-3.8,4.4,0.0,0.0262,0.0084,0.39,0.0027,36.0,17.0
2024-12-17,서초구,-0.3,-3.7,4.0,0.0,0.0191,0.0161,0.33,0.0027,30.0,13.0
2024-12-18,서초구,-2.8,-4.7,0.1,0.0,0.0131,0.017,0.33,0.0031,36.0,15.0
2024-12-19,서초구,-1.4,-6.7,3.7,0.0,0.0282,0.0062,0.51,0.0037,59.0,29.0
2024-12-20,서초구,1.0,-3.2,4.5,0.5,0.0379,0.0026,0.64,0.0034,67.0,41.0
2024-12-21,서초구,-0.4,-3.6,2.1,3.5,0.0141,0.0207,0.45,0.0024,52.0,40.0
2024-12-22,서초구,-2.8,-5.9,0.7,0.0,0.0089,0.0286,0.26,0.0026,23.0,9.0
2024-12-23,서초구,0.4,-5.8,6.8,0.0,0.0246,0.0146,0.46,0.0027,36.0,18.0
2024-12-24,서초구,0.0,-4.0,4.4,0.0,0.0221,0.0152,0.39,0.0027,37.0,18.0
2024-12-25,서초구,2.6,-2.0,6.5,0.0,0.024,0.0146,0.43,0.0027,32.0,19.0
2024-12-26,서초구,0.4,-3.8,4.2,0.0,0.012,0.0246,0.37,0.0026,76.0,35.0
2024-12-27,서초구,-1.7,-4.2,1.5,0.0,0.0121,0.0257,0.27,0.0027,35.0,12.0
2024-12-28,서초구,-2.2,-5.1,0.8,0.0,0.0091,0.0266,0.27,0.0028,37.0,13.0
2024-12-29,서초구,1.3,-3.9,5.4,0.0,0.0176,0.0181,0.36,0.0026,27.0,14.0
2024-12-30,서초구,6.3,1.7,10.9,0.0,0.0233,0.0187,0.42,0.0026,63.0,34.0
2024-12-31,서초구,0.8,-2.7,5.7,0.0,0.0113,0.0259,0.31,0.0028,60.0,18.0
2024-01-01,강동구,2.9,-1.1,6.8,0.0,0.0305,0.0116,0.92,0.002,20.0,15.0
2024-01-02,강동구,3.1,1.7,4.6,0.0,0.0297,0.0184,0.84,0.0021,38.0,30.0
2024-01-03,강동구,1.6,-0.4,3.8,0.5,0.0399,0.0087,0.89,0.0023,40.0,30.0
2024-01-04,강동구,0.9,-3.6,4.4,0.0,0.0399,0.0103,1.03,0.0026,56.0,41.0
2024-01-05,강동구,5.4,2.2,9.5,0.0,0.0355,0.0237,1.05,0.0026,85.0,61.0
2024-01-06,강동구,1.4,-1.9,5.5,1.5,0.0256,0.0207,0.8,0.0024,25.0,12.0
2024-01-07,강동구,-3.6,-7.6,-0.4,0.0,0.0119,0.027,0.77,0.0029,22.0,11.0
2024-01-08,강동구,-4.0,-9.3,0.6,0.0,0.0298,0.0114,0.7,0.003,22.0,10.0
2024-01-09,강동구,-1.2,-2.5,0.2,1.0,0.0423,0.003,0.54,0.0029,28.0,19.0
2024-01-10,강동구,-0.3,-3.8,4.1,0.0,0.045,0.0063,0.8,0.0026,65.0,55.0
2024-01-11,강동구,2.1,-1.8,5.0,0.0,0.0474,0.0062,0.75,0.0028,64.0,53.0
2024-01-12,강동구,2.1,-0.9,6.0,0.0,0.0317,0.0205,0.68,0.0028,59.0,38.0
2024-01-13,강동구,0.0,-3.6,5.4,0.0,0.0343,0.0138,0.67,0.003,25.0,11.0
2024-01-14,강동구,-0.7,-3.5,1.8,2.5,0.0374,0.0062,0.79,0.0026,31.0,22.0
2024-01-15,강동구,-2.5,-6.1,2.5,0.0,0.0205,0.0237,0.56,0.0031,21.0,7.0
2024-01-16,강동구,-2.3,-7.1,4.3,0.0,0.0345,0.0147,0.72,0.0033,30.0,15.0
2024-01-17,강동구,-0.2,-3.0,2.3,7.5,0.0449,0.0025,0.85,0.0028,35.0,27.0
2024-01-18,강동구,4.5,1.1,9.4,0.0,0.0312,0.0143,0.66,0.0023,23.0,21.0
2024-01-19,강동구,5.3,4.0,8.9,0.0,0.0138,0.0319,0.41,0.0021,8.0,3.0
2024-01-20,강동구,3.1,1.5,4.9,0.0,0.0099,0.0321,0.36,0.0022,3.0,1.0
2024-01-21,강동구,2.2,-1.7,4.9,0.5,0.0135,0.0266,0.42,0.0023,8.0,5.0
2024-01-22,강동구,-7.3,-11.2,-1.7,0.0,0.0114,0.0285,0.47,0.0028,25.0,17.0
2024-01-23,강동구,-10.3,-13.1,-6.7,0.0,0.011,0.0319,0.39,0.0033,19.0,9.0
2024-01-24,강동구,-7.1,-10.6,-2.3,0.0,0.0123,0.0351,0.36,0.0033,19.0,6.0
2024-01-25,강동구,-4.4,-9.2,0.6,0.0,0.0269,0.0218,0.48,0.0034,23.0,9.0
2024-01-26,강동구,-1.5,-7.3,5.2,0.0,0.0412,0.0147,0.67,0.0035,36.0,23.0
2024-01-27,강동구,-0.4,-4.8,5.2,0.0,0.0407,0.0212,0.84,0.0035,59.0,45.0
2024-01-28,강동구,-0.5,-4.2,3.7,0.0,0.0305,0.0266,0.66,0.0032,35.0,23.0
2024-01-29,강동구,-0.4,-5.5,5.0,0.0,0.0383,0.0182,0.75,0.0032,44.0,31.0
2024-01-30,강동구,0.9,-4.4,8.1,0.0,0.0465,0.015,0.88,0.003,57.0,41.0
2024-01-31,강동구,4.5,-0.7,10.9,0.0,0.0424,0.0196,0.71,0.0033,52.0,38.0
2024-02-01,강동구,2.8,-0.6,7.9,0.0,0.0297,0.036,0.71,0.0034,89.0,68.0
2024-02-02,강동구,3.4,1.2,8.4,0.0,0.035,0.0218,0.55,0.0028,38.0,28.0
2024-02-03,강동구,4.5,-0.2,8.4,0.0,0.0313,0.0206,0.54,0.0026,31.0,21.0
2024-02-04,강동구,6.9,2.7,11.4,0.0,0.02,0.0293,0.47,0.0023,15.0,11.0
2024-02-05,강동구,2.3,-0.2,6.1,2.0,0.0126,0.0406,0.38,0.0021,3.0,1.0
2024-02-06,강동구,1.7,-0.4,3.7,0.0,0.0235,0.0312,0.45,0.0021,8.0,6.0
2024-02-07,강동구,1.6,-0.6,3.5,0.0,0.0302,0.0233,0.66,0.0021,30.0,23.0
2024-02-08,강동구,0.9,-3.5,6.3,0.0,0.0394,0.0168,0.77,0.0026,38.0,30.0
2024-02-09,강동구,1.4,-3.1,6.4,0.0,,,,,,
2024-02-10,강동구,2.1,-2.2,8.1,0.0,,,,,,
2024-02-11,강동구,1.3,-3.0,5.8,0.0,0.0264,0.0373,0.79,0.0027,58.0,49.0
2024-02-12,강동구,3.5,-2.8,10.7,0.0,0.0364,0.0243,0.95,0.0028,69.0,55.0
2024-02-13,강동구,7.8,0.5,14.6,0.0,0.043,0.024,0.93,0.0029,61.0,40.0
2024-02-14,강동구,12.1,7.6,18.1,0.0,0.042,0.0197,0.85,0.0027,45.0,28.0
2024-02-15,강동구,5.3,1.6,12.3,7.5,0.0192,0.0358,0.53,0.0019,21.0,13.0
2024-02-16,강동구,3.1,-1.0,8.2,0.0,0.0306,0.0204,0.45,0.0022,19.0,12.0
2024-02-17,강동구,4.4,-1.4,11.2,0.0,0.0377,0.0181,0.6,0.0024,38.0,27.0
2024-02-18,강동구,6.2,0.5,10.3,14.0,0.0348,0.0159,0.64,0.0021,32.0,23.0
2024-02-19,강동구,9.3,6.1,11.7,9.0,0.0369,0.0107,0.74,0.002,10.0,5.0
2024-02-20,강동구,5.0,3.6,7.5,1.5,0.0215,0.0192,0.6,0.0018,23.0,14.0
2024-02-21,강동구,1.7,-0.1,4.2,16.0,0.0129,0.0347,0.45,0.0018,3.0,1.0
2024-02-22,강동구,0.3,-1.2,1.8,4.5,0.0123,0.0395,0.4,0.0018,4.0,1.0
2024-02-23,강동구,1.8,-1.0,5.9,0.0,0.0111,0.0423,0.34,0.0019,5.0,1.0
2024-02-24,강동구,2.1,-1.3,5.6,2.0,0.0115,0.0405,0.36,0.002,9.0,2.0
2024-02-25,강동구,2.8,0.5,5.8,1.5,0.0144,0.0345,0.41,0.0019,7.0,4.0
2024-02-26,강동구,4.1,-1.0,9.5,0.0,0.0247,0.024,0.54,0.0021,16.0,9.0
2024-02-27,강동구,5.2,1.4,10.0,0.0,0.0143,0.0412,0.39,0.002,12.0,3.0
2024-02-28,강동구,6.8,3.8,10.5,0.0,0.0231,0.0335,0.41,0.0024,30.0,12.0
2024-02-29,강동구,5.3,1.3,9.6,0.0,0.0337,0.0229,0.63,0.0026,57.0,36.0
2024-03-01,강동구,-2.9,-6.3,1.2,0.0,0.0078,0.0472,0.35,0.0026,34.0,7.0
2024-03-02,강동구,-0.2,-7.0,4.1,0.0,0.0174,0.0397,0.43,0.0029,31.0,9.0
2024-03-03,강동구,4.8,1.0,9.0,0.0,0.0231,0.0461,0.71,0.0027,120.0,68.0
2024-03-04,강동구,5.6,-1.2,11.7,0.0,0.0424,0.0233,0.71,0.0027,83.0,45.0
2024-03-05,강동구,7.7,5.7,10.9,0.0,0.028,0.0361,0.54,0.0024,41.0,19.0
2024-03-06,강동구,6.0,3.2,9.5,0.0,0.0161,0.0421,0.46,0.0021,8.0,2.0
2024-03-07,강동구,4.3,2.5,8.9,1.5,0.0216,0.0355,0.49,0.0021,24.0,13.0
2024-03-08,강동구,3.0,-1.1,7.9,0.0,0.0166,0.0434,0.44,0.0027,38.0,18.0
2024-03-09,강동구,2.5,-2.3,7.8,0.0,0.0212,0.0353,0.46,0.0027,32.0,16.0
2024-03-10,강동구,4.5,-2.0,11.5,0.0,0.025,0.0332,0.5,0.0027,30.0,17.0
2024-03-11,강동구,6.1,1.4,11.2,0.0,0.0419,0.0214,0.56,0.0029,37.0,18.0
2024-03-12,강동구,6.4,4.2,9.6,0.5,0.04,0.0214,0.65,0.0022,30.0,21.0
2024-03-13,강동구,6.8,0.4,13.0,0.0,0.0282,0.0407,0.66,0.0029,45.0,27.0
2024-03-14,강동구,8.7,2.4,15.7,0.0,0.0356,0.0446,0.67,0.0031,65.0,40.0
2024-03-15,강동구,9.5,3.2,15.3,0.0,0.0327,0.0432,0.65,0.003,55.0,36.0
2024-03-16,강동구,10.9,3.9,18.0,0.0,0.0343,0.0413,0.71,0.0025,63.0,42.0
2024-03-17,강동구,9.9,5.9,14.3,0.0,0.0122,0.053,0.52,0.0022,108.0,18.0
2024-03-18,강동구,8.0,2.3,14.4,0.0,0.0212,0.0371,0.44,0.0026,19.0,3.0
2024-03-19,강동구,7.1,4.1,11.4,0.0,0.0232,0.0419,0.44,0.0026,50.0,23.0
2024-03-20,강동구,5.3,2.1,9.8,0.0,0.012,0.0469,0.39,0.0024,34.0,18.0
2024-03-21,강동구,5.9,-0.5,12.1,0.0,0.0257,0.0404,0.46,0.003,35.0,18.0
2024-03-22,강동구,10.3,3.9,15.4,8.0,0.0279,0.0401,0.49,0.0027,39.0,17.0
2024-03-23,강동구,13.3,9.6,18.0,0.5,0.0193,0.0604,0.53,0.002,62.0,28.0
2024-03-24,강동구,16.4,10.4,22.6,0.0,0.0202,0.0432,0.53,0.002,26.0,9.0
2024-03-25,강동구,10.4,6.5,15.8,6.0,0.0137,0.0438,0.45,0.002,12.0,3.0
2024-03-26,강동구,7.1,2.5,11.9,12.0,0.0123,0.045,0.39,0.0019,3.0,1.0
2024-03-27,강동구,10.5,4.0,16.7,0.0,0.0257,0.0307,0.48,0.0024,25.0,14.0
2024-03-28,강동구,10.1,8.7,11.2,1.5,0.0323,0.0217,0.55,0.0021,26.0,19.0
2024-03-29,강동구,8.3,5.7,12.3,2.5,0.0226,0.0367,0.56,0.002,290.0,50.0
2024-03-30,강동구,9.4,3.1,17.0,0.0,0.0255,0.038,0.56,0.0023,94.0,22.0
2024-03-31,강동구,10.9,2.9,18.1,0.0,0.0147,0.0437,0.47,0.0024,41.0,7.0
2024-04-01,강동구,12.9,5.9,19.7,0.0,0.0256,0.0425,0.5,0.0028,43.0,9.0
2024-04-02,강동구,15.2,6.3,24.1,0.0,0.0391,0.0418,0.59,0.0032,53.0,22.0
2024-04-03,강동구,15.8,13.4,18.5,0.0,0.0379,0.0292,0.59,0.0026,37.0,19.0
2024-04-04,강동구,15.1,12.7,19.4,0.0,0.0125,0.0559,0.41,0.0021,23.0,9.0
2024-04-05,강동구,14.2,11.4,19.3,0.0,0.013,0.0579,0.44,0.0026,34.0,17.0
2024-04-06,강동구,13.2,7.6,19.3,0.0,0.0336,0.0446,0.64,0.0029,65.0,41.0
2024-04-07,강동구,15.0,7.0,23.0,0.0,0.0273,0.0579,0.65,0.0029,59.0,38.0
2024-04-08,강동구,16.3,10.1,22.6,0.0,0.0378,0.0425,0.65,0.0027,58.0,30.0
2024-04-09,강동구,15.1,10.8,20.1,0.0,0.0131,0.0538,0.44,0.0022,31.0,13.0
2024-04-10,강동구,13.9,10.2,19.0,0.0,0.0129,0.0543,0.46,0.0023,39.0,16.0
2024-04-11,강동구,15.5,11.3,21.3,0.0,0.0238,0.0461,0.58,0.0024,51.0,22.0
2024-04-12,강동구,16.9,10.7,24.5,0.0,0.0313,0.0416,0.63,0.0026,50.0,25.0
2024-04-13,강동구,19.4,10.6,27.6,0.0,0.0244,0.0442,0.57,0.0022,39.0,18.0
2024-04-14,강동구,20.8,12.4,29.4,0.0,0.0195,0.053,0.62,0.0027,40.0,20.0
2024-04-15,강동구,16.4,12.0,20.5,13.5,0.013,0.0486,0.48,0.0026,14.0,9.0
2024-04-16,강동구,14.0,11.6,18.6,2.0,0.0185,0.048,0.54,0.0021,88.0,29.0
2024-04-17,강동구,15.7,9.9,22.7,0.0,0.0304,0.0292,0.65,0.0028,155.0,53.0
2024-04-18,강동구,17.9,10.3,25.6,0.0,0.0297,0.0358,0.56,0.0031,117.0,29.0
2024-04-19,강동구,18.2,10.8,25.3,0.0,0.0295,0.0668,0.58,0.0043,93.0,31.0
2024-04-20,강동구,14.5,12.9,17.7,4.0,0.0246,0.0443,0.61,0.003,63.0,31.0
2024-04-21,강동구,16.9,13.2,21.2,0.0,0.0073,0.0525,0.38,0.0025,12.0,4.0
2024-04-22,강동구,18.0,14.7,23.5,0.0,0.0081,0.0583,0.38,0.0026,25.0,11.0
2024-04-23,강동구,16.6,12.8,22.6,0.0,0.0068,0.0558,0.37,0.0026,14.0,4.0
2024-04-24,강동구,13.3,10.8,17.0,11.0,0.0105,0.038,0.39,0.0025,7.0,2.0
2024-04-25,강동구,15.0,10.7,21.2,0.0,0.0164,0.0463,0.48,0.0027,29.0,19.0
2024-04-26,강동구,17.8,11.0,25.8,0.0,0.0269,0.0489,0.57,0.0029,78.0,30.0
2024-04-27,강동구,18.6,10.7,26.5,0.0,0.0271,0.0502,0.61,0.0033,55.0,22.0
2024-04-28,강동구,20.4,11.8,29.0,0.0,0.0214,0.0587,0.59,0.0031,31.0,16.0
2024-04-29,강동구,20.4,16.8,25.0,0.0,0.0102,0.0616,0.45,0.0027,33.0,13.0
2024-04-30,강동구,18.7,16.2,22.7,0.0,0.0218,0.05,0.57,0.0035,55.0,33.0
2024-05-01,강동구,17.7,13.7,23.4,0.0,0.0094,0.0548,0.38,0.0026,16.0,8.0
2024-05-02,강동구,18.4,11.9,24.8,0.0,0.0192,0.0505,0.45,0.0031,30.0,13.0
2024-05-03,강동구,19.5,10.8,27.6,0.0,0.0319,0.052,0.55,0.0034,45.0,22.0
2024-05-04,강동구,21.0,13.3,29.2,0.0,0.0283,0.0765,0.59,0.0036,58.0,34.0
2024-05-05,강동구,17.5,15.1,20.6,19.0,0.011,0.0453,0.46,0.0023,19.0,15.0
2024-05-06,강동구,14.3,13.4,16.3,5.5,0.0111,0.0537,0.42,0.0018,7.0,5.0
2024-05-07,강동구,13.3,11.8,15.4,1.5,0.011,0.0402,0.42,0.0017,21.0,14.0
2024-05-08,강동구,15.6,9.3,22.5,0.0,0.0108,0.0443,0.34,0.002,14.0,4.0
2024-05-09,강동구,16.6,10.3,22.9,0.0,0.0191,0.0537,0.43,0.0025,26.0,11.0
2024-05-10,강동구,18.5,12.7,24.9,0.0,0.016,0.062,0.45,0.0029,30.0,14.0
2024-05-11,강동구,16.9,12.8,22.7,20.0,0.0137,0.0453,0.43,0.0024,16.0,5.0
2024-05-12,강동구,17.2,12.2,23.4,0.0,0.0089,0.052,0.38,0.0021,72.0,16.0
2024-05-13,강동구,19.0,11.0,25.8,0.0,0.0158,0.0514,0.43,0.0023,26.0,9.0
2024-05-14,강동구,18.9,11.5,25.9,0.0,0.0216,0.0566,0.41,0.0028,24.0,8.0
2024-05-15,강동구,12.5,7.2,20.4,23.5,0.0174,0.0435,0.41,0.0024,21.0,6.0
2024-05-16,강동구,14.3,7.4,20.9,1.0,0.0105,0.0485,0.31,0.0023,11.0,3.0
2024-05-17,강동구,18.3,10.1,26.0,0.0,0.0219,0.0634,0.5,0.0027,40.0,19.0
2024-05-18,강동구,20.4,13.9,27.6,0.0,0.0169,0.0498,0.45,0.0023,25.0,8.0
2024-05-19,강동구,21.5,15.3,28.6,0.0,0.0109,0.0554,0.38,0.0022,18.0,7.0
2024-05-20,강동구,19.9,16.8,23.5,0.0,0.015,0.0375,0.39,0.0027,26.0,12.0
2024-05-21,강동구,22.1,16.8,28.2,0.0,0.0144,0.0492,0.44,0.0019,38.0,27.0
2024-05-22,강동구,21.4,16.7,26.9,0.0,0.0218,0.0602,0.59,0.0027,68.0,55.0
2024-05-23,강동구,21.5,16.0,28.1,0.0,0.0228,0.0499,0.44,0.0024,32.0,19.0
2024-05-24,강동구,20.4,16.4,24.7,0.0,0.0161,0.038,0.44,0.0018,37.0,26.0
2024-05-25,강동구,21.1,18.8,24.2,0.0,0.0094,0.0494,0.35,0.0019,24.0,9.0
2024-05-26,강동구,20.1,17.3,25.0,8.0,0.0082,0.0543,0.38,0.002,18.0,9.0
2024-05-27,강동구,19.4,15.2,24.1,0.0,0.0091,0.0558,0.41,0.0019,22.0,7.0
2024-05-28,강동구,19.6,13.6,25.1,0.0,0.0117,0.0405,0.33,0.002,10.0,3.0
2024-05-29,강동구,21.3,13.9,28.0,0.0,0.0205,0.0432,0.38,0.0025,21.0,7.0
2024-05-30,강동구,20.2,15.3,24.2,0.0,0.0275,0.0385,0.45,0.0024,23.0,9.0
2024-05-31,강동구,20.7,16.0,27.0,0.0,0.0185,0.0552,0.39,0.0024,21.0,9.0
2024-06-01,강동구,20.9,17.4,26.1,0.0,0.009,0.0569,0.34,0.0021,25.0,10.0
2024-06-02,강동구,20.5,15.4,27.0,0.0,0.0074,0.0555,0.3,0.0021,15.0,3.0
2024-06-03,강동구,21.2,14.7,27.4,0.0,0.0079,0.0428,0.27,0.0017,5.0,1.0
2024-06-04,강동구,22.5,16.2,29.3,0.0,0.0102,0.0515,0.27,0.0019,11.0,3.0
2024-06-05,강동구,23.5,16.5,30.3,0.0,0.0226,0.0553,0.42,0.0025,33.0,14.0
2024-06-06,강동구,24.4,18.9,31.1,0.0,0.0232,0.0663,0.47,0.0025,43.0,26.0
2024-06-07,강동구,23.5,17.7,28.2,0.0,0.0195,0.0676,0.37,0.0024,30.0,15.0
2024-06-08,강동구,19.8,17.0,24.4,18.5,0.0123,0.0503,0.38,0.0019,21.0,16.0
2024-06-09,강동구,23.0,16.7,29.3,0.0,0.0119,0.0632,0.41,0.0021,27.0,15.0
2024-06-10,강동구,24.8,18.0,31.2,0.0,0.0167,0.0809,0.53,0.0028,49.0,27.0
2024-06-11,강동구,25.7,21.9,31.8,0.0,0.0122,0.1029,0.53,0.002,70.0,42.0
2024-06-12,강동구,24.9,18.0,33.0,0.0,0.0207,0.071,0.41,0.0024,33.0,14.0
2024-06-13,강동구,25.9,19.0,33.4,0.0,0.0223,0.0628,0.39,0.0023,30.0,14.0
2024-06-14,강동구,26.0,20.1,33.5,0.0,0.0215,0.0603,0.35,0.003,30.0,16.0
2024-06-15,강동구,24.1,19.9,28.5,10.5,0.0149,0.0392,0.33,0.0023,24.0,16.0
2024-06-16,강동구,24.6,19.8,31.0,0.0,0.0099,0.059,0.31,0.002,23.0,11.0
2024-06-17,강동구,24.7,17.4,30.5,0.0,0.0188,0.0608,0.28,0.0024,20.0,6.0
2024-06-18,강동구,25.3,18.3,32.7,0.0,0.0216,0.0621,0.32,0.0027,27.0,10.0
2024-06-19,강동구,28.0,19.5,35.9,0.0,0.0195,0.0949,0.39,0.0029,38.0,20.0
2024-06-20,강동구,28.1,21.8,34.3,0.0,0.0167,0.0923,0.4,0.0035,40.0,24.0
2024-06-21,강동구,27.3,20.7,34.0,0.0,0.0244,0.0719,0.32,0.004,34.0,18.0
2024-06-22,강동구,23.4,21.4,26.6,22.5,0.0153,0.0473,0.4,0.0031,28.0,21.0
2024-06-23,강동구,24.6,21.3,30.4,8.5,0.0066,0.0499,0.26,0.0019,12.0,6.0
2024-06-24,강동구,24.8,21.3,29.7,0.0,0.0108,0.0682,0.3,0.0017,64.0,20.0
2024-06-25,강동구,23.4,19.8,27.0,0.0,0.0096,0.0589,0.27,0.0024,18.0,5.0
2024-06-26,강동구,24.6,18.1,31.6,0.0,0.0146,0.0624,0.42,0.0026,21.0,11.0
2024-06-27,강동구,25.1,19.4,30.4,0.0,0.0179,0.0573,0.46,0.0024,23.0,12.0
2024-06-28,강동구,26.0,19.4,32.8,0.0,0.0204,0.0881,0.44,0.0028,36.0,24.0
2024-06-29,강동구,25.4,20.4,31.5,24.5,0.0142,0.0598,0.3,0.0025,24.0,18.0
2024-06-30,강동구,23.9,22.7,25.8,31.5,0.0061,0.0526,0.23,0.002,15.0,11.0
2024-07-01,강동구,26.2,22.2,30.9,0.0,0.0114,0.0719,0.25,0.0021,26.0,17.0
2024-07-02,강동구,23.1,21.1,24.8,54.5,0.0111,0.0357,0.25,0.0021,16.0,9.0
2024-07-03,강동구,25.1,23.8,26.9,1.5,0.0077,0.0595,0.43,0.002,37.0,19.0
2024-07-04,강동구,26.9,23.8,31.1,4.5,0.0087,0.0841,0.6,0.0019,42.0,41.0
2024-07-05,강동구,24.1,21.2,27.1,9.5,0.0077,0.0729,0.53,0.0018,19.0,9.0
2024-07-06,강동구,25.1,21.4,30.4,6.0,0.0072,0.0474,0.52,0.0017,28.0,18.0
2024-07-07,강동구,24.0,21.5,27.6,24.5,0.0053,0.0621,0.54,0.0018,22.0,16.0
2024-07-08,강동구,23.7,22.7,24.8,19.5,0.0123,0.0361,0.47,0.0017,11.0,7.0
2024-07-09,강동구,24.4,22.3,27.2,0.5,0.0115,0.0338,0.44,0.0018,16.0,8.0
2024-07-10,강동구,25.5,22.0,32.7,33.5,0.0088,0.0444,0.4,0.0017,11.0,3.0
2024-07-11,강동구,26.0,22.9,29.7,0.0,0.0163,0.0522,0.58,0.002,34.0,29.0
2024-07-12,강동구,25.5,21.9,30.1,0.0,0.0181,0.0504,0.64,0.0019,46.0,31.0
2024-07-13,강동구,27.6,22.2,33.5,0.0,0.0101,0.0631,0.67,0.0019,48.0,34.0
2024-07-14,강동구,27.4,23.5,31.7,0.0,0.0039,0.0515,0.47,0.0018,30.0,18.0
2024-07-15,강동구,27.7,23.8,31.9,0.0,0.0038,0.0498,0.35,0.0017,9.0,4.0
2024-07-16,강동구,26.3,23.9,30.5,17.0,0.006,0.0403,0.37,0.0018,9.0,7.0
2024-07-17,강동구,25.5,22.6,29.6,100.0,0.008,0.0192,0.31,0.0017,9.0,5.0
2024-07-18,강동구,24.3,23.0,26.8,125.0,0.0117,0.0218,0.34,0.0017,6.0,4.0
2024-07-19,강동구,27.4,23.6,32.0,0.0,0.0089,0.0553,0.4,0.0019,20.0,15.0
2024-07-20,강동구,26.9,24.4,30.2,20.0,0.0045,0.0466,0.35,0.0018,14.0,8.0
2024-07-21,강동구,26.9,22.6,30.2,5.5,0.0034,0.0582,0.31,0.0018,16.0,10.0
2024-07-22,강동구,27.1,24.2,29.2,43.0,0.0064,0.017,0.27,0.0017,10.0,6.0
2024-07-23,강동구,26.6,25.2,28.0,4.5,0.006,0.0211,0.32,0.0018,10.0,5.0
2024-07-24,강동구,27.9,24.5,32.2,22.5,0.0062,0.0104,0.44,0.0022,12.0,6.0
2024-07-25,강동구,28.2,23.7,33.2,44.5,0.0104,0.0282,0.41,0.0021,15.0,9.0
2024-07-26,강동구,28.0,24.3,33.7,18.0,0.0107,0.0205,0.37,0.0019,10.0,7.0
2024-07-27,강동구,28.4,26.2,32.5,8.0,0.0083,0.0223,0.37,0.0018,13.0,8.0
2024-07-28,강동구,29.7,27.0,33.5,0.0,0.0047,0.0192,0.33,0.0019,15.0,7.0
2024-07-29,강동구,27.7,26.9,28.6,0.0,0.0081,0.0223,0.31,0.0019,18.0,9.0
2024-07-30,강동구,28.9,26.5,33.3,0.0,0.0097,0.048,0.34,0.0019,25.0,14.0
2024-07-31,강동구,29.7,26.8,33.7,0.0,0.0084,0.0332,0.32,0.0021,16.0,9.0
2024-08-01,강동구,30.3,27.2,34.1,0.0,0.0083,0.0371,0.34,0.002,16.0,9.0
2024-08-02,강동구,30.1,28.4,33.7,0.0,0.0084,0.0479,0.43,0.0022,24.0,17.0
2024-08-03,강동구,30.3,27.5,34.8,0.0,0.0081,0.0721,0.5,0.0019,33.0,23.0
2024-08-04,강동구,31.0,26.0,35.4,0.0,0.0088,0.0641,0.52,0.0019,26.0,22.0
2024-08-05,강동구,29.4,24.6,34.4,19.0,0.011,0.0567,0.47,0.002,22.0,19.0
2024-08-06,강동구,27.8,23.7,33.4,11.5,0.0122,0.0541,0.43,0.0019,16.0,9.0
2024-08-07,강동구,29.3,26.0,33.8,0.0,0.014,0.0375,0.43,0.0021,19.0,13.0
2024-08-08,강동구,27.8,25.2,30.8,7.0,0.0151,0.0363,0.43,0.0021,19.0,13.0
2024-08-09,강동구,28.7,24.7,34.3,0.0,0.0175,0.0476,0.47,0.002,27.0,19.0
2024-08-10,강동구,29.3,25.1,33.6,0.0,0.0129,0.0546,0.47,0.0021,30.0,23.0
2024-08-11,강동구,29.7,27.0,33.2,0.0,0.0081,0.0479,0.43,0.002,23.0,19.0
2024-08-12,강동구,30.1,26.2,34.1,0.0,0.0136,0.0551,0.45,0.0021,26.0,19.0
2024-08-13,강동구,30.7,27.2,36.1,0.0,0.0122,0.0526,0.44,0.0019,24.0,18.0
2024-08-14,강동구,30.7,27.3,35.9,0.0,0.0122,0.0512,0.41,0.0019,20.0,15.0
2024-08-15,강동구,29.5,26.9,34.8,0.0,0.0086,0.0478,0.38,0.002,17.0,12.0
2024-08-16,강동구,30.3,26.8,34.4,0.0,0.0098,0.0445,0.37,0.002,18.0,11.0
2024-08-17,강동구,30.2,27.5,34.8,0.0,0.0092,0.0495,0.37,0.002,17.0,12.0
2024-08-18,강동구,29.0,24.7,35.1,11.5,0.0064,0.0511,0.37,0.0021,14.0,12.0
2024-08-19,강동구,29.8,25.4,35.2,0.0,0.0115,0.0544,0.42,0.0022,20.0,16.0
2024-08-20,강동구,30.6,26.5,34.9,0.0,0.0081,0.0421,0.36,0.0021,19.0,14.0
2024-08-21,강동구,28.3,26.4,30.4,19.5,0.0086,0.0245,0.31,0.0019,10.0,6.0
2024-08-22,강동구,28.6,26.9,31.1,0.0,0.0073,0.0316,0.3,0.0019,13.0,8.0
2024-08-23,강동구,28.5,26.4,33.1,0.0,0.0093,0.059,0.5,0.002,26.0,21.0
2024-08-24,강동구,27.1,24.6,31.3,6.0,0.0142,0.0375,0.71,0.0017,41.0,33.0
2024-08-25,강동구,26.9,24.2,32.9,5.0,0.011,0.0333,0.72,0.0017,37.0,32.0
2024-08-26,강동구,26.8,24.4,30.8,0.5,0.0191,0.0255,0.71,0.0016,37.0,30.0
2024-08-27,강동구,26.1,24.4,29.7,0.5,0.0145,0.0167,0.54,0.0017,20.0,14.0
2024-08-28,강동구,27.6,23.0,32.8,0.0,0.0075,0.029,0.47,0.0016,13.0,7.0
2024-08-29,강동구,27.6,23.4,32.2,0.0,0.0057,0.0285,0.44,0.0015,8.0,5.0
2024-08-30,강동구,27.8,23.1,34.1,0.0,0.0095,0.0279,0.41,0.0019,14.0,7.0
2024-08-31,강동구,27.2,22.5,32.8,0.0,0.0093,0.0534,0.38,0.0024,38.0,20.0
2024-09-01,강동구,27.0,22.9,32.1,0.0,0.0098,0.0481,0.41,0.0024,31.0,22.0
2024-09-02,강동구,24.3,22.1,27.1,0.5,0.013,0.0275,0.4,0.0022,22.0,15.0
2024-09-03,강동구,26.4,22.9,31.2,0.0,0.0085,0.0376,0.28,0.0022,12.0,5.0
2024-09-04,강동구,27.0,22.8,32.0,0.0,0.0124,0.0401,0.34,0.0024,20.0,11.0
2024-09-05,강동구,26.1,24.3,29.5,6.5,0.0154,0.038,0.48,0.0027,23.0,14.0
2024-09-06,강동구,23.1,22.2,25.3,6.5,0.0115,0.0236,0.42,0.0022,13.0,6.0
2024-09-07,강동구,26.2,22.0,31.6,0.0,0.0109,0.0483,0.47,0.0024,22.0,14.0
2024-09-08,강동구,26.5,21.9,31.1,0.0,0.0102,0.0522,0.55,0.0023,27.0,19.0
2024-09-09,강동구,27.9,23.6,32.7,0.0,0.0133,0.0494,0.51,0.0023,27.0,17.0
2024-09-10,강동구,28.7,24.7,33.5,0.0,0.0158,0.0491,0.51,0.0024,31.0,19.0
2024-09-11,강동구,28.7,24.5,35.3,0.0,0.0176,0.0432,0.5,0.0023,29.0,21.0
2024-09-12,강동구,24.3,23.6,26.4,25.0,0.0114,0.0149,0.43,0.0019,7.0,3.0
2024-09-13,강동구,26.2,23.6,29.7,13.5,0.0134,0.0103,0.41,0.0021,15.0,7.0
2024-09-14,강동구,27.9,25.1,32.2,0.0,0.0107,0.0255,0.4,0.002,12.0,7.0
2024-09-15,강동구,26.7,23.3,31.8,0.0,0.0066,0.0192,0.39,0.0018,12.0,6.0
2024-09-16,강동구,25.9,20.2,31.9,10.5,0.0057,0.031,0.37,0.0018,6.0,2.0
2024-09-17,강동구,27.8,24.7,34.4,0.0,0.0076,0.0238,0.42,0.0018,10.0,5.0
2024-09-18,강동구,28.5,25.3,33.7,0.5,0.0084,0.0253,0.41,0.002,15.0,10.0
2024-09-19,강동구,28.1,24.7,33.5,0.0,0.0135,0.0305,0.41,0.002,17.0,9.0
2024-09-20,강동구,24.0,16.9,28.3,66.0,0.0123,0.0122,0.39,0.0019,11.0,7.0
2024-09-21,강동구,19.0,16.4,21.9,33.5,0.0049,0.0324,0.3,0.0018,4.0,2.0
2024-09-22,강동구,20.6,17.4,25.8,0.0,0.0044,0.027,0.31,0.0018,5.0,2.0
2024-09-23,강동구,20.3,16.7,25.1,0.0,0.0059,0.0325,0.32,0.0019,9.0,3.0
2024-09-24,강동구,19.9,15.3,25.4,0.0,0.0106,0.0336,0.35,0.002,11.0,4.0
2024-09-25,강동구,22.3,17.3,26.9,0.0,0.018,0.0255,0.42,0.0021,16.0,6.0
2024-09-26,강동구,23.4,20.5,28.4,0.0,0.0152,0.0386,0.44,0.0022,20.0,10.0
2024-09-27,강동구,22.3,18.8,27.7,0.0,0.0111,0.0322,0.4,0.0019,15.0,8.0
2024-09-28,강동구,22.9,20.0,27.3,0.0,0.0052,0.049,0.36,0.002,13.0,6.0
2024-09-29,강동구,22.8,18.6,28.2,0.0,0.0052,0.0455,0.37,0.002,9.0,3.0
2024-09-30,강동구,22.4,18.4,27.9,0.0,0.0129,0.0451,0.41,0.0021,16.0,6.0
2024-10-01,강동구,18.2,13.9,20.7,3.0,0.013,0.0351,0.41,0.0022,16.0,7.0
2024-10-02,강동구,14.7,11.4,19.8,0.0,0.0113,0.0345,0.36,0.0024,17.0,6.0
2024-10-03,강동구,15.9,11.1,22.0,0.0,0.0111,0.0307,0.38,0.0023,13.0,6.0
2024-10-04,강동구,16.8,11.7,22.8,0.0,0.0172,0.0284,0.41,0.0023,17.0,6.0
2024-10-05,강동구,16.5,11.4,23.6,0.0,0.0158,0.0336,0.44,0.0022,17.0,10.0
2024-10-06,강동구,15.1,12.2,17.6,0.0,0.0158,0.0177,0.51,0.0022,18.0,10.0
2024-10-07,강동구,16.7,14.0,20.7,0.0,0.0223,0.0227,0.6,0.0025,38.0,24.0
2024-10-08,강동구,17.0,12.4,22.9,0.0,0.0125,0.0265,0.53,0.0022,26.0,17.0
2024-10-09,강동구,18.4,14.3,24.0,0.0,0.0102,0.0373,0.45,0.0021,14.0,7.0
2024-10-10,강동구,18.3,15.3,23.2,0.0,0.0156,0.0334,0.43,0.0022,19.0,10.0
2024-10-11,강동구,17.8,13.3,24.4,0.0,0.018,0.0395,0.42,0.0024,35.0,22.0
2024-10-12,강동구,17.4,12.4,24.6,0.0,0.0251,0.0347,0.52,0.0025,42.0,29.0
2024-10-13,강동구,17.5,12.0,22.0,0.0,0.0141,0.0281,0.46,0.0023,26.0,17.0
2024-10-14,강동구,18.7,16.5,20.6,0.0,0.018,0.0214,0.41,0.0025,20.0,11.0
2024-10-15,강동구,18.8,17.0,22.0,0.5,0.0223,0.0152,0.48,0.0023,19.0,13.0
2024-10-16,강동구,17.9,14.7,24.0,0.0,0.022,0.0237,0.5,0.0023,27.0,19.0
2024-10-17,강동구,18.2,13.0,25.0,0.0,0.0255,0.0171,0.46,0.0024,36.0,22.0
2024-10-18,강동구,16.9,15.8,18.4,33.0,0.0186,0.0147,0.42,0.0022,21.0,13.0
2024-10-19,강동구,16.7,12.6,21.2,0.5,0.006,0.0337,0.32,0.0021,8.0,4.0
2024-10-20,강동구,13.3,10.5,17.4,0.0,0.0036,0.0361,0.26,0.0023,12.0,6.0
2024-10-21,강동구,14.5,9.6,19.3,0.0,0.0132,0.0247,0.33,0.0024,16.0,7.0
2024-10-22,강동구,14.9,14.0,16.3,20.0,0.0182,0.011,0.44,0.0023,10.0,7.0
2024-10-23,강동구,13.5,10.4,16.9,2.5,0.0087,0.0374,0.39,0.0023,15.0,8.0
2024-10-24,강동구,12.6,7.4,18.8,0.0,0.0189,0.0263,0.48,0.0026,29.0,18.0
2024-10-25,강동구,14.4,9.0,21.4,0.0,0.024,0.0148,0.51,0.0025,25.0,15.0
2024-10-26,강동구,16.2,10.4,23.4,0.0,0.0212,0.0178,0.52,0.0024,21.0,13.0
2024-10-27,강동구,15.9,13.6,19.3,0.0,0.0169,0.0248,0.52,0.0024,29.0,20.0
2024-10-28,강동구,15.5,12.1,20.7,0.0,0.0144,0.0205,0.54,0.0022,28.0,20.0
2024-10-29,강동구,15.1,12.9,19.1,0.0,0.0171,0.0249,0.44,0.0023,13.0,7.0
2024-10-30,강동구,15.5,11.0,21.6,0.0,0.0206,0.0271,0.52,0.0026,28.0,17.0
2024-10-31,강동구,14.9,10.3,21.9,0.0,0.029,0.021,0.52,0.0024,32.0,20.0
2024-11-01,강동구,14.8,11.6,18.4,0.0,0.0307,0.0132,0.53,0.0025,33.0,21.0
2024-11-02,강동구,18.1,12.9,24.4,0.0,0.0154,0.0335,0.46,0.0026,30.0,19.0
2024-11-03,강동구,17.4,11.9,23.0,0.0,0.0105,0.0398,0.46,0.0025,25.0,17.0
2024-11-04,강동구,15.4,10.0,20.4,0.0,0.0106,0.0398,0.41,0.0026,28.0,16.0
2024-11-05,강동구,10.3,7.1,16.4,0.0,0.0126,0.0284,0.35,0.0031,27.0,11.0
2024-11-06,강동구,8.4,3.8,13.9,0.0,0.0165,0.0276,0.41,0.0035,27.0,12.0
2024-11-07,강동구,7.8,2.1,15.1,0.0,0.0306,0.0179,0.55,0.0032,39.0,23.0
2024-11-08,강동구,9.8,3.3,17.7,0.0,0.0342,0.0169,0.59,0.0031,34.0,20.0
2024-11-09,강동구,12.4,6.6,19.9,0.0,0.0332,0.0177,0.6,0.0029,30.0,19.0
2024-11-10,강동구,13.8,9.4,20.5,0.0,0.0246,0.0225,0.59,0.0027,24.0,16.0
2024-11-11,강동구,14.3,8.6,20.8,0.0,0.0337,0.0213,0.73,0.0032,47.0,30.0
2024-11-12,강동구,14.3,10.4,19.6,0.0,0.0268,0.0292,0.65,0.0031,43.0,27.0
2024-11-13,강동구,13.8,7.7,20.6,0.0,0.0316,0.0163,0.63,0.0029,38.0,23.0
2024-11-14,강동구,14.4,12.2,16.3,0.0,0.0281,0.0157,0.5,0.0028,33.0,19.0
2024-11-15,강동구,16.6,13.3,21.1,0.0,0.0236,0.0201,0.53,0.0027,27.0,18.0
2024-11-16,강동구,17.3,14.8,22.7,3.0,0.0202,0.0282,0.54,0.0027,24.0,18.0
2024-11-17,강동구,8.3,3.4,15.1,0.0,0.0055,0.0335,0.43,0.0029,22.0,11.0
2024-11-18,강동구,3.7,1.1,8.3,0.0,0.0107,0.0288,0.4,0.0033,17.0,7.0
2024-11-19,강동구,6.2,1.3,11.3,0.0,0.0279,0.0154,0.53,0.003,21.0,12.0
2024-11-20,강동구,6.3,2.3,9.3,0.0,0.0403,0.0046,0.72,0.0034,43.0,27.0
2024-11-21,강동구,9.5,5.7,13.7,0.0,0.0348,0.0123,0.77,0.0032,60.0,44.0
2024-11-22,강동구,7.2,4.5,11.5,0.0,0.0168,0.0296,0.58,0.0036,36.0,22.0
2024-11-23,강동구,6.5,1.5,11.9,0.0,0.0249,0.0169,0.6,0.003,23.0,15.0
2024-11-24,강동구,7.4,2.3,13.3,0.0,0.0247,0.0163,0.65,0.0029,20.0,14.0
2024-11-25,강동구,10.2,3.0,15.1,0.0,0.0229,0.0185,0.59,0.003,24.0,13.0
2024-11-26,강동구,6.4,1.5,12.9,28.5,0.012,0.0292,0.4,0.0026,12.0,7.0
2024-11-27,강동구,0.2,-1.3,2.1,17.0,0.0162,0.0253,0.46,0.0025,13.0,9.0
2024-11-28,강동구,1.3,-0.9,4.4,4.5,0.0181,0.0221,0.55,0.0027,18.0,14.0
2024-11-29,강동구,0.8,-2.8,4.1,0.0,0.0297,0.0116,0.69,0.0032,36.0,22.0
2024-11-30,강동구,2.8,-1.0,6.3,0.5,0.0303,0.0096,0.72,0.003,29.0,21.0
2024-12-01,강동구,5.2,1.0,8.4,0.5,0.0255,0.0087,0.76,0.0027,37.0,29.0
2024-12-02,강동구,7.0,1.9,13.3,0.0,0.0268,0.017,0.79,0.003,50.0,36.0
2024-12-03,강동구,2.0,-1.5,5.7,0.0,0.0145,0.0284,0.57,0.0031,21.0,8.0
2024-12-04,강동구,2.8,-1.1,7.3,0.0,0.0252,0.0187,0.7,0.0035,29.0,14.0
2024-12-05,강동구,3.7,-0.8,8.6,1.5,0.0277,0.0183,0.74,0.0033,29.0,16.0
2024-12-06,강동구,2.7,-0.1,6.0,0.0,0.0133,0.0308,0.62,0.0033,28.0,11.0
2024-12-07,강동구,0.3,-3.0,4.7,0.0,0.0167,0.0254,0.73,0.0033,26.0,14.0
2024-12-08,강동구,-0.2,-3.4,4.0,0.0,0.0123,0.0303,0.72,0.0034,25.0,14.0
2024-12-09,강동구,0.7,-4.2,6.7,0.0,0.0359,0.0097,0.92,0.0035,40.0,21.0
2024-12-10,강동구,2.1,-3.0,7.2,0.0,0.0351,0.0133,1.03,0.0035,45.0,31.0
2024-12-11,강동구,3.1,0.0,7.3,0.0,0.0338,0.0146,1.08,0.0044,63.0,41.0
2024-12-12,강동구,1.3,-2.3,5.1,0.0,0.0322,0.0118,0.83,0.0042,49.0,28.0
2024-12-13,강동구,1.6,-0.9,5.8,0.0,0.0236,0.0219,0.47,0.0039,35.0,19.0
2024-12-14,강동구,-0.1,-2.7,2.8,0.0,0.0155,0.029,0.47,0.0037,30.0,16.0
2024-12-15,강동구,1.2,-1.4,5.3,0.0,0.0207,0.0255,0.47,0.0035,23.0,12.0
2024-12-16,강동구,-0.5,-4.2,3.8,0.0,0.0374,0.0075,0.62,0.0038,36.0,20.0
2024-12-17,강동구,-0.4,-4.3,4.3,0.0,0.0273,0.0164,0.61,0.0036,31.0,19.0
2024-12-18,강동구,-2.9,-5.5,1.7,0.0,0.0204,0.0187,0.55,0.0043,33.0,17.0
2024-12-19,강동구,-1.8,-6.7,4.4,0.0,0.0355,0.0093,0.81,0.0046,55.0,32.0
2024-12-20,강동구,0.2,-2.9,3.9,0.5,0.0434,0.0046,0.84,0.0042,58.0,42.0
2024-12-21,강동구,-0.5,-4.3,2.4,2.0,0.023,0.0211,0.66,0.0035,54.0,46.0
2024-12-22,강동구,-3.3,-6.7,1.2,0.0,0.0138,0.0309,0.43,0.0037,22.0,11.0
2024-12-23,강동구,-0.5,-6.5,6.4,0.0,0.0336,0.0131,0.68,0.0038,33.0,21.0
2024-12-24,강동구,-0.4,-5.0,4.3,0.0,0.0368,0.0132,0.73,0.0039,39.0,23.0
2024-12-25,강동구,2.0,-2.3,6.2,0.0,0.0345,0.0134,0.71,0.0038,38.0,26.0
2024-12-26,강동구,0.5,-4.6,3.8,0.0,0.0203,0.0253,0.64,0.0037,67.0,35.0
2024-12-27,강동구,-2.2,-6.1,1.9,0.0,0.0185,0.0279,0.46,0.0036,34.0,14.0
2024-12-28,강동구,-2.3,-5.9,1.3,0.0,0.0114,0.0322,0.36,0.0035,31.0,14.0
2024-12-29,강동구,0.5,-5.1,4.8,0.0,0.0306,0.0142,0.55,0.0032,29.0,17.0
2024-12-30,강동구,5.5,1.4,9.3,0.0,0.0314,0.0233,0.62,0.0034,59.0,37.0
2024-12-31,강동구,1.1,-2.3,5.4,0.0,0.0167,0.0303,0.48,0.0035,58.0,22.0
2024-01-01,송파구,4.0,0.2,7.2,0.0,0.03,0.0123,0.71,0.0026,22.0,18.0
2024-01-02,송파구,4.1,3.0,5.3,0.0,0.0274,0.0215,0.53,0.0026,42.0,30.0
2024-01-03,송파구,2.7,0.7,4.9,0.0,0.0377,0.0086,0.58,0.0024,40.0,28.0
2024-01-04,송파구,2.5,-1.4,6.0,0.0,0.037,0.013,0.64,0.0027,50.0,36.0
2024-01-05,송파구,6.0,3.2,10.0,0.0,0.0353,0.0214,0.69,0.003,74.0,49.0
2024-01-06,송파구,1.7,-0.5,5.3,1.0,0.022,0.024,0.42,0.0028,25.0,12.0
2024-01-07,송파구,-3.1,-6.7,0.2,0.0,0.0123,0.0274,0.43,0.0025,24.0,14.0
2024-01-08,송파구,-3.3,-8.2,0.4,0.0,0.0269,0.0133,0.48,0.0024,24.0,13.0
2024-01-09,송파구,-0.1,-1.4,1.1,0.0,0.0393,0.0046,0.5,0.0024,25.0,16.0
2024-01-10,송파구,0.6,-2.5,4.3,0.0,0.0437,0.0037,0.78,0.0027,59.0,44.0
2024-01-11,송파구,2.4,-1.2,5.1,0.0,0.0425,0.0072,0.65,0.0029,56.0,42.0
2024-01-12,송파구,2.5,0.8,5.5,0.0,0.0288,0.0224,0.58,0.0032,57.0,33.0
2024-01-13,송파구,2.0,-1.2,5.5,0.0,0.0312,0.0184,0.51,0.0031,27.0,12.0
2024-01-14,송파구,0.6,-1.6,4.0,1.0,0.0376,0.0081,0.69,0.0027,31.0,21.0
2024-01-15,송파구,-2.1,-4.9,1.8,0.0,0.0222,0.0237,0.45,0.0028,27.0,12.0
2024-01-16,송파구,-0.9,-5.2,4.1,0.0,0.0339,0.0162,0.58,0.0031,33.0,16.0
2024-01-17,송파구,0.8,-1.0,2.5,4.0,0.0444,0.0029,0.74,0.0029,45.0,25.0
2024-01-18,송파구,5.4,1.8,10.4,0.0,0.0309,0.0136,0.56,0.0029,25.0,19.0
2024-01-19,송파구,6.3,5.1,9.6,0.0,0.0191,0.0314,0.42,0.0026,16.0,9.0
2024-01-20,송파구,4.2,2.3,6.0,0.5,0.0156,0.0315,0.36,0.0023,6.0,3.0
2024-01-21,송파구,2.7,-1.4,5.3,0.0,0.0161,0.0281,0.37,0.0021,10.0,7.0
2024-01-22,송파구,-7.8,-11.3,-1.0,0.0,0.0137,0.0287,0.42,0.002,30.0,20.0
2024-01-23,송파구,-10.9,-13.0,-8.2,0.0,0.0127,0.0294,0.38,0.0023,23.0,13.0
2024-01-24,송파구,-7.2,-10.3,-3.6,0.0,0.0139,0.03,0.35,0.0024,25.0,12.0
2024-01-25,송파구,-3.8,-7.6,0.2,0.0,0.0226,0.0237,0.4,0.0028,25.0,13.0
2024-01-26,송파구,-0.3,-5.4,4.6,0.0,0.0377,0.0159,0.53,0.0028,32.0,19.0
2024-01-27,송파구,0.7,-2.5,5.1,0.0,0.0397,0.0187,0.73,0.0031,50.0,33.0
2024-01-28,송파구,0.3,-2.4,3.3,0.0,0.0261,0.0269,0.45,0.0026,30.0,20.0
2024-01-29,송파구,0.9,-3.6,5.5,0.0,0.0393,0.017,0.6,0.0029,43.0,28.0
2024-01-30,송파구,2.3,-2.7,8.1,0.0,0.0516,0.0093,0.74,0.003,59.0,38.0
2024-01-31,송파구,5.4,1.1,11.4,0.0,0.0469,0.0173,0.66,0.0034,55.0,35.0
2024-02-01,송파구,3.9,0.5,8.4,0.0,0.0317,0.0303,0.71,0.0033,76.0,52.0
2024-02-02,송파구,4.1,1.9,8.1,0.0,0.0382,0.018,0.51,0.0028,40.0,26.0
2024-02-03,송파구,5.3,1.4,8.8,0.0,0.0374,0.0143,0.52,0.0029,35.0,24.0
2024-02-04,송파구,7.8,4.2,11.1,0.0,0.0234,0.0233,0.38,0.0027,19.0,13.0
2024-02-05,송파구,3.2,0.5,7.4,0.5,0.016,0.0341,0.29,0.002,6.0,3.0
2024-02-06,송파구,2.1,0.4,4.0,0.0,0.0221,0.0275,0.32,0.0018,7.0,4.0
2024-02-07,송파구,1.9,0.5,3.6,0.0,0.037,0.0176,0.56,0.002,33.0,26.0
2024-02-08,송파구,1.9,-1.5,6.0,0.0,0.0414,0.0141,0.65,0.0025,40.0,32.0
2024-02-09,송파구,2.6,-1.0,6.7,0.0,,,,,,
2024-02-10,송파구,3.0,-0.4,7.7,0.0,,,,,,
2024-02-11,송파구,2.6,-1.1,6.2,0.0,0.0231,0.033,0.59,0.0025,61.0,49.0
2024-02-12,송파구,4.9,-0.9,10.9,0.0,0.0308,0.0249,0.66,0.0027,63.0,46.0
2024-02-13,송파구,9.9,3.4,14.7,0.0,0.0374,0.0274,0.59,0.003,66.0,42.0
2024-02-14,송파구,13.2,9.8,19.0,0.0,0.0446,0.0173,0.69,0.0033,48.0,29.0
2024-02-15,송파구,5.8,1.5,12.6,6.5,0.02,0.0266,0.37,0.0022,24.0,18.0
2024-02-16,송파구,4.0,0.2,8.3,0.0,0.0265,0.0191,0.39,0.0022,23.0,14.0
2024-02-17,송파구,5.8,0.4,11.7,0.0,0.0376,0.0169,0.53,0.0028,41.0,26.0
2024-02-18,송파구,7.1,2.6,10.7,14.0,0.0372,0.0092,0.57,0.0026,36.0,23.0
2024-02-19,송파구,9.8,5.4,12.5,7.0,0.0334,0.0091,0.58,0.0027,12.0,7.0
2024-02-20,송파구,5.9,4.3,8.5,2.0,0.023,0.0145,0.44,0.0024,28.0,15.0
2024-02-21,송파구,3.0,0.6,5.5,11.0,0.0173,0.0262,0.32,0.0019,4.0,1.0
2024-02-22,송파구,1.2,-0.5,2.8,3.5,0.0151,0.0319,0.29,0.0017,6.0,3.0
2024-02-23,송파구,2.7,-0.4,7.2,0.0,0.0133,0.0351,0.27,0.0018,10.0,5.0
2024-02-24,송파구,2.9,-0.4,6.9,0.0,0.0118,0.0354,0.27,0.0018,14.0,7.0
2024-02-25,송파구,3.6,1.1,6.4,0.0,0.015,0.0299,0.31,0.0018,13.0,9.0
2024-02-26,송파구,5.3,0.8,10.3,0.0,0.0245,0.0223,0.43,0.0022,29.0,17.0
2024-02-27,송파구,6.1,2.0,10.1,0.0,0.0155,0.035,0.28,0.002,19.0,9.0
2024-02-28,송파구,7.5,4.4,11.1,0.0,0.0247,0.026,0.33,0.0023,34.0,16.0
2024-02-29,송파구,6.0,1.7,10.0,0.0,0.0329,0.0198,0.52,0.0026,57.0,34.0
2024-03-01,송파구,-3.4,-6.1,1.8,0.0,0.0088,0.0405,0.28,0.0021,41.0,12.0
2024-03-02,송파구,0.3,-6.4,4.9,0.0,0.0144,0.0373,0.32,0.0022,33.0,12.0
2024-03-03,송파구,5.4,2.2,9.2,0.0,0.0201,0.0412,0.53,0.0023,105.0,49.0
2024-03-04,송파구,6.6,0.5,12.2,0.0,0.0411,0.0187,0.55,0.0025,77.0,36.0
2024-03-05,송파구,8.6,6.5,11.8,0.0,0.0287,0.0298,0.42,0.0026,50.0,22.0
2024-03-06,송파구,6.9,4.1,11.2,0.0,0.018,0.0346,0.32,0.002,16.0,8.0
2024-03-07,송파구,5.3,3.0,8.7,1.0,0.0204,0.0331,0.34,0.0022,31.0,19.0
2024-03-08,송파구,3.3,1.2,7.0,0.0,0.0161,0.0407,0.38,0.0025,47.0,24.0
2024-03-09,송파구,3.1,-0.3,7.4,0.0,0.0163,0.0358,0.35,0.0023,35.0,19.0
2024-03-10,송파구,5.3,-0.1,11.1,0.0,0.0207,0.0337,0.35,0.0024,30.0,17.0
2024-03-11,송파구,7.3,2.9,11.9,0.0,0.0378,0.0221,0.41,0.0027,32.0,17.0
2024-03-12,송파구,7.5,6.0,9.7,0.5,0.0391,0.0188,0.5,0.0025,28.0,17.0
2024-03-13,송파구,7.6,3.0,12.6,0.0,0.0279,0.0364,0.43,0.0028,43.0,24.0
2024-03-14,송파구,9.3,4.5,15.9,0.0,0.0305,0.0399,0.43,0.0028,56.0,33.0
2024-03-15,송파구,10.1,5.5,15.5,0.0,0.0265,0.0409,0.37,0.0027,45.0,25.0
2024-03-16,송파구,12.1,5.9,19.1,0.0,0.0296,0.0376,0.42,0.0028,48.0,25.0
2024-03-17,송파구,9.6,6.7,12.5,0.0,0.0128,0.0453,0.31,0.0024,101.0,20.0
2024-03-18,송파구,8.4,4.1,13.9,0.0,0.0216,0.0322,0.31,0.0025,26.0,9.0
2024-03-19,송파구,7.4,4.8,11.6,0.0,0.021,0.037,0.37,0.0024,50.0,24.0
2024-03-20,송파구,5.1,2.8,8.7,0.0,0.0147,0.0395,0.33,0.002,40.0,24.0
2024-03-21,송파구,6.5,1.9,11.7,0.0,0.0234,0.0369,0.36,0.0025,39.0,21.0
2024-03-22,송파구,10.9,5.0,16.4,11.0,0.0292,0.0303,0.39,0.0026,39.0,17.0
2024-03-23,송파구,14.0,10.4,18.3,0.5,0.0181,0.0481,0.39,0.0029,60.0,25.0
2024-03-24,송파구,16.7,11.1,23.8,0.0,0.0226,0.0321,0.42,0.0023,35.0,14.0
2024-03-25,송파구,11.6,7.5,16.1,5.0,0.0168,0.0341,0.31,0.0025,20.0,7.0
2024-03-26,송파구,7.9,2.9,13.0,12.0,0.0122,0.0383,0.27,0.0018,6.0,2.0
2024-03-27,송파구,11.3,5.2,17.3,0.0,0.0255,0.0251,0.38,0.0023,24.0,12.0
2024-03-28,송파구,10.9,9.1,12.4,1.0,0.0292,0.0179,0.42,0.0024,22.0,12.0
2024-03-29,송파구,8.6,6.1,13.2,2.0,0.0218,0.0295,0.41,0.0021,268.0,42.0
2024-03-30,송파구,9.7,4.5,16.4,0.0,0.0244,0.0306,0.41,0.0023,96.0,24.0
2024-03-31,송파구,11.9,5.3,17.8,0.0,0.0145,0.0384,0.35,0.0023,44.0,12.0
2024-04-01,송파구,13.5,8.4,19.7,0.0,0.0307,0.029,0.42,0.0028,49.0,14.0
2024-04-02,송파구,16.3,8.4,23.8,0.0,0.0401,0.0321,0.49,0.0032,56.0,22.0
2024-04-03,송파구,16.5,15.1,18.2,0.0,0.0393,0.0195,0.46,0.0028,43.0,21.0
2024-04-04,송파구,15.9,13.5,20.5,0.0,0.0169,0.0413,0.33,0.0023,30.0,13.0
2024-04-05,송파구,14.7,12.3,19.5,0.0,0.0161,0.0474,0.33,0.0025,39.0,19.0
2024-04-06,송파구,14.2,10.0,19.6,0.0,0.0296,0.0401,0.47,0.0028,59.0,33.0
2024-04-07,송파구,16.1,9.5,23.4,0.0,0.0257,0.0487,0.48,0.003,52.0,29.0
2024-04-08,송파구,17.3,12.0,22.9,0.0,0.0405,0.0339,0.52,0.0028,58.0,27.0
2024-04-09,송파구,16.0,11.7,21.1,0.0,0.015,0.0449,0.33,0.0022,40.0,18.0
2024-04-10,송파구,14.8,11.4,19.9,0.0,0.0134,0.0457,0.31,0.0022,43.0,18.0
2024-04-11,송파구,16.4,12.3,20.9,0.0,0.0239,0.0381,0.38,0.0025,50.0,20.0
2024-04-12,송파구,17.7,12.3,24.0,0.0,0.032,0.0341,0.43,0.003,50.0,24.0
2024-04-13,송파구,19.9,12.7,27.1,0.0,0.0249,0.0354,0.37,0.0025,43.0,18.0
2024-04-14,송파구,22.0,15.3,30.3,0.0,0.0224,0.0442,0.41,0.0032,46.0,22.0
2024-04-15,송파구,17.0,11.9,21.5,13.0,0.0163,0.0359,0.3,0.0028,21.0,10.0
2024-04-16,송파구,14.4,11.9,19.2,3.0,0.0171,0.0414,0.41,0.003,88.0,22.0
2024-04-17,송파구,16.0,10.2,22.8,0.0,0.0267,0.0243,0.51,0.0032,150.0,35.0
2024-04-18,송파구,18.5,12.6,26.6,0.0,0.0331,0.0262,0.48,0.0039,127.0,27.0
2024-04-19,송파구,19.0,13.0,26.1,0.0,0.0279,0.0578,0.44,0.005,90.0,26.0
2024-04-20,송파구,15.8,13.5,18.3,4.0,0.0236,0.0379,0.47,0.0037,63.0,26.0
2024-04-21,송파구,17.7,13.9,21.5,0.0,0.0079,0.0443,0.31,0.0021,16.0,6.0
2024-04-22,송파구,19.3,15.6,24.7,0.0,0.0113,0.0502,0.29,0.002,33.0,16.0
2024-04-23,송파구,17.8,14.0,24.1,0.0,0.011,0.0484,0.27,0.0022,23.0,12.0
2024-04-24,송파구,13.7,11.3,17.1,13.5,0.0122,0.0333,0.27,0.0019,13.0,5.0
2024-04-25,송파구,15.3,10.7,21.5,0.0,0.0184,0.0494,0.39,0.0021,32.0,19.0
2024-04-26,송파구,18.9,12.6,26.3,0.0,0.0327,0.0378,0.52,0.0029,74.0,27.0
2024-04-27,송파구,19.7,12.6,27.3,0.0,0.0269,0.0438,0.48,0.0031,55.0,23.0
2024-04-28,송파구,21.6,14.2,29.4,0.0,0.0226,0.0524,0.43,0.0027,35.0,19.0
2024-04-29,송파구,21.3,18.0,26.1,0.0,0.0133,0.0544,0.32,0.0024,41.0,19.0
2024-04-30,송파구,19.3,17.1,23.4,0.0,0.0193,0.0441,0.42,0.0063,53.0,28.0
2024-05-01,송파구,18.8,14.8,24.4,0.0,0.0113,0.0484,0.29,0.0026,27.0,15.0
2024-05-02,송파구,19.3,14.3,24.1,0.0,0.0218,0.0427,0.33,0.0025,36.0,19.0
2024-05-03,송파구,20.3,13.3,28.3,0.0,0.0304,0.0488,0.4,0.0045,47.0,24.0
2024-05-04,송파구,22.3,15.7,29.8,0.0,0.0284,0.0654,0.45,0.0053,57.0,31.0
2024-05-05,송파구,18.4,16.1,22.1,32.0,0.0124,0.0273,0.33,0.0028,23.0,14.0
2024-05-06,송파구,14.6,14.0,16.6,9.0,0.0093,0.0405,0.3,0.0021,10.0,6.0
2024-05-07,송파구,14.2,12.7,16.4,3.0,0.0127,0.0312,0.34,0.002,22.0,13.0
2024-05-08,송파구,15.8,10.7,22.1,0.0,0.0127,0.0365,0.26,0.0019,22.0,9.0
2024-05-09,송파구,17.2,11.6,23.6,0.0,0.02,0.0423,0.32,0.0025,30.0,15.0
2024-05-10,송파구,19.1,13.8,25.4,0.0,0.0156,0.0475,0.33,0.0025,30.0,13.0
2024-05-11,송파구,18.0,14.8,23.6,19.5,0.0123,0.0374,0.28,0.0022,21.0,7.0
2024-05-12,송파구,17.6,12.2,22.0,0.0,0.0096,0.0412,0.28,0.002,74.0,15.0
2024-05-13,송파구,19.6,13.8,25.6,0.0,0.0195,0.0414,0.34,0.0024,33.0,14.0
2024-05-14,송파구,20.3,13.8,26.0,0.0,0.0246,0.0451,0.33,0.0061,29.0,16.0
2024-05-15,송파구,13.6,7.8,20.3,23.5,0.0176,0.0382,0.31,0.0068,25.0,8.0
2024-05-16,송파구,14.7,7.9,20.4,1.0,0.012,0.04,0.25,0.0038,16.0,5.0
2024-05-17,송파구,19.6,12.7,26.2,0.0,0.0187,0.0587,0.39,0.0061,40.0,17.0
2024-05-18,송파구,21.4,16.4,27.4,0.0,0.019,0.0393,0.38,0.0046,28.0,12.0
2024-05-19,송파구,22.3,16.9,28.5,0.0,0.0139,0.0428,0.3,0.0059,26.0,11.0
2024-05-20,송파구,20.7,18.2,24.7,0.0,0.0134,0.0328,0.26,0.0039,29.0,14.0
2024-05-21,송파구,22.5,17.6,29.4,0.0,0.017,0.0408,0.33,0.0027,37.0,20.0
2024-05-22,송파구,21.7,17.9,27.5,0.0,0.0197,0.0466,0.41,0.0053,57.0,35.0
2024-05-23,송파구,21.5,17.7,26.9,0.0,0.021,0.0415,0.32,0.0037,34.0,19.0
2024-05-24,송파구,20.8,16.3,24.8,0.0,0.0166,0.0323,0.31,0.0024,37.0,25.0
2024-05-25,송파구,22.1,19.5,24.8,0.0,0.0113,0.0441,0.26,0.0027,31.0,15.0
2024-05-26,송파구,20.6,17.8,25.5,6.0,0.009,0.043,0.28,0.0024,25.0,13.0
2024-05-27,송파구,19.4,15.7,23.9,0.0,0.0107,0.046,0.34,0.0022,30.0,10.0
2024-05-28,송파구,21.0,14.9,26.1,0.0,0.0154,0.0333,0.27,0.0022,18.0,8.0
2024-05-29,송파구,22.5,16.9,28.3,0.0,0.0141,0.0571,0.28,0.0027,27.0,14.0
2024-05-30,송파구,21.8,17.7,25.4,0.0,0.034,0.031,0.41,0.0028,30.0,14.0
2024-05-31,송파구,21.4,17.9,26.5,0.0,0.0178,0.0509,0.32,0.0029,26.0,15.0
2024-06-01,송파구,21.2,18.0,25.6,0.0,0.0096,0.0482,0.28,0.0023,29.0,15.0
2024-06-02,송파구,21.6,17.6,26.5,0.0,0.0094,0.0504,0.27,0.0024,23.0,11.0
2024-06-03,송파구,22.3,16.2,28.5,0.0,0.0125,0.0357,0.25,0.0021,16.0,8.0
2024-06-04,송파구,23.5,17.6,29.4,0.0,0.0154,0.0411,0.26,0.0022,19.0,9.0
2024-06-05,송파구,24.5,19.5,31.4,0.0,0.0301,0.0493,0.38,0.003,41.0,23.0
2024-06-06,송파구,24.7,20.4,32.1,0.0,0.0205,0.0594,0.36,0.0031,44.0,27.0
2024-06-07,송파구,24.0,19.5,29.1,0.0,0.0193,0.0594,0.32,0.0029,34.0,20.0
2024-06-08,송파구,21.0,17.8,25.4,17.0,0.0124,0.039,0.31,0.0023,25.0,15.0
2024-06-09,송파구,23.7,18.1,30.3,0.0,0.0125,0.0528,0.36,0.0029,28.0,17.0
2024-06-10,송파구,25.6,20.2,32.0,0.0,0.0172,0.0669,0.44,0.003,47.0,28.0
2024-06-11,송파구,26.2,22.4,32.9,0.0,0.0124,0.0827,0.45,0.0027,65.0,37.0
2024-06-12,송파구,25.7,20.2,32.4,0.0,0.0212,0.0611,0.34,0.0031,37.0,17.0
2024-06-13,송파구,27.1,20.8,33.5,0.0,0.0271,0.0466,0.36,0.0032,37.0,19.0
2024-06-14,송파구,27.3,21.8,34.4,0.0,0.0271,0.0476,0.36,0.0038,42.0,21.0
2024-06-15,송파구,24.5,21.2,29.0,3.5,0.0148,0.0279,0.28,0.0028,28.0,17.0
2024-06-16,송파구,25.0,20.6,31.1,0.0,0.0098,0.0471,0.29,0.0025,23.0,13.0
2024-06-17,송파구,25.6,20.1,31.1,0.0,0.0177,0.0537,0.29,0.0026,23.0,12.0
2024-06-18,송파구,26.4,21.1,33.3,0.0,0.0205,0.0542,0.31,0.0029,26.0,14.0
2024-06-19,송파구,29.2,22.3,35.7,0.0,0.0221,0.0835,0.39,0.0033,43.0,25.0
2024-06-20,송파구,29.4,24.6,35.1,0.0,0.0206,0.0819,0.43,0.004,48.0,30.0
2024-06-21,송파구,28.7,23.7,34.4,0.0,0.0258,0.0637,0.37,0.0042,40.0,23.0
2024-06-22,송파구,24.5,22.1,27.3,22.5,0.0168,0.0356,0.41,0.0033,30.0,21.0
2024-06-23,송파구,25.4,21.8,30.9,13.5,0.007,0.0378,0.29,0.0022,18.0,10.0
2024-06-24,송파구,24.9,21.7,29.5,0.5,0.0102,0.0499,0.33,0.0023,55.0,16.0
2024-06-25,송파구,23.7,20.9,27.4,0.0,0.0121,0.0481,0.26,0.0025,21.0,8.0
2024-06-26,송파구,25.5,19.9,32.4,0.0,0.0184,0.0518,0.31,0.0029,27.0,13.0
2024-06-27,송파구,26.6,21.7,31.0,0.0,0.0249,0.0482,0.33,0.0027,31.0,16.0
2024-06-28,송파구,27.3,22.0,33.1,0.0,0.0274,0.0728,0.41,0.0031,44.0,26.0
2024-06-29,송파구,26.5,22.1,32.2,24.0,0.0198,0.0477,0.37,0.0028,35.0,20.0
2024-06-30,송파구,24.3,23.0,26.5,27.5,0.0063,0.0425,0.26,0.0022,20.0,11.0
2024-07-01,송파구,26.9,22.4,32.1,0.0,0.0143,0.062,0.33,0.0023,29.0,16.0
2024-07-02,송파구,24.1,21.8,26.6,55.0,0.0159,0.0281,0.33,0.0023,19.0,9.0
2024-07-03,송파구,25.5,24.3,28.1,2.0,0.009,0.0517,0.36,0.0022,27.0,16.0
2024-07-04,송파구,27.6,23.9,32.3,4.5,0.0102,0.0697,0.41,0.0022,39.0,29.0
2024-07-05,송파구,24.3,21.6,27.2,13.5,0.0097,0.061,0.35,0.002,18.0,9.0
2024-07-06,송파구,26.0,22.1,31.4,4.0,0.0124,0.0366,0.34,0.0023,30.0,16.0
2024-07-07,송파구,24.9,22.5,27.9,16.0,0.0097,0.0479,0.38,0.0022,23.0,13.0
2024-07-08,송파구,24.2,23.3,25.5,20.5,0.0165,0.028,0.31,0.0021,13.0,7.0
2024-07-09,송파구,25.0,23.1,27.0,2.0,0.017,0.0258,0.29,0.0022,16.0,6.0
2024-07-10,송파구,26.6,22.9,33.0,7.0,0.013,0.0379,0.29,0.0022,13.0,5.0
2024-07-11,송파구,26.6,24.1,30.9,0.0,0.0184,0.0416,0.4,0.0025,37.0,22.0
2024-07-12,송파구,26.6,23.2,31.2,0.0,0.0207,0.0422,0.49,0.0027,39.0,24.0
2024-07-13,송파구,28.7,23.5,34.5,0.0,0.0165,0.0503,0.52,0.0026,54.0,39.0
2024-07-14,송파구,28.7,25.0,33.0,0.0,0.0083,0.0454,0.34,0.0024,33.0,24.0
2024-07-15,송파구,28.7,24.6,32.2,0.0,0.0105,0.0411,0.28,0.0022,16.0,7.0
2024-07-16,송파구,27.3,24.5,31.3,11.0,0.012,0.0322,0.29,0.0023,16.0,7.0
2024-07-17,송파구,26.7,23.5,30.7,26.0,0.0107,0.0151,0.21,0.0022,13.0,4.0
2024-07-18,송파구,24.9,23.4,27.3,115.5,0.0154,0.0179,0.24,0.0021,10.0,4.0
2024-07-19,송파구,27.9,24.5,32.7,0.0,0.0121,0.0438,0.31,0.0024,24.0,14.0
2024-07-20,송파구,27.8,25.4,31.6,17.5,0.0092,0.0373,0.27,0.0021,18.0,11.0
2024-07-21,송파구,27.4,23.5,31.2,4.0,0.0062,0.0476,0.22,0.0021,21.0,9.0
2024-07-22,송파구,28.0,25.7,29.9,44.5,0.0081,0.0136,0.17,0.002,15.0,6.0
2024-07-23,송파구,27.4,25.7,28.8,2.5,0.0087,0.0159,0.19,0.002,12.0,6.0
2024-07-24,송파구,28.7,25.6,32.9,17.5,0.0125,0.0146,0.23,0.0022,18.0,7.0
2024-07-25,송파구,29.4,25.1,35.6,7.0,0.0134,0.0235,0.22,0.0024,23.0,8.0
2024-07-26,송파구,29.2,25.1,34.6,12.0,0.0135,0.0176,0.22,0.003,18.0,7.0
2024-07-27,송파구,29.4,27.6,33.6,13.0,0.0111,0.0136,0.23,0.0026,18.0,7.0
2024-07-28,송파구,30.2,28.0,34.6,0.0,0.0057,0.0131,0.19,0.0022,21.0,7.0
2024-07-29,송파구,28.3,27.4,29.6,0.0,0.0077,0.017,0.16,0.0022,23.0,8.0
2024-07-30,송파구,29.5,27.1,33.2,0.0,0.0108,0.0358,0.2,0.0023,27.0,15.0
2024-07-31,송파구,30.5,27.5,35.3,0.0,0.0095,0.0259,0.19,0.0023,19.0,9.0
2024-08-01,송파구,30.9,28.0,35.0,0.0,0.0091,0.0291,0.21,0.0022,22.0,11.0
2024-08-02,송파구,30.8,28.7,34.7,0.0,0.0095,0.0383,0.28,0.0023,30.0,17.0
2024-08-03,송파구,31.1,28.1,35.4,0.0,0.0109,0.056,0.34,0.0021,35.0,25.0
2024-08-04,송파구,32.4,27.4,38.1,0.0,0.0127,0.0524,0.38,0.0023,33.0,25.0
2024-08-05,송파구,30.7,25.9,35.1,9.0,0.0142,0.0428,0.34,0.0023,31.0,23.0
2024-08-06,송파구,28.9,24.6,34.4,5.5,0.0159,0.0343,0.29,0.0022,19.0,10.0
2024-08-07,송파구,29.9,25.9,33.8,3.0,0.0183,0.0261,0.31,0.0023,26.0,14.0
2024-08-08,송파구,28.6,24.6,31.8,25.5,0.0161,0.0269,0.27,0.0023,22.0,15.0
2024-08-09,송파구,29.6,25.9,35.4,2.0,0.0202,0.0407,0.34,0.0024,33.0,23.0
2024-08-10,송파구,30.9,26.1,35.9,0.0,0.0166,0.043,0.35,0.0025,37.0,26.0
2024-08-11,송파구,31.6,28.1,35.8,0.0,0.0116,0.0396,0.29,0.0023,32.0,23.0
2024-08-12,송파구,31.3,28.0,35.1,12.5,0.0191,0.0415,0.25,0.0023,34.0,24.0
2024-08-13,송파구,30.5,27.9,37.0,11.0,0.0172,0.0397,0.2,0.0022,33.0,23.0
2024-08-14,송파구,30.6,27.2,37.0,8.5,0.0177,0.0373,0.18,0.0024,28.0,18.0
2024-08-15,송파구,30.1,26.3,35.2,16.0,0.0134,0.0427,0.18,0.0023,26.0,17.0
2024-08-16,송파구,31.2,27.5,36.4,0.0,0.0142,0.0372,0.17,0.0023,23.0,15.0
2024-08-17,송파구,30.8,28.8,36.5,0.0,0.0122,0.043,0.17,0.0025,22.0,15.0
2024-08-18,송파구,30.3,25.5,36.5,9.0,0.0084,0.0446,0.17,0.0025,22.0,15.0
2024-08-19,송파구,31.0,26.2,36.9,0.0,0.014,0.0481,0.19,0.0023,27.0,18.0
2024-08-20,송파구,31.9,27.2,36.5,0.0,0.0124,0.0351,0.17,0.0022,27.0,19.0
2024-08-21,송파구,29.1,26.8,31.5,31.0,0.0095,0.0163,0.16,0.002,13.0,6.0
2024-08-22,송파구,29.0,27.3,31.8,1.0,0.0089,0.0213,0.2,0.0026,17.0,6.0
2024-08-23,송파구,29.1,26.5,33.4,0.0,0.0112,0.0587,0.35,0.0027,30.0,20.0
2024-08-24,송파구,28.5,25.8,32.4,8.0,0.0157,0.051,0.48,0.0026,44.0,35.0
2024-08-25,송파구,28.3,25.3,34.0,3.5,0.0145,0.0445,0.48,0.0031,40.0,31.0
2024-08-26,송파구,27.4,23.6,31.7,10.5,0.024,0.0337,0.49,0.0025,42.0,30.0
2024-08-27,송파구,27.1,25.2,30.9,0.5,0.0174,0.0234,0.37,0.0023,24.0,13.0
2024-08-28,송파구,28.7,23.8,34.3,0.0,0.0097,0.0388,0.28,0.0021,15.0,9.0
2024-08-29,송파구,28.8,24.7,33.6,0.0,0.008,0.0398,0.26,0.002,11.0,5.0
2024-08-30,송파구,28.8,24.2,34.0,0.0,0.0127,0.0385,0.27,0.002,15.0,6.0
2024-08-31,송파구,28.5,23.9,34.8,0.0,0.0121,0.056,0.37,0.0023,40.0,21.0
2024-09-01,송파구,27.8,24.9,33.0,0.0,0.0114,0.0485,0.4,0.0024,35.0,24.0
2024-09-02,송파구,25.6,23.4,28.2,1.0,0.0174,0.0267,0.38,0.0024,24.0,15.0
2024-09-03,송파구,27.4,24.0,33.0,0.0,0.01,0.0388,0.27,0.0019,12.0,4.0
2024-09-04,송파구,28.5,23.8,33.5,0.0,0.0156,0.0456,0.32,0.0025,20.0,10.0
2024-09-05,송파구,27.1,25.0,30.5,19.0,0.0159,0.0341,0.34,0.0025,27.0,14.0
2024-09-06,송파구,24.2,22.8,26.2,6.0,0.0149,0.0209,0.34,0.0021,16.0,8.0
2024-09-07,송파구,27.0,22.8,32.5,0.0,0.0149,0.0403,0.36,0.0022,25.0,13.0
2024-09-08,송파구,27.5,23.0,33.3,0.0,0.0139,0.0509,0.44,0.0023,33.0,23.0
2024-09-09,송파구,29.4,24.8,35.0,0.0,0.0184,0.0461,0.42,0.0023,32.0,23.0
2024-09-10,송파구,30.0,26.0,34.6,0.0,0.0214,0.046,0.41,0.0024,34.0,24.0
2024-09-11,송파구,29.5,25.8,34.7,0.0,0.022,0.0419,0.41,0.0022,35.0,24.0
2024-09-12,송파구,25.0,24.0,28.0,71.0,0.0168,0.0097,0.31,0.002,10.0,5.0
2024-09-13,송파구,26.8,24.3,30.3,15.0,0.0129,0.0085,0.27,0.0022,17.0,8.0
2024-09-14,송파구,28.6,26.2,33.0,0.0,0.011,0.0215,0.25,0.0023,14.0,8.0
2024-09-15,송파구,27.9,24.8,32.5,0.0,0.0075,0.0188,0.28,0.002,14.0,6.0
2024-09-16,송파구,27.2,21.3,33.5,0.0,0.0073,0.0297,0.25,0.0019,8.0,3.0
2024-09-17,송파구,29.0,25.9,35.3,0.0,0.0088,0.0228,0.27,0.0019,14.0,6.0
2024-09-18,송파구,29.9,26.5,34.3,0.0,0.0098,0.0254,0.3,0.0021,20.0,11.0
2024-09-19,송파구,29.6,26.3,34.1,0.0,0.0145,0.0311,0.27,0.0022,21.0,11.0
2024-09-20,송파구,24.9,17.8,29.7,72.5,0.0148,0.0107,0.26,0.0021,14.0,8.0
2024-09-21,송파구,20.0,17.1,23.1,23.5,0.0067,0.0299,0.24,0.0019,4.0,1.0
2024-09-22,송파구,21.7,18.6,27.6,0.0,0.0055,0.0257,0.23,0.0018,5.0,3.0
2024-09-23,송파구,21.4,17.9,26.2,0.0,0.0083,0.0294,0.23,0.0017,9.0,4.0
2024-09-24,송파구,21.2,16.6,26.7,0.0,0.0158,0.0303,0.29,0.0019,14.0,5.0
2024-09-25,송파구,23.5,18.4,28.6,0.0,0.021,0.0239,0.31,0.002,18.0,8.0
2024-09-26,송파구,24.2,21.5,29.2,0.0,0.0183,0.0362,0.33,0.0023,21.0,12.0
2024-09-27,송파구,23.0,19.5,28.1,0.0,0.0141,0.0285,0.29,0.002,16.0,7.0
2024-09-28,송파구,24.1,20.6,29.2,0.0,0.0082,0.0378,0.27,0.0019,13.0,6.0
2024-09-29,송파구,24.1,19.7,29.7,0.0,0.0064,0.0367,0.25,0.0019,10.0,5.0
2024-09-30,송파구,23.5,19.2,28.5,0.0,0.0178,0.0351,0.29,0.0022,15.0,7.0
2024-10-01,송파구,19.1,15.2,22.7,1.0,0.0165,0.0272,0.3,0.002,17.0,7.0
2024-10-02,송파구,16.2,13.4,20.9,0.0,0.0108,0.0319,0.27,0.0019,17.0,6.0
2024-10-03,송파구,17.1,12.4,22.1,0.0,0.0122,0.0255,0.25,0.002,14.0,6.0
2024-10-04,송파구,18.2,13.0,24.2,0.0,0.0233,0.019,0.32,0.0022,18.0,8.0
2024-10-05,송파구,18.1,13.0,25.0,0.0,0.0217,0.0258,0.34,0.0021,20.0,11.0
2024-10-06,송파구,16.4,13.8,18.5,0.0,0.0206,0.0125,0.37,0.0021,19.0,12.0
2024-10-07,송파구,17.9,15.2,21.6,0.0,0.0252,0.0166,0.48,0.0024,35.0,21.0
2024-10-08,송파구,18.3,13.6,23.6,0.0,0.0173,0.0195,0.4,0.0024,30.0,19.0
2024-10-09,송파구,19.6,15.2,24.6,0.0,0.0152,0.0261,0.31,0.0022,13.0,6.0
2024-10-10,송파구,19.6,16.6,23.9,0.0,0.0189,0.0279,0.31,0.0024,20.0,10.0
2024-10-11,송파구,19.0,14.8,24.3,0.0,0.0284,0.0273,0.42,0.0024,32.0,21.0
2024-10-12,송파구,19.0,14.1,25.0,0.0,0.0309,0.0272,0.48,0.0026,38.0,24.0
2024-10-13,송파구,18.6,13.6,23.3,0.0,0.0212,0.0226,0.44,0.0023,28.0,19.0
2024-10-14,송파구,19.9,17.7,21.9,0.0,0.025,0.0144,0.35,0.0025,22.0,13.0
2024-10-15,송파구,20.0,17.7,22.5,0.5,0.0247,0.0126,0.38,0.0024,20.0,13.0
2024-10-16,송파구,19.3,15.8,24.6,0.0,0.026,0.0186,0.47,0.0024,28.0,18.0
2024-10-17,송파구,19.6,14.5,26.2,0.0,0.0305,0.0187,0.44,0.0026,34.0,19.0
2024-10-18,송파구,17.7,16.6,19.4,31.5,0.0231,0.0116,0.37,0.0024,22.0,12.0
2024-10-19,송파구,17.4,13.4,21.9,0.5,0.0085,0.0291,0.27,0.002,7.0,3.0
2024-10-20,송파구,14.3,12.0,18.2,0.0,0.006,0.0317,0.21,0.0018,12.0,3.0
2024-10-21,송파구,15.6,10.7,20.5,0.0,0.0121,0.0191,0.28,0.002,16.0,6.0
2024-10-22,송파구,15.6,14.9,17.0,18.5,0.0225,0.0073,0.36,0.002,11.0,6.0
2024-10-23,송파구,14.0,11.7,16.8,2.0,0.011,0.032,0.32,0.0019,15.0,7.0
2024-10-24,송파구,13.8,8.9,18.9,0.0,0.0219,0.0229,0.41,0.0022,27.0,16.0
2024-10-25,송파구,15.8,10.3,21.9,0.0,0.0298,0.0106,0.47,0.0023,26.0,14.0
2024-10-26,송파구,18.0,11.9,24.4,0.0,0.0243,0.0146,0.4,0.0025,22.0,11.0
2024-10-27,송파구,17.2,15.4,19.4,0.0,0.0182,0.0243,0.37,0.0024,25.0,14.0
2024-10-28,송파구,16.7,13.2,21.7,0.0,0.0176,0.0179,0.44,0.0022,30.0,19.0
2024-10-29,송파구,16.2,14.4,19.7,0.0,0.0198,0.0217,0.32,0.0021,15.0,7.0
2024-10-30,송파구,16.7,12.4,21.4,0.0,0.0246,0.023,0.47,0.0026,30.0,16.0
2024-10-31,송파구,16.9,12.0,22.6,0.0,0.0332,0.0161,0.51,0.0025,33.0,19.0
2024-11-01,송파구,16.2,13.2,18.6,0.0,0.0385,0.0091,0.56,0.0028,36.0,22.0
2024-11-02,송파구,19.2,14.7,25.0,0.0,0.0213,0.0258,0.4,0.0025,34.0,20.0
2024-11-03,송파구,18.1,13.2,23.4,0.0,0.0142,0.0315,0.35,0.0024,26.0,15.0
2024-11-04,송파구,15.8,11.0,19.7,0.0,0.0155,0.0331,0.33,0.0023,26.0,13.0
2024-11-05,송파구,11.1,8.5,15.9,0.0,0.0164,0.0228,0.32,0.0026,29.0,11.0
2024-11-06,송파구,9.5,6.9,13.4,0.0,0.0183,0.0238,0.37,0.0028,28.0,11.0
2024-11-07,송파구,9.3,3.9,15.2,0.0,0.0335,0.014,0.5,0.0027,40.0,19.0
2024-11-08,송파구,11.4,5.3,17.8,0.0,0.0398,0.0116,0.57,0.0027,34.0,17.0
2024-11-09,송파구,13.9,8.7,19.8,0.0,0.0364,0.0138,0.55,0.0029,31.0,17.0
2024-11-10,송파구,15.3,11.1,20.7,0.0,0.0288,0.0168,0.48,0.0026,26.0,14.0
2024-11-11,송파구,15.6,11.0,21.6,0.0,0.0413,0.0122,0.65,0.0031,49.0,27.0
2024-11-12,송파구,15.6,13.1,19.6,0.0,0.0296,0.0221,0.47,0.003,42.0,25.0
2024-11-13,송파구,15.3,9.8,20.6,0.0,0.0345,0.0143,0.51,0.0028,39.0,20.0
2024-11-14,송파구,15.5,14.0,17.2,0.0,0.0338,0.0114,0.43,0.0028,34.0,17.0
2024-11-15,송파구,17.6,13.8,22.1,0.0,0.0289,0.0132,0.43,0.0026,29.0,18.0
2024-11-16,송파구,18.1,15.3,22.8,3.0,0.0198,0.0251,0.36,0.0027,22.0,12.0
2024-11-17,송파구,8.3,4.1,15.3,0.0,0.0088,0.0261,0.31,0.0025,21.0,11.0
2024-11-18,송파구,4.3,1.9,8.4,0.0,0.0118,0.0241,0.26,0.0024,16.0,6.0
2024-11-19,송파구,6.8,2.4,11.0,0.0,0.036,0.007,0.42,0.0025,28.0,13.0
2024-11-20,송파구,7.6,4.3,10.5,0.0,0.0429,0.0039,0.52,0.0029,36.0,20.0
2024-11-21,송파구,10.1,6.8,14.4,1.0,0.0337,0.0113,0.56,0.003,47.0,30.0
2024-11-22,송파구,8.1,5.8,11.4,0.0,0.0175,0.0242,0.38,0.003,34.0,19.0
2024-11-23,송파구,8.0,3.7,12.3,0.0,0.024,0.0165,0.39,0.0023,23.0,13.0
2024-11-24,송파구,8.6,4.1,13.0,0.0,0.0289,0.0111,0.46,0.0024,18.0,11.0
2024-11-25,송파구,11.1,4.6,16.4,0.0,0.027,0.015,0.44,0.0027,22.0,13.0
2024-11-26,송파구,6.7,2.3,13.5,26.0,0.0145,0.021,0.29,0.0021,11.0,5.0
2024-11-27,송파구,0.4,-0.4,3.0,16.0,0.0184,0.0201,0.3,0.0018,10.0,6.0
2024-11-28,송파구,1.8,-0.1,4.1,5.0,0.0198,0.0181,0.36,0.0019,17.0,11.0
2024-11-29,송파구,1.7,-1.6,4.3,0.0,0.0289,0.0115,0.44,0.0024,31.0,18.0
2024-11-30,송파구,4.2,1.0,6.2,0.0,0.0336,0.0078,0.48,0.0027,23.0,14.0
2024-12-01,송파구,6.1,2.6,9.3,0.5,0.0279,0.0073,0.53,0.0029,30.0,19.0
2024-12-02,송파구,8.0,2.4,13.9,0.0,0.032,0.0129,0.53,0.0035,40.0,22.0
2024-12-03,송파구,,,,0.0,0.0184,0.022,0.31,0.0026,18.0,9.0
2024-12-04,송파구,,,,0.0,0.0236,0.0185,0.35,0.0031,24.0,11.0
2024-12-05,송파구,3.8,-0.2,8.7,0.0,0.0276,0.0157,0.42,0.003,24.0,12.0
2024-12-06,송파구,2.6,0.4,5.4,0.0,0.0158,0.0238,0.32,0.0028,27.0,9.0
2024-12-07,송파구,0.4,-2.4,4.4,0.0,0.0179,0.0204,0.37,0.0025,24.0,11.0
2024-12-08,송파구,-0.1,-2.6,3.3,0.0,0.0119,0.0249,0.34,0.0024,24.0,12.0
2024-12-09,송파구,1.1,-3.5,5.9,0.0,0.0335,0.0095,0.48,0.0028,32.0,15.0
2024-12-10,송파구,2.2,-2.1,6.5,0.0,0.0363,0.0105,0.69,0.0028,40.0,24.0
2024-12-11,송파구,3.1,0.7,7.0,0.0,0.0346,0.0125,0.69,0.0043,61.0,35.0
2024-12-12,송파구,1.2,-2.2,4.8,0.0,0.0307,0.0107,0.54,0.0037,43.0,23.0
2024-12-13,송파구,1.6,-0.4,4.8,0.0,0.0235,0.0181,0.4,0.0031,29.0,16.0
2024-12-14,송파구,-0.4,-2.9,2.4,0.0,0.0182,0.0218,0.41,0.0028,30.0,15.0
2024-12-15,송파구,1.4,-1.1,5.2,0.0,0.0184,0.0229,0.35,0.0028,22.0,10.0
2024-12-16,송파구,0.3,-3.4,3.6,0.0,0.0329,0.0083,0.47,0.0027,28.0,15.0
2024-12-17,송파구,-0.4,-3.0,3.1,0.0,0.0069,0.0133,0.45,0.0027,28.0,14.0
2024-12-18,송파구,-2.6,-5.0,0.0,0.0,0.0181,0.0169,0.41,0.0031,31.0,15.0
2024-12-19,송파구,-1.3,-5.7,3.8,0.0,0.0366,0.0073,0.65,0.0038,52.0,28.0
2024-12-20,송파구,0.8,-2.2,3.5,0.5,0.0486,0.0032,0.75,0.0041,58.0,35.0
2024-12-21,송파구,-0.3,-3.8,2.2,1.5,0.0244,0.0159,0.57,0.0032,48.0,35.0
2024-12-22,송파구,-3.1,-6.2,0.3,0.0,0.0153,0.0241,0.33,0.0029,22.0,10.0
2024-12-23,송파구,0.1,-5.0,5.9,0.0,0.0347,0.0115,0.56,0.0033,28.0,15.0
2024-12-24,송파구,0.0,-3.8,4.3,0.0,0.0332,0.0134,0.5,0.0033,33.0,18.0
2024-12-25,송파구,2.5,-1.7,6.0,0.0,0.0323,0.0139,0.51,0.0034,29.0,16.0
2024-12-26,송파구,0.7,-4.0,4.8,0.0,0.0217,0.02,0.45,0.0029,64.0,30.0
2024-12-27,송파구,-2.0,-4.5,1.2,0.0,0.0176,0.0226,0.34,0.0027,32.0,12.0
2024-12-28,송파구,-2.5,-5.2,0.2,0.0,0.0128,0.0245,0.33,0.0027,30.0,13.0
2024-12-29,송파구,1.4,-3.3,5.1,0.0,0.0273,0.014,0.46,0.0027,25.0,14.0
2024-12-30,송파구,6.0,2.6,10.1,0.0,0.0273,0.0202,0.44,0.0028,48.0,25.0
2024-12-31,송파구,1.1,-2.0,5.5,0.0,0.0195,0.0222,0.4,0.003,53.0,17.0
2024-01-01,강서구,3.5,-1.5,7.2,0.0,0.0354,0.0123,0.92,0.0033,29.0,19.0
2024-01-02,강서구,3.3,1.6,5.4,0.0,0.0249,0.0226,0.52,0.003,44.0,27.0
2024-01-03,강서구,2.2,-0.9,5.0,0.0,0.033,0.016,0.52,0.0032,46.0,27.0
2024-01-04,강서구,2.1,-3.8,5.6,0.0,0.0389,0.0142,0.74,0.0036,53.0,30.0
2024-01-05,강서구,5.4,0.8,10.1,0.0,0.0308,0.0257,0.74,0.0035,86.0,56.0
2024-01-06,강서구,0.8,-3.2,5.6,1.5,0.0225,0.0226,0.44,0.0036,26.0,12.0
2024-01-07,강서구,-3.7,-7.5,-0.7,0.0,0.0131,0.0256,0.43,0.0033,26.0,12.0
2024-01-08,강서구,-4.0,-9.9,0.1,0.0,0.0287,0.0134,0.54,0.0036,25.0,11.0
2024-01-09,강서구,0.3,-1.4,1.1,0.0,0.0449,0.0041,0.66,0.0035,25.0,15.0
2024-01-10,강서구,-1.1,-4.1,2.9,0.0,0.0429,0.007,0.83,0.0037,80.0,53.0
2024-01-11,강서구,2.2,-2.4,5.6,0.0,0.0431,0.0093,0.73,0.0039,70.0,47.0
2024-01-12,강서구,1.1,-2.4,4.5,0.0,0.0278,0.0218,0.58,0.0039,62.0,34.0
2024-01-13,강서구,-0.6,-5.1,5.4,0.0,0.0341,0.0148,0.53,0.0039,27.0,12.0
2024-01-14,강서구,-0.2,-3.7,4.5,1.0,0.041,0.0115,0.83,0.0037,35.0,21.0
2024-01-15,강서구,-3.0,-5.8,1.0,0.0,0.0164,0.0276,0.38,0.0035,23.0,7.0
2024-01-16,강서구,-2.5,-7.4,3.4,0.0,0.039,0.0127,0.59,0.0038,33.0,13.0
2024-01-17,강서구,0.1,-3.8,1.7,4.5,0.0547,0.0024,0.99,0.0043,40.0,23.0
2024-01-18,강서구,4.4,1.0,9.5,0.0,0.0282,0.0151,0.55,0.0029,27.0,19.0
2024-01-19,강서구,5.8,4.1,9.5,0.0,0.0178,0.0308,0.52,0.0023,15.0,8.0
2024-01-20,강서구,3.9,1.9,5.6,0.0,0.0135,0.032,0.43,0.0021,5.0,1.0
2024-01-21,강서구,1.7,-2.1,4.0,0.0,0.0147,0.026,0.38,0.0023,11.0,6.0
2024-01-22,강서구,-7.8,-11.0,-2.1,0.0,0.0112,0.0292,0.4,0.0028,32.0,18.0
2024-01-23,강서구,-10.5,-13.0,-7.0,0.0,0.0109,0.0301,0.36,0.003,22.0,9.0
2024-01-24,강서구,-6.9,-10.2,-3.0,0.0,0.0125,0.0298,0.4,0.0029,24.0,9.0
2024-01-25,강서구,-4.3,-9.7,0.1,0.0,0.0193,0.0252,0.42,0.0035,23.0,10.0
2024-01-26,강서구,-2.2,-7.8,4.4,0.0,0.0401,0.0149,0.63,0.0035,34.0,18.0
2024-01-27,강서구,-0.8,-5.9,5.2,0.0,0.0359,0.0207,0.7,0.0039,54.0,31.0
2024-01-28,강서구,-1.6,-6.3,3.8,0.0,0.0216,0.0303,0.49,0.0032,31.0,16.0
2024-01-29,강서구,-1.1,-6.2,4.8,0.0,0.0441,0.0172,0.73,0.0037,49.0,29.0
2024-01-30,강서구,0.1,-5.4,8.1,0.0,0.0527,0.012,0.9,0.004,65.0,37.0
2024-01-31,강서구,3.9,-1.4,10.4,0.0,0.0491,0.019,0.9,0.0044,68.0,40.0
2024-02-01,강서구,1.9,-1.0,6.9,0.0,0.0281,0.0272,0.82,0.0038,97.0,60.0
2024-02-02,강서구,2.1,-1.0,7.3,0.0,0.0428,0.0113,0.65,0.0046,57.0,33.0
2024-02-03,강서구,4.1,-2.3,8.7,0.0,0.0397,0.0095,0.64,0.0034,47.0,29.0
2024-02-04,강서구,6.4,2.3,11.4,0.0,0.0304,0.0161,0.51,0.0032,33.0,20.0
2024-02-05,강서구,2.9,0.5,7.2,0.0,0.0147,0.0324,0.34,0.0023,6.0,2.0
2024-02-06,강서구,1.4,0.1,3.1,0.0,0.0274,0.0194,0.38,0.0027,17.0,9.0
2024-02-07,강서구,0.8,-2.1,3.7,0.0,0.0269,0.0229,0.55,0.0031,37.0,24.0
2024-02-08,강서구,0.1,-4.1,6.4,0.0,0.0421,0.0132,0.67,0.0036,45.0,29.0
2024-02-09,강서구,1.2,-3.8,6.5,0.0,,,,,,
2024-02-10,강서구,1.6,-3.1,7.8,0.0,,,,,,
2024-02-11,강서구,1.0,-4.6,6.2,0.0,0.019,0.037,0.55,0.0036,63.0,42.0
2024-02-12,강서구,3.5,-4.0,10.5,0.0,0.0308,0.0282,0.68,0.0035,67.0,41.0
2024-02-13,강서구,8.9,2.1,14.3,0.0,0.031,0.0338,0.6,0.0034,77.0,40.0
2024-02-14,강서구,12.8,8.1,18.1,0.0,0.0398,0.0189,0.63,0.0035,45.0,23.0
2024-02-15,강서구,4.7,-0.2,10.5,5.5,0.0167,0.0276,0.34,0.0025,21.0,12.0
2024-02-16,강서구,2.2,-2.4,8.3,0.0,0.0281,0.0219,0.5,0.0037,30.0,16.0
2024-02-17,강서구,3.5,-2.3,10.4,0.0,0.0367,0.0212,0.63,0.0038,43.0,27.0
2024-02-18,강서구,6.3,-0.5,10.4,7.5,0.0386,0.0125,0.73,0.0029,39.0,25.0
2024-02-19,강서구,9.2,3.8,12.1,2.0,0.0296,0.0114,0.56,0.0028,13.0,7.0
2024-02-20,강서구,4.6,2.4,7.4,0.5,0.0221,0.0152,0.47,0.0027,34.0,15.0
2024-02-21,강서구,2.6,0.4,5.1,5.5,0.0152,0.027,0.38,0.0021,4.0,1.0
2024-02-22,강서구,0.9,-0.2,2.1,4.5,0.0166,0.0282,0.39,0.002,5.0,2.0
2024-02-23,강서구,2.4,-0.5,6.7,0.0,0.0159,0.0302,0.35,0.002,10.0,4.0
2024-02-24,강서구,2.7,-0.3,6.6,0.0,0.0155,0.0304,0.38,0.002,14.0,6.0
2024-02-25,강서구,3.2,0.8,7.8,0.0,0.0135,0.0285,0.35,0.0021,14.0,9.0
2024-02-26,강서구,3.8,-1.8,10.0,0.0,0.0258,0.0212,0.49,0.0025,38.0,20.0
2024-02-27,강서구,5.8,2.1,10.2,0.0,0.0176,0.0319,0.37,0.0021,19.0,7.0
2024-02-28,강서구,7.1,4.3,10.7,0.0,0.026,0.0256,0.41,0.0026,32.0,14.0
2024-02-29,강서구,4.8,0.8,9.8,0.0,0.0268,0.0225,0.51,0.0028,61.0,33.0
2024-03-01,강서구,-3.1,-5.9,0.9,0.0,0.0079,0.0383,0.28,0.0024,37.0,9.0
2024-03-02,강서구,0.5,-7.1,5.2,0.0,0.0163,0.0348,0.34,0.0027,36.0,11.0
2024-03-03,강서구,4.0,-0.8,9.0,0.0,0.0188,0.0379,0.56,0.0025,119.0,59.0
2024-03-04,강서구,4.9,-2.7,11.9,0.0,0.0374,0.0206,0.57,0.0031,74.0,31.0
2024-03-05,강서구,7.7,4.9,11.9,0.0,0.0363,0.021,0.56,0.0031,52.0,22.0
2024-03-06,강서구,6.6,1.8,11.4,0.0,0.0233,0.0282,0.39,0.0024,17.0,7.0
2024-03-07,강서구,4.7,1.5,8.9,0.5,0.0191,0.0328,0.38,0.0026,31.0,16.0
2024-03-08,강서구,2.8,-1.8,8.1,0.0,0.0167,0.0372,0.39,0.0031,47.0,20.0
2024-03-09,강서구,2.5,-1.7,7.8,0.0,0.0175,0.0319,0.37,0.0028,35.0,15.0
2024-03-10,강서구,,,,0.0,0.021,0.0335,0.4,0.0029,30.0,13.0
2024-03-11,강서구,,,,0.0,0.0325,0.0284,0.45,0.0029,33.0,15.0
2024-03-12,강서구,6.7,3.4,12.2,0.0,0.0359,0.0207,0.47,0.0029,37.0,21.0
2024-03-13,강서구,6.4,-0.4,12.7,0.0,0.0267,0.0373,0.45,0.0035,45.0,21.0
2024-03-14,강서구,8.9,3.5,16.1,0.0,0.0282,0.0403,0.46,0.0032,62.0,32.0
2024-03-15,강서구,9.1,5.1,14.2,0.0,0.0248,0.0373,0.38,0.003,46.0,26.0
2024-03-16,강서구,10.4,3.2,19.6,0.0,0.0316,0.0346,0.5,0.0038,49.0,27.0
2024-03-17,강서구,9.1,4.0,12.9,0.0,0.0113,0.0421,0.31,0.0025,96.0,17.0
2024-03-18,강서구,7.3,1.1,14.5,0.0,0.0219,0.0284,0.33,0.003,22.0,6.0
2024-03-19,강서구,7.4,4.8,11.7,0.0,0.0177,0.0376,0.37,0.0027,50.0,24.0
2024-03-20,강서구,5.3,2.3,9.9,0.0,0.0128,0.0377,0.33,0.0024,40.0,21.0
2024-03-21,강서구,5.1,-1.1,11.9,0.0,0.0224,0.0361,0.36,0.0034,35.0,17.0
2024-03-22,강서구,11.0,3.8,15.9,2.0,0.0259,0.0368,0.41,0.003,44.0,16.0
2024-03-23,강서구,12.5,8.6,18.4,0.0,0.0164,0.0449,0.37,0.0024,55.0,22.0
2024-03-24,강서구,14.3,6.9,23.3,0.0,0.025,0.032,0.5,0.0029,39.0,18.0
2024-03-25,강서구,11.9,7.4,15.0,2.5,0.018,0.0336,0.37,0.0022,21.0,7.0
2024-03-26,강서구,7.0,2.1,12.9,9.0,0.0153,0.0348,0.29,0.0022,6.0,3.0
2024-03-27,강서구,10.4,3.7,16.9,0.0,0.0275,0.0274,0.43,0.0031,25.0,15.0
2024-03-28,강서구,10.9,7.6,12.9,2.0,0.0266,0.0265,0.45,0.003,19.0,10.0
2024-03-29,강서구,8.1,4.5,13.4,1.0,0.0206,0.0323,0.41,0.0023,230.0,45.0
2024-03-30,강서구,9.5,3.0,17.1,0.0,0.0246,0.0328,0.48,0.0027,99.0,25.0
2024-03-31,강서구,10.2,1.8,17.4,0.0,0.0162,0.0372,0.39,0.0026,41.0,10.0
2024-04-01,강서구,11.5,4.2,19.7,0.0,0.024,0.0335,0.37,0.0029,46.0,13.0
2024-04-02,강서구,14.4,5.4,23.6,0.0,0.0391,0.0326,0.53,0.0036,48.0,17.0
2024-04-03,강서구,15.8,11.3,20.8,0.0,0.0397,0.0248,0.53,0.0033,51.0,22.0
2024-04-04,강서구,15.8,11.8,21.2,0.0,0.0252,0.0343,0.47,0.0029,42.0,19.0
2024-04-05,강서구,13.9,9.2,19.5,0.0,0.0184,0.0462,0.38,0.0026,42.0,19.0
2024-04-06,강서구,12.4,6.7,20.1,0.0,0.0325,0.0391,0.51,0.004,73.0,41.0
2024-04-07,강서구,13.9,5.6,24.2,0.0,0.0296,0.0505,0.55,0.0038,59.0,32.0
2024-04-08,강서구,14.9,9.3,22.8,0.0,0.0419,0.0311,0.51,0.0042,55.0,25.0
2024-04-09,강서구,15.5,10.1,21.0,0.0,0.0166,0.0452,0.39,0.0026,42.0,18.0
2024-04-10,강서구,14.2,11.3,18.6,0.0,0.0122,0.0495,0.31,0.0027,44.0,17.0
2024-04-11,강서구,15.4,11.7,21.3,0.0,0.0216,0.0448,0.42,0.003,47.0,18.0
2024-04-12,강서구,16.8,9.9,25.0,0.0,0.029,0.0368,0.46,0.0035,47.0,21.0
2024-04-13,강서구,17.6,9.6,27.3,0.0,0.0202,0.0378,0.34,0.0032,39.0,17.0
2024-04-14,강서구,19.4,10.6,29.2,0.0,0.0243,0.0457,0.48,0.0041,43.0,22.0
2024-04-15,강서구,15.9,11.8,20.6,22.0,0.019,0.0362,0.35,0.0034,24.0,12.0
2024-04-16,강서구,13.2,10.7,17.8,1.5,0.0203,0.0364,0.42,0.0027,76.0,27.0
2024-04-17,강서구,14.5,9.3,22.3,0.0,0.0252,0.0287,0.46,0.0032,130.0,36.0
2024-04-18,강서구,16.7,9.4,25.5,0.0,0.0288,0.0326,0.44,0.0036,107.0,25.0
2024-04-19,강서구,17.4,12.0,24.4,0.0,0.0255,0.0637,0.43,0.0045,102.0,28.0
2024-04-20,강서구,15.0,13.4,18.4,5.0,0.0258,0.039,0.54,0.0031,66.0,26.0
2024-04-21,강서구,17.7,13.8,22.1,0.0,0.0082,0.0461,0.37,0.0022,16.0,6.0
2024-04-22,강서구,19.2,15.6,24.4,0.0,0.0144,0.0518,0.37,0.0022,35.0,16.0
2024-04-23,강서구,17.6,13.5,24.0,0.0,0.0136,0.052,0.36,0.0022,24.0,13.0
2024-04-24,강서구,13.7,11.5,18.0,8.0,0.0123,0.0351,0.3,0.0022,12.0,6.0
2024-04-25,강서구,13.8,10.2,21.2,0.0,0.018,0.0551,0.39,0.0024,32.0,19.0
2024-04-26,강서구,17.0,10.2,25.9,0.0,0.0276,0.043,0.49,0.0032,54.0,23.0
2024-04-27,강서구,17.2,9.7,26.4,0.0,0.0236,0.0487,0.46,0.0037,53.0,28.0
2024-04-28,강서구,19.3,10.9,28.6,0.0,0.0253,0.0536,0.48,0.0037,41.0,22.0
2024-04-29,강서구,20.4,15.5,26.5,0.0,0.0182,0.0519,0.4,0.0028,45.0,20.0
2024-04-30,강서구,18.2,15.7,23.2,0.0,0.0242,0.046,0.46,0.0042,65.0,33.0
2024-05-01,강서구,18.3,14.4,24.5,0.0,0.0147,0.0492,0.37,0.0026,32.0,16.0
2024-05-02,강서구,17.9,12.1,24.7,0.0,0.0208,0.0465,0.34,0.0031,37.0,19.0
2024-05-03,강서구,18.6,10.4,28.5,0.0,0.0267,0.0533,0.39,0.0037,47.0,23.0
2024-05-04,강서구,20.6,12.7,28.7,0.0,0.0294,0.0653,0.49,0.0047,56.0,32.0
2024-05-05,강서구,17.8,15.3,20.9,44.5,0.0127,0.0305,0.34,0.0026,24.0,14.0
2024-05-06,강서구,14.3,13.6,15.4,12.0,0.01,0.0436,0.32,0.0022,11.0,6.0
2024-05-07,강서구,13.9,12.8,16.0,3.0,0.0127,0.0327,0.39,0.002,21.0,12.0
2024-05-08,강서구,15.0,8.9,22.6,0.0,0.0136,0.0349,0.28,0.0022,22.0,9.0
2024-05-09,강서구,16.3,10.3,22.5,0.0,0.0173,0.0456,0.32,0.0027,29.0,13.0
2024-05-10,강서구,18.3,13.1,24.3,0.0,0.014,0.0532,0.3,0.0027,29.0,13.0
2024-05-11,강서구,17.3,13.7,22.3,27.5,0.0095,0.0408,0.24,0.0022,20.0,7.0
2024-05-12,강서구,17.2,11.8,23.0,0.0,0.0102,0.0411,0.28,0.0022,69.0,12.0
2024-05-13,강서구,18.2,10.4,25.6,0.0,0.0171,0.0445,0.33,0.0027,30.0,13.0
2024-05-14,강서구,18.5,11.4,25.2,0.0,0.0212,0.0484,0.33,0.0031,30.0,14.0
2024-05-15,강서구,12.5,7.5,18.3,18.0,0.0129,0.0454,0.27,0.0027,25.0,7.0
2024-05-16,강서구,14.4,7.5,20.9,0.0,0.0123,0.0425,0.26,0.0026,16.0,5.0
2024-05-17,강서구,18.7,12.2,25.6,0.0,0.0165,0.0607,0.38,0.0031,44.0,18.0
2024-05-18,강서구,20.9,15.1,26.9,0.0,0.0143,0.0438,0.33,0.003,27.0,9.0
2024-05-19,강서구,21.0,14.4,28.3,0.0,0.0117,0.0444,0.29,0.003,26.0,11.0
2024-05-20,강서구,19.5,16.4,23.3,0.0,0.0149,0.0341,0.26,0.0034,31.0,14.0
2024-05-21,강서구,21.3,16.6,28.9,0.0,0.0195,0.047,0.37,0.0028,50.0,30.0
2024-05-22,강서구,19.9,15.8,26.8,0.0,0.0203,0.0363,0.37,0.0034,50.0,30.0
2024-05-23,강서구,19.9,15.7,26.8,0.0,0.0168,0.0369,0.28,0.0033,30.0,16.0
2024-05-24,강서구,19.9,15.7,24.7,0.0,0.013,0.0353,0.27,0.0026,41.0,26.0
2024-05-25,강서구,21.1,17.8,25.1,0.0,0.0169,0.0341,0.33,0.0029,41.0,21.0
2024-05-26,강서구,19.9,17.0,24.1,7.5,0.0107,0.0408,0.31,0.0026,25.0,13.0
2024-05-27,강서구,19.3,14.6,24.2,0.0,0.0088,0.0478,0.31,0.0025,27.0,8.0
2024-05-28,강서구,19.9,13.7,26.6,0.0,0.012,0.041,0.28,0.0024,18.0,7.0
2024-05-29,강서구,21.1,14.4,28.0,0.0,0.0221,0.037,0.32,0.0035,25.0,10.0
2024-05-30,강서구,20.6,15.6,24.9,0.0,0.0328,0.0378,0.42,0.0038,30.0,14.0
2024-05-31,강서구,20.6,15.8,26.1,0.0,0.0149,0.0502,0.28,0.0028,22.0,11.0
2024-06-01,강서구,21.4,17.7,27.2,0.0,0.0099,0.0486,0.28,0.0026,33.0,13.0
2024-06-02,강서구,20.9,14.4,27.7,0.0,0.0094,0.0542,0.28,0.003,22.0,9.0
2024-06-03,강서구,22.5,14.9,29.4,0.0,0.0116,0.045,0.29,0.0024,15.0,7.0
2024-06-04,강서구,22.7,15.5,29.8,0.0,0.0133,0.0442,0.27,0.0025,17.0,7.0
2024-06-05,강서구,22.7,16.6,30.2,0.0,0.0222,0.0609,0.35,0.0036,43.0,24.0
2024-06-06,강서구,23.7,18.4,31.4,0.0,0.0227,0.0637,0.38,0.0037,46.0,29.0
2024-06-07,강서구,22.7,18.4,28.5,0.5,0.0204,0.0513,0.32,0.0034,30.0,17.0
2024-06-08,강서구,20.3,17.4,25.8,13.0,0.0123,0.0415,0.31,0.0026,24.0,15.0
2024-06-09,강서구,22.3,16.5,30.0,0.0,0.0134,0.0446,0.34,0.0032,29.0,17.0
2024-06-10,강서구,24.7,18.3,31.9,0.0,0.0136,0.0633,0.4,0.0033,46.0,25.0
2024-06-11,강서구,25.0,20.7,32.3,0.0,0.0121,0.0794,0.4,0.0028,61.0,34.0
2024-06-12,강서구,24.5,18.3,32.0,0.0,0.0144,0.0594,0.31,0.0033,30.0,15.0
2024-06-13,강서구,25.8,18.8,33.0,0.0,0.0212,0.041,0.31,0.004,31.0,16.0
2024-06-14,강서구,25.8,19.6,33.2,0.0,0.0182,0.0428,0.31,0.0055,34.0,20.0
2024-06-15,강서구,24.3,21.2,29.4,1.0,0.0108,0.0311,0.25,0.0034,25.0,17.0
2024-06-16,강서구,24.4,19.8,30.6,0.0,0.0099,0.0514,0.29,0.0032,22.0,12.0
2024-06-17,강서구,24.8,17.5,31.2,0.0,0.0163,0.0559,0.29,0.0033,22.0,11.0
2024-06-18,강서구,25.3,18.9,32.8,0.0,0.0176,0.0488,0.28,0.0034,24.0,13.0
2024-06-19,강서구,28.0,20.3,35.4,0.0,0.0187,0.0827,0.38,0.004,41.0,25.0
2024-06-20,강서구,28.1,21.9,35.1,0.0,0.022,0.0914,0.43,0.0053,47.0,31.0
2024-06-21,강서구,26.9,21.2,33.6,0.0,0.0225,0.0609,0.36,0.0055,37.0,20.0
2024-06-22,강서구,24.2,22.3,26.6,14.5,0.0154,0.0403,0.43,0.0031,26.0,19.0
2024-06-23,강서구,25.2,21.5,30.7,4.5,0.0076,0.037,0.28,0.0024,15.0,9.0
2024-06-24,강서구,24.8,21.3,29.2,0.0,0.0101,0.0577,0.31,0.0025,49.0,16.0
2024-06-25,강서구,23.9,19.8,29.0,0.0,0.0114,0.0494,0.25,0.003,19.0,8.0
2024-06-26,강서구,24.9,19.2,32.1,0.0,0.0125,0.0503,0.27,0.0027,22.0,11.0
2024-06-27,강서구,25.8,19.4,31.6,0.0,0.0223,0.0615,0.35,0.0033,33.0,17.0
2024-06-28,강서구,26.3,20.0,32.9,0.0,0.0213,0.0666,0.37,0.0035,36.0,23.0
2024-06-29,강서구,26.5,20.7,33.0,31.0,0.0145,0.0598,0.38,0.0028,28.0,19.0
2024-06-30,강서구,23.9,22.0,27.2,13.0,0.0066,0.0379,0.27,0.0021,23.0,13.0
2024-07-01,강서구,26.2,22.3,32.2,0.0,0.0119,0.0552,0.29,0.0024,25.0,16.0
2024-07-02,강서구,23.6,21.6,25.5,57.5,0.0143,0.0273,0.36,0.0021,16.0,10.0
2024-07-03,강서구,25.3,24.0,27.3,1.5,0.0078,0.0526,0.33,0.0021,25.0,14.0
2024-07-04,강서구,27.1,23.7,31.5,1.0,0.0092,0.0712,0.41,0.0021,39.0,32.0
2024-07-05,강서구,24.2,21.5,27.5,1.0,0.0103,0.0593,0.38,0.0022,21.0,12.0
2024-07-06,강서구,25.6,22.1,31.0,4.0,0.013,0.0364,0.38,0.0023,29.0,17.0
2024-07-07,강서구,24.6,21.5,29.4,15.0,0.0092,0.0513,0.37,0.0021,22.0,13.0
2024-07-08,강서구,24.1,23.0,24.9,14.0,0.0138,0.0302,0.25,0.0021,11.0,7.0
2024-07-09,강서구,24.8,22.8,27.3,0.5,0.0137,0.0319,0.29,0.0022,15.0,9.0
2024-07-10,강서구,26.9,23.0,33.1,0.5,0.0095,0.0402,0.26,0.0021,12.0,5.0
2024-07-11,강서구,25.1,22.4,29.7,0.0,0.0155,0.0458,0.39,0.0025,34.0,26.0
2024-07-12,강서구,25.9,22.3,31.4,0.0,0.0173,0.0424,0.42,0.0023,35.0,26.0
2024-07-13,강서구,27.9,22.8,34.5,0.0,0.0139,0.0593,0.52,0.0024,47.0,38.0
2024-07-14,강서구,29.1,24.3,33.8,0.0,0.0081,0.0488,0.39,0.0021,29.0,24.0
2024-07-15,강서구,28.7,24.9,33.3,0.0,0.0125,0.0456,0.31,0.0021,12.0,6.0
2024-07-16,강서구,26.9,24.4,31.6,9.0,0.0136,0.0356,0.3,0.0023,15.0,9.0
2024-07-17,강서구,25.5,23.9,29.9,123.0,0.0106,0.016,0.2,0.0022,10.0,4.0
2024-07-18,강서구,24.4,23.4,25.7,115.5,0.0143,0.0239,0.27,0.0022,8.0,3.0
2024-07-19,강서구,27.6,24.2,32.8,0.5,0.0103,0.0504,0.29,0.0023,24.0,17.0
2024-07-20,강서구,27.6,25.2,32.1,10.5,0.0094,0.0441,0.25,0.0023,15.0,9.0
2024-07-21,강서구,27.2,22.7,31.5,7.5,0.0066,0.0508,0.21,0.0021,18.0,9.0
2024-07-22,강서구,27.1,23.9,28.6,58.0,0.0088,0.0158,0.18,0.0022,14.0,6.0
2024-07-23,강서구,27.1,25.9,28.9,1.0,0.0098,0.0197,0.18,0.0024,10.0,5.0
2024-07-24,강서구,28.6,25.8,32.8,7.5,0.0101,0.0158,0.18,0.0024,12.0,5.0
2024-07-25,강서구,29.5,25.2,35.6,4.0,0.0117,0.025,0.23,0.0027,18.0,9.0
2024-07-26,강서구,29.2,25.2,34.8,11.5,0.0128,0.0234,0.25,0.0024,13.0,8.0
2024-07-27,강서구,29.9,28.1,32.8,2.5,0.0105,0.0196,0.24,0.0023,13.0,8.0
2024-07-28,강서구,30.1,28.2,33.6,0.0,0.0057,0.0174,0.18,0.0024,16.0,7.0
2024-07-29,강서구,28.0,26.7,28.8,0.0,0.0075,0.0198,0.16,0.0023,20.0,9.0
2024-07-30,강서구,29.2,26.7,33.4,0.0,0.0085,0.0382,0.19,0.0015,27.0,14.0
2024-07-31,강서구,29.7,27.4,34.1,0.0,0.0075,0.0239,0.17,0.0024,18.0,7.0
2024-08-01,강서구,30.0,26.8,34.6,1.5,0.0085,0.0273,0.18,0.0022,18.0,9.0
2024-08-02,강서구,29.9,28.2,34.2,0.5,0.0101,0.0418,0.24,0.0024,25.0,17.0
2024-08-03,강서구,30.3,27.1,35.3,0.0,0.011,0.0567,0.31,0.0028,28.0,23.0
2024-08-04,강서구,31.2,26.0,37.0,0.0,0.0131,0.0541,0.37,0.003,24.0,20.0
2024-08-05,강서구,31.1,26.1,36.6,8.5,0.0138,0.0498,0.34,0.003,29.0,24.0
2024-08-06,강서구,30.1,26.5,35.1,0.0,0.016,0.0404,0.29,0.0026,14.0,9.0
2024-08-07,강서구,29.6,26.1,34.8,4.0,0.0099,0.0313,0.23,0.0018,17.0,11.0
2024-08-08,강서구,29.0,26.3,32.6,0.0,0.013,0.0264,0.24,0.002,21.0,14.0
2024-08-09,강서구,29.5,25.1,35.6,0.0,0.0123,0.039,0.27,0.0026,24.0,18.0
2024-08-10,강서구,30.0,25.8,35.1,0.0,0.0134,0.0536,0.39,0.0028,30.0,24.0
2024-08-11,강서구,30.6,27.3,35.0,0.0,0.0096,0.0482,0.29,0.0028,24.0,21.0
2024-08-12,강서구,31.2,27.2,36.3,0.0,0.0119,0.0467,0.25,0.0028,21.0,16.0
2024-08-13,강서구,31.7,27.5,37.3,0.0,0.0113,0.0414,0.26,0.0026,25.0,17.0
2024-08-14,강서구,29.9,24.9,36.7,9.0,0.0154,0.0561,0.33,0.0027,28.0,19.0
2024-08-15,강서구,29.7,26.6,36.6,0.0,0.0135,0.0547,0.35,0.0027,25.0,18.0
2024-08-16,강서구,30.4,27.1,36.0,0.0,0.0141,0.0515,0.32,0.0028,22.0,15.0
2024-08-17,강서구,29.7,26.5,36.0,0.5,0.0141,0.0598,0.35,0.0028,26.0,19.0
2024-08-18,강서구,29.4,26.7,33.9,1.5,0.0114,0.054,0.34,0.0027,24.0,18.0
2024-08-19,강서구,30.2,26.4,36.7,0.0,0.0145,0.0622,0.39,0.0028,29.0,22.0
2024-08-20,강서구,31.9,26.5,36.7,0.0,0.0131,0.0486,0.36,0.0029,26.0,21.0
2024-08-21,강서구,28.6,26.3,32.0,66.0,0.0091,0.0213,0.21,0.0027,12.0,5.0
2024-08-22,강서구,29.1,27.4,31.7,1.0,0.0083,0.0276,0.21,0.0027,16.0,5.0
2024-08-23,강서구,29.1,26.7,33.7,0.0,0.0117,0.0671,0.35,0.0028,29.0,21.0
2024-08-24,강서구,28.0,25.3,32.8,1.0,0.0128,0.0622,0.46,0.0029,39.0,33.0
2024-08-25,강서구,28.7,24.5,33.8,0.0,0.0131,0.0559,0.48,0.003,37.0,31.0
2024-08-26,강서구,28.5,25.6,32.1,0.0,0.0161,0.0346,0.46,0.0031,37.0,28.0
2024-08-27,강서구,26.6,23.7,31.2,0.0,0.0153,0.0328,0.36,0.003,24.0,13.0
2024-08-28,강서구,28.5,22.8,35.0,0.0,0.0119,0.0448,0.33,0.0028,13.0,8.0
2024-08-29,강서구,28.5,23.1,34.3,0.0,0.0093,0.0494,0.28,0.0027,9.0,4.0
2024-08-30,강서구,28.0,23.4,34.2,0.0,0.0114,0.0391,0.27,0.0027,15.0,6.0
2024-08-31,강서구,27.5,22.8,33.5,0.0,0.01,0.0584,0.36,0.0027,36.0,20.0
2024-09-01,강서구,27.0,23.1,32.5,0.0,0.0101,0.0577,0.38,0.0027,30.0,20.0
2024-09-02,강서구,24.8,21.3,27.8,2.0,0.0168,0.0352,0.39,0.003,19.0,12.0
2024-09-03,강서구,27.4,23.6,32.7,0.0,0.0135,0.0488,0.32,0.0028,12.0,5.0
2024-09-04,강서구,28.4,24.3,33.7,0.0,0.0142,0.0574,0.33,0.0028,18.0,9.0
2024-09-05,강서구,26.6,25.5,28.9,5.0,0.015,0.0417,0.3,0.003,22.0,13.0
2024-09-06,강서구,24.6,23.3,25.9,0.0,0.015,0.0278,0.39,0.003,15.0,9.0
2024-09-07,강서구,26.7,23.3,32.3,0.0,0.0137,0.0524,0.4,0.0029,22.0,14.0
2024-09-08,강서구,26.6,22.3,33.5,0.0,0.0137,0.0619,0.43,0.0029,32.0,25.0
2024-09-09,강서구,28.2,23.2,34.9,0.0,0.0158,0.0525,0.43,0.0029,28.0,21.0
2024-09-10,강서구,29.3,25.0,35.0,0.0,0.0181,0.0494,0.41,0.0029,29.0,22.0
2024-09-11,강서구,28.6,24.3,37.1,1.0,0.0205,0.053,0.4,0.0031,31.0,24.0
2024-09-12,강서구,25.7,24.9,27.5,99.5,0.0191,0.0133,0.42,0.0033,10.0,7.0
2024-09-13,강서구,26.6,24.7,29.3,8.0,0.0152,0.011,0.29,0.0033,14.0,8.0
2024-09-14,강서구,28.2,25.3,33.3,0.0,0.0104,0.0274,0.26,0.003,9.0,6.0
2024-09-15,강서구,28.2,24.8,34.4,0.0,0.0081,0.0271,0.33,0.0029,13.0,8.0
2024-09-16,강서구,27.1,21.5,33.5,3.0,0.0092,0.0402,0.34,0.0029,8.0,4.0
2024-09-17,강서구,28.6,25.6,34.6,0.0,0.009,0.0238,0.29,0.0029,12.0,7.0
2024-09-18,강서구,29.5,26.0,34.3,0.0,0.0094,0.0224,0.27,0.0029,17.0,12.0
2024-09-19,강서구,29.9,26.8,34.3,0.0,0.0163,0.0423,0.34,0.0032,21.0,16.0
2024-09-20,강서구,25.4,18.4,29.6,43.5,0.014,0.0121,0.31,0.0034,11.0,7.0
2024-09-21,강서구,20.2,17.7,23.4,14.5,0.0064,0.0311,0.28,0.0029,5.0,1.0
2024-09-22,강서구,21.6,18.0,27.1,0.0,0.0058,0.0271,0.25,0.0028,4.0,2.0
2024-09-23,강서구,21.4,16.4,27.1,0.0,0.01,0.0332,0.28,0.0028,7.0,2.0
2024-09-24,강서구,21.4,17.0,27.7,0.0,0.0162,0.0377,0.32,0.003,13.0,4.0
2024-09-25,강서구,23.6,17.8,29.0,0.0,0.0203,0.0324,0.36,0.0032,17.0,8.0
2024-09-26,강서구,23.6,20.5,29.4,2.0,0.0162,0.038,0.32,0.003,17.0,9.0
2024-09-27,강서구,23.0,18.9,29.1,0.0,0.0154,0.0298,0.34,0.003,22.0,12.0
2024-09-28,강서구,23.4,18.4,29.5,0.0,0.0098,0.0398,0.32,0.0028,12.0,5.0
2024-09-29,강서구,24.1,19.4,30.2,0.0,0.0082,0.0408,0.3,0.0028,8.0,3.0
2024-09-30,강서구,23.5,19.5,29.0,0.0,0.0162,0.0424,0.33,0.0029,14.0,6.0
2024-10-01,강서구,18.6,13.9,22.4,5.0,0.0115,0.0336,0.27,0.0028,14.0,6.0
2024-10-02,강서구,15.1,11.0,20.8,0.0,0.015,0.0269,0.3,0.0027,17.0,6.0
2024-10-03,강서구,16.4,9.9,22.9,0.0,0.0153,0.0262,0.31,0.0027,19.0,8.0
2024-10-04,강서구,17.2,11.7,23.8,0.0,0.0153,0.0278,0.31,0.0026,16.0,6.0
2024-10-05,강서구,16.7,11.6,24.3,0.0,0.0207,0.0289,0.39,0.0026,26.0,12.0
2024-10-06,강서구,14.9,11.5,17.9,0.0,0.0232,0.0132,0.47,0.0027,27.0,14.0
2024-10-07,강서구,17.0,13.6,21.6,0.0,0.0225,0.0246,0.46,0.0029,42.0,23.0
2024-10-08,강서구,17.7,12.5,23.9,0.0,0.0234,0.0242,0.55,0.0033,51.0,29.0
2024-10-09,강서구,18.7,13.0,24.8,0.0,0.0156,0.032,0.39,0.0029,14.0,7.0
2024-10-10,강서구,19.3,15.8,24.4,0.0,0.0166,0.0372,0.34,0.0029,20.0,11.0
2024-10-11,강서구,18.3,13.4,25.4,0.0,0.0248,0.0374,0.44,0.0031,36.0,21.0
2024-10-12,강서구,17.7,12.5,24.9,0.0,0.0254,0.0363,0.46,0.0032,39.0,22.0
2024-10-13,강서구,18.4,12.1,23.5,0.0,0.0179,0.0322,0.49,0.003,28.0,18.0
2024-10-14,강서구,20.3,18.5,22.6,0.0,0.0221,0.0248,0.36,0.003,18.0,9.0
2024-10-15,강서구,19.4,16.9,22.5,0.5,0.0232,0.0171,0.4,0.0029,19.0,13.0
2024-10-16,강서구,17.2,13.9,23.4,0.0,0.0285,0.0238,0.49,0.003,41.0,26.0
2024-10-17,강서구,18.6,13.3,26.7,0.0,0.0308,0.0239,0.56,0.0032,41.0,25.0
2024-10-18,강서구,17.8,15.5,19.8,47.0,0.0212,0.0169,0.43,0.003,23.0,12.0
2024-10-19,강서구,17.2,13.3,21.2,0.5,0.0075,0.0321,0.29,0.0027,7.0,4.0
2024-10-20,강서구,14.2,11.3,18.7,0.0,0.0067,0.0355,0.27,0.0026,11.0,3.0
2024-10-21,강서구,15.2,9.6,19.5,0.0,0.0214,0.0197,0.38,0.0027,17.0,5.0
2024-10-22,강서구,15.8,14.8,17.1,10.0,0.0245,0.0091,0.48,0.0029,13.0,6.0
2024-10-23,강서구,13.4,9.9,16.9,0.5,0.0092,0.0341,0.3,0.0026,13.0,6.0
2024-10-24,강서구,12.2,6.7,19.2,0.0,0.0204,0.0256,0.41,0.0026,25.0,13.0
2024-10-25,강서구,14.4,8.4,22.7,0.0,0.0317,0.0127,0.59,0.0028,28.0,15.0
2024-10-26,강서구,16.4,10.0,23.9,0.0,0.0279,0.0172,0.6,0.0031,25.0,12.0
2024-10-27,강서구,16.5,13.6,19.7,0.0,0.0181,0.0275,0.43,0.0029,28.0,16.0
2024-10-28,강서구,15.9,11.6,21.0,0.0,0.0223,0.0129,0.63,0.003,61.0,41.0
2024-10-29,강서구,15.1,11.9,19.4,0.0,0.0304,0.0087,0.43,0.0034,22.0,11.0
2024-10-30,강서구,15.2,10.6,21.6,0.0,0.0204,0.0254,0.41,0.0037,28.0,16.0
2024-10-31,강서구,15.3,10.0,22.6,0.0,0.0305,0.0225,0.51,0.0038,36.0,22.0
2024-11-01,강서구,15.3,12.1,19.6,0.0,0.0386,0.0103,0.63,0.0039,45.0,27.0
2024-11-02,강서구,17.3,11.6,25.2,0.0,0.0205,0.0246,0.43,0.0036,36.0,23.0
2024-11-03,강서구,17.6,10.8,23.9,0.0,0.0136,0.037,0.36,0.0031,25.0,15.0
2024-11-04,강서구,15.1,9.8,19.4,1.0,0.0107,0.0409,0.28,0.0028,25.0,13.0
2024-11-05,강서구,10.1,7.1,15.3,0.0,0.0129,0.028,0.29,0.0032,26.0,10.0
2024-11-06,강서구,7.4,3.1,12.8,0.0,0.0165,0.027,0.35,0.0035,27.0,12.0
2024-11-07,강서구,7.1,1.4,14.9,0.0,0.03,0.0188,0.46,0.0033,42.0,20.0
2024-11-08,강서구,8.9,2.2,17.7,0.0,0.0385,0.0152,0.53,0.0036,40.0,22.0
2024-11-09,강서구,11.3,5.2,20.1,0.0,0.0373,0.016,0.6,0.0037,37.0,22.0
2024-11-10,강서구,13.4,9.0,20.5,0.0,0.0306,0.0205,0.54,0.0037,27.0,16.0
2024-11-11,강서구,13.5,8.2,21.2,0.0,0.0368,0.0219,0.59,0.0042,55.0,32.0
2024-11-12,강서구,14.0,9.2,19.5,0.0,0.024,0.0278,0.43,0.0039,36.0,22.0
2024-11-13,강서구,13.1,6.8,20.6,0.0,0.0362,0.0173,0.6,0.004,44.0,23.0
2024-11-14,강서구,15.2,12.1,17.6,0.0,0.0406,0.0101,0.64,0.0036,38.0,19.0
2024-11-15,강서구,17.4,13.5,21.4,0.0,0.0263,0.0207,0.47,0.0033,33.0,20.0
2024-11-16,강서구,17.4,14.2,22.7,4.5,0.0176,0.0314,0.37,0.003,20.0,12.0
2024-11-17,강서구,7.8,4.2,14.3,0.0,0.0071,0.0318,0.28,0.0027,18.0,7.0
2024-11-18,강서구,3.8,1.3,7.8,0.0,0.0116,0.0272,0.26,0.0026,17.0,6.0
2024-11-19,강서구,5.2,-0.8,10.8,0.0,0.0329,0.0101,0.42,0.003,29.0,12.0
2024-11-20,강서구,6.6,2.0,11.0,0.0,0.0418,0.0057,0.59,0.0036,42.0,24.0
2024-11-21,강서구,10.6,6.7,15.1,0.0,0.0294,0.0192,0.61,0.0035,54.0,34.0
2024-11-22,강서구,7.1,2.7,11.3,0.0,0.0183,0.0238,0.37,0.0034,36.0,17.0
2024-11-23,강서구,5.9,0.1,12.9,0.0,0.0249,0.016,0.4,0.0029,29.0,13.0
2024-11-24,강서구,6.4,1.0,13.1,0.0,0.0264,0.0148,0.46,0.0029,26.0,14.0
2024-11-25,강서구,10.6,2.4,15.7,0.0,0.0298,0.0157,0.45,0.0028,25.0,12.0
2024-11-26,강서구,6.2,0.6,13.5,21.0,0.0122,0.0266,0.28,0.0024,12.0,3.0
2024-11-27,강서구,0.0,-1.0,2.2,13.5,0.0166,0.0248,0.29,0.0025,11.0,4.0
2024-11-28,강서구,1.6,-0.9,5.1,2.0,0.0173,0.0235,0.36,0.0025,19.0,11.0
2024-11-29,강서구,1.2,-3.0,4.3,0.0,0.0293,0.0133,0.43,0.0035,34.0,17.0
2024-11-30,강서구,3.6,-1.2,6.7,0.0,0.0368,0.0085,0.67,0.0034,28.0,15.0
2024-12-01,강서구,5.8,0.6,9.7,0.0,0.0338,0.0059,0.7,0.003,36.0,22.0
2024-12-02,강서구,7.9,1.4,14.5,0.0,0.0301,0.0164,0.6,0.0032,42.0,22.0
2024-12-03,강서구,1.8,-1.4,5.4,0.0,0.0165,0.0256,0.28,0.003,18.0,5.0
2024-12-04,강서구,2.4,-1.8,7.1,0.0,0.0285,0.017,0.38,0.0039,26.0,10.0
2024-12-05,강서구,3.4,-1.6,9.3,1.0,0.0276,0.0184,0.41,0.0033,26.0,10.0
2024-12-06,강서구,2.5,-0.5,6.4,0.0,0.0154,0.0269,0.32,0.0029,27.0,8.0
2024-12-07,강서구,0.4,-3.3,4.8,0.0,0.0165,0.0245,0.35,0.0035,27.0,10.0
2024-12-08,강서구,0.0,-3.3,4.8,0.0,0.0172,0.0232,0.36,0.0031,27.0,11.0
2024-12-09,강서구,0.3,-4.5,6.5,0.0,0.033,0.013,0.51,0.0037,39.0,16.0
2024-12-10,강서구,1.8,-3.5,7.7,0.0,0.0385,0.0093,0.67,0.0044,51.0,29.0
2024-12-11,강서구,2.9,-0.2,7.4,0.0,0.0269,0.0181,0.67,0.0049,67.0,36.0
2024-12-12,강서구,0.8,-4.1,5.0,0.0,0.0221,0.0189,0.42,0.0043,39.0,17.0
2024-12-13,강서구,1.1,-1.4,4.7,0.0,0.0216,0.0222,0.4,0.0037,31.0,14.0
2024-12-14,강서구,-0.3,-2.9,3.1,0.0,0.0202,0.0225,0.39,0.0037,32.0,14.0
2024-12-15,강서구,1.2,-2.8,6.1,0.0,0.0225,0.0227,0.37,0.0034,24.0,9.0
2024-12-16,강서구,-0.4,-4.9,4.0,0.0,0.0358,0.0092,0.5,0.0039,31.0,15.0
2024-12-17,강서구,-0.8,-4.9,4.3,0.0,0.024,0.0186,0.42,0.0038,28.0,15.0
2024-12-18,강서구,-3.3,-6.5,0.1,0.0,0.0165,0.0197,0.39,0.0037,36.0,18.0
2024-12-19,강서구,-2.3,-7.7,3.5,0.0,0.0337,0.0094,0.56,0.0052,59.0,31.0
2024-12-20,강서구,1.7,-3.0,5.5,0.0,0.0514,0.0037,0.84,0.005,61.0,39.0
2024-12-21,강서구,-0.4,-4.0,2.5,0.5,0.0209,0.0207,0.55,0.0032,52.0,39.0
2024-12-22,강서구,-2.6,-5.8,1.8,0.0,0.0136,0.0287,0.31,0.0032,23.0,11.0
2024-12-23,강서구,0.1,-5.9,7.2,0.0,0.0346,0.0152,0.56,0.0037,31.0,18.0
2024-12-24,강서구,-1.0,-5.6,3.8,0.0,0.0291,0.0184,0.46,0.0038,36.0,21.0
2024-12-25,강서구,2.5,-1.7,6.9,0.0,0.0391,0.0132,0.6,0.0039,36.0,23.0
2024-12-26,강서구,0.2,-4.2,4.5,0.0,0.0182,0.0251,0.44,0.0033,70.0,36.0
2024-12-27,강서구,-2.1,-5.4,2.1,0.0,0.0165,0.0272,0.33,0.0033,34.0,15.0
2024-12-28,강서구,-2.5,-5.5,1.7,0.0,0.0152,0.0255,0.34,0.0033,34.0,16.0
2024-12-29,강서구,0.5,-5.6,5.0,0.0,0.0276,0.0193,0.49,0.0032,27.0,15.0
2024-12-30,강서구,6.1,1.8,10.6,0.0,0.0312,0.0208,0.51,0.0034,58.0,33.0
2024-12-31,강서구,0.6,-3.0,5.1,0.0,0.0178,0.0265,0.37,0.0034,52.0,20.0
2024-01-01,양천구,4.1,0.9,7.1,0.0,0.0373,0.0117,0.88,0.0031,29.0,24.0
2024-01-02,양천구,3.6,2.9,4.9,0.0,0.0278,0.0205,0.56,0.0029,44.0,34.0
2024-01-03,양천구,2.5,0.2,5.0,0.5,0.0336,0.0161,0.55,0.0029,45.0,33.0
2024-01-04,양천구,,,,0.0,0.0373,0.0155,0.69,0.0033,53.0,37.0
2024-01-05,양천구,,,,0.0,0.0332,0.0243,0.76,0.0033,84.0,60.0
2024-01-06,양천구,1.4,-0.9,5.4,1.0,0.0242,0.022,0.46,0.0031,25.0,13.0
2024-01-07,양천구,-3.4,-7.1,-0.6,0.0,0.0147,0.0246,0.46,0.0029,26.0,16.0
2024-01-08,양천구,-3.4,-8.0,0.2,0.0,0.029,0.0127,0.54,0.003,25.0,14.0
2024-01-09,양천구,0.3,-0.8,1.4,1.0,0.0442,0.0038,0.62,0.0031,28.0,18.0
2024-01-10,양천구,-0.5,-2.8,2.9,0.0,0.0444,0.0058,0.9,0.0032,82.0,68.0
2024-01-11,양천구,2.3,-1.7,5.4,0.0,0.0443,0.0082,0.75,0.0034,68.0,55.0
2024-01-12,양천구,2.0,0.2,4.5,0.0,0.0319,0.0195,0.63,0.0034,61.0,40.0
2024-01-13,양천구,1.6,-1.8,5.6,0.0,0.0355,0.0146,0.56,0.0035,26.0,13.0
2024-01-14,양천구,1.0,-2.5,4.6,2.0,0.0404,0.0108,0.78,0.0032,35.0,23.0
2024-01-15,양천구,-2.7,-5.4,0.8,0.0,0.0206,0.0239,0.42,0.0031,23.0,9.0
2024-01-16,양천구,-1.1,-5.2,3.6,0.0,0.0407,0.0119,0.62,0.0034,33.0,17.0
2024-01-17,양천구,1.2,-0.9,2.3,12.0,0.0564,0.0016,0.97,0.0034,42.0,29.0
2024-01-18,양천구,4.9,1.4,9.5,0.5,0.0323,0.0125,0.58,0.0031,29.0,22.0
2024-01-19,양천구,6.0,4.8,9.1,0.0,0.0202,0.0293,0.46,0.0025,15.0,9.0
2024-01-20,양천구,3.9,2.4,5.3,0.5,0.0156,0.0307,0.36,0.0022,6.0,2.0
2024-01-21,양천구,1.7,-2.4,3.8,0.0,0.0176,0.0247,0.42,0.0023,12.0,7.0
2024-01-22,양천구,-7.9,-10.7,-2.1,0.0,0.0135,0.0272,0.43,0.0021,35.0,22.0
2024-01-23,양천구,-10.5,-12.8,-7.3,0.0,0.0127,0.0276,0.39,0.0024,23.0,14.0
2024-01-24,양천구,-6.9,-9.9,-3.3,0.0,0.0157,0.0265,0.44,0.0025,24.0,13.0
2024-01-25,양천구,-4.1,-7.9,-0.2,0.0,0.0214,0.0235,0.46,0.003,23.0,13.0
2024-01-26,양천구,-0.7,-4.8,3.9,0.0,0.0432,0.0124,0.66,0.0032,34.0,22.0
2024-01-27,양천구,0.3,-3.0,4.9,0.0,0.0403,0.0201,0.78,0.0038,53.0,39.0
2024-01-28,양천구,-0.7,-3.4,3.2,0.0,0.0252,0.0278,0.53,0.003,31.0,21.0
2024-01-29,양천구,0.7,-3.0,4.5,0.0,0.0448,0.0158,0.72,0.0034,48.0,35.0
2024-01-30,양천구,2.5,-2.0,7.7,0.0,0.0558,0.0121,0.91,0.0038,63.0,45.0
2024-01-31,양천구,5.4,1.5,10.0,0.0,0.0531,0.0175,0.95,0.0041,64.0,46.0
2024-02-01,양천구,2.5,-0.7,6.8,0.0,0.033,0.0257,0.89,0.0037,92.0,72.0
2024-02-02,양천구,3.2,1.5,6.4,0.0,0.0451,0.0128,0.74,0.0039,64.0,47.0
2024-02-03,양천구,5.1,0.3,8.5,0.0,0.0429,0.0102,0.65,0.0033,43.0,30.0
2024-02-04,양천구,7.4,3.5,11.2,0.0,0.0306,0.0186,0.56,0.0031,28.0,20.0
2024-02-05,양천구,2.9,0.5,7.2,3.0,0.0181,0.0322,0.36,0.0025,7.0,3.0
2024-02-06,양천구,1.8,0.5,3.1,0.0,0.0301,0.0198,0.47,0.0025,16.0,11.0
2024-02-07,양천구,1.2,-0.3,3.2,0.0,0.0294,0.0226,0.64,0.0029,36.0,30.0
2024-02-08,양천구,1.7,-1.3,5.9,0.0,0.037,0.0224,0.7,0.0032,43.0,37.0
2024-02-09,양천구,1.9,-0.7,6.2,0.0,,,,,,
2024-02-10,양천구,2.7,-0.3,7.4,0.0,,,,,,
2024-02-11,양천구,2.2,-1.8,6.3,0.0,0.0258,0.0341,0.65,0.003,60.0,49.0
2024-02-12,양천구,4.8,-0.8,10.1,0.0,0.0342,0.0274,0.73,0.0034,63.0,48.0
2024-02-13,양천구,9.7,4.4,14.3,0.0,0.0285,0.0381,0.59,0.0032,73.0,45.0
2024-02-14,양천구,13.1,10.3,17.4,0.0,0.0416,0.0194,0.64,0.0031,45.0,25.0
2024-02-15,양천구,4.9,1.3,10.7,10.5,0.0186,0.0288,0.42,0.0025,22.0,14.0
2024-02-16,양천구,3.6,0.0,7.8,0.0,0.0307,0.0211,0.54,0.0029,28.0,17.0
2024-02-17,양천구,5.5,0.6,10.8,0.0,0.04,0.0205,0.66,0.0037,45.0,32.0
2024-02-18,양천구,7.5,3.6,10.2,13.5,0.0409,0.011,0.66,0.0028,41.0,28.0
2024-02-19,양천구,9.2,4.2,11.9,7.5,0.0311,0.011,0.6,0.0026,14.0,6.0
2024-02-20,양천구,4.7,2.9,7.6,2.0,0.0244,0.015,0.52,0.0026,34.0,17.0
2024-02-21,양천구,2.5,0.5,4.8,16.0,0.0194,0.0259,0.38,0.0022,4.0,1.0
2024-02-22,양천구,0.8,-0.7,2.0,8.0,0.0188,0.0282,0.39,0.002,6.0,2.0
2024-02-23,양천구,2.7,0.0,6.4,0.0,0.0179,0.031,0.38,0.0021,10.0,4.0
2024-02-24,양천구,2.7,-0.1,6.3,1.0,0.0149,0.0329,0.36,0.002,14.0,6.0
2024-02-25,양천구,3.5,1.1,7.1,2.0,0.0163,0.0293,0.43,0.0022,16.0,10.0
2024-02-26,양천구,5.0,0.3,9.8,0.0,0.0283,0.0224,0.56,0.0025,35.0,22.0
2024-02-27,양천구,6.0,2.3,9.8,0.0,0.0181,0.0333,0.37,0.0021,18.0,8.0
2024-02-28,양천구,7.2,4.7,10.4,0.0,0.0269,0.0269,0.43,0.0026,32.0,15.0
2024-02-29,양천구,5.3,1.1,9.5,0.0,0.0306,0.0223,0.59,0.0028,59.0,36.0
2024-03-01,양천구,-3.1,-5.8,1.1,0.0,0.0103,0.0387,0.35,0.0022,38.0,11.0
2024-03-02,양천구,0.5,-6.1,4.8,0.0,0.0173,0.0356,0.4,0.0025,34.0,12.0
2024-03-03,양천구,4.8,1.0,8.3,0.0,0.025,0.0376,0.65,0.0026,118.0,66.0
2024-03-04,양천구,6.2,0.4,11.7,0.0,0.0402,0.0224,0.62,0.003,72.0,37.0
2024-03-05,양천구,8.8,6.5,11.4,0.0,0.0377,0.0243,0.58,0.0027,49.0,24.0
2024-03-06,양천구,6.8,3.5,11.2,0.0,0.0258,0.0287,0.44,0.0022,17.0,7.0
2024-03-07,양천구,5.0,2.3,8.5,0.0,0.0211,0.0333,0.43,0.0025,32.0,18.0
2024-03-08,양천구,3.5,1.0,7.4,0.0,0.018,0.0391,0.47,0.0028,47.0,24.0
2024-03-09,양천구,2.8,-0.5,7.4,0.0,0.0197,0.0324,0.43,0.0027,34.0,18.0
2024-03-10,양천구,5.4,0.2,10.6,0.0,0.0234,0.0344,0.44,0.0027,28.0,16.0
2024-03-11,양천구,7.5,4.1,10.9,0.0,0.0353,0.0279,0.49,0.0028,33.0,17.0
2024-03-12,양천구,7.1,5.4,11.6,0.5,0.037,0.0222,0.53,0.0026,37.0,23.0
2024-03-13,양천구,7.0,2.7,12.8,0.0,0.0269,0.0388,0.5,0.003,43.0,25.0
2024-03-14,양천구,8.7,4.5,15.1,0.0,0.0276,0.0448,0.5,0.0031,60.0,36.0
2024-03-15,양천구,9.2,5.3,14.4,0.0,0.0242,0.0417,0.43,0.0028,46.0,29.0
2024-03-16,양천구,11.4,6.2,18.6,0.0,0.0307,0.0375,0.5,0.0031,47.0,27.0
2024-03-17,양천구,9.0,5.9,12.0,0.0,0.013,0.0443,0.37,0.0024,97.0,18.0
2024-03-18,양천구,7.9,3.2,13.3,0.0,0.025,0.0292,0.41,0.0029,23.0,8.0
2024-03-19,양천구,7.0,4.9,10.6,0.0,0.0192,0.0396,0.44,0.0026,50.0,25.0
2024-03-20,양천구,5.1,2.7,8.9,0.0,0.017,0.0382,0.4,0.0024,39.0,23.0
2024-03-21,양천구,5.9,1.4,11.2,0.0,0.0252,0.0363,0.44,0.0029,34.0,20.0
2024-03-22,양천구,11.1,5.5,15.7,3.0,0.0264,0.0395,0.45,0.003,42.0,16.0
2024-03-23,양천구,12.9,9.0,17.4,0.0,0.019,0.0483,0.44,0.0023,58.0,21.0
2024-03-24,양천구,16.4,10.0,22.6,0.0,0.0312,0.0318,0.64,0.0027,39.0,18.0
2024-03-25,양천구,11.3,7.5,15.8,5.0,0.0179,0.0365,0.38,0.0022,20.0,6.0
2024-03-26,양천구,7.5,2.2,12.4,14.0,0.0174,0.0372,0.32,0.0021,7.0,4.0
2024-03-27,양천구,10.9,6.3,16.4,0.0,0.0285,0.029,0.41,0.0029,25.0,15.0
2024-03-28,양천구,10.9,8.3,12.5,2.0,0.0288,0.0268,0.42,0.0029,21.0,11.0
2024-03-29,양천구,8.3,5.9,12.6,2.0,0.0225,0.0337,0.41,0.0023,226.0,34.0
2024-03-30,양천구,9.7,5.1,16.5,0.0,0.0274,0.0341,0.44,0.0027,97.0,20.0
2024-03-31,양천구,11.4,4.9,17.0,0.0,0.0194,0.0375,0.38,0.0026,42.0,11.0
2024-04-01,양천구,12.7,7.0,18.6,0.0,0.0282,0.0336,0.4,0.0029,43.0,13.0
2024-04-02,양천구,15.9,9.3,24.0,0.0,0.0384,0.0367,0.49,0.0034,47.0,18.0
2024-04-03,양천구,17.0,13.8,19.3,0.0,0.0425,0.0257,0.52,0.0031,42.0,20.0
2024-04-04,양천구,16.0,13.6,20.0,0.0,0.023,0.0407,0.4,0.0026,37.0,18.0
2024-04-05,양천구,14.0,11.0,18.2,0.0,0.0185,0.0495,0.34,0.0026,40.0,20.0
2024-04-06,양천구,13.1,8.8,19.1,0.0,0.0312,0.0437,0.49,0.0035,68.0,43.0
2024-04-07,양천구,15.2,8.8,23.2,0.0,0.0319,0.0515,0.5,0.0034,56.0,35.0
2024-04-08,양천구,16.1,10.9,22.6,0.0,0.046,0.0326,0.55,0.0037,54.0,28.0
2024-04-09,양천구,15.5,11.8,20.4,0.0,0.0176,0.0467,0.35,0.0026,41.0,20.0
2024-04-10,양천구,14.1,11.3,18.0,0.0,0.0128,0.0524,0.31,0.0027,44.0,17.0
2024-04-11,양천구,16.0,12.9,20.7,0.0,0.0243,0.0459,0.39,0.003,47.0,19.0
2024-04-12,양천구,17.5,12.6,23.9,0.0,0.0323,0.0379,0.43,0.0035,45.0,21.0
2024-04-13,양천구,19.5,12.5,27.3,0.0,0.0197,0.0434,0.32,0.0029,36.0,16.0
2024-04-14,양천구,20.7,13.6,28.4,0.0,0.0251,0.0482,0.43,0.0037,42.0,20.0
2024-04-15,양천구,16.1,11.7,20.4,15.5,0.02,0.0394,0.34,0.003,24.0,12.0
2024-04-16,양천구,13.5,11.0,18.2,2.0,0.0202,0.0423,0.42,0.0025,74.0,24.0
2024-04-17,양천구,15.0,9.1,22.1,0.0,0.026,0.0311,0.46,0.0029,131.0,35.0
2024-04-18,양천구,17.5,11.4,24.9,0.0,0.0342,0.0327,0.47,0.0035,102.0,23.0
2024-04-19,양천구,17.8,12.7,23.9,0.0,0.0259,0.0707,0.42,0.0042,92.0,26.0
2024-04-20,양천구,15.5,13.4,18.1,3.0,0.0264,0.0436,0.48,0.0029,65.0,26.0
2024-04-21,양천구,17.6,14.1,20.9,0.0,0.0093,0.0511,0.3,0.0021,15.0,5.0
2024-04-22,양천구,19.2,15.6,23.8,0.0,0.0151,0.0566,0.3,0.0022,31.0,15.0
2024-04-23,양천구,17.6,14.3,23.7,0.0,0.0144,0.0556,0.28,0.0022,23.0,10.0
2024-04-24,양천구,13.3,11.0,17.5,12.5,0.0143,0.0373,0.28,0.0021,12.0,4.0
2024-04-25,양천구,14.2,9.9,21.1,0.0,0.0194,0.0608,0.39,0.0024,31.0,19.0
2024-04-26,양천구,18.4,12.5,26.3,0.0,0.0316,0.0473,0.49,0.003,55.0,22.0
2024-04-27,양천구,18.5,12.2,26.5,0.0,0.0249,0.0546,0.47,0.0035,55.0,31.0
2024-04-28,양천구,20.7,13.0,29.0,0.0,0.0247,0.0616,0.45,0.0034,37.0,19.0
2024-04-29,양천구,21.0,18.0,25.7,0.0,0.0182,0.0583,0.35,0.0025,40.0,18.0
2024-04-30,양천구,17.9,15.2,21.7,0.0,0.0227,0.0498,0.45,0.0034,59.0,32.0
2024-05-01,양천구,18.3,14.9,23.5,0.0,0.0134,0.054,0.32,0.0024,28.0,14.0
2024-05-02,양천구,18.8,14.5,24.5,0.0,0.0206,0.0493,0.34,0.0033,34.0,18.0
2024-05-03,양천구,19.5,13.0,28.0,0.0,0.0257,0.0575,0.37,0.0047,45.0,22.0
2024-05-04,양천구,21.4,14.9,28.1,0.0,0.0279,0.0684,0.49,0.0074,52.0,31.0
2024-05-05,양천구,17.7,15.4,21.6,43.0,0.0137,0.0332,0.33,0.0028,24.0,14.0
2024-05-06,양천구,14.1,13.3,15.4,9.0,0.0087,0.0483,0.31,0.0022,11.0,5.0
2024-05-07,양천구,13.9,12.4,16.0,2.5,0.0137,0.034,0.34,0.0021,21.0,12.0
2024-05-08,양천구,15.6,11.1,21.7,0.0,0.0153,0.0369,0.28,0.0023,20.0,8.0
2024-05-09,양천구,16.4,11.7,21.9,0.0,0.0169,0.0488,0.31,0.0027,27.0,12.0
2024-05-10,양천구,18.2,13.6,23.9,0.0,0.0141,0.0561,0.3,0.0027,27.0,12.0
2024-05-11,양천구,17.2,13.9,22.4,33.0,0.0098,0.0457,0.25,0.0024,20.0,6.0
2024-05-12,양천구,17.0,12.0,22.3,0.0,0.0093,0.0453,0.28,0.0023,65.0,10.0
2024-05-13,양천구,19.2,12.8,25.1,0.0,0.0191,0.0475,0.34,0.0027,29.0,12.0
2024-05-14,양천구,19.3,13.7,24.8,0.0,0.021,0.0505,0.33,0.0027,27.0,12.0
2024-05-15,양천구,13.0,7.4,18.7,19.0,0.0138,0.0481,0.28,0.0026,25.0,6.0
2024-05-16,양천구,14.3,7.7,20.3,0.0,0.0136,0.0434,0.28,0.0026,15.0,4.0
2024-05-17,양천구,18.6,12.4,24.8,0.0,0.0177,0.0621,0.39,0.0031,44.0,17.0
2024-05-18,양천구,21.0,16.4,26.6,0.0,0.0155,0.0459,0.3,0.003,26.0,9.0
2024-05-19,양천구,21.8,16.6,28.4,0.0,0.0116,0.051,0.28,0.003,26.0,10.0
2024-05-20,양천구,19.7,17.0,23.2,0.0,0.0144,0.0376,0.26,0.0032,29.0,13.0
2024-05-21,양천구,21.5,16.5,28.6,0.0,0.0196,0.0527,0.36,0.0027,48.0,27.0
2024-05-22,양천구,20.5,16.5,26.1,0.0,0.0187,0.0462,0.36,0.0032,48.0,29.0
2024-05-23,양천구,20.4,16.3,26.8,0.0,0.0192,0.0387,0.29,0.0032,29.0,16.0
2024-05-24,양천구,20.0,16.0,24.2,0.0,0.0155,0.0373,0.29,0.0027,39.0,26.0
2024-05-25,양천구,21.2,18.8,24.3,0.0,0.0176,0.0368,0.33,0.003,38.0,20.0
2024-05-26,양천구,19.8,17.1,23.8,7.5,0.0105,0.044,0.3,0.0026,24.0,12.0
2024-05-27,양천구,19.3,14.9,23.9,0.0,0.01,0.0493,0.33,0.0024,26.0,8.0
2024-05-28,양천구,20.8,16.1,25.9,0.0,0.0121,0.0444,0.26,0.0024,16.0,6.0
2024-05-29,양천구,21.7,16.4,27.1,0.0,0.0206,0.0403,0.3,0.0031,23.0,10.0
2024-05-30,양천구,21.4,17.7,24.9,0.0,0.0347,0.0399,0.4,0.0035,27.0,13.0
2024-05-31,양천구,20.4,17.2,25.7,0.0,0.0166,0.053,0.29,0.0029,22.0,12.0
2024-06-01,양천구,20.9,18.0,25.6,0.0,0.0097,0.0522,0.28,0.0026,27.0,13.0
2024-06-02,양천구,21.4,17.2,26.6,0.0,0.0101,0.0583,0.27,0.003,20.0,9.0
2024-06-03,양천구,23.0,17.7,28.4,0.0,0.0125,0.0468,0.27,0.0023,15.0,6.0
2024-06-04,양천구,23.5,18.8,28.6,0.0,0.0133,0.0472,0.24,0.0024,16.0,6.0
2024-06-05,양천구,23.8,18.8,29.9,0.0,0.0249,0.0601,0.35,0.0035,40.0,25.0
2024-06-06,양천구,23.8,19.3,29.7,0.0,0.0229,0.071,0.39,0.0036,42.0,31.0
2024-06-07,양천구,23.2,18.0,28.3,0.0,0.02,0.0564,0.31,0.0032,25.0,17.0
2024-06-08,양천구,20.8,17.6,25.4,14.5,0.0122,0.023,0.29,0.0024,20.0,15.0
2024-06-09,양천구,23.2,18.2,29.0,0.0,0.0135,0.0536,0.33,0.003,23.0,18.0
2024-06-10,양천구,24.6,19.6,30.9,0.0,0.0156,0.0712,0.42,0.0034,39.0,27.0
2024-06-11,양천구,25.1,21.7,30.9,0.0,0.012,0.0878,0.42,0.003,48.0,35.0
2024-06-12,양천구,25.1,20.2,32.3,0.0,0.0157,0.0652,0.31,0.0032,26.0,15.0
2024-06-13,양천구,26.4,20.5,32.3,0.0,0.0209,0.0359,0.33,0.0034,26.0,15.0
2024-06-14,양천구,26.2,21.2,32.2,0.0,0.0208,0.0448,0.32,0.0045,34.0,21.0
2024-06-15,양천구,23.9,20.5,28.4,3.5,0.0116,0.0331,0.26,0.0032,23.0,18.0
2024-06-16,양천구,24.3,19.8,29.7,0.0,0.0104,0.0506,0.29,0.0029,19.0,12.0
2024-06-17,양천구,24.9,19.5,30.5,0.0,0.0155,0.0595,0.28,0.003,19.0,11.0
2024-06-18,양천구,25.4,20.4,31.4,0.0,0.0172,0.0538,0.28,0.003,21.0,13.0
2024-06-19,양천구,28.6,21.9,35.0,0.0,0.0198,0.0912,0.38,0.0042,39.0,26.0
2024-06-20,양천구,28.8,24.1,35.0,0.0,0.0227,0.0976,0.43,0.0051,43.0,29.0
2024-06-21,양천구,27.4,23.3,32.4,0.0,0.0215,0.0682,0.35,0.0051,34.0,20.0
2024-06-22,양천구,24.0,22.0,26.2,19.5,0.016,0.0387,0.4,0.003,24.0,19.0
2024-06-23,양천구,24.9,22.1,29.7,3.5,0.0083,0.0314,0.29,0.0025,14.0,8.0
2024-06-24,양천구,24.3,21.8,28.3,0.0,0.0105,0.0543,0.32,0.0024,43.0,17.0
2024-06-25,양천구,23.3,20.5,27.2,0.0,0.0107,0.0546,0.25,0.0026,18.0,7.0
2024-06-26,양천구,25.2,19.7,31.0,0.0,0.0134,0.0535,0.27,0.0025,20.0,10.0
2024-06-27,양천구,26.5,21.2,31.5,0.0,0.0235,0.063,0.36,0.0029,31.0,17.0
2024-06-28,양천구,26.8,22.1,31.8,0.0,0.0219,0.078,0.38,0.0032,36.0,24.0
2024-06-29,양천구,26.6,22.9,31.9,35.0,0.0148,0.0624,0.35,0.0026,28.0,19.0
2024-06-30,양천구,23.6,21.8,25.7,24.5,0.0064,0.0341,0.27,0.002,18.0,12.0
2024-07-01,양천구,26.3,21.8,31.1,0.0,0.012,0.0595,0.29,0.0022,22.0,14.0
2024-07-02,양천구,23.5,21.4,25.5,52.0,0.0156,0.027,0.33,0.0022,16.0,9.0
2024-07-03,양천구,24.9,23.9,27.2,0.5,0.0084,0.06,0.34,0.0023,20.0,13.0
2024-07-04,양천구,26.7,23.1,30.6,3.0,0.0096,0.0851,0.42,0.0024,36.0,29.0
2024-07-05,양천구,23.6,21.1,26.4,3.0,0.0111,0.0678,0.38,0.0024,15.0,11.0
2024-07-06,양천구,25.4,22.2,30.5,2.5,0.0141,0.0455,0.36,0.0026,23.0,16.0
2024-07-07,양천구,24.2,21.7,29.0,25.0,0.0095,0.0599,0.37,0.0023,17.0,12.0
2024-07-08,양천구,23.7,23.0,24.5,16.5,0.0144,0.0369,0.26,0.0022,9.0,6.0
2024-07-09,양천구,24.4,22.6,27.0,0.5,0.0145,0.037,0.28,0.0022,14.0,9.0
2024-07-10,양천구,26.9,22.9,32.1,2.5,0.0116,0.0471,0.26,0.0023,10.0,4.0
2024-07-11,양천구,24.8,22.4,28.7,0.0,0.0161,0.055,0.4,0.0026,34.0,28.0
2024-07-12,양천구,25.7,22.4,30.5,0.0,0.0207,0.0549,0.44,0.0027,36.0,27.0
2024-07-13,양천구,28.2,23.9,33.7,0.0,0.015,0.076,0.5,0.0026,46.0,38.0
2024-07-14,양천구,,25.5,32.2,0.0,0.009,0.0599,0.35,0.0023,29.0,24.0
2024-07-16,양천구,,,,12.5,0.0134,0.037,0.29,0.0022,14.0,9.0
2024-07-17,양천구,25.5,23.8,29.0,57.0,0.0108,0.015,0.2,0.0021,9.0,5.0
2024-07-18,양천구,24.3,23.0,25.8,127.0,0.0137,0.0226,0.24,0.0021,8.0,4.0
2024-07-19,양천구,26.9,23.9,31.5,0.5,0.01,0.047,0.27,0.0021,19.0,16.0
2024-07-20,양천구,27.2,24.8,31.0,16.5,0.0083,0.0427,0.23,0.0021,10.0,8.0
2024-07-21,양천구,27.0,22.6,30.5,7.0,0.0063,0.0492,0.2,0.0022,13.0,8.0
2024-07-22,양천구,26.7,24.0,28.3,73.0,0.0085,0.0148,0.19,0.002,9.0,6.0
2024-07-23,양천구,26.6,25.8,28.2,1.5,0.0088,0.0175,0.17,0.0021,10.0,5.0
2024-07-24,양천구,28.0,25.6,32.5,13.0,0.009,0.0147,0.18,0.0022,11.0,5.0
2024-07-25,양천구,28.9,24.7,34.0,25.0,0.0112,0.0234,0.22,0.0024,17.0,9.0
2024-07-26,양천구,29.2,25.4,33.8,6.0,0.0126,0.0206,0.22,0.0021,11.0,8.0
2024-07-27,양천구,29.1,27.4,32.3,23.0,0.01,0.0168,0.22,0.002,13.0,8.0
2024-07-28,양천구,29.4,27.6,33.0,0.0,0.0056,0.0139,0.17,0.0021,13.0,7.0
2024-07-29,양천구,27.5,26.7,28.3,0.0,0.0072,0.0147,0.16,0.002,17.0,8.0
2024-07-30,양천구,28.6,26.4,32.1,0.0,0.0081,0.0307,0.18,0.0018,14.0,11.0
2024-07-31,양천구,29.4,26.9,33.9,0.0,0.0075,0.0218,0.17,0.0019,12.0,7.0
2024-08-01,양천구,29.7,27.0,33.0,0.0,0.0076,0.0233,0.17,0.0018,12.0,8.0
2024-08-02,양천구,29.6,27.9,33.2,0.0,0.0082,0.0326,0.22,0.0018,22.0,14.0
2024-08-03,양천구,30.2,27.2,34.6,0.0,0.0085,0.0504,0.28,0.002,24.0,22.0
2024-08-04,양천구,31.5,26.9,36.3,0.0,0.0101,0.0541,0.32,0.0021,22.0,19.0
2024-08-05,양천구,30.6,27.1,36.0,0.0,0.0121,0.0464,0.31,0.0021,27.0,23.0
2024-08-06,양천구,29.7,26.4,33.6,1.5,0.0143,0.0363,0.27,0.0021,13.0,9.0
2024-08-07,양천구,29.8,26.6,34.6,6.0,0.0102,0.0268,0.21,0.0021,12.0,9.0
2024-08-08,양천구,28.7,26.8,32.5,0.0,0.0147,0.0301,0.24,0.0028,21.0,15.0
2024-08-09,양천구,29.7,25.7,34.8,0.0,0.0117,0.039,0.24,0.0025,21.0,17.0
2024-08-10,양천구,30.4,26.7,34.2,0.0,0.0127,0.0511,0.31,0.0025,28.0,23.0
2024-08-11,양천구,30.9,28.1,34.8,0.0,0.0083,0.0462,0.26,0.0024,23.0,19.0
2024-08-12,양천구,31.5,28.6,35.2,0.0,0.0061,0.0401,0.22,0.0024,19.0,16.0
2024-08-13,양천구,31.6,28.2,36.1,0.0,0.011,0.039,0.25,0.0021,21.0,17.0
2024-08-14,양천구,30.1,26.6,36.3,14.5,0.0144,0.0511,0.28,0.002,23.0,18.0
2024-08-15,양천구,30.1,27.5,35.6,0.0,0.0135,0.0521,0.3,0.0021,21.0,18.0
2024-08-16,양천구,30.5,27.8,35.4,0.0,0.0138,0.0481,0.27,0.0021,19.0,16.0
2024-08-17,양천구,30.4,28.0,35.1,0.0,0.0119,0.0593,0.3,0.0021,23.0,19.0
2024-08-18,양천구,29.8,27.9,33.7,1.0,0.0095,0.0544,0.3,0.0022,20.0,18.0
2024-08-19,양천구,30.4,27.3,36.0,0.0,0.0131,0.0604,0.33,0.0023,24.0,20.0
2024-08-20,양천구,31.8,27.7,35.6,0.0,0.0121,0.0497,0.28,0.0023,25.0,19.0
2024-08-21,양천구,28.3,26.4,31.4,52.5,0.0091,0.0193,0.2,0.0021,14.0,6.0
2024-08-22,양천구,28.8,27.0,31.0,2.0,0.0086,0.0254,0.2,0.0022,13.0,5.0
2024-08-23,양천구,28.5,25.9,32.2,0.0,0.011,0.065,0.32,0.0021,25.0,20.0
2024-08-24,양천구,27.7,24.4,31.7,29.0,0.012,0.0666,0.41,0.0023,34.0,32.0
2024-08-25,양천구,28.7,25.4,33.0,0.0,0.0119,0.0603,0.41,0.0024,34.0,30.0
2024-08-26,양천구,28.6,26.5,31.5,0.5,0.0164,0.0364,0.4,0.0021,34.0,28.0
2024-08-27,양천구,27.4,25.6,31.0,0.0,0.0168,0.0298,0.31,0.0022,22.0,13.0
2024-08-28,양천구,28.7,24.4,33.7,0.0,0.01,0.0442,0.26,0.002,13.0,8.0
2024-08-29,양천구,28.8,25.1,34.0,0.0,0.0099,0.0397,0.23,0.002,9.0,5.0
2024-08-30,양천구,28.4,24.6,33.1,0.0,0.0112,0.0327,0.24,0.0022,13.0,6.0
2024-08-31,양천구,28.0,23.5,33.7,0.0,0.009,0.0529,0.31,0.0025,33.0,19.0
2024-09-01,양천구,27.0,24.6,31.4,0.0,0.0092,0.0519,0.35,0.0025,27.0,21.0
2024-09-02,양천구,25.2,22.8,27.6,2.0,0.0159,0.0294,0.31,0.0021,18.0,12.0
2024-09-03,양천구,27.6,24.0,32.0,0.0,0.0113,0.0425,0.25,0.002,13.0,5.0
2024-09-04,양천구,28.0,24.3,32.7,0.0,0.0139,0.0502,0.28,0.0031,18.0,10.0
2024-09-05,양천구,26.4,25.0,28.5,9.0,0.0136,0.0393,0.28,0.0026,19.0,13.0
2024-09-06,양천구,24.3,22.7,26.0,0.0,0.0127,0.0264,0.3,0.0021,16.0,9.0
2024-09-07,양천구,26.7,23.3,31.6,0.0,0.0132,0.0478,0.33,0.0026,21.0,14.0
2024-09-08,양천구,27.2,23.8,31.3,0.0,0.0119,0.0621,0.39,0.0025,30.0,24.0
2024-09-09,양천구,29.1,24.9,34.1,0.0,0.0153,0.0505,0.36,0.0025,27.0,21.0
2024-09-10,양천구,29.9,26.5,33.9,0.0,0.0156,0.0521,0.34,0.0024,28.0,20.0
2024-09-11,양천구,29.0,25.9,35.2,1.5,0.0192,0.0524,0.34,0.0024,31.0,24.0
2024-09-12,양천구,25.6,25.0,26.7,59.5,0.0181,0.0123,0.32,0.0021,9.0,7.0
2024-09-13,양천구,26.2,24.6,28.5,8.5,0.0142,0.0102,0.25,0.0023,13.0,8.0
2024-09-14,양천구,28.0,25.4,32.3,0.5,0.0091,0.0244,0.22,0.0023,8.0,5.0
2024-09-15,양천구,27.8,24.7,32.2,0.0,0.0075,0.024,0.25,0.0021,13.0,8.0
2024-09-16,양천구,27.1,20.8,32.9,16.0,0.0082,0.036,0.24,0.002,7.0,4.0
2024-09-17,양천구,28.9,26.2,33.2,0.0,0.0096,0.0233,0.26,0.0021,12.0,7.0
2024-09-18,양천구,29.6,26.4,33.4,0.0,0.0094,0.0228,0.25,0.0022,17.0,13.0
2024-09-19,양천구,29.7,26.7,32.9,0.0,0.0136,0.0394,0.26,0.0024,19.0,14.0
2024-09-20,양천구,25.2,17.9,29.3,60.0,0.0122,0.0113,0.23,0.0018,11.0,8.0
2024-09-21,양천구,19.8,17.3,22.7,18.5,0.0064,0.0275,0.2,0.0017,4.0,1.0
2024-09-22,양천구,21.6,17.7,26.5,0.0,0.0055,0.0248,0.19,0.0017,4.0,1.0
2024-09-23,양천구,21.4,17.9,26.1,0.0,0.0091,0.0295,0.21,0.0017,8.0,3.0
2024-09-24,양천구,21.8,17.2,26.4,0.0,0.014,0.0348,0.25,0.0018,13.0,6.0
2024-09-25,양천구,23.9,19.9,28.0,0.0,0.0185,0.0292,0.28,0.0021,16.0,8.0
2024-09-26,양천구,24.0,21.3,28.7,0.0,0.0151,0.0372,0.27,0.002,15.0,10.0
2024-09-27,양천구,23.5,20.1,28.3,0.0,0.0138,0.0293,0.29,0.0019,18.0,11.0
2024-09-28,양천구,23.8,20.7,27.6,0.0,0.0086,0.0375,0.24,0.0017,12.0,6.0
2024-09-29,양천구,24.1,20.0,28.9,0.0,0.0075,0.0374,0.22,0.0017,8.0,4.0
2024-09-30,양천구,23.7,20.1,28.6,0.0,0.0157,0.0369,0.25,0.0022,14.0,7.0
2024-10-01,양천구,18.9,15.0,22.7,2.0,0.0095,0.032,0.23,0.002,13.0,6.0
2024-10-02,양천구,15.9,12.8,19.8,0.0,0.0107,0.0276,0.25,0.0018,16.0,7.0
2024-10-03,양천구,17.1,12.2,22.5,0.0,0.0137,0.0236,0.25,0.0018,17.0,8.0
2024-10-04,양천구,18.5,14.0,23.6,0.0,0.0154,0.0231,0.26,0.0019,17.0,8.0
2024-10-05,양천구,18.8,14.6,23.6,0.0,0.0192,0.0281,0.32,0.0019,26.0,13.0
2024-10-06,양천구,16.6,14.8,18.6,0.0,0.0231,0.0119,0.39,0.0019,25.0,15.0
2024-10-07,양천구,17.8,15.2,21.0,0.0,0.0208,0.0235,0.41,0.0024,42.0,25.0
2024-10-08,양천구,18.4,14.6,23.5,0.0,0.0213,0.0206,0.45,0.0023,47.0,29.0
2024-10-09,양천구,19.6,15.7,24.1,0.0,0.0113,0.0321,0.26,0.0018,14.0,7.0
2024-10-10,양천구,19.7,16.9,24.1,0.0,0.0149,0.0333,0.27,0.0021,20.0,11.0
2024-10-11,양천구,19.5,16.0,24.5,0.0,0.0223,0.036,0.37,0.0023,35.0,22.0
2024-10-12,양천구,19.4,15.2,24.6,0.0,0.023,0.0342,0.4,0.0025,37.0,24.0
2024-10-13,양천구,19.4,15.3,22.8,0.0,0.0183,0.0269,0.38,0.002,29.0,19.0
2024-10-14,양천구,20.1,18.5,22.3,0.0,0.0198,0.0202,0.29,0.0019,18.0,10.0
2024-10-15,양천구,19.6,17.8,22.1,0.5,0.0213,0.0139,0.31,0.0021,20.0,13.0
2024-10-16,양천구,18.8,15.8,23.8,0.0,0.026,0.0212,0.42,0.0024,42.0,26.0
2024-10-17,양천구,20.3,15.8,25.7,0.0,0.0277,0.0224,0.42,0.0023,38.0,23.0
2024-10-18,양천구,17.8,15.7,19.9,43.0,0.0197,0.0142,0.32,0.002,20.0,11.0
2024-10-19,양천구,16.9,13.4,20.7,1.0,0.0077,0.0272,0.24,0.0019,8.0,4.0
2024-10-20,양천구,14.3,11.9,17.6,0.0,0.0058,0.0301,0.19,0.0016,12.0,4.0
2024-10-21,양천구,15.5,11.3,19.6,0.0,0.02,0.0158,0.29,0.0019,17.0,6.0
2024-10-22,양천구,15.9,15.2,16.7,14.0,0.0239,0.006,0.36,0.002,13.0,7.0
2024-10-23,양천구,13.3,10.8,16.1,1.5,0.0096,0.0304,0.28,0.002,13.0,6.0
2024-10-24,양천구,13.6,9.3,18.2,0.0,0.0189,0.0243,0.34,0.002,24.0,14.0
2024-10-25,양천구,16.3,11.4,21.7,0.0,0.0328,0.0102,0.5,0.0022,29.0,16.0
2024-10-26,양천구,18.2,13.3,23.6,0.0,0.0275,0.0136,0.44,0.0022,25.0,14.0
2024-10-27,양천구,16.9,15.0,19.4,0.0,0.0152,0.0249,0.33,0.0024,26.0,16.0
2024-10-28,양천구,16.4,13.0,20.3,0.0,0.0178,0.0184,0.46,0.0021,43.0,29.0
2024-10-29,양천구,15.7,14.2,18.9,0.0,0.0196,0.018,0.3,0.002,15.0,7.0
2024-10-30,양천구,16.3,12.3,20.8,0.0,0.0206,0.0227,0.4,0.0025,28.0,16.0
2024-10-31,양천구,17.0,12.4,22.3,0.0,0.0323,0.0191,0.47,0.0026,36.0,23.0
2024-11-01,양천구,16.5,14.4,19.1,0.0,0.0412,0.0084,0.57,0.0026,44.0,27.0
2024-11-02,양천구,18.8,13.4,24.4,0.0,0.0221,0.0202,0.41,0.0026,35.0,22.0
2024-11-03,양천구,18.3,14.5,22.9,0.0,0.0125,0.0305,0.32,0.0023,24.0,16.0
2024-11-04,양천구,15.2,10.2,19.1,0.0,0.0105,0.0337,0.27,0.0022,24.0,13.0
2024-11-05,양천구,10.2,7.5,14.8,0.0,0.0114,0.0231,0.25,0.0026,28.0,10.0
2024-11-06,양천구,8.7,6.4,12.1,0.0,0.0159,0.0215,0.31,0.0029,29.0,14.0
2024-11-07,양천구,9.1,4.3,14.5,0.0,0.0277,0.0158,0.4,0.0027,41.0,21.0
2024-11-08,양천구,11.4,5.6,17.4,0.0,0.0372,0.012,0.5,0.0026,39.0,22.0
2024-11-09,양천구,13.4,7.8,19.7,0.0,0.0369,0.0132,0.57,0.0027,36.0,22.0
2024-11-10,양천구,15.0,11.6,20.1,0.0,0.0274,0.0178,0.44,0.0024,24.0,16.0
2024-11-11,양천구,15.0,11.0,20.9,0.0,0.0333,0.019,0.53,0.0029,59.0,34.0
2024-11-12,양천구,14.8,12.1,18.9,0.0,0.0213,0.0253,0.39,0.0028,36.0,22.0
2024-11-13,양천구,15.1,10.0,20.4,0.0,0.0343,0.0149,0.52,0.0029,43.0,23.0
2024-11-14,양천구,15.8,14.2,17.2,0.0,0.0361,0.0082,0.46,0.0028,36.0,18.0
2024-11-15,양천구,17.4,14.3,21.1,0.0,0.0234,0.0171,0.36,0.0024,25.0,14.0
2024-11-16,양천구,17.4,14.6,22.6,5.0,0.0146,0.0279,0.3,0.0023,19.0,12.0
2024-11-17,양천구,7.6,4.1,14.6,0.0,0.0064,0.0268,0.25,0.0023,18.0,9.0
2024-11-18,양천구,3.8,1.7,7.2,0.0,0.012,0.0221,0.25,0.0024,17.0,7.0
2024-11-19,양천구,6.8,2.6,10.8,0.0,0.032,0.0124,0.38,0.0026,24.0,13.0
2024-11-20,양천구,7.5,4.0,10.4,0.0,0.042,0.0051,0.59,0.003,42.0,27.0
2024-11-21,양천구,10.4,7.4,14.1,0.5,0.0337,0.0154,0.64,0.0032,58.0,38.0
2024-11-22,양천구,7.4,5.0,10.4,0.0,0.0209,0.0221,0.4,0.0032,33.0,19.0
2024-11-23,양천구,7.6,3.4,12.3,0.0,0.0293,0.0142,0.44,0.0025,25.0,16.0
2024-11-24,양천구,8.8,5.0,13.2,0.0,0.0296,0.0153,0.51,0.0025,20.0,13.0
2024-11-25,양천구,11.3,6.1,15.8,0.0,0.0315,0.012,0.45,0.0025,23.0,14.0
2024-11-26,양천구,6.3,1.4,13.3,23.0,0.0137,0.0245,0.3,0.0022,9.0,5.0
2024-11-27,양천구,0.1,-0.9,2.9,17.5,0.0178,0.0239,0.31,0.0022,9.0,7.0
2024-11-28,양천구,1.7,-0.1,5.0,7.5,0.0198,0.0219,0.38,0.0024,16.0,14.0
2024-11-29,양천구,1.7,-1.6,5.2,0.0,0.0315,0.0119,0.46,0.0028,31.0,20.0
2024-11-30,양천구,4.4,0.8,6.7,0.0,0.0401,0.0068,0.62,0.0029,26.0,17.0
2024-12-01,양천구,6.5,2.8,9.7,0.0,0.0351,0.005,0.65,0.0025,35.0,27.0
2024-12-02,양천구,7.5,1.7,13.9,0.0,0.0323,0.0162,0.59,0.0027,41.0,27.0
2024-12-03,양천구,1.9,-1.1,5.0,0.0,0.0176,0.0245,0.31,0.0027,17.0,7.0
2024-12-04,양천구,3.4,0.9,6.7,0.0,0.0275,0.0179,0.39,0.003,22.0,12.0
2024-12-05,양천구,4.6,1.5,8.8,1.5,0.0282,0.0188,0.41,0.0028,20.0,11.0
2024-12-06,양천구,2.8,0.1,5.5,0.0,0.0189,0.0237,0.34,0.0028,26.0,10.0
2024-12-07,양천구,0.7,-1.0,4.7,0.0,0.0169,0.0242,0.37,0.0028,22.0,13.0
2024-12-08,양천구,0.3,-2.6,3.9,0.0,0.0189,0.0221,0.02,0.0027,24.0,14.0
2024-12-09,양천구,2.2,-1.5,6.5,0.0,0.0374,0.0105,0.31,0.0031,34.0,19.0
2024-12-10,양천구,3.2,-0.9,6.9,0.0,0.0381,0.0109,0.69,0.0032,45.0,33.0
2024-12-11,양천구,3.2,0.5,6.8,0.0,0.0299,0.0159,0.73,0.0043,67.0,44.0
2024-12-12,양천구,1.3,-1.9,4.6,0.0,0.0246,0.0166,0.47,0.0039,37.0,22.0
2024-12-13,양천구,1.5,-0.5,4.3,0.0,0.0243,0.0201,0.42,0.0032,26.0,17.0
2024-12-14,양천구,0.2,-2.2,2.6,0.0,0.0203,0.0223,0.43,0.0028,29.0,18.0
2024-12-15,양천구,1.6,-0.6,6.3,0.0,0.024,0.021,0.39,0.0029,21.0,12.0
2024-12-16,양천구,0.8,-1.8,4.5,0.0,0.0377,0.0075,0.54,0.003,29.0,18.0
2024-12-17,양천구,-0.1,-2.9,3.6,0.0,0.0256,0.0169,0.43,0.0031,24.0,15.0
2024-12-18,양천구,-3.0,-4.9,-0.2,0.0,0.0187,0.0173,0.43,0.0032,32.0,19.0
2024-12-19,양천구,-0.9,-5.4,3.7,0.0,0.0366,0.0087,0.63,0.0046,57.0,35.0
2024-12-20,양천구,2.1,-0.8,5.0,0.0,0.0527,0.0026,0.81,0.0043,62.0,42.0
2024-12-21,양천구,-0.4,-3.7,2.2,3.0,0.0237,0.018,0.6,0.0027,50.0,43.0
2024-12-22,양천구,-2.4,-5.7,1.2,0.0,0.0157,0.0267,0.34,0.0026,19.0,10.0
2024-12-23,양천구,1.0,-2.8,6.5,0.0,0.0368,0.0132,0.59,0.0031,29.0,19.0
2024-12-24,양천구,0.4,-2.7,3.9,0.0,0.0334,0.0152,0.51,0.0033,32.0,21.0
2024-12-25,양천구,3.2,0.0,6.7,0.5,0.04,0.0125,0.61,0.0035,31.0,23.0
2024-12-26,양천구,0.5,-4.0,5.0,0.0,0.0225,0.0204,0.5,0.003,72.0,41.0
2024-12-27,양천구,-1.9,-4.3,1.5,0.0,0.0186,0.0244,0.37,0.0026,31.0,16.0
2024-12-28,양천구,-2.2,-5.0,1.3,0.0,0.0174,0.0231,0.38,0.0029,31.0,16.0
2024-12-29,양천구,1.9,-2.6,4.4,0.0,0.0292,0.0176,0.47,0.0028,23.0,15.0
2024-12-30,양천구,6.3,3.1,10.4,0.0,0.0305,0.0211,0.53,0.003,54.0,34.0
2024-12-31,양천구,1.3,-0.7,5.8,0.0,0.02,0.024,0.41,0.003,52.0,19.0
2024-01-01,도봉구,2.2,-2.4,6.9,0.0,0.027,0.0169,0.88,0.0029,18.0,16.0
2024-01-02,도봉구,2.3,0.6,4.9,0.0,0.013,0.0336,0.53,0.0027,32.0,25.0
2024-01-03,도봉구,1.2,-2.1,3.7,0.5,0.0254,0.021,0.65,0.0027,36.0,27.0
2024-01-04,도봉구,-0.4,-5.1,4.1,0.0,0.0359,0.0132,0.86,0.0029,50.0,38.0
2024-01-05,도봉구,3.7,-0.5,10.6,0.0,0.0363,0.022,0.95,0.0033,77.0,59.0
2024-01-06,도봉구,0.6,-4.3,6.7,0.0,0.0127,0.0324,0.48,0.0029,19.0,13.0
2024-01-07,도봉구,-4.1,-8.1,-0.7,0.0,0.0061,0.0324,0.48,0.0029,20.0,14.0
2024-01-08,도봉구,-5.1,-11.1,2.3,0.0,0.024,0.0166,0.54,0.0026,20.0,13.0
2024-01-09,도봉구,-1.2,-2.6,0.4,0.5,0.0432,0.0035,0.77,0.0026,29.0,22.0
2024-01-10,도봉구,-2.0,-6.4,6.4,0.0,0.0356,0.0104,0.9,0.0029,65.0,56.0
2024-01-11,도봉구,1.5,-4.4,4.7,0.0,0.0372,0.014,0.61,0.0031,62.0,51.0
2024-01-12,도봉구,0.4,-3.2,5.4,0.0,0.0138,0.0343,0.36,0.0033,55.0,37.0
2024-01-13,도봉구,-1.3,-6.1,8.2,0.0,0.0277,0.0195,0.32,0.0031,21.0,12.0
2024-01-14,도봉구,-1.7,-4.7,1.9,2.0,0.0372,0.0106,0.64,0.0027,30.0,24.0
2024-01-15,도봉구,-3.4,-8.4,4.7,0.0,0.0123,0.0318,0.24,0.003,17.0,10.0
2024-01-16,도봉구,-3.2,-9.1,6.7,0.0,0.0324,0.0168,0.42,0.003,26.0,18.0
2024-01-17,도봉구,-0.3,-5.0,1.6,2.5,0.0496,0.0037,0.83,0.0029,39.0,31.0
2024-01-18,도봉구,3.8,0.0,12.3,0.0,0.0264,0.0184,0.51,0.0029,26.0,23.0
2024-01-19,도봉구,4.8,0.2,11.1,0.0,0.017,0.0309,0.39,0.0028,14.0,9.0
2024-01-20,도봉구,3.6,1.7,5.6,0.5,0.007,0.0376,0.28,0.0026,3.0,2.0
2024-01-21,도봉구,,,,0.0,0.0078,0.0328,0.35,0.0026,6.0,6.0
2024-01-22,도봉구,-8.2,-12.0,-2.1,0.0,0.0056,0.035,0.36,0.0024,28.0,21.0
2024-01-23,도봉구,-11.5,-14.1,-7.3,0.0,0.0047,0.036,0.34,0.0024,21.0,13.0
2024-01-24,도봉구,-7.6,-11.7,-1.0,0.0,0.0054,0.037,0.37,0.0024,20.0,12.0
2024-01-25,도봉구,-5.3,-11.8,2.9,0.0,0.0153,0.0297,0.41,0.0026,21.0,12.0
2024-01-26,도봉구,-3.0,-9.5,6.4,0.0,0.0305,0.0222,0.6,0.0027,34.0,23.0
2024-01-27,도봉구,-1.6,-7.2,6.0,0.0,0.0319,0.0251,0.76,0.003,49.0,39.0
2024-01-28,도봉구,-2.3,-6.7,4.8,0.0,0.0202,0.0314,0.59,0.0027,34.0,28.0
2024-01-29,도봉구,-1.5,-7.5,6.8,0.0,0.0316,0.0245,0.72,0.003,40.0,32.0
2024-01-30,도봉구,-0.6,-6.7,10.1,0.0,0.0382,0.0202,0.76,0.0031,50.0,39.0
2024-01-31,도봉구,3.4,-3.1,13.7,0.0,0.0384,0.024,0.7,0.0036,54.0,40.0
2024-02-01,도봉구,2.1,-3.1,9.9,0.0,0.0222,0.0357,0.78,0.0039,83.0,63.0
2024-02-02,도봉구,3.0,-1.2,10.4,0.0,0.0244,0.0246,0.5,0.0031,32.0,25.0
2024-02-03,도봉구,3.4,-2.8,8.9,0.0,0.0271,0.0199,0.56,0.0031,32.0,25.0
2024-02-04,도봉구,6.5,1.7,12.9,0.0,0.0189,0.0264,0.52,0.003,22.0,18.0
2024-02-05,도봉구,3.5,0.3,6.2,3.0,0.0081,0.0392,0.39,0.0027,6.0,4.0
2024-02-06,도봉구,1.3,-0.2,3.6,1.0,0.017,0.0284,0.47,0.0028,13.0,11.0
2024-02-07,도봉구,0.5,-3.0,3.9,0.0,0.0127,0.0321,0.51,0.0028,24.0,20.0
2024-02-08,도봉구,0.0,-5.4,8.4,0.0,0.0281,0.0246,0.65,0.0031,35.0,29.0
2024-02-09,도봉구,-0.2,-5.1,6.8,0.0,,,,,,
2024-02-10,도봉구,0.7,-3.4,7.7,0.0,,,,,,
2024-02-11,도봉구,-0.1,-5.4,5.7,0.0,0.018,0.0387,0.68,0.0031,55.0,48.0
2024-02-12,도봉구,1.9,-5.2,12.3,0.0,0.0303,0.0264,0.74,0.0033,55.0,45.0
2024-02-13,도봉구,6.8,-0.9,14.9,0.0,0.0346,0.0292,0.81,0.0035,62.0,44.0
2024-02-14,도봉구,12.8,6.6,19.4,0.0,0.0345,0.0238,0.76,0.0039,43.0,29.0
2024-02-15,도봉구,5.1,-0.1,13.0,10.0,0.0097,0.038,0.5,0.0033,18.0,14.0
2024-02-16,도봉구,1.8,-2.7,9.9,0.0,0.0223,0.0227,0.57,0.0031,25.0,18.0
2024-02-17,도봉구,3.3,-3.3,13.7,0.0,0.0347,0.0191,0.69,0.0032,44.0,35.0
2024-02-18,도봉구,5.3,-1.5,9.8,16.5,0.0296,0.0177,0.73,0.0031,37.0,31.0
2024-02-19,도봉구,9.4,5.2,12.1,10.0,0.028,0.015,0.87,0.0035,10.0,8.0
2024-02-20,도봉구,5.0,3.8,7.4,0.0,0.0158,0.0217,0.59,0.0031,29.0,19.0
2024-02-21,도봉구,2.2,0.5,4.6,16.0,0.0143,0.0301,0.39,0.0027,4.0,2.0
2024-02-22,도봉구,0.6,-0.5,2.3,4.0,0.0114,0.0347,0.32,0.0026,5.0,4.0
2024-02-23,도봉구,2.2,-1.7,9.1,0.0,0.0123,0.0359,0.3,0.0026,9.0,5.0
2024-02-24,도봉구,2.3,-2.8,7.6,2.0,0.0087,0.0392,0.25,0.0026,12.0,7.0
2024-02-25,도봉구,2.8,-0.7,7.1,1.5,0.0104,0.0336,0.42,0.0028,11.0,10.0
2024-02-26,도봉구,3.4,-2.2,11.4,0.0,0.022,0.027,0.53,0.0031,28.0,19.0
2024-02-27,도봉구,4.0,-1.5,11.3,0.0,0.015,0.0355,0.36,0.0027,14.0,9.0
2024-02-28,도봉구,6.2,1.6,10.7,0.0,0.0219,0.0336,0.44,0.0033,34.0,20.0
2024-02-29,도봉구,4.6,0.5,10.5,0.0,0.0207,0.0304,0.66,0.0035,56.0,39.0
2024-03-01,도봉구,-3.6,-7.5,0.5,0.0,0.0039,0.0444,0.49,0.0028,37.0,12.0
2024-03-02,도봉구,-0.5,-9.1,4.8,0.0,0.0146,0.0365,0.62,0.0027,33.0,15.0
2024-03-03,도봉구,4.0,-1.7,8.8,0.0,0.0123,0.0481,0.85,0.0031,112.0,63.0
2024-03-04,도봉구,4.4,-3.8,13.9,0.0,0.03,0.0288,0.81,0.0033,59.0,32.0
2024-03-05,도봉구,7.2,3.1,12.1,0.0,0.0259,0.0313,0.78,0.0032,43.0,23.0
2024-03-06,도봉구,5.4,0.7,10.8,0.0,0.014,0.0377,0.56,0.0028,13.0,9.0
2024-03-07,도봉구,3.2,0.5,7.3,1.5,0.0146,0.0381,0.39,0.0029,26.0,17.0
2024-03-08,도봉구,2.5,-2.9,7.4,0.0,0.0084,0.0467,0.39,0.0032,42.0,20.0
2024-03-09,도봉구,1.5,-4.7,8.3,0.0,0.0107,0.0418,0.39,0.0029,31.0,17.0
2024-03-10,도봉구,3.2,-4.1,11.5,0.0,0.0218,0.0337,0.48,0.003,28.0,18.0
2024-03-11,도봉구,5.3,0.0,12.1,0.0,0.03,0.0294,0.53,0.0033,34.0,24.0
2024-03-12,도봉구,6.1,2.0,10.1,0.0,0.027,0.0293,0.58,0.0032,34.0,25.0
2024-03-13,도봉구,5.9,-1.6,13.3,0.0,0.02,0.0469,0.56,0.0038,42.0,26.0
2024-03-14,도봉구,7.5,0.4,16.8,0.0,0.0275,0.0441,0.61,0.0036,61.0,39.0
2024-03-15,도봉구,8.9,1.7,18.1,0.0,0.0259,0.0435,0.58,0.0035,56.0,39.0
2024-03-16,도봉구,10.6,2.4,19.0,0.0,0.0204,0.0462,0.59,0.0035,58.0,40.0
2024-03-17,도봉구,9.6,5.2,14.0,0.0,0.0087,0.0505,0.44,0.0031,112.0,20.0
2024-03-18,도봉구,7.0,-1.1,14.2,0.0,0.0139,0.0401,0.41,0.0028,21.0,7.0
2024-03-19,도봉구,7.0,3.3,10.9,0.0,0.0149,0.045,0.49,0.0028,55.0,27.0
2024-03-20,도봉구,4.8,1.5,9.4,0.0,0.0073,0.0469,0.39,0.0028,41.0,24.0
2024-03-21,도봉구,4.7,-3.0,12.7,0.0,0.0189,0.0426,0.35,0.0031,37.0,22.0
2024-03-22,도봉구,9.9,0.8,15.4,7.5,0.0248,0.0373,0.41,0.0032,41.0,21.0
2024-03-23,도봉구,13.3,7.6,22.1,0.0,0.012,0.0564,0.39,0.0034,51.0,25.0
2024-03-24,도봉구,14.5,6.6,25.0,0.0,0.0127,0.045,0.37,0.0033,28.0,14.0
2024-03-25,도봉구,10.5,7.2,13.5,5.0,0.0153,0.0384,0.36,0.0031,18.0,9.0
2024-03-26,도봉구,7.0,2.7,13.7,13.5,0.01,0.0424,0.32,0.003,6.0,4.0
2024-03-27,도봉구,9.9,2.5,17.3,0.0,0.0227,0.0297,0.48,0.0034,26.0,17.0
2024-03-28,도봉구,9.9,7.2,11.9,1.5,0.0248,0.0231,0.49,0.0031,22.0,18.0
2024-03-29,도봉구,7.2,2.8,13.2,3.5,0.018,0.0356,0.45,0.0028,276.0,50.0
2024-03-30,도봉구,8.1,1.0,16.8,0.0,0.0169,0.0397,0.41,0.0028,87.0,22.0
2024-03-31,도봉구,10.0,0.6,20.5,0.0,0.0104,0.044,0.34,0.0027,43.0,11.0
2024-04-01,도봉구,11.7,3.3,20.2,0.0,0.0157,0.0472,0.34,0.0029,45.0,14.0
2024-04-02,도봉구,14.4,4.2,25.4,0.0,0.0255,0.0484,0.43,0.0033,51.0,26.0
2024-04-03,도봉구,15.6,11.0,20.7,0.0,0.0299,0.0328,0.53,0.0034,43.0,23.0
2024-04-04,도봉구,15.2,11.2,20.8,0.0,0.0138,0.0479,0.42,0.0032,33.0,16.0
2024-04-05,도봉구,14.1,9.5,19.2,0.0,0.0139,0.0508,0.41,0.0032,40.0,20.0
2024-04-06,도봉구,12.4,6.4,19.5,0.0,0.0208,0.0488,0.52,0.0033,55.0,33.0
2024-04-07,도봉구,14.4,5.4,24.1,0.0,0.0196,0.0575,0.51,0.0033,50.0,31.0
2024-04-08,도봉구,15.9,8.5,24.0,0.0,0.0249,0.0488,0.51,0.0031,53.0,26.0
2024-04-09,도봉구,14.5,8.7,22.8,0.0,0.01,0.0524,0.37,0.0029,39.0,16.0
2024-04-10,도봉구,13.5,8.0,18.9,0.0,0.0105,0.0515,0.4,0.0029,37.0,16.0
2024-04-11,도봉구,15.0,11.1,22.9,0.0,0.0175,0.0465,0.5,0.0034,48.0,20.0
2024-04-12,도봉구,17.0,9.9,25.0,0.0,0.0197,0.0449,0.53,0.0036,47.0,24.0
2024-04-13,도봉구,18.9,9.4,28.5,0.0,0.0131,0.0495,0.43,0.0033,39.0,16.0
2024-04-14,도봉구,20.2,11.7,29.8,0.0,0.0132,0.0565,0.51,0.0037,46.0,19.0
2024-04-15,도봉구,15.4,12.1,18.4,19.0,0.015,0.0368,0.52,0.0038,19.0,12.0
2024-04-16,도봉구,13.8,10.9,18.2,0.5,0.0139,0.0413,0.57,0.0032,80.0,28.0
2024-04-17,도봉구,14.7,8.2,22.0,0.0,0.0168,0.0337,0.59,0.0032,130.0,40.0
2024-04-18,도봉구,16.7,9.1,25.9,0.0,0.0207,0.0222,0.61,0.0033,114.0,31.0
2024-04-19,도봉구,17.3,10.0,24.9,0.0,0.0179,0.092,0.51,0.0046,89.0,32.0
2024-04-20,도봉구,14.8,13.1,17.1,5.5,0.0144,0.0479,0.48,0.003,61.0,31.0
2024-04-21,도봉구,16.8,12.9,20.6,0.0,0.0055,0.0489,0.3,0.0028,15.0,7.0
2024-04-22,도봉구,18.1,13.7,24.2,0.0,0.0078,0.054,0.28,0.0028,28.0,15.0
2024-04-23,도봉구,16.8,11.1,22.9,0.0,0.0078,0.0497,0.28,0.0027,20.0,9.0
2024-04-24,도봉구,13.4,10.8,16.3,10.0,0.0065,0.0368,0.28,0.0027,9.0,4.0
2024-04-25,도봉구,14.5,10.5,21.4,0.0,0.0135,0.0487,0.4,0.0028,30.0,19.0
2024-04-26,도봉구,17.3,10.0,26.2,0.0,0.0169,0.0504,0.43,0.003,62.0,25.0
2024-04-27,도봉구,17.8,9.3,26.9,0.0,0.0133,0.0533,0.39,0.0031,49.0,15.0
2024-04-28,도봉구,19.5,11.4,28.3,0.0,0.0129,0.0594,0.45,0.0032,35.0,18.0
2024-04-29,도봉구,20.0,14.4,25.5,0.0,0.0106,0.0578,0.37,0.0031,43.0,19.0
2024-04-30,도봉구,18.6,16.2,22.7,0.0,0.0156,0.0524,0.55,0.0041,60.0,35.0
2024-05-01,도봉구,17.9,14.0,23.6,0.0,0.0069,0.0534,0.33,0.0029,24.0,12.0
2024-05-02,도봉구,17.5,11.6,23.8,0.0,0.0173,0.0345,0.41,0.003,33.0,19.0
2024-05-03,도봉구,18.8,9.7,27.9,0.0,0.014,0.0785,0.46,0.0038,56.0,26.0
2024-05-04,도봉구,20.5,12.3,28.3,0.0,0.0183,0.0691,0.55,0.0041,56.0,33.0
2024-05-05,도봉구,17.7,16.2,20.3,71.0,0.009,0.0342,0.49,0.003,20.0,15.0
2024-05-06,도봉구,14.4,13.9,16.2,10.0,0.0075,0.0424,0.47,0.0027,10.0,6.0
2024-05-07,도봉구,13.3,11.1,15.2,0.5,0.008,0.0333,0.42,0.0028,21.0,14.0
2024-05-08,도봉구,14.2,7.4,21.2,0.0,0.0076,0.0355,0.33,0.0028,19.0,8.0
2024-05-09,도봉구,15.5,9.5,21.3,0.0,0.013,0.0429,0.42,0.0033,29.0,14.0
2024-05-10,도봉구,17.2,11.7,23.7,0.0,0.0134,0.0484,0.43,0.0033,32.0,16.0
2024-05-11,도봉구,,14.5,22.0,24.5,0.0098,0.0395,0.4,0.0031,21.0,8.0
2024-05-13,도봉구,,,,0.0,0.0097,0.046,0.38,0.0032,26.0,12.0
2024-05-14,도봉구,17.4,10.7,24.1,0.0,0.0144,0.0489,0.37,0.0035,24.0,12.0
2024-05-15,도봉구,12.0,7.3,17.9,24.5,0.0108,0.0399,0.34,0.0031,19.0,8.0
2024-05-16,도봉구,13.0,7.4,19.1,0.0,0.007,0.0407,0.28,0.0033,12.0,5.0
2024-05-17,도봉구,17.1,9.2,24.1,0.0,0.0172,0.0501,0.48,0.0036,42.0,22.0
2024-05-18,도봉구,20.0,15.0,25.9,0.0,0.0093,0.0471,0.39,0.0034,26.0,11.0
2024-05-19,도봉구,20.6,14.9,27.2,0.0,0.0057,0.0454,0.36,0.0033,21.0,8.0
2024-05-20,도봉구,19.5,17.1,22.2,0.0,0.0079,0.0377,0.37,0.0038,28.0,15.0
2024-05-21,도봉구,21.3,16.1,27.1,0.0,0.0103,0.0472,0.43,0.003,37.0,25.0
2024-05-22,도봉구,20.6,16.8,25.5,0.0,0.0121,0.0569,0.51,0.0033,50.0,37.0
2024-05-23,도봉구,20.1,14.8,26.0,0.0,0.0117,0.0456,0.39,0.0031,30.0,17.0
2024-05-24,도봉구,19.7,16.3,23.3,0.0,0.0089,0.0314,0.41,0.0028,33.0,22.0
2024-05-25,도봉구,20.4,17.4,23.7,0.0,0.0098,0.0396,0.41,0.0029,31.0,17.0
2024-05-26,도봉구,19.7,17.3,23.3,13.5,0.0079,0.042,0.42,0.0029,22.0,12.0
2024-05-27,도봉구,18.4,15.0,22.2,0.0,0.0052,0.0496,0.35,0.0029,24.0,7.0
2024-05-28,도봉구,19.1,13.5,24.9,0.0,0.0075,0.0405,0.31,0.0031,14.0,6.0
2024-05-29,도봉구,19.7,13.6,26.3,0.0,0.0167,0.038,0.38,0.0035,23.0,10.0
2024-05-30,도봉구,19.0,14.2,22.8,0.0,0.0169,0.0465,0.36,0.0035,19.0,10.0
2024-05-31,도봉구,19.8,15.1,24.7,0.0,0.0106,0.0605,0.34,0.0036,23.0,12.0
2024-06-01,도봉구,20.7,17.9,24.7,0.0,0.0046,0.0569,0.3,0.0032,25.0,11.0
2024-06-02,도봉구,20.1,15.2,25.3,0.0,0.0051,0.0585,0.27,0.0035,20.0,8.0
2024-06-03,도봉구,20.3,14.4,27.6,0.0,0.0087,0.0426,0.25,0.0032,13.0,6.0
2024-06-04,도봉구,21.4,13.4,28.7,0.0,0.0085,0.0452,0.21,0.0034,16.0,6.0
2024-06-05,도봉구,22.6,16.2,29.0,0.0,0.0143,0.0588,0.34,0.0035,32.0,17.0
2024-06-06,도봉구,23.3,18.4,29.5,0.0,0.012,0.0758,0.35,0.0027,34.0,23.0
2024-06-07,도봉구,22.5,17.6,27.0,0.0,0.0136,0.0681,0.33,0.0027,30.0,19.0
2024-06-08,도봉구,19.0,17.4,22.4,18.0,0.0099,0.0428,0.36,0.002,19.0,17.0
2024-06-09,도봉구,21.7,16.2,27.9,0.0,0.0086,0.0581,0.37,0.0025,24.0,17.0
2024-06-10,도봉구,23.6,17.4,29.7,0.0,0.0129,0.079,0.47,0.0027,42.0,26.0
2024-06-11,도봉구,25.1,20.9,30.7,0.0,0.0102,0.1029,0.48,0.0021,60.0,37.0
2024-06-12,도봉구,23.6,17.8,30.7,0.0,0.0129,0.0727,0.33,0.0022,29.0,17.0
2024-06-13,도봉구,24.7,18.4,31.8,0.0,0.0118,0.0621,0.28,0.002,26.0,14.0
2024-06-14,도봉구,25.0,19.4,31.4,0.0,0.0144,0.0609,0.29,0.0029,30.0,17.0
2024-06-15,도봉구,24.1,21.5,27.5,1.0,0.0062,0.0424,0.26,0.002,20.0,17.0
2024-06-16,도봉구,23.8,19.0,28.9,0.0,0.0053,0.0633,0.27,0.0018,17.0,11.0
2024-06-17,도봉구,23.8,17.1,29.4,0.0,0.0122,0.0641,0.23,0.0025,16.0,10.0
2024-06-18,도봉구,25.1,18.9,32.3,0.0,0.0147,0.0636,0.27,0.0027,24.0,14.0
2024-06-19,도봉구,27.2,20.0,34.4,0.0,0.014,0.0906,0.35,0.0024,36.0,23.0
2024-06-20,도봉구,27.7,21.9,33.8,0.0,0.014,0.0906,0.38,0.0029,38.0,27.0
2024-06-21,도봉구,26.8,21.5,32.6,0.0,0.0165,0.0797,0.31,0.0034,35.0,21.0
2024-06-22,도봉구,24.0,23.1,26.4,14.5,0.0126,0.0449,0.37,0.0023,27.0,21.0
2024-06-23,도봉구,24.8,21.9,29.1,14.0,0.0047,0.0435,0.29,0.0013,13.0,9.0
2024-06-24,도봉구,23.7,21.0,27.5,0.0,0.0067,0.065,0.31,0.0013,60.0,23.0
2024-06-25,도봉구,22.4,19.1,26.6,0.0,0.0071,0.0599,0.22,0.002,16.0,9.0
2024-06-26,도봉구,24.0,17.6,30.4,0.0,0.0095,0.0574,0.3,0.0026,21.0,12.0
2024-06-27,도봉구,24.8,18.8,30.2,0.0,0.0128,0.0665,0.31,0.0028,25.0,15.0
2024-06-28,도봉구,25.6,19.5,32.1,0.0,0.0144,0.0917,0.35,0.003,34.0,22.0
2024-06-29,도봉구,25.8,20.3,31.3,42.5,0.0124,0.0725,0.35,0.0027,25.0,19.0
2024-06-30,도봉구,24.0,22.6,25.9,36.5,0.0092,0.0491,0.34,0.002,16.0,10.0
2024-07-01,도봉구,25.5,21.5,29.8,0.0,0.0097,0.0651,0.31,0.0018,19.0,13.0
2024-07-02,도봉구,22.7,22.0,24.4,65.5,0.013,0.0296,0.34,0.0019,14.0,8.0
2024-07-03,도봉구,24.6,23.3,25.8,1.0,0.0094,0.0623,0.37,0.0017,19.0,12.0
2024-07-04,도봉구,26.4,23.2,29.9,3.0,0.0106,0.0833,0.45,0.0017,34.0,28.0
2024-07-05,도봉구,23.9,21.9,26.4,4.5,0.0094,0.067,0.37,0.0016,14.0,10.0
2024-07-06,도봉구,24.5,21.8,28.5,5.0,0.0108,0.0431,0.38,0.0016,24.0,16.0
2024-07-07,도봉구,24.4,21.3,27.1,5.5,0.0095,0.058,0.38,0.0016,19.0,14.0
2024-07-08,도봉구,24.0,22.8,24.8,19.5,0.0114,0.0355,0.28,0.0016,8.0,4.0
2024-07-09,도봉구,24.3,22.6,26.3,0.5,0.013,0.0308,0.29,0.002,13.0,7.0
2024-07-10,도봉구,26.1,22.8,29.7,0.0,0.0079,0.0459,0.22,0.002,8.0,3.0
2024-07-11,도봉구,25.8,23.2,28.9,0.0,0.0136,0.0567,0.37,0.0022,28.0,24.0
2024-07-12,도봉구,25.3,21.6,29.5,0.0,0.0117,0.0541,0.37,0.0021,32.0,24.0
2024-07-13,도봉구,27.4,23.1,32.3,0.0,0.0106,0.0605,0.41,0.0022,41.0,35.0
2024-07-14,도봉구,27.7,24.5,31.1,0.0,0.0072,0.0531,0.29,0.0022,27.0,22.0
2024-07-15,도봉구,27.8,23.5,30.7,0.0,0.0076,0.046,0.16,0.0022,7.0,3.0
2024-07-16,도봉구,26.8,24.7,30.2,15.5,0.01,0.0368,0.21,0.0022,7.0,4.0
2024-07-17,도봉구,24.5,23.4,25.9,89.5,0.011,0.0215,0.17,0.002,5.0,2.0
2024-07-18,도봉구,24.2,23.2,25.1,130.5,0.0117,0.0256,0.16,0.0019,6.0,3.0
2024-07-19,도봉구,26.2,23.9,30.0,1.0,0.0106,0.0496,0.27,0.002,18.0,14.0
2024-07-20,도봉구,26.8,24.8,29.9,21.0,0.0093,0.0435,0.27,0.002,12.0,8.0
2024-07-21,도봉구,26.5,22.6,29.5,22.0,0.0065,0.0568,0.22,0.0021,13.0,7.0
2024-07-22,도봉구,26.2,24.1,27.8,48.5,0.0098,0.0203,0.23,0.0019,8.0,4.0
2024-07-23,도봉구,26.4,25.5,26.9,,0.0079,0.026,0.17,0.0018,7.0,4.0
2024-07-24,도봉구,27.4,25.5,30.3,17.0,0.0089,0.0174,0.18,0.0018,9.0,3.0
2024-07-25,도봉구,28.2,25.4,31.2,19.0,0.0088,0.0277,0.27,0.002,15.0,8.0
2024-07-26,도봉구,27.3,24.9,31.9,29.5,0.0073,0.0208,0.32,0.0019,11.0,7.0
2024-07-27,도봉구,27.6,26.4,30.1,51.0,0.0078,0.0153,0.36,0.0017,10.0,5.0
2024-07-28,도봉구,28.6,26.5,31.4,0.0,0.0038,0.0151,0.29,0.0017,12.0,5.0
2024-07-29,도봉구,27.5,26.8,28.3,1.0,0.0034,0.0233,0.25,0.0017,16.0,6.0
2024-07-30,도봉구,28.4,26.8,31.3,0.0,0.0038,0.049,0.27,0.0017,18.0,11.0
2024-07-31,도봉구,28.8,26.2,32.0,0.0,0.005,0.0303,0.24,0.0019,11.0,6.0
2024-08-01,도봉구,29.4,27.3,32.2,0.0,0.0045,0.0331,0.25,0.0019,13.0,6.0
2024-08-02,도봉구,29.0,27.6,31.7,2.5,0.0044,0.0416,0.27,0.0018,19.0,12.0
2024-08-03,도봉구,30.0,27.3,33.4,0.0,0.0016,0.0646,0.32,0.0018,24.0,19.0
2024-08-04,도봉구,30.1,26.6,34.0,0.0,0.0034,0.0631,0.36,0.0018,24.0,18.0
2024-08-05,도봉구,28.4,26.1,32.1,24.5,0.0053,0.0515,0.35,0.0017,20.0,18.0
2024-08-06,도봉구,27.9,24.9,31.5,0.5,0.0075,0.0464,0.3,0.0017,10.0,8.0
2024-08-07,도봉구,28.4,25.6,32.1,3.5,0.0038,0.0352,0.25,0.0018,11.0,7.0
2024-08-08,도봉구,27.6,26.0,30.0,1.5,0.0063,0.0302,0.32,0.0018,16.0,11.0
2024-08-09,도봉구,28.6,24.7,33.3,0.0,0.004,0.0409,0.3,0.0019,19.0,13.0
2024-08-10,도봉구,28.5,25.7,32.1,0.0,0.0067,0.0495,0.36,0.002,24.0,18.0
2024-08-11,도봉구,28.7,26.3,32.1,0.0,0.0052,0.0461,0.37,0.002,24.0,19.0
2024-08-12,도봉구,29.6,26.4,33.1,0.0,0.0059,0.0483,0.33,0.002,22.0,17.0
2024-08-13,도봉구,30.1,26.8,35.7,0.0,0.0044,0.0425,0.29,0.002,18.0,12.0
2024-08-14,도봉구,29.9,27.4,34.8,0.0,0.0058,0.0502,0.3,0.002,16.0,12.0
2024-08-15,도봉구,28.9,26.3,34.2,0.0,0.0045,0.0432,0.27,0.002,14.0,11.0
2024-08-16,도봉구,29.2,26.0,33.3,0.0,0.0064,0.0428,0.28,0.002,14.0,10.0
2024-08-17,도봉구,29.2,26.4,34.3,0.0,0.0083,0.0526,0.33,0.002,15.0,10.0
2024-08-18,도봉구,29.3,26.8,33.2,0.0,0.0071,0.051,0.34,0.002,13.0,9.0
2024-08-19,도봉구,29.2,25.8,34.9,4.5,0.0101,0.0566,0.37,0.002,19.0,13.0
2024-08-20,도봉구,30.5,25.7,35.1,0.0,0.0087,0.0451,0.33,0.002,19.0,13.0
2024-08-21,도봉구,28.2,26.9,30.7,49.5,0.0092,0.0212,0.29,0.0019,10.0,5.0
2024-08-22,도봉구,28.5,27.3,30.0,2.0,0.0073,0.0309,0.26,0.0018,11.0,4.0
2024-08-23,도봉구,28.0,25.3,32.1,1.5,0.0088,0.071,0.38,0.0019,24.0,18.0
2024-08-24,도봉구,27.2,24.3,31.2,1.5,0.0102,0.0586,0.49,0.0019,35.0,28.0
2024-08-25,도봉구,27.5,24.3,32.4,0.0,0.0079,0.0539,0.45,0.0018,30.0,25.0
2024-08-26,도봉구,27.3,25.1,30.2,0.0,0.0108,0.0378,0.43,0.0018,29.0,21.0
2024-08-27,도봉구,25.1,22.4,29.4,0.5,0.012,0.0342,0.31,0.0018,18.0,11.0
2024-08-28,도봉구,26.7,20.7,33.5,0.0,0.0103,0.0447,0.23,0.0018,10.0,7.0
2024-08-29,도봉구,27.0,21.3,32.9,0.0,0.0085,0.0429,0.2,0.0019,8.0,4.0
2024-08-30,도봉구,27.8,23.0,34.1,0.0,0.0092,0.0412,0.22,0.0021,12.0,6.0
2024-08-31,도봉구,26.6,21.6,33.2,0.0,0.0088,0.0597,0.27,0.0022,30.0,17.0
2024-09-01,도봉구,26.3,22.5,32.6,0.0,0.0109,0.0536,0.3,0.0023,22.0,18.0
2024-09-02,도봉구,23.8,22.1,27.0,0.0,0.0146,0.0324,0.26,0.0022,16.0,11.0
2024-09-03,도봉구,26.2,21.5,33.5,0.0,0.0104,0.0457,0.16,0.002,9.0,5.0
2024-09-04,도봉구,27.3,22.4,34.4,0.0,0.0118,0.0602,0.2,0.0022,15.0,7.0
2024-09-05,도봉구,26.3,24.9,28.2,2.0,0.0114,0.0488,0.27,0.0022,24.0,14.0
2024-09-06,도봉구,24.0,22.2,25.4,0.0,0.0113,0.0279,0.27,0.002,12.0,6.0
2024-09-07,도봉구,25.8,21.9,31.9,0.0,0.0101,0.0552,0.31,0.0019,20.0,10.0
2024-09-08,도봉구,26.7,21.9,33.3,0.0,0.0096,0.0662,0.37,0.002,26.0,19.0
2024-09-09,도봉구,27.3,22.9,32.1,0.0,0.012,0.0588,0.37,0.002,26.0,16.0
2024-09-10,도봉구,28.6,24.5,35.2,0.0,0.0116,0.06,0.36,0.002,27.0,17.0
2024-09-11,도봉구,28.5,24.0,35.8,0.0,0.0133,0.0596,0.33,0.002,27.0,16.0
2024-09-12,도봉구,25.5,24.8,27.3,37.5,0.0134,0.0152,0.31,0.002,10.0,5.0
2024-09-13,도봉구,25.7,24.4,27.2,11.0,0.0126,0.0111,0.3,0.002,14.0,5.0
2024-09-14,도봉구,27.1,24.9,33.4,0.0,0.0085,0.0296,0.25,0.0019,14.0,4.0
2024-09-15,도봉구,27.1,24.1,31.6,0.0,0.0058,0.0246,0.24,0.002,12.0,4.0
2024-09-16,도봉구,26.0,21.5,32.8,3.5,0.0076,0.0363,0.23,0.002,8.0,2.0
2024-09-17,도봉구,27.6,24.8,31.7,0.0,0.0084,0.0247,0.29,0.002,15.0,5.0
2024-09-18,도봉구,28.8,25.5,34.0,0.0,0.0068,0.0251,0.26,0.002,15.0,7.0
2024-09-19,도봉구,28.2,25.5,32.1,0.0,0.0112,0.0454,0.29,0.002,20.0,11.0
2024-09-20,도봉구,24.8,18.7,27.2,51.0,0.0118,0.0173,0.29,0.0019,15.0,6.0
2024-09-21,도봉구,18.9,17.3,20.9,39.5,0.0069,0.0369,0.15,0.0019,5.0,2.0
2024-09-22,도봉구,20.6,17.0,27.3,0.0,0.0082,0.0308,0.13,0.0021,6.0,2.0
2024-09-23,도봉구,19.6,13.9,27.8,0.0,0.0113,0.0331,0.12,0.0022,9.0,3.0
2024-09-24,도봉구,19.6,13.8,29.9,0.0,0.0139,0.0408,0.13,0.0022,10.0,4.0
2024-09-25,도봉구,22.0,16.2,27.9,0.0,0.0162,0.0368,0.26,0.0024,17.0,7.0
2024-09-26,도봉구,22.9,20.5,30.0,5.5,0.011,0.0458,0.35,0.0022,15.0,8.0
2024-09-27,도봉구,22.4,18.4,30.3,0.0,0.0106,0.0363,0.33,0.0022,16.0,9.0
2024-09-28,도봉구,21.9,17.4,28.6,0.0,0.008,0.044,0.28,0.0022,14.0,6.0
2024-09-29,도봉구,22.7,17.0,30.9,0.0,0.0082,0.0395,0.28,0.0023,9.0,4.0
2024-09-30,도봉구,22.0,16.9,29.8,0.0,0.0114,0.0462,0.31,0.0024,12.0,6.0
2024-10-01,도봉구,17.8,12.6,21.1,4.5,0.0113,0.0354,0.31,0.0024,14.0,6.0
2024-10-02,도봉구,14.3,10.2,23.7,0.0,0.0099,0.037,0.22,0.0027,15.0,7.0
2024-10-03,도봉구,15.1,8.6,23.3,0.0,0.0106,0.031,0.24,0.0032,13.0,7.0
2024-10-04,도봉구,16.6,10.7,27.4,0.0,0.0122,0.0327,0.28,0.0032,14.0,7.0
2024-10-05,도봉구,16.1,10.2,26.1,0.0,0.0155,0.0371,0.33,0.0032,20.0,11.0
2024-10-06,도봉구,14.1,10.2,17.3,0.0,0.0163,0.0188,0.4,0.0031,20.0,13.0
2024-10-07,도봉구,16.2,12.6,21.1,0.0,0.0153,0.0305,0.46,0.0031,34.0,22.0
2024-10-08,도봉구,16.7,11.7,24.9,0.0,0.0174,0.0216,0.52,0.0029,36.0,24.0
2024-10-09,도봉구,17.2,11.9,25.0,0.0,0.0118,0.0331,0.34,0.0027,11.0,6.0
2024-10-10,도봉구,18.1,14.0,26.0,0.0,0.0153,0.0342,0.39,0.0028,18.0,9.0
2024-10-11,도봉구,17.5,12.6,25.7,0.0,0.0178,0.0433,0.47,0.0029,34.0,22.0
2024-10-12,도봉구,17.3,11.8,28.2,0.0,0.0191,0.0425,0.5,0.0029,37.0,26.0
2024-10-13,도봉구,16.7,11.2,22.3,0.0,0.0159,0.0283,0.49,0.0029,24.0,15.0
2024-10-14,도봉구,18.0,15.6,21.0,0.0,0.0171,0.0241,0.46,0.0028,18.0,10.0
2024-10-15,도봉구,18.7,16.6,21.6,0.0,0.016,0.0202,0.47,0.0026,19.0,11.0
2024-10-16,도봉구,17.8,13.5,27.0,0.0,0.0172,0.0339,0.52,0.0025,33.0,24.0
2024-10-17,도봉구,17.8,12.2,28.1,0.0,0.021,0.0292,0.51,0.0027,35.0,22.0
2024-10-18,도봉구,16.8,15.9,18.3,52.0,0.0181,0.0175,0.5,0.0026,19.0,11.0
2024-10-19,도봉구,17.2,13.1,22.3,0.5,0.0061,0.0399,0.36,0.0026,8.0,4.0
2024-10-20,도봉구,13.6,9.8,20.2,0.0,0.0045,0.0389,0.24,0.0029,12.0,3.0
2024-10-21,도봉구,13.5,7.9,17.9,0.0,0.0168,0.021,0.35,0.0033,13.0,5.0
2024-10-22,도봉구,15.3,14.3,16.2,23.0,0.0186,0.0116,0.47,0.0031,11.0,5.0
2024-10-23,도봉구,13.2,8.4,17.3,3.0,0.0065,0.0415,0.38,0.0028,13.0,6.0
2024-10-24,도봉구,11.8,5.7,21.6,0.0,0.0167,0.0294,0.45,0.003,28.0,17.0
2024-10-25,도봉구,13.7,7.5,24.8,0.0,0.0235,0.0187,0.48,0.0028,25.0,14.0
2024-10-26,도봉구,15.7,9.1,26.5,0.0,0.0192,0.0225,0.47,0.0027,20.0,11.0
2024-10-27,도봉구,15.6,13.2,18.6,0.0,0.0118,0.034,0.46,0.0026,24.0,13.0
2024-10-28,도봉구,15.6,11.2,22.1,0.0,0.0125,0.0288,0.53,0.0024,32.0,23.0
2024-10-29,도봉구,13.9,11.7,18.4,0.0,0.0154,0.0274,0.41,0.0025,11.0,5.0
2024-10-30,도봉구,15.3,10.2,24.5,0.0,0.0166,0.034,0.52,0.0028,25.0,14.0
2024-10-31,도봉구,14.8,9.2,26.2,0.0,0.0215,0.0337,0.57,0.0027,30.0,19.0
2024-11-01,도봉구,14.4,11.5,19.0,0.0,0.0336,0.0165,0.68,0.0028,39.0,24.0
2024-11-02,도봉구,17.2,11.8,27.3,0.0,0.0116,0.0429,0.52,0.003,28.0,17.0
2024-11-03,도봉구,17.0,10.4,25.0,0.0,0.0122,0.0412,0.55,0.0027,23.0,13.0
2024-11-04,도봉구,15.1,8.3,19.8,0.5,0.008,0.0525,0.48,0.0027,25.0,14.0
2024-11-05,도봉구,9.8,5.6,17.2,0.0,0.0108,0.0331,0.34,0.0033,25.0,9.0
2024-11-06,도봉구,7.9,2.4,16.4,0.0,0.0131,0.0349,0.32,0.0034,23.0,10.0
2024-11-07,도봉구,7.0,0.1,18.9,0.0,0.0257,0.027,0.46,0.0034,37.0,21.0
2024-11-08,도봉구,8.8,0.6,21.4,0.0,0.0297,0.0272,0.49,0.0034,30.0,19.0
2024-11-09,도봉구,11.6,4.0,23.9,0.0,0.0304,0.0258,0.51,0.0034,30.0,19.0
2024-11-10,도봉구,13.8,8.5,24.5,0.0,0.0235,0.0294,0.53,0.0033,25.0,15.0
2024-11-11,도봉구,13.8,7.8,23.4,0.0,0.0259,0.0379,0.64,0.0037,47.0,27.0
2024-11-12,도봉구,14.2,9.2,23.5,0.0,0.0195,0.0386,0.56,0.0035,34.0,21.0
2024-11-13,도봉구,12.9,6.0,22.7,0.0,0.0262,0.0283,0.61,0.0035,35.0,19.0
2024-11-14,도봉구,14.1,12.1,16.8,0.0,0.0274,0.018,0.56,0.0032,29.0,16.0
2024-11-15,도봉구,16.2,12.7,23.6,0.0,0.0264,0.0185,0.53,0.003,28.0,17.0
2024-11-16,도봉구,16.7,13.6,23.4,4.0,0.0173,0.0325,0.49,0.003,20.0,12.0
2024-11-17,도봉구,8.0,3.3,15.0,0.0,0.0052,0.0372,0.33,0.003,17.0,8.0
2024-11-18,도봉구,3.4,-0.8,12.3,0.0,0.0087,0.0346,0.34,0.0028,16.0,6.0
2024-11-19,도봉구,4.0,-2.1,12.8,0.0,0.0309,0.0141,0.54,0.0028,29.0,14.0
2024-11-20,도봉구,4.9,0.4,8.9,0.0,0.0414,0.0068,0.71,0.0032,35.0,21.0
2024-11-21,도봉구,9.1,4.3,14.1,0.0,0.0305,0.023,0.72,0.0034,53.0,37.0
2024-11-22,도봉구,6.7,1.3,15.1,0.0,0.0136,0.0356,0.48,0.0038,31.0,18.0
2024-11-23,도봉구,4.9,-0.7,15.9,0.0,0.0174,0.0262,0.48,0.003,19.0,11.0
2024-11-24,도봉구,6.0,-0.4,16.1,0.0,0.0242,0.0206,0.58,0.0029,17.0,11.0
2024-11-25,도봉구,8.8,0.4,16.8,0.0,0.0242,0.0234,0.58,0.003,19.0,11.0
2024-11-26,도봉구,6.0,1.2,12.2,28.0,0.0086,0.0347,0.42,0.003,8.0,4.0
2024-11-27,도봉구,-0.6,-2.8,1.6,16.5,0.0102,0.0347,0.48,0.0026,10.0,6.0
2024-11-28,도봉구,0.8,-2.0,5.2,,0.0133,0.0307,0.6,0.0028,18.0,13.0
2024-11-29,도봉구,-0.3,-4.9,4.9,0.0,0.0245,0.0175,0.71,0.0029,29.0,17.0
2024-11-30,도봉구,2.1,-1.8,6.0,1.5,0.0296,0.0153,0.8,0.0032,26.0,17.0
2024-12-01,도봉구,4.9,0.3,9.9,0.5,0.0266,0.0127,0.86,0.003,30.0,25.0
2024-12-02,도봉구,6.6,1.2,13.7,0.0,0.0258,0.0238,0.81,0.0035,46.0,33.0
2024-12-03,도봉구,0.8,-2.9,6.5,0.0,0.013,0.0324,0.44,0.0031,16.0,7.0
2024-12-04,도봉구,1.7,-3.5,7.9,0.0,0.0204,0.0269,0.42,0.0032,20.0,11.0
2024-12-05,도봉구,2.5,-3.0,10.0,1.0,0.0205,0.0275,0.45,0.0032,20.0,10.0
2024-12-06,도봉구,1.6,-1.6,6.2,0.0,0.0081,0.0379,0.35,0.0033,25.0,7.0
2024-12-07,도봉구,-0.8,-5.1,4.9,0.0,0.0133,0.0306,0.44,0.003,18.0,9.0
2024-12-08,도봉구,-1.1,-5.6,5.5,0.0,0.0078,0.036,0.4,0.0031,21.0,10.0
2024-12-09,도봉구,-0.9,-6.5,9.1,0.0,0.0338,0.0152,0.63,0.0032,30.0,16.0
2024-12-10,도봉구,0.6,-5.5,8.3,0.0,0.0321,0.0189,0.75,0.0034,38.0,27.0
2024-12-11,도봉구,1.6,-2.2,9.7,0.0,0.0307,0.02,0.83,0.0046,58.0,36.0
2024-12-12,도봉구,-0.1,-5.4,7.7,0.0,0.0217,0.0234,0.61,0.0041,38.0,21.0
2024-12-13,도봉구,0.3,-2.7,5.1,0.0,0.0169,0.0301,0.48,0.0034,28.0,16.0
2024-12-14,도봉구,-1.4,-5.1,3.9,0.0,0.0112,0.0348,0.42,0.0031,26.0,14.0
2024-12-15,도봉구,0.2,-4.0,6.6,0.0,0.0155,0.0339,0.4,0.003,19.0,9.0
2024-12-16,도봉구,-2.1,-6.6,4.4,0.0,0.0334,0.013,0.6,0.003,27.0,15.0
2024-12-17,도봉구,-2.0,-6.4,4.2,0.0,0.0221,0.0243,0.53,0.0032,22.0,13.0
2024-12-18,도봉구,-4.1,-8.5,3.6,0.0,0.0138,0.0266,0.49,0.0038,29.0,14.0
2024-12-19,도봉구,-3.1,-9.3,7.1,0.0,0.0358,0.0116,0.74,0.0042,54.0,31.0
2024-12-20,도봉구,-0.6,-4.6,3.8,0.0,0.0492,0.0054,0.86,0.0038,54.0,37.0
2024-12-21,도봉구,-1.2,-5.9,1.7,1.0,0.0199,0.0265,0.74,0.0031,50.0,40.0
2024-12-22,도봉구,-4.5,-9.4,2.3,0.0,0.0124,0.0345,0.5,0.003,18.0,9.0
2024-12-23,도봉구,-2.0,-8.6,7.8,0.0,0.0322,0.0208,0.76,0.0031,26.0,15.0
2024-12-24,도봉구,-1.8,-7.2,6.7,0.0,0.0335,0.0201,0.64,0.0032,31.0,19.0
2024-12-25,도봉구,1.3,-4.0,7.2,0.0,0.0393,0.0172,0.65,0.0033,34.0,24.0
2024-12-26,도봉구,-0.4,-6.5,4.2,0.0,0.0126,0.0359,0.45,0.0035,66.0,34.0
2024-12-27,도봉구,-3.5,-8.4,2.7,0.0,0.014,0.0349,0.35,0.0031,28.0,12.0
2024-12-28,도봉구,-3.4,-7.7,1.4,0.0,0.0084,0.0367,0.34,0.0032,28.0,12.0
2024-12-29,도봉구,-1.0,-7.6,7.3,0.0,0.0346,0.0151,0.59,0.003,25.0,15.0
2024-12-30,도봉구,4.0,-0.8,10.7,0.0,0.0341,0.024,0.68,0.0035,54.0,32.0
2024-12-31,도봉구,-0.4,-4.6,5.3,0.0,0.0142,0.0348,0.46,0.0035,52.0,18.0
2024-01-01,노원구,1.9,-3.9,6.8,0.0,0.0281,0.0132,0.75,0.003,24.0,19.0
2024-01-02,노원구,1.5,-1.1,4.8,0.0,0.0196,0.0244,0.49,0.0028,41.0,30.0
2024-01-03,노원구,0.7,-3.9,2.9,0.0,0.0291,0.0132,0.53,0.0029,42.0,28.0
2024-01-04,노원구,-0.8,-6.6,3.4,0.0,0.0372,0.0095,0.74,0.0031,58.0,40.0
2024-01-05,노원구,3.2,-3.0,9.5,0.0,0.0317,0.0218,0.72,0.0033,83.0,56.0
2024-01-06,노원구,-0.4,-6.4,5.5,0.5,0.0206,0.0218,0.44,0.0028,31.0,18.0
2024-01-07,노원구,-3.8,-9.0,-0.7,0.0,0.0095,0.0259,0.41,0.0027,26.0,15.0
2024-01-08,노원구,-5.6,-13.3,-0.1,0.0,0.0277,0.0121,0.53,0.003,28.0,17.0
2024-01-09,노원구,-1.7,-3.4,-0.3,0.5,0.0402,0.0035,0.54,0.0029,31.0,22.0
2024-01-10,노원구,-3.2,-9.2,3.9,0.0,0.0412,0.0071,0.88,0.0032,76.0,60.0
2024-01-11,노원구,1.2,-4.1,4.8,0.0,0.045,0.0067,0.69,0.0032,71.0,57.0
2024-01-12,노원구,0.0,-4.5,5.3,0.0,0.024,0.0232,0.59,0.0034,62.0,41.0
2024-01-13,노원구,-2.8,-8.5,5.2,0.0,0.0325,0.0136,0.63,0.0041,27.0,14.0
2024-01-14,노원구,-2.2,-6.8,1.5,1.5,0.0379,0.0072,0.77,0.0035,36.0,26.0
2024-01-15,노원구,-3.4,-8.8,1.8,0.0,0.0117,0.0288,0.37,0.003,23.0,12.0
2024-01-16,노원구,-4.5,-10.9,3.7,0.0,0.0333,0.0147,0.59,0.0036,32.0,19.0
2024-01-17,노원구,-0.7,-6.8,1.0,4.5,0.0492,0.0026,0.83,0.0034,44.0,33.0
2024-01-18,노원구,3.7,0.4,9.3,0.0,0.0255,0.0156,0.52,0.0027,27.0,21.0
2024-01-19,노원구,5.0,1.3,8.2,0.0,0.0136,0.0299,0.39,0.0022,15.0,9.0
2024-01-20,노원구,3.6,2.0,5.2,0.0,0.0086,0.0325,0.3,0.002,5.0,4.0
2024-01-21,노원구,2.1,-1.5,4.8,0.0,0.0114,0.026,0.36,0.0021,11.0,7.0
2024-01-22,노원구,-8.0,-11.5,-1.4,0.0,0.0094,0.0284,0.4,0.0022,37.0,28.0
2024-01-23,노원구,-11.2,-13.8,-8.0,0.0,0.0087,0.0276,0.36,0.0028,26.0,16.0
2024-01-24,노원구,-7.7,-11.0,-3.3,0.0,0.0101,0.0284,0.38,0.0028,23.0,13.0
2024-01-25,노원구,-6.7,-13.8,0.1,0.0,0.0223,0.0199,0.47,0.0031,26.0,15.0
2024-01-26,노원구,-3.8,-11.5,4.3,0.0,0.0343,0.0146,0.63,0.0034,36.0,22.0
2024-01-27,노원구,-2.7,-9.7,5.0,0.0,0.0335,0.019,0.73,0.003,57.0,43.0
2024-01-28,노원구,-3.1,-8.6,3.3,0.0,0.0271,0.0208,0.62,0.0027,42.0,35.0
2024-01-29,노원구,-2.7,-9.7,5.1,0.0,0.0345,0.0173,0.69,0.0031,47.0,34.0
2024-01-30,노원구,-1.9,-8.7,7.9,0.0,0.0426,0.0124,0.82,0.0033,58.0,43.0
2024-01-31,노원구,2.7,-5.2,11.3,0.0,0.0411,0.0162,0.79,0.0035,60.0,44.0
2024-02-01,노원구,1.5,-4.3,8.1,0.0,0.0184,0.033,0.73,0.0029,93.0,69.0
2024-02-02,노원구,2.1,-2.9,8.3,0.0,0.026,0.02,0.49,0.0024,34.0,25.0
2024-02-03,노원구,2.9,-4.7,8.3,0.0,0.0282,0.0158,0.51,0.0025,35.0,26.0
2024-02-04,노원구,5.7,0.3,11.7,0.0,0.0212,0.0202,0.43,0.0024,26.0,18.0
2024-02-05,노원구,2.7,-0.6,6.2,1.0,0.0093,0.035,0.25,0.002,8.0,5.0
2024-02-06,노원구,1.3,-0.8,3.9,0.0,0.0158,0.0266,0.32,0.002,13.0,11.0
2024-02-07,노원구,0.5,-4.6,3.7,0.0,0.0154,0.0264,0.47,0.0021,32.0,28.0
2024-02-08,노원구,-1.0,-7.1,6.2,0.0,0.0291,0.0203,0.63,0.0027,40.0,34.0
2024-02-09,노원구,-0.6,-6.9,6.3,0.0,,,,,,
2024-02-10,노원구,0.5,-5.8,8.2,0.0,,,,,,
2024-02-11,노원구,-1.1,-7.5,6.0,0.0,0.0251,0.0283,0.68,0.0028,68.0,61.0
2024-02-12,노원구,1.0,-7.2,10.4,0.0,0.0335,0.0209,0.75,0.0032,67.0,56.0
2024-02-13,노원구,5.8,-3.4,15.2,0.0,0.0414,0.0201,0.86,0.0034,72.0,54.0
2024-02-14,노원구,12.2,4.2,18.2,0.0,0.0368,0.0166,0.75,0.0033,46.0,32.0
2024-02-15,노원구,5.1,-1.8,12.8,6.5,0.0121,0.0308,0.35,0.0022,24.0,18.0
2024-02-16,노원구,0.9,-4.4,8.4,0.0,0.0277,0.0166,0.49,0.003,27.0,18.0
2024-02-17,노원구,2.1,-5.3,11.5,0.0,0.0379,0.0139,0.66,0.0036,48.0,37.0
2024-02-18,노원구,5.0,-3.6,10.1,15.5,0.0384,0.0086,0.65,0.0033,43.0,34.0
2024-02-19,노원구,9.2,6.1,11.9,7.0,0.036,0.006,0.71,0.0031,13.0,9.0
2024-02-20,노원구,5.0,3.8,7.5,1.0,0.0158,0.0181,0.42,0.0028,32.0,21.0
2024-02-21,노원구,2.1,0.1,4.6,6.5,0.0112,0.0292,0.28,0.0024,4.0,2.0
2024-02-22,노원구,0.6,-0.7,2.0,3.0,0.0109,0.0316,0.26,0.0022,6.0,3.0
2024-02-23,노원구,1.7,-2.0,5.8,0.0,0.0109,0.032,0.26,0.0022,11.0,7.0
2024-02-24,노원구,1.9,-2.9,5.9,0.0,0.0097,0.034,0.26,0.0021,15.0,9.0
2024-02-25,노원구,2.0,-2.5,7.2,0.0,0.0132,0.0268,0.32,0.0021,12.0,11.0
2024-02-26,노원구,2.1,-4.4,10.0,0.0,0.0238,0.0192,0.5,0.0026,34.0,25.0
2024-02-27,노원구,3.8,-3.1,9.3,0.0,0.0147,0.031,0.31,0.0024,19.0,11.0
2024-02-28,노원구,5.3,-0.2,10.6,0.0,0.0195,0.0271,0.33,0.0026,31.0,17.0
2024-02-29,노원구,4.3,-0.8,10.1,0.0,0.0249,0.0232,0.53,0.0031,59.0,40.0
2024-03-01,노원구,-3.0,-6.7,1.0,0.0,0.0067,0.037,0.27,0.0023,37.0,15.0
2024-03-02,노원구,-1.0,-10.7,4.7,0.0,0.0183,0.0296,0.36,0.0026,39.0,18.0
2024-03-03,노원구,,-2.9,9.1,0.0,0.0215,0.0361,0.56,0.0026,113.0,67.0
2024-03-04,노원구,,,,0.0,0.033,0.023,0.52,0.0033,59.0,33.0
2024-03-05,노원구,,,,0.0,0.0272,0.0263,0.45,0.0032,44.0,25.0
2024-03-06,노원구,4.6,-2.2,10.3,0.0,0.0142,0.0321,0.31,0.0023,15.0,9.0
2024-03-07,노원구,2.9,-1.4,9.3,0.0,0.0169,0.0308,0.34,0.0024,29.0,19.0
2024-03-08,노원구,1.3,-5.3,7.7,0.0,0.0144,0.0344,0.38,0.0027,40.0,22.0
2024-03-09,노원구,0.8,-7.0,8.4,0.0,0.0184,0.0288,0.4,0.0026,36.0,21.0
2024-03-10,노원구,2.5,-6.4,11.8,0.0,0.0229,0.027,0.44,0.0029,32.0,20.0
2024-03-11,노원구,4.3,-2.2,11.6,0.0,0.0385,0.0177,0.52,0.0032,38.0,23.0
2024-03-12,노원구,4.4,-0.4,9.6,0.5,0.034,0.0176,0.51,0.0026,32.0,21.0
2024-03-13,노원구,5.0,-3.8,13.0,0.0,0.0295,0.0307,0.54,0.0036,47.0,30.0
2024-03-14,노원구,7.2,-2.1,16.1,0.0,0.0326,0.0345,0.49,0.0032,62.0,39.0
2024-03-15,노원구,7.7,-1.3,16.1,0.0,0.0323,0.0332,0.44,0.0031,57.0,38.0
2024-03-16,노원구,10.4,-0.3,18.9,0.0,0.0286,0.035,0.48,0.003,58.0,38.0
2024-03-17,노원구,10.1,5.8,14.6,0.0,0.0117,0.042,0.3,0.0025,93.0,20.0
2024-03-18,노원구,6.5,-3.1,14.2,0.0,0.0146,0.0348,0.29,0.0025,21.0,8.0
2024-03-19,노원구,7.1,2.0,11.5,0.0,0.0198,0.0353,0.38,0.0026,52.0,27.0
2024-03-20,노원구,4.9,-2.3,9.5,0.0,0.0111,0.0387,0.32,0.0023,40.0,26.0
2024-03-21,노원구,3.6,-4.8,12.5,0.0,0.0249,0.0326,0.42,0.0029,37.0,24.0
2024-03-22,노원구,9.2,-1.2,15.6,13.0,0.0289,0.03,0.43,0.003,42.0,20.0
2024-03-23,노원구,12.2,5.5,19.4,0.5,0.0155,0.0444,0.36,0.0023,50.0,21.0
2024-03-24,노원구,12.7,4.2,23.2,0.0,0.0203,0.0293,0.45,0.0027,30.0,14.0
2024-03-25,노원구,9.5,6.8,13.2,5.5,0.0135,0.035,0.29,0.0023,17.0,8.0
2024-03-26,노원구,6.2,2.3,12.3,10.0,0.0129,0.0328,0.28,0.002,7.0,3.0
2024-03-27,노원구,9.3,0.6,16.8,0.0,0.0243,0.0245,0.43,0.0027,24.0,15.0
2024-03-28,노원구,9.8,8.1,11.6,1.5,0.0283,0.0175,0.44,0.0027,24.0,16.0
2024-03-29,노원구,7.5,1.1,13.2,1.0,0.0201,0.0293,0.4,0.0023,281.0,51.0
2024-03-30,노원구,7.7,-1.0,16.8,0.0,0.0212,0.0303,0.42,0.0026,87.0,23.0
2024-03-31,노원구,9.0,-1.7,17.7,0.0,0.0128,0.0352,0.35,0.0025,41.0,13.0
2024-04-01,노원구,10.2,0.7,20.4,0.0,0.0187,0.0393,0.36,0.0029,46.0,16.0
2024-04-02,노원구,13.1,1.6,24.9,0.0,0.0345,0.0338,0.49,0.0038,50.0,25.0
2024-04-03,노원구,14.5,8.2,20.0,0.0,0.0342,0.0242,0.48,0.0034,44.0,25.0
2024-04-04,노원구,14.1,8.6,20.2,0.0,0.0129,0.0426,0.3,0.0027,33.0,16.0
2024-04-05,노원구,13.7,6.9,20.1,0.0,0.0142,0.0448,0.33,0.0027,43.0,23.0
2024-04-06,노원구,11.5,3.6,20.3,0.0,0.0277,0.0363,0.5,0.0031,62.0,39.0
2024-04-07,노원구,13.2,2.6,24.2,0.0,0.0233,0.0477,0.49,0.0033,56.0,35.0
2024-04-08,노원구,15.0,6.0,23.7,0.0,0.0316,0.0364,0.48,0.0031,52.0,29.0
2024-04-09,노원구,13.5,7.6,20.7,0.0,0.0115,0.0441,0.31,0.0025,40.0,22.0
2024-04-10,노원구,12.8,5.8,19.4,0.0,0.0101,0.0465,0.28,0.0023,43.0,21.0
2024-04-11,노원구,14.0,9.1,21.3,0.0,0.021,0.0374,0.38,0.0027,48.0,24.0
2024-04-12,노원구,15.6,7.1,25.2,0.0,0.0229,0.0372,0.4,0.0032,50.0,28.0
2024-04-13,노원구,17.2,6.5,28.5,0.0,0.0182,0.0364,0.34,0.0029,39.0,20.0
2024-04-14,노원구,18.8,8.1,30.3,0.0,0.0156,0.0477,0.38,0.0032,45.0,25.0
2024-04-15,노원구,15.1,12.3,20.7,15.0,0.0156,0.0345,0.3,0.003,22.0,13.0
2024-04-16,노원구,13.9,8.9,18.7,0.5,0.015,0.0379,0.39,0.0023,80.0,27.0
2024-04-17,노원구,14.3,7.0,23.2,0.0,0.0204,0.025,0.45,0.0026,139.0,40.0
2024-04-18,노원구,16.1,6.8,26.8,0.0,0.0203,0.0362,0.42,0.003,122.0,34.0
2024-04-19,노원구,16.5,7.2,25.6,0.0,0.03,0.0607,0.47,0.0041,92.0,32.0
2024-04-20,노원구,14.5,12.1,17.6,5.0,0.0211,0.0443,0.45,0.0028,65.0,31.0
2024-04-21,노원구,17.0,12.7,20.8,0.0,0.0071,0.0504,0.25,0.0023,17.0,7.0
2024-04-22,노원구,18.1,12.6,24.5,0.0,0.0088,0.0563,0.25,0.0022,32.0,19.0
2024-04-23,노원구,16.4,9.2,23.0,0.0,0.0078,0.055,0.24,0.0021,21.0,12.0
2024-04-24,노원구,13.3,9.8,17.0,9.5,0.0095,0.0373,0.25,0.0021,11.0,6.0
2024-04-25,노원구,14.4,10.1,22.0,0.0,0.019,0.0474,0.37,0.0021,28.0,17.0
2024-04-26,노원구,16.8,8.0,26.8,0.0,0.0229,0.0455,0.44,0.0026,60.0,25.0
2024-04-27,노원구,17.4,6.9,28.7,0.0,0.0201,0.0482,0.4,0.0027,51.0,18.0
2024-04-28,노원구,18.9,8.3,29.7,0.0,0.0177,0.0552,0.42,0.0029,35.0,18.0
2024-04-29,노원구,19.3,12.8,26.0,0.0,0.0119,0.0578,0.3,0.0025,44.0,22.0
2024-04-30,노원구,18.8,14.6,24.2,0.0,0.0203,0.0505,0.43,0.0033,56.0,36.0
2024-05-01,노원구,17.3,11.3,24.5,0.0,0.0096,0.0527,0.27,0.0023,26.0,16.0
2024-05-02,노원구,16.6,8.3,25.7,0.0,0.0168,0.0499,0.32,0.0025,36.0,20.0
2024-05-03,노원구,18.1,6.6,28.6,0.0,0.025,0.057,0.4,0.0032,46.0,25.0
2024-05-04,노원구,19.7,9.1,30.0,0.0,0.0266,0.0729,0.49,0.0037,58.0,36.0
2024-05-05,노원구,17.4,15.1,19.1,41.5,0.0109,0.0369,0.34,0.0025,23.0,17.0
2024-05-06,노원구,14.4,13.6,16.4,12.5,0.0112,0.0455,0.34,0.0021,12.0,9.0
2024-05-07,노원구,13.6,11.2,16.0,1.0,0.0099,0.0382,0.3,0.0021,21.0,14.0
2024-05-08,노원구,14.1,5.4,22.8,0.0,0.0117,0.0351,0.26,0.0022,21.0,12.0
2024-05-09,노원구,16.2,7.4,23.7,0.0,0.0187,0.0446,0.37,0.0027,31.0,17.0
2024-05-10,노원구,18.4,9.8,25.9,0.0,0.0172,0.0509,0.36,0.0028,33.0,18.0
2024-05-11,노원구,16.6,11.8,23.0,27.5,0.0116,0.0428,0.28,0.0024,21.0,11.0
2024-05-12,노원구,16.6,10.0,23.4,0.0,0.0081,0.0419,0.28,0.0023,72.0,18.0
2024-05-13,노원구,17.4,8.0,26.5,0.0,0.0126,0.0481,0.32,0.0024,30.0,16.0
2024-05-14,노원구,17.9,8.4,26.9,0.0,0.0209,0.0475,0.35,0.0028,27.0,17.0
2024-05-15,노원구,11.9,7.3,21.2,22.5,0.014,0.0408,0.3,0.0026,21.0,11.0
2024-05-16,노원구,13.2,5.5,21.1,0.5,0.0094,0.0423,0.25,0.0024,14.0,6.0
2024-05-17,노원구,17.2,7.0,26.8,0.0,0.0222,0.0522,0.43,0.0028,40.0,21.0
2024-05-18,노원구,19.8,11.3,28.1,0.0,0.0163,0.0443,0.32,0.0027,27.0,13.0
2024-05-19,노원구,20.6,12.4,29.7,0.0,0.0086,0.0457,0.25,0.0025,23.0,12.0
2024-05-20,노원구,19.5,14.4,23.8,0.0,0.0128,0.0365,0.26,0.0029,30.0,17.0
2024-05-21,노원구,21.3,14.4,28.9,0.0,0.014,0.043,0.3,0.0024,34.0,21.0
2024-05-22,노원구,20.3,14.6,27.5,0.0,0.0175,0.0531,0.41,0.003,55.0,37.0
2024-05-23,노원구,20.9,13.6,28.9,0.0,0.0158,0.0436,0.29,0.0026,30.0,19.0
2024-05-24,노원구,20.0,15.1,25.1,0.0,0.0114,0.029,0.28,0.0023,31.0,21.0
2024-05-25,노원구,20.6,15.9,25.1,0.0,0.0116,0.0421,0.28,0.0024,29.0,16.0
2024-05-26,노원구,19.9,15.2,25.9,8.5,0.0096,0.0445,0.3,0.0024,25.0,16.0
2024-05-27,노원구,19.2,14.1,24.4,0.0,0.0072,0.0513,0.28,0.0023,22.0,9.0
2024-05-28,노원구,18.7,11.0,26.9,0.0,0.0119,0.0361,0.26,0.0022,15.0,7.0
2024-05-29,노원구,19.6,10.8,29.0,0.0,0.0186,0.0389,0.32,0.0027,24.0,12.0
2024-05-30,노원구,18.9,11.9,24.8,0.0,0.0241,0.0388,0.35,0.0026,24.0,15.0
2024-05-31,노원구,20.7,12.3,27.6,0.0,0.0143,0.0549,0.31,0.0027,25.0,16.0
2024-06-01,노원구,21.3,16.5,27.2,0.0,0.0066,0.0524,0.26,0.0022,25.0,14.0
2024-06-02,노원구,19.9,11.4,27.6,0.0,0.0072,0.0516,0.26,0.0024,21.0,11.0
2024-06-03,노원구,20.5,11.9,28.7,0.0,0.0094,0.0394,0.23,0.0021,13.0,8.0
2024-06-04,노원구,21.3,10.6,30.7,0.0,0.0126,0.0396,0.23,0.0023,17.0,9.0
2024-06-05,노원구,22.6,13.0,30.9,0.0,0.0185,0.0517,0.33,0.0028,35.0,20.0
2024-06-06,노원구,23.4,16.5,31.9,0.5,0.0179,0.0655,0.37,0.003,42.0,27.0
2024-06-07,노원구,23.0,14.6,28.8,0.5,0.0182,0.0613,0.33,0.0029,35.0,22.0
2024-06-08,노원구,19.1,16.5,25.2,17.0,0.012,0.0392,0.32,0.0024,24.0,17.0
2024-06-09,노원구,22.1,14.6,30.6,0.0,0.0109,0.051,0.34,0.0029,29.0,18.0
2024-06-10,노원구,24.6,15.6,32.3,0.0,0.0173,0.064,0.45,0.0033,45.0,28.0
2024-06-11,노원구,25.6,19.2,32.9,0.0,0.0127,0.0871,0.45,0.0029,64.0,39.0
2024-06-12,노원구,23.7,15.6,33.7,0.0,0.0158,0.0624,0.31,0.0029,31.0,17.0
2024-06-13,노원구,24.5,15.9,34.7,0.0,0.0159,0.0548,0.28,0.0027,28.0,16.0
2024-06-14,노원구,25.6,16.6,34.4,0.0,0.0178,0.055,0.3,0.0035,34.0,20.0
2024-06-15,노원구,23.7,19.6,29.5,3.5,0.0095,0.0313,0.24,0.0027,27.0,19.0
2024-06-16,노원구,24.6,16.5,31.6,0.0,0.0076,0.0506,0.28,0.0025,21.0,13.0
2024-06-17,노원구,24.2,13.9,31.9,0.0,0.0149,0.058,0.28,0.003,21.0,12.0
2024-06-18,노원구,25.1,15.3,34.8,0.0,0.0169,0.0601,0.29,0.0031,26.0,15.0
2024-06-19,노원구,26.9,17.4,37.4,0.0,0.0179,0.079,0.36,0.0032,37.0,23.0
2024-06-20,노원구,26.8,18.9,35.7,0.0,0.0167,0.0826,0.4,0.004,42.0,29.0
2024-06-21,노원구,26.8,18.1,34.9,0.0,0.0211,0.0721,0.35,0.0043,37.0,24.0
2024-06-22,노원구,23.4,21.9,26.3,14.5,0.0152,0.0334,0.37,0.0033,31.0,24.0
2024-06-23,노원구,25.3,21.8,31.5,7.0,0.0066,0.0306,0.28,0.0024,17.0,9.0
2024-06-24,노원구,24.5,19.2,30.2,0.0,0.0099,0.0565,0.32,0.0025,62.0,21.0
2024-06-25,노원구,22.9,16.0,29.1,0.0,0.0095,0.0542,0.26,0.0027,21.0,9.0
2024-06-26,노원구,23.8,15.9,32.4,0.0,0.0137,0.0493,0.29,0.0026,23.0,14.0
2024-06-27,노원구,24.1,16.2,31.6,0.0,0.0209,0.0396,0.32,0.0027,26.0,16.0
2024-06-28,노원구,25.1,16.9,34.1,0.0,0.0212,0.0727,0.36,0.0028,41.0,26.0
2024-06-29,노원구,25.3,18.1,32.2,34.0,0.0144,0.0548,0.33,0.0025,34.0,21.0
2024-06-30,노원구,24.3,22.4,27.0,40.0,0.0099,0.0309,0.29,0.0022,22.0,13.0
2024-07-01,노원구,26.0,21.5,31.9,0.0,0.0104,0.0501,0.28,0.0021,27.0,15.0
2024-07-02,노원구,22.7,21.7,24.8,66.5,0.0113,0.026,0.27,0.0021,19.0,10.0
2024-07-03,노원구,25.3,23.7,27.9,2.0,0.0113,0.0477,0.35,0.0021,24.0,14.0
2024-07-04,노원구,27.5,24.0,32.0,5.0,0.0125,0.0706,0.42,0.0022,42.0,31.0
2024-07-05,노원구,24.6,21.5,28.4,4.0,0.012,0.0574,0.37,0.0021,21.0,12.0
2024-07-06,노원구,24.9,21.4,31.1,7.0,0.0117,0.0382,0.35,0.0021,31.0,18.0
2024-07-07,노원구,24.4,20.2,28.5,22.5,0.0104,0.0514,0.37,0.0023,27.0,16.0
2024-07-08,노원구,24.0,22.3,25.8,19.5,0.0151,0.0291,0.28,0.0021,14.0,7.0
2024-07-09,노원구,24.8,22.2,27.7,0.5,0.0166,0.0257,0.31,0.0023,21.0,9.0
2024-07-10,노원구,26.2,21.8,32.7,1.0,0.0098,0.0332,0.27,0.0022,18.0,7.0
2024-07-11,노원구,26.1,22.4,31.2,,0.0162,0.0501,0.4,0.0023,39.0,25.0
2024-07-12,노원구,25.2,20.6,31.3,0.0,0.0149,0.0464,0.42,0.0022,41.0,28.0
2024-07-13,노원구,27.5,21.4,33.9,0.0,0.0123,0.0475,0.45,0.0024,50.0,38.0
2024-07-14,노원구,27.5,23.9,31.7,0.0,0.006,0.0479,0.33,0.0021,34.0,27.0
2024-07-15,노원구,27.6,22.2,32.1,0.0,0.0075,0.0411,0.24,0.002,10.0,6.0
2024-07-16,노원구,26.3,23.9,30.7,37.0,0.0094,0.0357,0.26,0.0019,12.0,6.0
2024-07-17,노원구,24.9,22.6,29.3,137.0,0.014,0.0163,0.27,0.002,11.0,4.0
2024-07-18,노원구,24.3,23.3,26.1,114.0,0.0145,0.0187,0.25,0.002,9.0,4.0
2024-07-19,노원구,27.8,23.1,32.6,0.0,0.0121,0.0479,0.32,0.0022,28.0,18.0
2024-07-20,노원구,27.3,24.7,30.6,20.5,0.0089,0.0387,0.27,0.0022,19.0,12.0
2024-07-21,노원구,26.9,22.6,30.8,9.5,0.008,0.0486,0.25,0.002,20.0,10.0
2024-07-22,노원구,26.6,23.7,28.9,56.0,0.0112,0.0141,0.23,0.002,15.0,7.0
2024-07-23,노원구,27.0,25.5,28.4,2.0,0.0095,0.0191,0.2,0.0017,13.0,7.0
2024-07-24,노원구,28.5,24.7,33.1,15.0,0.0103,0.0134,0.22,0.0018,16.0,7.0
2024-07-25,노원구,28.4,24.5,32.7,19.0,0.0111,0.0203,0.23,0.002,22.0,10.0
2024-07-26,노원구,28.1,24.2,33.7,15.5,0.0111,0.0146,0.21,0.0018,17.0,8.0
2024-07-27,노원구,28.1,26.2,33.7,52.0,0.0106,0.0109,0.24,0.0018,17.0,8.0
2024-07-28,노원구,29.8,26.1,34.3,0.5,0.0061,0.0114,0.2,0.0018,19.0,8.0
2024-07-29,노원구,28.1,27.5,28.6,0.0,0.0085,0.0163,0.19,0.0018,24.0,10.0
2024-07-30,노원구,29.5,26.9,34.0,0.0,0.009,0.0422,0.21,0.0018,27.0,14.0
2024-07-31,노원구,30.1,26.1,34.9,0.0,0.0098,0.0264,0.2,0.0018,19.0,9.0
2024-08-01,노원구,30.4,27.6,34.3,0.0,0.0098,0.0252,0.21,0.0019,20.0,10.0
2024-08-02,노원구,29.9,27.9,33.4,3.5,0.0095,0.0338,0.24,0.0019,27.0,16.0
2024-08-03,노원구,30.7,26.7,36.2,0.0,0.0058,0.0513,0.31,0.0018,33.0,26.0
2024-08-04,노원구,30.7,25.3,36.1,0.0,0.0079,0.052,0.32,0.0019,32.0,25.0
2024-08-05,노원구,29.4,24.4,34.6,20.5,0.0105,0.0495,0.2,0.0019,28.0,22.0
2024-08-06,노원구,27.8,24.0,34.1,0.0,0.012,0.047,0.26,0.002,18.0,12.0
2024-08-07,노원구,29.1,25.4,34.9,1.5,0.0098,0.0308,0.21,0.002,20.0,13.0
2024-08-08,노원구,27.7,24.8,32.5,0.0,0.012,0.0285,0.21,0.002,22.0,16.0
2024-08-09,노원구,27.8,23.8,34.7,1.0,0.0119,0.0341,0.23,0.002,27.0,18.0
2024-08-10,노원구,29.0,24.1,34.1,0.0,0.012,0.0463,0.28,0.0022,32.0,23.0
2024-08-11,노원구,29.2,26.2,34.2,0.0,0.0093,0.0426,0.28,0.0022,31.0,24.0
2024-08-12,노원구,29.4,25.6,34.5,0.0,0.0139,0.0268,0.25,0.0022,30.0,23.0
2024-08-13,노원구,29.7,25.5,36.4,0.0,,,,,28.0,19.0
2024-08-14,노원구,30.3,26.1,36.2,0.0,0.0115,0.0485,0.29,0.0028,24.0,17.0
2024-08-15,노원구,28.8,25.0,35.7,0.0,0.0081,0.0315,0.25,0.0025,20.0,14.0
2024-08-16,노원구,29.1,24.6,35.4,0.0,0.0097,0.0311,0.25,0.0024,20.0,13.0
2024-08-17,노원구,29.4,25.8,36.1,0.0,0.0084,0.0391,0.25,0.0023,18.0,13.0
2024-08-18,노원구,29.1,25.2,35.7,1.5,0.0063,0.0432,0.25,0.0023,18.0,13.0
2024-08-19,노원구,29.1,24.3,35.9,0.0,0.0112,0.0441,0.3,0.0023,25.0,19.0
2024-08-20,노원구,30.5,24.7,35.8,0.0,0.0102,0.0356,0.27,0.0022,27.0,19.0
2024-08-21,노원구,27.8,26.3,31.5,48.0,0.0103,0.0179,0.22,0.002,12.0,6.0
2024-08-22,노원구,28.4,26.5,31.4,4.0,0.0089,0.0248,0.22,0.0021,16.0,6.0
2024-08-23,노원구,28.8,24.5,34.0,0.5,0.0114,0.0651,0.35,0.0021,31.0,21.0
2024-08-24,노원구,27.0,23.6,32.9,25.5,0.0134,0.0562,0.46,0.0022,41.0,32.0
2024-08-25,노원구,26.8,23.2,33.1,0.0,0.011,0.0493,0.45,0.0022,38.0,31.0
2024-08-26,노원구,27.0,23.5,31.7,0.0,0.0126,0.0335,0.4,0.0023,36.0,27.0
2024-08-27,노원구,25.3,20.9,30.3,0.5,0.0132,0.0258,0.32,0.0021,23.0,14.0
2024-08-28,노원구,26.5,19.4,33.0,0.0,0.0097,0.0403,0.27,0.002,15.0,8.0
2024-08-29,노원구,26.7,19.4,32.9,0.0,0.0075,0.0382,0.23,0.002,11.0,5.0
2024-08-30,노원구,27.7,21.2,35.2,0.0,0.0078,0.0384,0.25,0.002,15.0,6.0
2024-08-31,노원구,25.6,19.7,33.0,0.0,0.0087,0.0554,0.33,0.0022,38.0,20.0
2024-09-01,노원구,26.6,21.0,33.3,0.0,0.0116,0.0487,0.37,0.0022,31.0,21.0
2024-09-02,노원구,24.1,21.5,27.4,1.0,0.0142,0.0278,0.32,0.0021,20.0,13.0
2024-09-03,노원구,25.8,21.3,31.6,0.0,0.0086,0.043,0.24,0.0018,13.0,5.0
2024-09-04,노원구,25.9,20.3,32.9,0.0,0.0112,0.0532,0.27,0.0021,19.0,9.0
2024-09-05,노원구,26.0,22.5,29.8,1.5,0.015,0.0394,0.33,0.0023,27.0,16.0
2024-09-06,노원구,23.7,22.2,25.0,1.0,0.0114,0.0242,0.29,0.0021,17.0,7.0
2024-09-07,노원구,25.5,21.7,31.3,0.0,0.0114,0.0496,0.34,0.0021,23.0,13.0
2024-09-08,노원구,25.6,20.0,32.5,0.0,0.0096,0.0561,0.38,0.0021,28.0,20.0
2024-09-09,노원구,26.9,21.1,33.1,0.0,0.0138,0.0522,0.38,0.0022,29.0,19.0
2024-09-10,노원구,28.1,22.8,34.8,0.0,0.0139,0.0507,0.37,0.0022,31.0,21.0
2024-09-11,노원구,27.7,22.2,36.1,2.5,0.0167,0.0453,0.34,0.0022,29.0,20.0
2024-09-12,노원구,24.9,24.0,25.9,13.5,0.0135,0.0131,0.28,0.0021,12.0,6.0
2024-09-13,노원구,25.6,23.7,27.8,3.5,0.0156,0.0073,0.3,0.0022,16.0,7.0
2024-09-14,노원구,27.8,24.5,33.3,0.5,0.0108,0.0242,0.26,0.0022,17.0,7.0
2024-09-15,노원구,26.7,23.6,31.4,0.0,0.0053,0.0204,0.24,0.002,13.0,5.0
2024-09-16,노원구,26.0,20.4,31.9,0.0,0.0067,0.031,0.24,0.0019,9.0,3.0
2024-09-17,노원구,27.7,24.0,33.8,,0.0075,0.0225,0.27,0.0021,15.0,6.0
2024-09-18,노원구,28.2,24.6,33.9,,0.0079,0.019,0.26,0.002,18.0,9.0
2024-09-19,노원구,27.8,24.2,32.6,,0.0121,0.0397,0.27,0.0021,21.0,13.0
2024-09-20,노원구,24.3,17.6,28.2,,0.0121,0.0142,0.27,0.0021,16.0,9.0
2024-09-21,노원구,19.5,17.0,22.4,,0.0058,0.0328,0.2,0.0018,4.0,1.0
2024-09-22,노원구,20.9,16.5,26.1,,0.0054,0.0271,0.21,0.0017,6.0,1.0
2024-09-23,노원구,19.1,13.5,25.7,,0.0089,0.0303,0.22,0.0019,9.0,2.0
2024-09-24,노원구,18.7,11.7,26.7,,0.014,0.0347,0.25,0.0017,13.0,5.0
2024-09-25,노원구,21.6,14.4,27.4,,0.0187,0.0289,0.31,0.0021,18.0,8.0
2024-09-26,노원구,22.9,18.8,29.2,,0.0149,0.036,0.3,0.0021,18.0,10.0
2024-09-27,노원구,21.7,16.6,28.3,0.0,0.0112,0.0298,0.28,0.0019,17.0,9.0
2024-09-28,노원구,22.3,17.6,27.9,0.0,0.0072,0.0398,0.24,0.0019,14.0,6.0
2024-09-29,노원구,21.5,15.8,28.3,0.0,0.0067,0.0383,0.24,0.0018,10.0,4.0
2024-09-30,노원구,21.1,14.7,28.3,0.0,0.0149,0.0346,0.27,0.002,14.0,5.0
2024-10-01,노원구,17.3,9.7,20.5,2.5,0.0117,0.032,0.28,0.0021,16.0,7.0
2024-10-02,노원구,12.8,7.4,20.6,0.0,0.0076,0.0345,0.25,0.002,16.0,6.0
2024-10-03,노원구,14.2,6.3,22.5,0.0,0.012,0.0269,0.29,0.002,16.0,7.0
2024-10-04,노원구,14.7,8.1,24.0,0.0,0.0175,0.0239,0.31,0.0022,16.0,7.0
2024-10-05,노원구,14.3,7.3,24.1,0.0,0.0201,0.0284,0.35,0.0023,24.0,13.0
2024-10-06,노원구,13.7,8.2,18.2,0.0,0.0207,0.012,0.41,0.0022,24.0,15.0
2024-10-07,노원구,15.5,11.8,21.6,0.0,0.0217,0.0228,0.45,0.0025,37.0,22.0
2024-10-08,노원구,15.2,9.1,23.4,0.0,0.0223,0.0167,0.49,0.0024,39.0,23.0
2024-10-09,노원구,16.3,9.8,24.2,0.0,0.0161,0.0243,0.31,0.0022,15.0,6.0
2024-10-10,노원구,16.1,11.4,23.7,0.0,0.0189,0.0294,0.33,0.0022,21.0,9.0
2024-10-11,노원구,15.9,10.2,24.2,0.0,0.0213,0.0314,0.41,0.0025,33.0,21.0
2024-10-12,노원구,15.3,8.6,25.8,0.0,0.0214,0.0354,0.43,0.0025,37.0,23.0
2024-10-13,노원구,15.7,8.2,22.6,0.0,0.018,0.0235,0.42,0.0023,30.0,18.0
2024-10-14,노원구,17.7,13.8,21.2,0.0,0.0197,0.0197,0.34,0.0025,21.0,11.0
2024-10-15,노원구,18.1,13.9,22.8,0.0,0.0177,0.0178,0.34,0.0028,18.0,11.0
2024-10-16,노원구,16.2,11.0,24.8,0.0,0.0203,0.0268,0.42,0.0026,32.0,20.0
2024-10-17,노원구,16.4,10.0,25.7,0.0,0.0275,0.0192,0.46,0.0028,37.0,22.0
2024-10-18,노원구,16.6,13.9,18.8,,0.0247,0.0096,0.44,0.0026,24.0,14.0
2024-10-19,노원구,17.1,12.4,22.4,,0.0057,0.0338,0.25,0.0021,8.0,3.0
2024-10-20,노원구,12.4,6.3,17.4,0.0,0.0044,0.0344,0.21,0.0018,14.0,3.0
2024-10-21,노원구,13.4,5.6,19.3,0.0,0.02,0.0166,0.33,0.0021,17.0,6.0
2024-10-22,노원구,15.1,13.8,16.3,20.0,0.0237,0.0059,0.38,0.0022,13.0,7.0
2024-10-23,노원구,13.0,6.9,17.7,1.0,0.0076,0.0359,0.3,0.002,14.0,6.0
2024-10-24,노원구,10.4,4.0,19.1,0.0,0.019,0.0249,0.41,0.0024,27.0,16.0
2024-10-25,노원구,12.3,5.1,21.9,0.0,0.0276,0.0126,0.5,0.0026,26.0,15.0
2024-10-26,노원구,14.1,6.8,23.6,0.0,0.0238,0.0154,0.46,0.0027,24.0,13.0
2024-10-27,노원구,14.6,11.0,19.7,0.0,0.0167,0.0241,0.4,0.0026,24.0,14.0
2024-10-28,노원구,15.2,8.6,21.1,0.0,0.0133,0.0242,0.42,0.0024,33.0,22.0
2024-10-29,노원구,13.8,10.0,18.9,0.0,0.017,0.0243,0.3,0.0022,14.0,6.0
2024-10-30,노원구,14.0,7.6,22.2,0.0,0.0205,0.0221,0.44,0.0027,26.0,14.0
2024-10-31,노원구,12.8,6.5,22.4,0.0,0.028,0.0205,0.5,0.0028,33.0,20.0
2024-11-01,노원구,13.5,8.7,18.9,0.0,0.0385,0.0097,0.58,0.0031,40.0,26.0
2024-11-02,노원구,15.6,7.8,25.0,0.0,0.0156,0.0307,0.39,0.003,34.0,21.0
2024-11-03,노원구,16.3,7.7,24.1,0.0,0.0145,0.0328,0.4,0.0027,27.0,16.0
2024-11-04,노원구,14.9,8.3,20.3,0.0,0.01,0.0401,0.3,0.0025,26.0,14.0
2024-11-05,노원구,8.6,2.5,16.4,0.0,0.0089,0.03,0.28,0.0029,28.0,11.0
2024-11-06,노원구,5.3,-1.4,13.7,0.0,0.0134,0.0291,0.33,0.003,28.0,14.0
2024-11-07,노원구,4.6,-2.7,15.2,0.0,0.031,0.0171,0.5,0.0033,43.0,24.0
2024-11-08,노원구,6.7,-2.0,18.1,0.0,0.0384,0.0137,0.54,0.0032,36.0,22.0
2024-11-09,노원구,9.4,1.6,20.4,0.0,0.0368,0.0153,0.58,0.0033,32.0,21.0
2024-11-10,노원구,11.4,5.5,20.8,0.0,0.0298,0.0179,0.55,0.0031,29.0,17.0
2024-11-11,노원구,11.5,4.7,21.5,0.0,0.0363,0.0177,0.65,0.0036,49.0,28.0
2024-11-12,노원구,12.6,5.7,19.9,0.0,0.0242,0.0271,0.49,0.0033,40.0,23.0
2024-11-13,노원구,11.4,3.2,20.3,0.0,0.0306,0.0189,0.53,0.0033,41.0,22.0
2024-11-14,노원구,13.2,9.3,16.7,0.0,0.0305,0.0137,0.5,0.0033,33.0,17.0
2024-11-15,노원구,15.4,11.4,21.3,0.0,0.0262,0.0163,0.47,0.003,32.0,15.0
2024-11-16,노원구,16.2,10.8,23.5,3.5,0.0235,0.0221,0.48,0.0031,26.0,14.0
2024-11-17,노원구,8.2,3.0,15.2,0.0,0.006,0.031,0.3,0.0026,21.0,9.0
2024-11-18,노원구,1.8,-3.5,7.8,0.0,0.0093,0.028,0.25,0.0027,18.0,7.0
2024-11-19,노원구,2.8,-4.5,11.2,0.0,0.0301,0.0116,0.42,0.0029,28.0,15.0
2024-11-20,노원구,3.7,-2.3,9.2,0.0,0.0419,0.0049,0.63,0.0034,40.0,23.0
2024-11-21,노원구,9.3,2.2,14.7,0.0,0.0324,0.0168,0.63,0.0032,57.0,36.0
2024-11-22,노원구,4.5,-1.8,11.5,0.0,0.0152,0.0287,0.38,0.0032,38.0,22.0
2024-11-23,노원구,2.9,-3.9,12.0,0.0,0.0253,0.0149,0.43,0.0031,24.0,15.0
2024-11-24,노원구,3.6,-2.8,13.4,0.0,0.0265,0.0148,0.46,0.0026,20.0,13.0
2024-11-25,노원구,8.7,-2.2,15.3,0.0,0.0256,0.0181,0.47,0.003,25.0,14.0
2024-11-26,노원구,6.2,0.5,13.1,24.0,0.0105,0.0285,0.27,0.0022,11.0,4.0
2024-11-27,노원구,-0.3,-2.2,1.6,10.0,0.0132,0.0267,0.29,0.002,10.0,6.0
2024-11-28,노원구,0.7,-4.3,4.1,0.5,0.0168,0.022,0.35,0.002,19.0,13.0
2024-11-29,노원구,-1.6,-6.8,4.6,0.0,0.0283,0.0111,0.52,0.0023,33.0,19.0
2024-11-30,노원구,1.1,-4.2,5.6,0.5,0.0296,0.0107,0.51,0.0024,26.0,16.0
2024-12-01,노원구,3.7,-2.0,8.4,0.0,0.0287,0.0088,0.68,0.0025,33.0,20.0
2024-12-02,노원구,6.2,-1.4,14.2,0.0,0.0289,0.0171,0.66,0.003,44.0,26.0
2024-12-03,노원구,1.2,-3.9,5.5,0.0,0.0115,0.0291,0.28,0.0024,17.0,6.0
2024-12-04,노원구,0.4,-5.2,7.0,0.0,0.0206,0.0227,0.4,0.0029,23.0,11.0
2024-12-05,노원구,1.5,-4.8,9.1,0.0,0.0238,0.02,0.43,0.0027,23.0,12.0
2024-12-06,노원구,0.9,-4.6,5.6,0.0,0.0128,0.0286,0.3,0.0026,25.0,8.0
2024-12-07,노원구,-1.2,-7.0,4.6,0.0,0.0154,0.0245,0.39,0.0025,24.0,11.0
2024-12-08,노원구,-1.6,-7.3,4.2,0.0,0.0159,0.0243,0.4,0.0027,24.0,13.0
2024-12-09,노원구,-2.3,-8.9,6.8,0.0,0.0331,0.0114,0.56,0.0031,34.0,17.0
2024-12-10,노원구,-0.9,-7.6,7.5,0.0,0.0369,0.0114,0.72,0.0032,44.0,27.0
2024-12-11,노원구,-0.1,-5.0,7.7,0.0,0.022,0.0237,0.66,0.0045,68.0,43.0
2024-12-12,노원구,-1.2,-8.3,5.2,0.0,0.0229,0.0186,0.48,0.0038,44.0,23.0
2024-12-13,노원구,0.4,-3.8,5.6,0.0,0.0194,0.0232,0.42,0.0033,32.0,18.0
2024-12-14,노원구,-1.9,-8.2,3.0,0.0,0.0151,0.0268,0.41,0.0027,30.0,15.0
2024-12-15,노원구,-0.2,-6.2,5.9,0.0,0.0185,0.026,0.37,0.0026,20.0,8.0
2024-12-16,노원구,-2.9,-8.8,4.5,0.0,0.0357,0.0076,0.59,0.003,31.0,17.0
2024-12-17,노원구,-2.4,-8.9,4.1,0.0,0.0258,0.0144,0.5,0.0029,28.0,16.0
2024-12-18,노원구,-4.4,-11.1,1.1,0.0,0.0178,0.0181,0.44,0.0034,34.0,17.0
2024-12-19,노원구,-4.7,-11.5,4.2,0.0,0.0356,0.009,0.72,0.0044,62.0,39.0
2024-12-20,노원구,-1.1,-6.6,3.6,0.0,0.0448,0.0052,0.76,0.0042,61.0,43.0
2024-12-21,노원구,-1.2,-7.1,1.4,1.5,0.0217,0.0196,0.56,0.0026,55.0,45.0
2024-12-22,노원구,-5.0,-11.2,0.7,0.0,0.0153,0.0265,0.39,0.0027,24.0,14.0
2024-12-23,노원구,-3.2,-11.0,6.5,0.0,0.0333,0.0141,0.58,0.0031,31.0,20.0
2024-12-24,노원구,-3.3,-10.1,4.0,0.0,0.0366,0.0117,0.62,0.0034,38.0,24.0
2024-12-25,노원구,0.2,-5.5,6.2,0.0,0.0402,0.0109,0.66,0.0036,40.0,28.0
2024-12-26,노원구,-0.4,-6.1,4.1,0.0,0.0143,0.0283,0.43,0.0029,71.0,38.0
2024-12-27,노원구,-3.0,-10.7,2.1,0.0,0.0171,0.0263,0.37,0.0028,33.0,17.0
2024-12-28,노원구,-3.5,-8.0,1.0,0.0,0.0126,0.0273,0.35,0.0028,33.0,17.0
2024-12-29,노원구,-1.5,-9.5,5.0,0.0,0.0338,0.0114,0.59,0.0031,29.0,19.0
2024-12-30,노원구,4.2,-1.9,9.9,0.0,0.0366,0.0144,0.64,0.0035,56.0,36.0
2024-12-31,노원구,0.0,-6.5,5.0,0.0,0.0173,0.0262,0.42,0.0033,56.0,24.0
2024-01-01,동대문구,3.4,-0.3,7.3,0.0,0.0301,0.0137,0.78,0.0031,23.0,17.0
2024-01-02,동대문구,3.5,2.6,4.7,0.0,0.0196,0.0258,0.52,0.0029,41.0,28.0
2024-01-03,동대문구,2.2,0.1,3.9,0.0,0.0295,0.0184,0.56,0.003,41.0,27.0
2024-01-04,동대문구,1.7,-2.6,5.0,0.0,0.0391,0.013,0.76,0.0036,54.0,35.0
2024-01-05,동대문구,5.5,2.4,9.7,0.0,0.0398,0.0183,0.87,0.0037,84.0,56.0
2024-01-06,동대문구,1.5,-1.3,5.0,1.0,0.0177,0.0253,0.43,0.0033,26.0,14.0
2024-01-07,동대문구,-3.7,-7.3,-0.4,0.0,0.0109,0.0268,0.44,0.0033,25.0,14.0
2024-01-08,동대문구,-3.9,-8.9,0.3,0.0,0.0296,0.013,0.52,0.0035,22.0,12.0
2024-01-09,동대문구,-0.7,-2.5,0.7,0.5,0.0478,0.0026,0.66,0.0035,30.0,18.0
2024-01-10,동대문구,-0.2,-3.3,4.6,0.0,0.0455,0.0062,0.91,0.0035,69.0,54.0
2024-01-11,동대문구,2.0,-1.5,4.9,0.0,0.0439,0.0078,0.76,0.0034,66.0,50.0
2024-01-12,동대문구,2.1,0.1,4.5,0.0,0.0224,0.0245,0.58,0.0036,57.0,36.0
2024-01-13,동대문구,1.2,-2.5,5.5,0.0,0.0301,0.0193,0.56,0.0038,25.0,12.0
2024-01-14,동대문구,-0.1,-2.2,2.1,1.5,0.0415,0.0072,0.83,0.0033,35.0,24.0
2024-01-15,동대문구,-2.3,-5.6,2.1,0.0,0.0189,0.0246,0.47,0.0035,22.0,11.0
2024-01-16,동대문구,-1.8,-6.5,4.1,0.0,0.04,0.0135,0.65,0.0038,31.0,16.0
2024-01-17,동대문구,0.3,-1.8,1.9,4.5,0.0509,0.0023,0.83,0.0035,37.0,26.0
2024-01-18,동대문구,4.9,1.3,9.5,0.0,0.0307,0.0133,0.59,0.0032,26.0,20.0
2024-01-19,동대문구,5.5,4.1,8.5,0.0,0.0172,0.0312,0.41,0.0028,14.0,8.0
2024-01-20,동대문구,3.5,2.1,5.2,0.0,0.013,0.0326,0.32,0.0026,5.0,1.0
2024-01-21,동대문구,1.9,-2.0,4.8,0.0,0.0157,0.0266,0.38,0.0026,10.0,6.0
2024-01-22,동대문구,-8.3,-11.7,-1.9,0.0,0.0114,0.03,0.41,0.0028,32.0,20.0
2024-01-23,동대문구,-11.3,-13.7,-8.5,0.0,0.0102,0.0311,0.36,0.0033,21.0,12.0
2024-01-24,동대문구,-7.4,-10.8,-3.5,0.0,0.0113,0.0317,0.39,0.0032,21.0,11.0
2024-01-25,동대문구,-4.3,-8.7,-0.3,0.0,0.0202,0.0243,0.47,0.0034,21.0,13.0
2024-01-26,동대문구,-1.1,-6.3,3.8,0.0,0.0362,0.018,0.67,0.0033,33.0,20.0
2024-01-27,동대문구,0.1,-3.6,4.4,0.0,0.0409,0.0207,0.89,0.0036,52.0,38.0
2024-01-28,동대문구,-0.6,-3.6,3.5,0.0,0.0248,0.0283,0.6,0.0031,32.0,22.0
2024-01-29,동대문구,0.1,-4.2,4.9,0.0,0.0404,0.0187,0.71,0.0033,42.0,29.0
2024-01-30,동대문구,1.8,-3.4,8.1,0.0,0.0527,0.0127,0.91,0.0034,57.0,39.0
2024-01-31,동대문구,5.0,0.8,10.8,0.0,0.0478,0.019,0.85,0.0039,55.0,38.0
2024-02-01,동대문구,3.1,-0.3,7.9,0.0,0.0278,0.0313,0.84,0.0037,86.0,60.0
2024-02-02,동대문구,3.6,1.6,8.1,0.0,0.0335,0.0201,0.58,0.0032,37.0,25.0
2024-02-03,동대문구,4.9,0.4,8.4,0.0,0.0344,0.015,0.55,0.0031,34.0,24.0
2024-02-04,동대문구,7.4,3.6,11.4,0.0,0.0242,0.0224,0.45,0.003,22.0,15.0
2024-02-05,동대문구,2.8,-0.1,6.5,1.0,0.015,0.0335,0.32,0.0025,6.0,2.0
2024-02-06,동대문구,1.5,0.0,3.6,0.0,0.0251,0.0243,0.41,0.0026,12.0,8.0
2024-02-07,동대문구,1.5,0.3,3.2,0.0,0.0263,0.0225,0.67,0.0026,32.0,25.0
2024-02-08,동대문구,1.6,-2.2,6.1,0.0,0.0428,0.0143,0.79,0.0031,38.0,28.0
2024-02-09,동대문구,1.7,-2.0,6.0,0.0,,,,,,
2024-02-10,동대문구,2.5,-0.5,7.5,0.0,,,,,,
2024-02-11,동대문구,1.9,-1.9,5.4,0.0,0.0201,0.0359,0.7,0.0028,90.0,51.0
2024-02-12,동대문구,4.0,-2.0,10.2,0.0,0.0351,0.0237,0.81,0.0029,70.0,50.0
2024-02-13,동대문구,8.6,2.0,14.7,0.0,0.048,0.0218,0.93,0.0033,69.0,42.0
2024-02-14,동대문구,12.9,9.2,18.1,0.0,0.0459,0.016,0.78,0.0034,55.0,32.0
2024-02-15,동대문구,5.3,1.7,12.5,5.5,0.0136,0.03,0.41,0.0023,23.0,15.0
2024-02-16,동대문구,3.2,-0.4,7.5,0.0,0.0263,0.0206,0.48,0.0024,24.0,15.0
2024-02-17,동대문구,5.1,-0.7,11.2,0.0,0.0372,0.0174,0.65,0.003,43.0,29.0
2024-02-18,동대문구,6.7,1.8,10.0,17.5,0.039,0.0096,0.69,0.0026,42.0,29.0
2024-02-19,동대문구,9.4,5.2,12.1,7.0,0.0318,0.0101,0.65,0.0026,13.0,7.0
2024-02-20,동대문구,5.1,3.9,7.6,1.0,0.0191,0.0161,0.51,0.0021,29.0,16.0
2024-02-21,동대문구,2.0,0.0,4.4,7.5,0.0166,0.0255,0.38,0.002,4.0,1.0
2024-02-22,동대문구,0.4,-1.0,1.9,4.0,0.0151,0.0302,0.33,0.002,5.0,2.0
2024-02-23,동대문구,2.0,-0.7,6.3,0.0,0.015,0.0317,0.32,0.002,3.0,4.0
2024-02-24,동대문구,2.2,-0.9,5.9,0.0,0.0139,0.0321,0.32,0.0019,12.0,7.0
2024-02-25,동대문구,3.1,0.8,6.3,0.0,0.0143,0.028,0.36,0.0019,13.0,8.0
2024-02-26,동대문구,4.4,-0.3,9.6,0.0,0.0267,0.0214,0.53,0.0023,32.0,19.0
2024-02-27,동대문구,5.2,1.3,9.7,0.0,0.0169,0.0327,0.34,0.0019,19.0,9.0
2024-02-28,동대문구,6.9,3.9,10.2,0.0,0.0285,0.0223,0.43,0.0023,33.0,17.0
2024-02-29,동대문구,5.5,0.8,10.2,0.0,0.0291,0.0229,0.62,0.0024,58.0,37.0
2024-03-01,동대문구,-3.6,-6.5,0.8,0.0,0.0068,0.0388,0.32,0.0019,37.0,11.0
2024-03-02,동대문구,-0.1,-7.0,4.0,0.0,0.0136,0.0355,0.38,0.002,37.0,13.0
2024-03-03,동대문구,4.6,1.1,8.0,0.0,0.0154,0.0402,0.63,0.002,118.0,66.0
2024-03-04,동대문구,6.0,-0.5,11.5,0.0,0.0364,0.023,0.61,0.0025,70.0,34.0
2024-03-05,동대문구,8.2,5.8,11.5,0.0,0.0306,0.0262,0.51,0.0025,45.0,22.0
2024-03-06,동대문구,6.1,3.0,10.1,0.0,0.0201,0.03,0.4,0.0019,15.0,7.0
2024-03-07,동대문구,4.3,2.2,8.5,1.0,0.0182,0.0327,0.42,0.0019,30.0,17.0
2024-03-08,동대문구,2.9,0.0,7.1,0.0,0.0121,0.0398,0.44,0.0024,42.0,23.0
2024-03-09,동대문구,2.7,-1.3,7.5,0.0,0.0133,0.0356,0.4,0.0023,34.0,17.0
2024-03-10,동대문구,5.0,-0.9,10.9,0.0,0.0228,0.031,0.47,0.0024,32.0,18.0
2024-03-11,동대문구,6.5,2.5,11.2,0.0,0.0402,0.019,0.54,0.0026,36.0,19.0
2024-03-12,동대문구,7.2,5.0,9.5,0.0,0.0384,0.0205,0.61,0.0023,33.0,20.0
2024-03-13,동대문구,7.3,2.3,12.9,0.0,0.0222,0.0409,0.52,0.0029,45.0,26.0
2024-03-14,동대문구,9.0,4.1,15.8,0.0,0.0276,0.0434,0.52,0.003,62.0,37.0
2024-03-15,동대문구,9.6,5.0,15.0,0.0,0.0278,0.0394,0.49,0.003,52.0,33.0
2024-03-16,동대문구,11.3,5.2,18.6,0.0,0.0273,0.0394,0.51,0.0031,55.0,33.0
2024-03-17,동대문구,9.5,6.2,13.2,0.0,0.0108,0.0447,0.36,0.0026,94.0,19.0
2024-03-18,동대문구,7.9,2.4,13.7,0.0,0.019,0.0351,0.35,0.0025,19.0,7.0
2024-03-19,동대문구,6.9,4.1,10.4,0.0,0.0183,0.0364,0.42,0.0022,45.0,22.0
2024-03-20,동대문구,5.0,2.2,8.8,0.0,0.0108,0.036,0.37,0.0019,38.0,23.0
2024-03-21,동대문구,6.1,1.2,11.6,0.0,0.021,0.0343,0.42,0.0025,35.0,20.0
2024-03-22,동대문구,10.4,4.1,15.7,10.0,0.0291,0.0297,0.44,0.0025,43.0,18.0
2024-03-23,동대문구,13.6,9.4,18.2,0.5,0.0147,0.0448,0.4,0.0023,59.0,24.0
2024-03-24,동대문구,15.8,10.0,23.2,0.0,0.0215,0.0326,0.43,0.0025,33.0,14.0
2024-03-25,동대문구,10.7,6.8,16.2,5.0,0.0175,0.0315,0.33,0.0022,18.0,7.0
2024-03-26,동대문구,7.3,2.6,12.1,11.5,0.0146,0.032,0.3,0.0017,6.0,2.0
2024-03-27,동대문구,10.9,5.0,16.4,0.0,0.0268,0.0233,0.42,0.0024,23.0,13.0
2024-03-28,동대문구,10.5,8.5,11.7,1.5,0.0312,0.0181,0.51,0.0028,26.0,16.0
2024-03-29,동대문구,8.2,5.9,13.0,1.5,0.0214,0.0272,0.45,0.0021,243.0,35.0
2024-03-30,동대문구,9.5,3.9,16.0,0.0,0.0232,0.0302,0.44,0.0023,90.0,19.0
2024-03-31,동대문구,11.2,4.4,17.1,0.0,0.0153,0.0345,0.39,0.0024,39.0,10.0
2024-04-01,동대문구,13.1,7.2,19.0,0.0,0.0265,0.0323,0.43,0.0028,42.0,13.0
2024-04-02,동대문구,16.1,7.5,24.4,0.0,0.0366,0.0349,0.49,0.0034,49.0,21.0
2024-04-03,동대문구,16.7,14.5,19.6,0.0,0.0353,0.0268,0.49,0.0033,42.0,21.0
2024-04-04,동대문구,15.4,12.8,20.7,0.0,0.0177,0.0386,0.36,0.0027,31.0,14.0
2024-04-05,동대문구,14.3,11.2,19.0,0.0,0.0181,0.042,0.36,0.0028,40.0,19.0
2024-04-06,동대문구,13.8,9.3,19.4,0.0,0.0329,0.0354,0.57,0.0034,67.0,39.0
2024-04-07,동대문구,15.5,8.9,23.6,0.0,0.029,0.0446,0.56,0.0033,58.0,33.0
2024-04-08,동대문구,17.0,11.5,22.8,0.0,0.0387,0.0321,0.57,0.003,55.0,27.0
2024-04-09,동대문구,15.3,11.1,20.6,0.0,0.0155,0.0434,0.34,0.0025,40.0,18.0
2024-04-10,동대문구,14.1,10.5,18.7,0.0,0.0121,0.0498,0.29,0.0026,42.0,18.0
2024-04-11,동대문구,15.8,12.2,21.2,0.0,0.0227,0.0431,0.38,0.0027,48.0,20.0
2024-04-12,동대문구,17.7,12.5,24.6,0.0,0.0295,0.0385,0.42,0.0032,52.0,26.0
2024-04-13,동대문구,19.7,12.3,27.8,0.0,0.0208,0.0422,0.35,0.0027,41.0,18.0
2024-04-14,동대문구,21.2,14.1,29.4,0.0,0.0248,0.0467,0.45,0.0036,46.0,24.0
2024-04-15,동대문구,16.5,11.9,20.7,15.0,0.0197,0.0368,0.32,0.0032,24.0,11.0
2024-04-16,동대문구,13.7,11.5,18.3,2.0,0.0178,0.0413,0.43,0.0025,74.0,24.0
2024-04-17,동대문구,15.8,10.5,22.7,0.0,0.0265,0.028,0.51,0.0027,143.0,44.0
2024-04-18,동대문구,18.0,11.3,25.8,0.0,0.0291,0.0335,0.48,0.0031,124.0,27.0
2024-04-19,동대문구,18.3,12.7,25.0,0.0,0.0286,0.0639,0.45,0.0042,95.0,29.0
2024-04-20,동대문구,15.1,13.2,17.9,5.0,0.0242,0.0417,0.47,0.003,68.0,28.0
2024-04-21,동대문구,17.4,13.8,21.0,0.0,0.0075,0.0467,0.26,0.0022,16.0,5.0
2024-04-22,동대문구,18.5,15.4,24.2,0.0,0.0119,0.0529,0.27,0.0022,32.0,16.0
2024-04-23,동대문구,17.1,12.7,24.7,0.0,0.0111,0.0504,0.26,0.0022,20.0,10.0
2024-04-24,동대문구,13.3,11.0,17.3,9.5,0.0127,0.034,0.27,0.002,11.0,5.0
2024-04-25,동대문구,14.9,10.7,21.4,0.0,0.0178,0.051,0.37,0.0022,28.0,16.0
2024-04-26,동대문구,18.4,11.7,26.5,0.0,0.0257,0.0456,0.44,0.0027,66.0,23.0
2024-04-27,동대문구,19.2,12.2,27.4,0.0,0.023,0.0484,0.45,0.003,48.0,18.0
2024-04-28,동대문구,21.2,13.2,29.4,0.0,0.0227,0.0568,0.46,0.0031,40.0,20.0
2024-04-29,동대문구,21.1,17.6,25.8,0.0,0.0155,0.0554,0.32,0.0025,41.0,19.0
2024-04-30,동대문구,19.0,16.7,22.9,0.0,0.0231,0.0493,0.46,0.0038,58.0,33.0
2024-05-01,동대문구,18.5,14.4,24.4,0.0,0.0098,0.0533,0.27,0.0024,24.0,13.0
2024-05-02,동대문구,18.9,13.7,24.4,0.0,0.0208,0.0476,0.33,0.0027,35.0,19.0
2024-05-03,동대문구,20.4,12.5,28.3,0.0,0.0308,0.0527,0.42,0.0034,47.0,25.0
2024-05-04,동대문구,22.0,14.4,29.5,0.0,0.0301,0.0693,0.5,0.004,58.0,35.0
2024-05-05,동대문구,17.8,15.9,21.2,38.0,0.0132,0.0374,0.34,0.0027,27.0,16.0
2024-05-06,동대문구,14.2,13.4,16.1,11.0,0.0084,0.0475,0.29,0.0022,9.0,5.0
2024-05-07,동대문구,13.8,12.3,15.8,1.5,0.0135,0.0332,0.33,0.002,22.0,13.0
2024-05-08,동대문구,15.5,9.0,22.0,0.0,0.0137,0.0354,0.27,0.0021,20.0,9.0
2024-05-09,동대문구,16.6,11.5,22.1,0.0,0.0176,0.0486,0.33,0.0028,30.0,15.0
2024-05-10,동대문구,18.6,13.0,24.7,0.0,0.0149,0.0577,0.33,0.0029,31.0,16.0
2024-05-11,동대문구,17.2,14.1,22.6,24.5,0.0122,0.0444,0.27,0.0026,20.0,8.0
2024-05-12,동대문구,17.5,12.5,22.7,0.0,0.0089,0.0457,0.28,0.0022,70.0,17.0
2024-05-13,동대문구,18.9,12.4,25.4,0.0,0.0173,0.0467,0.34,0.0025,30.0,14.0
2024-05-14,동대문구,19.4,12.8,25.5,0.0,0.0237,0.0495,0.34,0.0031,28.0,14.0
2024-05-15,동대문구,13.2,7.5,20.5,20.5,0.0149,0.0457,0.29,0.0027,23.0,8.0
2024-05-16,동대문구,14.5,7.7,20.1,0.5,0.0103,0.0438,0.27,0.0023,14.0,5.0
2024-05-17,동대문구,19.0,12.1,25.6,0.0,0.0196,0.0629,0.41,0.0031,45.0,21.0
2024-05-18,동대문구,20.9,16.4,26.8,0.0,0.0161,0.0464,0.32,0.0028,28.0,12.0
2024-05-19,동대문구,21.9,16.4,28.9,0.0,0.011,0.0478,0.27,0.0027,26.0,12.0
2024-05-20,동대문구,20.2,17.7,23.3,0.0,0.0146,0.0353,0.27,0.0032,31.0,16.0
2024-05-21,동대문구,22.3,16.8,28.8,0.0,0.0149,0.0474,0.32,0.0025,41.0,25.0
2024-05-22,동대문구,21.4,17.5,26.6,0.0,0.0201,0.0504,0.44,0.0033,59.0,40.0
2024-05-23,동대문구,21.3,16.8,27.4,0.0,0.0183,0.0371,0.31,0.0029,30.0,19.0
2024-05-24,동대문구,20.6,16.3,25.3,0.0,0.0133,0.0343,0.3,0.0023,34.0,23.0
2024-05-25,동대문구,21.4,19.3,24.5,0.0,0.014,0.0417,0.29,0.0025,32.0,18.0
2024-05-26,동대문구,20.2,17.5,24.6,8.0,0.0091,0.046,0.29,0.0024,26.0,14.0
2024-05-27,동대문구,19.3,15.1,23.5,0.0,0.0084,0.049,0.32,0.0023,25.0,10.0
2024-05-28,동대문구,20.6,14.9,26.3,0.0,0.0123,0.0379,0.27,0.0023,17.0,7.0
2024-05-29,동대문구,22.0,15.9,28.2,0.0,0.023,0.0387,0.34,0.0031,25.0,12.0
2024-05-30,동대문구,21.3,16.4,25.3,0.0,0.0276,0.0418,0.39,0.0029,28.0,15.0
2024-05-31,동대문구,20.8,17.9,26.1,0.0,0.0155,0.0537,0.31,0.0028,24.0,13.0
2024-06-01,동대문구,21.2,18.0,26.4,0.0,0.0083,0.0505,0.27,0.0023,27.0,13.0
2024-06-02,동대문구,21.4,16.6,27.1,0.0,0.0077,0.0554,0.27,0.0026,21.0,9.0
2024-06-03,동대문구,22.3,16.2,28.6,0.0,0.0105,0.0365,0.24,0.0022,15.0,7.0
2024-06-04,동대문구,23.2,16.5,30.0,0.0,0.0126,0.0434,0.25,0.0022,18.0,8.0
2024-06-05,동대문구,24.4,18.5,31.2,0.0,0.0241,0.0536,0.39,0.003,39.0,22.0
2024-06-06,동대문구,24.7,20.2,31.7,0.5,0.0224,0.0628,0.41,0.0031,43.0,28.0
2024-06-07,동대문구,23.9,19.3,29.2,0.0,0.0196,0.0586,0.35,0.0031,31.0,19.0
2024-06-08,동대문구,20.4,17.5,24.9,18.0,0.0125,0.045,0.31,0.0024,25.0,17.0
2024-06-09,동대문구,23.3,17.5,29.4,0.0,0.0134,0.0522,0.36,0.0031,30.0,18.0
2024-06-10,동대문구,25.0,19.7,31.4,0.0,0.0153,0.0732,0.44,0.0037,47.0,28.0
2024-06-11,동대문구,25.7,22.2,32.7,0.0,0.0126,0.0919,0.46,0.0029,68.0,39.0
2024-06-12,동대문구,25.5,20.0,33.1,0.0,0.0168,0.0663,0.34,0.0033,33.0,17.0
2024-06-13,동대문구,27.3,19.9,33.8,0.0,0.0183,0.0575,0.32,0.0031,33.0,16.0
2024-06-14,동대문구,27.1,21.7,34.0,0.0,0.0218,0.0541,0.34,0.0041,36.0,21.0
2024-06-15,동대문구,24.5,20.9,28.8,4.0,0.0109,0.0343,0.25,0.0032,28.0,19.0
2024-06-16,동대문구,25.0,20.4,30.9,0.0,0.0087,0.0537,0.29,0.0028,23.0,12.0
2024-06-17,동대문구,25.6,19.5,31.1,0.0,0.0184,0.0567,0.31,0.0032,22.0,11.0
2024-06-18,동대문구,26.6,20.1,33.5,0.0,0.0206,0.0576,0.32,0.0037,27.0,14.0
2024-06-19,동대문구,29.2,21.8,36.6,0.0,0.0195,0.0855,0.39,0.0036,40.0,25.0
2024-06-20,동대문구,29.8,24.0,35.8,0.0,0.0175,0.0883,0.41,0.004,44.0,29.0
2024-06-21,동대문구,28.8,23.6,34.5,0.0,0.0243,0.0696,0.38,0.0027,39.0,24.0
2024-06-22,동대문구,24.0,22.0,26.9,17.0,0.0178,0.0365,0.39,0.0027,34.0,25.0
2024-06-23,동대문구,25.0,22.0,30.4,5.0,0.0073,0.0382,0.28,0.0027,17.0,9.0
2024-06-24,동대문구,24.6,22.0,28.7,0.0,0.0105,0.0605,0.33,0.0025,60.0,22.0
2024-06-25,동대문구,23.2,20.0,27.6,0.0,0.0097,0.0541,0.26,0.0024,20.0,9.0
2024-06-26,동대문구,25.1,19.4,31.5,0.0,0.0146,0.0579,0.3,0.0026,26.0,13.0
2024-06-27,동대문구,26.7,20.7,31.6,0.0,0.0183,0.0609,0.33,0.0027,30.0,16.0
2024-06-28,동대문구,27.1,21.0,33.3,0.0,0.0197,0.0788,0.37,0.0027,40.0,26.0
2024-06-29,동대문구,26.4,22.0,32.3,31.0,0.0125,0.0633,0.34,0.0028,32.0,21.0
2024-06-30,동대문구,23.9,22.3,26.4,35.0,0.0061,0.0403,0.27,0.0027,21.0,12.0
2024-07-01,동대문구,26.6,22.5,31.9,0.0,0.0112,0.0627,0.31,0.0028,29.0,15.0
2024-07-02,동대문구,23.3,21.5,26.0,60.5,0.0157,0.0255,0.32,0.003,19.0,10.0
2024-07-03,동대문구,25.0,23.6,26.9,1.0,0.0089,0.0547,0.37,0.003,27.0,14.0
2024-07-04,동대문구,27.1,23.5,31.3,4.5,0.0097,0.0749,0.43,0.0029,42.0,32.0
2024-07-05,동대문구,24.0,21.2,26.9,3.5,0.0104,0.0623,0.37,0.0029,21.0,11.0
2024-07-06,동대문구,25.3,21.6,31.0,6.0,0.0124,0.0361,0.35,0.003,32.0,18.0
2024-07-07,동대문구,24.5,21.6,29.5,21.5,0.0094,0.0538,0.37,0.0029,24.0,14.0
2024-07-08,동대문구,24.0,23.0,25.3,21.5,0.0132,0.0318,0.27,0.003,11.0,6.0
2024-07-09,동대문구,24.6,22.8,27.1,0.5,0.0134,0.0334,0.28,0.0032,15.0,8.0
2024-07-10,동대문구,26.4,22.9,32.0,3.0,0.0102,0.0406,0.27,0.003,14.0,5.0
2024-07-11,동대문구,26.2,23.6,29.5,0.0,0.0179,0.0521,0.44,0.0028,39.0,27.0
2024-07-12,동대문구,26.2,22.0,30.7,0.0,0.0182,0.0455,0.46,0.0028,39.0,26.0
2024-07-13,동대문구,28.4,23.8,33.6,0.0,0.0125,0.0596,0.48,0.0028,54.0,41.0
2024-07-14,동대문구,28.0,24.8,31.7,0.0,0.0065,0.0491,0.35,0.0027,36.0,27.0
2024-07-15,동대문구,28.4,24.8,32.2,0.0,0.0081,0.0458,0.25,0.0027,12.0,6.0
2024-07-16,동대문구,26.7,24.0,31.8,29.0,0.011,0.0339,0.29,0.0026,14.0,7.0
2024-07-17,동대문구,25.4,22.8,29.5,112.5,0.0123,0.0154,0.25,0.0028,12.0,4.0
2024-07-18,동대문구,24.5,23.2,26.8,124.0,0.0158,0.0194,0.27,0.0028,10.0,4.0
2024-07-19,동대문구,27.7,24.0,32.1,0.0,0.0108,0.0496,0.32,0.0028,27.0,19.0
2024-07-20,동대문구,27.2,25.2,31.0,22.0,0.0084,0.0413,0.26,0.0028,19.0,11.0
2024-07-21,동대문구,27.0,22.7,30.7,10.5,0.006,0.0503,0.23,0.0027,21.0,10.0
2024-07-22,동대문구,26.9,24.0,28.9,48.0,0.0103,0.0134,0.23,0.0028,16.0,7.0
2024-07-23,동대문구,27.0,26.0,28.1,3.5,0.0084,0.0178,0.2,0.0028,13.0,6.0
2024-07-24,동대문구,28.5,25.3,32.4,16.5,0.0111,0.0132,0.23,0.0029,16.0,7.0
2024-07-25,동대문구,28.8,24.6,33.3,8.0,0.0115,0.0175,0.24,0.0029,24.0,11.0
2024-07-26,동대문구,28.9,25.0,34.7,9.0,0.0119,0.0185,0.22,0.0028,17.0,9.0
2024-07-27,동대문구,28.8,26.7,33.3,35.5,0.0098,0.0135,0.23,0.0026,18.0,9.0
2024-07-28,동대문구,29.7,27.5,33.6,0.0,0.005,0.0136,0.19,0.0025,19.0,8.0
2024-07-29,동대문구,27.8,27.2,28.4,0.0,0.0068,0.0195,0.18,0.0026,26.0,10.0
2024-07-30,동대문구,29.1,26.7,32.7,0.0,0.0094,0.0406,0.22,0.0024,29.0,15.0
2024-07-31,동대문구,29.9,27.1,34.4,0.0,0.0077,0.0288,0.19,0.0025,20.0,9.0
2024-08-01,동대문구,30.2,27.7,34.4,0.0,0.008,0.0313,0.21,0.0025,23.0,11.0
2024-08-02,동대문구,29.8,28.6,33.5,1.0,0.0082,0.0418,0.26,0.0024,32.0,18.0
2024-08-03,동대문구,31.0,27.6,35.4,0.0,0.0061,0.06,0.32,0.0022,39.0,29.0
2024-08-04,동대문구,31.7,27.6,36.6,3.0,0.008,0.0615,0.37,0.0023,36.0,26.0
2024-08-05,동대문구,28.8,25.2,34.0,32.0,0.0122,0.0476,0.34,0.0022,31.0,23.0
2024-08-06,동대문구,28.7,24.9,33.8,2.0,0.012,0.0449,0.3,0.0022,18.0,10.0
2024-08-07,동대문구,29.9,26.8,34.2,1.5,0.0106,0.0318,0.27,0.0022,22.0,13.0
2024-08-08,동대문구,28.7,26.6,31.6,0.5,0.0124,0.031,0.27,0.0023,23.0,16.0
2024-08-09,동대문구,29.1,26.0,34.3,5.5,0.013,0.0406,0.3,0.0022,31.0,21.0
2024-08-10,동대문구,30.2,26.1,34.1,0.0,0.0138,0.0491,0.36,0.0024,37.0,26.0
2024-08-11,동대문구,30.6,28.1,34.5,0.0,0.0096,0.0467,0.34,0.0023,35.0,26.0
2024-08-12,동대문구,31.1,27.8,34.8,0.5,0.0147,0.0428,0.33,0.0023,34.0,23.0
2024-08-13,동대문구,31.0,28.0,36.1,0.0,0.0109,0.039,0.29,0.002,27.0,19.0
2024-08-14,동대문구,31.0,28.3,36.5,0.0,0.0134,0.0494,0.31,0.0022,28.0,19.0
2024-08-15,동대문구,30.1,27.3,35.5,0.0,0.0101,0.043,0.29,0.0021,24.0,17.0
2024-08-16,동대문구,30.6,27.2,35.8,0.0,0.0111,0.0435,0.28,0.0021,24.0,15.0
2024-08-17,동대문구,30.4,28.0,35.4,0.0,0.0109,0.0485,0.29,0.0021,24.0,16.0
2024-08-18,동대문구,29.4,25.8,35.8,9.0,0.0073,0.0473,0.27,0.002,21.0,14.0
2024-08-19,동대문구,30.3,25.9,35.7,0.0,0.012,0.0533,0.33,0.002,27.0,18.0
2024-08-20,동대문구,31.4,27.2,36.3,0.0,0.0106,0.0399,0.28,0.0021,29.0,20.0
2024-08-21,동대문구,28.3,26.5,31.0,39.5,0.0092,0.0157,0.22,0.0017,16.0,7.0
2024-08-22,동대문구,28.7,26.8,31.0,3.0,0.0087,0.0243,0.22,0.0019,19.0,6.0
2024-08-23,동대문구,28.7,25.9,32.8,1.5,0.0107,0.0667,0.36,0.002,34.0,22.0
2024-08-24,동대문구,28.1,25.5,31.5,2.5,0.0139,0.058,0.46,0.0019,44.0,34.0
2024-08-25,동대문구,27.9,24.9,33.4,0.5,0.0124,0.0537,0.49,0.002,46.0,36.0
2024-08-26,동대문구,28.0,25.1,31.8,0.0,0.0187,0.0366,0.48,0.002,42.0,31.0
2024-08-27,동대문구,26.9,25.1,30.6,0.0,0.0142,0.0268,0.34,0.0019,25.0,14.0
2024-08-28,동대문구,28.3,23.1,33.9,0.0,0.0103,0.0399,0.29,0.0019,16.0,8.0
2024-08-29,동대문구,28.3,23.7,33.3,0.0,0.0084,0.0381,0.25,0.0018,11.0,4.0
2024-08-30,동대문구,28.6,23.8,34.3,0.0,0.0091,0.0363,0.27,0.0019,16.0,6.0
2024-08-31,동대문구,28.2,22.8,33.4,0.0,0.0083,0.0565,0.35,0.0021,40.0,20.0
2024-09-01,동대문구,27.5,24.2,32.3,0.0,0.0105,0.0463,0.39,0.0022,33.0,21.0
2024-09-02,동대문구,24.9,21.8,28.0,1.5,0.0154,0.0277,0.36,0.0019,23.0,13.0
2024-09-03,동대문구,27.0,23.4,32.0,0.0,0.0092,0.0399,0.26,0.0016,14.0,4.0
2024-09-04,동대문구,27.9,23.3,32.8,0.0,0.0119,0.0505,0.32,0.0021,22.0,10.0
2024-09-05,동대문구,26.7,25.5,29.5,3.5,0.0119,0.0427,0.32,0.0023,26.0,14.0
2024-09-06,동대문구,23.8,23.1,26.0,3.5,0.0129,0.0252,0.33,0.0017,18.0,8.0
2024-09-07,동대문구,26.6,22.7,32.0,0.0,0.0101,0.0546,0.35,0.0018,24.0,15.0
2024-09-08,동대문구,27.4,22.9,32.1,0.0,0.0092,0.0641,0.41,0.0019,32.0,23.0
2024-09-09,동대문구,28.9,24.4,34.0,0.0,0.0139,0.0536,0.41,0.002,30.0,20.0
2024-09-10,동대문구,29.8,25.7,34.6,0.0,0.0156,0.0515,0.4,0.0021,34.0,23.0
2024-09-11,동대문구,29.3,25.7,36.5,0.0,0.0168,0.0534,0.38,0.0021,35.0,25.0
2024-09-12,동대문구,25.2,24.8,27.7,21.5,0.0142,0.0121,0.31,0.0017,12.0,6.0
2024-09-13,동대문구,26.0,24.2,28.4,15.5,0.0137,0.0091,0.29,0.0019,17.0,8.0
2024-09-14,동대문구,28.5,24.9,32.6,0.0,0.0095,0.0254,0.25,0.0019,14.0,7.0
2024-09-15,동대문구,27.2,24.2,31.5,0.0,0.0059,0.0217,0.25,0.0018,14.0,6.0
2024-09-16,동대문구,26.7,20.6,32.7,17.0,0.0061,0.0349,0.24,0.0017,7.0,3.0
2024-09-17,동대문구,28.7,25.7,33.6,0.0,0.0088,0.0226,0.28,0.0017,15.0,7.0
2024-09-18,동대문구,29.5,26.0,34.1,6.5,0.008,0.0233,0.28,0.0018,20.0,13.0
2024-09-19,동대문구,29.2,25.5,33.5,0.0,0.0138,0.0349,0.3,0.0021,22.0,14.0
2024-09-20,동대문구,24.7,17.4,28.8,50.0,0.0133,0.0126,0.28,0.0019,16.0,9.0
2024-09-21,동대문구,19.5,17.0,22.3,34.5,0.0063,0.0323,0.22,0.0016,6.0,1.0
2024-09-22,동대문구,21.4,18.2,26.6,0.0,0.005,0.028,0.22,0.0016,7.0,1.0
2024-09-23,동대문구,20.9,16.3,25.4,0.0,0.0079,0.0337,0.23,0.0015,9.0,3.0
2024-09-24,동대문구,20.9,15.9,26.4,0.0,0.012,0.0377,0.26,0.0016,13.0,4.0
2024-09-25,동대문구,23.3,18.4,28.4,0.0,0.018,0.0325,0.32,0.002,19.0,8.0
2024-09-26,동대문구,23.9,20.9,28.8,0.0,0.0155,0.0365,0.33,0.002,21.0,11.0
2024-09-27,동대문구,23.0,19.2,28.6,0.0,0.0134,0.0316,0.31,0.0019,18.0,9.0
2024-09-28,동대문구,23.4,20.4,27.7,0.0,0.0076,0.0428,0.26,0.0017,15.0,6.0
2024-09-29,동대문구,23.4,19.1,28.7,0.0,0.0059,0.0429,0.25,0.0016,10.0,4.0
2024-09-30,동대문구,23.1,18.9,28.8,0.0,0.0128,0.0436,0.31,0.0019,15.0,6.0
2024-10-01,동대문구,18.7,14.5,22.4,2.5,0.0124,0.035,0.31,0.0018,16.0,7.0
2024-10-02,동대문구,15.6,12.2,19.8,0.0,0.0083,0.0367,0.27,0.0016,15.0,6.0
2024-10-03,동대문구,16.3,11.1,21.8,0.0,0.013,0.0283,0.29,0.0016,16.0,7.0
2024-10-04,동대문구,17.6,12.2,24.0,0.0,0.0178,0.0238,0.34,0.0018,17.0,8.0
2024-10-05,동대문구,17.4,11.9,24.3,0.0,0.02,0.03,0.39,0.0021,25.0,13.0
2024-10-06,동대문구,15.7,12.9,18.1,0.0,0.022,0.0137,0.45,0.0022,23.0,14.0
2024-10-07,동대문구,17.2,14.2,21.3,0.0,0.0222,0.0226,0.52,0.0024,39.0,22.0
2024-10-08,동대문구,17.9,12.9,23.3,0.0,0.0175,0.0212,0.47,0.0024,35.0,21.0
2024-10-09,동대문구,18.7,13.4,23.9,0.0,0.0131,0.0299,0.33,0.002,14.0,7.0
2024-10-10,동대문구,18.6,15.6,23.8,0.0,0.0179,0.0291,0.35,0.0021,20.0,10.0
2024-10-11,동대문구,18.7,14.3,24.7,0.0,0.0184,0.0414,0.41,0.0024,34.0,21.0
2024-10-12,동대문구,18.5,13.3,25.1,0.0,0.0228,0.0366,0.49,0.0024,39.0,24.0
2024-10-13,동대문구,18.5,13.2,22.8,0.0,0.0156,0.0285,0.42,0.0022,28.0,18.0
2024-10-14,동대문구,19.4,17.4,21.8,0.0,0.0212,0.0201,0.37,0.0022,21.0,11.0
2024-10-15,동대문구,19.3,17.2,22.2,0.5,0.0198,0.0187,0.4,0.0022,20.0,12.0
2024-10-16,동대문구,18.5,15.1,24.3,0.0,0.0252,0.0232,0.52,0.0022,36.0,23.0
2024-10-17,동대문구,19.2,14.0,25.9,0.0,0.0276,0.0234,0.51,0.0027,40.0,22.0
2024-10-18,동대문구,17.5,16.1,19.1,42.5,0.0233,0.0131,0.41,0.0023,25.0,14.0
2024-10-19,동대문구,16.9,12.8,21.5,1.0,0.0073,0.0339,0.28,0.0019,8.0,3.0
2024-10-20,동대문구,13.5,11.2,17.4,0.0,0.0051,0.0352,0.23,0.0018,13.0,3.0
2024-10-21,동대문구,14.9,10.0,20.0,0.0,0.0202,0.0195,0.33,0.0019,18.0,5.0
2024-10-22,동대문구,15.3,14.5,16.4,21.0,0.0248,0.0067,0.4,0.0022,15.0,7.0
2024-10-23,동대문구,13.4,10.8,16.4,3.0,0.0086,0.0364,0.34,0.002,15.0,6.0
2024-10-24,동대문구,12.9,7.8,18.9,0.0,0.0221,0.023,0.47,0.0021,29.0,15.0
2024-10-25,동대문구,15.1,9.2,22.2,0.0,0.0281,0.0141,0.52,0.0023,29.0,15.0
2024-10-26,동대문구,17.1,10.9,23.6,0.0,0.0254,0.0172,0.5,0.0025,25.0,13.0
2024-10-27,동대문구,16.3,14.3,19.8,0.0,0.0176,0.0254,0.44,0.0025,29.0,16.0
2024-10-28,동대문구,15.8,12.3,20.8,0.0,0.0157,0.0216,0.44,0.0022,31.0,19.0
2024-10-29,동대문구,15.3,13.6,18.7,0.0,0.0183,0.0248,0.35,0.0021,15.0,6.0
2024-10-30,동대문구,16.1,11.2,21.7,0.0,0.0229,0.0264,0.49,0.0025,30.0,16.0
2024-10-31,동대문구,15.9,11.1,22.6,0.0,0.0323,0.0207,0.56,0.0027,36.0,20.0
2024-11-01,동대문구,15.4,12.8,19.0,0.0,0.0398,0.0117,0.59,0.0028,40.0,23.0
2024-11-02,동대문구,18.5,13.6,24.8,0.0,0.0184,0.0302,0.42,0.0026,34.0,20.0
2024-11-03,동대문구,17.9,12.8,23.3,0.0,0.0118,0.0377,0.36,0.0023,27.0,15.0
2024-11-04,동대문구,15.5,10.6,19.8,0.0,0.009,0.0458,0.32,0.0023,26.0,13.0
2024-11-05,동대문구,10.6,7.2,15.7,0.0,0.0101,0.03,0.3,0.0027,26.0,10.0
2024-11-06,동대문구,8.8,5.0,13.2,0.0,0.0122,0.0282,0.33,0.0025,25.0,10.0
2024-11-07,동대문구,8.6,2.7,15.4,0.0,0.0305,0.0181,0.53,0.0025,47.0,25.0
2024-11-08,동대문구,10.6,4.2,17.9,0.0,0.0364,0.017,0.6,0.0025,39.0,22.0
2024-11-09,동대문구,13.1,7.1,20.4,0.0,0.0363,0.0178,0.59,0.0026,36.0,20.0
2024-11-10,동대문구,14.4,10.2,20.8,0.0,0.0257,0.0239,0.49,0.0024,27.0,16.0
2024-11-11,동대문구,15.0,9.8,21.6,0.0,0.0305,0.0284,0.64,0.0031,52.0,27.0
2024-11-12,동대문구,15.1,11.9,19.5,0.0,0.0174,0.0355,0.46,0.0028,38.0,21.0
2024-11-13,동대문구,14.6,8.8,20.7,0.0,0.0334,0.0185,0.6,0.0028,43.0,21.0
2024-11-14,동대문구,15.0,13.3,16.9,0.0,0.0337,0.0118,0.5,0.0028,36.0,17.0
2024-11-15,동대문구,17.2,13.7,21.3,0.0,0.0264,0.0181,0.48,0.0027,30.0,16.0
2024-11-16,동대문구,17.4,14.6,23.5,4.0,0.0222,0.025,0.47,0.0028,25.0,14.0
2024-11-17,동대문구,8.1,3.8,15.1,0.0,0.0058,0.0308,0.32,0.0022,19.0,9.0
2024-11-18,동대문구,3.7,1.4,7.4,0.0,0.0096,0.0276,0.28,0.002,16.0,5.0
2024-11-19,동대문구,6.2,0.9,11.1,0.0,0.029,0.0122,0.42,0.002,28.0,12.0
2024-11-20,동대문구,6.7,3.3,9.9,0.0,0.0403,0.0044,0.61,0.0024,41.0,22.0
2024-11-21,동대문구,10.0,5.8,14.0,0.0,0.0304,0.0167,0.66,0.0027,59.0,36.0
2024-11-22,동대문구,7.5,4.3,10.7,0.0,0.0121,0.0297,0.41,0.0026,35.0,19.0
2024-11-23,동대문구,6.9,2.3,11.8,0.0,0.025,0.0154,0.46,0.002,27.0,14.0
2024-11-24,동대문구,7.9,3.2,13.2,0.0,0.0272,0.0146,0.52,0.002,21.0,11.0
2024-11-25,동대문구,10.6,3.8,15.4,0.0,0.0256,0.017,0.45,0.0021,25.0,13.0
2024-11-26,동대문구,6.0,0.7,13.2,25.0,0.0106,0.0274,0.32,0.0016,10.0,4.0
2024-11-27,동대문구,0.0,-1.3,1.8,12.5,0.0125,0.0264,0.33,0.0012,10.0,5.0
2024-11-28,동대문구,1.6,-0.3,5.1,2.0,0.0149,0.023,0.4,0.0014,19.0,11.0
2024-11-29,동대문구,1.4,-2.6,4.5,0.0,0.0254,0.0139,0.47,0.002,33.0,17.0
2024-11-30,동대문구,3.5,0.4,6.5,0.5,0.0311,0.0094,0.56,0.0021,28.0,16.0
2024-12-01,동대문구,5.7,1.8,8.7,0.0,0.0261,0.0086,0.59,0.0019,33.0,21.0
2024-12-02,동대문구,7.4,2.3,13.6,0.0,0.027,0.0172,0.64,0.0023,49.0,29.0
2024-12-03,동대문구,2.0,-1.3,5.2,0.0,0.0148,0.0249,0.33,0.002,18.0,7.0
2024-12-04,동대문구,3.2,-0.2,6.4,0.0,0.0199,0.0225,0.4,0.0024,23.0,10.0
2024-12-05,동대문구,4.1,-0.3,8.6,1.0,0.023,0.0208,0.45,0.0023,23.0,10.0
2024-12-06,동대문구,2.6,0.1,5.6,0.0,0.0103,0.0302,0.34,0.0022,24.0,8.0
2024-12-07,동대문구,0.5,-1.4,4.0,0.0,0.0121,0.0267,0.39,0.0021,24.0,11.0
2024-12-08,동대문구,0.1,-3.0,3.9,0.0,0.0089,0.0295,0.37,0.0022,22.0,11.0
2024-12-09,동대문구,1.3,-3.5,6.9,0.0,0.0333,0.0108,0.6,0.0024,35.0,17.0
2024-12-10,동대문구,2.6,-1.9,6.8,0.0,0.0332,0.0149,0.77,0.0026,43.0,26.0
2024-12-11,동대문구,3.6,0.8,7.6,0.0,0.0289,0.0172,0.8,0.0037,63.0,37.0
2024-12-12,동대문구,1.6,-1.4,5.1,0.0,0.025,0.0152,0.61,0.0031,46.0,23.0
2024-12-13,동대문구,1.7,-0.7,4.9,0.0,0.0177,0.0242,0.43,0.0026,28.0,15.0
2024-12-14,동대문구,0.0,-2.6,2.4,0.0,0.0132,0.0271,0.44,0.0022,29.0,14.0
2024-12-15,동대문구,1.6,-0.8,5.6,0.0,0.0132,0.0297,0.35,0.0022,19.0,8.0
2024-12-16,동대문구,0.3,-3.0,4.5,0.0,0.0329,0.0108,0.59,0.0025,31.0,15.0
2024-12-17,동대문구,-0.3,-3.0,3.7,0.0,0.0186,0.0218,0.44,0.0024,25.0,13.0
2024-12-18,동대문구,-2.8,-5.2,1.0,0.0,0.0137,0.0211,0.44,0.0029,30.0,14.0
2024-12-19,동대문구,-1.1,-6.1,4.0,0.0,0.0336,0.0087,0.71,0.0036,55.0,28.0
2024-12-20,동대문구,0.8,-1.9,4.8,0.0,0.0465,0.0036,0.87,0.0034,61.0,36.0
2024-12-21,동대문구,-0.7,-4.2,1.8,1.5,0.019,0.0202,0.63,0.0021,54.0,38.0
2024-12-22,동대문구,-2.9,-6.4,0.8,0.0,0.0111,0.0289,0.36,0.0022,20.0,8.0
2024-12-23,동대문구,0.2,-5.3,6.0,0.0,0.0304,0.0155,0.59,0.0024,29.0,15.0
2024-12-24,동대문구,0.3,-3.3,4.2,0.0,0.0265,0.0193,0.53,0.0026,33.0,17.0
2024-12-25,동대문구,2.7,-1.3,6.0,0.0,0.0339,0.0141,0.63,0.0027,36.0,20.0
2024-12-26,동대문구,0.5,-4.5,4.5,0.0,0.0144,0.026,0.5,0.0023,65.0,30.0
2024-12-27,동대문구,-2.2,-4.9,1.5,0.0,0.0131,0.0285,0.36,0.0024,30.0,11.0
2024-12-28,동대문구,-2.5,-5.6,0.5,0.0,0.0099,0.0288,0.36,0.0024,28.0,12.0
2024-12-29,동대문구,1.1,-4.1,5.1,0.0,0.0264,0.0169,0.52,0.0023,26.0,12.0
2024-12-30,동대문구,5.7,1.9,10.0,0.0,0.0384,0.0142,0.75,0.0027,55.0,30.0
2024-12-31,동대문구,1.1,-1.0,5.4,0.0,0.0133,0.0279,0.38,0.0025,52.0,16.0
2024-01-01,중랑구,3.6,-0.1,7.4,0.0,0.0304,0.0126,0.66,0.0024,21.0,15.0
2024-01-02,중랑구,3.7,2.7,4.7,0.0,0.0249,0.0213,0.5,0.0025,36.0,29.0
2024-01-03,중랑구,2.4,0.1,3.7,0.5,0.0323,0.0144,0.52,0.0025,35.0,27.0
2024-01-04,중랑구,1.9,-2.5,5.0,0.0,0.0361,0.0116,0.65,0.0027,47.0,36.0
2024-01-05,중랑구,5.8,2.8,9.3,0.0,0.0328,0.022,0.73,0.0029,72.0,56.0
2024-01-06,중랑구,1.7,-0.8,5.2,1.5,0.022,0.0213,0.42,0.0026,23.0,15.0
2024-01-07,중랑구,-3.5,-7.0,0.0,0.0,0.0125,0.0244,0.41,0.0025,21.0,14.0
2024-01-08,중랑구,-4.0,-8.9,0.0,0.0,0.0255,0.0126,0.46,0.0022,20.0,13.0
2024-01-09,중랑구,-0.7,-2.6,0.4,1.0,0.0383,0.0044,0.49,0.0025,26.0,19.0
2024-01-10,중랑구,0.0,-3.0,4.1,0.0,0.0425,0.0062,0.77,0.0025,60.0,52.0
2024-01-11,중랑구,2.1,-1.4,4.8,0.0,0.0464,0.0063,0.68,0.0029,58.0,50.0
2024-01-12,중랑구,2.2,0.2,4.8,0.0,0.0285,0.0213,0.56,0.003,49.0,38.0
2024-01-13,중랑구,1.0,-2.1,5.4,0.0,0.0286,0.0165,0.47,0.0028,20.0,12.0
2024-01-14,중랑구,0.1,-1.9,2.2,2.5,0.0376,0.0068,0.67,0.0025,29.0,23.0
2024-01-15,중랑구,-2.4,-5.5,2.3,0.0,0.0189,0.0241,0.4,0.0027,19.0,10.0
2024-01-16,중랑구,-1.8,-6.6,3.7,0.0,0.0275,0.0174,0.45,0.0027,24.0,16.0
2024-01-17,중랑구,0.4,-1.8,1.8,8.0,0.0448,0.0028,0.64,0.0026,32.0,26.0
2024-01-18,중랑구,4.9,1.5,9.2,0.5,0.0274,0.016,0.46,0.0026,23.0,18.0
2024-01-19,중랑구,5.4,4.4,8.4,0.0,0.0123,0.0331,0.33,0.0023,12.0,7.0
2024-01-20,중랑구,3.6,2.1,5.1,0.5,0.0093,0.0325,0.26,0.0021,5.0,2.0
2024-01-21,중랑구,2.2,-1.8,4.5,0.0,0.0157,0.0243,0.35,0.0021,9.0,5.0
2024-01-22,중랑구,-7.9,-11.3,-1.7,0.0,0.0122,0.0259,0.39,0.0019,28.0,21.0
2024-01-23,중랑구,-11.0,-13.2,-8.4,0.0,0.0118,0.0242,0.36,0.0022,20.0,14.0
2024-01-24,중랑구,-7.3,-10.5,-3.6,0.0,0.0134,0.0247,0.39,0.0023,19.0,11.0
2024-01-25,중랑구,-4.2,-8.2,0.1,0.0,0.028,0.0159,0.48,0.0023,22.0,14.0
2024-01-26,중랑구,-1.2,-6.4,3.9,0.0,0.0359,0.0138,0.58,0.0024,30.0,22.0
2024-01-27,중랑구,0.1,-3.5,4.5,0.0,0.0374,0.0174,0.7,0.0026,48.0,38.0
2024-01-28,중랑구,-0.3,-3.4,3.5,0.0,0.0281,0.0221,0.56,0.0023,33.0,25.0
2024-01-29,중랑구,0.3,-4.3,4.9,0.0,0.0359,0.0176,0.64,0.0024,39.0,31.0
2024-01-30,중랑구,1.8,-3.1,7.8,0.0,0.0368,0.0175,0.63,0.0024,47.0,37.0
2024-01-31,중랑구,5.2,0.9,10.9,0.0,0.0439,0.0165,0.67,0.003,47.0,38.0
2024-02-01,중랑구,3.3,-0.2,7.6,0.0,0.0268,0.0299,0.73,0.0029,73.0,60.0
2024-02-02,중랑구,3.8,1.6,7.9,0.0,0.0289,0.0212,0.46,0.0025,30.0,23.0
2024-02-03,중랑구,5.1,1.0,8.5,0.0,0.0264,0.0188,0.44,0.0024,26.0,20.0
2024-02-04,중랑구,7.2,3.6,11.1,0.0,0.0205,0.0225,0.42,0.0023,19.0,14.0
2024-02-05,중랑구,2.9,0.1,6.4,3.0,0.0116,0.0335,0.28,0.002,6.0,3.0
2024-02-06,중랑구,1.6,0.1,3.6,0.0,0.023,0.0224,0.38,0.0019,12.0,9.0
2024-02-07,중랑구,1.7,0.5,3.4,0.0,0.0249,0.0211,0.56,0.002,27.0,23.0
2024-02-08,중랑구,1.6,-2.1,6.3,0.0,0.0305,0.0206,0.64,0.0023,35.0,32.0
2024-02-09,중랑구,1.9,-1.8,5.8,0.0,,,,,,
2024-02-10,중랑구,2.7,-0.5,7.6,0.0,,,,,,
2024-02-11,중랑구,2.3,-1.1,5.9,0.0,0.0246,0.0299,0.66,0.0026,58.0,53.0
2024-02-12,중랑구,4.2,-1.7,10.3,0.0,0.0301,0.0234,0.7,0.0026,61.0,53.0
2024-02-13,중랑구,8.8,2.2,14.4,0.0,0.0387,0.0211,0.67,0.0027,55.0,44.0
2024-02-14,중랑구,13.0,9.2,18.2,0.0,0.0376,0.0165,0.56,0.0028,40.0,30.0
2024-02-15,중랑구,5.6,1.6,12.6,8.0,0.0172,0.0281,0.41,0.0022,22.0,17.0
2024-02-16,중랑구,3.5,-0.3,8.1,0.0,0.0265,0.0182,0.43,0.0022,20.0,14.0
2024-02-17,중랑구,5.3,0.0,11.5,0.0,0.0348,0.0164,0.55,0.0025,37.0,30.0
2024-02-18,중랑구,7.1,2.2,10.3,17.0,0.025,0.0194,0.47,0.0023,30.0,24.0
2024-02-19,중랑구,9.5,5.9,11.9,7.5,0.0358,0.0082,0.68,0.0024,12.0,8.0
2024-02-20,중랑구,5.2,4.0,7.6,4.5,0.0183,0.0166,0.46,0.002,25.0,17.0
2024-02-21,중랑구,2.2,0.3,4.5,16.5,0.0092,0.03,0.27,0.002,3.0,1.0
2024-02-22,중랑구,0.7,-0.7,1.9,6.5,0.0104,0.0313,0.26,0.0018,7.0,2.0
2024-02-23,중랑구,2.0,-0.6,6.1,0.0,0.0114,0.032,0.27,0.0018,8.0,4.0
2024-02-24,중랑구,2.2,-0.7,6.1,2.0,0.0088,0.0325,0.27,0.0017,12.0,7.0
2024-02-25,중랑구,3.3,1.0,6.7,1.0,0.0154,0.0246,0.33,0.0019,11.0,8.0
2024-02-26,중랑구,4.8,0.1,10.5,0.0,0.0173,0.0243,0.4,0.002,24.0,17.0
2024-02-27,중랑구,5.3,1.7,9.9,0.0,0.0122,0.0318,0.29,0.0017,15.0,9.0
2024-02-28,중랑구,7.1,3.9,10.3,0.0,0.0224,0.0243,0.36,0.0021,26.0,15.0
2024-02-29,중랑구,5.7,1.2,10.1,0.0,0.0246,0.0239,0.51,0.0023,48.0,38.0
2024-03-01,중랑구,-3.2,-6.2,1.2,0.0,0.009,0.0355,0.3,0.0021,28.0,12.0
2024-03-02,중랑구,0.0,-6.6,4.2,0.0,0.0183,0.0283,0.37,0.0021,28.0,15.0
2024-03-03,중랑구,4.9,1.7,8.2,0.0,0.0231,0.0334,0.59,0.0022,92.0,64.0
2024-03-04,중랑구,6.0,-0.3,11.4,0.0,0.033,0.0236,0.51,0.0024,52.0,34.0
2024-03-05,중랑구,8.2,6.3,11.4,0.0,0.0232,0.0292,0.4,0.0022,34.0,22.0
2024-03-06,중랑구,6.2,3.4,9.9,0.0,0.0171,0.0292,0.33,0.0019,12.0,7.0
2024-03-07,중랑구,4.3,2.6,8.3,1.0,0.019,0.0289,0.37,0.0019,24.0,17.0
2024-03-08,중랑구,3.0,0.3,6.8,0.0,0.0149,0.0345,0.4,0.0023,34.0,22.0
2024-03-09,중랑구,3.0,-1.1,7.4,0.0,0.0196,0.0276,0.4,0.0022,28.0,18.0
2024-03-10,중랑구,5.1,-0.7,10.8,0.0,0.026,0.0241,0.45,0.0023,27.0,19.0
2024-03-11,중랑구,6.7,2.8,11.1,0.0,0.037,0.0197,0.46,0.0025,28.0,18.0
2024-03-12,중랑구,7.1,5.4,9.0,1.0,0.0347,0.0176,0.48,0.0022,27.0,19.0
2024-03-13,중랑구,7.3,2.2,12.6,0.0,0.0275,0.0329,0.51,0.0027,37.0,27.0
2024-03-14,중랑구,9.1,3.9,15.6,0.0,0.0317,0.0366,0.5,0.0027,50.0,38.0
2024-03-15,중랑구,9.8,5.7,15.1,0.0,0.0281,0.0359,0.44,0.0026,42.0,30.0
2024-03-16,중랑구,11.6,5.4,18.5,0.0,0.0266,0.0362,0.46,0.0026,48.0,36.0
2024-03-17,중랑구,9.7,6.5,12.9,0.0,0.0129,0.0404,0.33,0.0022,69.0,20.0
2024-03-18,중랑구,8.0,3.2,13.4,0.0,0.018,0.0333,0.31,0.0022,17.0,7.0
2024-03-19,중랑구,7.1,4.5,10.5,0.0,0.0203,0.0333,0.38,0.0022,41.0,24.0
2024-03-20,중랑구,5.1,2.7,8.7,0.0,0.0132,0.037,0.36,0.002,33.0,23.0
2024-03-21,중랑구,6.3,1.0,11.5,0.0,0.025,0.0321,0.43,0.0024,31.0,22.0
2024-03-22,중랑구,10.5,4.7,15.5,9.5,0.0228,0.0343,0.38,0.0024,34.0,19.0
2024-03-23,중랑구,13.7,9.8,18.7,0.5,0.0172,0.043,0.39,0.002,46.0,24.0
2024-03-24,중랑구,,10.2,23.0,0.0,0.0165,0.0342,0.36,0.0019,25.0,13.0
2024-03-25,중랑구,10.7,6.9,15.9,4.0,0.0125,0.0345,0.29,0.0019,16.0,7.0
2024-03-26,중랑구,7.4,2.8,12.0,14.5,0.0134,0.0333,0.28,0.0017,5.0,2.0
2024-03-27,중랑구,10.9,4.9,16.6,0.0,0.026,0.0235,0.41,0.0021,20.0,13.0
2024-03-28,중랑구,10.4,8.8,11.7,1.5,0.0265,0.02,0.44,0.0023,21.0,15.0
2024-03-29,중랑구,8.4,6.0,12.8,2.0,0.0228,0.0273,0.44,0.002,190.0,41.0
2024-03-30,중랑구,9.8,4.5,16.1,0.0,0.0202,0.0331,0.41,0.0023,73.0,21.0
2024-03-31,중랑구,11.4,4.5,17.2,0.0,0.0132,0.0369,0.35,0.0022,34.0,11.0
2024-04-01,중랑구,13.4,7.8,19.4,0.0,0.0202,0.0377,0.37,0.0025,37.0,14.0
2024-04-02,중랑구,16.2,7.8,24.9,0.0,0.0286,0.0382,0.43,0.0028,41.0,22.0
2024-04-03,중랑구,17.0,15.1,19.1,0.0,0.0249,0.0312,0.39,0.0025,37.0,19.0
2024-04-04,중랑구,15.2,12.8,19.6,0.0,0.0122,0.0424,0.31,0.0021,26.0,14.0
2024-04-05,중랑구,14.6,12.1,19.3,0.0,0.0169,0.0408,0.35,0.0023,33.0,21.0
2024-04-06,중랑구,13.9,9.3,19.5,0.0,0.0326,0.0331,0.54,0.0029,57.0,42.0
2024-04-07,중랑구,15.7,8.9,23.2,0.0,0.0272,0.0437,0.54,0.0029,50.0,38.0
2024-04-08,중랑구,17.1,11.9,22.8,0.0,0.0323,0.0365,0.48,0.0025,44.0,29.0
2024-04-09,중랑구,15.2,11.1,20.2,0.0,0.0109,0.0432,0.3,0.0022,32.0,17.0
2024-04-10,중랑구,14.2,10.5,18.6,0.0,0.0121,0.0421,0.32,0.0022,34.0,18.0
2024-04-11,중랑구,15.8,12.0,21.2,0.0,0.0208,0.0366,0.38,0.0024,38.0,20.0
2024-04-12,중랑구,17.9,12.3,24.4,0.0,0.0271,0.0307,0.43,0.0027,40.0,26.0
2024-04-13,중랑구,20.1,12.5,27.6,0.0,0.019,0.0367,0.34,0.0023,33.0,19.0
2024-04-14,중랑구,21.8,14.6,29.5,0.0,0.0187,0.0444,0.41,0.0028,37.0,23.0
2024-04-15,중랑구,16.8,12.0,20.9,15.0,0.0145,0.0361,0.31,0.0027,19.0,11.0
2024-04-16,중랑구,14.0,11.8,18.4,1.5,0.0194,0.036,0.44,0.0021,59.0,25.0
2024-04-17,중랑구,16.0,10.3,22.8,0.0,0.0248,0.0264,0.52,0.0023,111.0,42.0
2024-04-18,중랑구,18.4,11.9,25.6,0.0,0.0224,0.0345,0.44,0.0027,94.0,28.0
2024-04-19,중랑구,18.7,13.1,25.0,0.0,0.0263,0.0568,0.46,0.0036,72.0,31.0
2024-04-20,중랑구,15.2,13.2,18.2,6.0,0.0177,0.0406,0.44,0.0026,54.0,30.0
2024-04-21,중랑구,17.1,13.7,20.5,0.0,0.0057,0.0436,0.25,0.002,14.0,6.0
2024-04-22,중랑구,18.4,15.4,23.8,0.0,0.0091,0.0483,0.26,0.0019,26.0,17.0
2024-04-23,중랑구,16.8,13.2,23.9,0.0,0.0085,0.0455,0.25,0.0018,17.0,10.0
2024-04-24,중랑구,13.4,11.2,16.6,10.5,0.0118,0.0315,0.27,0.0018,11.0,5.0
2024-04-25,중랑구,15.1,11.0,21.5,0.0,0.0186,0.0457,0.39,0.0019,25.0,18.0
2024-04-26,중랑구,18.8,12.4,26.7,0.0,0.0205,0.0464,0.41,0.0023,56.0,29.0
2024-04-27,중랑구,19.6,12.4,27.2,0.0,0.0216,0.0457,0.46,0.0026,42.0,25.0
2024-04-28,중랑구,21.5,14.2,29.3,0.0,0.0202,0.0499,0.44,0.0026,31.0,21.0
2024-04-29,중랑구,21.0,17.2,25.5,0.0,0.0117,0.0524,0.31,0.0021,34.0,21.0
2024-04-30,중랑구,19.3,16.7,22.9,0.0,0.0221,0.0428,0.46,0.003,47.0,34.0
2024-05-01,중랑구,18.4,14.4,23.8,0.0,0.009,0.0476,0.26,0.0019,20.0,13.0
2024-05-02,중랑구,19.1,14.1,24.6,0.0,0.0175,0.0442,0.33,0.0023,29.0,19.0
2024-05-03,중랑구,20.6,13.2,28.5,0.0,0.0297,0.0457,0.44,0.003,41.0,26.0
2024-05-04,중랑구,22.2,15.6,29.0,0.0,0.0242,0.0637,0.48,0.0035,49.0,36.0
2024-05-05,중랑구,17.9,16.0,21.4,38.0,0.0093,0.0315,0.32,0.0022,23.0,17.0
2024-05-06,중랑구,14.4,13.6,16.3,9.0,0.0113,0.0388,0.32,0.002,10.0,6.0
2024-05-07,중랑구,13.8,12.3,15.9,1.0,0.01,0.0313,0.31,0.0019,20.0,13.0
2024-05-08,중랑구,15.8,9.7,22.2,0.0,0.0115,0.0325,0.26,0.0019,17.0,9.0
2024-05-09,중랑구,17.0,12.4,22.2,0.0,0.0193,0.04,0.35,0.0025,25.0,15.0
2024-05-10,중랑구,18.8,13.7,25.0,0.0,0.0159,0.0467,0.35,0.0027,26.0,16.0
2024-05-11,중랑구,17.6,14.4,22.7,23.5,0.0121,0.0355,0.3,0.0022,17.0,9.0
2024-05-12,중랑구,17.7,12.9,22.8,0.0,0.0092,0.0378,0.3,0.002,54.0,15.0
2024-05-13,중랑구,19.4,12.6,25.5,0.0,0.014,0.0405,0.33,0.0021,25.0,14.0
2024-05-14,중랑구,19.8,13.6,25.9,0.0,0.0205,0.0429,0.34,0.0025,23.0,15.0
2024-05-15,중랑구,13.4,7.8,20.4,20.5,0.0137,0.039,0.3,0.0024,19.0,8.0
2024-05-16,중랑구,14.8,8.0,20.1,0.5,0.0113,0.0369,0.27,0.0022,11.0,5.0
2024-05-17,중랑구,19.3,12.4,26.4,0.0,0.0204,0.0492,0.42,0.0028,37.0,20.0
2024-05-18,중랑구,21.4,16.0,27.3,0.0,0.0143,0.0388,0.33,0.0024,23.0,12.0
2024-05-19,중랑구,22.3,16.6,29.0,0.0,0.0089,0.0404,0.26,0.0024,20.0,10.0
2024-05-20,중랑구,20.2,18.2,23.4,0.0,0.0156,0.0277,0.29,0.0028,27.0,16.0
2024-05-21,중랑구,22.4,17.4,28.7,0.0,0.0137,0.0354,0.32,0.0021,35.0,23.0
2024-05-22,중랑구,21.7,18.2,26.8,0.0,0.0201,0.0416,0.46,0.0031,56.0,41.0
2024-05-23,중랑구,21.4,17.4,27.5,0.0,0.0187,0.0343,0.32,0.0027,28.0,19.0
2024-05-24,중랑구,20.6,16.6,24.8,0.0,0.0141,0.0265,0.32,0.0022,31.0,22.0
2024-05-25,중랑구,21.7,19.0,25.3,0.0,0.0101,0.0358,0.26,0.0021,27.0,14.0
2024-05-26,중랑구,20.3,17.7,25.6,11.5,0.0097,0.0367,0.3,0.0023,24.0,14.0
2024-05-27,중랑구,19.4,15.3,23.4,0.0,0.0078,0.042,0.32,0.0021,21.0,9.0
2024-05-28,중랑구,20.7,14.9,25.6,0.0,0.0104,0.0323,0.26,0.0019,14.0,7.0
2024-05-29,중랑구,22.2,16.0,28.1,0.0,0.022,0.0335,0.34,0.0026,22.0,12.0
2024-05-30,중랑구,21.3,17.3,25.0,0.0,0.0227,0.0341,0.37,0.0024,23.0,13.0
2024-05-31,중랑구,21.4,18.3,25.9,0.0,0.0172,0.0427,0.33,0.0025,21.0,13.0
2024-06-01,중랑구,21.2,18.2,25.7,0.0,0.0082,0.0425,0.28,0.0021,22.0,13.0
2024-06-02,중랑구,21.5,17.2,26.8,0.0,0.0071,0.0437,0.26,0.0022,17.0,10.0
2024-06-03,중랑구,22.0,16.0,28.4,0.0,0.0087,0.0324,0.23,0.0019,12.0,7.0
2024-06-04,중랑구,23.4,17.5,29.3,0.0,0.0113,0.0381,0.24,0.0019,15.0,8.0
2024-06-05,중랑구,24.6,18.6,30.8,0.0,0.0211,0.0421,0.37,0.0026,31.0,20.0
2024-06-06,중랑구,24.9,20.6,31.0,0.5,0.0205,0.0495,0.4,0.0027,40.0,28.0
2024-06-07,중랑구,23.9,19.8,28.5,0.0,0.0184,0.0502,0.33,0.0026,29.0,19.0
2024-06-08,중랑구,20.6,17.3,24.6,19.0,0.012,0.0321,0.31,0.0021,22.0,16.0
2024-06-09,중랑구,23.4,17.8,29.8,0.0,0.0119,0.0412,0.36,0.0026,26.0,18.0
2024-06-10,중랑구,25.5,20.2,31.4,0.0,0.0172,0.0501,0.48,0.0029,40.0,27.0
2024-06-11,중랑구,26.0,22.3,32.4,0.0,0.0159,0.0662,0.53,0.0025,59.0,43.0
2024-06-12,중랑구,25.8,20.5,32.8,0.0,0.0187,0.0501,0.39,0.0029,30.0,20.0
2024-06-13,중랑구,27.2,20.7,33.3,0.0,0.0152,0.0503,0.37,0.0026,28.0,19.0
2024-06-14,중랑구,27.0,21.9,33.4,0.0,0.0199,0.0437,0.38,0.0035,33.0,23.0
2024-06-15,중랑구,24.6,20.9,28.5,3.5,0.0118,0.0265,0.31,0.0025,27.0,21.0
2024-06-16,중랑구,25.0,21.0,30.1,0.0,0.0099,0.0402,0.34,0.0025,22.0,14.0
2024-06-17,중랑구,25.6,19.5,30.7,0.0,0.0163,0.0474,0.36,0.0027,18.0,11.0
2024-06-18,중랑구,26.6,20.2,33.1,0.0,0.0201,0.0523,0.35,0.0031,24.0,16.0
2024-06-19,중랑구,29.3,22.0,37.0,0.0,0.0163,0.0756,0.41,0.003,33.0,24.0
2024-06-20,중랑구,29.5,24.4,35.2,0.0,0.0157,0.078,0.45,0.0037,41.0,30.0
2024-06-21,중랑구,28.7,23.7,34.4,0.0,0.0238,0.0618,0.43,0.0043,35.0,26.0
2024-06-22,중랑구,23.9,22.0,27.1,15.5,0.0153,0.032,0.44,0.0031,34.0,26.0
2024-06-23,중랑구,25.1,21.9,30.3,6.0,0.0086,0.0334,0.35,0.0022,16.0,10.0
2024-06-24,중랑구,25.1,22.2,29.7,0.0,0.0129,0.0527,0.39,0.0022,55.0,22.0
2024-06-25,중랑구,23.5,20.4,27.8,0.0,0.0108,0.0481,0.31,0.0025,17.0,10.0
2024-06-26,중랑구,25.3,19.7,31.9,0.0,0.0139,0.0519,0.33,0.0026,22.0,13.0
2024-06-27,중랑구,26.6,21.1,31.3,0.0,0.015,0.0506,0.33,0.0024,24.0,15.0
2024-06-28,중랑구,27.3,21.8,33.2,0.0,0.0178,0.0763,0.36,0.0026,35.0,26.0
2024-06-29,중랑구,26.2,22.1,32.0,30.5,0.0121,0.0536,0.34,0.0023,28.0,22.0
2024-06-30,중랑구,24.0,22.5,26.7,38.0,0.0088,0.0319,0.3,0.002,20.0,13.0
2024-07-01,중랑구,26.7,22.6,31.4,0.0,0.0122,0.0564,0.32,0.0021,27.0,16.0
2024-07-02,중랑구,23.4,21.5,25.8,62.5,0.0097,0.0277,0.27,0.002,17.0,11.0
2024-07-03,중랑구,25.3,23.5,27.2,1.5,0.0121,0.0475,0.38,0.0021,26.0,14.0
2024-07-04,중랑구,27.5,23.4,32.4,4.5,0.0138,0.0665,0.44,0.0021,41.0,31.0
2024-07-05,중랑구,24.2,21.2,27.2,5.0,0.0127,0.044,0.38,0.002,20.0,11.0
2024-07-06,중랑구,25.4,21.8,31.3,5.5,0.0111,0.0215,0.36,0.0021,29.0,18.0
2024-07-07,중랑구,24.6,22.2,28.7,21.0,0.01,0.0462,0.38,0.0022,23.0,14.0
2024-07-08,중랑구,24.2,23.0,25.9,21.0,0.0157,0.0272,0.29,0.0021,12.0,6.0
2024-07-09,중랑구,24.9,23.2,27.7,0.5,0.0148,0.0268,0.29,0.0022,15.0,8.0
2024-07-10,중랑구,26.6,22.9,33.2,2.0,0.0095,0.0346,0.26,0.0022,13.0,5.0
2024-07-11,중랑구,26.8,24.4,31.4,0.0,0.0192,0.0443,0.44,0.0025,35.0,26.0
2024-07-12,중랑구,26.6,23.0,31.1,0.0,0.0185,0.0422,0.46,0.0023,37.0,26.0
2024-07-13,중랑구,28.5,23.6,34.2,0.0,0.0118,0.0501,0.47,0.0023,52.0,39.0
2024-07-14,중랑구,28.0,24.7,32.2,0.0,0.0058,0.0412,0.33,0.0021,32.0,26.0
2024-07-15,중랑구,28.2,24.5,33.0,0.0,0.0074,0.0373,0.24,0.002,11.0,6.0
2024-07-16,중랑구,26.5,24.1,31.1,36.0,0.0097,0.0308,0.27,0.0018,11.0,6.0
2024-07-17,중랑구,25.6,22.6,30.3,103.0,0.0099,0.0158,0.23,0.002,10.0,4.0
2024-07-18,중랑구,24.8,23.1,26.8,120.0,0.0152,0.0161,0.27,0.0019,8.0,4.0
2024-07-19,중랑구,28.0,24.3,32.7,0.0,0.0137,0.0417,0.34,0.0021,24.0,17.0
2024-07-20,중랑구,27.5,25.0,31.4,16.5,0.0086,0.0353,0.28,0.002,18.0,10.0
2024-07-21,중랑구,27.1,22.7,30.7,8.5,0.0083,0.0443,0.25,0.002,19.0,10.0
2024-07-22,중랑구,27.2,24.1,29.2,37.0,0.0097,0.0134,0.2,0.002,14.0,6.0
2024-07-23,중랑구,27.1,25.6,28.5,4.0,0.0104,0.0146,0.21,0.0021,12.0,6.0
2024-07-24,중랑구,28.6,25.3,32.6,22.0,0.0109,0.0136,0.23,0.0021,15.0,7.0
2024-07-25,중랑구,28.9,23.9,33.5,19.0,0.0114,0.0201,0.21,0.0022,20.0,9.0
2024-07-26,중랑구,29.0,25.2,34.5,15.5,0.0089,0.0196,0.12,0.002,15.0,7.0
2024-07-27,중랑구,29.1,26.8,32.8,14.5,0.0085,0.0148,0.13,0.002,16.0,7.0
2024-07-28,중랑구,30.1,27.9,34.1,0.0,0.0055,0.0134,0.12,0.002,20.0,7.0
2024-07-29,중랑구,27.8,27.0,28.7,0.0,0.0086,0.0145,0.14,0.0021,22.0,8.0
2024-07-30,중랑구,29.1,26.6,33.5,0.0,0.0115,0.035,0.23,0.002,25.0,14.0
2024-07-31,중랑구,30.0,27.4,35.4,0.0,0.0094,0.0246,0.2,0.0022,18.0,8.0
2024-08-01,중랑구,30.6,27.9,35.0,0.0,0.0103,0.0271,0.22,0.0023,20.0,10.0
2024-08-02,중랑구,30.0,28.7,33.7,0.5,0.0111,0.0348,0.19,0.0022,26.0,16.0
2024-08-03,중랑구,31.0,27.7,35.8,0.0,0.0075,0.0543,0.19,0.0021,38.0,27.0
2024-08-04,중랑구,31.6,27.5,36.9,1.0,0.0081,0.0494,0.19,0.0021,34.0,26.0
2024-08-05,중랑구,28.9,25.5,34.4,11.0,0.0111,0.0412,0.19,0.002,27.0,21.0
2024-08-06,중랑구,28.8,25.3,34.2,0.5,0.0104,0.0429,0.16,0.0024,15.0,9.0
2024-08-07,중랑구,29.9,27.3,34.6,1.5,0.0101,0.0313,0.21,0.0021,20.0,14.0
2024-08-08,중랑구,28.8,26.7,32.3,0.0,0.0126,0.0283,0.28,0.0021,22.0,15.0
2024-08-09,중랑구,29.8,26.0,34.9,0.0,0.0132,0.0371,0.3,0.0023,27.0,19.0
2024-08-10,중랑구,30.5,26.4,35.2,0.0,0.0123,0.0456,0.35,0.0022,33.0,25.0
2024-08-11,중랑구,30.7,27.8,34.6,0.0,0.0088,0.0389,0.31,0.0021,29.0,23.0
2024-08-12,중랑구,31.1,27.9,34.9,0.5,0.0121,0.0393,0.33,0.0021,30.0,23.0
2024-08-13,중랑구,31.3,27.7,37.2,0.0,0.0114,0.0352,0.29,0.002,26.0,19.0
2024-08-14,중랑구,31.1,28.2,36.7,0.0,0.0113,0.0403,0.29,0.002,25.0,17.0
2024-08-15,중랑구,30.3,27.3,34.8,0.0,0.0088,0.0362,0.21,0.002,20.0,14.0
2024-08-16,중랑구,30.8,27.0,35.5,0.0,0.0093,0.0381,0.18,0.002,22.0,14.0
2024-08-17,중랑구,30.6,27.7,36.1,0.0,0.0087,0.0412,0.16,0.002,20.0,14.0
2024-08-18,중랑구,29.7,25.8,35.7,6.0,0.0068,0.0428,0.16,0.0019,18.0,12.0
2024-08-19,중랑구,30.4,26.0,35.2,0.0,0.0114,0.0419,0.25,0.002,24.0,16.0
2024-08-20,중랑구,31.2,27.4,35.5,0.0,0.0092,0.036,0.27,0.002,25.0,19.0
2024-08-21,중랑구,28.7,26.3,31.9,47.0,0.009,0.0171,0.21,0.0019,12.0,6.0
2024-08-22,중랑구,29.0,26.7,31.5,2.5,0.0091,0.0217,0.23,0.0019,16.0,7.0
2024-08-23,중랑구,28.9,26.1,32.7,1.5,0.0141,0.0598,0.38,0.0021,29.0,22.0
2024-08-24,중랑구,28.1,25.4,32.5,4.0,0.012,0.0536,0.46,0.0021,42.0,33.0
2024-08-25,중랑구,27.7,24.9,33.0,15.5,0.0098,0.0447,0.47,0.0021,43.0,32.0
2024-08-26,중랑구,27.6,25.4,31.6,1.5,0.0145,0.0344,0.44,0.0021,40.0,30.0
2024-08-27,중랑구,26.7,25.2,30.3,0.0,0.0121,0.0233,0.34,0.0021,21.0,13.0
2024-08-28,중랑구,28.4,23.6,33.8,0.0,0.0083,0.0389,0.26,0.0019,14.0,8.0
2024-08-29,중랑구,28.2,23.6,33.3,0.0,0.0072,0.0376,0.24,0.0018,9.0,4.0
2024-08-30,중랑구,28.5,23.9,34.0,0.0,0.0099,0.0282,0.26,0.0019,12.0,6.0
2024-08-31,중랑구,28.2,23.4,33.1,0.0,0.0089,0.0504,0.34,0.002,33.0,18.0
2024-09-01,중랑구,27.8,24.4,32.6,0.0,0.0114,0.0454,0.4,0.0021,31.0,22.0
2024-09-02,중랑구,25.0,22.1,27.7,1.5,0.0131,0.0267,0.36,0.002,20.0,14.0
2024-09-03,중랑구,26.9,23.4,31.9,0.0,0.0075,0.0376,0.25,0.0017,12.0,5.0
2024-09-04,중랑구,28.0,23.0,33.5,0.0,0.0114,0.0445,0.29,0.0021,15.0,8.0
2024-09-05,중랑구,26.9,25.4,29.9,3.0,0.0164,0.0335,0.35,0.0023,24.0,14.0
2024-09-06,중랑구,23.7,22.6,26.4,8.0,0.0101,0.0224,0.3,0.0019,15.0,7.0
2024-09-07,중랑구,26.4,22.5,32.0,0.0,0.0094,0.048,0.33,0.0019,21.0,14.0
2024-09-08,중랑구,27.1,22.7,31.7,0.0,0.0094,0.0487,0.39,0.0019,28.0,21.0
2024-09-09,중랑구,28.7,24.4,33.6,0.0,0.0131,0.0457,0.38,0.002,26.0,19.0
2024-09-10,중랑구,29.6,25.6,33.9,0.0,0.0146,0.0451,0.37,0.002,30.0,22.0
2024-09-11,중랑구,29.3,25.5,35.9,0.0,0.0159,0.0415,0.35,0.0022,31.0,22.0
2024-09-12,중랑구,25.1,24.6,27.2,18.5,0.0103,0.015,0.27,0.0018,9.0,5.0
2024-09-13,중랑구,26.1,24.2,29.1,18.5,0.0131,0.01,0.28,0.002,16.0,8.0
2024-09-14,중랑구,28.5,25.4,33.3,0.0,0.0111,0.0226,0.27,0.002,14.0,8.0
2024-09-15,중랑구,27.1,24.1,31.5,0.0,0.0055,0.0192,0.24,0.0019,14.0,6.0
2024-09-16,중랑구,26.6,20.9,32.5,13.0,0.0057,0.0291,0.24,0.0018,8.0,2.0
2024-09-17,중랑구,28.7,25.6,33.4,0.0,0.0072,0.0195,0.27,0.0019,14.0,7.0
2024-09-18,중랑구,29.3,26.1,34.9,4.0,0.0065,0.0207,0.26,0.002,19.0,11.0
2024-09-19,중랑구,29.0,25.5,34.1,0.0,0.0133,0.0283,0.29,0.002,19.0,12.0
2024-09-20,중랑구,24.7,17.6,28.7,55.5,0.0109,0.0134,0.25,0.002,14.0,8.0
2024-09-21,중랑구,19.5,16.9,22.2,35.0,0.0051,0.0311,0.21,0.0018,5.0,1.0
2024-09-22,중랑구,21.2,18.2,26.3,0.0,0.0048,0.0249,0.22,0.0018,5.0,1.0
2024-09-23,중랑구,20.8,17.2,25.5,0.0,0.0061,0.0311,0.22,0.0017,8.0,2.0
2024-09-24,중랑구,20.7,15.9,26.0,0.0,0.0099,0.0342,0.24,0.0017,10.0,4.0
2024-09-25,중랑구,23.1,18.6,28.9,0.0,0.0147,0.0285,0.29,0.002,16.0,7.0
2024-09-26,중랑구,24.0,20.9,28.6,0.0,0.0128,0.0401,0.31,0.0021,20.0,11.0
2024-09-27,중랑구,23.0,19.3,28.1,0.0,0.0102,0.0302,0.28,0.002,15.0,8.0
2024-09-28,중랑구,23.3,20.5,27.5,0.0,0.0057,0.0401,0.24,0.0018,12.0,5.0
2024-09-29,중랑구,23.4,18.8,28.6,0.0,0.0057,0.037,0.23,0.0017,9.0,4.0
2024-09-30,중랑구,23.2,19.0,28.9,0.0,0.0111,0.0372,0.28,0.002,13.0,6.0
2024-10-01,중랑구,19.0,15.0,22.5,2.5,0.0112,0.0313,0.29,0.002,15.0,7.0
2024-10-02,중랑구,15.8,12.7,19.8,0.0,0.0099,0.0295,0.28,0.0021,17.0,7.0
2024-10-03,중랑구,16.5,11.6,21.9,0.0,0.01,0.0253,0.26,0.002,14.0,6.0
2024-10-04,중랑구,17.6,12.5,24.4,0.0,0.0117,0.0276,0.26,0.0019,12.0,6.0
2024-10-05,중랑구,17.5,12.2,24.2,0.0,0.0133,0.0333,0.29,0.002,17.0,10.0
2024-10-06,중랑구,15.7,13.1,18.1,0.0,0.0144,0.0181,0.35,0.0019,18.0,12.0
2024-10-07,중랑구,17.2,14.3,21.5,0.0,0.0177,0.0226,0.42,0.0022,32.0,21.0
2024-10-08,중랑구,17.6,13.2,22.7,0.0,0.0107,0.0235,0.36,0.002,27.0,18.0
2024-10-09,중랑구,18.6,14.2,23.8,0.0,0.0091,0.0298,0.26,0.0018,12.0,6.0
2024-10-10,중랑구,18.6,15.6,23.5,0.0,0.0134,0.0302,0.3,0.0021,16.0,9.0
2024-10-11,중랑구,18.6,14.1,24.7,0.0,0.0167,0.0354,0.37,0.0022,28.0,18.0
2024-10-12,중랑구,18.5,13.5,25.0,0.0,0.0191,0.0367,0.43,0.0022,33.0,23.0
2024-10-13,중랑구,18.3,13.3,22.5,0.0,0.0121,0.0263,0.36,0.0019,24.0,16.0
2024-10-14,중랑구,19.1,17.3,21.0,0.0,0.0154,0.0215,0.3,0.002,19.0,10.0
2024-10-15,중랑구,19.1,17.4,22.7,0.5,0.0182,0.0166,0.36,0.002,18.0,11.0
2024-10-16,중랑구,18.6,14.9,24.4,0.0,0.0167,0.0266,0.39,0.002,27.0,17.0
2024-10-17,중랑구,19.2,14.2,25.3,0.0,0.0168,0.0275,0.38,0.0022,29.0,18.0
2024-10-18,중랑구,17.5,16.1,18.9,38.0,0.0178,0.0156,0.35,0.002,20.0,12.0
2024-10-19,중랑구,16.9,12.8,20.9,0.5,0.0074,0.0301,0.27,0.0018,7.0,3.0
2024-10-20,중랑구,13.3,11.0,17.3,0.0,0.0049,0.032,0.21,0.0017,11.0,4.0
2024-10-21,중랑구,14.8,9.8,19.4,0.0,0.0132,0.0216,0.26,0.0019,13.0,4.0
2024-10-22,중랑구,15.3,14.6,16.3,19.0,0.0172,0.0118,0.33,0.0018,10.0,5.0
2024-10-23,중랑구,13.4,10.8,16.2,2.5,0.0095,0.0329,0.32,0.0019,13.0,6.0
2024-10-24,중랑구,13.1,7.9,18.1,0.0,0.0142,0.0282,0.37,0.002,23.0,14.0
2024-10-25,중랑구,15.1,9.8,21.4,0.0,0.0176,0.0196,0.37,0.002,20.0,12.0
2024-10-26,중랑구,17.3,11.6,23.5,0.0,0.0148,0.0225,0.32,0.002,16.0,9.0
2024-10-27,중랑구,16.5,14.6,19.8,0.0,0.0138,0.0274,0.35,0.0021,22.0,14.0
2024-10-28,중랑구,15.7,12.2,20.6,0.0,0.0118,0.0224,0.38,0.0019,25.0,17.0
2024-10-29,중랑구,15.4,13.7,18.6,0.0,0.0132,0.0261,0.28,0.0019,12.0,5.0
2024-10-30,중랑구,16.2,11.8,21.5,0.0,0.0164,0.0289,0.37,0.0021,23.0,14.0
2024-10-31,중랑구,16.2,11.5,22.6,0.0,0.0216,0.0214,0.41,0.002,28.0,18.0
2024-11-01,중랑구,15.6,13.0,19.0,0.0,0.0269,0.0178,0.43,0.0022,32.0,21.0
2024-11-02,중랑구,18.7,13.9,24.7,0.0,0.0138,0.0316,0.35,0.0022,29.0,18.0
2024-11-03,중랑구,18.1,13.5,23.6,0.0,0.0123,0.036,0.34,0.002,26.0,15.0
2024-11-04,중랑구,15.7,10.8,19.7,0.0,0.0106,0.0405,0.31,0.0021,27.0,13.0
2024-11-05,중랑구,10.8,7.8,15.6,0.0,0.0122,0.0264,0.3,0.0024,26.0,10.0
2024-11-06,중랑구,8.8,5.6,13.0,0.0,0.0128,0.0252,0.32,0.0025,20.0,9.0
2024-11-07,중랑구,8.6,2.8,15.1,0.0,0.0341,0.0225,0.67,0.0029,48.0,32.0
2024-11-08,중랑구,10.6,4.5,17.6,0.0,0.0271,0.0256,0.57,0.0027,31.0,20.0
2024-11-09,중랑구,13.4,7.6,20.0,0.0,0.0242,0.0288,0.52,0.0026,24.0,15.0
2024-11-10,중랑구,14.9,10.8,20.5,0.0,0.0192,0.0299,0.52,0.0024,21.0,13.0
2024-11-11,중랑구,15.3,10.4,21.1,0.0,0.0276,0.0322,0.75,0.0031,47.0,27.0
2024-11-12,중랑구,15.2,12.1,19.8,0.0,0.0196,0.0361,0.61,0.0028,37.0,23.0
2024-11-13,중랑구,14.7,9.0,20.4,0.0,0.0234,0.0288,0.61,0.0027,35.0,19.0
2024-11-14,중랑구,15.0,13.7,16.6,0.0,0.0256,0.0196,0.56,0.0027,31.0,15.0
2024-11-15,중랑구,17.3,14.1,21.1,0.0,0.0189,0.0253,0.53,0.0026,26.0,15.0
2024-11-16,중랑구,17.5,15.3,22.8,4.0,0.0181,0.0315,0.53,0.0026,22.0,14.0
2024-11-17,중랑구,8.3,3.9,15.4,0.0,0.0068,0.0334,0.44,0.0027,20.0,10.0
2024-11-18,중랑구,3.9,1.6,7.4,0.0,0.0111,0.0287,0.37,0.0027,16.0,7.0
2024-11-19,중랑구,6.4,1.6,11.3,0.0,0.0286,0.0133,0.46,0.0023,22.0,12.0
2024-11-20,중랑구,6.8,3.1,9.5,0.0,0.0381,0.0059,0.53,0.0025,36.0,23.0
2024-11-21,중랑구,10.0,6.4,13.7,0.0,0.0321,0.0155,0.59,0.0027,54.0,38.0
2024-11-22,중랑구,7.6,5.5,10.5,0.0,0.0157,0.0299,0.39,0.0029,34.0,22.0
2024-11-23,중랑구,7.1,2.7,12.1,0.0,0.0162,0.0231,0.31,0.0022,19.0,13.0
2024-11-24,중랑구,8.0,3.4,13.3,0.0,0.019,0.0216,0.34,0.002,14.0,9.0
2024-11-25,중랑구,10.6,4.3,15.0,0.0,0.0197,0.0235,0.34,0.0022,19.0,12.0
2024-11-26,중랑구,6.1,1.1,13.1,26.0,0.0133,0.0286,0.3,0.002,11.0,6.0
2024-11-27,중랑구,0.0,-1.1,2.1,2.0,0.0182,0.0248,0.33,0.0018,10.0,7.0
2024-11-28,중랑구,1.6,-0.3,4.7,,0.0174,0.0231,0.37,0.0018,17.0,13.0
2024-11-29,중랑구,1.2,-2.1,4.6,0.0,0.0259,0.0133,0.45,0.0022,30.0,17.0
2024-11-30,중랑구,3.5,0.1,6.1,1.0,0.03,0.01,0.49,0.0021,24.0,15.0
2024-12-01,중랑구,5.6,2.0,8.1,0.5,0.0213,0.0119,0.48,0.0021,28.0,20.0
2024-12-02,중랑구,7.3,2.5,13.2,0.0,0.0279,0.0167,0.57,0.0025,42.0,27.0
2024-12-03,중랑구,2.0,-1.2,5.2,0.0,0.0155,0.0261,0.32,0.0023,17.0,7.0
2024-12-04,중랑구,3.1,-0.1,6.3,0.0,0.0218,0.0214,0.37,0.0024,23.0,11.0
2024-12-05,중랑구,4.1,0.1,8.3,1.0,0.0241,0.019,0.4,0.0023,20.0,10.0
2024-12-06,중랑구,2.7,0.4,5.0,0.0,0.0145,0.0255,0.33,0.0024,24.0,9.0
2024-12-07,중랑구,0.6,-1.7,3.8,0.0,0.0156,0.0222,0.38,0.0021,22.0,12.0
2024-12-08,중랑구,0.1,-2.8,3.6,0.0,0.0144,0.024,0.37,0.0021,22.0,12.0
2024-12-09,중랑구,1.2,-3.5,6.3,0.0,0.0296,0.0118,0.48,0.0023,32.0,17.0
2024-12-10,중랑구,2.5,-2.0,7.1,0.0,0.0331,0.012,0.58,0.0024,38.0,25.0
2024-12-11,중랑구,3.6,1.0,7.3,0.0,0.0288,0.0158,0.68,0.0036,59.0,40.0
2024-12-12,중랑구,1.7,-1.6,5.1,0.0,0.0269,0.0137,0.52,0.0032,41.0,24.0
2024-12-13,중랑구,1.5,-0.5,5.1,0.0,0.0198,0.0213,0.41,0.0028,28.0,16.0
2024-12-14,중랑구,0.0,-2.5,2.2,0.0,0.0179,0.0225,0.42,0.0024,28.0,16.0
2024-12-15,중랑구,1.7,-1.0,5.1,0.0,0.0186,0.0243,0.36,0.0023,19.0,9.0
2024-12-16,중랑구,0.0,-3.1,4.4,0.0,0.0358,0.0077,0.53,0.0024,30.0,17.0
2024-12-17,중랑구,-0.1,-3.0,3.4,0.0,0.0262,0.0152,0.49,0.0025,26.0,16.0
2024-12-18,중랑구,-2.6,-5.1,0.9,0.0,0.0204,0.0158,0.45,0.0031,30.0,16.0
2024-12-19,중랑구,-1.3,-6.2,3.8,0.0,0.0329,0.009,0.62,0.0034,51.0,31.0
2024-12-20,중랑구,0.8,-1.8,4.0,0.0,0.045,0.0044,0.71,0.0031,55.0,38.0
2024-12-21,중랑구,-0.5,-3.7,1.9,2.5,0.0253,0.0168,0.61,0.0024,50.0,41.0
2024-12-22,중랑구,-2.6,-6.5,0.6,0.0,0.0164,0.0243,0.36,0.0025,19.0,10.0
2024-12-23,중랑구,0.2,-5.5,5.8,0.0,0.034,0.0126,0.56,0.0026,26.0,17.0
2024-12-24,중랑구,0.2,-3.8,4.1,0.0,0.0348,0.0124,0.55,0.0026,33.0,19.0
2024-12-25,중랑구,2.6,-1.2,5.9,0.0,0.0389,0.0108,0.6,0.0027,33.0,22.0
2024-12-26,중랑구,0.6,-4.2,4.8,0.0,0.0197,0.0229,0.47,0.0026,64.0,34.0
2024-12-27,중랑구,-2.1,-5.0,1.3,0.0,0.0178,0.0243,0.36,0.0026,29.0,13.0
2024-12-28,중랑구,-2.3,-5.4,0.6,0.0,0.014,0.0252,0.36,0.0026,28.0,14.0
2024-12-29,중랑구,1.1,-4.1,5.3,0.0,0.0288,0.0139,0.47,0.0024,24.0,13.0
2024-12-30,중랑구,5.7,2.1,10.1,0.0,0.0404,0.0131,0.75,0.0029,51.0,32.0
2024-12-31,중랑구,1.2,-0.6,5.5,0.0,0.017,0.0241,0.41,0.0026,50.0,19.0
2024-01-01,종로구,2.1,-1.3,5.9,0.0,0.0278,0.0148,0.77,0.0033,22.0,19.0
2024-01-02,종로구,1.8,1.1,2.9,0.0,0.0193,0.0259,0.55,0.0028,42.0,33.0
2024-01-03,종로구,0.7,-2.1,3.1,0.5,0.0238,0.0228,0.55,0.0028,42.0,31.0
2024-01-04,종로구,0.8,-4.2,4.6,0.0,0.034,0.0153,0.75,0.0034,56.0,40.0
2024-01-05,종로구,4.2,0.4,8.9,0.0,0.0363,0.02,0.84,0.0037,89.0,61.0
2024-01-06,종로구,-0.3,-3.3,4.6,0.5,0.0156,0.0281,0.44,0.0029,25.0,15.0
2024-01-07,종로구,-5.6,-9.7,-2.4,0.0,0.0094,0.029,0.44,0.0026,24.0,16.0
2024-01-08,종로구,-5.6,-11.1,-0.1,0.0,0.0254,0.0128,0.54,0.0027,23.0,16.0
2024-01-09,종로구,-1.7,-3.1,-0.7,1.5,0.0424,0.0027,0.66,0.0031,30.0,24.0
2024-01-10,종로구,-2.1,-4.2,2.2,0.0,0.0389,0.0065,0.83,0.0033,70.0,64.0
2024-01-11,종로구,0.3,-4.3,3.8,0.0,0.0383,0.0084,0.73,0.0035,68.0,60.0
2024-01-12,종로구,0.2,-2.0,4.3,0.0,0.0204,0.0267,0.58,0.0034,59.0,44.0
2024-01-13,종로구,-0.4,-4.5,5.8,0.0,0.0265,0.0211,0.54,0.0035,24.0,15.0
2024-01-14,종로구,-1.2,-4.7,3.1,2.0,0.0387,0.0084,0.84,0.0032,34.0,28.0
2024-01-15,종로구,-4.7,-8.0,0.1,0.0,0.0155,0.0276,0.42,0.003,22.0,14.0
2024-01-16,종로구,-3.3,-8.2,3.6,0.0,0.0364,0.0134,0.7,0.0035,31.0,21.0
2024-01-17,종로구,-0.8,-3.5,0.4,8.5,0.0462,0.0025,0.84,0.0034,36.0,31.0
2024-01-18,종로구,3.3,0.0,8.0,0.5,0.0283,0.0155,0.64,0.0034,27.0,24.0
2024-01-19,종로구,4.1,2.7,7.8,0.0,0.0148,0.033,0.43,0.0025,13.0,10.0
2024-01-20,종로구,1.8,-0.1,3.4,0.5,0.0092,0.0354,0.33,0.002,4.0,2.0
2024-01-21,종로구,0.1,-4.4,2.4,0.0,0.0127,0.0287,0.39,0.002,9.0,8.0
2024-01-22,종로구,-10.7,-13.9,-4.4,0.0,0.01,0.0304,0.43,0.0021,34.0,26.0
2024-01-23,종로구,-13.6,-16.1,-10.2,0.0,0.0095,0.0307,0.41,0.0024,23.0,16.0
2024-01-24,종로구,-9.5,-13.1,-5.4,0.0,0.0117,0.0311,0.43,0.0024,23.0,14.0
2024-01-25,종로구,-6.3,-10.5,-1.5,0.0,0.026,0.0249,0.47,0.0028,23.0,17.0
2024-01-26,종로구,-2.8,-7.8,3.0,0.0,0.044,0.0195,0.62,0.003,33.0,26.0
2024-01-27,종로구,-1.4,-6.0,3.8,0.0,0.0388,0.0265,0.7,0.0032,50.0,42.0
2024-01-28,종로구,-2.7,-6.1,3.0,0.0,0.0292,0.0302,0.52,0.0027,31.0,25.0
2024-01-29,종로구,-1.4,-5.9,3.6,0.0,0.0506,0.0199,0.73,0.003,44.0,37.0
2024-01-30,종로구,0.3,-4.5,7.1,0.0,0.066,0.0136,0.88,0.0034,59.0,50.0
2024-01-31,종로구,3.8,-0.8,9.8,0.0,0.0639,0.0201,0.87,0.0041,57.0,47.0
2024-02-01,종로구,1.1,-2.4,6.2,0.0,0.038,0.032,0.83,0.0035,86.0,72.0
2024-02-02,종로구,1.7,-0.2,6.8,0.0,0.0436,0.0213,0.59,0.003,38.0,31.0
2024-02-03,종로구,3.4,-1.0,7.2,0.0,0.0441,0.0172,0.54,0.003,33.0,28.0
2024-02-04,종로구,6.3,2.3,10.1,0.0,0.0328,0.0246,0.47,0.003,23.0,18.0
2024-02-05,종로구,0.9,-1.8,5.5,1.5,0.0179,0.0364,0.33,0.0023,6.0,3.0
2024-02-06,종로구,-0.2,-1.8,1.9,0.0,0.0321,0.0248,0.45,0.0021,13.0,11.0
2024-02-07,종로구,-0.9,-2.4,1.0,0.0,0.0309,0.0243,0.63,0.0022,33.0,31.0
2024-02-08,종로구,-0.4,-4.3,5.2,0.0,0.0478,0.0213,0.75,0.0027,39.0,35.0
2024-02-09,종로구,-0.1,-3.6,5.6,0.0,,,,,,
2024-02-10,종로구,0.6,-2.6,6.4,0.0,,,,,,
2024-02-11,종로구,0.0,-4.4,4.6,0.0,0.0256,0.0376,0.67,0.0025,67.0,62.0
2024-02-12,종로구,3.0,-3.8,10.7,0.0,0.0438,0.0252,0.77,0.0027,67.0,59.0
2024-02-13,종로구,8.6,3.7,13.6,0.0,0.0662,0.019,0.99,0.0034,69.0,52.0
2024-02-14,종로구,12.7,9.2,18.0,0.0,0.0616,0.0175,0.84,0.004,53.0,36.0
2024-02-15,종로구,3.3,-0.7,10.1,10.5,0.0192,0.0313,0.38,0.0025,22.0,17.0
2024-02-16,종로구,1.7,-3.0,8.1,0.0,0.0353,0.0218,0.48,0.0027,23.0,19.0
2024-02-17,종로구,3.8,-2.2,10.6,0.0,0.05,0.019,0.62,0.0032,42.0,34.0
2024-02-18,종로구,5.7,1.6,8.6,11.5,0.0477,0.0134,0.6,0.0028,39.0,32.0
2024-02-19,종로구,7.9,2.7,11.1,5.0,0.0423,0.0103,0.67,0.0029,12.0,8.0
2024-02-20,종로구,3.0,1.4,6.0,2.0,0.0252,0.0168,0.47,0.0025,29.0,19.0
2024-02-21,종로구,0.2,-1.9,2.5,15.0,0.0188,0.0297,0.31,0.0022,3.0,1.0
2024-02-22,종로구,-1.7,-2.9,-0.5,7.0,0.0181,0.0341,0.29,0.0021,4.0,3.0
2024-02-23,종로구,0.4,-2.5,4.6,0.0,0.0202,0.0347,0.3,0.002,8.0,5.0
2024-02-24,종로구,0.6,-2.6,5.2,0.5,0.0174,0.0356,0.3,0.002,13.0,9.0
2024-02-25,종로구,1.5,-0.8,4.6,1.0,0.0176,0.0317,0.33,0.002,10.0,10.0
2024-02-26,종로구,3.3,-2.2,8.5,0.0,0.0354,0.0232,0.5,0.0025,30.0,24.0
2024-02-27,종로구,4.3,-0.1,9.4,0.0,0.0214,0.0363,0.33,0.0021,16.0,11.0
2024-02-28,종로구,5.7,2.4,10.0,0.0,0.036,0.0266,0.4,0.0025,31.0,20.0
2024-02-29,종로구,3.8,-1.0,8.3,0.0,0.0375,0.0265,0.58,0.0026,54.0,40.0
2024-03-01,종로구,-5.4,-8.5,-1.0,0.0,0.0096,0.0424,0.29,0.0023,36.0,15.0
2024-03-02,종로구,-1.8,-9.5,2.9,0.0,0.0199,0.0384,0.34,0.0027,33.0,16.0
2024-03-03,종로구,3.2,-1.2,7.3,0.0,0.0209,0.0442,0.55,0.0022,112.0,72.0
2024-03-04,종로구,5.0,-1.7,11.2,0.0,0.043,0.0235,0.57,0.003,69.0,41.0
2024-03-05,종로구,7.1,4.9,9.8,0.0,0.0281,0.0307,0.45,0.0029,41.0,24.0
2024-03-06,종로구,5.5,2.2,10.1,0.0,0.0184,0.0343,0.36,0.0024,12.0,8.0
2024-03-07,종로구,3.2,0.5,7.9,0.0,0.0194,0.0345,0.39,0.0025,28.0,20.0
2024-03-08,종로구,1.6,-1.1,5.9,0.0,0.0136,0.0416,0.41,0.0029,41.0,25.0
2024-03-09,종로구,1.0,-3.1,6.3,0.0,0.014,0.0369,0.37,0.0027,32.0,20.0
2024-03-10,종로구,3.5,-2.8,10.0,0.0,0.022,0.0332,0.42,0.0029,30.0,19.0
2024-03-11,종로구,5.9,1.9,10.7,0.0,0.0375,0.0234,0.49,0.0031,34.0,22.0
2024-03-12,종로구,5.6,3.8,10.6,1.0,0.0295,0.0268,0.49,0.0027,28.0,19.0
2024-03-13,종로구,5.5,0.5,11.4,0.0,0.0236,0.0407,0.47,0.0034,44.0,29.0
2024-03-14,종로구,7.6,2.5,15.1,0.0,0.0247,0.0465,0.47,0.0032,59.0,39.0
2024-03-15,종로구,7.9,3.3,14.0,0.0,0.027,0.0398,0.46,0.0032,50.0,34.0
2024-03-16,종로구,10.3,3.7,18.1,0.0,0.0248,0.0406,0.46,0.0033,51.0,33.0
2024-03-17,종로구,7.6,3.9,10.6,0.0,0.0098,0.046,0.32,0.0025,96.0,21.0
2024-03-18,종로구,6.6,0.7,13.0,0.0,0.0175,0.0361,0.33,0.0027,18.0,7.0
2024-03-19,종로구,5.6,3.0,10.0,0.5,0.0175,0.0406,0.39,0.0026,49.0,26.0
2024-03-20,종로구,3.4,0.8,7.3,0.0,0.0122,0.0408,0.36,0.0023,39.0,27.0
2024-03-21,종로구,4.1,-1.8,10.1,0.0,0.0209,0.0377,0.42,0.0028,33.0,23.0
2024-03-22,종로구,9.9,2.8,15.5,3.0,0.0263,0.0356,0.43,0.0028,41.0,20.0
2024-03-23,종로구,12.3,8.5,18.0,0.0,0.0128,0.0517,0.38,0.0022,59.0,25.0
2024-03-24,종로구,16.0,10.6,22.4,0.0,0.0177,0.0397,0.4,0.0023,29.0,17.0
2024-03-25,종로구,9.7,5.5,14.7,5.5,0.0145,0.0376,0.34,0.0022,16.0,9.0
2024-03-26,종로구,6.3,1.6,11.2,13.0,0.0124,0.0385,0.31,0.0019,5.0,3.0
2024-03-27,종로구,10.0,4.5,16.4,0.0,0.0261,0.0261,0.44,0.0026,23.0,15.0
2024-03-28,종로구,9.6,6.5,11.9,1.5,0.0272,0.0221,0.49,0.0029,24.0,16.0
2024-03-29,종로구,6.6,3.8,12.1,1.5,0.0176,0.0344,0.44,0.0024,239.0,76.0
2024-03-30,종로구,8.2,3.0,15.3,0.0,0.0223,0.0344,0.43,0.0026,89.0,22.0
2024-03-31,종로구,10.2,2.5,16.4,0.0,0.0131,0.0402,0.35,0.0025,38.0,12.0
2024-04-01,종로구,11.7,5.4,18.6,0.0,0.0246,0.0354,0.43,0.0028,38.0,13.0
2024-04-02,종로구,15.2,7.2,24.2,0.0,0.0352,0.0384,0.51,0.0036,48.0,24.0
2024-04-03,종로구,15.9,13.9,18.2,0.0,0.0333,0.0301,0.51,0.0033,40.0,21.0
2024-04-04,종로구,15.1,12.3,19.9,0.0,0.0143,0.0455,0.35,0.0027,29.0,15.0
2024-04-05,종로구,13.1,9.1,18.2,0.0,0.016,0.0477,0.36,0.0028,39.0,21.0
2024-04-06,종로구,11.9,7.0,18.5,0.0,0.0277,0.0415,0.52,0.0035,66.0,42.0
2024-04-07,종로구,14.4,7.1,23.7,0.0,0.0247,0.0511,0.52,0.0035,54.0,35.0
2024-04-08,종로구,15.8,10.4,22.0,0.0,0.033,0.0363,0.54,0.0032,51.0,29.0
2024-04-09,종로구,14.8,10.2,20.0,0.0,0.0119,0.0484,0.34,0.0027,37.0,20.0
2024-04-10,종로구,13.3,10.0,17.7,0.0,0.0101,0.0501,0.31,0.0026,40.0,19.0
2024-04-11,종로구,15.1,11.6,21.1,0.0,0.0198,0.044,0.41,0.0029,47.0,22.0
2024-04-12,종로구,17.2,11.6,23.9,0.0,0.0259,0.0389,0.46,0.0034,48.0,27.0
2024-04-13,종로구,18.9,11.7,26.7,0.0,0.018,0.0422,0.36,0.003,37.0,18.0
2024-04-14,종로구,20.3,12.8,28.4,0.0,0.0194,0.049,0.45,0.0038,41.0,23.0
2024-04-15,종로구,15.1,10.1,19.3,14.5,0.019,0.0319,0.36,0.0033,20.0,12.0
2024-04-16,종로구,12.2,9.9,17.2,2.5,0.0172,0.0376,0.45,0.0027,71.0,29.0
2024-04-17,종로구,14.1,7.9,21.4,0.0,0.0235,0.0275,0.54,0.0029,139.0,50.0
2024-04-18,종로구,16.6,10.0,24.8,0.0,0.0246,0.035,0.5,0.0033,116.0,31.0
2024-04-19,종로구,17.2,10.9,23.4,0.0,0.0264,0.0636,0.48,0.0046,91.0,32.0
2024-04-20,종로구,14.0,11.8,16.6,5.5,0.0211,0.0412,0.49,0.0031,64.0,30.0
2024-04-21,종로구,16.3,12.2,20.0,0.0,0.0052,0.0472,0.26,0.0022,13.0,5.0
2024-04-22,종로구,18.1,14.1,23.0,0.0,0.0093,0.0529,0.29,0.0022,29.0,17.0
2024-04-23,종로구,16.6,12.7,23.9,0.0,0.0087,0.0515,0.28,0.0022,19.0,11.0
2024-04-24,종로구,12.2,9.3,15.9,12.0,0.0111,0.0341,0.29,0.0021,10.0,6.0
2024-04-25,종로구,13.7,8.8,21.0,0.0,0.0165,0.0506,0.41,0.0023,28.0,18.0
2024-04-26,종로구,17.5,10.9,25.8,0.0,0.0229,0.0458,0.48,0.003,64.0,26.0
2024-04-27,종로구,17.8,10.6,26.5,0.0,0.0203,0.0493,0.45,0.0032,45.0,20.0
2024-04-28,종로구,20.1,11.5,28.5,0.0,0.0196,0.0578,0.47,0.0033,35.0,21.0
2024-04-29,종로구,20.2,16.8,25.7,0.0,0.0134,0.0569,0.34,0.0028,41.0,22.0
2024-04-30,종로구,17.3,14.3,21.4,0.0,0.0221,0.0469,0.49,0.0041,58.0,34.0
2024-05-01,종로구,17.3,13.4,23.3,0.0,0.008,0.0538,0.29,0.0024,24.0,15.0
2024-05-02,종로구,17.7,12.6,23.0,0.0,0.0183,0.0469,0.36,0.0033,34.0,20.0
2024-05-03,종로구,19.0,11.2,28.0,0.0,0.0268,0.0532,0.44,0.0038,45.0,26.0
2024-05-04,종로구,21.1,13.8,28.1,0.0,0.0263,0.0698,0.53,0.0045,55.0,35.0
2024-05-05,종로구,16.9,14.3,20.3,39.0,0.0109,0.0292,0.35,0.0027,25.0,17.0
2024-05-06,종로구,12.6,12.0,14.3,13.5,0.0076,0.039,0.31,0.0022,9.0,6.0
2024-05-07,종로구,12.3,10.8,14.2,3.0,0.0103,0.0319,0.34,0.0021,21.0,13.0
2024-05-08,종로구,14.5,9.2,20.7,0.0,0.0112,0.0361,0.29,0.0022,20.0,11.0
2024-05-09,종로구,15.4,9.9,20.9,0.0,0.0166,0.0454,0.35,0.0028,30.0,16.0
2024-05-10,종로구,17.3,11.9,24.0,0.0,0.015,0.0545,0.35,0.0031,30.0,17.0
2024-05-11,종로구,16.3,12.5,22.6,31.5,0.0103,0.0398,0.28,0.0026,18.0,9.0
2024-05-12,종로구,15.8,10.1,21.0,0.0,0.0073,0.043,0.28,0.0024,68.0,16.0
2024-05-13,종로구,17.9,11.2,24.4,0.0,0.0169,0.0439,0.37,0.0027,28.0,15.0
2024-05-14,종로구,18.3,12.0,24.0,0.0,0.0219,0.0488,0.36,0.0032,27.0,17.0
2024-05-15,종로구,11.8,6.1,18.0,24.0,0.0136,0.0443,0.31,0.003,21.0,9.0
2024-05-16,종로구,12.8,6.0,19.0,0.5,0.0099,0.0431,0.29,0.0029,15.0,6.0
2024-05-17,종로구,18.1,10.6,24.9,0.0,0.0187,0.0603,0.43,0.0036,44.0,22.0
2024-05-18,종로구,20.6,15.1,26.6,0.0,0.015,0.0433,0.34,0.0031,26.0,13.0
2024-05-19,종로구,21.5,15.9,27.8,0.0,0.0094,0.0446,0.28,0.003,23.0,12.0
2024-05-20,종로구,19.0,16.2,22.7,0.0,0.0143,0.0286,0.29,0.0033,29.0,17.0
2024-05-21,종로구,21.3,16.0,28.8,0.0,0.0145,0.0422,0.34,0.0028,43.0,26.0
2024-05-22,종로구,19.7,15.3,25.7,0.0,0.0184,0.045,0.46,0.0035,61.0,41.0
2024-05-23,종로구,19.8,15.3,26.3,0.0,0.017,0.0374,0.33,0.0034,32.0,20.0
2024-05-24,종로구,19.8,15.0,24.1,0.0,0.0116,0.0332,0.32,0.0025,34.0,23.0
2024-05-25,종로구,20.8,18.3,24.1,0.0,0.0132,0.0397,0.31,0.0028,31.0,18.0
2024-05-26,종로구,19.1,16.1,23.7,8.0,0.0097,0.0426,0.3,0.0027,25.0,14.0
2024-05-27,종로구,18.0,13.7,22.6,0.0,0.008,0.0471,0.35,0.0026,25.0,10.0
2024-05-28,종로구,19.9,14.5,25.9,0.0,0.0107,0.0383,0.29,0.0027,15.0,7.0
2024-05-29,종로구,21.1,15.0,26.6,0.0,0.0217,0.0383,0.36,0.0037,24.0,13.0
2024-05-30,종로구,20.8,16.5,24.8,0.0,0.0257,0.0406,0.42,0.0035,25.0,15.0
2024-05-31,종로구,19.8,16.0,25.4,0.0,0.015,0.0522,0.33,0.0035,23.0,15.0
2024-06-01,종로구,19.8,16.6,24.5,0.0,0.0078,0.0488,0.29,0.0027,27.0,14.0
2024-06-02,종로구,20.3,15.9,25.8,0.0,0.0066,0.0553,0.27,0.0031,20.0,10.0
2024-06-03,종로구,21.9,15.9,27.7,0.0,0.0091,0.039,0.26,0.0025,13.0,7.0
2024-06-04,종로구,23.0,17.4,29.1,0.0,0.0114,0.0447,0.26,0.0026,16.0,9.0
2024-06-05,종로구,23.2,17.9,29.9,0.0,0.0232,0.055,0.41,0.0038,37.0,24.0
2024-06-06,종로구,23.3,18.6,30.5,0.0,0.0213,0.061,0.41,0.0038,41.0,29.0
2024-06-07,종로구,22.6,17.2,28.0,0.5,0.0196,0.0561,0.37,0.0037,29.0,20.0
2024-06-08,종로구,19.9,17.2,24.8,19.5,0.0114,0.0411,0.32,0.0026,23.0,17.0
2024-06-09,종로구,22.7,17.2,28.7,0.0,0.0119,0.0507,0.36,0.0036,29.0,19.0
2024-06-10,종로구,24.3,18.4,30.8,0.0,0.015,0.0706,0.45,0.0039,46.0,29.0
2024-06-11,종로구,24.7,20.7,31.0,0.0,0.013,0.0866,0.46,0.0033,64.0,40.0
2024-06-12,종로구,24.9,18.7,31.6,0.0,0.0164,0.0587,0.36,0.0037,30.0,17.0
2024-06-13,종로구,26.4,20.5,32.1,0.0,0.0178,0.0559,0.34,0.0038,30.0,17.0
2024-06-14,종로구,26.2,21.5,32.7,0.0,0.0208,0.0531,0.36,0.0048,34.0,21.0
2024-06-15,종로구,23.5,20.6,27.9,6.5,0.0118,0.0332,0.27,0.0034,26.0,20.0
2024-06-16,종로구,23.4,18.9,28.8,0.0,0.0086,0.0522,0.29,0.0031,20.0,12.0
2024-06-17,종로구,24.1,18.0,29.4,0.0,0.0186,0.0555,0.34,0.0038,20.0,12.0
2024-06-18,종로구,25.3,19.7,31.6,0.0,0.0195,0.0559,0.33,0.004,26.0,16.0
2024-06-19,종로구,28.0,20.5,35.7,0.0,0.0198,0.0846,0.41,0.0041,37.0,25.0
2024-06-20,종로구,28.6,22.6,35.1,0.0,0.019,0.0875,0.44,0.0049,40.0,29.0
2024-06-21,종로구,27.4,22.5,33.1,0.0,0.0236,0.0683,0.4,0.0055,34.0,23.0
2024-06-22,종로구,23.4,21.4,25.6,21.5,0.0164,0.0362,0.41,0.0035,28.0,22.0
2024-06-23,종로구,24.5,21.6,29.1,5.0,0.0068,0.0313,0.28,0.0029,13.0,9.0
2024-06-24,종로구,23.5,20.0,27.9,0.5,0.0107,0.0493,0.33,0.0027,54.0,22.0
2024-06-25,종로구,22.6,19.5,26.4,0.0,0.0109,0.0504,0.29,0.003,19.0,10.0
2024-06-26,종로구,24.6,18.1,30.8,0.0,0.0156,0.0544,0.33,0.0033,24.0,14.0
2024-06-27,종로구,26.2,20.1,31.9,0.0,0.0196,0.0585,0.36,0.0034,27.0,17.0
2024-06-28,종로구,26.6,21.3,31.9,0.0,0.019,0.0795,0.39,0.0037,37.0,27.0
2024-06-29,종로구,26.4,22.1,32.8,29.0,0.0128,0.0628,0.35,0.0035,29.0,21.0
2024-06-30,종로구,22.7,21.1,25.5,29.0,0.0067,0.0313,0.28,0.0025,18.0,12.0
2024-07-01,종로구,25.8,20.9,30.8,0.0,0.0112,0.0551,0.33,0.0026,24.0,16.0
2024-07-02,종로구,22.9,20.8,25.1,64.5,0.0137,0.0238,0.33,0.0025,16.0,10.0
2024-07-03,종로구,24.1,22.5,26.4,0.5,0.0101,0.0467,0.38,0.0026,25.0,15.0
2024-07-04,종로구,26.2,22.2,31.0,3.5,0.0117,0.0682,0.45,0.0028,40.0,30.0
2024-07-05,종로구,22.8,20.2,25.8,3.0,0.0118,0.0585,0.4,0.0026,18.0,12.0
2024-07-06,종로구,24.8,21.7,30.6,7.5,0.0133,0.0346,0.37,0.0027,28.0,18.0
2024-07-07,종로구,23.6,20.6,28.3,18.5,0.0099,0.0509,0.39,0.0025,21.0,14.0
2024-07-08,종로구,23.1,22.5,23.7,17.0,0.0135,0.0307,0.3,0.0025,10.0,6.0
2024-07-09,종로구,23.5,21.7,25.8,1.0,0.0155,0.0298,0.33,0.0028,13.0,10.0
2024-07-10,종로구,26.0,22.1,32.2,13.5,0.0116,0.0386,0.31,0.0028,11.0,6.0
2024-07-11,종로구,24.7,22.1,28.6,0.0,0.0181,0.0504,0.45,0.0033,35.0,27.0
2024-07-12,종로구,25.5,21.7,30.2,0.0,0.0195,0.0428,0.48,0.0031,36.0,26.0
2024-07-13,종로구,28.1,23.6,33.4,0.0,0.0135,0.0576,0.49,0.0032,47.0,39.0
2024-07-14,종로구,28.3,25.0,32.1,0.0,0.0074,0.0479,0.35,0.0027,30.0,27.0
2024-07-15,종로구,28.4,24.3,32.2,0.0,0.0098,0.0449,0.27,0.0026,9.0,6.0
2024-07-16,종로구,26.6,23.3,31.2,10.5,0.014,0.0316,0.32,0.0026,12.0,7.0
2024-07-17,종로구,25.2,23.2,28.6,24.5,0.0125,0.0148,0.28,0.0025,9.0,4.0
2024-07-18,종로구,23.7,22.3,25.3,141.0,0.0156,0.0191,0.31,0.0027,8.0,5.0
2024-07-19,종로구,26.5,23.4,31.1,0.5,0.0116,0.0462,0.33,0.0029,24.0,19.0
2024-07-20,종로구,26.7,24.2,31.4,15.0,0.0103,0.0389,0.27,0.0027,15.0,11.0
2024-07-21,종로구,26.1,21.8,29.9,6.0,0.007,0.0484,0.22,0.0026,18.0,9.0
2024-07-22,종로구,26.1,24.3,27.3,41.0,0.0098,0.0161,0.2,0.0025,13.0,6.0
2024-07-23,종로구,25.8,25.0,27.1,2.5,0.0093,0.0179,0.16,0.0026,11.0,6.0
2024-07-24,종로구,27.8,25.2,31.6,8.5,0.011,0.0141,0.17,0.0026,14.0,8.0
2024-07-25,종로구,28.9,24.8,33.8,23.0,0.012,0.0234,0.18,0.0026,20.0,10.0
2024-07-26,종로구,28.6,24.7,33.1,5.0,0.0145,0.0193,0.18,0.0027,14.0,9.0
2024-07-27,종로구,28.7,27.3,32.3,17.0,0.0122,0.015,0.17,0.0026,15.0,8.0
2024-07-28,종로구,29.2,27.1,32.4,0.0,0.0068,0.0137,0.14,0.0025,16.0,6.0
2024-07-29,종로구,27.0,26.0,27.8,0.0,0.0093,0.0176,0.14,0.0025,22.0,8.0
2024-07-30,종로구,28.2,25.6,32.3,0.0,0.0117,0.0397,0.15,0.0026,24.0,13.0
2024-07-31,종로구,29.3,26.3,33.6,0.0,0.0097,0.0252,0.16,0.0025,16.0,8.0
2024-08-01,종로구,29.7,26.9,33.5,0.0,0.0098,0.0305,0.24,0.0025,18.0,10.0
2024-08-02,종로구,29.3,27.4,32.9,0.0,0.0105,0.042,0.28,0.0025,26.0,16.0
2024-08-03,종로구,30.4,26.7,34.8,0.0,0.0069,0.0619,0.33,0.0023,34.0,26.0
2024-08-04,종로구,31.9,27.5,36.6,0.0,0.0082,0.0624,0.38,0.0025,29.0,24.0
2024-08-05,종로구,30.8,27.1,34.8,19.0,0.0128,0.0526,0.37,0.0024,28.0,23.0
2024-08-06,종로구,29.2,25.6,34.0,0.0,0.0132,0.0446,0.3,0.0026,14.0,10.0
2024-08-07,종로구,29.6,25.9,34.3,17.5,0.0119,0.0338,0.27,0.0026,17.0,12.0
2024-08-08,종로구,28.1,26.0,31.8,1.5,0.0143,0.0329,0.28,0.0026,19.0,15.0
2024-08-09,종로구,28.4,25.2,33.1,38.5,0.0146,0.0411,0.33,0.0027,26.0,18.0
2024-08-10,종로구,29.9,26.0,34.0,0.0,0.0137,0.0548,0.35,0.0033,31.0,24.0
2024-08-11,종로구,30.8,27.3,35.0,0.0,0.0111,0.0536,0.33,0.0033,27.0,23.0
2024-08-12,종로구,31.5,28.2,35.9,0.0,0.0149,0.0489,0.33,0.0029,27.0,21.0
2024-08-13,종로구,30.9,28.2,36.0,8.0,0.0117,0.0441,0.31,0.0027,22.0,17.0
2024-08-14,종로구,30.0,26.3,36.0,26.0,0.0153,0.0527,0.33,0.0028,24.0,18.0
2024-08-15,종로구,29.8,26.8,35.0,0.0,0.0109,0.0479,0.3,0.0027,21.0,16.0
2024-08-16,종로구,30.4,26.9,35.1,0.0,0.0126,0.0468,0.3,0.0028,19.0,15.0
2024-08-17,종로구,29.9,27.5,34.2,23.0,0.0117,0.0528,0.29,0.0027,20.0,15.0
2024-08-18,종로구,29.7,27.1,33.8,0.0,0.0084,0.051,0.28,0.0028,17.0,14.0
2024-08-19,종로구,30.9,26.8,36.5,0.0,0.0135,0.0567,0.35,0.0028,23.0,17.0
2024-08-20,종로구,31.8,27.9,35.8,0.0,0.012,0.045,0.3,0.0029,23.0,19.0
2024-08-21,종로구,27.7,26.0,30.9,37.5,0.0106,0.0216,0.23,0.0027,12.0,6.0
2024-08-22,종로구,28.4,26.3,32.4,2.5,0.011,0.0152,0.25,0.0029,16.0,7.0
2024-08-23,종로구,27.8,25.3,32.5,0.0,0.0146,0.0426,0.39,0.0035,27.0,22.0
2024-08-24,종로구,28.1,25.3,31.2,0.5,0.015,0.0576,0.49,0.0038,38.0,33.0
2024-08-25,종로구,28.4,25.0,32.1,5.0,0.0109,0.0572,0.48,0.0036,37.0,32.0
2024-08-26,종로구,27.8,25.9,31.5,7.0,0.0182,0.0421,0.51,0.0034,35.0,29.0
2024-08-27,종로구,26.9,25.4,30.0,0.0,0.0142,0.0316,0.37,0.0032,20.0,14.0
2024-08-28,종로구,28.3,23.3,33.1,0.0,0.0098,0.0457,0.29,0.0028,12.0,8.0
2024-08-29,종로구,28.4,24.1,33.4,0.0,0.0083,0.042,0.26,0.0026,9.0,4.0
2024-08-30,종로구,28.6,24.7,33.3,0.0,0.0108,0.0381,0.29,0.0028,13.0,6.0
2024-08-31,종로구,27.7,23.0,32.9,0.0,0.0105,0.0571,0.36,0.0031,33.0,20.0
2024-09-01,종로구,26.7,24.0,31.3,0.0,0.0116,0.0496,0.4,0.0033,30.0,21.0
2024-09-02,종로구,24.5,22.1,27.1,2.0,0.0154,0.0316,0.36,0.003,19.0,14.0
2024-09-03,종로구,27.1,23.0,32.5,0.0,0.01,0.0437,0.27,0.0025,10.0,5.0
2024-09-04,종로구,28.1,23.2,33.5,0.0,0.0138,0.0521,0.33,0.0031,19.0,10.0
2024-09-05,종로구,25.8,24.8,29.0,11.0,0.0158,0.0435,0.34,0.0034,23.0,13.0
2024-09-06,종로구,23.5,21.9,25.0,1.0,0.0125,0.0275,0.32,0.0028,14.0,8.0
2024-09-07,종로구,26.5,22.5,31.7,0.0,0.0118,0.0542,0.35,0.0029,21.0,15.0
2024-09-08,종로구,27.1,23.3,32.4,0.0,0.0103,0.0637,0.41,0.0029,28.0,23.0
2024-09-09,종로구,28.8,24.5,34.6,0.0,0.0162,0.0523,0.41,0.0031,26.0,21.0
2024-09-10,종로구,29.8,26.0,33.6,0.0,0.018,0.0518,0.42,0.0032,29.0,22.0
2024-09-11,종로구,29.1,26.3,35.7,0.5,0.0182,0.0576,0.41,0.0034,31.0,24.0
2024-09-12,종로구,25.1,24.5,26.7,50.0,0.0149,0.0172,0.32,0.003,9.0,5.0
2024-09-13,종로구,25.5,24.2,27.3,17.5,0.0141,0.0123,0.3,0.0033,12.0,7.0
2024-09-14,종로구,27.8,24.9,31.9,0.0,0.0104,0.027,0.25,0.0029,12.0,6.0
2024-09-15,종로구,27.4,23.7,31.8,0.0,0.006,0.0243,0.25,0.0026,12.0,5.0
2024-09-16,종로구,26.8,20.6,32.5,11.0,0.0066,0.0366,0.24,0.0023,6.0,3.0
2024-09-17,종로구,29.0,26.3,33.7,0.0,0.0097,0.0251,0.28,0.0026,12.0,7.0
2024-09-18,종로구,29.9,27.1,33.6,0.0,0.0092,0.0255,0.28,0.0029,17.0,11.0
2024-09-19,종로구,29.6,26.2,33.2,0.0,0.016,0.0417,0.31,0.0033,20.0,14.0
2024-09-20,종로구,24.6,16.8,29.2,52.0,0.016,0.0138,0.31,0.0031,13.0,9.0
2024-09-21,종로구,18.6,16.1,21.2,15.5,0.0062,0.0335,0.22,0.0023,4.0,1.0
2024-09-22,종로구,20.7,16.8,25.7,0.0,0.0053,0.0297,0.22,0.0022,3.0,1.0
2024-09-23,종로구,20.5,16.4,25.1,0.0,0.009,0.0345,0.24,0.0021,7.0,2.0
2024-09-24,종로구,21.0,15.5,27.0,0.0,0.0141,0.0376,0.28,0.0022,10.0,5.0
2024-09-25,종로구,23.6,18.7,28.4,0.0,0.0197,0.0324,0.34,0.0029,16.0,9.0
2024-09-26,종로구,23.8,21.9,27.9,0.0,0.0168,0.0397,0.36,0.0031,18.0,11.0
2024-09-27,종로구,23.4,19.9,28.1,0.0,0.0118,0.0344,0.31,0.0028,15.0,9.0
2024-09-28,종로구,22.9,19.7,27.4,0.0,0.0069,0.0424,0.25,0.0023,12.0,6.0
2024-09-29,종로구,23.7,18.8,29.5,0.0,0.0064,0.0418,0.24,0.0022,7.0,3.0
2024-09-30,종로구,23.1,18.8,28.0,0.0,0.0151,0.0412,0.32,0.0026,14.0,7.0
2024-10-01,종로구,18.2,13.3,21.5,1.0,0.0137,0.0335,0.3,0.0027,15.0,7.0
2024-10-02,종로구,14.8,11.5,19.0,0.0,0.0093,0.035,0.28,0.0024,13.0,7.0
2024-10-03,종로구,16.1,11.9,21.5,0.0,0.0137,0.0293,0.29,0.0026,15.0,8.0
2024-10-04,종로구,17.9,12.6,24.3,0.0,0.0182,0.0245,0.33,0.0026,15.0,9.0
2024-10-05,종로구,17.8,12.9,24.3,0.0,0.0211,0.0311,0.37,0.0029,24.0,15.0
2024-10-06,종로구,15.6,13.7,17.7,0.0,0.0214,0.0177,0.41,0.0029,21.0,14.0
2024-10-07,종로구,16.9,14.3,20.3,0.0,0.0212,0.0268,0.48,0.0032,34.0,23.0
2024-10-08,종로구,17.9,13.3,24.0,0.0,0.0189,0.0231,0.47,0.0034,34.0,23.0
2024-10-09,종로구,18.9,14.3,24.6,0.0,0.0129,0.033,0.31,0.0027,12.0,7.0
2024-10-10,종로구,19.1,15.4,25.4,0.0,0.0172,0.032,0.35,0.0027,18.0,10.0
2024-10-11,종로구,18.7,14.6,24.5,0.0,0.0213,0.041,0.41,0.0033,33.0,22.0
2024-10-12,종로구,18.4,13.4,25.0,0.0,0.0237,0.0378,0.46,0.0032,35.0,25.0
2024-10-13,종로구,18.3,13.5,22.0,0.0,0.0171,0.0301,0.4,0.0031,26.0,18.0
2024-10-14,종로구,19.2,17.6,21.2,0.0,0.0222,0.0221,0.38,0.003,19.0,11.0
2024-10-15,종로구,18.8,16.9,21.4,1.0,0.0207,0.019,0.38,0.0031,19.0,13.0
2024-10-16,종로구,18.3,14.9,24.5,0.0,0.0314,0.0274,0.49,0.0033,33.0,24.0
2024-10-17,종로구,19.4,14.5,25.9,0.0,0.0411,0.0229,0.52,0.0038,38.0,24.0
2024-10-18,종로구,17.0,15.5,19.0,48.0,0.0213,0.0169,0.4,0.0032,21.0,13.0
2024-10-19,종로구,15.9,12.0,20.1,0.5,0.0071,0.0333,0.27,0.0026,5.0,3.0
2024-10-20,종로구,12.9,10.4,17.4,0.0,0.0062,0.0343,0.22,0.0021,11.0,4.0
2024-10-21,종로구,14.3,9.4,18.8,0.0,0.0209,0.0204,0.33,0.0025,19.0,6.0
2024-10-22,종로구,14.8,14.0,15.9,16.5,0.0257,0.0083,0.43,0.0029,12.0,7.0
2024-10-23,종로구,12.2,9.4,15.1,1.0,0.01,0.034,0.33,0.0026,15.0,7.0
2024-10-24,종로구,12.2,6.6,17.6,0.0,0.0219,0.0255,0.46,0.0028,26.0,17.0
2024-10-25,종로구,15.2,9.6,21.8,0.0,0.0306,0.0147,0.52,0.0036,26.0,16.0
2024-10-26,종로구,17.1,11.6,23.8,0.0,0.0274,0.0179,0.48,0.0036,23.0,14.0
2024-10-27,종로구,15.9,13.6,19.1,0.0,0.0177,0.0269,0.41,0.0037,25.0,17.0
2024-10-28,종로구,15.4,12.3,19.2,0.0,0.016,0.023,0.45,0.0031,29.0,21.0
2024-10-29,종로구,14.7,12.9,18.2,0.0,0.0196,0.0249,0.36,0.0029,13.0,7.0
2024-10-30,종로구,15.5,11.3,21.2,0.0,0.025,0.0255,0.48,0.0036,26.0,17.0
2024-10-31,종로구,16.0,11.5,22.5,0.0,0.0329,0.0215,0.54,0.0036,32.0,23.0
2024-11-01,종로구,15.3,13.2,18.4,0.0,0.0424,0.0126,0.61,0.0042,36.0,25.0
2024-11-02,종로구,18.1,12.3,24.7,0.0,0.0161,0.034,0.4,0.0038,31.0,21.0
2024-11-03,종로구,17.7,13.1,23.9,0.0,0.0115,0.0393,0.33,0.003,23.0,16.0
2024-11-04,종로구,14.1,8.9,17.9,1.5,0.0125,0.0399,0.31,0.0029,25.0,14.0
2024-11-05,종로구,9.1,5.6,14.1,0.0,0.015,0.0257,0.33,0.0033,25.0,11.0
2024-11-06,종로구,7.4,4.4,11.8,0.0,0.0148,0.0241,0.35,0.0032,20.0,10.0
2024-11-07,종로구,7.5,1.7,14.5,0.0,0.0406,0.0176,0.59,0.0032,50.0,32.0
2024-11-08,종로구,9.9,4.3,17.4,0.0,0.0358,0.0187,0.56,0.0034,37.0,24.0
2024-11-09,종로구,12.8,7.7,19.8,0.0,0.037,0.0186,0.53,0.0038,33.0,22.0
2024-11-10,종로구,14.3,10.7,20.7,0.0,0.0246,0.0266,0.44,0.0039,25.0,17.0
2024-11-11,종로구,14.1,9.0,21.4,0.0,0.0296,0.0298,0.6,0.0043,49.0,30.0
2024-11-12,종로구,14.0,10.5,18.5,0.0,0.0174,0.0359,0.44,0.0035,36.0,23.0
2024-11-13,종로구,14.1,9.3,21.0,0.0,0.0331,0.02,0.57,0.0038,41.0,24.0
2024-11-14,종로구,14.5,12.8,16.2,0.0,0.0329,0.0138,0.5,0.0037,34.0,18.0
2024-11-15,종로구,16.5,13.1,21.4,0.0,0.0282,0.0174,0.49,0.0035,29.0,18.0
2024-11-16,종로구,16.9,13.9,22.8,5.5,0.0218,0.0262,0.42,0.0035,25.0,15.0
2024-11-17,종로구,6.0,1.8,13.9,0.0,0.0054,0.0322,0.29,0.0028,20.0,10.0
2024-11-18,종로구,2.3,-0.6,6.8,0.0,0.0099,0.0287,0.27,0.0025,15.0,7.0
2024-11-19,종로구,5.1,0.7,10.4,0.0,0.0287,0.0135,0.39,0.0027,26.0,13.0
2024-11-20,종로구,5.6,1.5,9.8,0.5,0.0404,0.0054,0.6,0.0034,41.0,23.0
2024-11-21,종로구,8.8,5.2,13.2,1.0,0.0316,0.0175,0.64,0.0038,55.0,35.0
2024-11-22,종로구,5.7,2.8,10.0,0.0,0.0124,0.0302,0.38,0.0033,34.0,21.0
2024-11-23,종로구,5.9,2.2,11.3,0.0,0.0239,0.0175,0.4,0.0027,25.0,15.0
2024-11-24,종로구,7.2,3.3,13.5,0.0,0.0246,0.0176,0.43,0.0026,16.0,11.0
2024-11-25,종로구,9.9,4.1,15.0,0.0,0.0269,0.0168,0.45,0.0029,23.0,14.0
2024-11-26,종로구,4.8,0.3,11.9,23.0,0.0119,0.0271,0.3,0.0023,10.0,5.0
2024-11-27,종로구,-2.1,-2.9,1.1,0.5,0.0142,0.0254,0.32,0.0018,9.0,6.0
2024-11-28,종로구,-0.6,-2.6,2.4,,0.0153,0.0233,0.38,0.0022,17.0,13.0
2024-11-29,종로구,-0.5,-4.4,3.6,0.0,0.0254,0.0135,0.48,0.0028,31.0,18.0
2024-11-30,종로구,2.3,-2.1,5.7,0.0,0.0339,0.0075,0.58,0.0034,25.0,16.0
2024-12-01,종로구,4.6,0.9,8.1,0.0,0.027,0.0097,0.59,0.0032,30.0,20.0
2024-12-02,종로구,6.1,-0.2,12.8,0.0,0.0284,0.0176,0.7,0.0038,46.0,27.0
2024-12-03,종로구,0.1,-3.4,3.7,0.0,0.0144,0.0262,0.32,0.0029,16.0,7.0
2024-12-04,종로구,1.8,-2.0,5.6,0.0,0.0203,0.0227,0.4,0.0032,21.0,11.0
2024-12-05,종로구,2.7,-1.3,8.0,1.0,0.0214,0.0228,0.43,0.0031,21.0,11.0
2024-12-06,종로구,0.9,-2.3,4.1,0.0,0.0115,0.0287,0.33,0.003,25.0,11.0
2024-12-07,종로구,-1.2,-3.6,3.4,0.0,0.0126,0.0256,0.36,0.0027,22.0,13.0
2024-12-08,종로구,-1.7,-5.1,3.1,0.0,0.0084,0.0288,0.33,0.0025,21.0,13.0
2024-12-09,종로구,0.2,-4.8,5.7,0.0,0.0314,0.0116,0.57,0.0032,32.0,18.0
2024-12-10,종로구,1.6,-3.4,5.6,0.0,0.0326,0.0154,0.72,0.0037,40.0,28.0
2024-12-11,종로구,1.4,-1.8,6.2,0.0,0.0288,0.0173,0.73,0.0049,59.0,42.0
2024-12-12,종로구,-0.5,-4.7,3.3,0.0,0.0239,0.0154,0.57,0.0039,43.0,28.0
2024-12-13,종로구,-0.5,-2.9,3.1,0.0,0.0191,0.0237,0.41,0.0033,27.0,17.0
2024-12-14,종로구,-2.0,-4.6,1.5,0.0,0.0157,0.0252,0.42,0.0027,28.0,17.0
2024-12-15,종로구,-0.3,-3.4,4.6,0.0,0.0145,0.0288,0.33,0.0027,18.0,10.0
2024-12-16,종로구,-1.1,-4.4,3.1,0.0,0.0355,0.0095,0.55,0.003,29.0,18.0
2024-12-17,종로구,-2.2,-5.3,2.4,0.0,0.0206,0.0199,0.43,0.003,24.0,16.0
2024-12-18,종로구,-4.9,-7.6,-0.9,0.0,0.0148,0.0206,0.4,0.0034,30.0,17.0
2024-12-19,종로구,-2.9,-7.6,3.1,0.0,0.0349,0.0088,0.64,0.0043,52.0,32.0
2024-12-20,종로구,-0.1,-3.4,3.3,0.0,0.0508,0.0033,0.84,0.0047,59.0,42.0
2024-12-21,종로구,-2.5,-6.1,0.4,2.5,0.0201,0.02,0.58,0.003,52.0,43.0
2024-12-22,종로구,-4.6,-8.3,0.3,0.0,0.011,0.0295,0.32,0.0026,19.0,10.0
2024-12-23,종로구,-0.8,-6.0,5.9,0.0,0.0312,0.0165,0.58,0.0032,28.0,18.0
2024-12-24,종로구,-1.3,-5.4,4.0,0.0,0.0285,0.0188,0.51,0.0033,33.0,20.0
2024-12-25,종로구,1.3,-2.2,5.1,0.0,0.0379,0.0141,0.6,0.0037,34.0,23.0
2024-12-26,종로구,-1.3,-6.4,3.0,0.0,0.0154,0.0251,0.47,0.0029,65.0,38.0
2024-12-27,종로구,-4.0,-7.2,0.1,0.0,0.0149,0.0284,0.35,0.0025,30.0,15.0
2024-12-28,종로구,-4.3,-7.7,-0.3,0.0,0.0112,0.0293,0.33,0.0026,30.0,16.0
2024-12-29,종로구,0.2,-5.3,4.9,0.0,0.0283,0.0187,0.48,0.0026,24.0,15.0
2024-12-30,종로구,4.8,1.8,8.5,0.0,0.0389,0.0208,0.72,0.0034,54.0,34.0
2024-12-31,종로구,-0.6,-3.2,3.7,0.0,0.0146,0.0296,0.39,0.0027,51.0,20.0
2024-01-01,마포구,3.8,0.8,8.3,0.0,0.0345,0.0117,0.81,0.0028,24.0,22.0
2024-01-02,마포구,2.9,1.7,4.5,0.0,0.027,0.0202,0.53,0.0027,39.0,31.0
2024-01-03,마포구,1.8,-1.3,5.0,0.0,0.0324,0.0155,0.51,0.0027,39.0,29.0
2024-01-04,마포구,2.3,-1.9,5.4,0.0,0.0338,0.0159,0.67,0.0029,50.0,37.0
2024-01-05,마포구,5.2,0.6,9.5,0.0,0.034,0.0241,0.73,0.0034,75.0,57.0
2024-01-06,마포구,0.3,-2.6,4.6,0.0,0.0214,0.0229,0.42,0.0027,21.0,11.0
2024-01-07,마포구,-4.7,-8.9,-1.1,0.0,0.0132,0.0255,0.43,0.0024,22.0,13.0
2024-01-08,마포구,-4.5,-9.9,-0.7,0.0,0.0288,0.0109,0.52,0.0026,23.0,15.0
2024-01-09,마포구,-0.4,-1.5,0.7,0.5,0.0423,0.0019,0.58,0.0026,22.0,17.0
2024-01-10,마포구,-0.8,-3.8,2.9,0.0,0.0418,0.0037,0.84,0.0028,64.0,59.0
2024-01-11,마포구,1.9,-2.7,5.6,0.0,0.0421,0.0075,0.69,0.0032,52.0,50.0
2024-01-12,마포구,0.9,-1.5,4.5,0.0,0.0296,0.019,0.58,0.0031,53.0,37.0
2024-01-13,마포구,1.0,-2.9,5.6,0.0,0.032,0.0159,0.52,0.0031,23.0,13.0
2024-01-14,마포구,0.3,-3.9,3.8,2.0,0.0418,0.0076,0.79,0.003,32.0,24.0
2024-01-15,마포구,-4.0,-6.9,0.1,0.0,0.0197,0.0238,0.41,0.0029,22.0,10.0
2024-01-16,마포구,-1.5,-6.8,3.2,0.0,0.0394,0.0111,0.58,0.0033,30.0,17.0
2024-01-17,마포구,0.9,-0.3,2.2,8.0,0.0504,0.0022,0.87,0.003,33.0,25.0
2024-01-18,마포구,4.4,0.7,9.6,0.5,0.0285,0.0143,0.53,0.0028,23.0,22.0
2024-01-19,마포구,5.4,4.0,9.1,0.0,0.0173,0.0325,0.42,0.0025,15.0,9.0
2024-01-20,마포구,3.4,1.7,4.9,0.0,0.0126,0.0334,0.34,0.0022,5.0,2.0
2024-01-21,마포구,1.4,-2.9,4.3,0.0,0.0174,0.0246,0.39,0.0023,11.0,8.0
2024-01-22,마포구,-8.9,-12.2,-2.9,0.0,0.0116,0.0286,0.41,0.0019,28.0,19.0
2024-01-23,마포구,-11.7,-14.1,-8.2,0.0,0.011,0.0292,0.38,0.0022,20.0,12.0
2024-01-24,마포구,-7.9,-11.3,-3.6,0.0,0.0133,0.0279,0.41,0.0023,24.0,11.0
2024-01-25,마포구,-5.1,-9.5,-1.0,0.0,0.0205,0.0233,0.44,0.0029,21.0,13.0
2024-01-26,마포구,-1.3,-5.5,3.7,0.0,0.0399,0.0136,0.61,0.0027,30.0,23.0
2024-01-27,마포구,-0.3,-4.4,4.8,0.0,0.0369,0.0195,0.71,0.0033,47.0,40.0
2024-01-28,마포구,-1.2,-4.6,3.7,0.0,0.0254,0.0274,0.48,0.0027,25.0,18.0
2024-01-29,마포구,0.2,-3.2,4.7,0.0,0.0436,0.0174,0.74,0.003,40.0,33.0
2024-01-30,마포구,2.2,-2.2,7.8,0.0,0.0537,0.0102,0.84,0.0031,55.0,44.0
2024-01-31,마포구,4.6,1.7,10.4,0.0,0.0507,0.017,0.84,0.0036,54.0,43.0
2024-02-01,마포구,1.9,-1.5,6.8,0.0,0.0335,0.0235,0.87,0.0033,79.0,67.0
2024-02-02,마포구,3.0,1.0,7.5,0.0,0.0404,0.0147,0.64,0.0033,44.0,34.0
2024-02-03,마포구,4.9,0.4,9.0,0.0,0.0358,0.014,0.59,0.0029,37.0,30.0
2024-02-04,마포구,7.2,3.7,12.3,0.0,0.0302,0.0173,0.53,0.0029,27.0,21.0
2024-02-05,마포구,2.3,-0.1,6.6,2.0,0.0135,0.0367,0.31,0.0021,5.0,3.0
2024-02-06,마포구,1.3,-0.1,3.2,0.0,0.0251,0.0247,0.37,0.002,14.0,10.0
2024-02-07,마포구,0.5,-1.4,3.7,0.0,0.0281,0.0226,0.56,0.0022,33.0,27.0
2024-02-08,마포구,0.9,-2.3,6.0,0.0,0.0364,0.0214,0.61,0.0027,40.0,34.0
2024-02-09,마포구,1.4,-1.6,6.7,0.0,,,,,,
2024-02-10,마포구,2.4,-0.6,7.5,0.0,,,,,,
2024-02-11,마포구,1.4,-2.7,6.9,0.0,0.0242,0.0367,0.6,0.0029,59.0,49.0
2024-02-12,마포구,4.6,-0.9,10.5,0.0,0.036,0.0259,0.72,0.003,63.0,51.0
2024-02-13,마포구,9.9,4.8,16.0,0.0,0.0396,0.0311,0.66,0.0022,69.0,45.0
2024-02-14,마포구,13.2,10.5,19.3,0.0,0.0409,0.0227,0.57,0.0022,44.0,27.0
2024-02-15,마포구,4.1,0.1,10.5,8.0,0.0201,0.0302,0.35,0.0023,20.0,14.0
2024-02-16,마포구,2.8,-0.9,8.3,0.0,0.0294,0.0226,0.46,0.0026,26.0,17.0
2024-02-17,마포구,5.5,0.3,10.9,0.0,0.0432,0.0186,0.67,0.0032,41.0,32.0
2024-02-18,마포구,7.4,3.6,9.9,15.0,0.039,0.0147,0.62,0.0027,35.0,29.0
2024-02-19,마포구,9.0,3.5,12.1,7.5,0.0312,0.013,0.52,0.0025,12.0,8.0
2024-02-20,마포구,4.1,2.4,7.1,1.5,0.0225,0.0169,0.44,0.0023,31.0,17.0
2024-02-21,마포구,1.7,-0.1,4.1,13.5,0.0135,0.0314,0.29,0.0018,3.0,1.0
2024-02-22,마포구,0.2,-1.2,2.0,8.5,0.0139,0.0347,0.28,0.0015,6.0,3.0
2024-02-23,마포구,2.1,-0.9,7.1,0.0,0.0143,0.0365,0.29,0.0017,11.0,6.0
2024-02-24,마포구,2.1,-1.0,6.9,1.0,0.0137,0.0364,0.3,0.0018,15.0,8.0
2024-02-25,마포구,2.6,0.6,6.7,0.5,0.0174,0.0296,0.35,0.002,14.0,10.0
2024-02-26,마포구,4.9,-0.5,11.1,0.0,0.0271,0.0229,0.5,0.0024,36.0,24.0
2024-02-27,마포구,5.5,1.6,10.1,0.0,0.0156,0.0382,0.31,0.002,19.0,10.0
2024-02-28,마포구,7.0,4.0,11.1,0.0,0.0254,0.0298,0.36,0.0023,31.0,16.0
2024-02-29,마포구,4.8,-0.1,9.9,0.0,0.0296,0.0234,0.52,0.0026,55.0,37.0
2024-03-01,마포구,-4.1,-7.3,0.0,0.0,0.0094,0.0421,0.29,0.0021,35.0,10.0
2024-03-02,마포구,0.2,-7.8,5.3,0.0,0.0152,0.0399,0.33,0.0022,34.0,13.0
2024-03-03,마포구,4.1,0.7,8.7,0.0,0.0227,0.0421,0.57,0.0024,104.0,64.0
2024-03-04,마포구,5.8,-0.7,12.0,0.0,0.0419,0.0212,0.58,0.0026,71.0,39.0
2024-03-05,마포구,8.4,5.9,11.5,0.0,0.035,0.0289,0.48,0.0027,46.0,25.0
2024-03-06,마포구,6.6,3.3,11.2,0.0,0.0231,0.0332,0.36,0.0021,16.0,8.0
2024-03-07,마포구,4.3,1.0,10.9,0.5,0.0208,0.0363,0.37,0.0023,30.0,17.0
2024-03-08,마포구,2.3,-0.5,8.2,0.0,0.0189,0.0403,0.4,0.0024,41.0,22.0
2024-03-09,마포구,2.1,-2.3,7.8,0.0,0.0195,0.0344,0.37,0.0023,32.0,18.0
2024-03-10,마포구,4.9,-0.8,12.0,0.0,0.0242,0.0355,0.39,0.0025,29.0,17.0
2024-03-11,마포구,,,,0.0,0.0383,0.0277,0.45,0.0028,32.0,19.0
2024-03-12,마포구,6.4,4.4,12.3,1.5,0.0391,0.0204,0.47,0.0025,32.0,23.0
2024-03-13,마포구,6.9,2.2,13.5,0.0,0.0289,0.0401,0.46,0.0029,41.0,25.0
2024-03-14,마포구,,,,0.0,0.0296,0.0478,0.44,0.003,55.0,35.0
2024-03-15,마포구,9.3,4.9,15.3,0.0,0.0282,0.0435,0.39,0.003,41.0,29.0
2024-03-16,마포구,11.5,5.9,19.7,0.0,0.0326,0.0396,0.46,0.0032,44.0,29.0
2024-03-17,마포구,,,,0.0,0.0148,0.0469,0.32,0.0024,97.0,19.0
2024-03-18,마포구,,,,0.0,0.0225,0.0308,0.31,0.0025,22.0,8.0
2024-03-19,마포구,6.3,,,0.0,0.0198,0.0373,0.37,0.0025,47.0,24.0
2024-03-20,마포구,4.5,1.0,10.3,0.0,0.014,0.0378,0.33,0.0021,38.0,23.0
2024-03-21,마포구,5.8,,,0.0,0.0242,0.0347,0.38,0.0028,34.0,20.0
2024-03-22,마포구,10.6,4.5,16.5,4.5,0.0273,0.0356,0.41,0.0027,43.0,18.0
2024-03-23,마포구,13.6,,,0.0,0.019,0.0452,0.37,0.0022,54.0,21.0
2024-03-24,마포구,17.0,12.0,23.8,0.0,0.027,0.0328,0.44,0.0025,37.0,18.0
2024-03-25,마포구,10.7,6.6,16.1,4.0,0.0156,0.0389,0.31,0.0022,20.0,8.0
2024-03-26,마포구,6.8,2.5,13.6,13.0,0.016,0.0397,0.28,0.0019,7.0,3.0
2024-03-27,마포구,11.0,5.8,17.7,0.0,0.0287,0.0293,0.42,0.0025,22.0,14.0
2024-03-28,마포구,10.3,7.5,12.1,2.0,0.0279,0.0289,0.42,0.0027,18.0,12.0
2024-03-29,마포구,7.9,5.1,13.1,1.0,0.0216,0.037,0.4,0.0022,233.0,34.0
2024-03-30,마포구,9.3,4.6,17.3,0.0,0.0257,0.0375,0.41,0.0024,93.0,19.0
2024-03-31,마포구,11.0,4.4,18.7,0.0,0.0201,0.0382,0.39,0.0025,43.0,12.0
2024-04-01,마포구,12.6,6.2,20.2,0.0,0.025,0.0376,0.37,0.0029,45.0,14.0
2024-04-02,마포구,16.5,9.6,24.7,0.0,0.0406,0.0375,0.5,0.0034,50.0,20.0
2024-04-03,마포구,16.6,14.9,19.0,0.0,0.0373,0.0314,0.48,0.003,41.0,20.0
2024-04-04,마포구,15.6,12.9,21.7,0.0,0.0171,0.0493,0.35,0.0025,33.0,16.0
2024-04-05,마포구,13.9,10.4,20.7,0.0,0.0177,0.0529,0.33,0.0025,41.0,21.0
2024-04-06,마포구,13.1,8.5,20.2,0.0,0.0346,0.0435,0.5,0.0036,66.0,43.0
2024-04-07,마포구,15.3,9.7,24.4,0.0,0.0316,0.0533,0.5,0.0033,54.0,33.0
2024-04-08,마포구,16.3,11.5,23.0,0.0,0.0412,0.0361,0.49,0.003,53.0,27.0
2024-04-09,마포구,15.5,11.1,21.2,0.0,0.0179,0.0481,0.34,0.0023,41.0,20.0
2024-04-10,마포구,13.9,10.6,19.3,0.0,0.014,0.054,0.3,0.0024,41.0,17.0
2024-04-11,마포구,15.8,12.1,22.2,0.0,0.0229,0.0494,0.38,0.0026,45.0,19.0
2024-04-12,마포구,17.6,13.2,25.1,0.0,0.0327,0.036,0.44,0.003,46.0,23.0
2024-04-13,마포구,19.2,11.5,27.9,0.0,0.0241,0.0395,0.35,0.0025,37.0,16.0
2024-04-14,마포구,21.5,14.2,29.4,0.0,0.0277,0.0486,0.46,0.0035,45.0,23.0
2024-04-15,마포구,15.7,11.1,20.3,17.5,0.0208,0.0397,0.33,0.003,23.0,12.0
2024-04-16,마포구,13.1,10.8,18.3,2.5,0.0212,0.0424,0.41,0.0024,72.0,24.0
2024-04-17,마포구,14.8,9.1,22.5,0.0,0.026,0.0312,0.48,0.0027,121.0,37.0
2024-04-18,마포구,17.3,10.6,25.9,0.0,0.0271,0.0385,0.42,0.0029,110.0,23.0
2024-04-19,마포구,18.0,12.8,25.1,0.0,0.0297,0.0688,0.45,0.0038,95.0,28.0
2024-04-20,마포구,15.0,12.8,18.0,3.5,0.0259,0.0464,0.49,0.0027,62.0,26.0
2024-04-21,마포구,17.1,13.5,21.2,0.0,0.0085,0.0529,0.28,0.0021,15.0,6.0
2024-04-22,마포구,18.9,14.9,24.5,0.0,0.0111,0.0608,0.28,0.0021,31.0,17.0
2024-04-23,마포구,17.1,13.6,24.5,0.5,0.0103,0.0584,0.27,0.0019,21.0,12.0
2024-04-24,마포구,12.8,10.5,17.7,9.5,0.0124,0.0397,0.27,0.002,11.0,5.0
2024-04-25,마포구,14.1,9.8,21.4,0.0,0.0205,0.0587,0.39,0.0022,30.0,19.0
2024-04-26,마포구,18.0,12.2,26.4,0.0,0.0316,0.0429,0.47,0.0027,57.0,22.0
2024-04-27,마포구,18.7,12.4,26.8,0.0,0.0268,0.0502,0.45,0.0029,49.0,27.0
2024-04-28,마포구,21.0,13.8,29.2,0.0,0.0276,0.0587,0.47,0.0031,38.0,21.0
2024-04-29,마포구,20.6,17.2,26.7,0.0,0.0168,0.0622,0.34,0.0025,44.0,20.0
2024-04-30,마포구,18.1,15.2,22.8,0.0,0.0251,0.0512,0.46,0.0037,58.0,32.0
2024-05-01,마포구,18.4,13.8,24.2,0.0,0.0131,0.0571,0.3,0.0023,27.0,15.0
2024-05-02,마포구,18.8,14.1,24.3,0.0,0.0226,0.0494,0.35,0.0027,35.0,19.0
2024-05-03,마포구,19.8,12.8,28.0,0.0,0.0304,0.0568,0.4,0.0031,49.0,24.0
2024-05-04,마포구,21.7,15.8,28.8,0.0,0.0359,0.069,0.56,0.0041,56.0,33.0
2024-05-05,마포구,17.2,15.2,21.1,46.5,0.0137,0.0344,0.36,0.0024,23.0,14.0
2024-05-06,마포구,13.7,13.0,15.2,10.5,0.0109,0.0506,0.32,0.0021,10.0,6.0
2024-05-07,마포구,13.1,11.9,15.3,2.5,0.0119,0.0397,0.33,0.0021,20.0,12.0
2024-05-08,마포구,15.1,9.7,22.3,0.0,0.0151,0.0403,0.28,0.002,21.0,9.0
2024-05-09,마포구,16.6,11.4,22.4,0.0,0.0196,0.0526,0.33,0.0025,28.0,13.0
2024-05-10,마포구,18.2,13.1,24.6,0.0,0.0154,0.062,0.32,0.0027,28.0,13.0
2024-05-11,마포구,16.9,13.4,22.6,31.0,0.0113,0.0484,0.27,0.0022,19.0,7.0
2024-05-12,마포구,16.9,11.6,22.8,0.0,0.012,0.0475,0.3,0.0022,70.0,14.0
2024-05-13,마포구,18.9,12.2,25.6,0.0,0.0206,0.048,0.37,0.0024,30.0,14.0
2024-05-14,마포구,19.5,14.2,25.3,0.0,0.0256,0.0463,0.39,0.0027,28.0,14.0
2024-05-15,마포구,12.8,6.8,19.7,17.5,0.0163,0.0466,0.29,0.0027,25.0,8.0
2024-05-16,마포구,14.0,6.6,20.6,0.0,0.0125,0.0434,0.27,0.0024,16.0,5.0
2024-05-17,마포구,18.5,11.6,26.1,0.0,0.0172,0.0666,0.4,0.0029,39.0,18.0
2024-05-18,마포구,21.0,15.9,26.9,0.0,0.0174,0.0455,0.33,0.0026,26.0,11.0
2024-05-19,마포구,21.8,16.6,28.5,0.0,0.0151,0.0445,0.31,0.0026,25.0,12.0
2024-05-20,마포구,19.2,16.1,23.3,0.0,0.0174,0.0325,0.28,0.0031,30.0,15.0
2024-05-21,마포구,21.3,15.7,28.2,0.0,0.0183,0.0481,0.35,0.0024,41.0,28.0
2024-05-22,마포구,20.4,15.5,26.4,0.0,0.0205,0.0433,0.41,0.0029,47.0,33.0
2024-05-23,마포구,19.9,15.3,26.8,0.0,0.0179,0.0379,0.31,0.0028,30.0,17.0
2024-05-24,마포구,20.2,15.0,25.2,0.0,0.0135,0.0336,0.29,0.0021,34.0,24.0
2024-05-25,마포구,21.0,18.4,25.8,0.0,0.017,0.0401,0.32,0.0024,36.0,21.0
2024-05-26,마포구,19.5,16.5,24.9,7.5,0.0109,0.044,0.3,0.0023,25.0,15.0
2024-05-27,마포구,18.7,14.0,24.1,0.0,0.0109,0.0499,0.33,0.0023,27.0,10.0
2024-05-28,마포구,20.8,15.2,27.5,0.0,0.0132,0.0415,0.27,0.0022,18.0,7.0
2024-05-29,마포구,22.2,16.7,28.1,0.0,0.0254,0.0379,0.34,0.0031,27.0,13.0
2024-05-30,마포구,20.9,17.8,25.5,0.0,0.0311,0.0416,0.41,0.0031,29.0,16.0
2024-05-31,마포구,20.6,17.0,26.3,0.0,0.0175,0.052,0.3,0.0027,23.0,13.0
2024-06-01,마포구,21.0,17.4,26.8,0.0,0.011,0.0504,0.29,0.0024,28.0,14.0
2024-06-04,마포구,,,,0.0,0.0132,0.0477,0.25,0.0022,19.0,8.0
2024-06-05,마포구,24.1,18.9,31.2,0.0,0.0271,0.0562,0.37,0.0029,40.0,24.0
2024-06-06,마포구,24.4,19.3,32.6,0.0,0.0263,0.0624,0.39,0.0031,45.0,31.0
2024-06-07,마포구,23.2,18.0,28.9,0.0,0.021,0.0574,0.31,0.003,31.0,19.0
2024-06-08,마포구,20.2,16.9,26.6,17.0,0.0136,0.0417,0.29,0.0023,23.0,17.0
2024-06-09,마포구,23.1,17.5,30.0,0.0,0.0157,0.0455,0.34,0.0028,28.0,19.0
2024-06-10,마포구,25.0,19.3,32.1,0.0,0.0161,0.0693,0.4,0.0033,44.0,27.0
2024-06-11,마포구,25.3,21.4,32.4,0.0,0.0139,0.0834,0.43,0.0027,60.0,38.0
2024-06-12,마포구,24.8,19.4,32.9,0.0,0.0191,0.06,0.32,0.0031,33.0,17.0
2024-06-13,마포구,26.6,20.0,33.4,0.0,0.0192,0.0479,0.3,0.0033,32.0,17.0
2024-06-14,마포구,26.0,20.9,33.9,0.0,0.0204,0.047,0.31,0.0043,34.0,20.0
2024-06-15,마포구,23.9,20.4,29.5,4.0,0.0144,0.027,0.26,0.0032,26.0,19.0
2024-06-16,마포구,24.6,19.8,31.1,0.0,0.0118,0.0509,0.29,0.0026,22.0,12.0
2024-06-17,마포구,25.3,20.0,31.7,0.0,0.0204,0.0573,0.3,0.0031,24.0,12.0
2024-06-18,마포구,25.9,20.5,33.4,0.0,0.0211,0.0528,0.29,0.0035,25.0,15.0
2024-06-19,마포구,28.8,22.0,36.4,0.0,0.0224,0.0835,0.38,0.0039,41.0,25.0
2024-06-20,마포구,29.0,23.5,36.0,0.0,0.0241,0.0941,0.43,0.0046,47.0,31.0
2024-06-21,마포구,28.0,23.5,35.1,0.0,0.0255,0.0645,0.35,0.0052,39.0,21.0
2024-06-22,마포구,23.6,21.6,25.7,18.0,0.0169,0.0351,0.43,0.003,29.0,21.0
2024-06-23,마포구,24.7,21.5,31.2,3.5,0.0087,0.0381,0.28,0.0024,16.0,9.0
2024-06-24,마포구,24.5,21.0,29.3,0.0,0.0125,0.0596,0.32,0.0023,47.0,19.0
2024-06-25,마포구,23.4,19.4,29.1,0.0,0.0146,0.0516,0.26,0.0026,21.0,9.0
2024-06-26,마포구,25.3,19.5,32.3,0.0,0.0159,0.0558,0.3,0.0028,24.0,12.0
2024-06-27,마포구,26.3,21.7,31.8,0.0,0.0252,0.0646,0.35,0.0034,34.0,18.0
2024-06-28,마포구,27.0,22.4,33.3,0.0,0.0223,0.08,0.37,0.0032,40.0,25.0
2024-06-29,마포구,26.4,22.3,33.5,36.0,0.0156,0.0649,0.35,0.0028,31.0,21.0
2024-06-30,마포구,23.2,21.7,25.7,29.5,0.008,0.0445,0.27,0.0022,22.0,13.0
2024-07-01,마포구,25.9,21.7,32.1,0.0,0.0127,0.0619,0.29,0.0022,26.0,16.0
2024-07-02,마포구,23.2,21.3,25.3,56.5,0.0138,0.0318,0.32,0.0021,17.0,10.0
2024-07-03,마포구,24.8,23.5,28.3,0.5,0.009,0.0597,0.32,0.0021,23.0,13.0
2024-07-04,마포구,26.4,22.8,31.1,3.5,0.0113,0.0818,0.41,0.0026,39.0,30.0
2024-07-05,마포구,23.5,20.8,27.1,4.0,0.0121,0.0656,0.36,0.0025,19.0,12.0
2024-07-06,마포구,25.1,21.7,31.2,3.0,0.0133,0.0444,0.35,0.0024,28.0,18.0
2024-07-07,마포구,24.1,21.4,29.5,27.5,0.012,0.0569,0.36,0.0023,21.0,14.0
2024-07-08,마포구,23.5,22.5,24.4,18.5,0.0154,0.0339,0.25,0.0022,12.0,8.0
2024-07-09,마포구,24.0,22.4,26.6,0.0,0.0169,0.0365,0.29,0.0025,16.0,10.0
2024-07-10,마포구,26.9,22.6,32.4,2.0,0.0124,0.0455,0.25,0.0024,13.0,5.0
2024-07-11,마포구,25.1,22.5,29.4,0.0,0.0177,0.0568,0.4,0.0027,36.0,26.0
2024-07-12,마포구,25.3,21.4,30.4,0.0,0.0198,0.0515,0.43,0.0025,36.0,25.0
2024-07-13,마포구,28.0,23.8,32.9,0.0,0.0156,0.0687,0.49,0.0025,47.0,37.0
2024-07-14,마포구,28.4,24.5,32.4,0.0,0.0094,0.0565,0.35,0.0024,32.0,24.0
2024-07-15,마포구,28.1,24.8,32.9,0.0,0.0101,0.0544,0.26,0.0023,13.0,7.0
2024-07-16,마포구,26.5,24.0,32.1,21.5,0.0137,0.0392,0.29,0.0024,15.0,9.0
2024-07-17,마포구,25.2,23.5,29.4,77.0,0.0116,0.0173,0.2,0.0022,11.0,4.0
2024-07-18,마포구,24.3,23.0,25.8,124.0,0.016,0.0246,0.25,0.0023,9.0,4.0
2024-07-19,마포구,27.2,24.0,32.1,0.0,0.0138,0.053,0.3,0.0025,24.0,17.0
2024-07-20,마포구,26.9,24.6,30.8,14.0,0.0106,0.0481,0.27,0.0024,16.0,10.0
2024-07-21,마포구,26.8,22.3,31.4,7.5,0.0083,0.0553,0.21,0.0024,20.0,9.0
2024-07-22,마포구,26.4,23.7,27.8,78.5,0.011,0.0174,0.21,0.0024,14.0,6.0
2024-07-23,마포구,26.4,25.5,28.0,2.5,0.0098,0.0193,0.18,0.0022,13.0,6.0
2024-07-24,마포구,28.0,25.4,32.5,13.0,0.0103,0.0092,0.13,0.002,16.0,7.0
2024-07-25,마포구,28.5,24.5,34.8,26.5,0.0129,0.0186,0.13,0.0023,22.0,10.0
2024-07-26,마포구,28.6,24.8,33.1,6.0,0.0123,0.0193,0.13,0.002,16.0,9.0
2024-07-27,마포구,28.7,27.2,32.8,32.5,0.011,0.0149,0.15,0.0019,18.0,9.0
2024-07-28,마포구,28.9,27.1,33.5,0.0,0.0065,0.0139,0.12,0.002,19.0,8.0
2024-07-29,마포구,27.2,26.4,27.9,0.0,0.0082,0.0191,0.11,0.0021,22.0,10.0
2024-07-30,마포구,28.7,26.1,33.2,0.0,0.0114,0.041,0.13,0.002,26.0,13.0
2024-07-31,마포구,29.0,26.4,34.1,0.0,0.0102,0.0271,0.12,0.0022,18.0,8.0
2024-08-01,마포구,29.5,26.5,34.0,0.0,0.0105,0.0258,0.17,0.0021,20.0,9.0
2024-08-02,마포구,29.4,27.6,33.4,0.0,0.0114,0.0329,0.25,0.0021,29.0,16.0
2024-08-03,마포구,30.2,26.6,34.9,0.0,0.0116,0.0496,0.31,0.0021,33.0,25.0
2024-08-04,마포구,31.1,27.0,35.8,0.0,0.012,0.0563,0.36,0.0022,29.0,21.0
2024-08-05,마포구,30.2,26.0,35.4,0.5,0.0138,0.0518,0.35,0.0023,32.0,24.0
2024-08-06,마포구,28.8,25.4,34.1,0.0,0.0154,0.0422,0.3,0.0022,18.0,10.0
2024-08-07,마포구,29.5,26.1,34.5,1.0,0.0134,0.0315,0.24,0.0024,19.0,11.0
2024-08-08,마포구,28.1,26.2,32.4,0.0,0.0151,0.0315,0.25,0.0027,22.0,14.0
2024-08-09,마포구,29.8,25.5,34.9,0.0,0.0129,0.041,0.26,0.0023,28.0,19.0
2024-08-10,마포구,30.2,26.3,34.1,0.0,0.0143,0.056,0.34,0.0024,34.0,25.0
2024-08-11,마포구,30.3,27.3,34.6,0.0,0.0114,0.0507,0.31,0.0025,30.0,22.0
2024-08-12,마포구,31.0,28.3,35.7,0.0,0.0145,0.0451,0.26,0.0025,26.0,18.0
2024-08-13,마포구,30.8,27.4,36.6,0.0,0.0123,0.0397,0.27,0.0022,30.0,18.0
2024-08-14,마포구,30.2,26.6,36.6,0.0,0.0148,0.0566,0.3,0.0022,27.0,18.0
2024-08-15,마포구,29.6,26.2,35.6,1.5,0.0142,0.0496,0.31,0.0023,25.0,17.0
2024-08-16,마포구,30.0,27.0,35.1,0.0,0.0138,0.0507,0.29,0.0023,23.0,15.0
2024-08-17,마포구,30.4,26.4,36.2,0.5,0.0143,0.0607,0.31,0.0023,26.0,16.0
2024-08-18,마포구,29.7,27.3,36.3,0.0,0.01,0.0573,0.32,0.0023,24.0,17.0
2024-08-19,마포구,30.0,25.4,36.8,15.0,0.0144,0.059,0.35,0.0024,26.0,18.0
2024-08-20,마포구,31.4,26.9,35.7,0.5,0.0136,0.0456,0.31,0.0024,29.0,20.0
2024-08-21,마포구,28.1,26.3,30.7,42.0,0.0101,0.021,0.22,0.0023,15.0,6.0
2024-08-22,마포구,28.3,26.3,31.0,1.5,0.0088,0.0288,0.22,0.0023,19.0,6.0
2024-08-23,마포구,28.2,25.8,32.8,0.0,0.0131,0.0712,0.34,0.0023,29.0,21.0
2024-08-24,마포구,27.5,24.8,32.0,10.0,0.0172,0.0662,0.45,0.0024,39.0,31.0
2024-08-25,마포구,28.5,25.4,33.4,0.0,0.0146,0.059,0.46,0.0025,40.0,31.0
2024-08-26,마포구,28.1,26.0,30.9,0.0,0.0172,0.0404,0.43,0.0023,36.0,27.0
2024-08-27,마포구,26.8,24.1,30.7,0.0,0.0149,0.036,0.33,0.0022,23.0,13.0
2024-08-28,마포구,28.4,23.2,33.7,0.0,0.0089,0.053,0.27,0.0022,16.0,8.0
2024-08-29,마포구,28.1,23.8,34.2,0.0,0.007,0.0499,0.24,0.0021,11.0,4.0
2024-08-30,마포구,28.5,24.1,34.0,0.0,0.0121,0.0383,0.27,0.0022,17.0,7.0
2024-08-31,마포구,27.4,22.3,33.6,0.0,0.0117,0.055,0.35,0.0025,38.0,20.0
2024-09-01,마포구,27.3,24.4,32.4,0.0,0.0102,0.0581,0.38,0.0025,31.0,21.0
2024-09-02,마포구,24.4,20.9,27.1,2.0,0.0152,0.035,0.35,0.0023,20.0,12.0
2024-09-03,마포구,27.0,23.2,32.3,0.0,0.0099,0.0538,0.28,0.0022,14.0,6.0
2024-09-04,마포구,27.9,23.3,33.0,0.0,0.0137,0.058,0.32,0.0025,22.0,10.0
2024-09-05,마포구,26.2,25.1,29.8,9.0,0.0142,0.0436,0.31,0.0025,24.0,13.0
2024-09-06,마포구,23.8,22.7,25.4,0.0,0.0125,0.0275,0.33,0.002,17.0,9.0
2024-09-07,마포구,26.4,22.5,31.8,0.0,0.0151,0.0541,0.37,0.0022,24.0,14.0
2024-09-08,마포구,27.4,23.5,32.7,0.0,0.0136,0.0688,0.42,0.0023,31.0,23.0
2024-09-09,마포구,28.5,24.3,33.7,0.0,0.0161,0.0561,0.4,0.0024,29.0,21.0
2024-09-10,마포구,30.0,25.9,34.8,0.0,0.0185,0.052,0.39,0.0023,32.0,21.0
2024-09-11,마포구,28.9,25.6,36.8,1.0,0.0194,0.0564,0.38,0.0024,34.0,24.0
2024-09-12,마포구,25.1,24.5,26.7,47.0,0.0173,0.0126,0.36,0.0023,11.0,7.0
2024-09-13,마포구,26.0,24.1,28.8,7.5,0.0148,0.0108,0.28,0.0025,15.0,8.0
2024-09-14,마포구,27.9,24.9,32.8,0.0,0.0128,0.0237,0.26,0.0024,12.0,6.0
2024-09-15,마포구,27.3,23.8,32.8,0.0,0.0083,0.0246,0.28,0.0022,13.0,8.0
2024-09-16,마포구,26.8,20.5,33.1,11.0,0.0087,0.0397,0.27,0.0021,8.0,4.0
2024-09-17,마포구,28.7,25.5,34.5,0.0,0.0106,0.0244,0.29,0.0021,15.0,8.0
2024-09-18,마포구,29.4,26.6,34.6,0.0,0.0099,0.0213,0.26,0.0022,17.0,11.0
2024-09-19,마포구,29.3,25.8,33.5,0.0,0.0151,0.0442,0.29,0.0025,22.0,15.0
2024-09-20,마포구,24.8,17.3,29.3,38.0,0.015,0.0122,0.28,0.0023,13.0,9.0
2024-09-21,마포구,19.3,16.9,22.1,18.0,0.0064,0.0353,0.22,0.002,4.0,1.0
2024-09-22,마포구,21.4,16.8,27.3,0.0,0.0065,0.0288,0.22,0.0019,4.0,2.0
2024-09-23,마포구,,,,0.0,0.008,0.0359,0.23,0.0018,8.0,3.0
2024-10-03,마포구,16.3,11.4,22.3,0.0,0.015,0.0266,0.3,0.0022,17.0,7.0
2024-10-04,마포구,17.3,12.6,22.4,0.0,0.0165,0.0278,0.31,0.0023,17.0,8.0
2024-10-05,마포구,17.6,12.6,22.4,0.0,0.0235,0.0299,0.38,0.0023,25.0,12.0
2024-10-06,마포구,15.5,13.5,17.5,0.0,0.0238,0.0148,0.42,0.0023,23.0,13.0
2024-10-07,마포구,16.7,14.1,20.3,0.0,0.0234,0.0253,0.47,0.0026,38.0,21.0
2024-10-08,마포구,17.6,13.3,23.1,0.0,0.0196,0.0256,0.5,0.0026,46.0,27.0
2024-10-09,마포구,18.6,14.5,23.3,0.0,0.0117,0.0376,0.31,0.0022,14.0,6.0
2024-10-10,마포구,18.6,15.6,23.5,0.0,0.0169,0.0365,0.32,0.0025,21.0,11.0
2024-10-11,마포구,18.1,14.1,23.3,0.0,0.0238,0.0391,0.43,0.0027,34.0,21.0
2024-10-12,마포구,18.3,14.2,23.0,0.0,0.0279,0.0339,0.48,0.0027,38.0,22.0
2024-10-13,마포구,18.5,13.8,22.1,0.0,0.0181,0.0322,0.43,0.0024,28.0,18.0
2024-10-14,마포구,19.0,17.4,21.3,0.0,0.0202,0.0253,0.33,0.0025,19.0,10.0
2024-10-15,마포구,18.6,16.9,21.2,0.5,0.0231,0.0156,0.34,0.0025,20.0,13.0
2024-10-16,마포구,17.9,14.8,23.2,0.0,0.0253,0.0258,0.46,0.0026,37.0,23.0
2024-10-17,마포구,19.4,14.7,24.8,0.0,0.0278,0.0272,0.48,0.0027,38.0,22.0
2024-10-18,마포구,16.9,15.3,19.2,46.5,0.0182,0.0196,0.35,0.0024,20.0,11.0
2024-10-19,마포구,15.7,12.1,19.7,1.0,0.0084,0.0309,0.27,0.0022,9.0,4.0
2024-10-20,마포구,13.0,10.6,16.8,0.0,0.0064,0.0358,0.22,0.002,12.0,3.0
2024-10-21,마포구,14.5,9.8,18.4,0.0,0.0187,0.0227,0.3,0.0022,17.0,5.0
2024-10-22,마포구,14.9,14.1,16.1,16.5,0.0238,0.0093,0.39,0.0022,14.0,7.0
2024-10-23,마포구,12.0,9.1,14.8,1.5,0.01,0.032,0.3,0.0023,14.0,5.0
2024-10-24,마포구,12.5,7.7,16.9,0.0,0.0212,0.024,0.4,0.0023,25.0,14.0
2024-10-25,마포구,15.5,10.1,21.1,0.0,0.0334,0.0122,0.55,0.0025,29.0,16.0
2024-10-26,마포구,17.4,12.1,21.8,0.0,0.0284,0.0175,0.47,0.0026,24.0,11.0
2024-10-27,마포구,15.9,14.0,18.6,0.0,0.0172,0.0279,0.37,0.0027,27.0,15.0
2024-10-28,마포구,15.4,12.2,19.9,0.0,0.0164,0.0222,0.45,0.0024,37.0,23.0
2024-10-29,마포구,14.8,13.1,18.9,0.0,0.02,0.0222,0.35,0.0024,15.0,7.0
2024-10-30,마포구,15.2,11.4,19.4,0.0,0.0225,0.0243,0.43,0.0027,27.0,15.0
2024-10-31,마포구,16.0,12.2,21.4,0.0,0.0336,0.0216,0.5,0.0027,34.0,20.0
2024-11-01,마포구,15.8,13.4,18.9,0.0,0.0443,0.0108,0.63,0.003,41.0,24.0
2024-11-02,마포구,17.9,13.1,23.6,0.0,0.023,0.0236,0.44,0.0028,33.0,21.0
2024-11-03,마포구,17.4,13.5,22.5,0.0,0.0119,0.0383,0.33,0.0025,25.0,14.0
2024-11-04,마포구,14.2,8.7,17.7,0.0,0.0157,0.0362,0.3,0.0025,25.0,14.0
2024-11-05,마포구,8.8,5.9,13.8,0.0,0.0128,0.027,0.29,0.003,27.0,10.0
2024-11-06,마포구,7.1,4.5,10.8,0.0,0.0173,0.023,0.34,0.003,27.0,13.0
2024-11-07,마포구,8.1,3.4,13.1,0.0,0.0309,0.0172,0.46,0.003,40.0,23.0
2024-11-08,마포구,10.8,4.5,16.5,0.0,0.0414,0.0134,0.55,0.0029,39.0,24.0
2024-11-09,마포구,13.4,8.0,19.3,0.0,0.0439,0.0127,0.62,0.003,35.0,23.0
2024-11-10,마포구,14.5,11.7,19.8,0.0,0.0295,0.022,0.46,0.0027,23.0,14.0
2024-11-11,마포구,14.3,9.9,20.3,0.0,0.0304,0.0261,0.51,0.0032,50.0,30.0
2024-11-12,마포구,13.7,11.0,17.0,0.0,0.0247,0.027,0.42,0.0031,36.0,23.0
2024-11-13,마포구,14.7,10.2,19.6,0.0,0.0357,0.0182,0.53,0.0031,40.0,20.0
2024-11-14,마포구,14.9,13.7,16.6,0.0,0.0324,0.0154,0.48,0.0032,36.0,19.0
2024-11-15,마포구,16.7,14.0,19.9,0.0,0.0252,0.0211,0.4,0.0029,28.0,15.0
2024-11-16,마포구,16.6,13.5,22.7,5.5,0.0169,0.0314,0.34,0.0029,20.0,11.0
2024-11-17,마포구,6.4,2.2,13.5,0.0,0.0081,0.029,0.29,0.0027,18.0,8.0
2024-11-18,마포구,2.6,-0.1,5.7,0.0,0.0154,0.0222,0.27,0.0026,17.0,7.0
2024-11-19,마포구,5.8,2.1,10.4,0.0,0.029,0.0141,0.35,0.0027,23.0,11.0
2024-11-20,마포구,6.7,3.1,11.0,0.0,0.0415,0.0045,0.54,0.0031,37.0,27.0
2024-11-21,마포구,9.8,6.7,14.7,0.0,0.0318,0.0177,0.6,0.0033,48.0,37.0
2024-11-22,마포구,6.2,3.7,9.3,0.0,0.0185,0.0245,0.38,0.0032,33.0,20.0
2024-11-23,마포구,7.2,3.2,11.4,0.0,0.0252,0.0165,0.38,0.0027,23.0,14.0
2024-11-24,마포구,8.0,4.5,12.7,0.0,0.0249,0.019,0.4,0.0025,15.0,11.0
2024-11-25,마포구,10.7,5.2,15.0,0.0,0.0257,0.0198,0.39,0.0026,21.0,12.0
2024-11-26,마포구,5.2,0.1,12.5,20.5,0.0125,0.0276,0.27,0.0022,9.0,4.0
2024-11-27,마포구,-0.8,-2.1,1.1,12.5,0.0159,0.0257,0.28,0.002,8.0,5.0
2024-11-28,마포구,0.6,-1.5,2.9,4.0,0.0179,0.0233,0.35,0.0021,17.0,12.0
2024-11-29,마포구,0.4,-3.2,2.9,0.0,0.029,0.0127,0.42,0.0026,29.0,18.0
2024-11-30,마포구,3.5,0.2,5.7,0.0,0.0372,0.0071,0.61,0.0027,26.0,18.0
2024-12-01,마포구,5.9,2.8,8.6,0.0,0.0307,0.008,0.6,0.0026,29.0,25.0
2024-12-02,마포구,7.2,0.5,13.0,0.0,0.031,0.0169,0.54,0.0029,39.0,28.0
2024-12-03,마포구,0.7,-2.5,3.5,0.0,0.0168,0.0253,0.29,0.0025,16.0,6.0
2024-12-04,마포구,2.2,-0.5,5.1,0.0,0.0228,0.022,0.34,0.0027,20.0,10.0
2024-12-05,마포구,3.5,0.6,7.8,3.0,0.0265,0.0194,0.4,0.0027,20.0,10.0
2024-12-06,마포구,1.3,-1.1,4.2,0.0,0.0182,0.0238,0.33,0.0028,24.0,9.0
2024-12-07,마포구,-0.5,-2.6,2.8,0.0,0.0162,0.0247,0.35,0.0026,21.0,12.0
2024-12-08,마포구,-1.0,-4.0,2.6,0.0,0.0145,0.0261,0.35,0.0025,21.0,13.0
2024-12-09,마포구,1.2,-2.4,4.9,0.0,0.0353,0.0108,0.49,0.0032,32.0,17.0
2024-12-10,마포구,2.3,-1.7,5.4,0.0,0.0364,0.0131,0.58,0.0031,39.0,29.0
2024-12-11,마포구,2.2,-0.8,6.0,0.0,0.0303,0.0158,0.67,0.0042,58.0,39.0
2024-12-12,마포구,-0.1,-3.3,2.9,0.0,0.0255,0.0152,0.48,0.0035,39.0,22.0
2024-12-13,마포구,0.6,-1.7,3.3,0.0,0.0236,0.0183,0.41,0.0031,27.0,17.0
2024-12-14,마포구,-1.1,-3.7,0.9,0.0,0.0201,0.021,0.4,0.0026,27.0,14.0
2024-12-15,마포구,0.7,-1.9,3.9,0.0,0.0218,0.0221,0.35,0.0027,19.0,10.0
2024-12-16,마포구,-0.1,-2.6,3.7,0.0,0.0376,0.0072,0.49,0.0029,26.0,15.0
2024-12-17,마포구,-1.1,-4.2,2.3,0.0,0.0281,0.0143,0.44,0.0028,24.0,15.0
2024-12-18,마포구,-4.2,-6.4,-1.7,0.0,0.0186,0.0164,0.4,0.003,30.0,14.0
2024-12-19,마포구,-1.9,-6.1,2.3,0.0,0.0354,0.0077,0.58,0.0039,48.0,29.0
2024-12-20,마포구,1.2,-1.0,4.2,0.0,0.0524,0.0031,0.83,0.0041,53.0,38.0
2024-12-21,마포구,-1.5,-5.0,1.4,1.5,0.0219,0.0189,0.55,0.0026,45.0,37.0
2024-12-22,마포구,-3.7,-7.4,-0.7,0.0,0.0163,0.0249,0.32,0.0026,19.0,5.0
2024-12-23,마포구,-0.1,-3.9,4.7,0.0,0.0358,0.0133,0.56,0.003,27.0,13.0
2024-12-24,마포구,-0.8,-3.6,2.7,0.0,0.033,0.015,0.47,0.0031,30.0,18.0
2024-12-25,마포구,2.5,-0.6,5.5,0.0,0.0404,0.0129,0.58,0.0034,29.0,20.0
2024-12-26,마포구,-0.7,-5.2,4.0,0.0,0.0196,0.0234,0.43,0.0029,59.0,31.0
2024-12-27,마포구,-3.0,-5.8,0.4,0.0,0.0177,0.026,0.33,0.0027,27.0,12.0
2024-12-28,마포구,-3.4,-6.3,-0.4,0.0,0.0148,0.0276,0.34,0.0027,27.0,12.0
2024-12-29,마포구,1.2,-2.9,4.5,0.0,0.0296,0.0179,0.47,0.0028,24.0,14.0
2024-12-30,마포구,5.5,2.8,9.9,0.0,0.0363,0.0189,0.56,0.0033,50.0,30.0
2024-12-31,마포구,0.1,-2.0,4.6,0.0,0.0189,0.0273,0.37,0.0031,47.0,16.0
2024-01-01,서대문구,2.9,-0.9,6.7,0.0,0.0268,0.0165,1.04,0.0037,21.0,18.0
2024-01-02,서대문구,2.2,0.6,4.1,0.0,0.0212,0.0225,0.91,0.0031,39.0,30.0
2024-01-03,서대문구,1.1,-2.5,3.9,0.0,0.0243,0.0202,0.88,0.0036,38.0,29.0
2024-01-04,서대문구,1.3,-3.4,4.7,0.0,0.0318,0.0159,1.07,0.0051,49.0,38.0
2024-01-05,서대문구,4.6,-0.1,9.1,0.0,0.0332,0.0217,1.17,0.0042,80.0,60.0
2024-01-06,서대문구,-0.3,-3.7,4.2,2.0,0.017,0.0257,0.64,0.0031,23.0,14.0
2024-01-07,서대문구,-5.2,-9.1,-2.4,0.0,0.0109,0.0266,0.62,0.0033,23.0,15.0
2024-01-08,서대문구,-5.6,-11.3,-1.0,0.0,0.0259,0.0135,0.73,0.0043,22.0,14.0
2024-01-09,서대문구,-1.2,-2.5,-0.2,0.5,0.0431,0.0034,0.84,0.0037,27.0,20.0
2024-01-10,서대문구,-1.8,-5.2,2.1,0.0,0.0395,0.0056,1.12,0.0044,65.0,56.0
2024-01-11,서대문구,1.2,-3.4,4.4,0.0,0.037,0.011,0.73,0.0044,61.0,49.0
2024-01-12,서대문구,0.0,-2.4,4.1,0.0,0.023,0.0227,0.62,0.0039,55.0,38.0
2024-01-13,서대문구,-0.3,-4.6,4.9,0.0,0.0284,0.0158,0.64,0.0043,25.0,15.0
2024-01-14,서대문구,-0.3,-4.6,3.1,2.0,0.0339,0.0108,0.8,0.005,31.0,24.0
2024-01-15,서대문구,-4.4,-8.1,0.0,0.0,0.0153,0.0252,0.34,0.0035,22.0,12.0
2024-01-16,서대문구,-2.9,-8.3,3.2,0.0,0.0334,0.0129,0.76,0.0064,30.0,19.0
2024-01-17,서대문구,0.2,-2.5,1.7,8.0,0.042,0.0065,0.79,0.0046,29.0,22.0
2024-01-18,서대문구,3.8,0.2,9.0,0.5,0.027,0.0149,0.64,0.0029,25.0,22.0
2024-01-19,서대문구,4.8,3.3,9.0,0.0,0.0098,0.0347,0.34,0.0024,12.0,9.0
2024-01-20,서대문구,2.8,0.9,4.5,0.0,0.0064,0.0352,0.24,0.0023,5.0,2.0
2024-01-21,서대문구,1.0,-3.2,3.9,0.0,0.0111,0.0272,0.35,0.0025,11.0,8.0
2024-01-22,서대문구,-9.2,-12.5,-3.1,0.0,0.0088,0.0299,0.26,0.0027,30.0,20.0
2024-01-23,서대문구,-12.1,-14.3,-8.5,0.0,0.0088,0.0303,0.24,0.0034,21.0,12.0
2024-01-24,서대문구,-8.5,-11.6,-4.3,0.0,0.0104,0.0298,0.37,0.0034,24.0,11.0
2024-01-25,서대문구,-6.0,-11.1,-1.6,0.0,0.0206,0.0217,0.57,0.0051,23.0,14.0
2024-01-26,서대문구,-2.4,-7.3,3.3,0.0,0.0341,0.016,0.86,0.0063,34.0,24.0
2024-01-27,서대문구,-1.1,-5.5,4.1,0.0,0.0284,0.0236,1.04,0.0059,50.0,38.0
2024-01-28,서대문구,-2.2,-5.7,2.9,0.0,0.0218,0.0268,0.79,0.0056,30.0,21.0
2024-01-29,서대문구,-0.8,-4.9,4.1,0.0,0.032,0.0218,1.01,0.0056,42.0,33.0
2024-01-30,서대문구,1.0,-4.1,7.3,0.0,0.0372,0.0174,1.14,0.0064,53.0,40.0
2024-01-31,서대문구,4.0,0.6,9.9,0.0,0.0433,0.0188,1.17,0.0068,56.0,41.0
2024-02-01,서대문구,1.4,-2.4,6.9,0.0,0.0253,0.0299,1.06,0.0047,82.0,63.0
2024-02-02,서대문구,2.1,-0.5,7.4,0.0,0.0287,0.0208,0.76,0.0038,39.0,28.0
2024-02-03,서대문구,4.1,-1.3,8.1,0.0,0.0249,0.0212,0.84,0.005,31.0,24.0
2024-02-04,서대문구,6.7,3.1,12.1,0.0,0.0237,0.0209,0.88,0.0056,24.0,20.0
2024-02-05,서대문구,1.9,-0.7,6.0,2.5,0.0096,0.0366,0.45,0.0025,6.0,5.0
2024-02-06,서대문구,0.6,-0.9,2.4,0.0,0.0199,0.0258,0.47,0.0026,18.0,14.0
2024-02-07,서대문구,-0.1,-2.2,2.6,0.0,0.0218,0.0236,0.7,0.0028,32.0,30.0
2024-02-08,서대문구,-0.2,-3.7,5.9,0.0,0.0259,0.0258,0.96,0.0059,38.0,32.0
2024-02-09,서대문구,0.6,-2.7,6.2,0.0,,,,,,
2024-02-10,서대문구,1.4,-1.9,7.3,0.0,,,,,,
2024-02-11,서대문구,0.1,-4.1,5.8,0.0,0.0236,0.0298,0.99,0.005,65.0,55.0
2024-02-12,서대문구,3.5,-2.4,9.9,0.0,0.0309,0.0241,0.93,0.0048,58.0,47.0
2024-02-13,서대문구,9.5,4.8,14.2,0.0,0.0336,0.0291,0.91,0.0042,69.0,46.0
2024-02-14,서대문구,13.3,10.5,17.7,0.0,0.0367,0.021,0.71,0.0035,40.0,27.0
2024-02-15,서대문구,3.4,-1.4,10.5,8.5,0.0158,0.0293,0.46,0.0024,23.0,20.0
2024-02-16,서대문구,1.9,-2.3,8.1,0.0,0.0263,0.0191,0.68,0.004,30.0,24.0
2024-02-17,서대문구,4.4,-1.4,10.3,0.0,0.0364,0.0178,0.79,0.0049,45.0,35.0
2024-02-18,서대문구,6.5,0.9,9.4,13.5,0.0271,0.0216,0.69,0.0035,33.0,27.0
2024-02-19,서대문구,8.7,3.4,12.0,6.5,0.0261,0.014,0.74,0.0026,14.0,14.0
2024-02-20,서대문구,3.7,1.8,6.5,2.0,0.0165,0.0182,0.56,0.0023,31.0,19.0
2024-02-21,서대문구,1.3,-0.5,3.6,16.0,0.009,0.0316,0.35,0.0022,5.0,5.0
2024-02-22,서대문구,-0.6,-1.8,0.8,9.0,0.0104,0.0326,0.32,0.0022,6.0,7.0
2024-02-23,서대문구,1.1,-1.7,5.5,0.0,0.0096,0.0352,0.31,0.0023,9.0,8.0
2024-02-24,서대문구,1.4,-1.7,5.8,1.5,0.0115,0.0331,0.33,0.0023,13.0,10.0
2024-02-25,서대문구,1.9,-0.6,6.4,1.5,0.012,0.0292,0.43,0.0025,14.0,13.0
2024-02-26,서대문구,3.5,-1.9,9.9,0.0,0.0232,0.0203,0.74,0.0044,31.0,24.0
2024-02-27,서대문구,4.7,1.0,9.6,0.0,0.0126,0.0346,0.4,0.0027,16.0,12.0
2024-02-28,서대문구,6.0,2.8,10.2,0.0,0.0222,0.027,0.44,0.0029,32.0,20.0
2024-02-29,서대문구,4.3,-0.3,9.4,0.0,0.0264,0.0225,0.77,0.0042,54.0,38.0
2024-03-01,서대문구,-4.4,-7.5,-0.3,0.0,0.007,0.0386,0.27,0.0029,39.0,14.0
2024-03-02,서대문구,-0.8,-9.0,4.4,0.0,0.0174,0.0326,0.41,0.0035,35.0,17.0
2024-03-03,서대문구,3.3,-0.8,7.7,0.0,0.0185,0.0381,0.75,0.0036,114.0,69.0
2024-03-04,서대문구,4.9,-2.1,11.5,0.0,0.0345,0.0212,0.77,0.0049,68.0,40.0
2024-03-05,서대문구,7.7,4.6,11.0,0.0,0.0259,0.0312,0.53,0.0036,47.0,26.0
2024-03-06,서대문구,5.8,1.5,10.4,0.0,0.0153,0.0348,0.42,0.0028,13.0,9.0
2024-03-07,서대문구,3.6,0.3,8.5,1.0,0.0168,0.0342,0.45,0.0029,30.0,20.0
2024-03-08,서대문구,1.7,-1.8,6.9,0.0,0.015,0.0364,0.54,0.0041,44.0,26.0
2024-03-09,서대문구,1.1,-3.5,7.1,0.0,0.0152,0.0329,0.48,0.0041,32.0,21.0
2024-03-10,서대문구,3.8,-2.3,10.7,0.0,0.0231,0.0294,0.65,0.0056,31.0,21.0
2024-03-11,서대문구,6.1,2.2,10.5,0.0,0.0308,0.0274,0.61,0.0045,36.0,23.0
2024-03-12,서대문구,5.4,2.2,10.7,2.0,0.0277,0.0237,0.73,0.004,33.0,25.0
2024-03-13,서대문구,6.0,0.5,12.5,0.0,0.0312,0.0189,0.83,0.0057,35.0,26.0
2024-03-14,서대문구,8.0,2.8,15.7,0.0,0.0251,0.0504,0.32,0.0033,71.0,41.0
2024-03-15,서대문구,8.4,3.9,14.7,0.0,0.0274,0.0334,0.53,0.0036,52.0,39.0
2024-03-16,서대문구,10.7,4.9,18.9,0.0,0.0241,0.0375,0.47,0.0032,53.0,36.0
2024-03-17,서대문구,8.4,3.2,12.7,0.0,0.0113,0.042,0.23,0.0022,119.0,24.0
2024-03-18,서대문구,,,,0.0,0.0182,0.0277,0.36,0.0041,24.0,12.0
2024-03-19,서대문구,6.3,3.4,10.5,0.0,0.0096,0.0526,0.42,0.0022,103.0,43.0
2024-03-20,서대문구,4.0,0.6,9.6,0.0,0.0108,0.0408,0.33,0.0023,46.0,26.0
2024-03-21,서대문구,4.6,-1.2,11.4,0.0,0.02,0.0375,0.49,0.0042,39.0,25.0
2024-03-22,서대문구,9.9,3.3,15.1,5.0,0.0192,0.0446,0.39,0.0027,50.0,22.0
2024-03-23,서대문구,12.2,8.2,18.0,0.0,0.013,0.0514,0.47,0.0024,59.0,31.0
2024-03-24,서대문구,16.1,10.2,23.6,0.0,0.013,0.0467,0.43,0.0031,31.0,17.0
2024-03-25,서대문구,9.9,5.6,14.6,5.5,0.0131,0.0381,0.3,0.0023,20.0,13.0
2024-03-26,서대문구,5.9,2.0,12.4,13.0,0.0124,0.0386,0.24,0.002,10.0,7.0
2024-03-27,서대문구,9.9,4.0,16.1,0.0,0.024,0.027,0.43,0.003,31.0,23.0
2024-03-28,서대문구,9.6,6.6,11.9,1.5,0.0265,0.0233,0.43,0.0027,25.0,21.0
2024-03-29,서대문구,7.2,4.0,12.2,1.0,0.0208,0.0347,0.38,0.002,246.0,52.0
2024-03-30,서대문구,8.4,2.9,15.9,0.0,0.0245,0.0365,0.35,0.0024,89.0,26.0
2024-03-31,서대문구,9.9,2.6,17.9,0.0,0.0169,0.0387,0.28,0.003,43.0,15.0
2024-04-01,서대문구,11.3,4.7,19.3,0.0,0.0243,0.0378,0.27,0.0034,41.0,15.0
2024-04-02,서대문구,15.7,7.5,24.3,0.0,0.0339,0.0446,0.35,0.0039,52.0,25.0
2024-04-03,서대문구,16.3,13.4,19.9,0.0,0.0314,0.0371,0.41,0.0035,37.0,21.0
2024-04-04,서대문구,15.1,12.3,20.3,0.0,0.0165,0.0504,0.26,0.0025,32.0,18.0
2024-04-05,서대문구,13.1,8.7,19.1,0.0,0.019,0.0486,0.32,0.0024,44.0,23.0
2024-04-06,서대문구,12.0,6.9,19.2,0.0,0.0281,0.0409,0.62,0.0036,66.0,42.0
2024-04-07,서대문구,14.4,8.0,23.1,0.0,0.0252,0.0517,0.55,0.0038,56.0,35.0
2024-04-08,서대문구,15.5,10.1,22.7,0.0,0.0316,0.0345,0.6,0.0032,55.0,30.0
2024-04-09,서대문구,14.7,10.3,20.5,0.0,0.0171,0.0392,0.37,0.0024,43.0,20.0
2024-04-10,서대문구,13.1,9.3,18.6,0.0,0.0137,0.0427,0.38,0.0022,44.0,21.0
2024-04-11,서대문구,14.6,10.9,20.5,0.0,0.0203,0.0381,0.53,0.0026,50.0,25.0
2024-04-12,서대문구,16.6,11.5,24.2,0.0,0.0224,0.0349,0.59,0.0033,48.0,26.0
2024-04-13,서대문구,18.1,10.0,27.1,0.0,0.018,0.0353,0.48,0.0025,39.0,20.0
2024-04-14,서대문구,19.9,12.2,28.9,0.0,0.0183,0.0419,0.59,0.0038,43.0,23.0
2024-04-15,서대문구,15.2,10.7,19.8,18.0,0.0151,0.0331,0.52,0.0034,22.0,14.0
2024-04-16,서대문구,12.4,9.7,17.4,2.0,0.0186,0.033,0.64,0.0028,112.0,38.0
2024-04-17,서대문구,14.1,8.6,21.6,0.0,0.0228,0.0225,0.69,0.0026,145.0,52.0
2024-04-18,서대문구,16.4,9.1,25.1,0.0,0.021,0.0316,0.64,0.0029,123.0,34.0
2024-04-19,서대문구,16.9,10.8,24.5,0.0,0.0253,0.0498,0.66,0.0038,100.0,34.0
2024-04-20,서대문구,14.3,12.0,17.3,5.0,0.0162,0.0413,0.68,0.0028,65.0,29.0
2024-04-21,서대문구,16.4,12.2,21.2,0.0,0.0083,0.0411,0.49,0.0021,15.0,6.0
2024-04-22,서대문구,18.1,13.9,22.8,0.0,0.0119,0.0446,0.46,0.002,29.0,15.0
2024-04-23,서대문구,16.4,12.0,23.5,0.5,0.0101,0.0438,0.45,0.002,20.0,10.0
2024-04-24,서대문구,12.3,9.7,16.7,8.0,0.0108,0.03,0.5,0.002,13.0,4.0
2024-04-25,서대문구,13.2,9.5,20.3,0.0,0.016,0.0422,0.58,0.0021,32.0,19.0
2024-04-26,서대문구,16.8,10.4,25.6,0.0,0.0233,0.0418,0.57,0.0027,68.0,24.0
2024-04-27,서대문구,17.2,10.1,26.1,0.0,0.0169,0.0516,0.5,0.0028,50.0,17.0
2024-04-28,서대문구,19.5,11.5,28.3,0.0,0.0191,0.0549,0.57,0.0032,38.0,19.0
2024-04-29,서대문구,19.6,15.9,25.2,0.0,0.0126,0.0614,0.39,0.0023,49.0,18.0
2024-04-30,서대문구,17.7,13.8,22.5,0.0,0.0226,0.0468,0.6,0.0038,65.0,33.0
2024-05-01,서대문구,17.1,13.1,22.8,0.0,0.0101,0.0536,0.32,0.0021,29.0,13.0
2024-05-02,서대문구,17.5,12.2,24.5,0.0,0.0181,0.0463,0.39,0.0028,39.0,17.0
2024-05-03,서대문구,18.4,10.6,27.3,0.0,0.02,0.0566,0.45,0.0036,47.0,22.0
2024-05-04,서대문구,20.8,13.4,28.1,0.0,0.0242,0.0702,0.58,0.004,59.0,33.0
2024-05-05,서대문구,16.7,14.8,20.3,48.0,0.0092,0.0436,0.5,0.0026,19.0,13.0
2024-05-06,서대문구,13.2,12.5,14.8,10.5,0.0091,0.0489,0.5,0.0016,12.0,7.0
2024-05-07,서대문구,12.2,10.0,14.0,3.0,0.0109,0.0371,0.43,0.0014,22.0,13.0
2024-05-08,서대문구,14.0,7.4,21.5,0.0,0.0118,0.0394,0.34,0.0019,20.0,8.0
2024-05-09,서대문구,15.6,9.5,22.5,0.0,0.0155,0.051,0.45,0.0024,32.0,14.0
2024-05-10,서대문구,17.1,11.4,24.6,0.0,0.0151,0.0556,0.43,0.0024,32.0,14.0
2024-05-11,서대문구,16.3,12.9,21.7,31.5,0.0098,0.0491,0.42,0.0021,22.0,7.0
2024-05-12,서대문구,15.9,10.9,22.0,0.0,0.0087,0.0482,0.43,0.0019,78.0,18.0
2024-05-13,서대문구,17.6,10.5,25.0,0.0,0.0138,0.0501,0.47,0.0022,29.0,11.0
2024-05-14,서대문구,18.2,12.1,25.6,0.0,0.0185,0.0543,0.44,0.0026,27.0,12.0
2024-05-15,서대문구,11.8,6.3,19.4,19.0,0.0129,0.046,0.42,0.0026,24.0,8.0
2024-05-16,서대문구,13.0,5.8,20.0,0.0,0.0102,0.0448,0.35,0.0024,16.0,5.0
2024-05-17,서대문구,17.6,10.6,25.4,0.0,0.017,0.0627,0.56,0.0029,47.0,22.0
2024-05-18,서대문구,20.0,14.8,26.4,0.0,0.0117,0.0509,0.52,0.0025,28.0,10.0
2024-05-19,서대문구,20.6,14.8,27.8,0.0,0.0089,0.0504,0.47,0.0022,23.0,11.0
2024-05-20,서대문구,18.4,15.1,24.0,0.0,0.0131,0.0386,0.48,0.0026,33.0,16.0
2024-05-21,서대문구,20.5,14.5,27.8,0.0,0.0136,0.0542,0.53,0.0018,44.0,28.0
2024-05-22,서대문구,19.4,15.1,25.7,0.0,0.0154,0.057,0.56,0.0023,56.0,39.0
2024-05-23,서대문구,19.4,14.0,26.5,0.0,0.014,0.0432,0.37,0.0022,32.0,19.0
2024-05-24,서대문구,19.3,14.8,24.2,0.0,0.0109,0.0406,0.38,0.0017,37.0,23.0
2024-05-25,서대문구,20.4,16.7,24.3,0.0,0.0136,0.0454,0.39,0.0021,34.0,18.0
2024-05-26,서대문구,18.8,16.1,24.2,8.0,0.009,0.0515,0.38,0.002,23.0,12.0
2024-05-27,서대문구,17.7,12.5,23.7,0.0,0.0086,0.0546,0.37,0.0019,28.0,11.0
2024-05-28,서대문구,19.0,12.8,25.5,0.0,0.0101,0.0417,0.28,0.0019,14.0,5.0
2024-05-29,서대문구,20.4,14.5,27.2,0.0,0.02,0.0412,0.38,0.0026,26.0,10.0
2024-05-30,서대문구,19.6,15.6,24.0,0.0,0.021,0.0502,0.36,0.0026,24.0,11.0
2024-05-31,서대문구,19.6,14.6,25.3,1.0,0.0151,0.0538,0.38,0.0029,25.0,12.0
2024-06-01,서대문구,19.9,16.1,25.3,0.0,0.0087,0.056,0.37,0.0023,31.0,13.0
2024-06-02,서대문구,19.5,13.5,26.3,0.0,0.0077,0.0584,0.32,0.0023,22.0,8.0
2024-06-03,서대문구,21.1,15.1,27.9,0.0,0.0082,0.0481,0.27,0.002,13.0,6.0
2024-06-04,서대문구,21.8,14.4,28.7,0.0,0.0098,0.051,0.25,0.0023,19.0,7.0
2024-06-05,서대문구,22.5,16.7,29.7,0.0,0.0196,0.0599,0.47,0.0032,40.0,19.0
2024-06-06,서대문구,22.8,17.6,30.1,0.0,0.0211,0.0715,0.52,0.0028,46.0,27.0
2024-06-07,서대문구,21.0,16.5,27.4,0.0,0.0184,0.0613,0.4,0.0025,32.0,16.0
2024-06-08,서대문구,18.8,16.0,24.1,15.0,0.0121,0.0479,0.46,0.002,23.0,15.0
2024-06-09,서대문구,21.5,16.1,28.4,0.0,0.0129,0.0558,0.5,0.0028,30.0,17.0
2024-06-10,서대문구,23.6,17.6,30.6,0.0,0.0158,0.08,0.57,0.0032,50.0,26.0
2024-06-11,서대문구,24.3,19.4,30.8,0.0,0.0134,0.1034,0.58,0.0026,65.0,34.0
2024-06-12,서대문구,23.4,17.6,31.6,0.0,0.0161,0.0699,0.43,0.0025,33.0,15.0
2024-06-13,서대문구,24.9,18.2,32.3,0.0,0.0178,0.0598,0.39,0.0025,32.0,14.0
2024-06-14,서대문구,24.9,18.7,32.1,0.0,0.0186,0.0566,0.41,0.0035,35.0,17.0
2024-06-15,서대문구,22.4,19.4,27.4,4.0,0.0108,0.0402,0.39,0.0028,25.0,16.0
2024-06-16,서대문구,23.3,17.8,29.7,0.0,0.0096,0.0593,0.38,0.0023,23.0,10.0
2024-06-17,서대문구,23.6,17.4,30.4,0.0,0.0175,0.0613,0.33,0.0028,22.0,10.0
2024-06-18,서대문구,24.7,18.6,32.4,0.0,0.0199,0.06,0.39,0.0033,29.0,15.0
2024-06-19,서대문구,27.2,19.6,35.3,0.0,0.0207,0.0904,0.49,0.003,43.0,23.0
2024-06-20,서대문구,27.1,21.3,34.6,0.0,0.0194,0.0984,0.49,0.0035,43.0,27.0
2024-06-21,서대문구,26.3,21.2,34.7,0.0,0.021,0.0722,0.41,0.0042,37.0,20.0
2024-06-22,서대문구,22.7,21.2,25.1,16.0,0.0153,0.0476,0.52,0.0026,27.0,19.0
2024-06-23,서대문구,23.9,20.7,29.7,5.0,0.008,0.0459,0.43,0.0018,16.0,9.0
2024-06-24,서대문구,23.2,19.4,28.5,0.0,0.0113,0.0665,0.45,0.0023,58.0,22.0
2024-06-25,서대문구,22.3,17.4,28.0,0.0,0.0111,0.057,0.34,0.0024,23.0,9.0
2024-06-26,서대문구,23.8,17.4,30.6,0.0,0.0151,0.0531,0.38,0.0024,26.0,11.0
2024-06-27,서대문구,24.9,19.2,30.6,0.0,0.0184,0.067,0.42,0.0026,33.0,15.0
2024-06-28,서대문구,25.5,20.1,32.6,0.0,0.0183,0.085,0.43,0.0026,39.0,21.0
2024-06-29,서대문구,25.5,20.7,31.6,35.5,0.0119,0.0712,0.44,0.0022,29.0,17.0
2024-06-30,서대문구,22.7,21.1,25.1,27.5,0.0074,0.0524,0.44,0.0019,20.0,11.0
2024-07-01,서대문구,25.0,20.9,31.0,0.0,0.0103,0.0673,0.4,0.0019,27.0,14.0
2024-07-02,서대문구,22.4,20.8,24.2,59.0,0.0085,0.0393,0.41,0.0018,14.0,7.0
2024-07-03,서대문구,23.7,22.3,26.0,1.0,0.0088,0.0619,0.49,0.0019,24.0,12.0
2024-07-04,서대문구,26.1,22.3,30.6,3.5,0.0095,0.0834,0.55,0.0019,40.0,28.0
2024-07-05,서대문구,22.6,20.5,27.0,3.5,0.011,0.0657,0.49,0.0019,19.0,10.0
2024-07-06,서대문구,24.4,20.8,30.7,3.0,0.0096,0.0485,0.48,0.002,28.0,15.0
2024-07-07,서대문구,23.5,20.1,28.8,21.0,0.0099,0.0568,0.5,0.002,22.0,13.0
2024-07-08,서대문구,22.9,21.9,24.0,20.5,0.0117,0.0389,0.39,0.0019,10.0,5.0
2024-07-09,서대문구,23.4,21.5,27.0,0.0,0.0128,0.0352,0.41,0.0019,17.0,8.0
2024-07-10,서대문구,25.7,20.7,32.2,1.5,0.0096,0.0433,0.4,0.0019,11.0,4.0
2024-07-11,서대문구,24.6,21.2,30.1,0.0,0.0169,0.0519,0.63,0.0022,36.0,24.0
2024-07-12,서대문구,24.7,20.4,30.2,0.0,0.0169,0.0457,0.65,0.002,38.0,25.0
2024-07-13,서대문구,26.8,22.3,32.7,0.0,0.0127,0.0631,0.67,0.0026,45.0,32.0
2024-07-14,서대문구,27.1,23.9,32.3,0.0,0.0084,0.0532,0.53,0.002,29.0,21.0
2024-07-15,서대문구,27.3,23.7,32.3,1.0,0.0096,0.0501,0.42,0.002,10.0,5.0
2024-07-16,서대문구,25.5,23.3,31.9,19.0,0.0106,0.0361,0.48,0.002,13.0,6.0
2024-07-17,서대문구,24.4,23.0,28.7,98.5,0.0092,0.019,0.44,0.0019,9.0,3.0
2024-07-18,서대문구,23.6,22.3,24.7,119.5,0.0112,0.0237,0.45,0.0019,9.0,3.0
2024-07-19,서대문구,26.3,23.3,31.7,0.5,0.01,0.0529,0.48,0.0021,23.0,13.0
2024-07-20,서대문구,26.4,23.5,31.1,16.0,0.0068,0.0469,0.43,0.002,13.0,8.0
2024-07-21,서대문구,25.8,21.7,30.6,8.5,0.0063,0.0557,0.4,0.0021,18.0,7.0
2024-07-22,서대문구,25.6,22.8,27.2,79.5,0.0075,0.0193,0.4,0.0025,12.0,4.0
2024-07-23,서대문구,25.5,24.5,26.9,2.5,0.0079,0.0215,0.36,0.0024,11.0,4.0
2024-07-24,서대문구,27.2,25.0,31.5,14.0,0.0084,0.0171,0.37,0.0021,12.0,3.0
2024-07-25,서대문구,27.2,23.9,33.8,19.5,0.0092,0.0281,0.37,0.0024,19.0,7.0
2024-07-26,서대문구,28.0,24.1,33.3,0.5,0.0079,0.0272,0.35,0.002,13.0,6.0
2024-07-27,서대문구,28.1,26.3,32.6,36.5,0.0076,0.0194,0.37,0.002,14.0,5.0
2024-07-28,서대문구,28.3,26.4,32.4,0.0,0.0044,0.018,0.31,0.0021,15.0,5.0
2024-07-29,서대문구,26.4,25.8,27.0,0.0,0.0069,0.0213,0.31,0.0023,20.0,5.0
2024-07-30,서대문구,27.8,25.3,32.7,,0.01,0.0459,0.31,0.0023,23.0,10.0
2024-07-31,서대문구,28.5,25.4,33.5,0.0,0.0079,0.0299,0.25,0.0023,15.0,5.0
2024-08-01,서대문구,28.7,26.0,33.6,0.0,0.0083,0.0321,0.28,0.0023,18.0,6.0
2024-08-02,서대문구,28.6,27.2,32.5,0.0,0.0091,0.0432,0.34,0.0024,23.0,12.0
2024-08-03,서대문구,28.7,25.9,34.2,0.0,0.007,0.0622,0.37,0.0021,31.0,19.0
2024-08-04,서대문구,30.0,25.5,35.8,0.0,0.008,0.063,0.4,0.0023,28.0,17.0
2024-08-05,서대문구,28.9,24.8,34.1,0.5,0.0094,0.0573,0.37,0.0024,25.0,17.0
2024-08-06,서대문구,28.0,24.4,33.0,0.0,0.0115,0.0453,0.31,0.0021,16.0,8.0
2024-08-07,서대문구,27.8,25.2,32.7,4.0,0.0094,0.0338,0.25,0.0022,16.0,7.0
2024-08-08,서대문구,26.9,24.6,31.0,0.0,0.012,0.032,0.27,0.0024,19.0,11.0
2024-08-09,서대문구,28.0,24.0,33.0,0.0,0.0103,0.0382,0.27,0.0021,24.0,13.0
2024-08-10,서대문구,28.7,25.2,33.7,0.0,0.0112,0.0531,0.32,0.0027,28.0,18.0
2024-08-11,서대문구,28.9,25.9,33.6,0.0,0.0089,0.049,0.3,0.0023,26.0,17.0
2024-08-12,서대문구,29.3,26.4,34.9,0.0,0.0107,0.0433,0.33,0.0028,25.0,15.0
2024-08-13,서대문구,30.3,26.2,35.3,0.0,0.0085,0.0429,0.36,0.0021,21.0,11.0
2024-08-14,서대문구,29.0,25.3,35.6,0.0,0.0105,0.056,0.41,0.0022,22.0,12.0
2024-08-15,서대문구,27.7,24.8,34.8,11.0,0.0088,0.0448,0.39,0.0022,21.0,12.0
2024-08-16,서대문구,28.5,24.8,35.3,0.0,0.0102,0.0488,0.38,0.0022,19.0,12.0
2024-08-17,서대문구,28.5,24.4,34.2,4.5,0.0099,0.0538,0.39,0.0022,20.0,11.0
2024-08-18,서대문구,28.0,25.0,34.0,6.0,0.008,0.0507,0.39,0.0023,17.0,10.0
2024-08-19,서대문구,27.9,24.1,35.7,15.5,0.0103,0.0564,0.42,0.0024,22.0,14.0
2024-08-20,서대문구,29.9,24.6,34.8,0.0,0.0088,0.0463,0.35,0.0023,22.0,12.0
2024-08-21,서대문구,27.4,25.8,29.9,47.5,0.0067,0.0245,0.35,0.0023,11.0,5.0
2024-08-22,서대문구,27.6,25.9,29.8,2.0,0.0065,0.0313,0.35,0.0023,12.0,4.0
2024-08-23,서대문구,27.3,24.6,32.3,0.0,0.0106,0.0698,0.48,0.0025,26.0,17.0
2024-08-24,서대문구,25.9,24.1,30.9,3.0,0.011,0.0571,0.6,0.003,34.0,24.0
2024-08-25,서대문구,27.3,23.8,32.5,0.0,0.009,0.0557,0.57,0.0033,32.0,23.0
2024-08-26,서대문구,26.8,24.6,30.3,0.0,0.012,0.0373,0.56,0.003,30.0,21.0
2024-08-27,서대문구,24.7,21.6,29.3,0.0,0.0129,0.0328,0.4,0.0023,18.0,10.0
2024-08-28,서대문구,27.1,21.2,32.7,0.0,0.0085,0.053,0.32,0.0023,11.0,6.0
2024-08-29,서대문구,27.2,21.8,33.3,0.0,0.0081,0.0482,0.29,0.0027,9.0,4.0
2024-08-30,서대문구,26.7,21.8,33.0,0.0,0.0102,0.0386,0.34,0.0021,12.0,5.0
2024-08-31,서대문구,25.8,20.5,32.5,0.0,0.0095,0.0544,0.42,0.0021,33.0,16.0
2024-09-01,서대문구,25.9,22.4,31.5,0.0,0.0107,0.0496,0.46,0.0021,26.0,16.0
2024-09-02,서대문구,22.9,19.7,26.3,2.5,0.0124,0.0342,0.42,0.0021,18.0,11.0
2024-09-03,서대문구,25.7,22.6,31.1,0.0,0.009,0.0492,0.28,0.0019,12.0,4.0
2024-09-04,서대문구,26.9,22.5,32.5,0.0,0.0112,0.0608,0.37,0.0022,21.0,8.0
2024-09-05,서대문구,24.9,22.8,28.9,6.0,0.0117,0.0435,0.43,0.0021,21.0,10.0
2024-09-06,서대문구,23.2,22.3,24.1,0.5,0.0092,0.0298,0.38,0.0018,14.0,6.0
2024-09-07,서대문구,25.0,21.8,31.0,0.0,0.0097,0.0587,0.42,0.0019,20.0,12.0
2024-09-08,서대문구,25.9,21.4,32.3,0.0,0.0094,0.0654,0.5,0.0019,23.0,18.0
2024-09-09,서대문구,27.3,22.9,33.7,0.0,0.0106,0.057,0.47,0.002,26.0,14.0
2024-09-10,서대문구,27.7,24.2,33.1,0.0,0.0122,0.0579,0.44,0.0019,24.0,15.0
2024-09-11,서대문구,27.8,24.1,34.9,0.5,0.0141,0.0668,0.44,0.0019,28.0,17.0
2024-09-12,서대문구,24.4,23.8,26.1,48.0,0.0092,0.0206,0.37,0.0017,6.0,3.0
2024-09-13,서대문구,25.2,23.5,27.9,9.5,0.011,0.0138,0.36,0.0019,9.0,4.0
2024-09-14,서대문구,26.8,24.0,31.3,0.0,0.0088,0.0281,0.3,0.0018,8.0,3.0
2024-09-15,서대문구,26.5,23.6,31.8,0.0,0.0052,0.0264,0.27,0.0017,9.0,4.0
2024-09-16,서대문구,25.5,20.0,31.9,12.0,0.006,0.0414,0.26,0.0018,5.0,1.0
2024-09-17,서대문구,27.3,24.7,33.6,0.0,0.008,0.0262,0.32,0.002,9.0,4.0
2024-09-18,서대문구,27.9,24.9,33.1,0.0,0.0067,0.0254,0.28,0.0018,10.0,4.0
2024-09-19,서대문구,28.1,25.0,33.0,0.0,0.0129,0.0426,0.35,0.0022,18.0,11.0
2024-09-20,서대문구,23.9,17.0,27.5,54.0,0.0099,0.0164,0.36,0.0019,10.0,5.0
2024-09-21,서대문구,18.4,16.3,21.2,24.5,0.0047,0.0377,0.21,0.0019,3.0,1.0
2024-09-22,서대문구,19.9,15.6,26.1,0.0,0.006,0.0291,0.2,0.0021,4.0,1.0
2024-09-23,서대문구,19.8,14.8,24.7,0.0,0.0075,0.0377,0.17,0.0022,5.0,2.0
2024-09-24,서대문구,20.3,15.6,25.7,0.0,0.0089,0.0461,0.19,0.0021,10.0,4.0
2024-09-25,서대문구,22.0,18.8,28.0,0.0,0.012,0.0419,0.31,0.0023,15.0,6.0
2024-09-26,서대문구,22.2,19.2,27.4,1.0,0.0105,0.0453,0.34,0.0023,14.0,8.0
2024-09-27,서대문구,21.9,17.9,27.6,0.0,0.0089,0.0352,0.31,0.002,13.0,7.0
2024-09-28,서대문구,22.0,17.6,27.5,0.0,0.0058,0.0477,0.23,0.0021,9.0,5.0
2024-09-29,서대문구,22.5,18.1,28.0,0.0,0.0057,0.0453,0.22,0.002,6.0,4.0
2024-09-30,서대문구,21.9,17.4,28.3,0.0,0.0113,0.0461,0.28,0.0021,13.0,5.0
2024-10-01,서대문구,17.1,11.2,21.0,2.0,0.0098,0.0371,0.26,0.0021,13.0,6.0
2024-10-02,서대문구,13.5,9.1,19.2,0.0,0.0065,0.0362,0.19,0.0027,14.0,5.0
2024-10-03,서대문구,15.1,9.5,22.1,0.0,0.0094,0.0313,0.33,0.0029,11.0,5.0
2024-10-04,서대문구,16.4,11.1,23.1,0.0,0.0102,0.0342,0.37,0.0032,13.0,6.0
2024-10-05,서대문구,16.5,10.8,24.0,0.0,0.0143,0.0378,0.42,0.0032,20.0,10.0
2024-10-06,서대문구,14.5,11.4,17.2,0.0,0.0167,0.0224,0.51,0.0028,17.0,10.0
2024-10-07,서대문구,16.0,12.7,20.6,0.0,0.015,0.0339,0.58,0.0031,34.0,20.0
2024-10-08,서대문구,17.0,12.1,23.1,0.0,0.0152,0.0285,0.63,0.0027,38.0,24.0
2024-10-09,서대문구,18.3,13.9,23.4,0.0,0.0082,0.0426,0.37,0.0027,11.0,5.0
2024-10-10,서대문구,17.5,14.6,23.1,0.0,0.013,0.0383,0.43,0.0028,18.0,9.0
2024-10-11,서대문구,17.4,13.6,23.8,0.0,0.0168,0.0459,0.53,0.0029,35.0,21.0
2024-10-12,서대문구,17.5,12.8,23.9,0.0,0.0173,0.0438,0.52,0.003,32.0,20.0
2024-10-13,서대문구,17.6,11.6,21.8,0.0,0.0118,0.0395,0.48,0.0027,23.0,14.0
2024-10-14,서대문구,18.7,16.5,21.0,0.0,0.0146,0.0337,0.43,0.0027,15.0,8.0
2024-10-15,서대문구,18.2,16.0,21.6,0.0,0.0155,0.023,0.51,0.0026,19.0,13.0
2024-10-16,서대문구,17.0,14.1,23.4,0.0,0.0187,0.0315,0.58,0.0026,37.0,26.0
2024-10-17,서대문구,18.0,12.7,24.6,0.0,0.0226,0.0316,0.56,0.0026,35.0,20.0
2024-10-18,서대문구,16.7,15.3,18.4,45.5,0.0124,0.0278,0.44,0.0022,17.0,9.0
2024-10-19,서대문구,15.6,11.6,19.9,1.5,0.007,0.0353,0.37,0.0021,8.0,4.0
2024-10-20,서대문구,12.7,10.1,17.1,0.0,0.0052,0.0372,0.18,0.0023,12.0,4.0
2024-10-21,서대문구,13.9,8.2,18.5,0.0,0.0118,0.029,0.29,0.0033,15.0,5.0
2024-10-22,서대문구,14.7,13.7,16.1,16.5,0.0156,0.0182,0.48,0.003,9.0,4.0
2024-10-23,서대문구,11.7,7.4,15.9,2.5,0.0076,0.0385,0.34,0.0026,14.0,6.0
2024-10-24,서대문구,11.5,6.0,17.6,0.0,0.0139,0.0293,0.49,0.0036,23.0,14.0
2024-10-25,서대문구,14.3,8.4,21.4,0.0,0.0215,0.02,0.57,0.0037,21.0,12.0
2024-10-26,서대문구,16.4,10.1,22.3,0.0,0.0182,0.0256,0.51,0.0032,17.0,10.0
2024-10-27,서대문구,15.3,12.7,18.7,0.0,0.0121,0.0344,0.5,0.0028,26.0,16.0
2024-10-28,서대문구,15.1,11.1,19.6,0.0,0.0126,0.0277,0.56,0.0023,32.0,22.0
2024-10-29,서대문구,14.1,11.9,17.8,0.0,0.0151,0.0278,0.38,0.0024,12.0,6.0
2024-10-30,서대문구,14.5,10.2,20.9,0.0,0.0177,0.0312,0.53,0.0027,26.0,14.0
2024-10-31,서대문구,15.1,10.0,22.1,0.0,0.024,0.0312,0.58,0.0028,30.0,18.0
2024-11-01,서대문구,14.6,12.3,18.3,0.0,0.0298,0.0198,0.69,0.0029,37.0,23.0
2024-11-02,서대문구,17.4,11.5,23.7,0.0,0.0142,0.0362,0.55,0.0029,25.0,15.0
2024-11-03,서대문구,17.3,13.7,23.0,0.0,0.0083,0.0484,0.42,0.0019,23.0,13.0
2024-11-04,서대문구,13.7,7.1,19.1,0.0,0.0096,0.0452,0.39,0.0019,26.0,13.0
2024-11-05,서대문구,8.3,4.3,14.6,0.0,0.011,0.0284,0.3,0.0028,24.0,10.0
2024-11-06,서대문구,6.2,2.7,12.2,0.0,0.0129,0.0305,0.4,0.0042,27.0,12.0
2024-11-07,서대문구,7.2,1.1,14.4,0.0,0.0251,0.0236,0.59,0.0042,37.0,20.0
2024-11-08,서대문구,9.3,2.4,17.5,0.0,0.0303,0.0247,0.66,0.0043,32.0,20.0
2024-11-09,서대문구,11.9,6.0,19.8,0.0,0.0302,0.0242,0.69,0.0043,25.0,15.0
2024-11-10,서대문구,13.7,9.9,20.2,0.0,0.0219,0.0314,0.58,0.0031,21.0,13.0
2024-11-11,서대문구,13.5,8.7,20.2,0.0,0.0249,0.0345,0.76,0.0043,46.0,26.0
2024-11-12,서대문구,13.0,9.4,19.1,0.0,0.0198,0.0336,0.66,0.0037,35.0,22.0
2024-11-13,서대문구,13.8,8.0,19.9,0.0,0.0211,0.033,0.61,0.0035,32.0,16.0
2024-11-14,서대문구,14.8,12.8,16.6,0.0,0.0248,0.0223,0.55,0.0029,33.0,14.0
2024-11-15,서대문구,16.7,12.8,20.2,0.0,0.0201,0.0286,0.47,0.0026,25.0,14.0
2024-11-16,서대문구,16.2,12.8,22.6,6.5,0.0154,0.035,0.49,0.0028,20.0,12.0
2024-11-17,서대문구,6.1,0.6,12.8,0.0,0.0065,0.0336,0.28,0.0024,19.0,9.0
2024-11-18,서대문구,1.8,-2.1,7.0,0.0,0.0105,0.0293,0.32,0.0031,16.0,7.0
2024-11-19,서대문구,5.2,-0.6,11.0,0.0,0.0218,0.0233,0.43,0.003,20.0,10.0
2024-11-20,서대문구,6.0,1.4,10.6,0.0,0.0401,0.006,0.8,0.0044,38.0,23.0
2024-11-21,서대문구,9.2,5.1,14.6,0.0,0.0313,0.0212,0.78,0.0039,52.0,36.0
2024-11-22,서대문구,5.1,2.0,10.2,0.0,0.0155,0.0302,0.45,0.0036,32.0,18.0
2024-11-23,서대문구,6.0,1.4,11.9,0.0,0.0199,0.0226,0.63,0.0046,16.0,9.0
2024-11-24,서대문구,7.3,2.5,13.4,0.0,0.0171,0.0274,0.48,0.0029,13.0,8.0
2024-11-25,서대문구,10.3,3.4,14.9,0.0,0.0198,0.0266,0.48,0.0027,17.0,9.0
2024-11-26,서대문구,4.8,-0.1,12.4,20.5,0.011,0.0302,0.41,0.0023,9.0,5.0
2024-11-27,서대문구,-1.0,-2.4,0.4,20.5,0.0145,0.028,0.52,0.0024,10.0,7.0
2024-11-28,서대문구,0.0,-2.8,2.8,8.0,0.016,0.0263,0.61,0.0027,18.0,13.0
2024-11-29,서대문구,-0.7,-4.6,3.6,0.0,0.0284,0.013,0.91,0.0046,32.0,19.0
2024-11-30,서대문구,2.2,-1.7,5.7,0.0,0.0338,0.0089,1.02,0.0047,29.0,18.0
2024-12-01,서대문구,5.5,1.6,8.6,0.0,0.0247,0.0147,0.91,0.0032,34.0,24.0
2024-12-02,서대문구,7.1,0.2,13.6,0.0,0.0302,0.0193,0.89,0.0031,48.0,31.0
2024-12-03,서대문구,0.5,-3.6,4.6,0.0,0.0168,0.0253,0.51,0.0033,19.0,8.0
2024-12-04,서대문구,1.3,-2.3,5.8,0.0,0.0204,0.0241,0.5,0.004,23.0,12.0
2024-12-05,서대문구,2.3,-1.4,8.4,1.5,0.0214,0.0244,0.54,0.004,21.0,11.0
2024-12-06,서대문구,0.4,-2.4,5.3,0.0,0.0146,0.0277,0.4,0.003,27.0,10.0
2024-12-07,서대문구,-1.1,-4.0,3.7,0.0,0.0161,0.0246,0.53,0.0042,24.0,12.0
2024-12-08,서대문구,-1.8,-5.0,2.7,0.0,0.0122,0.0285,0.4,0.0033,23.0,12.0
2024-12-09,서대문구,0.0,-4.2,6.1,0.0,0.0341,0.0121,0.79,0.0057,34.0,18.0
2024-12-10,서대문구,1.3,-3.1,6.5,0.0,0.032,0.0169,0.87,0.0055,39.0,24.0
2024-12-11,서대문구,1.6,-2.1,6.9,0.0,0.0314,0.0163,0.94,0.0063,57.0,34.0
2024-12-12,서대문구,-0.7,-4.9,4.3,0.0,0.0244,0.0176,0.66,0.0051,43.0,22.0
2024-12-13,서대문구,0.1,-2.7,4.1,0.0,0.0216,0.0228,0.5,0.0041,28.0,15.0
2024-12-14,서대문구,-1.8,-5.0,2.0,0.0,0.0194,0.0241,0.56,0.0038,29.0,16.0
2024-12-15,서대문구,0.2,-3.3,5.0,0.0,0.0215,0.0249,0.52,0.0037,22.0,12.0
2024-12-16,서대문구,-1.4,-4.1,3.7,0.0,0.0329,0.0107,0.73,0.005,29.0,18.0
2024-12-17,서대문구,-1.7,-5.0,2.4,0.0,0.0232,0.0194,0.59,0.0044,25.0,15.0
2024-12-18,서대문구,-4.9,-7.8,-0.6,0.0,0.0155,0.0222,0.43,0.0038,32.0,16.0
2024-12-19,서대문구,-2.9,-7.9,2.8,0.0,0.0367,0.0088,0.92,0.0066,50.0,27.0
2024-12-20,서대문구,0.3,-2.8,4.5,0.0,0.052,0.0044,0.96,0.0054,57.0,38.0
2024-12-21,서대문구,-1.7,-5.7,0.8,2.0,0.024,0.0208,0.76,0.0031,51.0,41.0
2024-12-22,서대문구,-4.5,-8.8,-0.2,0.0,0.0166,0.0275,0.52,0.0037,22.0,12.0
2024-12-23,서대문구,-0.7,-5.5,5.3,0.0,0.0336,0.0169,0.8,0.0046,27.0,17.0
2024-12-24,서대문구,-1.6,-5.3,3.2,0.0,0.0304,0.0181,0.78,0.0054,36.0,20.0
2024-12-25,서대문구,2.0,-2.0,5.5,0.0,0.0398,0.0139,0.87,0.0059,35.0,23.0
2024-12-26,서대문구,-0.9,-5.7,3.3,0.0,0.0166,0.0277,0.51,0.0037,70.0,33.0
2024-12-27,서대문구,-3.3,-7.3,0.9,0.0,0.0167,0.0282,0.4,0.0037,32.0,14.0
2024-12-28,서대문구,-3.9,-7.2,-0.6,0.0,0.0137,0.0281,0.41,0.0038,33.0,14.0
2024-12-29,서대문구,0.3,-4.7,4.2,0.0,0.0279,0.0175,0.68,0.0054,26.0,14.0
2024-12-30,서대문구,5.3,2.2,10.0,0.0,0.0338,0.0194,0.85,0.005,56.0,32.0
2024-12-31,서대문구,-0.3,-2.9,4.2,0.0,0.0172,0.0279,0.52,0.0041,57.0,18.0
2024-01-01,광진구,3.6,-0.4,6.8,0.0,0.033,0.0133,0.79,0.0026,18.0,12.0
2024-01-02,광진구,4.0,2.4,4.9,0.0,0.0282,0.0233,0.64,0.0026,38.0,26.0
2024-01-03,광진구,2.5,0.7,4.4,0.0,0.0434,0.0096,0.74,0.0028,38.0,25.0
2024-01-04,광진구,2.1,-1.8,5.1,0.0,0.0408,0.0114,0.9,0.0028,51.0,33.0
2024-01-05,광진구,5.7,3.1,9.4,0.0,0.0353,0.0321,0.68,0.0032,75.0,47.0
2024-01-06,광진구,1.6,-0.5,4.8,1.0,0.0236,0.0238,0.27,0.0027,27.0,12.0
2024-01-07,광진구,-3.4,-6.8,0.1,0.0,0.0108,0.028,0.29,0.0026,25.0,13.0
2024-01-08,광진구,-3.9,-8.5,0.0,0.0,0.0298,0.014,0.38,0.0024,22.0,12.0
2024-01-09,광진구,-0.4,-1.9,0.4,0.0,0.0471,0.0038,0.45,0.0024,26.0,18.0
2024-01-10,광진구,0.0,-3.2,3.8,0.0,0.0486,0.0063,0.71,0.0026,58.0,46.0
2024-01-11,광진구,2.0,-1.4,4.8,0.0,0.0495,0.0059,0.65,0.0026,66.0,57.0
2024-01-12,광진구,2.6,0.7,4.8,0.0,0.0221,0.0246,0.31,0.0026,28.0,10.0
2024-01-13,광진구,1.3,-2.2,5.3,0.0,0.0308,0.015,0.43,0.0027,25.0,11.0
2024-01-14,광진구,0.4,-1.8,3.4,1.0,0.0301,0.0093,0.56,0.0022,29.0,20.0
2024-01-15,광진구,-2.3,-5.1,0.8,0.0,0.0159,0.0256,0.34,0.0025,24.0,10.0
2024-01-16,광진구,-1.6,-5.6,3.4,0.0,0.0286,0.0161,0.44,0.0024,28.0,14.0
2024-01-17,광진구,0.5,-1.5,2.1,4.5,0.0354,0.0051,0.55,0.0022,30.0,22.0
2024-01-18,광진구,4.9,1.6,9.3,0.0,0.0247,0.0158,0.5,0.0025,23.0,18.0
2024-01-19,광진구,5.5,4.3,8.5,0.0,0.0091,0.0351,0.31,0.0024,13.0,7.0
2024-01-20,광진구,3.6,2.0,5.2,0.0,0.0064,0.0348,0.25,0.0023,4.0,1.0
2024-01-21,광진구,2.4,-1.6,4.9,0.0,0.01,0.0289,0.31,0.0024,9.0,6.0
2024-01-22,광진구,-7.9,-11.3,-1.6,0.0,0.0093,0.0299,0.36,0.0023,30.0,20.0
2024-01-23,광진구,-11.0,-13.1,-8.2,0.0,0.0084,0.0307,0.28,0.0021,20.0,12.0
2024-01-24,광진구,-7.3,-10.3,-3.6,0.0,0.0087,0.0312,0.3,0.0021,20.0,10.0
2024-01-25,광진구,-4.0,-7.9,-0.4,0.0,0.0172,0.0243,0.37,0.0023,21.0,12.0
2024-01-26,광진구,-0.8,-6.0,4.1,0.0,0.0325,0.0155,0.54,0.0024,30.0,20.0
2024-01-27,광진구,0.5,-3.4,4.6,0.0,0.0339,0.0187,0.72,0.0027,48.0,36.0
2024-01-28,광진구,-0.1,-3.2,3.2,0.0,0.0232,0.0251,0.48,0.0025,30.0,21.0
2024-01-29,광진구,0.5,-3.9,5.1,0.0,0.0316,0.0176,0.6,0.0027,38.0,27.0
2024-01-30,광진구,1.8,-2.9,7.7,0.0,0.0379,0.014,0.64,0.0028,49.0,35.0
2024-01-31,광진구,5.3,0.8,11.0,0.0,0.0381,0.0174,0.59,0.0031,48.0,35.0
2024-02-01,광진구,3.4,0.1,8.1,0.0,0.0218,0.0334,0.67,0.0031,76.0,56.0
2024-02-02,광진구,3.9,1.8,8.5,0.0,0.0267,0.0219,0.48,0.0028,34.0,25.0
2024-02-03,광진구,5.1,0.6,8.9,0.0,0.0224,0.0211,0.43,0.0028,26.0,19.0
2024-02-04,광진구,7.5,3.6,11.5,0.0,0.0165,0.025,0.38,0.0029,17.0,12.0
2024-02-05,광진구,2.8,0.1,6.6,1.0,0.0084,0.0357,0.29,0.0027,5.0,3.0
2024-02-06,광진구,1.9,0.1,3.6,0.0,0.0181,0.0256,0.43,0.0026,11.0,7.0
2024-02-07,광진구,1.6,0.2,3.4,0.0,0.0237,0.02,0.66,0.0027,31.0,24.0
2024-02-08,광진구,1.8,-1.9,5.9,0.0,0.0295,0.0173,0.73,0.003,34.0,27.0
2024-02-09,광진구,2.0,-1.4,6.3,0.0,,,,,,
2024-02-10,광진구,2.8,-0.5,7.5,0.0,,,,,,
2024-02-11,광진구,2.3,-1.3,5.5,0.0,0.0172,0.0353,0.7,0.0029,57.0,48.0
2024-02-12,광진구,4.4,-1.2,10.8,0.0,0.0269,0.0235,0.78,0.003,63.0,52.0
2024-02-13,광진구,9.1,2.2,14.9,0.0,0.0327,0.0234,0.73,0.0033,62.0,41.0
2024-02-14,광진구,12.7,8.7,18.2,0.0,0.0355,0.0155,0.71,0.0037,46.0,28.0
2024-02-15,광진구,5.7,1.8,12.5,6.5,0.0148,0.0294,0.56,0.0031,22.0,16.0
2024-02-16,광진구,3.5,0.1,7.9,0.0,0.0211,0.0219,0.45,0.0028,18.0,12.0
2024-02-17,광진구,5.3,-0.1,11.6,0.0,0.0299,0.0179,0.48,0.0028,34.0,25.0
2024-02-18,광진구,7.0,2.0,10.4,14.0,0.0247,0.0181,0.44,0.0026,29.0,21.0
2024-02-19,광진구,9.5,5.5,12.1,8.0,0.0322,0.008,0.63,0.003,12.0,6.0
2024-02-20,광진구,5.3,4.1,7.8,0.0,0.0167,0.0185,0.41,0.0028,24.0,14.0
2024-02-21,광진구,2.2,0.2,4.4,6.5,0.0075,0.0328,0.29,0.0026,3.0,1.0
2024-02-22,광진구,0.6,-0.8,1.9,3.0,0.0085,0.0357,0.28,0.0024,5.0,2.0
2024-02-23,광진구,2.1,-0.6,6.2,0.0,0.0089,0.0385,0.24,0.0024,8.0,4.0
2024-02-24,광진구,2.5,-0.7,6.1,0.0,0.0099,0.0366,0.24,0.0024,12.0,6.0
2024-02-25,광진구,3.5,1.1,6.5,0.0,0.0121,0.0316,0.25,0.0027,10.0,7.0
2024-02-26,광진구,4.8,0.0,10.6,0.0,0.024,0.0236,0.36,0.0029,22.0,14.0
2024-02-27,광진구,5.8,1.7,9.8,0.0,0.0145,0.036,0.31,0.0026,16.0,8.0
2024-02-28,광진구,7.3,4.3,10.5,0.0,0.0278,0.0261,0.39,0.0028,30.0,15.0
2024-02-29,광진구,5.7,1.4,10.1,0.0,0.0371,0.0207,0.6,0.0027,51.0,35.0
2024-03-01,광진구,-3.1,-6.1,1.5,0.0,0.0078,0.0416,0.28,0.0021,34.0,12.0
2024-03-02,광진구,0.1,-6.2,4.5,0.0,0.0176,0.0357,0.37,0.002,31.0,12.0
2024-03-03,광진구,5.0,1.6,8.4,0.0,0.0234,0.0403,0.67,0.0025,101.0,61.0
2024-03-04,광진구,6.3,0.0,11.7,0.0,0.0443,0.0222,0.62,0.0028,67.0,38.0
2024-03-05,광진구,8.4,6.3,11.3,0.0,0.0253,0.0347,0.41,0.0024,38.0,19.0
2024-03-06,광진구,6.6,3.9,11.4,0.0,0.0152,0.0381,0.36,0.0023,11.0,5.0
2024-03-07,광진구,4.6,2.9,8.7,1.5,0.0215,0.0341,0.41,0.0024,27.0,16.0
2024-03-08,광진구,3.2,1.2,7.2,0.0,0.0152,0.0411,0.42,0.0027,39.0,22.0
2024-03-09,광진구,3.0,-0.2,8.1,0.0,0.0189,0.0341,0.39,0.0024,30.0,17.0
2024-03-10,광진구,4.9,-0.2,10.8,0.0,0.0293,0.0279,0.5,0.0025,28.0,18.0
2024-03-11,광진구,7.1,2.7,12.2,0.0,0.044,0.0217,0.52,0.0027,30.0,18.0
2024-03-12,광진구,7.4,5.2,9.5,0.5,0.0437,0.0189,0.63,0.0025,27.0,19.0
2024-03-13,광진구,7.5,2.6,12.6,0.0,0.0294,0.0375,0.61,0.003,40.0,26.0
2024-03-14,광진구,9.2,4.4,15.6,0.0,0.038,0.0387,0.63,0.003,57.0,37.0
2024-03-15,광진구,9.7,5.4,15.4,0.0,0.0341,0.0368,0.6,0.003,45.0,30.0
2024-03-16,광진구,11.7,5.3,19.0,0.0,0.0329,0.0357,0.71,0.0031,54.0,37.0
2024-03-17,광진구,9.8,6.7,13.1,0.0,0.013,0.0433,0.54,0.0026,91.0,20.0
2024-03-18,광진구,8.4,3.3,13.9,0.0,0.026,0.0307,0.5,0.0025,22.0,7.0
2024-03-19,광진구,7.3,4.8,11.2,0.0,0.0251,0.035,0.64,0.0025,47.0,24.0
2024-03-20,광진구,5.2,2.8,8.9,0.0,0.0144,0.0391,0.56,0.0024,37.0,23.0
2024-03-21,광진구,6.4,1.2,11.9,0.0,0.0278,0.0342,0.56,0.0026,34.0,20.0
2024-03-22,광진구,10.7,4.8,16.0,9.5,0.0299,0.0331,0.46,0.0025,39.0,18.0
2024-03-23,광진구,13.7,10.0,19.0,0.0,0.0172,0.0499,0.5,0.0027,57.0,24.0
2024-03-24,광진구,16.8,10.7,23.5,0.0,0.0164,0.0414,0.41,0.0026,29.0,12.0
2024-03-25,광진구,11.0,7.1,15.9,6.0,0.0184,0.0342,0.39,0.0026,18.0,7.0
2024-03-26,광진구,7.6,3.2,11.8,11.0,0.0118,0.0386,0.36,0.0024,5.0,1.0
2024-03-27,광진구,11.1,5.2,16.9,0.0,0.0264,0.0274,0.49,0.0028,21.0,12.0
2024-03-28,광진구,10.8,9.4,12.0,2.0,0.0358,0.0166,0.6,0.0029,24.0,16.0
2024-03-29,광진구,8.6,6.1,13.0,1.5,0.0252,0.032,0.52,0.0025,260.0,41.0
2024-03-30,광진구,9.8,4.8,16.8,0.0,0.026,0.0346,0.47,0.0021,88.0,26.0
2024-03-31,광진구,11.7,5.1,17.9,0.0,0.0169,0.0371,0.37,0.0018,39.0,11.0
2024-04-01,광진구,13.6,7.9,19.6,0.0,0.0292,0.035,0.38,0.0019,42.0,13.0
2024-04-02,광진구,16.2,8.4,24.6,0.0,0.0409,0.0337,0.49,0.0023,47.0,22.0
2024-04-03,광진구,16.7,14.6,18.2,0.0,0.0376,0.0278,0.54,0.0025,36.0,18.0
2024-04-04,광진구,15.8,13.3,20.6,0.0,0.0135,0.0488,0.4,0.0024,27.0,12.0
2024-04-05,광진구,14.7,12.5,19.5,0.0,0.0177,0.0471,0.43,0.0027,39.0,20.0
2024-04-06,광진구,14.2,9.5,19.6,0.0,0.0383,0.0362,0.65,0.0031,62.0,39.0
2024-04-07,광진구,15.7,9.3,24.0,0.0,0.0312,0.0472,0.62,0.003,55.0,34.0
2024-04-08,광진구,17.1,11.9,22.9,0.0,0.0438,0.03,0.62,0.0028,50.0,27.0
2024-04-09,광진구,15.7,11.4,20.8,0.0,0.0139,0.0411,0.42,0.0026,37.0,17.0
2024-04-10,광진구,14.5,11.4,18.5,0.0,0.0141,0.0414,0.47,0.0026,39.0,18.0
2024-04-11,광진구,16.3,12.4,21.4,0.0,0.0252,0.0357,0.57,0.0029,45.0,21.0
2024-04-12,광진구,18.0,12.5,24.6,0.0,0.0349,0.0318,0.64,0.0031,48.0,25.0
2024-04-13,광진구,20.2,12.7,28.0,0.0,0.0273,0.0326,0.58,0.0027,41.0,19.0
2024-04-14,광진구,22.0,14.8,29.9,0.0,0.0236,0.0409,0.62,0.0032,43.0,23.0
2024-04-15,광진구,16.9,12.1,21.2,13.5,0.0201,0.0338,0.55,0.0031,21.0,11.0
2024-04-16,광진구,14.3,11.9,18.7,2.0,0.0201,0.0389,0.6,0.0026,75.0,23.0
2024-04-17,광진구,15.9,10.4,22.7,0.0,0.032,0.0257,0.56,0.0028,143.0,45.0
2024-04-18,광진구,18.4,12.1,26.2,0.0,0.0344,0.0298,0.46,0.003,118.0,27.0
2024-04-19,광진구,18.9,13.0,25.5,0.0,0.0336,0.0554,0.43,0.004,86.0,27.0
2024-04-20,광진구,15.3,13.5,18.1,4.5,0.0262,0.0375,0.49,0.0029,62.0,29.0
2024-04-21,광진구,17.4,13.8,21.2,0.0,0.0087,0.0446,0.25,0.0024,15.0,5.0
2024-04-22,광진구,18.9,15.1,24.4,0.0,0.0139,0.0486,0.22,0.0026,31.0,16.0
2024-04-23,광진구,17.3,13.6,24.2,0.0,0.0103,0.0469,0.21,0.0025,21.0,10.0
2024-04-24,광진구,13.7,11.5,18.3,11.5,0.0127,0.0323,0.25,0.0025,11.0,4.0
2024-04-25,광진구,15.6,11.0,22.3,0.0,0.0195,0.0473,0.38,0.0025,28.0,17.0
2024-04-26,광진구,18.8,12.2,27.0,0.0,0.0301,0.0395,0.44,0.0029,71.0,25.0
2024-04-27,광진구,19.5,12.5,27.9,0.0,0.0301,0.0427,0.49,0.0033,52.0,23.0
2024-04-28,광진구,21.3,13.4,30.4,0.0,0.0271,0.0474,0.47,0.0031,35.0,18.0
2024-04-29,광진구,21.2,17.4,26.6,0.0,0.0134,0.0527,0.26,0.0028,38.0,17.0
2024-04-30,광진구,19.4,16.8,23.7,0.0,0.0238,0.043,0.44,0.0034,49.0,29.0
2024-05-01,광진구,18.8,14.3,24.6,0.0,0.0106,0.0476,0.19,0.0027,22.0,13.0
2024-05-02,광진구,,,,0.0,0.0247,0.0405,0.33,0.003,33.0,18.0
2024-05-08,광진구,,,,0.0,0.0142,0.0421,0.32,0.0027,20.0,8.0
2024-05-09,광진구,17.0,11.5,23.2,0.0,0.0228,0.0493,0.43,0.0034,29.0,14.0
2024-05-10,광진구,19.1,13.4,25.3,0.0,0.0184,0.0569,0.41,0.0035,29.0,14.0
2024-05-11,광진구,17.7,14.5,24.0,20.5,0.0154,0.0436,0.4,0.0033,22.0,9.0
2024-05-12,광진구,17.5,12.4,22.4,0.0,0.0113,0.0478,0.36,0.003,68.0,13.0
2024-05-13,광진구,19.6,13.1,25.9,0.0,0.019,0.0489,0.38,0.0031,30.0,13.0
2024-05-14,광진구,20.0,13.4,25.4,0.0,0.0271,0.0485,0.4,0.0034,27.0,13.0
2024-05-15,광진구,13.3,7.8,20.6,21.5,0.0208,0.0417,0.42,0.0034,24.0,8.0
2024-05-16,광진구,14.8,8.1,20.9,1.0,0.0115,0.0488,0.31,0.0034,13.0,4.0
2024-05-17,광진구,19.2,11.8,26.6,0.0,0.0235,0.062,0.54,0.0042,41.0,18.0
2024-05-18,광진구,21.5,15.6,27.0,0.0,0.0188,0.0475,0.5,0.0036,27.0,11.0
2024-05-19,광진구,22.3,16.5,28.9,0.0,0.0127,0.052,0.42,0.0035,23.0,11.0
2024-05-20,광진구,20.5,18.0,24.7,0.0,0.0162,0.0392,0.44,0.0041,28.0,16.0
2024-05-21,광진구,22.8,17.6,29.5,0.0,0.0174,0.0492,0.49,0.0029,35.0,24.0
2024-05-22,광진구,21.7,17.9,27.0,0.0,0.0237,0.0569,0.6,0.0031,58.0,43.0
2024-05-23,광진구,21.8,17.5,27.5,0.0,0.0259,0.0463,0.44,0.0028,32.0,19.0
2024-05-24,광진구,20.6,16.7,25.2,0.0,0.0179,0.0386,0.44,0.0022,34.0,23.0
2024-05-25,광진구,21.9,19.4,25.3,0.0,0.0148,0.0475,0.35,0.0024,27.0,14.0
2024-05-26,광진구,20.2,17.8,24.6,7.0,0.012,0.0515,0.39,0.0025,25.0,14.0
2024-05-27,광진구,19.7,15.6,23.7,0.0,0.0123,0.0555,0.37,0.0025,25.0,9.0
2024-05-28,광진구,20.9,15.0,26.0,0.0,0.0172,0.0389,0.27,0.0023,16.0,6.0
2024-05-29,광진구,22.4,15.9,28.4,0.0,0.0266,0.0414,0.34,0.0028,24.0,11.0
2024-05-30,광진구,21.5,17.3,24.9,0.0,0.0354,0.0372,0.4,0.0027,26.0,14.0
2024-05-31,광진구,21.4,18.1,26.3,0.0,0.0226,0.0506,0.39,0.0028,23.0,14.0
2024-06-01,광진구,21.4,17.9,26.1,0.0,0.0111,0.0548,0.43,0.0025,27.0,14.0
2024-06-02,광진구,21.5,17.0,26.9,0.0,0.0094,0.054,0.37,0.0027,21.0,9.0
2024-06-03,광진구,22.1,16.2,28.7,0.0,0.0097,0.0427,0.31,0.0022,12.0,5.0
2024-06-04,광진구,23.8,17.2,30.4,0.0,0.0119,0.0496,0.31,0.0025,17.0,9.0
2024-06-05,광진구,24.5,18.8,31.1,0.0,0.0277,0.0506,0.5,0.0031,37.0,21.0
2024-06-06,광진구,24.8,20.0,31.8,0.0,0.0263,0.0629,0.54,0.0031,43.0,29.0
2024-06-07,광진구,24.1,19.5,29.0,0.0,0.0216,0.0638,0.43,0.0029,31.0,19.0
2024-06-08,광진구,20.8,17.6,25.7,17.5,0.0166,0.0464,0.48,0.0025,25.0,17.0
2024-06-09,광진구,23.6,18.1,29.6,0.0,0.0154,0.0581,0.52,0.0029,29.0,19.0
2024-06-10,광진구,25.4,19.5,32.0,0.0,0.0223,0.0716,0.64,0.0033,46.0,29.0
2024-06-11,광진구,25.9,22.1,32.5,0.0,0.0148,0.0954,0.62,0.003,63.0,39.0
2024-06-12,광진구,25.9,20.1,32.7,0.0,0.0274,0.0573,0.5,0.0031,35.0,18.0
2024-06-13,광진구,27.2,20.3,33.8,0.0,0.0272,0.056,0.51,0.003,34.0,17.0
2024-06-14,광진구,27.3,22.0,34.3,0.0,0.029,0.0534,0.51,0.0037,37.0,21.0
2024-06-15,광진구,24.6,20.6,28.7,9.5,0.0156,0.038,0.49,0.0029,28.0,20.0
2024-06-16,광진구,25.2,20.8,30.8,0.0,0.0114,0.0582,0.45,0.0026,24.0,13.0
2024-06-17,광진구,25.6,19.4,31.0,0.0,0.0242,0.0577,0.42,0.0028,22.0,11.0
2024-06-18,광진구,26.4,20.2,33.4,0.0,0.0259,0.0578,0.45,0.0029,28.0,14.0
2024-06-19,광진구,29.2,21.7,36.1,0.0,0.0249,0.0889,0.57,0.0033,41.0,25.0
2024-06-20,광진구,29.5,24.0,35.8,0.0,0.0212,0.0889,0.55,0.0041,44.0,30.0
2024-06-21,광진구,28.5,23.2,34.5,0.0,0.0313,0.0649,0.5,0.0043,38.0,24.0
2024-06-22,광진구,24.2,21.9,27.3,22.0,0.021,0.0432,0.58,0.0033,34.0,25.0
2024-06-23,광진구,25.2,22.1,30.8,11.5,0.0085,0.0481,0.46,0.0021,17.0,10.0
2024-06-24,광진구,25.0,21.4,29.3,0.5,0.0127,0.0668,0.5,0.0023,59.0,18.0
2024-06-25,광진구,23.8,20.6,27.8,0.0,0.0131,0.0596,0.36,0.0027,21.0,8.0
2024-06-26,광진구,25.6,19.3,32.2,0.0,0.0197,0.0611,0.42,0.0027,26.0,12.0
2024-06-27,광진구,26.6,21.3,30.8,0.0,0.026,0.0576,0.48,0.0026,30.0,15.0
2024-06-28,광진구,27.3,21.5,33.1,0.0,0.0239,0.0856,0.5,0.0029,38.0,25.0
2024-06-29,광진구,26.5,22.4,32.8,26.5,0.0158,0.0622,0.49,0.0027,32.0,22.0
2024-06-30,광진구,24.4,22.9,27.2,29.0,0.0071,0.0542,0.45,0.0022,20.0,12.0
2024-07-01,광진구,27.0,22.5,32.0,0.0,0.0134,0.0739,0.45,0.0023,27.0,16.0
2024-07-02,광진구,23.5,21.6,26.4,58.5,0.0144,0.0345,0.47,0.0021,19.0,10.0
2024-07-03,광진구,25.5,24.3,28.1,1.0,0.0099,0.0628,0.55,0.0023,25.0,15.0
2024-07-04,광진구,27.2,23.8,32.2,3.5,0.0124,0.0801,0.63,0.0023,40.0,31.0
2024-07-05,광진구,24.2,21.6,27.5,7.5,0.0115,0.0711,0.53,0.0022,18.0,11.0
2024-07-06,광진구,25.7,21.9,32.1,5.0,0.0122,0.0462,0.53,0.0022,30.0,18.0
2024-07-07,광진구,24.7,22.1,28.8,25.5,0.0102,0.0605,0.56,0.0021,24.0,14.0
2024-07-08,광진구,24.1,23.3,25.1,19.0,0.0169,0.0364,0.48,0.002,13.0,7.0
2024-07-09,광진구,24.8,22.9,27.5,1.0,0.0173,0.035,0.45,0.002,16.0,9.0
2024-07-10,광진구,27.0,22.7,33.1,6.0,0.0118,0.0467,0.39,0.0019,13.0,5.0
2024-07-11,광진구,26.5,23.8,30.7,0.0,0.0215,0.0504,0.62,0.0023,37.0,25.0
2024-07-12,광진구,26.6,22.9,31.0,0.0,0.0258,0.05,0.75,0.0024,38.0,26.0
2024-07-13,광진구,28.8,23.7,34.2,0.0,0.0171,0.0645,0.77,0.0024,53.0,41.0
2024-07-14,광진구,28.4,24.4,32.7,0.0,0.0082,0.053,0.55,0.0022,34.0,26.0
2024-07-15,광진구,28.3,24.3,32.9,0.0,0.0098,0.0512,0.41,0.0022,12.0,6.0
2024-07-16,광진구,27.1,24.2,31.3,16.5,0.0139,0.0396,0.44,0.0024,13.0,7.0
2024-07-17,광진구,26.0,23.3,30.0,70.5,0.0126,0.0211,0.38,0.0024,12.0,4.0
2024-07-18,광진구,24.8,23.4,27.2,117.0,0.0184,0.024,0.41,0.0022,10.0,4.0
2024-07-19,광진구,27.6,24.3,32.4,0.5,0.0132,0.0517,0.51,0.0022,24.0,15.0
2024-07-20,광진구,27.5,25.0,31.8,19.0,0.0075,0.0444,0.53,0.0018,18.0,12.0
2024-07-21,광진구,27.1,23.3,30.3,6.0,0.0051,0.0548,0.46,0.0021,20.0,9.0
2024-07-22,광진구,27.5,25.0,29.4,46.0,0.0079,0.018,0.41,0.0018,15.0,7.0
2024-07-23,광진구,27.1,25.7,28.9,1.5,0.0078,0.0201,0.41,0.0017,13.0,6.0
2024-07-24,광진구,28.5,25.4,32.7,16.0,0.0108,0.0185,0.48,0.0017,16.0,7.0
2024-07-25,광진구,29.0,24.8,34.5,13.5,0.0109,0.0288,0.45,0.0018,20.0,9.0
2024-07-26,광진구,28.8,25.1,34.8,14.0,0.0101,0.0242,0.41,0.0016,15.0,7.0
2024-07-27,광진구,29.2,27.0,32.8,13.0,0.0091,0.0191,0.45,0.0016,17.0,8.0
2024-07-28,광진구,30.1,27.6,33.9,0.0,0.0031,0.018,0.41,0.0018,20.0,8.0
2024-07-29,광진구,28.2,27.5,29.1,0.0,0.0061,0.0217,0.37,0.002,23.0,8.0
2024-07-30,광진구,29.5,26.9,33.3,0.0,0.009,0.0483,0.43,0.0025,25.0,13.0
2024-07-31,광진구,30.0,27.1,33.9,0.0,0.0084,0.0332,0.4,0.0025,17.0,9.0
2024-08-01,광진구,30.6,27.8,33.7,0.0,0.0083,0.036,0.43,0.0026,20.0,10.0
2024-08-02,광진구,30.3,28.5,33.9,0.0,0.008,0.0471,0.51,0.0029,29.0,17.0
2024-08-03,광진구,31.3,28.1,35.8,0.0,0.0071,0.0688,0.57,0.0026,34.0,26.0
2024-08-04,광진구,31.9,27.4,36.5,0.0,0.0073,0.0683,0.6,0.0026,35.0,27.0
2024-08-05,광진구,30.1,25.3,34.3,13.5,0.011,0.0545,0.54,0.0026,28.0,22.0
2024-08-06,광진구,28.9,24.6,34.0,3.5,0.0132,0.0523,0.48,0.0024,18.0,10.0
2024-08-07,광진구,30.0,25.3,34.6,2.5,0.014,0.0368,0.5,0.0026,23.0,14.0
2024-08-08,광진구,28.4,24.8,32.1,15.0,0.0172,0.0334,0.53,0.0025,23.0,15.0
2024-08-09,광진구,29.2,25.8,35.0,18.0,0.0204,0.0458,0.59,0.0023,31.0,21.0
2024-08-10,광진구,30.4,26.0,35.1,0.0,0.015,0.0522,0.58,0.0024,34.0,24.0
2024-08-11,광진구,30.8,27.6,34.6,0.0,0.0111,0.0483,0.55,0.0023,31.0,23.0
2024-08-12,광진구,31.1,27.7,35.0,3.0,0.0152,0.0538,0.56,0.0024,31.0,23.0
2024-08-13,광진구,31.0,28.0,36.3,0.0,0.0159,0.0481,0.57,0.0023,28.0,20.0
2024-08-14,광진구,31.1,28.0,37.0,0.0,0.0135,0.0528,0.6,0.0023,25.0,17.0
2024-08-15,광진구,30.3,26.4,35.6,3.0,0.0102,0.0464,0.58,0.0024,22.0,15.0
2024-08-16,광진구,31.0,27.3,35.6,0.0,0.0131,0.0457,0.55,0.0025,22.0,14.0
2024-08-17,광진구,30.9,27.8,36.0,0.0,0.0103,0.0523,0.52,0.0026,22.0,14.0
2024-08-18,광진구,30.1,26.3,35.7,3.0,0.0069,0.0536,0.52,0.0024,20.0,12.0
2024-08-19,광진구,30.6,26.2,36.1,0.0,0.0129,0.0572,0.58,0.0023,25.0,16.0
2024-08-20,광진구,31.4,27.1,36.1,0.0,0.0099,0.0417,0.51,0.0023,25.0,17.0
2024-08-21,광진구,28.6,26.6,31.0,32.5,0.0094,0.0239,0.5,0.0023,13.0,6.0
2024-08-22,광진구,29.1,27.4,31.7,0.5,0.0077,0.0315,0.5,0.0027,17.0,6.0
2024-08-23,광진구,29.1,26.5,33.2,0.0,0.0108,0.0772,0.65,0.0029,29.0,21.0
2024-08-24,광진구,28.1,25.6,33.1,7.0,0.0164,0.061,0.82,0.0028,42.0,32.0
2024-08-25,광진구,28.1,24.9,33.4,3.0,0.0123,0.0564,0.86,0.0029,41.0,31.0
2024-08-26,광진구,27.3,23.8,32.6,6.0,0.025,0.0401,0.76,0.0029,39.0,29.0
2024-08-27,광진구,26.9,25.0,30.8,0.5,0.0144,0.0316,0.47,0.003,22.0,13.0
2024-08-28,광진구,28.4,22.9,34.0,0.0,0.0116,0.0503,0.42,0.0029,14.0,8.0
2024-08-29,광진구,28.4,23.5,33.8,0.0,0.011,0.048,0.38,0.003,10.0,5.0
2024-08-30,광진구,29.0,23.8,34.6,0.0,0.0131,0.0445,0.41,0.0027,14.0,6.0
2024-08-31,광진구,28.3,23.5,33.8,0.0,0.0105,0.0667,0.53,0.0024,36.0,19.0
2024-09-01,광진구,27.8,24.3,32.7,0.0,0.0106,0.0569,0.58,0.0026,31.0,22.0
2024-09-02,광진구,25.0,22.0,27.7,1.5,0.0139,0.0341,0.54,0.0023,21.0,14.0
2024-09-03,광진구,26.9,23.2,33.0,0.0,0.0089,0.0464,0.4,0.0022,12.0,4.0
2024-09-04,광진구,28.1,23.3,33.3,0.0,0.0118,0.0596,0.49,0.0026,18.0,9.0
2024-09-05,광진구,26.8,25.1,30.9,9.5,0.0177,0.0441,0.61,0.0027,26.0,15.0
2024-09-06,광진구,23.6,22.6,26.0,3.5,0.0145,0.0279,0.55,0.0021,15.0,7.0
2024-09-07,광진구,26.8,22.2,31.9,0.0,0.0137,0.0592,0.6,0.0022,23.0,13.0
2024-09-08,광진구,27.7,22.8,33.2,0.0,0.0122,0.0668,0.71,0.0023,30.0,23.0
2024-09-09,광진구,28.8,24.6,33.9,0.0,0.0179,0.0586,0.69,0.0024,27.0,19.0
2024-09-10,광진구,29.9,25.9,34.6,0.0,0.0186,0.0584,0.69,0.0023,30.0,21.0
2024-09-11,광진구,29.4,25.6,36.7,0.0,0.0208,0.0531,0.67,0.0023,31.0,23.0
2024-09-12,광진구,24.9,24.1,27.6,28.0,0.0122,0.0213,0.59,0.002,10.0,4.0
2024-09-13,광진구,26.4,24.2,29.9,14.5,0.0159,0.0143,0.63,0.0022,17.0,8.0
2024-09-14,광진구,28.6,25.8,32.8,0.0,0.0124,0.0318,0.61,0.0022,15.0,7.0
2024-09-15,광진구,27.4,23.8,32.7,0.0,0.0071,0.0258,0.59,0.002,14.0,6.0
2024-09-16,광진구,27.0,20.6,33.5,10.5,0.008,0.04,0.55,0.002,7.0,2.0
2024-09-17,광진구,29.1,25.9,34.7,0.0,0.0096,0.0296,0.64,0.0023,14.0,6.0
2024-09-18,광진구,29.9,26.4,35.0,0.5,0.0107,0.0311,0.67,0.0025,20.0,12.0
2024-09-19,광진구,29.4,25.8,34.0,0.0,0.0164,0.0384,0.66,0.0027,18.0,11.0
2024-09-20,광진구,24.6,17.4,29.0,60.5,0.0152,0.0165,0.64,0.0023,14.0,9.0
2024-09-21,광진구,19.6,17.1,22.6,23.5,0.0101,0.0401,0.47,0.0024,6.0,1.0
2024-09-22,광진구,21.6,18.3,27.4,0.0,0.007,0.034,0.45,0.0022,4.0,1.0
2024-09-23,광진구,20.8,16.7,26.2,0.0,0.0079,0.0394,0.44,0.0025,10.0,2.0
2024-09-24,광진구,20.9,15.7,26.9,0.0,0.013,0.0418,0.49,0.0026,12.0,4.0
2024-09-25,광진구,23.1,18.2,28.9,0.0,0.0223,0.0333,0.61,0.0026,17.0,7.0
2024-09-26,광진구,24.2,21.4,29.0,0.0,0.0173,0.0495,0.66,0.0026,20.0,11.0
2024-09-27,광진구,23.1,19.2,29.3,0.0,0.0119,0.0384,0.55,0.0024,15.0,8.0
2024-09-28,광진구,23.2,19.9,29.1,0.0,0.0076,0.0499,0.39,0.0023,13.0,5.0
2024-09-29,광진구,23.6,18.8,29.6,0.0,0.0072,0.0464,0.41,0.0021,10.0,3.0
2024-09-30,광진구,23.2,18.4,28.9,0.0,0.016,0.0474,0.43,0.0024,15.0,6.0
2024-10-01,광진구,18.9,14.8,21.9,2.0,0.0174,0.0353,0.42,0.0023,17.0,8.0
2024-10-02,광진구,16.0,12.6,20.6,0.0,0.0113,0.0396,0.26,0.0026,16.0,6.0
2024-10-03,광진구,16.6,11.8,22.6,0.0,0.0107,0.0363,0.27,0.0029,13.0,6.0
2024-10-04,광진구,17.9,12.5,24.1,0.0,0.0181,0.0337,0.34,0.0029,14.0,6.0
2024-10-05,광진구,17.6,12.5,23.8,0.0,0.0199,0.0386,0.35,0.0028,18.0,10.0
2024-10-06,광진구,16.0,13.3,18.2,0.0,0.0186,0.022,0.46,0.0028,17.0,10.0
2024-10-07,광진구,17.6,14.8,21.3,0.0,0.0274,0.0248,0.64,0.0031,32.0,19.0
2024-10-08,광진구,17.8,13.1,24.3,0.0,0.017,0.0287,0.52,0.0028,27.0,16.0
2024-10-09,광진구,18.9,14.6,25.1,0.0,0.0112,0.0404,0.44,0.0026,12.0,6.0
2024-10-10,광진구,19.0,15.9,24.0,0.0,0.0215,0.0349,0.5,0.0026,18.0,10.0
2024-10-11,광진구,18.9,14.3,24.9,0.0,0.0222,0.0466,0.55,0.0029,30.0,18.0
2024-10-12,광진구,18.9,13.8,25.2,0.0,0.0328,0.0413,0.59,0.0029,36.0,23.0
2024-10-13,광진구,18.5,13.2,23.1,0.0,0.0169,0.0357,0.53,0.0027,25.0,15.0
2024-10-14,광진구,19.5,17.5,21.7,0.0,0.0228,0.0256,0.53,0.0027,18.0,10.0
2024-10-15,광진구,19.5,17.4,22.7,0.5,0.0274,0.0174,0.65,0.0026,19.0,11.0
2024-10-16,광진구,18.9,15.5,24.5,0.0,0.0305,0.0265,0.7,0.0025,28.0,17.0
2024-10-17,광진구,19.4,14.4,26.0,0.0,0.0275,0.03,0.63,0.0026,30.0,17.0
2024-10-18,광진구,17.7,16.3,19.1,31.5,0.0185,0.0228,0.6,0.0024,20.0,11.0
2024-10-19,광진구,17.2,12.8,21.4,0.5,0.0085,0.0377,0.51,0.0025,7.0,3.0
2024-10-20,광진구,13.8,11.2,18.9,0.0,0.0052,0.0402,0.36,0.0027,11.0,3.0
2024-10-21,광진구,15.0,10.1,20.5,0.0,0.0144,0.027,0.36,0.0029,14.0,5.0
2024-10-22,광진구,15.3,14.4,16.8,18.0,0.0167,0.0138,0.42,0.0026,11.0,5.0
2024-10-23,광진구,13.8,11.3,16.6,2.5,0.0082,0.0415,0.35,0.0026,15.0,6.0
2024-10-24,광진구,13.3,8.3,18.9,0.0,0.0168,0.0325,0.43,0.0028,25.0,14.0
2024-10-25,광진구,15.5,10.3,22.4,0.0,0.0212,0.022,0.44,0.0027,21.0,11.0
2024-10-26,광진구,17.4,11.7,24.2,0.0,0.0198,0.0219,0.47,0.0026,19.0,10.0
2024-10-27,광진구,16.9,14.9,19.5,0.0,0.0149,0.0308,0.53,0.0026,24.0,14.0
2024-10-28,광진구,16.4,12.9,21.7,0.0,0.0147,0.0244,0.54,0.0024,24.0,15.0
2024-10-29,광진구,15.7,13.2,19.3,0.0,0.0173,0.0272,0.45,0.0025,14.0,6.0
2024-10-30,광진구,16.2,12.0,22.0,0.0,0.021,0.0285,0.53,0.0028,25.0,14.0
2024-10-31,광진구,16.4,11.6,22.8,0.0,0.029,0.024,0.51,0.0027,29.0,17.0
2024-11-01,광진구,15.5,12.9,19.0,0.0,0.0306,0.0166,0.54,0.0026,31.0,19.0
2024-11-02,광진구,18.8,13.9,25.2,0.0,0.0178,0.034,0.5,0.0026,30.0,18.0
2024-11-03,광진구,17.9,13.1,24.2,0.0,0.009,0.0467,0.47,0.0026,25.0,14.0
2024-11-04,광진구,15.7,10.9,20.0,0.5,0.0111,0.0455,0.42,0.0026,25.0,12.0
2024-11-05,광진구,10.9,7.9,16.0,0.0,0.0121,0.0324,0.29,0.0031,25.0,10.0
2024-11-06,광진구,9.1,6.5,13.2,0.0,0.0142,0.0341,0.3,0.0031,25.0,12.0
2024-11-07,광진구,8.9,3.1,15.0,0.0,0.0291,0.0231,0.43,0.0029,41.0,24.0
2024-11-08,광진구,11.0,4.6,18.1,0.0,0.0322,0.0225,0.47,0.0026,30.0,19.0
2024-11-09,광진구,13.7,8.1,20.4,0.0,0.0311,0.0229,0.45,0.0026,26.0,15.0
2024-11-10,광진구,15.0,10.7,20.8,0.0,0.0228,0.0267,0.49,0.0025,22.0,13.0
2024-11-11,광진구,15.3,10.5,21.4,0.0,0.0321,0.0252,0.66,0.0031,44.0,26.0
2024-11-12,광진구,15.1,12.0,19.6,0.0,0.0244,0.0337,0.58,0.0031,39.0,23.0
2024-11-13,광진구,15.0,9.4,20.9,0.0,0.0297,0.0215,0.56,0.0027,36.0,19.0
2024-11-14,광진구,15.1,13.6,17.0,0.0,0.026,0.0186,0.51,0.0028,30.0,15.0
2024-11-15,광진구,17.2,14.1,21.5,0.0,0.0245,0.0209,0.54,0.0028,26.0,15.0
2024-11-16,광진구,17.7,15.4,23.2,3.0,0.0196,0.0301,0.54,0.003,23.0,14.0
2024-11-17,광진구,8.2,4.0,15.3,0.0,0.0057,0.0356,0.42,0.0029,19.0,10.0
2024-11-18,광진구,3.8,1.8,7.5,0.0,0.01,0.0322,0.32,0.0023,15.0,6.0
2024-11-19,광진구,6.6,1.7,10.8,0.0,0.0227,0.0221,0.46,0.0021,20.0,10.0
2024-11-20,광진구,7.2,3.9,10.3,0.0,0.0411,0.005,0.67,0.0026,36.0,21.0
2024-11-21,광진구,10.0,6.4,14.6,0.0,0.0349,0.0141,0.76,0.0028,50.0,35.0
2024-11-22,광진구,7.8,5.2,11.3,0.0,0.0141,0.0344,0.56,0.003,32.0,19.0
2024-11-23,광진구,7.5,3.0,12.3,0.0,0.0186,0.0243,0.46,0.0021,18.0,10.0
2024-11-24,광진구,8.4,3.8,13.5,0.0,0.0169,0.0256,0.49,0.0021,13.0,7.0
2024-11-25,광진구,10.9,4.5,16.3,0.0,0.0195,0.024,0.47,0.0021,18.0,10.0
2024-11-26,광진구,6.4,2.1,13.3,25.0,0.0126,0.0299,0.41,0.0022,11.0,4.0
2024-11-27,광진구,0.1,-0.8,2.6,11.0,0.0148,0.0283,0.49,0.002,9.0,5.0
2024-11-28,광진구,1.5,-0.2,3.9,3.0,0.016,0.0266,0.59,0.0021,15.0,11.0
2024-11-29,광진구,1.5,-2.0,4.5,0.0,0.0271,0.015,0.7,0.0024,29.0,16.0
2024-11-30,광진구,3.6,0.6,6.1,0.0,0.0297,0.0106,0.74,0.0022,22.0,14.0
2024-12-01,광진구,5.7,2.3,8.9,0.0,0.0206,0.0141,0.68,0.0021,26.0,18.0
2024-12-02,광진구,7.6,2.5,13.8,0.0,0.0276,0.0193,0.76,0.0026,38.0,24.0
2024-12-03,광진구,2.3,-0.7,4.9,0.0,0.014,0.031,0.55,0.0021,15.0,7.0
2024-12-04,광진구,3.4,0.3,6.2,0.0,0.0207,0.0251,0.63,0.0023,21.0,10.0
2024-12-05,광진구,4.1,0.5,9.3,1.0,0.0249,0.0219,0.69,0.0021,22.0,11.0
2024-12-06,광진구,2.8,0.4,5.4,0.0,0.0121,0.0334,0.59,0.0021,22.0,8.0
2024-12-07,광진구,0.7,-1.5,4.4,0.0,0.0129,0.0298,0.67,0.0018,20.0,11.0
2024-12-08,광진구,0.2,-2.9,3.3,0.0,0.0101,0.0332,0.65,0.0019,20.0,12.0
2024-12-09,광진구,1.6,-3.1,6.8,0.0,0.035,0.0101,0.83,0.0018,30.0,17.0
2024-12-10,광진구,2.7,-1.6,6.8,0.0,0.0337,0.015,0.93,0.0021,36.0,24.0
2024-12-11,광진구,3.7,1.1,7.8,0.0,0.034,0.0157,1.06,0.003,56.0,38.0
2024-12-12,광진구,1.7,-1.4,5.2,0.0,0.0301,0.0123,0.76,0.0027,40.0,24.0
2024-12-13,광진구,1.7,-0.4,5.0,0.0,0.02,0.0246,0.45,0.0024,27.0,16.0
2024-12-14,광진구,0.1,-2.1,2.4,0.0,0.0138,0.0303,0.47,0.002,25.0,14.0
2024-12-15,광진구,1.8,-0.8,5.6,0.0,0.0154,0.031,0.41,0.002,18.0,9.0
2024-12-16,광진구,0.4,-2.7,3.9,0.0,0.0345,0.0099,0.65,0.0022,27.0,15.0
2024-12-17,광진구,0.0,-3.0,3.2,0.0,0.0238,0.02,0.55,0.0022,25.0,14.0
2024-12-18,광진구,-2.4,-4.8,0.3,0.0,0.0178,0.0216,0.51,0.0026,28.0,14.0
2024-12-19,광진구,-1.0,-5.8,3.7,0.0,0.0347,0.0107,0.75,0.0029,47.0,27.0
2024-12-20,광진구,1.0,-1.4,4.4,0.0,0.0459,0.0046,0.77,0.0033,51.0,35.0
2024-12-21,광진구,-0.3,-3.8,2.3,1.0,0.0231,0.0225,0.6,0.0037,46.0,37.0
2024-12-22,광진구,-2.7,-6.4,0.4,0.0,0.0116,0.0329,0.37,0.0035,18.0,9.0
2024-12-23,광진구,0.3,-4.9,5.8,0.0,0.0324,0.0152,0.59,0.0036,27.0,16.0
2024-12-24,광진구,0.6,-3.0,3.9,0.0,0.0337,0.0167,0.58,0.0036,31.0,18.0
2024-12-25,광진구,2.6,-1.2,6.1,0.0,0.0338,0.0159,0.58,0.0037,31.0,20.0
2024-12-26,광진구,0.5,-4.0,4.6,0.0,0.0191,0.028,0.51,0.0038,59.0,30.0
2024-12-27,광진구,-2.0,-4.6,1.6,0.0,0.0133,0.0275,0.38,0.0035,27.0,12.0
2024-12-28,광진구,-2.2,-5.3,0.5,0.0,0.0097,0.031,0.39,0.0034,26.0,12.0
2024-12-29,광진구,1.3,-3.4,4.6,0.0,0.0269,0.0167,0.49,0.0033,23.0,13.0
2024-12-30,광진구,6.3,2.7,10.2,0.0,0.0327,0.0209,0.53,0.0037,49.0,28.0
2024-12-31,광진구,1.3,-0.8,5.9,0.0,0.0153,0.0308,0.36,0.0039,49.0,17.0
2024-01-01,성북구,3.1,-0.4,5.8,0.0,0.0262,0.0138,0.86,0.0023,21.0,17.0
2024-01-02,성북구,2.7,1.4,4.3,0.0,0.0184,0.0235,0.58,0.0022,38.0,28.0
2024-01-03,성북구,1.5,-1.6,3.1,0.5,0.0255,0.017,0.62,0.0021,38.0,28.0
2024-01-04,성북구,1.1,-3.4,4.2,0.0,0.0361,0.0091,0.88,0.0027,54.0,38.0
2024-01-05,성북구,4.3,0.5,8.9,0.0,0.0359,0.0177,0.99,0.0028,87.0,59.0
2024-01-06,성북구,0.6,-2.3,4.2,0.0,0.017,0.023,0.53,0.0025,24.0,14.0
2024-01-07,성북구,-4.8,-8.4,-1.4,0.0,0.006,0.0272,0.53,0.0027,22.0,14.0
2024-01-08,성북구,-4.9,-9.9,-1.0,0.0,0.0234,0.0128,0.65,0.0028,23.0,14.0
2024-01-09,성북구,-1.3,-2.6,0.0,1.5,0.0404,0.0023,0.76,0.0028,30.0,20.0
2024-01-10,성북구,-1.2,-4.6,3.4,0.0,0.0385,0.0065,1.01,0.003,69.0,54.0
2024-01-11,성북구,1.4,-2.3,4.2,0.0,0.0381,0.0084,0.87,0.003,65.0,49.0
2024-01-12,성북구,1.3,-1.0,4.0,0.0,0.0218,0.0208,0.66,0.003,55.0,35.0
2024-01-13,성북구,0.2,-3.3,4.9,0.0,0.0262,0.0164,0.53,0.0031,27.0,12.0
2024-01-14,성북구,-0.5,-3.8,2.9,2.5,0.0368,0.0063,0.79,0.0025,33.0,26.0
2024-01-15,성북구,-3.5,-6.7,0.7,0.0,0.0152,0.0235,0.39,0.0025,19.0,10.0
2024-01-16,성북구,-2.7,-7.6,3.8,0.0,0.0322,0.0136,0.61,0.0029,31.0,17.0
2024-01-17,성북구,0.2,-2.0,1.5,7.5,0.0444,0.0025,0.82,0.0027,35.0,28.0
2024-01-18,성북구,4.0,0.9,9.1,0.0,0.0253,0.0142,0.54,0.0022,26.0,21.0
2024-01-19,성북구,4.8,3.5,7.9,0.0,0.0154,0.0267,0.42,0.002,12.0,9.0
2024-01-20,성북구,2.9,1.1,4.3,0.5,0.0084,0.0303,0.33,0.0025,4.0,2.0
2024-01-21,성북구,1.2,-2.9,4.0,0.0,0.0087,0.0261,0.41,0.0024,9.0,7.0
2024-01-22,성북구,-9.1,-12.4,-2.7,0.0,0.0056,0.029,0.46,0.0027,27.0,20.0
2024-01-23,성북구,-12.0,-14.4,-9.1,0.0,0.0043,0.0302,0.43,0.0032,20.0,11.0
2024-01-24,성북구,-8.4,-11.6,-4.5,0.0,0.0061,0.0301,0.44,0.0034,20.0,9.0
2024-01-25,성북구,-5.3,-10.0,-1.1,0.0,0.016,0.0228,0.49,0.0035,21.0,12.0
2024-01-26,성북구,-1.9,-7.3,3.0,0.0,0.0343,0.0132,0.69,0.0034,34.0,21.0
2024-01-27,성북구,-0.5,-4.8,3.7,0.0,0.0349,0.018,0.82,0.0035,51.0,36.0
2024-01-28,성북구,-1.4,-4.8,2.6,0.0,0.0215,0.0244,0.56,0.0031,31.0,22.0
2024-01-29,성북구,-0.7,-5.1,4.0,0.0,0.0348,0.0161,0.73,0.0032,41.0,28.0
2024-01-30,성북구,1.2,-4.0,7.2,0.0,0.0423,0.0123,0.86,0.0034,56.0,39.0
2024-01-31,성북구,4.3,1.0,9.9,0.0,0.0429,0.0163,0.85,0.0036,56.0,39.0
2024-02-01,성북구,2.1,-1.2,7.5,0.0,0.0246,0.0294,0.8,0.0035,82.0,59.0
2024-02-02,성북구,2.8,0.7,7.1,0.0,0.0273,0.0182,0.55,0.0028,35.0,25.0
2024-02-03,성북구,4.4,0.1,7.5,0.0,0.0276,0.0145,0.58,0.0029,32.0,23.0
2024-02-04,성북구,,,,0.0,0.0197,0.0207,0.51,0.0028,22.0,15.0
2024-02-05,성북구,2.2,-0.5,6.0,3.5,0.0097,0.0322,0.38,0.0024,6.0,3.0
2024-02-06,성북구,0.8,-0.7,3.1,0.0,0.0189,0.0221,0.46,0.0025,13.0,8.0
2024-02-07,성북구,0.7,-1.2,2.8,0.0,0.0181,0.022,0.59,0.0026,26.0,22.0
2024-02-08,성북구,0.7,-3.4,5.6,0.0,0.031,0.018,0.76,0.0031,36.0,29.0
2024-02-09,성북구,0.8,-3.0,5.1,0.0,,,,,,
2024-02-10,성북구,1.7,-1.2,6.6,0.0,,,,,,
2024-02-11,성북구,0.6,-3.5,4.4,0.0,0.0151,0.0341,0.71,0.0032,58.0,50.0
2024-02-12,성북구,3.0,-2.9,9.0,0.0,0.0328,0.0187,0.87,0.0033,59.0,45.0
2024-02-13,성북구,8.3,2.6,13.2,0.0,0.0402,0.0188,1.01,0.0036,66.0,44.0
2024-02-14,성북구,12.3,9.2,16.5,0.0,0.0361,0.0165,0.79,0.0034,47.0,29.0
2024-02-15,성북구,4.4,0.0,11.3,7.5,0.011,0.0293,0.46,0.0025,20.0,14.0
2024-02-16,성북구,2.1,-1.7,7.0,0.0,0.0219,0.0189,0.54,0.0029,25.0,17.0
2024-02-17,성북구,4.1,-1.3,10.5,0.0,0.0318,0.0153,0.66,0.0032,42.0,29.0
2024-02-18,성북구,6.5,1.5,9.5,17.0,0.0287,0.0132,0.71,0.0028,40.0,28.0
2024-02-19,성북구,8.9,4.1,11.7,9.0,0.0287,0.0073,0.74,0.0027,12.0,7.0
2024-02-20,성북구,4.4,3.0,6.6,3.0,0.0158,0.0151,0.56,0.0024,27.0,18.0
2024-02-21,성북구,1.5,-0.2,4.0,15.0,0.0094,0.0271,0.43,0.0022,3.0,2.0
2024-02-22,성북구,-0.2,-1.5,1.1,8.0,0.0125,0.0271,0.44,0.0024,5.0,2.0
2024-02-23,성북구,1.2,-1.5,5.3,0.0,0.0115,0.0286,0.42,0.0026,8.0,5.0
2024-02-24,성북구,1.4,-1.4,4.8,2.0,0.0089,0.031,0.4,0.0025,12.0,7.0
2024-02-25,성북구,2.2,0.2,6.0,1.5,0.0092,0.0272,0.46,0.0026,10.0,7.0
2024-02-26,성북구,3.5,-1.3,8.8,0.0,0.0224,0.0184,0.63,0.0031,28.0,19.0
2024-02-27,성북구,4.5,0.8,8.8,0.0,0.0138,0.0295,0.42,0.0026,17.0,8.0
2024-02-28,성북구,5.8,2.5,9.4,0.0,0.0219,0.022,0.47,0.0029,31.0,16.0
2024-02-29,성북구,4.6,-0.3,9.2,0.0,0.0208,0.0246,0.65,0.0032,54.0,36.0
2024-03-01,성북구,-4.6,-7.3,-0.2,0.0,0.0023,0.038,0.38,0.0029,34.0,10.0
2024-03-02,성북구,-1.0,-8.8,3.8,0.0,0.0135,0.0305,0.48,0.0031,34.0,13.0
2024-03-03,성북구,3.5,0.5,7.4,0.0,0.0128,0.0386,0.67,0.003,114.0,60.0
2024-03-04,성북구,4.9,-1.8,10.8,0.0,0.0318,0.0203,0.63,0.0033,61.0,30.0
2024-03-05,성북구,7.3,4.9,10.6,0.0,0.0234,0.027,0.52,0.0031,42.0,21.0
2024-03-06,성북구,5.4,2.2,9.8,0.0,0.0129,0.0302,0.43,0.0027,13.0,7.0
2024-03-07,성북구,3.4,1.4,6.8,0.5,0.0127,0.0316,0.41,0.0027,27.0,16.0
2024-03-08,성북구,2.1,0.0,6.0,0.0,0.0088,0.0367,0.43,0.0031,40.0,20.0
2024-03-09,성북구,1.7,-2.4,6.2,0.0,0.0107,0.0317,0.41,0.003,31.0,16.0
2024-03-10,성북구,3.9,-1.8,9.7,0.0,0.0211,0.0255,0.5,0.0033,30.0,17.0
2024-03-11,성북구,6.1,2.1,10.1,0.0,0.0332,0.0194,0.53,0.0033,35.0,20.0
2024-03-12,성북구,6.4,4.2,9.2,1.5,0.033,0.0178,0.62,0.0029,31.0,19.0
2024-03-13,성북구,6.4,1.1,11.1,0.0,0.0251,0.0313,0.58,0.0034,46.0,25.0
2024-03-14,성북구,8.0,3.0,14.2,0.0,0.0292,0.0334,0.52,0.0033,62.0,35.0
2024-03-15,성북구,8.3,4.0,13.0,0.0,0.0237,0.0343,0.47,0.0032,53.0,33.0
2024-03-16,성북구,10.4,4.1,17.4,0.0,0.021,0.0354,0.49,0.0031,55.0,39.0
2024-03-17,성북구,8.4,5.3,11.6,0.0,0.0067,0.0406,0.32,0.0029,108.0,
2024-03-18,성북구,6.7,1.5,12.2,0.0,0.0111,0.033,0.3,0.0031,18.0,4.0
2024-03-19,성북구,6.1,3.1,9.4,0.0,0.013,0.0357,0.38,0.003,51.0,25.0
2024-03-20,성북구,4.0,1.2,8.5,0.0,0.0061,0.037,0.43,0.0029,38.0,24.0
2024-03-21,성북구,5.0,-0.9,10.2,0.0,0.0157,0.0347,0.49,0.0036,35.0,22.0
2024-03-22,성북구,9.7,3.5,14.7,6.5,0.0228,0.0302,0.46,0.0033,43.0,20.0
2024-03-23,성북구,12.5,8.6,18.2,0.5,0.0108,0.048,0.35,0.0027,57.0,27.0
2024-03-24,성북구,15.9,10.1,22.0,0.0,0.0164,0.0328,0.36,0.0028,28.0,13.0
2024-03-25,성북구,10.1,6.3,15.4,5.0,0.0156,0.03,0.33,0.0026,19.0,9.0
2024-03-26,성북구,6.1,1.8,10.6,16.0,0.0099,0.0348,0.46,0.0026,6.0,3.0
2024-03-27,성북구,9.7,4.3,15.5,0.0,0.0233,0.0229,0.56,0.0031,26.0,15.0
2024-03-28,성북구,9.6,7.3,11.2,2.0,0.0265,0.0168,0.57,0.0029,26.0,16.0
2024-03-29,성북구,7.1,4.5,11.4,1.5,0.0169,0.0282,0.61,0.0027,266.0,49.0
2024-03-30,성북구,8.2,2.9,15.4,0.0,0.019,0.0305,0.59,0.0029,92.0,25.0
2024-03-31,성북구,10.0,2.9,16.4,0.0,0.0116,0.036,0.48,0.0032,42.0,11.0
2024-04-01,성북구,11.9,5.8,17.9,0.0,0.0234,0.0322,0.46,0.0034,47.0,14.0
2024-04-02,성북구,15.3,7.6,22.6,0.0,0.0297,0.0381,0.52,0.0038,56.0,25.0
2024-04-03,성북구,16.2,13.8,19.0,0.0,0.0321,0.0246,0.55,0.0034,45.0,23.0
2024-04-04,성북구,14.6,11.7,19.0,0.0,0.0141,0.0401,0.39,0.0031,32.0,14.0
2024-04-05,성북구,13.3,9.8,17.6,0.0,0.0137,0.0443,0.39,0.0031,40.0,19.0
2024-04-06,성북구,12.5,7.6,18.2,0.0,0.0226,0.0408,0.54,0.0035,61.0,35.0
2024-04-07,성북구,14.5,7.6,22.7,0.0,0.0227,0.0464,0.58,0.0037,56.0,31.0
2024-04-08,성북구,16.4,10.7,22.8,0.0,0.0319,0.0331,0.59,0.0033,56.0,26.0
2024-04-09,성북구,14.2,10.5,19.6,0.0,0.0104,0.0442,0.38,0.003,40.0,17.0
2024-04-10,성북구,12.9,8.8,17.3,0.0,0.0089,0.0453,0.38,0.0031,41.0,17.0
2024-04-11,성북구,15.0,11.0,20.4,0.0,0.0179,0.0399,0.49,0.0033,50.0,20.0
2024-04-12,성북구,16.4,11.4,23.5,0.0,0.0244,0.0337,0.54,0.0034,48.0,24.0
2024-04-13,성북구,18.7,11.1,26.5,0.0,0.0164,0.0394,0.45,0.003,37.0,17.0
2024-04-14,성북구,20.2,13.4,27.8,0.0,0.0189,0.0439,0.55,0.0035,45.0,21.0
2024-04-15,성북구,14.9,10.7,20.0,18.5,0.0178,0.0303,0.51,0.0031,20.0,11.0
2024-04-16,성북구,12.5,10.7,17.1,1.0,0.0154,0.037,0.59,0.0028,82.0,28.0
2024-04-17,성북구,14.3,8.5,21.1,0.0,0.0203,0.0267,0.65,0.0028,143.0,47.0
2024-04-18,성북구,17.0,10.5,24.6,0.0,0.0216,0.0334,0.59,0.0033,120.0,33.0
2024-04-19,성북구,17.0,11.0,24.2,0.0,0.0249,0.058,0.61,0.0044,98.0,35.0
2024-04-20,성북구,14.3,12.2,17.7,7.0,0.0187,0.0387,0.67,0.0031,65.0,31.0
2024-04-21,성북구,16.4,12.8,19.7,0.0,0.0062,0.0429,0.46,0.0026,15.0,6.0
2024-04-22,성북구,17.7,14.5,22.9,0.0,0.0106,0.047,0.4,0.0026,29.0,15.0
2024-04-23,성북구,16.2,11.8,22.0,0.0,0.0091,0.0455,0.34,0.0025,18.0,8.0
2024-04-24,성북구,12.3,10.3,15.9,8.0,0.0099,0.0304,0.38,0.0027,10.0,5.0
2024-04-25,성북구,13.8,9.7,20.1,0.0,0.0166,0.044,0.51,0.0028,31.0,18.0
2024-04-26,성북구,17.3,10.6,25.3,0.0,0.0221,0.0408,0.58,0.0031,67.0,24.0
2024-04-27,성북구,17.9,10.5,26.4,0.0,0.0177,0.0435,0.55,0.0032,51.0,16.0
2024-04-28,성북구,19.9,12.5,28.4,0.0,0.0168,0.0504,0.58,0.0033,36.0,19.0
2024-04-29,성북구,19.8,16.2,25.1,0.0,0.0126,0.0493,0.44,0.0029,44.0,19.0
2024-04-30,성북구,18.0,15.6,22.2,0.0,0.0195,0.0449,0.59,0.0042,63.0,34.0
2024-05-01,성북구,17.2,13.7,22.8,0.0,0.0071,0.0475,0.38,0.0028,24.0,12.0
2024-05-02,성북구,17.5,12.2,23.3,0.0,0.0171,0.0409,0.45,0.0031,37.0,17.0
2024-05-03,성북구,19.1,11.5,27.6,0.0,0.0223,0.0511,0.51,0.0037,49.0,22.0
2024-05-04,성북구,20.8,14.0,27.6,0.0,0.0254,0.0616,0.63,0.0042,60.0,34.0
2024-05-05,성북구,17.0,15.0,20.2,54.5,0.0093,0.0364,0.53,0.0027,22.0,16.0
2024-05-06,성북구,13.5,12.7,15.0,12.5,0.008,0.0425,0.51,0.0024,9.0,7.0
2024-05-07,성북구,13.0,11.7,15.2,1.5,0.0119,0.0297,0.5,0.0025,22.0,14.0
2024-05-08,성북구,14.3,9.0,20.5,0.0,0.0112,0.032,0.37,0.0023,19.0,9.0
2024-05-09,성북구,15.8,9.7,21.1,0.0,0.0164,0.0433,0.38,0.0024,30.0,14.0
2024-05-10,성북구,17.2,11.6,23.4,0.0,0.0157,0.0491,0.37,0.0025,31.0,16.0
2024-05-11,성북구,16.3,13.1,21.2,32.0,0.0117,0.0383,0.34,0.0021,20.0,7.0
2024-05-12,성북구,16.0,9.6,21.1,0.0,0.0075,0.0406,0.33,0.0019,79.0,21.0
2024-05-13,성북구,17.8,11.2,24.6,0.0,0.0167,0.0402,0.36,0.0022,29.0,13.0
2024-05-14,성북구,18.2,11.8,24.1,0.0,0.0205,0.045,0.35,0.0025,26.0,11.0
2024-05-15,성북구,12.0,6.9,18.6,18.5,0.0149,0.036,0.37,0.0023,23.0,7.0
2024-05-16,성북구,13.6,7.2,19.1,0.5,0.0101,0.0374,0.31,0.0022,15.0,5.0
2024-05-17,성북구,17.8,9.9,24.5,0.0,0.0212,0.0484,0.46,0.0027,45.0,20.0
2024-05-18,성북구,19.9,16.3,25.7,0.0,0.0137,0.042,0.36,0.0023,29.0,11.0
2024-05-19,성북구,20.7,15.1,27.7,0.0,0.0093,0.0419,0.33,0.0023,23.0,9.0
2024-05-20,성북구,18.8,16.2,22.6,0.0,0.0118,0.0328,0.33,0.0029,32.0,15.0
2024-05-21,성북구,20.8,15.6,28.2,0.0,0.0139,0.0415,0.39,0.002,38.0,23.0
2024-05-22,성북구,20.0,16.0,25.3,0.0,0.0161,0.0494,0.5,0.0027,55.0,36.0
2024-05-23,성북구,19.6,15.5,25.9,0.0,0.0162,0.031,0.39,0.0023,32.0,19.0
2024-05-24,성북구,19.1,15.1,23.5,0.0,0.0134,0.0275,0.42,0.0019,36.0,23.0
2024-05-25,성북구,20.5,17.6,23.6,0.0,0.0144,0.0347,0.36,0.002,34.0,17.0
2024-05-26,성북구,19.2,16.7,23.2,12.0,0.0092,0.0401,0.33,0.0021,25.0,11.0
2024-05-27,성북구,18.0,14.1,22.2,0.0,0.0084,0.0423,0.3,0.002,28.0,9.0
2024-05-28,성북구,19.4,13.6,25.0,0.0,0.0131,0.0317,0.24,0.002,18.0,6.0
2024-05-29,성북구,20.4,14.4,26.8,0.0,0.0225,0.029,0.29,0.0024,26.0,10.0
2024-05-30,성북구,20.1,15.6,24.3,0.0,0.023,0.0375,0.32,0.0024,26.0,13.0
2024-05-31,성북구,19.7,16.3,24.5,0.0,0.0139,0.0489,0.25,0.0024,25.0,13.0
2024-06-01,성북구,20.0,17.0,24.6,0.0,0.0073,0.0466,0.23,0.002,29.0,12.0
2024-06-02,성북구,19.9,15.4,25.5,0.0,0.0062,0.0495,0.2,0.0023,22.0,9.0
2024-06-03,성북구,21.0,15.2,27.6,0.0,0.0104,0.0346,0.18,0.002,15.0,6.0
2024-06-04,성북구,21.9,15.4,29.0,0.0,0.0124,0.0375,0.16,0.0021,18.0,6.0
2024-06-05,성북구,22.8,17.3,29.7,0.0,0.0234,0.0453,0.32,0.0026,42.0,20.0
2024-06-06,성북구,23.4,18.9,29.7,0.0,0.0173,0.0605,0.32,0.0026,43.0,26.0
2024-06-07,성북구,22.2,18.0,27.5,0.5,0.0179,0.0535,0.26,0.0026,33.0,19.0
2024-06-08,성북구,19.0,16.2,23.7,17.0,0.013,0.0388,0.3,0.0021,23.0,16.0
2024-06-09,성북구,21.9,16.2,28.2,0.0,0.0114,0.0493,0.32,0.0027,31.0,17.0
2024-06-10,성북구,23.7,18.1,30.5,0.0,0.016,0.0656,0.42,0.0031,52.0,27.0
2024-06-11,성북구,24.5,21.0,30.7,0.0,0.0133,0.0857,0.43,0.0025,69.0,38.0
2024-06-12,성북구,24.1,18.3,31.0,0.0,0.0166,0.0597,0.3,0.0027,33.0,16.0
2024-06-13,성북구,25.4,19.1,32.1,0.0,0.0175,0.0465,0.32,0.0025,33.0,17.0
2024-06-14,성북구,25.6,20.3,32.1,0.0,0.02,0.0476,0.4,0.0033,36.0,19.0
2024-06-15,성북구,23.1,20.1,27.7,0.5,0.0099,0.0336,0.36,0.0026,25.0,18.0
2024-06-16,성북구,23.7,19.0,29.1,0.0,0.0071,0.0506,0.37,0.0024,23.0,12.0
2024-06-17,성북구,24.0,17.9,29.2,0.0,0.0173,0.0505,0.34,0.0029,24.0,11.0
2024-06-18,성북구,24.8,18.8,31.8,0.0,0.0207,0.0505,0.39,0.0031,31.0,14.0
2024-06-19,성북구,27.7,20.2,35.0,0.0,0.0192,0.0731,0.47,0.0029,44.0,24.0
2024-06-20,성북구,28.3,22.3,33.8,0.0,0.0181,0.0751,0.49,0.0036,45.0,27.0
2024-06-21,성북구,26.9,22.2,32.7,0.0,0.0229,0.061,0.46,0.004,41.0,22.0
2024-06-22,성북구,23.0,21.2,25.7,14.0,0.0175,0.0372,0.53,0.0028,32.0,23.0
2024-06-23,성북구,24.2,21.2,29.5,3.5,0.0073,0.0392,0.44,0.0019,18.0,9.0
2024-06-24,성북구,23.6,20.9,28.0,0.5,0.0107,0.0564,0.46,0.0021,66.0,23.0
2024-06-25,성북구,22.2,18.9,26.5,0.0,0.0111,0.0453,0.37,0.0023,24.0,7.0
2024-06-26,성북구,24.1,17.5,31.2,0.0,0.0155,0.0454,0.41,0.0024,29.0,12.0
2024-06-27,성북구,25.5,19.8,30.5,0.0,0.0189,0.0497,0.43,0.0025,34.0,15.0
2024-06-28,성북구,25.7,20.4,31.4,0.0,0.019,0.069,0.47,0.0026,41.0,24.0
2024-06-29,성북구,25.2,20.7,30.6,44.0,0.0135,0.0537,0.47,0.0023,33.0,19.0
2024-06-30,성북구,22.8,21.3,24.8,31.0,0.0071,0.0419,0.44,0.0019,22.0,13.0
2024-07-01,성북구,25.6,21.4,30.8,0.0,0.0111,0.0545,0.44,0.0019,28.0,17.0
2024-07-02,성북구,22.5,20.9,24.5,68.0,0.0138,0.0232,0.47,0.0019,17.0,10.0
2024-07-03,성북구,23.8,22.8,25.4,1.0,0.0094,0.049,0.49,0.002,24.0,15.0
2024-07-04,성북구,26.1,22.6,30.2,4.5,0.0128,0.0652,0.58,0.002,44.0,33.0
2024-07-05,성북구,22.8,20.5,25.9,4.0,0.0113,0.0547,0.5,0.002,21.0,11.0
2024-07-06,성북구,24.1,20.7,29.2,6.0,0.0132,0.0344,0.52,0.0021,30.0,18.0
2024-07-07,성북구,23.7,20.4,27.9,16.0,0.0105,0.0479,0.53,0.0021,24.0,15.0
2024-07-08,성북구,23.2,22.2,24.6,19.0,0.0139,0.0281,0.45,0.0019,13.0,6.0
2024-07-09,성북구,23.8,21.9,26.5,0.0,0.0134,0.0283,0.48,0.002,16.0,10.0
2024-07-10,성북구,25.2,22.2,31.2,17.0,0.0084,0.0354,0.43,0.0019,12.0,5.0
2024-07-11,성북구,24.9,22.4,28.8,0.0,0.0137,0.045,0.6,0.0024,37.0,27.0
2024-07-12,성북구,25.3,21.3,30.3,0.0,0.0136,0.0405,0.61,0.0024,40.0,26.0
2024-07-13,성북구,27.3,22.7,32.8,0.0,0.0114,0.0491,0.66,0.0025,47.0,37.0
2024-07-14,성북구,27.4,24.1,31.2,0.0,0.0063,0.042,0.5,0.0022,31.0,23.0
2024-07-15,성북구,27.8,23.4,31.6,0.0,0.0084,0.0378,0.39,0.0021,11.0,4.0
2024-07-16,성북구,25.9,23.6,29.8,12.0,0.0105,0.0278,0.44,0.0021,14.0,5.0
2024-07-17,성북구,24.6,22.5,27.9,131.0,0.011,0.0142,0.42,0.0022,11.0,3.0
2024-07-18,성북구,23.8,22.5,25.5,113.5,0.0136,0.0166,0.43,0.0021,9.0,4.0
2024-07-19,성북구,26.6,23.2,31.4,0.5,0.0102,0.0435,0.47,0.0023,24.0,17.0
2024-07-20,성북구,26.5,24.3,29.5,17.5,0.0076,0.0363,0.41,0.0022,16.0,10.0
2024-07-21,성북구,26.0,21.9,29.9,13.5,0.005,0.0454,0.38,0.0024,20.0,9.0
2024-07-22,성북구,26.1,23.2,27.6,59.0,0.0092,0.0138,0.4,0.0024,15.0,6.0
2024-07-23,성북구,26.0,25.1,27.0,3.0,0.0077,0.0169,0.35,0.0023,12.0,6.0
2024-07-24,성북구,27.7,24.7,31.3,28.0,0.0073,0.014,0.36,0.0024,14.0,5.0
2024-07-25,성북구,28.2,24.3,33.3,9.5,0.0102,0.0222,0.39,0.0024,20.0,9.0
2024-07-26,성북구,27.9,24.2,32.8,20.5,0.0117,0.0172,0.38,0.0021,15.0,6.0
2024-07-27,성북구,27.8,25.8,31.2,,0.0093,0.0135,0.4,0.0021,15.0,7.0
2024-07-28,성북구,28.6,26.4,31.8,0.0,0.0041,0.0136,0.33,0.0021,17.0,6.0
2024-07-29,성북구,26.6,26.0,27.1,0.0,0.0054,0.0179,0.3,0.0023,20.0,8.0
2024-07-30,성북구,27.9,25.6,31.5,0.0,0.0079,0.0382,0.34,0.0023,27.0,12.0
2024-07-31,성북구,28.7,26.1,33.0,0.0,0.008,0.0242,0.32,0.0023,16.0,7.0
2024-08-01,성북구,29.3,26.6,32.9,0.0,0.0079,0.0263,0.36,0.0023,18.0,7.0
2024-08-02,성북구,28.8,27.2,32.4,0.0,0.0081,0.0357,0.39,0.0024,26.0,15.0
2024-08-03,성북구,29.4,26.3,34.0,0.0,0.0048,0.0528,0.45,0.0021,31.0,23.0
2024-08-04,성북구,,,,0.0,0.0065,0.0544,0.49,0.0023,29.0,20.0
2024-08-05,성북구,28.9,25.1,33.9,20.0,0.0107,0.0439,0.49,0.0023,25.0,16.0
2024-08-06,성북구,28.2,24.3,33.3,0.5,0.0109,0.0415,0.4,0.0021,16.0,9.0
2024-08-07,성북구,28.8,25.7,33.4,1.5,0.0079,0.0265,0.35,0.0022,15.0,8.0
2024-08-08,성북구,27.5,25.5,31.2,0.0,0.0109,0.0274,0.33,0.0024,20.0,12.0
2024-08-09,성북구,28.7,24.5,34.7,0.0,0.0122,0.0333,0.36,0.0022,26.0,16.0
2024-08-10,성북구,28.9,25.4,33.8,0.0,0.0115,0.0431,0.4,0.0025,31.0,20.0
2024-08-11,성북구,29.7,26.4,34.2,0.0,0.0088,0.0412,0.38,0.0023,28.0,20.0
2024-08-12,성북구,29.9,26.5,33.9,0.0,0.0111,0.0405,0.36,0.0024,26.0,17.0
2024-08-13,성북구,30.0,26.7,35.5,15.0,0.0109,0.0328,0.34,0.0024,23.0,15.0
2024-08-14,성북구,29.2,26.0,36.7,17.5,0.0109,0.041,0.34,0.0022,23.0,15.0
2024-08-15,성북구,28.7,25.6,33.9,0.0,0.0074,0.0364,0.3,0.0022,20.0,12.0
2024-08-16,성북구,29.3,25.5,34.5,0.0,0.0096,0.0387,0.28,0.0022,19.0,12.0
2024-08-17,성북구,28.8,25.5,35.2,18.0,0.0094,0.0419,0.3,0.0022,21.0,13.0
2024-08-18,성북구,28.5,25.6,33.9,0.5,0.0061,0.0422,0.28,0.0022,17.0,11.0
2024-08-19,성북구,29.1,25.1,34.3,0.0,0.0116,0.046,0.33,0.0023,23.0,14.0
2024-08-20,성북구,30.6,26.1,34.6,0.0,0.0106,0.0345,0.29,0.0023,23.0,15.0
2024-08-21,성북구,27.7,26.0,29.8,47.0,0.009,0.0163,0.29,0.0022,12.0,5.0
2024-08-22,성북구,27.7,26.0,29.7,1.0,0.0083,0.0234,0.32,0.0022,14.0,5.0
2024-08-23,성북구,27.7,25.5,31.9,0.0,0.0113,0.0589,0.45,0.0023,26.0,18.0
2024-08-24,성북구,27.3,24.0,31.4,0.0,0.0126,0.0481,0.61,0.0023,38.0,29.0
2024-08-25,성북구,27.6,24.0,33.3,0.0,0.0112,0.0454,0.63,0.0023,36.0,28.0
2024-08-26,성북구,27.2,24.7,30.9,0.5,0.0164,0.0317,0.61,0.0023,33.0,25.0
2024-08-27,성북구,25.4,22.5,29.3,0.5,0.0129,0.0247,0.45,0.0023,20.0,12.0
2024-08-28,성북구,27.4,21.9,33.3,0.0,0.0096,0.0373,0.35,0.0022,13.0,5.0
2024-08-29,성북구,27.1,22.3,32.9,0.0,0.0082,0.0347,0.3,0.0022,9.0,2.0
2024-08-30,성북구,27.4,22.9,32.7,0.0,0.0089,0.0316,0.3,0.0023,12.0,5.0
2024-08-31,성북구,26.8,21.3,32.7,0.0,0.0086,0.052,0.36,0.0026,35.0,17.0
2024-09-01,성북구,26.1,22.6,30.9,0.0,0.0101,0.0434,0.39,0.0026,25.0,16.0
2024-09-02,성북구,23.3,20.6,25.8,1.5,0.0149,0.0244,0.37,0.0024,17.0,10.0
2024-09-03,성북구,25.7,22.3,31.1,0.0,0.0105,0.0371,0.24,0.0023,13.0,4.0
2024-09-04,성북구,26.8,21.8,32.1,0.0,0.0123,0.0493,0.3,0.0027,20.0,9.0
2024-09-05,성북구,25.5,24.6,27.9,2.5,0.0125,0.039,0.36,0.0029,20.0,10.0
2024-09-06,성북구,23.3,22.1,25.0,0.5,0.0124,0.0227,0.36,0.0023,17.0,7.0
2024-09-07,성북구,25.2,21.4,30.9,0.0,0.0104,0.0484,0.35,0.0024,23.0,13.0
2024-09-08,성북구,26.2,21.4,31.8,0.0,0.0098,0.0542,0.42,0.0023,25.0,20.0
2024-09-09,성북구,27.2,23.5,31.0,0.0,0.0141,0.0454,0.43,0.0024,26.0,17.0
2024-09-10,성북구,28.2,24.7,33.5,0.0,0.0144,0.0466,0.42,0.0025,29.0,19.0
2024-09-11,성북구,28.0,24.3,35.0,0.0,0.0165,0.0457,0.38,0.0025,29.0,20.0
2024-09-12,성북구,24.4,23.8,25.8,45.5,0.0123,0.0144,0.34,0.0023,7.0,5.0
2024-09-13,성북구,25.2,23.4,27.5,13.5,0.0137,0.0083,0.36,0.0025,14.0,6.0
2024-09-14,성북구,27.0,24.2,31.8,0.0,0.009,0.024,0.29,0.0024,11.0,6.0
2024-09-15,성북구,26.4,23.7,31.0,0.0,0.0054,0.0206,0.28,0.0023,11.0,5.0
2024-09-16,성북구,25.4,20.2,31.5,9.0,0.0068,0.0316,0.25,0.0023,6.0,2.0
2024-09-17,성북구,27.9,24.7,32.5,0.0,0.0078,0.0207,0.32,0.0025,11.0,5.0
2024-09-18,성북구,28.4,25.3,33.4,12.5,0.0067,0.0217,0.3,0.0025,13.0,8.0
2024-09-19,성북구,28.0,24.2,33.0,0.0,0.0133,0.038,0.33,0.0029,21.0,12.0
2024-09-20,성북구,24.1,17.2,27.7,52.0,0.0119,0.0126,0.32,0.0026,13.0,6.0
2024-09-21,성북구,18.7,16.3,21.6,25.0,0.0064,0.0295,0.19,0.0025,4.0,2.0
2024-09-22,성북구,20.3,16.9,25.2,0.0,0.0062,0.0258,0.15,0.0024,4.0,1.0
2024-09-23,성북구,19.4,16.0,24.8,0.0,0.0096,0.0299,0.12,0.0025,8.0,1.0
2024-09-24,성북구,19.6,14.7,26.5,0.0,0.0141,0.0339,0.14,0.0025,12.0,3.0
2024-09-25,성북구,22.3,17.4,27.2,0.0,0.0173,0.0285,0.23,0.0028,17.0,8.0
2024-09-26,성북구,22.4,19.5,27.5,1.0,0.0137,0.0365,0.28,0.0027,18.0,10.0
2024-09-27,성북구,21.8,18.2,27.6,0.0,0.0122,0.0288,0.26,0.0026,16.0,8.0
2024-09-28,성북구,22.3,19.1,27.0,0.0,0.0087,0.0359,0.18,0.0025,13.0,4.0
2024-09-29,성북구,22.1,17.9,27.8,0.0,0.0081,0.0355,0.17,0.0024,8.0,3.0
2024-09-30,성북구,22.1,17.6,27.5,0.0,0.0132,0.0371,0.19,0.0026,13.0,5.0
2024-10-01,성북구,17.5,12.5,21.2,3.0,0.0127,0.028,0.2,0.0025,14.0,5.0
2024-10-02,성북구,14.4,11.1,18.7,0.0,0.0106,0.03,0.15,0.0028,14.0,5.0
2024-10-03,성북구,15.6,10.7,21.2,0.0,0.0117,0.026,0.28,0.003,15.0,5.0
2024-10-04,성북구,16.5,11.0,22.9,0.0,0.0161,0.0234,0.32,0.003,15.0,6.0
2024-10-05,성북구,16.6,11.0,23.8,0.0,0.0184,0.0277,0.36,0.003,22.0,10.0
2024-10-06,성북구,14.8,11.7,17.5,0.0,0.0186,0.0141,0.44,0.0029,21.0,13.0
2024-10-07,성북구,16.1,13.1,20.5,0.0,0.018,0.0227,0.47,0.0031,38.0,21.0
2024-10-08,성북구,16.6,12.0,22.5,0.0,0.0166,0.0199,0.45,0.003,36.0,21.0
2024-10-09,성북구,17.7,13.1,22.6,0.0,0.0144,0.0258,0.33,0.0026,14.0,4.0
2024-10-10,성북구,17.6,14.3,22.3,0.0,0.0169,0.027,0.33,0.0027,18.0,11.0
2024-10-11,성북구,17.8,13.2,23.2,0.0,0.0208,0.0345,0.41,0.003,36.0,22.0
2024-10-12,성북구,17.5,12.5,23.8,0.0,0.0244,0.0315,0.45,0.0031,42.0,24.0
2024-10-13,성북구,17.5,12.4,22.0,0.0,0.0172,0.0236,0.42,0.0027,28.0,15.0
2024-10-14,성북구,18.5,16.8,20.7,0.0,0.0207,0.0171,0.38,0.0027,21.0,9.0
2024-10-15,성북구,18.3,16.5,21.4,0.0,0.0183,0.0174,0.39,0.0026,17.0,11.0
2024-10-16,성북구,16.8,13.2,23.4,0.0,0.0203,0.0253,0.49,0.0026,36.0,23.0
2024-10-17,성북구,18.1,13.3,25.0,0.0,0.0263,0.0203,0.52,0.0029,40.0,22.0
2024-10-18,성북구,16.9,15.2,18.6,46.5,0.0188,0.0154,0.44,0.0027,21.0,11.0
2024-10-19,성북구,16.3,12.1,20.8,1.0,0.0082,0.0302,0.3,0.0025,7.0,2.0
2024-10-20,성북구,12.7,10.2,16.2,0.0,0.0062,0.0308,0.22,0.0025,12.0,3.0
2024-10-21,성북구,13.9,9.3,18.2,0.0,0.0141,0.0189,0.32,0.0026,12.0,3.0
2024-10-22,성북구,14.7,13.7,16.1,23.0,0.0238,0.0065,0.52,0.0027,5.0,4.0
2024-10-23,성북구,12.2,8.3,15.0,2.0,0.0079,0.0317,0.35,0.0027,14.0,5.0
2024-10-24,성북구,11.7,6.3,17.8,0.0,0.0185,0.0226,0.49,0.003,29.0,16.0
2024-10-25,성북구,14.3,8.6,20.9,0.0,0.0278,0.0112,0.55,0.0031,28.0,16.0
2024-10-26,성북구,16.1,10.4,22.6,0.0,0.0249,0.0138,0.5,0.003,23.0,11.0
2024-10-27,성북구,15.6,13.0,18.3,0.0,0.0163,0.0222,0.42,0.003,27.0,14.0
2024-10-28,성북구,14.9,11.5,19.8,0.0,0.0152,0.0195,0.45,0.0029,31.0,21.0
2024-10-29,성북구,13.9,12.2,17.2,0.0,0.0171,0.0217,0.32,0.0029,13.0,6.0
2024-10-30,성북구,15.0,10.7,20.9,0.0,0.0207,0.0236,0.46,0.0033,29.0,16.0
2024-10-31,성북구,15.3,11.2,21.6,0.0,0.0308,0.017,0.56,0.003,32.0,19.0
2024-11-01,성북구,15.1,12.5,18.2,0.0,0.0376,0.0094,0.59,0.0029,39.0,23.0
2024-11-02,성북구,17.9,14.4,23.6,0.0,0.0167,0.0281,0.39,0.003,28.0,18.0
2024-11-03,성북구,17.0,12.0,22.5,0.0,0.0142,0.0305,0.38,0.0027,25.0,13.0
2024-11-04,성북구,14.4,8.9,18.3,0.5,0.0088,0.0391,0.28,0.0027,27.0,12.0
2024-11-05,성북구,9.4,5.2,14.7,0.0,0.0113,0.025,0.36,0.0033,24.0,7.0
2024-11-06,성북구,7.8,4.3,12.4,0.0,0.0143,0.0256,0.51,0.0036,25.0,9.0
2024-11-07,성북구,7.6,1.6,14.7,0.0,0.0293,0.0169,0.69,0.0038,43.0,22.0
2024-11-08,성북구,10.0,3.3,17.0,0.0,0.0342,0.0157,0.53,0.0036,33.0,20.0
2024-11-09,성북구,12.4,6.8,19.6,0.0,0.036,0.0144,0.64,0.0034,34.0,20.0
2024-11-10,성북구,14.2,10.2,20.0,0.0,0.0297,0.0164,0.6,0.0031,27.0,16.0
2024-11-11,성북구,14.2,9.6,20.7,0.0,0.0365,0.0113,0.69,0.0036,50.0,27.0
2024-11-12,성북구,14.0,10.5,18.9,0.0,,,,,,
2024-11-13,성북구,14.1,8.7,19.5,0.0,,,,,,
2024-11-14,성북구,14.4,13.0,16.1,0.0,,,,,,
2024-11-15,성북구,16.4,13.0,20.3,0.0,,,,,,
2024-11-16,성북구,16.4,14.0,21.4,5.5,,,,,,
2024-11-17,성북구,7.0,2.8,13.9,0.0,,,,,,
2024-11-18,성북구,2.9,0.6,6.9,0.0,0.0136,0.0244,0.41,0.0035,22.0,5.0
2024-11-19,성북구,5.5,0.8,10.8,0.0,0.0295,0.0106,0.54,0.0034,26.0,12.0
2024-11-20,성북구,5.9,2.1,9.3,0.0,0.041,0.0035,0.73,0.0038,42.0,23.0
2024-11-21,성북구,9.3,5.6,13.8,0.0,0.0286,0.0156,0.7,0.0036,54.0,33.0
2024-11-22,성북구,6.4,3.1,10.3,0.0,0.0132,0.0267,0.44,0.0038,31.0,17.0
2024-11-23,성북구,6.3,2.2,11.7,0.0,0.0202,0.0172,0.45,0.0033,20.0,11.0
2024-11-24,성북구,7.1,2.3,12.4,0.0,0.0262,0.0134,0.55,0.0033,17.0,10.0
2024-11-25,성북구,10.0,3.4,14.3,0.0,0.0251,0.0154,0.47,0.0033,21.0,11.0
2024-11-26,성북구,5.1,0.4,12.4,27.0,0.0111,0.0247,0.37,0.0028,8.0,3.0
2024-11-27,성북구,-0.8,-1.8,1.0,19.5,0.014,0.0226,0.42,0.0029,9.0,5.0
2024-11-28,성북구,0.5,-2.5,3.3,3.0,0.0156,0.0207,0.44,0.0032,16.0,12.0
2024-11-29,성북구,0.1,-4.3,3.3,0.0,0.0245,0.012,0.53,0.0037,29.0,16.0
2024-11-30,성북구,2.6,-0.9,6.1,0.5,0.032,0.0066,0.66,0.0036,26.0,16.0
2024-12-01,성북구,4.8,1.3,8.2,0.5,0.0246,0.009,0.71,0.0034,30.0,22.0
2024-12-02,성북구,6.5,0.3,12.6,0.0,0.0266,0.0152,0.75,0.0038,47.0,28.0
2024-12-03,성북구,1.1,-2.3,4.8,0.0,0.0139,0.0236,0.4,0.0036,16.0,6.0
2024-12-04,성북구,2.4,-1.6,5.6,0.0,0.0195,0.0199,0.47,0.004,22.0,10.0
2024-12-05,성북구,3.3,-1.2,7.6,2.0,0.0215,0.0195,0.54,0.0039,21.0,9.0
2024-12-06,성북구,1.5,-1.3,4.2,0.0,0.0097,0.0278,0.41,0.0038,24.0,6.0
2024-12-07,성북구,-0.6,-3.1,3.0,0.0,0.0118,0.0236,0.5,0.0038,19.0,10.0
2024-12-08,성북구,-0.7,-4.5,3.1,0.0,0.0087,0.0266,0.47,0.0039,20.0,10.0
2024-12-09,성북구,0.5,-4.2,5.7,0.0,0.0348,0.0077,0.72,0.0038,29.0,16.0
2024-12-10,성북구,2.0,-2.9,6.1,0.0,0.0352,0.0116,0.82,0.0035,37.0,25.0
2024-12-11,성북구,2.4,-0.7,7.0,0.0,0.0299,0.0144,0.87,0.0044,53.0,36.0
2024-12-12,성북구,0.5,-3.6,4.2,0.0,0.0238,0.0147,0.65,0.0039,36.0,20.0
2024-12-13,성북구,0.5,-1.8,4.1,0.0,0.0188,0.021,0.54,0.0034,23.0,13.0
2024-12-14,성북구,-1.2,-4.0,1.5,0.0,0.0137,0.024,0.48,0.0033,24.0,14.0
2024-12-15,성북구,0.6,-2.8,4.4,0.0,0.0132,0.0267,0.45,0.003,16.0,8.0
2024-12-16,성북구,-0.5,-3.8,3.3,0.0,0.0341,0.008,0.72,0.0034,28.0,15.0
2024-12-17,성북구,-1.1,-4.3,2.7,0.0,0.0247,0.0153,0.65,0.0033,22.0,12.0
2024-12-18,성북구,-3.9,-6.8,0.3,0.0,0.0148,0.0186,0.55,0.0041,26.0,14.0
2024-12-19,성북구,-2.1,-7.3,3.5,0.0,0.0338,0.0078,0.7,0.0043,51.0,28.0
2024-12-20,성북구,0.1,-2.6,3.9,0.0,0.0467,0.0033,0.8,0.0039,55.0,36.0
2024-12-21,성북구,-1.7,-5.4,1.3,3.0,0.0211,0.0179,0.63,0.0027,46.0,38.0
2024-12-22,성북구,-3.9,-8.5,0.2,0.0,0.0118,0.0261,0.31,0.0027,16.0,8.0
2024-12-23,성북구,-0.5,-5.9,5.5,0.0,0.0324,0.0136,0.6,0.0028,22.0,15.0
2024-12-24,성북구,-0.5,-3.4,3.7,0.0,0.0317,0.0139,0.56,0.0031,30.0,18.0
2024-12-25,성북구,1.9,-1.9,5.1,0.0,0.0371,0.011,0.63,0.003,30.0,21.0
2024-12-26,성북구,-0.5,-5.4,3.9,0.0,0.0142,0.0262,0.49,0.003,62.0,32.0
2024-12-27,성북구,-3.1,-6.8,1.3,0.0,0.0132,0.0283,0.36,0.003,26.0,11.0
2024-12-28,성북구,-3.4,-7.1,-0.4,0.0,0.0102,0.0283,0.36,0.0031,24.0,12.0
2024-12-29,성북구,0.2,-5.5,4.3,0.0,0.03,0.0137,0.6,0.003,22.0,14.0
2024-12-30,성북구,4.8,1.0,9.3,0.0,0.0353,0.0168,0.68,0.0033,50.0,31.0
2024-12-31,성북구,0.0,-2.0,4.5,0.0,0.0158,0.0265,0.38,0.0031,46.0,17.0
2024-01-01,용산구,,,,0.0,0.0301,0.0125,0.76,0.0026,21.0,15.0
2024-01-02,용산구,3.5,2.1,4.6,0.0,0.0219,0.0231,0.57,0.0024,40.0,27.0
2024-01-03,용산구,,,,0.5,0.0272,0.0195,0.54,0.0025,40.0,25.0
2024-01-04,용산구,,,,0.0,0.03,0.0155,0.65,0.0026,49.0,27.0
2024-01-05,용산구,,,,0.0,0.0344,0.0175,0.78,0.0025,78.0,42.0
2024-01-06,용산구,1.0,-2.0,5.0,1.5,0.0174,0.0221,0.45,0.0025,25.0,12.0
2024-01-07,용산구,-3.6,-7.5,-0.6,0.0,0.0104,0.024,0.46,0.0024,24.0,13.0
2024-01-08,용산구,-4.0,-9.3,-0.1,0.0,0.0279,0.0108,0.54,0.0026,23.0,11.0
2024-01-09,용산구,-0.2,-1.5,0.6,1.5,0.0414,0.0029,0.55,0.0025,24.0,15.0
2024-01-10,용산구,-0.3,-3.3,3.2,0.0,0.0398,0.0056,0.78,0.0027,59.0,45.0
2024-01-11,용산구,2.2,-1.7,5.3,0.0,0.039,0.0072,0.68,0.003,55.0,41.0
2024-01-12,용산구,2.0,0.1,5.0,0.0,0.0231,0.0206,0.61,0.003,55.0,32.0
2024-01-13,용산구,0.7,-3.0,6.0,0.0,0.0294,0.016,0.58,0.0031,28.0,13.0
2024-01-14,용산구,0.1,-2.5,3.4,3.0,0.0382,0.0069,0.79,0.0028,33.0,21.0
2024-01-15,용산구,-2.8,-5.8,0.7,0.0,0.0185,0.0219,0.45,0.0031,25.0,10.0
2024-01-16,용산구,-1.8,-6.5,3.8,0.0,0.0395,0.01,0.65,0.0033,32.0,16.0
2024-01-17,용산구,0.7,-2.4,1.9,9.5,0.0479,0.0019,0.78,0.0031,33.0,22.0
2024-01-18,용산구,4.9,1.6,9.9,1.0,0.0298,0.0121,0.62,0.0028,23.0,17.0
2024-01-19,용산구,5.8,4.4,9.4,0.0,0.0148,0.0289,0.39,0.0022,15.0,8.0
2024-01-20,용산구,3.7,2.1,5.3,0.5,0.0109,0.0296,0.32,0.002,5.0,2.0
2024-01-21,용산구,2.1,-2.0,4.2,0.0,0.0149,0.0234,0.4,0.002,11.0,7.0
2024-01-22,용산구,-8.2,-11.3,-2.0,0.0,0.0119,0.0249,0.42,0.0022,30.0,21.0
2024-01-23,용산구,-11.1,-13.3,-8.0,0.0,0.0099,0.0266,0.39,0.0027,23.0,12.0
2024-01-24,용산구,-7.3,-10.6,-3.5,0.0,0.0112,0.0267,0.42,0.0027,25.0,11.0
2024-01-25,용산구,-4.2,-8.4,-0.4,0.0,0.0189,0.0216,0.46,0.003,23.0,13.0
2024-01-26,용산구,-1.5,-7.0,4.0,0.0,0.0352,0.0141,0.62,0.0028,30.0,19.0
2024-01-27,용산구,-0.1,-4.3,4.4,0.0,0.033,0.0196,0.71,0.003,45.0,32.0
2024-01-28,용산구,,,,0.0,0.0246,0.0243,0.48,0.0026,28.0,19.0
2024-01-29,용산구,,,,0.0,0.0369,0.0168,0.65,0.0027,40.0,28.0
2024-01-30,용산구,0.9,-4.0,8.1,0.0,0.0504,0.0101,0.82,0.0028,55.0,40.0
2024-01-31,용산구,4.8,-0.1,10.7,0.0,0.0444,0.0163,0.73,0.0031,52.0,37.0
2024-02-01,용산구,2.9,-0.4,7.2,0.0,0.0305,0.0243,0.79,0.0029,78.0,59.0
2024-02-02,용산구,3.4,0.6,7.2,0.0,0.0337,0.0166,0.55,0.0027,39.0,28.0
2024-02-03,용산구,4.7,-1.2,8.7,0.0,0.0343,0.0127,0.53,0.0026,33.0,23.0
2024-02-04,용산구,7.5,3.2,11.6,0.0,0.0216,0.0208,0.41,0.0023,19.0,13.0
2024-02-05,용산구,2.8,0.1,7.0,3.5,0.0125,0.032,0.27,0.0019,6.0,3.0
2024-02-06,용산구,1.7,0.1,3.6,0.0,0.0232,0.0229,0.37,0.0019,14.0,8.0
2024-02-07,용산구,1.3,-0.2,3.4,0.0,0.0257,0.0203,0.58,0.0021,35.0,27.0
2024-02-08,용산구,0.9,-3.3,6.3,0.0,0.0366,0.0173,0.65,0.0027,39.0,30.0
2024-02-09,용산구,1.7,-3.0,6.2,0.0,,,,,,
2024-02-10,용산구,2.1,-2.4,7.5,0.0,,,,,,
2024-02-11,용산구,2.1,-1.7,6.0,0.0,0.022,0.032,0.62,0.0027,62.0,49.0
2024-02-12,용산구,3.5,-2.4,10.6,0.0,0.0284,0.0246,0.68,0.0028,65.0,50.0
2024-02-13,용산구,8.6,2.3,15.0,0.0,0.0373,0.0244,0.64,0.0029,68.0,42.0
2024-02-14,용산구,13.0,9.0,18.2,0.0,0.0399,0.0168,0.58,0.0029,51.0,29.0
2024-02-15,용산구,5.2,1.4,11.6,10.0,0.0146,0.0282,0.37,0.002,22.0,15.0
2024-02-16,용산구,3.1,-1.3,8.1,0.0,0.0305,0.0266,0.52,0.0029,34.0,22.0
2024-02-17,용산구,4.5,-1.0,11.2,0.0,0.0354,0.0181,0.61,0.0028,38.0,25.0
2024-02-18,용산구,6.5,2.0,9.7,15.0,0.0375,0.0087,0.61,0.0025,35.0,23.0
2024-02-19,용산구,,,,5.5,0.0274,0.0124,0.52,0.0023,11.0,6.0
2024-02-23,용산구,,,,1.0,0.0142,0.0347,0.28,0.0018,9.0,4.0
2024-02-24,용산구,2.7,-0.8,6.9,1.5,0.0127,0.0344,0.29,0.0019,14.0,7.0
2024-02-25,용산구,3.3,1.1,6.1,2.0,0.0136,0.0302,0.35,0.0018,13.0,8.0
2024-02-26,용산구,4.5,-1.2,10.2,0.0,0.0246,0.0234,0.46,0.0023,31.0,18.0
2024-02-27,용산구,5.8,1.8,10.9,0.0,0.0159,0.0351,0.3,0.0021,18.0,8.0
2024-02-28,용산구,7.2,4.2,10.6,0.0,0.0247,0.027,0.38,0.0025,34.0,15.0
2024-02-29,용산구,5.4,1.1,9.6,0.0,0.0295,0.0225,0.57,0.0027,55.0,33.0
2024-03-01,용산구,-3.4,-6.1,1.1,0.0,0.0078,0.0407,0.32,0.0022,39.0,11.0
2024-03-02,용산구,0.1,-7.3,4.4,0.0,0.0143,0.0375,0.33,0.0024,35.0,12.0
2024-03-03,용산구,4.9,1.4,8.7,0.0,0.0184,0.0406,0.61,0.0023,111.0,55.0
2024-03-04,용산구,6.0,-0.9,12.0,0.0,0.0403,0.0197,0.59,0.0029,74.0,36.0
2024-03-05,용산구,8.5,6.3,11.5,0.0,0.0281,0.031,0.43,0.0034,44.0,22.0
2024-03-06,용산구,6.7,2.8,11.4,0.0,0.0195,0.0343,0.34,0.0026,14.0,7.0
2024-03-07,용산구,4.9,2.7,9.1,0.0,0.0196,0.0342,0.36,0.0023,32.0,19.0
2024-03-08,용산구,,,,0.0,0.0147,0.0413,0.44,0.0025,46.0,23.0
2024-03-09,용산구,,,,0.0,0.0156,0.0358,0.39,0.0023,35.0,18.0
2024-03-10,용산구,5.0,-1.3,10.7,0.0,0.0245,0.0306,0.43,0.0025,31.0,17.0
2024-03-11,용산구,7.0,3.0,11.5,0.0,0.036,0.024,0.44,0.0028,32.0,17.0
2024-03-12,용산구,7.1,5.5,10.6,2.0,0.0349,0.0224,0.57,0.0024,28.0,17.0
2024-03-13,용산구,7.0,1.0,12.1,0.0,0.0257,0.038,0.47,0.0028,44.0,25.0
2024-03-14,용산구,8.9,3.2,15.8,0.0,0.0261,0.0435,0.45,0.0029,56.0,33.0
2024-03-15,용산구,9.1,3.2,15.0,0.0,0.0293,0.035,0.42,0.0029,42.0,25.0
2024-03-16,용산구,11.1,4.4,18.9,0.0,0.0311,0.0332,0.5,0.0031,46.0,27.0
2024-03-17,용산구,9.3,6.1,12.3,0.0,0.0114,0.043,0.34,0.0024,109.0,21.0
2024-03-18,용산구,7.8,1.9,13.6,0.0,0.023,0.0295,0.35,0.0027,24.0,8.0
2024-03-19,용산구,7.3,4.8,11.2,0.0,0.0189,0.0377,0.39,0.0025,50.0,24.0
2024-03-20,용산구,5.2,2.3,8.7,0.0,0.0131,0.0382,0.37,0.002,41.0,24.0
2024-03-21,용산구,5.7,1.0,11.2,0.0,0.0247,0.0337,0.4,0.0026,37.0,21.0
2024-03-22,용산구,10.9,4.7,16.0,4.0,0.0293,0.0334,0.41,0.0027,44.0,18.0
2024-03-23,용산구,13.4,9.9,18.4,0.5,0.0167,0.0481,0.42,0.0021,60.0,25.0
2024-03-24,용산구,16.4,9.5,23.8,0.0,0.0187,0.0393,0.4,0.0022,35.0,16.0
2024-03-25,용산구,11.2,7.3,14.9,5.0,0.0167,0.0355,0.3,0.002,19.0,7.0
2024-03-26,용산구,,,,13.5,0.015,0.0364,0.29,0.0018,7.0,3.0
2024-03-27,용산구,,,,0.0,0.0287,0.0246,0.42,0.0024,23.0,13.0
2024-03-28,용산구,10.9,8.9,12.3,1.5,0.032,0.0185,0.47,0.0027,20.0,12.0
2024-03-29,용산구,8.5,6.1,13.0,2.5,0.0218,0.0313,0.43,0.0022,249.0,40.0
2024-03-30,용산구,9.5,2.7,16.3,0.0,0.0264,0.0307,0.44,0.0024,102.0,22.0
2024-03-31,용산구,11.1,3.3,17.7,0.0,0.0165,0.0363,0.39,0.0023,46.0,12.0
2024-04-01,용산구,12.4,5.7,19.0,0.0,0.0306,0.0292,0.45,0.0026,47.0,15.0
2024-04-02,용산구,15.1,7.7,23.9,0.0,0.0458,0.0259,0.54,0.0033,54.0,23.0
2024-04-03,용산구,16.6,13.6,19.2,0.0,0.043,0.0234,0.52,0.0031,45.0,22.0
2024-04-04,용산구,16.0,13.5,21.4,0.0,0.0166,0.0424,0.35,0.0025,32.0,14.0
2024-04-05,용산구,14.5,11.5,18.7,0.0,0.0188,0.0444,0.36,0.0025,44.0,20.0
2024-04-06,용산구,13.6,8.8,19.6,0.0,0.0364,0.0353,0.6,0.0033,70.0,39.0
2024-04-07,용산구,14.9,7.2,24.1,0.0,0.0338,0.0429,0.62,0.0034,62.0,36.0
2024-04-08,용산구,16.4,10.8,22.6,0.0,0.0431,0.0312,0.59,0.0031,59.0,28.0
2024-04-09,용산구,15.8,11.3,21.4,0.0,0.0178,0.0416,0.37,0.0025,42.0,18.0
2024-04-10,용산구,14.4,11.1,18.8,0.0,0.0146,0.0447,0.34,0.0025,45.0,18.0
2024-04-11,용산구,16.1,12.8,22.1,0.0,0.0245,0.0383,0.44,0.0027,50.0,23.0
2024-04-12,용산구,17.6,11.4,24.2,0.0,0.034,0.0314,0.51,0.0033,52.0,26.0
2024-04-13,용산구,19.3,11.4,27.6,0.0,0.026,0.0326,0.45,0.0028,45.0,21.0
2024-04-14,용산구,20.8,12.6,29.1,0.0,0.0258,0.0411,0.56,0.0037,48.0,25.0
2024-04-15,용산구,16.2,11.7,20.5,14.5,0.0196,0.032,0.36,0.0032,22.0,11.0
2024-04-16,용산구,13.9,11.6,18.4,2.0,0.0196,0.037,0.49,0.0026,83.0,24.0
2024-04-17,용산구,15.7,10.0,22.9,0.0,0.0289,0.024,0.59,0.0028,149.0,43.0
2024-04-18,용산구,17.7,11.4,25.9,0.0,0.0333,0.0277,0.57,0.0033,128.0,29.0
2024-04-19,용산구,18.0,11.7,24.3,0.0,0.0312,0.0549,0.51,0.0042,102.0,29.0
2024-04-20,용산구,15.4,13.4,18.4,4.5,0.0267,0.0355,0.54,0.0029,67.0,25.0
2024-04-21,용산구,17.7,13.8,21.2,0.0,0.0072,0.0426,0.29,0.0021,16.0,6.0
2024-04-22,용산구,19.5,15.6,26.1,0.0,0.0113,0.0479,0.29,0.0022,33.0,15.0
2024-04-23,용산구,17.6,13.9,24.3,0.0,0.0106,0.046,0.28,0.002,22.0,11.0
2024-04-24,용산구,13.5,11.3,17.2,13.0,0.0138,0.031,0.31,0.002,12.0,4.0
2024-04-25,용산구,14.9,10.6,21.5,0.0,0.0202,0.0473,0.41,0.0021,30.0,17.0
2024-04-26,용산구,18.4,11.7,26.4,0.0,0.0341,0.0351,0.55,0.0028,71.0,24.0
2024-04-27,용산구,18.8,11.4,26.5,0.0,0.0279,0.0426,0.56,0.0032,53.0,24.0
2024-04-28,용산구,20.7,12.5,29.2,0.0,0.0292,0.0472,0.56,0.0033,41.0,20.0
2024-04-29,용산구,21.4,18.0,26.3,0.0,0.017,0.0509,0.35,0.0025,44.0,19.0
2024-04-30,용산구,18.7,16.5,22.3,0.0,0.0233,0.0421,0.48,0.0037,57.0,30.0
2024-05-01,용산구,19.0,14.8,24.9,0.0,0.0121,0.0465,0.31,0.0023,26.0,15.0
2024-05-02,용산구,18.9,13.2,24.1,0.0,0.026,0.0378,0.4,0.0027,37.0,20.0
2024-05-03,용산구,20.1,12.9,28.5,0.0,0.0346,0.0422,0.38,0.0035,51.0,27.0
2024-05-04,용산구,21.5,14.4,28.4,0.0,0.036,0.0571,0.33,0.0041,61.0,36.0
2024-05-05,용산구,18.1,16.0,21.5,32.0,0.0141,0.0257,0.22,0.0024,27.0,18.0
2024-05-06,용산구,14.4,13.6,16.0,10.5,0.0105,0.0383,0.28,0.0021,11.0,7.0
2024-05-07,용산구,13.8,12.3,15.8,1.0,0.0124,0.0307,0.33,0.002,23.0,13.0
2024-05-08,용산구,15.6,9.6,22.1,0.0,0.0151,0.0326,0.3,0.002,23.0,11.0
2024-05-09,용산구,16.7,11.7,22.2,0.0,0.021,0.0415,0.35,0.0027,33.0,17.0
2024-05-10,용산구,18.5,12.7,25.0,0.0,0.0184,0.0478,0.36,0.0029,33.0,17.0
2024-05-11,용산구,17.6,14.3,23.1,22.0,0.0116,0.0383,0.28,0.0024,22.0,8.0
2024-05-12,용산구,17.3,12.1,22.2,0.0,0.011,0.0389,0.32,0.0022,79.0,16.0
2024-05-13,용산구,18.9,11.5,25.3,0.0,0.0219,0.0376,0.41,0.0025,37.0,16.0
2024-05-14,용산구,19.4,12.8,25.2,0.0,0.027,0.0417,0.38,0.0029,33.0,17.0
2024-05-15,용산구,13.0,7.9,18.5,20.0,0.0189,0.037,0.34,0.0028,28.0,10.0
2024-05-16,용산구,14.6,8.1,20.6,0.5,0.0118,0.0393,0.3,0.0026,19.0,7.0
2024-05-17,용산구,19.1,11.6,26.0,0.0,0.0219,0.0531,0.44,0.0033,45.0,20.0
2024-05-18,용산구,21.1,15.9,26.9,0.0,0.0216,0.0362,0.39,0.0028,30.0,13.0
2024-05-19,용산구,22.0,16.3,27.9,0.0,0.0144,0.0402,0.34,0.0027,28.0,14.0
2024-05-20,용산구,20.2,17.8,23.3,0.0,0.0171,0.0292,0.3,0.0032,33.0,17.0
2024-05-21,용산구,22.1,17.4,29.2,0.0,0.0207,0.0399,0.38,0.0026,42.0,23.0
2024-05-22,용산구,21.3,17.1,26.5,0.0,0.0229,0.0412,0.48,0.0038,54.0,32.0
2024-05-23,용산구,21.0,16.9,26.9,0.0,0.0231,0.0343,0.36,0.004,36.0,19.0
2024-05-24,용산구,20.8,16.6,25.1,0.0,0.0171,0.0306,0.36,0.0025,40.0,24.0
2024-05-25,용산구,22.0,20.1,24.5,0.0,0.0157,0.0377,0.32,0.0025,35.0,17.0
2024-05-26,용산구,20.1,17.6,23.9,7.5,0.0101,0.0387,0.31,0.0024,26.0,13.0
2024-05-27,용산구,19.4,15.5,23.6,0.0,0.012,0.0416,0.39,0.0024,30.0,10.0
2024-05-28,용산구,21.1,15.0,27.0,0.0,0.0176,0.0323,0.3,0.0023,21.0,9.0
2024-05-29,용산구,22.0,15.9,27.7,0.0,0.0279,0.0315,0.39,0.0031,28.0,15.0
2024-05-30,용산구,21.6,17.4,25.1,0.0,0.0383,0.0323,0.48,0.0033,33.0,17.0
2024-05-31,용산구,21.0,17.9,26.1,0.0,0.0199,0.0459,0.36,0.0031,26.0,13.0
2024-06-01,용산구,21.3,18.0,26.1,0.0,0.0124,0.0435,0.34,0.0025,31.0,15.0
2024-06-02,용산구,21.5,17.7,27.0,0.0,0.0116,0.0474,0.31,0.0027,25.0,11.0
2024-06-03,용산구,22.8,17.3,29.6,0.0,0.0167,0.0343,0.27,0.0022,15.0,7.0
2024-06-04,용산구,23.7,18.1,29.6,0.0,0.0173,0.0383,0.28,0.0023,20.0,9.0
2024-06-05,용산구,24.2,18.5,30.2,0.0,0.0326,0.0418,0.45,0.0033,41.0,23.0
2024-06-06,용산구,24.5,20.7,31.2,0.0,0.0251,0.0525,0.44,0.0035,45.0,29.0
2024-06-07,용산구,23.3,19.1,28.3,0.0,0.0225,0.0517,0.36,0.0033,32.0,20.0
2024-06-08,용산구,20.9,17.9,25.4,19.0,0.0164,0.0348,0.35,0.0024,25.0,16.0
2024-06-09,용산구,23.4,18.5,29.1,0.0,0.016,0.0446,0.41,0.0029,31.0,18.0
2024-06-10,용산구,25.0,20.0,31.5,0.0,0.0219,0.0524,0.48,0.0033,48.0,28.0
2024-06-11,용산구,25.7,22.3,31.8,0.0,0.015,0.0721,0.48,0.0028,67.0,40.0
2024-06-12,용산구,25.6,20.2,32.0,0.0,0.0223,0.0554,0.39,0.0034,34.0,17.0
2024-06-13,용산구,27.0,21.0,33.0,0.0,0.0286,0.0412,0.4,0.0036,36.0,18.0
2024-06-14,용산구,26.8,22.2,33.5,0.0,0.029,0.0393,0.42,0.0046,38.0,22.0
2024-06-15,용산구,24.5,21.5,28.2,7.0,0.0158,0.0242,0.33,0.0034,30.0,18.0
2024-06-16,용산구,24.8,20.8,29.7,0.0,0.0115,0.0438,0.34,0.0028,26.0,14.0
2024-06-17,용산구,25.1,18.8,30.3,0.0,0.0215,0.0481,0.35,0.0031,24.0,13.0
2024-06-18,용산구,26.3,21.7,32.5,0.0,0.0223,0.0477,0.34,0.0032,29.0,16.0
2024-06-19,용산구,28.9,22.1,35.4,0.0,0.0278,0.0737,0.45,0.0038,47.0,28.0
2024-06-20,용산구,29.3,23.6,35.0,0.0,0.0262,0.0755,0.46,0.0045,46.0,31.0
2024-06-21,용산구,28.2,23.4,32.9,0.0,0.0293,0.0558,0.44,0.005,41.0,24.0
2024-06-22,용산구,24.5,22.4,26.9,20.5,0.0238,0.0283,0.48,0.0036,33.0,23.0
2024-06-23,용산구,25.2,22.2,29.9,6.5,0.0093,0.0323,0.32,0.0024,18.0,10.0
2024-06-24,용산구,24.8,22.0,28.3,0.5,0.0127,0.0515,0.37,0.0025,61.0,20.0
2024-06-25,용산구,23.4,20.9,26.7,0.0,0.0126,0.0451,0.31,0.0026,20.0,8.0
2024-06-26,용산구,25.4,19.5,31.3,0.0,0.0208,0.0483,0.36,0.0025,28.0,14.0
2024-06-27,용산구,26.3,20.8,30.7,0.0,0.0311,0.0449,0.41,0.0028,31.0,16.0
2024-06-28,용산구,26.9,21.5,32.2,0.0,0.0288,0.067,0.46,0.0029,43.0,27.0
2024-06-29,용산구,26.9,22.8,32.3,31.0,0.0202,0.0529,0.4,0.0027,33.0,23.0
2024-06-30,용산구,24.1,22.6,26.0,26.5,0.0075,0.0371,0.28,0.0027,21.0,12.0
2024-07-01,용산구,26.9,22.6,32.2,0.0,0.0139,0.0569,0.34,0.0027,28.0,17.0
2024-07-02,용산구,23.7,21.7,26.2,57.5,0.0227,0.0221,0.37,0.0029,18.0,10.0
2024-07-03,용산구,25.2,23.7,26.3,1.0,0.0109,0.0494,0.4,0.0027,28.0,17.0
2024-07-04,용산구,27.2,23.5,31.2,3.0,0.0126,0.0693,0.46,0.0028,42.0,35.0
2024-07-05,용산구,23.9,21.5,26.5,3.5,0.0139,0.0558,0.41,0.0027,19.0,10.0
2024-07-06,용산구,25.8,22.3,30.7,5.5,0.0181,0.0349,0.39,0.0029,30.0,19.0
2024-07-07,용산구,24.6,22.1,28.6,20.5,0.0118,0.0488,0.42,0.0028,24.0,15.0
2024-07-08,용산구,24.1,23.3,25.2,17.0,0.0162,0.0306,0.3,0.0029,12.0,7.0
2024-07-09,용산구,24.6,22.9,26.5,0.5,0.0197,0.0288,0.32,0.0032,16.0,9.0
2024-07-10,용산구,27.1,22.7,32.5,4.5,0.0201,0.0336,0.32,0.0029,14.0,7.0
2024-07-11,용산구,26.0,23.9,29.0,0.0,0.0215,0.0458,0.48,0.0026,38.0,29.0
2024-07-12,용산구,26.4,22.8,30.9,0.0,0.0248,0.0429,0.53,0.0027,39.0,29.0
2024-07-13,용산구,28.7,23.8,33.5,0.0,0.0244,0.0528,0.6,0.0027,54.0,44.0
2024-07-14,용산구,29.1,25.7,33.9,0.0,0.0122,0.0443,0.38,0.0025,32.0,25.0
2024-07-15,용산구,29.1,25.3,33.0,0.0,0.0218,0.0351,0.3,0.0025,12.0,7.0
2024-07-16,용산구,27.4,24.6,31.5,14.5,0.0203,0.0285,0.32,0.0025,14.0,8.0
2024-07-17,용산구,26.5,24.1,29.6,37.5,0.0143,0.0145,0.26,0.0025,12.0,6.0
2024-07-18,용산구,24.8,23.4,27.1,117.5,0.0199,0.0183,0.28,0.0024,9.0,4.0
2024-07-19,용산구,27.5,24.4,31.8,0.5,0.0147,0.0439,0.33,0.0025,25.0,20.0
2024-07-20,용산구,27.7,25.4,31.2,15.0,0.0136,0.0371,0.29,0.0025,18.0,10.0
2024-07-21,용산구,27.4,23.1,31.2,3.5,0.0089,0.0447,0.25,0.0023,20.0,11.0
2024-07-22,용산구,27.4,24.9,29.1,33.0,0.0129,0.0136,0.22,0.0024,15.0,8.0
2024-07-23,용산구,27.1,26.2,28.3,1.5,0.0115,0.0164,0.2,0.0023,12.0,6.0
2024-07-24,용산구,28.6,26.0,31.8,10.5,0.0139,0.0143,0.24,0.0024,15.0,8.0
2024-07-25,용산구,29.5,25.5,33.9,20.5,0.0147,0.0236,0.24,0.0025,21.0,11.0
2024-07-26,용산구,28.8,25.3,33.7,10.0,0.0186,0.018,0.25,0.0025,17.0,9.0
2024-07-27,용산구,28.9,27.5,32.4,15.0,0.0146,0.0144,0.25,0.0025,17.0,9.0
2024-07-28,용산구,29.9,27.5,33.5,0.0,0.009,0.0135,0.21,0.0026,17.0,7.0
2024-07-29,용산구,28.1,27.3,28.9,0.0,0.0102,0.0183,0.18,0.0023,22.0,9.0
2024-07-30,용산구,29.3,26.9,32.9,0.0,0.0127,0.0381,0.23,0.0023,27.0,14.0
2024-07-31,용산구,30.0,27.5,34.1,0.0,0.0122,0.0247,0.2,0.0024,18.0,10.0
2024-08-01,용산구,30.5,28.2,34.0,0.0,0.0118,0.0259,0.23,0.0023,22.0,13.0
2024-08-02,용산구,30.3,28.8,33.9,0.0,0.0128,0.0331,0.29,0.0021,27.0,21.0
2024-08-03,용산구,31.2,28.0,36.1,0.0,0.0138,0.0467,0.42,0.002,36.0,32.0
2024-08-04,용산구,32.2,27.7,36.2,0.0,0.0208,0.0455,0.48,0.0024,33.0,28.0
2024-08-05,용산구,30.6,27.2,34.4,10.5,0.0229,0.0384,0.41,0.0023,31.0,28.0
2024-08-06,용산구,29.6,26.0,34.0,0.5,0.0241,0.0325,0.35,0.0023,17.0,11.0
2024-08-07,용산구,29.9,25.5,34.6,12.5,0.0221,0.0256,0.33,0.0024,21.0,14.0
2024-08-08,용산구,29.0,26.6,32.4,0.0,0.0218,0.0208,0.31,0.0025,22.0,15.0
2024-08-09,용산구,29.9,26.0,34.2,0.0,0.0243,0.0347,0.38,0.0027,30.0,24.0
2024-08-10,용산구,30.8,27.0,34.7,0.0,0.0286,0.039,0.43,0.0027,36.0,28.0
2024-08-11,용산구,31.2,28.0,34.3,0.0,0.0163,0.0416,0.35,0.0024,32.0,27.0
2024-08-12,용산구,31.5,28.5,35.4,0.0,0.0222,0.0378,0.38,0.0026,32.0,25.0
2024-08-13,용산구,30.9,27.9,37.2,23.0,0.0292,0.0317,0.38,0.0026,29.0,21.0
2024-08-14,용산구,30.7,28.2,36.7,0.0,0.0293,0.0367,0.39,0.0027,26.0,21.0
2024-08-15,용산구,30.2,27.1,35.5,1.0,0.0191,0.0379,0.35,0.0024,27.0,19.0
2024-08-16,용산구,31.0,28.0,36.2,0.0,0.0247,0.0351,0.36,0.0026,24.0,17.0
2024-08-17,용산구,30.5,28.3,35.2,0.5,0.0188,0.0423,0.37,0.0022,23.0,15.0
2024-08-18,용산구,30.5,28.2,34.6,0.0,0.0136,0.0429,0.36,0.0022,22.0,17.0
2024-08-19,용산구,31.1,27.2,36.7,0.0,0.0271,0.0411,0.43,0.0024,28.0,18.0
2024-08-20,용산구,32.6,28.3,37.3,0.0,0.0318,0.0271,0.37,0.0027,29.0,21.0
2024-08-21,용산구,29.0,27.2,32.0,25.5,0.0123,0.0167,0.23,0.0019,13.0,7.0
2024-08-22,용산구,29.2,27.7,31.1,2.5,0.0105,0.0235,0.23,0.002,17.0,8.0
2024-08-23,용산구,28.9,26.5,32.6,0.0,0.0131,0.0601,0.39,0.002,31.0,24.0
2024-08-24,용산구,28.0,25.8,31.5,10.5,0.0237,0.044,0.56,0.0022,43.0,40.0
2024-08-25,용산구,28.8,25.2,33.0,0.0,0.0184,0.0456,0.57,0.0024,44.0,41.0
2024-08-26,용산구,28.4,26.2,31.9,0.0,0.0333,0.0274,0.6,0.0024,42.0,34.0
2024-08-27,용산구,27.8,26.0,31.7,0.0,0.0259,0.0212,0.4,0.0024,25.0,14.0
2024-08-28,용산구,29.1,24.3,35.2,0.0,0.0241,0.033,0.33,0.0022,16.0,8.0
2024-08-29,용산구,29.0,24.6,34.4,0.0,0.022,0.0301,0.29,0.0021,11.0,4.0
2024-08-30,용산구,29.0,24.7,34.0,0.0,0.0155,0.0334,0.32,0.002,16.0,7.0
2024-08-31,용산구,28.4,24.4,33.8,0.0,0.0156,0.05,0.42,0.0023,41.0,22.0
2024-09-01,용산구,27.8,25.6,32.3,0.0,0.0136,0.0444,0.45,0.0023,35.0,26.0
2024-09-02,용산구,25.5,23.0,27.9,1.5,0.0254,0.0238,0.41,0.0024,23.0,14.0
2024-09-03,용산구,27.7,24.0,32.9,0.0,0.0244,0.0306,0.32,0.0021,14.0,5.0
2024-09-04,용산구,28.5,24.3,33.6,0.0,0.0226,0.0435,0.38,0.0025,22.0,10.0
2024-09-05,용산구,26.8,25.5,29.5,14.5,0.017,0.0374,0.36,0.0024,26.0,14.0
2024-09-06,용산구,24.3,22.9,25.7,1.5,0.0227,0.0195,0.4,0.002,16.0,8.0
2024-09-07,용산구,26.7,23.0,31.1,0.0,0.0176,0.0442,0.42,0.002,26.0,16.0
2024-09-08,용산구,27.3,23.5,31.5,0.0,0.0176,0.0516,0.49,0.0021,33.0,26.0
2024-09-09,용산구,28.7,24.6,32.8,0.0,0.0243,0.0413,0.48,0.0023,33.0,22.0
2024-09-10,용산구,29.7,26.0,33.7,0.0,0.0274,0.0407,0.5,0.0025,35.0,24.0
2024-09-11,용산구,29.3,26.0,35.0,0.0,0.0315,0.0398,0.49,0.0025,38.0,27.0
2024-09-12,용산구,25.7,25.1,27.7,35.0,0.0231,0.01,0.38,0.0023,10.0,6.0
2024-09-13,용산구,26.5,24.6,28.4,16.0,0.0162,0.0092,0.3,0.0023,16.0,9.0
2024-09-14,용산구,28.5,25.7,32.7,0.0,0.0148,0.021,0.35,0.0022,16.0,8.0
2024-09-15,용산구,27.9,24.6,32.7,0.0,0.0105,0.0187,0.31,0.002,14.0,8.0
2024-09-16,용산구,27.1,21.2,33.0,22.0,0.0104,0.0296,0.28,0.0018,8.0,4.0
2024-09-17,용산구,29.3,26.5,34.1,0.0,0.0145,0.0203,0.35,0.002,16.0,8.0
2024-09-18,용산구,30.2,27.1,33.9,0.0,0.0136,0.0207,0.36,0.002,21.0,14.0
2024-09-19,용산구,29.8,26.6,33.3,0.0,0.0184,0.0285,0.32,0.0024,21.0,16.0
2024-09-20,용산구,25.5,18.0,29.4,48.5,0.02,0.009,0.31,0.0021,14.0,10.0
2024-09-21,용산구,19.8,17.3,22.6,17.0,0.0107,0.0275,0.25,0.0017,5.0,2.0
2024-09-22,용산구,21.8,18.5,27.1,0.0,0.0073,0.0251,0.25,0.0016,5.0,2.0
2024-09-23,용산구,21.3,17.8,26.7,0.0,0.0143,0.028,0.26,0.0016,9.0,3.0
2024-09-24,용산구,21.3,16.7,27.7,0.0,0.0257,0.0287,0.33,0.0018,14.0,5.0
2024-09-25,용산구,23.7,19.5,28.2,0.0,0.0258,0.0271,0.37,0.0022,19.0,9.0
2024-09-26,용산구,24.3,22.3,27.8,0.0,0.0257,0.0328,0.39,0.0024,22.0,12.0
2024-09-27,용산구,23.9,19.9,29.5,0.0,0.0223,0.0264,0.35,0.0021,17.0,10.0
2024-09-28,용산구,23.8,20.8,28.2,0.0,0.0105,0.038,0.28,0.0017,13.0,6.0
2024-09-29,용산구,24.0,19.7,29.7,0.0,0.0134,0.0347,0.28,0.0017,10.0,4.0
2024-09-30,용산구,23.7,19.3,28.6,0.0,0.0239,0.0292,0.34,0.0021,16.0,7.0
2024-10-01,용산구,19.3,15.1,22.9,2.0,0.0164,0.0283,0.31,0.0019,16.0,7.0
2024-10-02,용산구,15.8,13.3,20.0,0.0,0.0112,0.0299,0.31,0.0018,17.0,7.0
2024-10-03,용산구,16.6,11.7,21.9,0.0,0.0173,0.0232,0.31,0.0018,17.0,7.0
2024-10-04,용산구,18.1,12.8,24.3,0.0,0.0203,0.0238,0.34,0.002,18.0,8.0
2024-10-05,용산구,17.9,13.3,24.2,0.0,0.0271,0.0257,0.43,0.0022,27.0,14.0
2024-10-06,용산구,16.3,13.6,18.4,0.0,0.0275,0.0123,0.5,0.0022,24.0,14.0
2024-10-07,용산구,17.6,14.8,21.0,0.0,0.0277,0.0213,0.55,0.0026,41.0,23.0
2024-10-08,용산구,18.3,13.6,24.8,0.0,0.0248,0.0182,0.51,0.0026,37.0,22.0
2024-10-09,용산구,19.2,15.0,24.1,0.0,0.0173,0.0273,0.33,0.0019,16.0,7.0
2024-10-10,용산구,19.5,16.7,23.9,0.0,0.0227,0.0281,0.36,0.0024,22.0,11.0
2024-10-11,용산구,19.0,14.8,24.1,0.0,0.029,0.0318,0.45,0.0026,34.0,21.0
2024-10-12,용산구,18.6,13.9,24.8,0.0,0.0337,0.0282,0.56,0.0026,42.0,26.0
2024-10-13,용산구,18.6,13.9,23.2,0.0,0.0229,0.0243,0.46,0.0023,30.0,18.0
2024-10-14,용산구,19.9,17.9,22.0,0.0,0.0259,0.0167,0.37,0.0022,21.0,12.0
2024-10-15,용산구,19.7,17.8,22.2,1.0,0.0283,0.0118,0.44,0.0023,22.0,14.0
2024-10-16,용산구,18.7,14.9,24.1,0.0,0.0302,0.0213,0.58,0.0024,39.0,24.0
2024-10-17,용산구,19.6,15.0,26.2,0.0,0.0372,0.0177,0.54,0.0027,39.0,23.0
2024-10-18,용산구,18.0,16.6,19.3,42.5,0.0265,0.0113,0.43,0.0022,23.0,12.0
2024-10-19,용산구,17.1,13.3,20.8,0.5,0.0097,0.0273,0.3,0.0019,7.0,3.0
2024-10-20,용산구,14.1,11.6,18.4,0.0,0.0061,0.0307,0.23,0.0016,13.0,3.0
2024-10-21,용산구,15.4,10.7,19.8,0.0,0.0223,0.0178,0.33,0.0017,18.0,6.0
2024-10-22,용산구,15.8,15.1,17.0,17.0,0.0292,0.0058,0.43,0.0021,13.0,6.0
2024-10-23,용산구,13.7,11.1,16.1,1.0,0.0124,0.0291,0.36,0.0018,16.0,6.0
2024-10-24,용산구,12.9,7.6,18.6,0.0,0.0265,0.0205,0.49,0.0021,31.0,17.0
2024-10-25,용산구,15.0,9.8,21.7,0.0,0.0355,0.0111,0.55,0.0024,30.0,16.0
2024-10-26,용산구,16.7,11.5,24.4,0.0,0.0317,0.0135,0.5,0.0025,25.0,12.0
2024-10-27,용산구,16.7,14.2,19.1,0.0,0.0228,0.0215,0.44,0.0025,29.0,17.0
2024-10-28,용산구,16.5,12.8,21.2,0.0,0.0183,0.0189,0.46,0.0022,30.0,19.0
2024-10-29,용산구,15.7,13.7,19.2,0.0,0.0244,0.0182,0.39,0.002,17.0,8.0
2024-10-30,용산구,15.8,11.4,21.4,0.0,0.03,0.02,0.54,0.0029,30.0,17.0
2024-10-31,용산구,16.0,11.5,22.5,0.0,0.0396,0.0159,0.6,0.0027,37.0,22.0
2024-11-01,용산구,15.8,13.3,19.2,0.0,0.0477,0.0093,0.66,0.0031,40.0,23.0
2024-11-02,용산구,18.0,11.6,24.9,0.0,0.0234,0.0251,0.47,0.0027,35.0,21.0
2024-11-03,용산구,18.0,13.4,23.5,0.0,0.0143,0.0322,0.38,0.0023,27.0,15.0
2024-11-04,용산구,15.7,10.5,19.1,0.0,0.0164,0.0317,0.35,0.0022,27.0,13.0
2024-11-05,용산구,10.5,8.0,15.2,0.0,0.018,0.0203,0.36,0.0025,30.0,10.0
2024-11-06,용산구,8.5,5.4,12.5,0.0,0.019,0.0223,0.4,0.0028,28.0,12.0
2024-11-07,용산구,8.2,2.8,14.7,0.0,0.0371,0.0143,0.56,0.0028,43.0,22.0
2024-11-08,용산구,10.1,4.1,17.8,0.0,0.0456,0.0125,0.65,0.0028,38.0,24.0
2024-11-09,용산구,12.5,7.1,20.3,0.0,0.0442,0.0139,0.64,0.0029,37.0,20.0
2024-11-10,용산구,14.7,10.5,20.5,0.0,0.0305,0.0187,0.51,0.0026,27.0,16.0
2024-11-11,용산구,14.9,9.3,21.4,0.0,0.038,0.0221,0.66,0.0033,57.0,30.0
2024-11-12,용산구,14.9,10.8,18.7,0.0,0.0237,0.0272,0.49,0.0029,40.0,23.0
2024-11-13,용산구,14.0,8.9,20.5,0.0,0.0384,0.016,0.6,0.0028,44.0,22.0
2024-11-14,용산구,15.4,13.7,17.2,0.0,0.038,0.011,0.49,0.0027,36.0,16.0
2024-11-15,용산구,17.1,14.2,21.4,0.0,0.0288,0.0164,0.44,0.0024,29.0,16.0
2024-11-16,용산구,17.6,15.3,22.5,4.5,0.0195,0.0264,0.39,0.0024,23.0,13.0
2024-11-17,용산구,7.9,3.5,15.2,0.0,0.0069,0.0269,0.33,0.0022,21.0,8.0
2024-11-18,용산구,3.8,1.1,7.5,0.0,0.0118,0.0235,0.29,0.002,19.0,7.0
2024-11-19,용산구,6.3,1.7,10.6,0.0,0.0303,0.013,0.37,0.002,27.0,12.0
2024-11-20,용산구,7.0,2.7,10.4,0.0,0.0453,0.0046,0.6,0.003,38.0,22.0
2024-11-21,용산구,10.2,6.0,14.1,0.0,0.0375,0.0107,0.68,0.0033,49.0,34.0
2024-11-22,용산구,7.3,3.9,10.7,0.0,0.0161,0.0237,0.43,0.003,36.0,19.0
2024-11-23,용산구,6.4,1.6,12.5,0.0,0.0282,0.0133,0.5,0.003,28.0,13.0
2024-11-24,용산구,7.6,3.0,13.4,0.0,0.0272,0.0142,0.43,0.0025,18.0,9.0
2024-11-25,용산구,10.6,4.2,15.8,0.0,0.0296,0.0143,0.43,0.0024,23.0,12.0
2024-11-26,용산구,6.4,1.8,13.2,24.0,0.0143,0.0217,0.32,0.0018,11.0,4.0
2024-11-27,용산구,0.0,-0.8,2.6,3.5,0.0181,0.02,0.32,0.0014,10.0,6.0
2024-11-29,용산구,,-0.4,4.0,0.0,0.0302,0.011,0.5,0.0021,33.0,18.0
2024-11-30,용산구,3.3,-1.1,6.8,0.0,0.0369,0.0065,0.58,0.0024,26.0,15.0
2024-12-01,용산구,5.9,1.9,9.6,0.5,0.0317,0.0061,0.62,0.0023,29.0,21.0
2024-12-02,용산구,7.5,2.0,13.9,0.0,0.0335,0.0129,0.66,0.0029,41.0,26.0
2024-12-03,용산구,2.2,-0.6,5.0,0.0,0.0155,0.0224,0.35,0.002,17.0,6.0
2024-12-04,용산구,3.4,-0.6,6.4,0.0,0.0246,0.0182,0.4,0.0025,21.0,10.0
2024-12-05,용산구,4.1,-0.3,8.7,2.0,0.0278,0.0167,0.44,0.0023,22.0,10.0
2024-12-06,용산구,2.7,0.1,5.4,0.0,0.0156,0.0228,0.38,0.0022,26.0,8.0
2024-12-07,용산구,0.6,-1.6,4.4,0.0,0.0165,0.0211,0.43,0.002,23.0,11.0
2024-12-08,용산구,0.1,-2.7,3.5,0.0,0.0126,0.0231,0.41,0.0019,23.0,11.0
2024-12-09,용산구,1.1,-3.2,6.2,0.0,0.0358,0.01,0.56,0.0027,33.0,16.0
2024-12-10,용산구,2.7,-2.4,6.8,0.0,0.0357,0.0134,0.66,0.0029,40.0,24.0
2024-12-11,용산구,3.3,0.4,7.2,0.0,0.0363,0.0126,0.81,0.0041,62.0,38.0
2024-12-12,용산구,1.2,-2.3,4.2,0.0,0.0282,0.0128,0.56,0.0041,42.0,23.0
2024-12-13,용산구,1.6,-0.6,4.5,0.0,0.0241,0.018,0.44,0.0031,28.0,16.0
2024-12-14,용산구,0.0,-2.2,2.3,0.0,0.0182,0.0209,0.45,0.0022,30.0,15.0
2024-12-15,용산구,1.6,-1.1,5.5,0.0,0.0176,0.0234,0.37,0.0023,20.0,8.0
2024-12-16,용산구,-0.1,-4.0,4.0,0.0,0.0396,0.0068,0.54,0.0025,28.0,15.0
2024-12-17,용산구,-0.6,-3.7,3.3,0.0,0.0253,0.0141,0.46,0.0024,23.0,13.0
2024-12-18,용산구,-3.0,-5.2,-0.4,0.0,0.0175,0.0151,0.45,0.0026,31.0,16.0
2024-12-19,용산구,-1.5,-6.1,3.8,0.0,0.0378,0.007,0.67,0.0036,49.0,29.0
2024-12-20,용산구,1.3,-2.0,4.4,0.0,0.054,0.0028,0.88,0.0055,57.0,39.0
2024-12-21,용산구,-0.6,-3.9,2.3,3.0,0.0221,0.0165,0.63,0.0025,48.0,39.0
2024-12-22,용산구,-2.7,-6.2,0.5,0.0,0.0136,0.0234,0.37,0.0021,20.0,9.0
2024-12-23,용산구,0.5,-4.6,6.4,0.0,0.0352,0.0127,0.61,0.0028,27.0,17.0
2024-12-24,용산구,0.3,-3.0,3.7,0.0,0.0325,0.0145,0.53,0.0027,31.0,18.0
2024-12-25,용산구,2.9,-1.0,6.1,0.0,0.0386,0.0122,0.61,0.0033,30.0,20.0
2024-12-26,용산구,0.5,-4.1,4.8,0.0,0.0197,0.0202,0.55,0.0025,62.0,32.0
2024-12-27,용산구,-2.0,-4.6,1.0,0.0,0.0176,0.0212,0.43,0.0021,30.0,13.0
2024-12-28,용산구,-2.3,-5.4,0.5,0.0,0.0124,0.0224,0.43,0.0021,31.0,13.0
2024-12-29,용산구,1.2,-4.0,4.9,0.0,0.0274,0.0153,0.51,0.0023,24.0,14.0
2024-12-30,용산구,5.8,2.3,9.7,0.0,0.0372,0.0156,0.66,0.003,51.0,29.0
2024-12-31,용산구,1.1,-1.6,5.7,0.0,0.0187,0.0213,0.47,0.0024,52.0,18.0
2024-01-01,은평구,1.8,-3.0,7.2,0.0,0.0246,0.0139,1.13,0.0025,21.0,16.0
2024-01-02,은평구,1.1,-0.8,4.7,0.0,0.0194,0.0195,0.99,0.0025,40.0,30.0
2024-01-03,은평구,0.1,-3.8,3.2,0.5,0.0232,0.0171,0.98,0.0026,41.0,29.0
2024-01-04,은평구,1.0,-6.2,5.7,0.0,0.0263,0.0162,1.1,0.003,50.0,35.0
2024-01-05,은평구,4.0,-2.4,9.1,0.0,0.0267,0.0211,1.28,0.0032,88.0,61.0
2024-01-06,은평구,-1.2,-6.2,4.6,1.5,0.0152,0.022,0.89,0.0029,27.0,16.0
2024-01-07,은평구,-6.6,-11.3,-2.3,0.0,0.0111,0.0223,0.87,0.003,26.0,14.0
2024-01-08,은평구,-6.8,-13.8,-0.8,0.0,0.0236,0.0132,0.87,0.0031,23.0,11.0
2024-01-09,은평구,-1.4,-3.7,0.4,1.5,0.0414,0.0045,1.08,0.0032,30.0,19.0
2024-01-10,은평구,-3.7,-8.8,2.8,0.0,0.0362,0.0064,1.11,0.003,66.0,53.0
2024-01-11,은평구,0.3,-4.6,4.2,0.0,0.0402,0.0093,0.58,0.0032,63.0,48.0
2024-01-12,은평구,-1.7,-5.2,4.0,0.0,0.0248,0.0189,0.45,0.0031,57.0,35.0
2024-01-13,은평구,-3.0,-7.8,5.7,0.0,0.0269,0.0153,0.33,0.0032,23.0,10.0
2024-01-14,은평구,-1.4,-5.4,6.9,2.5,0.028,0.0152,0.6,0.0032,31.0,20.0
2024-01-15,은평구,-5.8,-10.3,0.7,0.0,0.0165,0.0221,0.32,0.0034,22.0,10.0
2024-01-16,은평구,-4.8,-11.2,4.0,0.0,0.0314,0.0124,0.41,0.0033,27.0,13.0
2024-01-17,은평구,-0.7,-6.2,1.4,6.5,0.0439,0.0045,0.62,0.0034,30.0,18.0
2024-01-18,은평구,4.3,0.3,9.2,0.5,0.0169,0.0253,0.46,0.0022,16.0,12.0
2024-01-19,은평구,5.7,4.1,9.2,0.0,0.0099,0.0315,0.42,0.0022,12.0,7.0
2024-01-20,은평구,3.5,1.9,4.8,1.0,0.0058,0.0322,0.34,0.0025,5.0,2.0
2024-01-21,은평구,1.2,-2.7,3.7,0.0,0.0123,0.0239,0.46,0.0026,12.0,7.0
2024-01-22,은평구,-8.8,-12.2,-2.7,0.0,0.0096,0.0265,0.44,0.0028,29.0,18.0
2024-01-23,은평구,-12.1,-15.0,-8.9,0.0,0.0099,0.0263,0.36,0.0034,24.0,9.0
2024-01-24,은평구,-9.2,-13.7,-4.0,0.0,0.0122,0.0258,0.41,0.0035,25.0,9.0
2024-01-25,은평구,-7.7,-13.9,-0.7,0.0,0.0206,0.0195,0.48,0.0035,23.0,11.0
2024-01-26,은평구,-4.4,-10.6,3.5,0.0,0.0324,0.0149,0.63,0.0035,32.0,20.0
2024-01-27,은평구,-2.8,-8.6,3.9,0.0,0.0245,0.0225,0.73,0.0036,50.0,34.0
2024-01-28,은평구,-3.8,-8.7,3.0,0.0,0.021,0.0239,0.62,0.0031,31.0,20.0
2024-01-29,은평구,-3.3,-8.8,4.2,0.0,0.0286,0.0219,0.72,0.0032,43.0,28.0
2024-01-30,은평구,-1.8,-8.3,7.8,0.0,0.0376,0.0153,0.74,0.0033,52.0,36.0
2024-01-31,은평구,1.9,-4.0,10.0,0.0,0.04,0.0178,0.81,0.0035,58.0,41.0
2024-02-01,은평구,0.3,-4.4,7.0,0.0,0.0253,0.0259,0.94,0.0037,88.0,64.0
2024-02-02,은평구,1.3,-3.2,7.3,0.0,0.0303,0.0176,0.67,0.0033,42.0,29.0
2024-02-03,은평구,2.9,-4.3,8.6,0.0,0.028,0.0156,0.64,0.0029,36.0,26.0
2024-02-04,은평구,4.9,0.3,10.8,0.0,0.0243,0.0171,0.65,0.0028,28.0,21.0
2024-02-05,은평구,2.8,-0.1,6.2,3.5,0.0087,0.0332,0.39,0.0026,5.0,2.0
2024-02-06,은평구,0.7,-0.5,2.7,0.0,0.0216,0.0213,0.44,0.0027,14.0,9.0
2024-02-07,은평구,-0.5,-4.2,2.7,0.0,0.0212,0.0221,0.64,0.0028,33.0,25.0
2024-02-08,은평구,-1.7,-6.7,5.6,0.0,0.0233,0.0241,0.61,0.003,36.0,25.0
2024-02-09,은평구,-1.4,-6.3,5.1,0.0,,,,,,
2024-02-10,은평구,-0.5,-4.9,6.6,0.0,,,,,,
2024-02-11,은평구,-1.6,-7.5,4.8,0.0,0.0206,0.0269,0.74,0.0031,65.0,48.0
2024-02-12,은평구,1.6,-6.7,9.7,0.0,0.0225,0.0272,0.7,0.0033,57.0,39.0
2024-02-13,은평구,10.7,7.4,14.3,0.0,0.0197,0.0376,0.75,0.0036,90.0,53.0
2024-02-14,은평구,14.0,11.6,17.3,0.0,0.022,0.028,0.66,0.0032,52.0,27.0
2024-02-15,은평구,3.5,-1.2,11.5,9.5,0.0128,0.0302,0.59,0.0024,24.0,17.0
2024-02-16,은평구,0.5,-4.2,7.7,0.0,0.0233,0.0194,0.65,0.0028,28.0,19.0
2024-02-17,은평구,1.7,-4.5,10.2,0.0,0.0302,0.02,0.75,0.0031,45.0,31.0
2024-02-18,은평구,7.2,-2.0,14.3,7.5,0.0213,0.0244,0.7,0.0026,27.0,18.0
2024-02-19,은평구,9.8,3.6,14.1,5.5,0.0207,0.0159,0.78,0.0025,13.0,8.0
2024-02-20,은평구,4.2,2.1,7.4,2.0,0.0144,0.0191,0.69,0.0024,29.0,17.0
2024-02-21,은평구,2.4,0.4,4.8,13.0,0.0078,0.0335,0.51,0.0023,4.0,1.0
2024-02-22,은평구,0.5,-0.4,2.0,5.0,0.01,0.0334,0.49,0.0023,5.0,2.0
2024-02-23,은평구,1.8,-2.1,6.3,0.0,0.0093,0.0358,0.47,0.0024,8.0,4.0
2024-02-24,은평구,1.7,-1.6,5.6,1.5,0.0089,0.0358,0.47,0.0024,13.0,6.0
2024-02-25,은평구,1.7,-2.3,6.3,1.5,0.0111,0.0291,0.57,0.0024,13.0,10.0
2024-02-26,은평구,2.0,-4.1,9.4,0.0,0.0162,0.0249,0.68,0.0027,29.0,19.0
2024-02-27,은평구,4.5,0.0,9.4,0.0,0.0114,0.0362,0.51,0.0024,17.0,8.0
2024-02-28,은평구,5.1,0.3,10.1,0.0,0.0201,0.0289,0.61,0.0028,32.0,17.0
2024-02-29,은평구,3.4,-0.8,9.2,0.0,0.0209,0.0254,0.63,0.0029,54.0,34.0
2024-03-01,은평구,-4.6,-8.7,-0.3,0.0,0.0073,0.0391,0.17,0.0029,41.0,11.0
2024-03-02,은평구,-1.0,-11.0,4.4,0.0,0.0139,0.0357,0.23,0.0031,36.0,14.0
2024-03-03,은평구,2.1,-3.1,7.7,0.0,0.0155,0.0395,0.5,0.0029,117.0,68.0
2024-03-04,은평구,3.2,-5.7,11.6,0.0,0.0313,0.0211,0.46,0.003,68.0,35.0
2024-03-05,은평구,7.3,3.4,11.2,0.0,0.0241,0.0302,0.39,0.0029,49.0,24.0
2024-03-06,은평구,5.1,-0.2,10.3,0.0,0.0158,0.0323,0.31,0.0025,14.0,7.0
2024-03-07,은평구,2.5,-2.8,7.6,0.5,0.016,0.0351,0.35,0.0027,31.0,18.0
2024-03-08,은평구,0.4,-4.6,6.3,0.0,0.0131,0.043,0.36,0.0031,44.0,22.0
2024-03-09,은평구,-0.3,-7.0,6.9,0.0,0.0148,0.0332,0.33,0.003,34.0,17.0
2024-03-10,은평구,1.6,-6.1,10.0,0.0,0.0175,0.0326,0.34,0.0032,30.0,15.0
2024-03-11,은평구,4.4,-1.9,10.9,0.0,0.0269,0.0302,0.42,0.0032,36.0,19.0
2024-03-12,은평구,4.4,-0.4,11.4,1.5,0.0223,0.0257,0.46,0.0028,31.0,21.0
2024-03-13,은평구,4.0,-3.2,11.8,0.0,0.0227,0.0361,0.5,0.0033,48.0,27.0
2024-03-14,은평구,6.0,-0.8,15.0,0.0,0.0243,0.0396,0.49,0.0032,63.0,38.0
2024-03-15,은평구,6.5,-0.7,14.1,0.0,0.0231,0.0367,0.45,0.0031,54.0,35.0
2024-03-16,은평구,8.8,-0.1,18.2,0.0,0.0199,0.0395,0.44,0.003,49.0,30.0
2024-03-17,은평구,7.7,-0.3,12.5,0.0,0.0109,0.0421,0.36,0.0028,123.0,23.0
2024-03-18,은평구,4.5,-3.3,13.2,0.0,0.0158,0.0326,0.27,0.0028,22.0,7.0
2024-03-19,은평구,6.2,1.5,10.0,0.0,0.0159,0.0392,0.41,0.0029,57.0,27.0
2024-03-20,은평구,2.7,-2.9,8.6,0.0,0.0112,0.0391,0.37,0.0028,41.0,22.0
2024-03-21,은평구,2.9,-5.0,11.1,0.0,0.0191,0.037,0.39,0.0032,36.0,20.0
2024-03-22,은평구,10.1,-0.3,15.1,4.0,0.017,0.0423,0.42,0.0032,46.0,18.0
2024-03-23,은평구,11.2,6.5,18.2,0.5,0.0117,0.048,0.5,0.0027,62.0,28.0
2024-03-24,은평구,12.8,5.7,22.6,0.0,0.016,0.037,0.49,0.0025,30.0,14.0
2024-03-25,은평구,9.8,6.5,13.1,6.5,0.0111,0.0386,0.42,0.0025,18.0,7.0
2024-03-26,은평구,5.9,1.6,12.1,16.0,0.0097,0.0377,0.41,0.0024,6.0,3.0
2024-03-27,은평구,8.6,1.2,16.1,0.0,0.0194,0.0279,0.54,0.0029,31.0,21.0
2024-03-28,은평구,9.6,6.4,12.9,1.5,0.0212,0.0251,0.58,0.0028,24.0,17.0
2024-03-29,은평구,6.3,0.8,12.9,0.0,0.0175,0.0326,0.49,0.0026,262.0,50.0
2024-03-30,은평구,7.0,-0.9,15.9,0.0,0.0185,0.0358,0.43,0.0028,93.0,24.0
2024-03-31,은평구,8.2,-1.7,16.8,0.0,0.0117,0.0378,0.36,0.0028,44.0,10.0
2024-04-01,은평구,9.2,0.5,18.9,0.0,0.0168,0.0381,0.35,0.0029,40.0,11.0
2024-04-02,은평구,12.6,2.3,23.3,0.0,0.0238,0.0456,0.44,0.0035,51.0,22.0
2024-04-03,은평구,15.8,8.2,20.6,0.0,0.0275,0.0329,0.52,0.0031,38.0,18.0
2024-04-04,은평구,14.8,9.9,20.3,0.0,0.0133,0.043,0.45,0.0027,33.0,15.0
2024-04-05,은평구,12.9,5.9,18.9,0.0,0.0162,0.0458,0.46,0.0029,45.0,21.0
2024-04-06,은평구,10.2,3.3,18.8,0.0,0.0223,0.0402,0.55,0.0031,64.0,36.0
2024-04-07,은평구,12.3,2.6,22.8,0.0,0.0193,0.0525,0.53,0.0033,52.0,30.0
2024-04-08,은평구,13.8,6.1,22.5,0.0,0.0246,0.041,0.57,0.003,53.0,26.0
2024-04-09,은평구,13.5,7.8,20.3,0.0,0.011,0.0446,0.41,0.0027,40.0,17.0
2024-04-10,은평구,12.8,9.3,17.8,0.0,0.0104,0.0482,0.44,0.0029,46.0,17.0
2024-04-11,은평구,13.6,8.6,21.0,0.0,0.0169,0.0427,0.55,0.003,47.0,22.0
2024-04-12,은평구,14.9,7.2,23.8,0.0,0.0184,0.0386,0.55,0.0032,45.0,22.0
2024-04-13,은평구,16.3,5.8,26.7,0.0,0.0135,0.0429,0.36,0.0027,36.0,16.0
2024-04-14,은평구,18.2,8.0,28.5,0.0,0.0142,0.0497,0.45,0.0033,43.0,19.0
2024-04-15,은평구,15.7,10.9,21.7,17.5,0.0139,0.0387,0.44,0.0033,25.0,12.0
2024-04-16,은평구,12.4,8.8,17.3,2.0,0.0169,0.0373,0.56,0.0027,90.0,33.0
2024-04-17,은평구,13.5,8.2,21.4,0.0,0.0196,0.0268,0.58,0.0026,146.0,47.0
2024-04-18,은평구,14.5,6.6,24.8,0.0,0.0187,0.0351,0.51,0.0028,120.0,32.0
2024-04-19,은평구,15.0,6.7,23.7,0.0,0.0247,0.0598,0.57,0.004,105.0,36.0
2024-04-20,은평구,14.1,11.2,18.7,4.0,0.0131,0.0498,0.56,0.0029,62.0,29.0
2024-04-21,은평구,17.4,13.9,20.9,0.0,0.0038,0.0502,0.37,0.0024,15.0,6.0
2024-04-22,은평구,18.3,14.3,23.0,0.0,0.0077,0.0496,0.36,0.0024,30.0,17.0
2024-04-23,은평구,17.0,13.3,23.2,0.0,0.0064,0.0459,0.35,0.0024,21.0,9.0
2024-04-24,은평구,12.6,9.8,16.3,7.0,0.0086,0.031,0.39,0.0024,12.0,6.0
2024-04-25,은평구,13.2,9.4,20.1,0.0,0.0154,0.0433,0.53,0.0025,35.0,22.0
2024-04-26,은평구,15.5,7.5,25.5,0.0,0.0178,0.0392,0.54,0.0027,67.0,23.0
2024-04-27,은평구,15.7,6.1,25.8,0.0,0.0141,0.0424,0.51,0.0028,51.0,18.0
2024-04-28,은평구,17.9,8.3,28.4,0.0,0.0166,0.0467,0.57,0.0029,40.0,20.0
2024-04-29,은평구,18.9,13.4,25.6,0.0,0.0125,0.0471,0.48,0.0026,49.0,22.0
2024-04-30,은평구,16.7,12.6,22.2,0.0,0.0203,0.0397,0.59,0.0038,68.0,38.0
2024-05-01,은평구,16.6,10.7,23.3,0.0,0.0082,0.0439,0.35,0.0025,29.0,14.0
2024-05-02,은평구,15.2,7.8,23.5,0.0,0.0154,0.0389,0.4,0.0029,38.0,19.0
2024-05-03,은평구,16.6,6.4,27.8,0.0,0.0177,0.0469,0.43,0.0033,48.0,22.0
2024-05-04,은평구,18.9,8.8,28.1,0.0,0.0203,0.0603,0.56,0.0038,58.0,34.0
2024-05-05,은평구,17.9,15.0,20.0,41.5,0.0078,0.0339,0.48,0.0026,19.0,14.0
2024-05-06,은평구,13.6,12.8,15.3,16.0,0.0085,0.0388,0.49,0.0023,12.0,9.0
2024-05-07,은평구,13.3,11.4,15.5,1.5,0.0076,0.0303,0.44,0.0022,21.0,12.0
2024-05-08,은평구,13.0,5.5,21.3,0.0,0.0096,0.0297,0.35,0.0024,20.0,8.0
2024-05-09,은평구,14.8,6.7,21.5,0.0,0.0139,0.0372,0.44,0.0029,31.0,14.0
2024-05-10,은평구,15.7,9.1,23.8,0.0,0.0135,0.0423,0.42,0.0029,31.0,15.0
2024-05-11,은평구,16.6,9.9,21.3,36.0,0.0094,0.0366,0.4,0.0027,21.0,8.0
2024-05-12,은평구,15.2,9.3,21.8,0.0,0.007,0.0363,0.4,0.0025,79.0,25.0
2024-05-13,은평구,15.6,7.4,24.4,0.0,0.0121,0.0344,0.41,0.0027,27.0,14.0
2024-05-14,은평구,16.0,7.4,24.3,0.0,0.0166,0.0407,0.36,0.0031,27.0,14.0
2024-05-15,은평구,10.6,6.7,17.4,24.5,0.011,0.0348,0.34,0.0028,21.0,9.0
2024-05-16,은평구,11.8,5.1,19.4,0.0,0.0086,0.0331,0.29,0.0027,14.0,5.0
2024-05-17,은평구,15.9,6.7,25.2,0.0,0.0151,0.0483,0.48,0.0031,46.0,25.0
2024-05-18,은평구,19.1,11.4,25.9,0.0,0.0087,0.039,0.4,0.0028,27.0,13.0
2024-05-19,은평구,19.2,11.9,27.5,0.0,0.0064,0.0363,0.37,0.0028,20.0,10.0
2024-05-20,은평구,18.2,13.9,22.3,0.0,0.011,0.0295,0.42,0.0032,36.0,18.0
2024-05-21,은평구,20.0,15.5,28.5,0.0,0.0112,0.0398,0.49,0.0025,45.0,31.0
2024-05-22,은평구,18.2,13.3,25.1,0.0,0.0118,0.0424,0.55,0.0028,56.0,42.0
2024-05-23,은평구,18.3,11.8,25.6,0.0,0.0115,0.0325,0.41,0.0027,33.0,20.0
2024-05-24,은평구,18.5,15.1,23.5,0.0,0.0086,0.0292,0.42,0.0024,38.0,27.0
2024-05-25,은평구,19.4,14.7,24.4,0.0,0.0111,0.0326,0.44,0.0025,34.0,20.0
2024-05-26,은평구,19.4,16.2,23.4,10.0,0.0086,0.0362,0.43,0.0026,24.0,14.0
2024-05-27,은평구,16.8,12.1,22.8,0.0,0.0071,0.0387,0.44,0.0025,29.0,13.0
2024-05-28,은평구,17.7,10.5,25.6,0.0,0.0077,0.0295,0.32,0.0024,14.0,6.0
2024-05-29,은평구,18.3,11.2,26.6,0.0,0.0167,0.0305,0.41,0.003,26.0,13.0
2024-05-30,은평구,18.0,11.4,24.0,0.0,0.0163,0.0377,0.38,0.0029,22.0,11.0
2024-05-31,은평구,18.7,11.5,25.0,0.0,0.0119,0.0391,0.37,0.0027,23.0,14.0
2024-06-01,은평구,19.3,13.6,25.2,0.0,0.0062,0.041,0.38,0.0025,31.0,15.0
2024-06-02,은평구,17.7,10.6,25.5,0.0,0.0062,0.0414,0.33,0.0026,22.0,11.0
2024-06-03,은평구,20.8,11.4,27.7,0.0,0.0072,0.0343,0.29,0.0024,12.0,8.0
2024-06-04,은평구,20.5,11.7,28.4,0.0,0.009,0.0353,0.27,0.0026,18.0,8.0
2024-06-05,은평구,20.9,13.3,29.4,0.0,0.0168,0.0434,0.44,0.0031,42.0,23.0
2024-06-06,은평구,21.3,14.9,30.1,0.0,0.0179,0.0539,0.5,0.003,47.0,28.0
2024-06-07,은평구,20.9,13.2,27.8,0.0,0.0151,0.0448,0.39,0.0029,33.0,19.0
2024-06-08,은평구,18.6,15.6,24.2,12.5,0.0102,0.0323,0.44,0.0025,22.0,18.0
2024-06-09,은평구,20.6,13.8,28.1,0.0,0.0092,0.0391,0.48,0.0032,28.0,18.0
2024-06-10,은평구,22.6,14.7,30.3,0.0,0.0125,0.0581,0.59,0.0033,50.0,29.0
2024-06-11,은평구,23.9,17.1,30.8,0.0,0.0114,0.0743,0.62,0.003,69.0,42.0
2024-06-12,은평구,22.1,14.2,30.9,0.0,0.0122,0.0503,0.46,0.0029,32.0,19.0
2024-06-13,은평구,23.1,15.1,31.6,0.0,0.0144,0.0422,0.42,0.0028,32.0,18.0
2024-06-14,은평구,23.6,15.9,32.2,0.0,0.0142,0.0428,0.43,0.0035,35.0,20.0
2024-06-15,은평구,22.3,18.1,27.3,2.0,0.0076,0.0285,0.41,0.0029,25.0,19.0
2024-06-16,은평구,22.0,15.9,29.4,0.0,0.0079,0.0376,0.42,0.0027,24.0,15.0
2024-06-17,은평구,21.9,13.0,29.9,0.0,0.0141,0.0448,0.4,0.0031,22.0,13.0
2024-06-18,은평구,23.3,15.5,31.6,0.0,0.0161,0.0415,0.47,0.0032,29.0,17.0
2024-06-19,은평구,25.7,16.1,34.9,0.0,0.0163,0.0648,0.57,0.0032,44.0,26.0
2024-06-20,은평구,25.4,17.5,35.3,0.0,0.0168,0.0733,0.61,0.0037,47.0,29.0
2024-06-21,은평구,24.9,17.3,32.7,0.0,0.0162,0.0535,0.51,0.0043,40.0,22.0
2024-06-22,은평구,22.8,21.1,25.7,11.5,0.0127,0.0315,0.58,0.0027,26.0,20.0
2024-06-23,은평구,24.1,20.7,29.4,8.5,0.006,0.0294,0.53,0.0022,16.0,11.0
2024-06-24,은평구,22.7,17.2,28.3,0.0,0.009,0.0463,0.55,0.0024,59.0,30.0
2024-06-25,은평구,20.6,14.9,27.2,0.0,0.0089,0.0404,0.42,0.0026,22.0,11.0
2024-06-26,은평구,22.5,14.8,31.0,0.0,0.0114,0.0374,0.45,0.0028,25.0,14.0
2024-06-27,은평구,23.4,15.6,30.6,0.0,0.0168,0.0522,0.5,0.0028,37.0,20.0
2024-06-28,은평구,23.6,16.0,32.0,0.0,0.0136,0.0631,0.5,0.0029,40.0,23.0
2024-06-29,은평구,24.8,17.2,31.2,21.0,0.0088,0.0524,0.49,0.0026,28.0,20.0
2024-06-30,은평구,23.1,21.3,26.0,23.0,0.0071,0.0335,0.53,0.0021,20.0,14.0
2024-07-01,은평구,25.0,20.8,30.7,0.0,0.0075,0.0476,0.48,0.0021,27.0,17.0
2024-07-02,은평구,23.8,21.1,26.7,40.5,0.0067,0.0246,0.49,0.002,14.0,9.0
2024-07-03,은평구,23.9,22.7,26.1,1.5,0.0078,0.0425,0.57,0.0021,26.0,17.0
2024-07-04,은평구,26.0,22.6,30.1,1.0,0.0088,0.0587,0.66,0.0021,42.0,31.0
2024-07-05,은평구,22.8,20.8,26.4,2.0,0.0093,0.0481,0.58,0.0021,20.0,13.0
2024-07-06,은평구,24.5,20.3,29.7,3.5,0.0075,0.0325,0.56,0.0021,28.0,20.0
2024-07-07,은평구,23.7,19.2,28.2,8.5,0.0079,0.04,0.58,0.0022,22.0,15.0
2024-07-08,은평구,23.1,21.9,24.6,20.5,0.0103,0.0242,0.49,0.002,10.0,7.0
2024-07-09,은평구,24.2,21.6,27.1,0.0,0.0121,0.0213,0.51,0.0021,17.0,11.0
2024-07-10,은평구,26.1,21.9,32.1,0.0,0.0063,0.0312,0.44,0.0021,11.0,7.0
2024-07-11,은평구,24.1,20.6,28.5,0.0,0.013,0.0361,0.6,0.0023,36.0,26.0
2024-07-12,은평구,24.6,19.6,30.5,0.0,0.0128,0.0325,0.61,0.0022,39.0,26.0
2024-07-13,은평구,26.5,20.7,33.8,0.0,0.0091,0.0441,0.65,0.0022,46.0,35.0
2024-07-14,은평구,27.5,23.1,32.1,0.0,0.0055,0.0381,0.52,0.0021,30.0,23.0
2024-07-15,은평구,27.6,24.5,32.1,5.5,0.0069,0.0361,0.39,0.0021,10.0,6.0
2024-07-16,은평구,25.5,22.8,31.0,17.0,0.0097,0.0232,0.46,0.0021,13.0,8.0
2024-07-17,은평구,24.6,22.9,28.4,86.5,0.0086,0.0123,0.39,0.002,9.0,6.0
2024-07-18,은평구,24.1,22.8,26.1,124.5,0.0094,0.0164,0.43,0.0022,7.0,5.0
2024-07-19,은평구,26.3,23.0,31.2,0.5,0.01,0.0345,0.5,0.0021,24.0,17.0
2024-07-20,은평구,26.6,23.3,30.5,13.0,0.0074,0.0301,0.43,0.0021,16.0,11.0
2024-07-21,은평구,25.7,21.9,29.9,15.0,0.0059,0.0374,0.39,0.0021,17.0,11.0
2024-07-22,은평구,26.3,23.2,27.9,58.0,0.0077,0.0119,0.39,0.002,13.0,7.0
2024-07-23,은평구,26.1,24.8,27.0,1.5,0.008,0.0134,0.37,0.0021,12.0,8.0
2024-07-24,은평구,27.5,25.2,31.8,21.5,0.0077,0.0109,0.37,0.0021,13.0,9.0
2024-07-25,은평구,28.0,24.5,33.0,6.0,0.0089,0.0169,0.39,0.0021,20.0,12.0
2024-07-26,은평구,28.2,24.1,33.4,7.0,0.0086,0.0157,0.38,0.0021,15.0,10.0
2024-07-27,은평구,28.9,26.5,32.2,12.0,0.0074,0.0124,0.37,0.0021,14.0,10.0
2024-07-28,은평구,29.1,27.3,32.2,0.0,0.0044,0.01,0.33,0.0021,16.0,9.0
2024-07-29,은평구,26.7,25.8,27.4,0.0,0.0072,0.0121,0.34,0.0021,22.0,12.0
2024-07-30,은평구,27.9,25.7,31.5,0.0,0.0088,0.0301,0.34,0.0022,25.0,15.0
2024-07-31,은평구,28.7,25.3,33.4,0.0,0.0081,0.0185,0.3,0.0022,16.0,9.0
2024-08-01,은평구,28.9,25.9,32.8,0.0,0.0086,0.0205,0.32,0.0023,18.0,10.0
2024-08-02,은평구,28.7,26.0,31.9,0.0,0.0087,0.0271,0.38,0.0023,25.0,17.0
2024-08-03,은평구,28.7,24.9,34.0,0.0,0.0062,0.0401,0.44,0.0022,32.0,22.0
2024-08-04,은평구,29.2,24.1,35.4,0.0,0.0066,0.0412,0.45,0.0023,26.0,21.0
2024-08-05,은평구,28.9,25.0,34.4,18.0,0.0088,0.0372,0.44,0.0023,27.0,20.0
2024-08-06,은평구,28.1,24.3,33.0,0.0,0.0112,0.0281,0.37,0.0023,16.0,10.0
2024-08-07,은평구,27.6,24.1,33.0,8.5,0.0076,0.0218,0.3,0.0023,15.0,10.0
2024-08-08,은평구,26.6,23.9,30.7,0.5,0.0107,0.0209,0.32,0.0024,20.0,14.0
2024-08-09,은평구,27.6,22.5,33.5,0.0,0.008,0.0257,0.31,0.0023,23.0,16.0
2024-08-10,은평구,27.6,23.4,33.2,0.0,0.0098,0.0361,0.38,0.0024,28.0,22.0
2024-08-11,은평구,27.8,24.3,33.6,0.0,0.0091,0.0314,0.37,0.0023,26.0,18.0
2024-08-12,은평구,28.6,24.8,34.1,0.0,0.009,0.0293,0.36,0.0024,25.0,18.0
2024-08-13,은평구,29.5,24.5,35.6,0.0,0.0068,0.0279,0.38,0.0023,20.0,15.0
2024-08-14,은평구,28.3,24.6,36.1,0.0,0.0097,0.0362,0.45,0.0023,23.0,16.0
2024-08-15,은평구,27.5,24.4,34.6,0.0,0.0076,0.0293,0.41,0.0022,20.0,14.0
2024-08-16,은평구,28.0,24.2,34.4,0.0,0.0088,0.0336,0.4,0.0022,19.0,14.0
2024-08-17,은평구,27.2,23.9,34.4,0.0,0.0084,0.0352,0.41,0.0023,20.0,14.0
2024-08-18,은평구,28.0,24.3,34.1,0.0,0.0069,0.0341,0.41,0.0022,18.0,13.0
2024-08-19,은평구,27.9,23.8,35.8,,0.0106,0.0363,0.46,0.0023,24.0,16.0
2024-08-20,은평구,29.7,23.7,35.3,0.0,0.0089,0.0266,0.4,0.0023,23.0,16.0
2024-08-21,은평구,27.8,26.0,30.2,54.5,0.0077,0.0149,0.35,0.0022,11.0,7.0
2024-08-22,은평구,27.9,25.9,30.2,2.0,0.0072,0.0196,0.34,0.0022,15.0,9.0
2024-08-23,은평구,27.1,23.2,31.9,0.5,0.0118,0.0464,0.47,0.0024,30.0,20.0
2024-08-24,은평구,26.4,22.2,31.7,0.0,0.0097,0.0422,0.55,0.0024,36.0,27.0
2024-08-25,은평구,27.0,22.2,32.8,0.0,0.0071,0.0372,0.51,0.0024,33.0,25.0
2024-08-26,은평구,26.3,23.0,31.6,0.0,0.0093,0.0257,0.5,0.0023,31.0,22.0
2024-08-27,은평구,24.5,20.4,30.1,0.0,0.0114,0.0223,0.34,0.0022,16.0,11.0
2024-08-28,은평구,27.6,20.1,33.3,0.0,0.0077,0.0352,0.26,0.0023,10.0,8.0
2024-08-29,은평구,27.3,20.8,32.6,0.0,0.0061,0.0321,0.22,0.0023,8.0,5.0
2024-08-30,은평구,26.1,21.0,32.5,0.0,0.0091,0.0243,0.28,0.0025,14.0,8.0
2024-08-31,은평구,24.7,18.6,32.5,0.0,0.0083,0.0346,0.37,0.0025,33.0,19.0
2024-09-01,은평구,24.4,20.3,30.8,0.0,0.0089,0.035,0.41,0.0026,28.0,19.0
2024-09-02,은평구,23.2,19.7,27.4,0.0,0.0118,0.0242,0.35,0.0025,18.0,12.0
2024-09-03,은평구,26.3,23.1,32.1,0.0,0.0074,0.0355,0.21,0.0023,13.0,5.0
2024-09-04,은평구,26.5,21.8,32.6,0.0,0.0101,0.0446,0.3,0.0026,19.0,12.0
2024-09-05,은평구,25.0,22.3,27.7,0.0,0.0127,0.0302,0.37,0.0025,23.0,15.0
2024-09-06,은평구,23.7,22.2,25.1,0.0,0.0086,0.021,0.34,0.0023,14.0,8.0
2024-09-07,은평구,25.1,20.7,31.3,0.0,0.0089,0.0416,0.41,0.0024,22.0,15.0
2024-09-08,은평구,24.9,19.6,32.5,0.0,0.0079,0.0479,0.47,0.0024,26.0,20.0
2024-09-09,은평구,26.1,20.5,32.0,0.0,0.0105,0.0413,0.47,0.0024,26.0,19.0
2024-09-10,은평구,26.9,22.4,33.4,0.0,0.0116,0.0398,0.46,0.0024,28.0,20.0
2024-09-11,은평구,26.9,21.4,35.6,0.0,0.0125,0.0463,0.45,0.0024,30.0,21.0
2024-09-12,은평구,24.8,23.7,27.3,0.0,0.009,0.0123,0.39,0.0022,8.0,7.0
2024-09-13,은평구,25.5,23.6,29.4,11.0,0.0109,0.009,0.38,0.0023,13.0,9.0
2024-09-14,은평구,26.8,23.9,31.9,0.0,0.0086,0.0191,0.36,0.0024,12.0,8.0
2024-09-15,은평구,26.7,22.8,31.7,0.0,0.0041,0.0177,0.31,0.0023,12.0,7.0
2024-09-16,은평구,25.8,21.4,32.3,1.0,0.0044,0.0287,0.28,0.0023,6.0,4.0
2024-09-17,은평구,26.8,23.6,32.9,0.0,0.0071,0.0169,0.36,0.0023,10.0,7.0
2024-09-18,은평구,27.4,23.5,32.9,0.0,0.0063,0.0164,0.33,0.0023,12.0,8.0
2024-09-19,은평구,27.6,24.4,32.2,0.0,0.0119,0.0277,0.39,0.0025,19.0,13.0
2024-09-20,은평구,24.4,18.4,28.4,47.0,0.0101,0.0103,0.37,0.0023,12.0,8.0
2024-09-21,은평구,19.5,17.2,22.5,18.0,0.0035,0.0269,0.17,0.0023,4.0,2.0
2024-09-22,은평구,20.2,14.9,26.0,0.0,0.0036,0.0223,0.13,0.0024,4.0,2.0
2024-09-23,은평구,20.6,16.1,25.9,0.0,0.0066,0.0273,0.09,0.0024,8.0,3.0
2024-09-24,은평구,18.9,13.9,26.3,0.0,0.0085,0.0342,0.13,0.0026,11.0,5.0
2024-09-25,은평구,21.7,14.5,27.6,0.0,0.0123,0.0289,0.27,0.0027,17.0,8.0
2024-09-26,은평구,21.6,18.0,27.7,6.0,0.0098,0.03,0.32,0.0026,15.0,9.0
2024-09-27,은평구,21.8,16.5,28.3,0.0,0.0072,0.0222,0.3,0.0025,14.0,9.0
2024-09-28,은평구,22.7,17.8,27.3,0.0,0.0048,0.0342,0.23,0.0025,12.0,6.0
2024-09-29,은평구,23.0,17.1,28.3,0.0,0.0053,0.0324,0.22,0.0025,9.0,5.0
2024-09-30,은평구,20.6,15.0,27.7,0.0,0.0116,0.0323,0.28,0.0027,15.0,7.0
2024-10-01,은평구,16.5,9.2,21.9,2.5,0.0097,0.0269,0.27,0.0027,15.0,7.0
2024-10-02,은평구,11.5,6.8,19.0,0.0,0.0076,0.0246,0.17,0.0028,13.0,7.0
2024-10-03,은평구,13.6,6.4,21.8,0.0,0.0099,0.0214,0.28,0.0028,11.0,7.0
2024-10-04,은평구,14.4,8.2,23.2,0.0,0.0107,0.0236,0.32,0.0028,13.0,6.0
2024-10-05,은평구,14.1,7.8,23.2,0.0,0.013,0.0265,0.37,0.0029,21.0,12.0
2024-10-06,은평구,12.5,8.0,17.1,0.0,0.0136,0.0173,0.42,0.0028,17.0,10.0
2024-10-07,은평구,14.8,10.8,20.6,0.0,0.0132,0.0232,0.5,0.0028,34.0,20.0
2024-10-08,은평구,16.3,9.5,23.2,0.0,0.0143,0.0186,0.61,0.0027,45.0,28.0
2024-10-09,은평구,17.0,10.6,23.2,0.0,0.0097,0.0261,0.37,0.0026,11.0,5.0
2024-10-10,은평구,17.3,12.3,23.7,0.0,0.0131,0.0271,0.43,0.0027,20.0,10.0
2024-10-11,은평구,15.7,10.5,23.5,0.0,0.0162,0.0322,0.51,0.0027,35.0,21.0
2024-10-12,은평구,14.9,9.4,23.9,0.0,0.0161,0.0297,0.49,0.0027,32.0,18.0
2024-10-13,은평구,16.5,9.0,22.7,0.0,0.0105,0.0288,0.48,0.0026,24.0,13.0
2024-10-14,은평구,19.9,17.2,21.5,0.0,0.0141,0.026,0.45,0.0026,18.0,9.0
2024-10-15,은평구,17.7,14.2,21.4,0.0,0.015,0.0174,0.54,0.0026,21.0,15.0
2024-10-16,은평구,15.0,10.8,22.9,0.0,0.0157,0.0221,0.63,0.0026,37.0,26.0
2024-10-17,은평구,16.2,10.6,25.5,0.0,0.0177,0.0226,0.59,0.0027,35.0,22.0
2024-10-18,은평구,16.6,14.0,18.4,45.5,0.0114,0.0197,0.49,0.0026,19.0,12.0
2024-10-19,은평구,16.2,12.7,20.5,0.0,0.0046,0.0262,0.4,0.0025,8.0,5.0
2024-10-20,은평구,12.5,8.5,17.2,0.0,0.0039,0.0283,0.24,0.0026,12.0,5.0
2024-10-21,은평구,14.2,8.3,18.8,0.0,0.0135,0.0195,0.35,0.0027,16.0,6.0
2024-10-22,은평구,15.0,13.5,16.6,16.5,0.0168,0.009,0.53,0.0027,11.0,6.0
2024-10-23,은평구,11.7,6.2,15.7,0.5,0.0079,0.0276,0.43,0.0027,17.0,7.0
2024-10-24,은평구,9.7,3.6,17.8,0.0,0.0127,0.0209,0.46,0.0028,23.0,14.0
2024-10-25,은평구,12.1,5.9,22.1,0.0,0.0183,0.0153,0.51,0.0028,21.0,12.0
2024-10-26,은평구,14.4,7.4,23.2,0.0,0.0154,0.0191,0.48,0.0027,16.0,9.0
2024-10-27,은평구,15.1,10.8,18.6,0.0,0.0101,0.0267,0.52,0.0028,27.0,16.0
2024-10-28,은평구,14.2,8.5,20.1,0.0,0.0102,0.0194,0.61,0.0027,33.0,24.0
2024-10-29,은평구,13.9,10.1,18.3,1.0,0.0129,0.0213,0.41,0.0027,14.0,6.0
2024-10-30,은평구,12.9,8.2,20.9,0.0,0.0145,0.0227,0.51,0.0029,27.0,15.0
2024-10-31,은평구,12.6,7.1,22.0,0.0,0.0212,0.0211,0.56,0.0029,30.0,17.0
2024-11-01,은평구,13.3,9.0,18.8,0.0,0.0272,0.0137,0.63,0.0029,37.0,22.0
2024-11-02,은평구,15.1,8.8,24.2,0.0,0.0157,0.0225,0.55,0.0029,27.0,17.0
2024-11-03,은평구,15.7,8.4,22.5,0.0,0.0105,0.0303,0.52,0.0029,25.0,15.0
2024-11-04,은평구,12.8,4.4,18.3,0.5,0.009,0.0317,0.48,0.0029,29.0,16.0
2024-11-05,은평구,6.3,0.1,14.5,0.0,0.0111,0.0202,0.36,0.0033,26.0,11.0
2024-11-06,은평구,3.8,-1.6,11.9,0.0,0.0135,0.0204,0.39,0.0036,26.0,11.0
2024-11-07,은평구,4.1,-2.6,14.5,0.0,0.0228,0.0177,0.47,0.0035,41.0,17.0
2024-11-08,은평구,6.2,-1.2,17.1,0.0,0.0284,0.0172,0.53,0.0033,35.0,20.0
2024-11-09,은평구,9.3,2.2,19.9,0.0,0.028,0.0175,0.6,0.0032,31.0,14.0
2024-11-10,은평구,11.4,6.4,20.3,0.0,0.0199,0.0211,0.6,0.003,22.0,10.0
2024-11-11,은평구,11.1,4.7,21.1,0.0,0.0261,0.021,0.73,0.0033,46.0,25.0
2024-11-12,은평구,11.0,5.2,18.1,0.0,0.0163,0.0251,0.62,0.0033,36.0,20.0
2024-11-13,은평구,11.0,3.8,20.1,0.0,0.0226,0.0201,0.65,0.0031,35.0,17.0
2024-11-14,은평구,14.0,10.0,17.2,0.0,0.0223,0.0175,0.63,0.0031,31.0,15.0
2024-11-15,은평구,15.8,11.5,21.1,0.0,0.0208,0.0179,0.65,0.003,28.0,15.0
2024-11-16,은평구,16.7,13.5,21.4,7.0,0.013,0.0277,0.63,0.0032,21.0,12.0
2024-11-17,은평구,6.3,0.2,13.5,0.0,0.0063,0.0246,0.49,0.0033,21.0,8.0
2024-11-18,은평구,0.7,-3.3,7.3,0.0,0.0095,0.0223,0.38,0.0034,16.0,6.0
2024-11-19,은평구,2.3,-3.8,10.7,0.0,0.0268,0.0102,0.49,0.0033,23.0,10.0
2024-11-20,은평구,4.3,-2.2,9.5,0.0,0.0343,0.0059,0.59,0.0033,39.0,19.0
2024-11-21,은평구,8.6,4.0,13.9,0.0,0.0265,0.0166,0.71,0.0034,59.0,32.0
2024-11-22,은평구,2.9,-1.5,10.2,0.0,0.0146,0.0224,0.48,0.0037,35.0,17.0
2024-11-23,은평구,3.0,-3.1,12.7,0.0,0.0211,0.0142,0.43,0.003,18.0,8.0
2024-11-24,은평구,3.8,-1.8,12.8,0.0,0.0217,0.0147,0.55,0.003,14.0,6.0
2024-11-25,은평구,9.2,-0.7,15.5,0.0,0.0177,0.0205,0.5,0.003,19.0,8.0
2024-11-26,은평구,5.6,0.4,13.1,20.0,0.0095,0.0242,0.48,0.0028,11.0,4.0
2024-11-27,은평구,-1.0,-3.4,0.9,15.5,0.0125,0.0226,0.48,0.0028,10.0,5.0
2024-11-28,은평구,-0.1,-3.7,3.6,1.5,0.015,0.0195,0.51,0.0029,19.0,11.0
2024-11-29,은평구,-1.7,-6.6,4.1,0.0,0.0231,0.0121,0.46,0.0032,30.0,15.0
2024-11-30,은평구,0.4,-4.0,6.1,0.5,0.0284,0.0083,0.56,0.0032,25.0,13.0
2024-12-01,은평구,5.1,-1.5,10.4,0.0,0.0191,0.0136,0.63,0.003,31.0,19.0
2024-12-02,은평구,7.9,-2.4,13.6,0.0,0.0197,0.0231,0.6,0.0033,49.0,28.0
2024-12-03,은평구,-0.9,-5.1,4.8,0.0,0.0142,0.0209,0.37,0.0033,18.0,7.0
2024-12-04,은평구,-0.6,-5.3,5.9,0.0,0.0185,0.0189,0.46,0.0034,25.0,9.0
2024-12-05,은평구,0.9,-4.3,8.2,1.0,0.0205,0.0189,0.5,0.0033,22.0,9.0
2024-12-06,은평구,-1.0,-4.7,4.3,0.0,0.0131,0.0228,0.46,0.0034,28.0,8.0
2024-12-07,은평구,-2.2,-7.1,3.4,0.0,0.0137,0.0201,0.48,0.0034,24.0,10.0
2024-12-08,은평구,-3.4,-8.0,3.5,0.0,0.0111,0.0232,0.46,0.0036,24.0,9.0
2024-12-09,은평구,-2.5,-8.2,6.2,0.0,0.0256,0.0124,0.57,0.0037,32.0,12.0
2024-12-10,은평구,-1.1,-6.9,6.1,0.0,0.0261,0.0139,0.73,0.0037,39.0,19.0
2024-12-11,은평구,-0.4,-4.9,7.1,0.0,0.0247,0.0132,0.78,0.0042,56.0,31.0
2024-12-12,은평구,-2.7,-8.6,4.2,0.0,0.0196,0.0148,0.52,0.0038,42.0,19.0
2024-12-13,은평구,-1.3,-5.6,3.9,0.0,0.0181,0.0191,0.44,0.0037,29.0,12.0
2024-12-14,은평구,-3.8,-8.6,2.0,0.0,0.017,0.0196,0.5,0.0034,30.0,12.0
2024-12-15,은평구,-1.0,-6.0,4.8,0.0,0.0161,0.0221,0.43,0.0034,22.0,7.0
2024-12-16,은평구,-3.6,-8.2,3.6,0.0,0.0259,0.0105,0.52,0.0033,28.0,11.0
2024-12-17,은평구,-4.2,-8.7,3.1,0.0,0.02,0.0151,0.53,0.0033,25.0,10.0
2024-12-18,은평구,-7.0,,,0.0,0.0151,0.017,0.52,0.004,33.0,12.0
2024-12-19,은평구,-5.3,-11.8,3.6,0.0,0.0289,0.0082,0.64,0.0041,51.0,22.0
2024-12-20,은평구,-0.4,-6.4,4.6,0.0,0.0448,0.0048,0.75,0.0045,59.0,35.0
2024-12-21,은평구,-2.5,-9.6,1.4,2.0,0.0214,0.0166,0.69,0.0033,54.0,40.0
2024-12-22,은평구,-7.4,-12.9,0.6,0.0,0.0152,0.0208,0.42,0.0033,22.0,7.0
2024-12-23,은평구,-3.7,-10.3,5.9,0.0,0.0262,0.0157,0.56,0.0035,28.0,12.0
2024-12-24,은평구,-4.2,-9.6,3.3,0.0,0.0252,0.0157,0.56,0.0035,32.0,14.0
2024-12-25,은평구,0.1,-4.8,5.9,0.0,0.0351,0.0114,0.71,0.0036,31.0,17.0
2024-12-26,은평구,-1.8,-7.5,3.0,0.0,0.0166,0.0211,0.58,0.0035,69.0,30.0
2024-12-27,은평구,-4.8,-10.7,1.3,0.0,0.0146,0.023,0.39,0.0035,32.0,10.0
2024-12-28,은평구,-5.9,-11.1,0.2,0.0,0.0127,0.0224,0.41,0.0037,32.0,10.0
2024-12-29,은평구,-1.3,-9.2,4.6,0.0,0.0198,0.0184,0.45,0.0035,24.0,10.0
2024-12-30,은평구,5.1,-1.4,10.1,0.0,0.0255,0.0197,0.64,0.0036,59.0,31.0
2024-12-31,은평구,-2.3,-6.5,3.4,0.0,0.0158,0.0219,0.51,0.0036,55.0,16.0
2024-01-01,금천구,3.9,0.4,7.1,0.0,0.0324,0.0117,0.89,0.0028,28.0,22.0
2024-01-02,금천구,3.7,3.0,4.7,0.0,0.0324,0.0153,0.57,0.0028,45.0,34.0
2024-01-03,금천구,2.4,0.4,4.5,2.0,0.0389,0.0105,0.66,0.0029,45.0,34.0
2024-01-04,금천구,2.6,-1.8,5.3,0.0,0.0337,0.0163,0.61,0.0028,49.0,35.0
2024-01-05,금천구,5.4,1.5,8.9,0.0,0.0315,0.0258,0.81,0.0032,87.0,63.0
2024-01-06,금천구,1.2,-0.9,5.4,0.0,0.0241,0.021,0.44,0.0026,22.0,10.0
2024-01-07,금천구,-3.7,-7.3,-0.5,0.0,0.0112,0.0269,0.43,0.0023,22.0,14.0
2024-01-08,금천구,-3.8,-8.4,0.1,0.0,0.0288,0.0127,0.53,0.0025,24.0,15.0
2024-01-09,금천구,0.3,-1.0,1.3,1.5,0.0352,0.0092,0.49,0.0025,26.0,17.0
2024-01-10,금천구,-0.4,-1.8,2.9,0.0,0.0335,0.008,0.66,0.0024,73.0,66.0
2024-01-11,금천구,1.9,-2.1,5.0,0.0,0.0368,0.008,0.69,0.0028,67.0,57.0
2024-01-12,금천구,2.2,0.5,5.2,0.0,0.0302,0.0175,0.64,0.0031,59.0,41.0
2024-01-13,금천구,1.4,-1.6,6.1,0.0,0.0358,0.0129,0.63,0.0032,25.0,12.0
2024-01-14,금천구,0.7,-2.7,4.9,3.0,0.0332,0.0133,0.74,0.0028,32.0,23.0
2024-01-15,금천구,-3.0,-5.8,1.0,0.0,0.0204,0.0224,0.42,0.0029,23.0,8.0
2024-01-16,금천구,-1.3,-5.7,3.6,0.0,0.0408,0.0095,0.66,0.003,33.0,19.0
2024-01-17,금천구,1.0,-1.3,2.4,10.5,0.051,0.0025,0.85,0.0032,41.0,31.0
2024-01-18,금천구,4.9,1.7,9.5,1.0,0.0303,0.0113,0.57,0.0029,24.0,21.0
2024-01-19,금천구,5.8,4.6,9.2,0.0,0.0156,0.0287,0.43,0.0024,14.0,8.0
2024-01-20,금천구,3.6,1.7,5.2,2.0,0.0114,0.026,0.33,0.002,4.0,1.0
2024-01-21,금천구,1.9,-2.6,4.3,0.0,0.016,0.0214,0.39,0.0019,11.0,7.0
2024-01-22,금천구,-8.3,-11.1,-2.4,0.0,0.0108,0.0262,0.41,0.0017,29.0,19.0
2024-01-23,금천구,-10.9,-13.3,-7.6,0.0,0.0113,0.0261,0.37,0.0019,20.0,12.0
2024-01-24,금천구,-7.2,-10.4,-3.4,0.0,0.0128,0.0242,0.37,0.0022,22.0,11.0
2024-01-25,금천구,-4.4,-8.0,-0.3,0.0,0.0169,0.0196,0.37,0.0026,21.0,11.0
2024-01-26,금천구,-0.9,-5.2,3.8,0.0,0.0363,0.0121,0.58,0.0028,33.0,23.0
2024-01-27,금천구,0.2,-3.0,4.5,0.0,0.0313,0.0173,0.69,0.0034,50.0,40.0
2024-01-28,금천구,-0.8,-3.8,3.5,0.0,0.0195,0.0209,0.45,0.0024,30.0,22.0
2024-01-29,금천구,0.4,-3.4,4.2,0.0,0.0355,0.0138,0.67,0.0029,44.0,33.0
2024-01-30,금천구,2.2,-2.2,7.9,0.0,0.0454,0.0079,0.75,0.0031,64.0,49.0
2024-01-31,금천구,5.4,1.9,10.3,0.0,0.0446,0.0162,0.77,0.0041,62.0,47.0
2024-02-01,금천구,2.9,-0.5,6.8,0.0,0.0294,0.0212,0.77,0.0033,92.0,75.0
2024-02-02,금천구,3.2,1.1,6.1,0.0,0.0399,0.0117,0.76,0.0038,69.0,53.0
2024-02-03,금천구,5.0,1.1,8.8,0.0,0.0409,0.0116,0.69,0.0035,43.0,33.0
2024-02-04,금천구,7.6,4.3,10.9,0.0,0.0276,0.0202,0.56,0.0035,24.0,18.0
2024-02-05,금천구,2.7,0.4,7.4,5.0,0.014,0.0331,0.31,0.0024,5.0,3.0
2024-02-06,금천구,1.7,0.3,3.3,0.0,0.0267,0.0219,0.37,0.0023,14.0,10.0
2024-02-07,금천구,1.1,-0.3,2.7,0.0,0.0311,0.0198,0.61,0.0025,36.0,30.0
2024-02-08,금천구,1.2,-1.9,5.5,0.0,0.0385,0.0184,0.71,0.0031,44.0,36.0
2024-02-09,금천구,1.4,-1.5,5.0,0.0,,,,,,
2024-02-10,금천구,2.3,-0.9,7.7,0.0,,,,,,
2024-02-11,금천구,1.9,-1.9,5.3,0.0,0.0266,0.0299,0.62,0.0027,64.0,51.0
2024-02-12,금천구,4.6,-1.4,10.3,0.0,0.0291,0.0285,0.74,0.0031,61.0,47.0
2024-02-13,금천구,10.3,6.2,13.8,0.0,0.0181,0.0474,0.47,0.0033,70.0,44.0
2024-02-14,금천구,13.6,10.8,17.4,0.0,0.0228,0.0334,0.51,0.0032,36.0,19.0
2024-02-15,금천구,4.9,1.3,10.9,11.5,0.0197,0.0267,0.4,0.0025,23.0,14.0
2024-02-16,금천구,2.9,-0.6,7.6,0.0,0.0301,0.0189,0.55,0.0027,27.0,18.0
2024-02-17,금천구,5.0,0.2,10.4,0.0,0.0358,0.0195,0.69,0.0032,43.0,31.0
2024-02-18,금천구,7.5,3.1,10.5,14.0,0.0372,0.0102,0.68,0.0031,35.0,24.0
2024-02-19,금천구,9.2,4.1,12.4,5.0,0.0261,0.0147,0.55,0.0028,12.0,6.0
2024-02-20,금천구,5.0,3.1,7.9,2.5,0.0237,0.0147,0.47,0.0028,31.0,17.0
2024-02-21,금천구,2.2,0.2,4.5,17.0,0.0161,0.0268,0.31,0.0021,3.0,1.0
2024-02-22,금천구,0.5,-1.1,1.8,,0.0144,0.0326,0.28,0.0018,4.0,2.0
2024-02-23,금천구,2.3,-0.4,6.1,0.5,0.0133,0.0332,0.27,0.002,7.0,3.0
2024-02-24,금천구,2.2,-0.4,6.0,0.0,0.0102,0.0364,0.27,0.002,12.0,6.0
2024-02-25,금천구,3.4,1.1,6.9,1.0,0.0155,0.0295,0.34,0.0022,13.0,9.0
2024-02-26,금천구,5.0,0.4,9.7,0.0,0.0266,0.0205,0.52,0.0023,30.0,20.0
2024-02-27,금천구,5.9,1.9,9.5,0.0,0.0163,0.0344,0.29,0.0022,16.0,8.0
2024-02-28,금천구,7.1,4.4,10.3,0.0,0.0254,0.0288,0.42,0.0029,32.0,16.0
2024-02-29,금천구,5.6,1.0,9.9,0.0,0.0343,0.0197,0.57,0.0029,54.0,36.0
2024-03-01,금천구,-3.4,-6.2,1.0,0.0,0.009,0.0403,0.3,0.0022,34.0,10.0
2024-03-02,금천구,0.0,-6.5,4.4,0.0,0.0172,0.0348,0.43,0.0023,33.0,13.0
2024-03-03,금천구,4.3,1.0,7.8,0.0,0.0208,0.0382,0.67,0.0024,114.0,69.0
2024-03-04,금천구,6.3,0.3,12.1,0.0,0.0426,0.0172,0.66,0.0029,85.0,49.0
2024-03-05,금천구,8.7,6.7,11.2,0.0,0.0321,0.0291,0.47,0.0028,49.0,26.0
2024-03-06,금천구,7.0,4.3,11.0,0.0,0.0212,0.035,0.38,0.0023,12.0,6.0
2024-03-07,금천구,4.6,2.6,8.0,0.0,0.0255,0.0307,0.44,0.0026,32.0,19.0
2024-03-08,금천구,3.3,1.1,7.1,0.0,0.0193,0.0383,0.45,0.0029,44.0,24.0
2024-03-09,금천구,2.5,-0.5,7.2,0.0,0.0171,0.0365,0.37,0.0026,34.0,18.0
2024-03-10,금천구,4.8,-0.6,10.2,0.0,0.0267,0.03,0.47,0.0026,28.0,16.0
2024-03-11,금천구,7.2,3.4,11.3,0.0,0.0408,0.0221,0.54,0.0029,29.0,18.0
2024-03-12,금천구,6.9,5.0,11.2,2.0,0.0394,0.0186,0.5,0.0029,33.0,20.0
2024-03-13,금천구,6.5,1.9,11.1,0.0,0.0332,0.0278,0.58,0.0031,40.0,25.0
2024-03-14,금천구,8.6,4.4,14.8,0.0,0.0312,0.0418,0.56,0.0031,58.0,35.0
2024-03-15,금천구,8.8,5.3,13.3,0.0,0.0288,0.0374,0.44,0.0033,45.0,28.0
2024-03-16,금천구,11.2,5.4,18.9,0.0,0.0303,0.0365,0.47,0.0033,41.0,23.0
2024-03-17,금천구,8.8,5.7,11.7,0.0,0.0127,0.0456,0.34,0.0027,91.0,20.0
2024-03-18,금천구,7.6,3.2,12.9,0.0,0.0236,0.0318,0.35,0.0029,19.0,7.0
2024-03-19,금천구,6.7,4.6,10.0,0.0,0.0199,0.0395,0.36,0.0029,47.0,25.0
2024-03-20,금천구,4.9,2.6,8.2,0.0,0.0152,0.0406,0.33,0.0024,38.0,23.0
2024-03-21,금천구,5.5,0.5,10.1,0.0,0.0279,0.0353,0.46,0.003,35.0,20.0
2024-03-22,금천구,11.1,5.1,15.8,1.0,0.0273,0.0389,0.43,0.0028,38.0,16.0
2024-03-23,금천구,13.2,9.4,17.8,0.5,0.0186,0.0508,0.43,0.0024,58.0,22.0
2024-03-24,금천구,17.1,11.7,23.5,0.0,0.0242,0.0371,0.47,0.0026,33.0,14.0
2024-03-25,금천구,11.2,7.1,16.0,6.0,0.0138,0.0411,0.34,0.0023,20.0,8.0
2024-03-26,금천구,7.8,3.4,13.2,16.5,0.0179,0.0379,0.29,0.0021,7.0,3.0
2024-03-27,금천구,11.0,6.0,17.0,0.0,0.0271,0.0261,0.47,0.0028,28.0,17.0
2024-03-28,금천구,10.7,7.6,12.5,1.5,0.0273,0.0256,0.49,0.0029,19.0,11.0
2024-03-29,금천구,7.9,5.7,11.9,1.5,0.0208,0.0334,0.46,0.0026,217.0,36.0
2024-03-30,금천구,9.4,4.6,16.5,0.0,0.0281,0.031,0.48,0.0028,89.0,21.0
2024-03-31,금천구,11.5,4.4,17.1,0.0,0.0192,0.0366,0.49,0.0027,35.0,9.0
2024-04-01,금천구,12.9,7.1,18.9,0.0,0.0296,0.0298,0.46,0.0029,37.0,11.0
2024-04-02,금천구,15.9,8.6,24.4,0.0,0.0368,0.0353,0.48,0.0035,38.0,15.0
2024-04-03,금천구,16.7,15.1,19.0,0.0,0.032,0.0289,0.47,0.0031,28.0,14.0
2024-04-04,금천구,16.1,13.6,20.6,0.0,0.0179,0.0387,0.36,0.0027,30.0,14.0
2024-04-05,금천구,13.8,10.7,18.4,0.0,0.0164,0.0502,0.41,0.0029,39.0,19.0
2024-04-06,금천구,12.8,8.5,18.9,0.0,0.0303,0.0408,0.54,0.0033,58.0,35.0
2024-04-07,금천구,15.4,8.7,23.1,0.0,0.0256,0.0525,0.57,0.0033,43.0,25.0
2024-04-08,금천구,16.5,11.8,22.7,0.0,0.0459,0.0252,0.59,0.0037,47.0,24.0
2024-04-09,금천구,15.9,11.9,20.7,0.0,0.0193,0.0423,0.39,0.0028,38.0,20.0
2024-04-10,금천구,13.9,11.3,18.0,0.0,0.0119,0.0495,0.35,0.0027,40.0,18.0
2024-04-11,금천구,15.9,12.7,21.7,0.0,0.0269,0.0353,0.43,0.003,46.0,21.0
2024-04-12,금천구,17.8,12.6,24.1,0.0,0.0268,0.0392,0.44,0.0034,39.0,20.0
2024-04-13,금천구,19.6,12.6,27.6,0.0,0.0243,0.0363,0.4,0.0029,35.0,17.0
2024-04-14,금천구,20.9,13.8,29.1,0.0,0.0241,0.0439,0.48,0.004,38.0,20.0
2024-04-15,금천구,16.3,11.0,21.4,14.5,0.0154,0.0404,0.36,0.0032,18.0,9.0
2024-04-16,금천구,12.8,11.0,17.5,3.0,0.0204,0.0421,0.44,0.003,73.0,28.0
2024-04-17,금천구,14.9,9.0,22.2,0.0,0.0233,0.0283,0.48,0.0029,133.0,42.0
2024-04-18,금천구,17.2,11.1,25.0,0.0,0.0309,0.0289,0.46,0.0036,111.0,30.0
2024-04-19,금천구,17.8,12.4,23.9,0.0,0.0293,0.06,0.5,0.0046,85.0,27.0
2024-04-20,금천구,15.3,13.2,18.4,5.5,0.0197,0.0445,0.45,0.003,50.0,22.0
2024-04-21,금천구,17.5,13.6,21.0,0.0,0.0076,0.0474,0.32,0.0025,12.0,4.0
2024-04-22,금천구,19.2,15.4,24.3,0.0,0.0128,0.0532,0.31,0.0024,29.0,14.0
2024-04-23,금천구,17.5,14.1,24.2,0.0,0.0148,0.0508,0.3,0.0023,21.0,10.0
2024-04-24,금천구,13.0,10.3,18.5,13.0,0.0139,0.0353,0.3,0.0024,12.0,5.0
2024-04-25,금천구,14.4,9.7,21.2,0.0,0.0216,0.0484,0.44,0.0026,31.0,20.0
2024-04-26,금천구,18.2,12.1,26.1,0.0,0.0315,0.0423,0.57,0.0034,60.0,28.0
2024-04-27,금천구,18.2,12.1,25.9,0.0,0.0238,0.0474,0.5,0.0037,48.0,27.0
2024-04-28,금천구,20.8,12.7,28.2,0.0,0.0227,0.0539,0.45,0.0033,31.0,16.0
2024-04-29,금천구,21.0,17.8,26.1,0.0,0.0188,0.0506,0.39,0.0029,37.0,19.0
2024-04-30,금천구,17.6,15.1,21.3,0.0,0.0233,0.0433,0.44,0.0038,52.0,30.0
2024-05-01,금천구,18.2,14.8,23.6,0.0,0.0134,0.0486,0.37,0.0026,26.0,15.0
2024-05-02,금천구,18.5,14.1,23.6,0.0,0.0239,0.0429,0.44,0.0033,34.0,18.0
2024-05-03,금천구,19.4,12.5,28.1,0.0,0.0279,0.0521,0.43,0.0038,42.0,22.0
2024-05-04,금천구,21.4,14.9,27.9,0.0,0.0249,0.0679,0.51,0.004,44.0,26.0
2024-05-05,금천구,17.7,15.5,21.3,36.5,0.0123,0.0275,0.4,0.0027,18.0,11.0
2024-05-06,금천구,14.0,13.3,15.5,12.0,0.0115,0.0451,0.4,0.0023,10.0,5.0
2024-05-07,금천구,13.7,12.1,15.6,3.5,0.0111,0.0326,0.35,0.0022,16.0,10.0
2024-05-08,금천구,15.5,10.8,21.6,0.0,0.0142,0.0363,0.29,0.0024,17.0,7.0
2024-05-09,금천구,16.2,11.1,22.0,0.0,0.0206,0.0448,0.37,0.0029,25.0,11.0
2024-05-10,금천구,18.0,13.4,24.0,0.0,0.0168,0.0551,0.4,0.0031,26.0,12.0
2024-05-11,금천구,17.3,13.5,23.4,30.0,0.0127,0.0436,0.31,0.0025,19.0,6.0
2024-05-12,금천구,17.2,11.4,22.4,0.0,0.0109,0.049,0.33,0.0026,71.0,10.0
2024-05-13,금천구,18.8,12.6,25.0,0.0,0.0189,0.0454,0.37,0.0028,26.0,12.0
2024-05-14,금천구,19.1,13.3,24.4,0.0,0.0217,0.0516,0.33,0.0033,24.0,12.0
2024-05-15,금천구,13.1,7.7,19.4,22.0,0.0188,0.0414,0.37,0.0028,22.0,7.0
2024-05-16,금천구,14.4,7.9,19.7,0.5,0.014,0.0438,0.28,0.0028,13.0,4.0
2024-05-17,금천구,18.8,12.4,24.7,0.0,0.0188,0.0624,0.44,0.0033,38.0,17.0
2024-05-18,금천구,20.8,15.8,26.2,0.0,0.0185,0.0377,0.37,0.0029,23.0,8.0
2024-05-19,금천구,21.7,16.7,28.1,0.0,0.0141,0.0431,0.32,0.0032,21.0,10.0
2024-05-20,금천구,19.4,16.5,23.2,0.0,0.0175,0.031,0.37,0.0033,27.0,13.0
2024-05-21,금천구,21.4,16.1,29.1,0.0,0.0185,0.0482,0.36,0.0027,42.0,25.0
2024-05-22,금천구,19.8,15.2,26.1,0.0,0.0203,0.0426,0.41,0.0034,49.0,31.0
2024-05-23,금천구,20.1,15.9,26.8,0.0,0.0227,0.0348,0.35,0.0035,30.0,17.0
2024-05-24,금천구,20.0,15.6,24.1,0.0,0.02,0.0351,0.32,0.0028,42.0,27.0
2024-05-25,금천구,21.2,18.5,24.6,0.0,0.0188,0.0363,0.37,0.003,35.0,20.0
2024-05-26,금천구,19.8,17.2,24.3,8.5,0.0112,0.0425,0.34,0.0028,23.0,11.0
2024-05-27,금천구,19.0,14.7,23.7,0.0,0.0121,0.047,0.39,0.0027,25.0,8.0
2024-05-28,금천구,20.7,15.4,26.5,0.0,0.0158,0.0332,0.33,0.0028,17.0,7.0
2024-05-29,금천구,21.5,16.1,26.9,0.0,0.0202,0.036,0.36,0.003,20.0,8.0
2024-05-30,금천구,21.5,17.6,25.8,0.0,0.0319,0.0372,0.42,0.0034,23.0,12.0
2024-05-31,금천구,20.4,17.2,25.2,0.0,0.0184,0.0489,0.37,0.0033,21.0,12.0
2024-06-01,금천구,20.4,17.1,26.3,0.0,0.0108,0.0505,0.35,0.0026,29.0,14.0
2024-06-02,금천구,21.3,16.5,26.7,0.0,0.0101,0.0515,0.34,0.0027,19.0,9.0
2024-06-03,금천구,22.7,17.1,28.8,0.0,0.0132,0.0445,0.32,0.0025,15.0,7.0
2024-06-04,금천구,23.4,18.4,29.7,0.0,0.0174,0.0424,0.34,0.0026,17.0,8.0
2024-06-05,금천구,23.3,18.6,30.2,0.0,0.0272,0.052,0.4,0.0035,36.0,21.0
2024-06-06,금천구,23.6,19.2,30.7,0.0,0.0205,0.0621,0.4,0.0032,37.0,24.0
2024-06-07,금천구,23.0,17.9,28.0,0.0,0.0217,0.0545,0.37,0.0034,29.0,17.0
2024-06-08,금천구,20.5,17.4,25.0,18.5,0.0122,0.0351,0.33,0.0026,23.0,16.0
2024-06-09,금천구,22.9,17.9,28.3,0.0,0.0123,0.0524,0.38,0.0032,24.0,15.0
2024-06-10,금천구,24.6,19.2,31.6,0.0,0.0185,0.0608,0.45,0.0034,42.0,25.0
2024-06-11,금천구,24.9,21.7,31.0,0.0,0.0132,0.0762,0.46,0.0031,58.0,37.0
2024-06-12,금천구,25.3,19.6,32.4,0.0,0.018,0.0597,0.34,0.0032,27.0,15.0
2024-06-13,금천구,26.8,21.1,32.9,0.0,0.0239,0.0427,0.35,0.0038,30.0,17.0
2024-06-14,금천구,26.4,22.1,33.3,0.0,0.0267,0.0434,0.39,0.0048,32.0,19.0
2024-06-15,금천구,23.9,21.2,28.0,5.5,0.0154,0.0212,0.29,0.0033,24.0,17.0
2024-06-16,금천구,24.0,19.7,30.2,0.0,0.0105,0.0457,0.32,0.003,21.0,12.0
2024-06-17,금천구,24.8,19.2,30.4,0.0,0.0182,0.0491,0.31,0.0032,20.0,10.0
2024-06-18,금천구,25.4,20.6,31.7,0.0,0.02,0.0452,0.28,0.0033,22.0,11.0
2024-06-19,금천구,28.6,21.4,35.4,0.0,0.021,0.0801,0.38,0.0038,37.0,23.0
2024-06-20,금천구,29.0,23.6,35.2,0.0,0.0208,0.0871,0.4,0.0044,38.0,25.0
2024-06-21,금천구,27.4,23.1,32.8,0.0,0.0232,0.0597,0.35,0.0043,30.0,18.0
2024-06-22,금천구,24.2,22.1,26.5,19.5,0.0147,0.0321,0.37,0.0033,22.0,15.0
2024-06-23,금천구,25.1,22.2,29.3,5.5,0.0073,0.0344,0.29,0.0027,14.0,6.0
2024-06-24,금천구,24.0,20.8,27.9,0.0,0.0128,0.0537,0.34,0.0028,42.0,17.0
2024-06-25,금천구,23.1,20.2,26.8,0.0,0.0125,0.0458,0.25,0.0028,17.0,6.0
2024-06-26,금천구,25.0,19.1,31.7,0.0,0.0184,0.0493,0.31,0.003,23.0,11.0
2024-06-27,금천구,26.3,21.0,31.4,0.0,0.0216,0.0564,0.33,0.0031,27.0,14.0
2024-06-28,금천구,26.7,21.7,32.3,0.0,0.025,0.0701,0.4,0.0036,39.0,26.0
2024-06-29,금천구,26.4,22.6,32.0,28.0,0.0135,0.0546,0.35,0.0037,26.0,17.0
2024-06-30,금천구,23.6,22.0,25.7,22.5,0.007,0.0369,0.3,0.0025,20.0,10.0
2024-07-01,금천구,26.5,21.9,31.5,0.0,0.0135,0.0535,0.31,0.0025,24.0,13.0
2024-07-02,금천구,24.1,21.4,26.8,56.5,0.0148,0.0244,0.29,0.0025,17.0,8.0
2024-07-03,금천구,25.0,23.4,27.2,0.5,0.0112,0.0471,0.4,0.0028,29.0,15.0
2024-07-04,금천구,27.0,22.9,31.5,4.5,0.0125,0.0555,0.44,0.0024,38.0,28.0
2024-07-05,금천구,23.3,21.0,27.1,5.5,0.013,0.0547,0.43,0.0023,17.0,9.0
2024-07-06,금천구,25.6,22.6,31.2,4.5,0.0115,0.0318,0.38,0.0024,27.0,14.0
2024-07-07,금천구,24.2,21.9,30.2,12.0,0.0111,0.0429,0.43,0.0023,22.0,11.0
2024-07-08,금천구,24.0,23.0,24.6,18.5,0.0156,0.0267,0.35,0.0024,11.0,5.0
2024-07-09,금천구,24.4,22.7,27.3,2.5,0.0148,0.0261,0.28,0.0025,15.0,7.0
2024-07-10,금천구,27.1,22.9,32.5,6.0,0.0122,0.0407,0.26,0.0023,11.0,4.0
2024-07-11,금천구,25.0,22.5,29.2,0.0,0.0188,0.0303,0.45,0.0029,37.0,23.0
2024-07-12,금천구,25.9,22.0,30.8,0.0,0.0204,0.043,0.47,0.0028,40.0,27.0
2024-07-13,금천구,28.2,23.9,34.3,0.0,0.0141,0.0539,0.49,0.0029,48.0,37.0
2024-07-14,금천구,28.7,25.6,33.0,0.0,0.0084,0.0423,0.34,0.0027,28.0,21.0
2024-07-15,금천구,28.8,25.1,33.1,0.0,0.0091,0.044,0.25,0.0024,10.0,4.0
2024-07-16,금천구,27.0,24.3,32.1,8.0,0.0107,0.0348,0.27,0.0025,13.0,7.0
2024-07-17,금천구,26.4,23.9,29.8,15.5,0.0084,0.0132,0.23,0.0023,12.0,3.0
2024-07-18,금천구,24.8,23.3,27.0,131.5,0.0139,0.0195,0.25,0.0023,9.0,3.0
2024-07-19,금천구,27.4,24.4,32.0,0.0,0.012,0.04,0.31,0.0024,22.0,14.0
2024-07-20,금천구,27.5,25.2,32.0,18.0,0.0085,0.0367,0.33,0.0022,15.0,8.0
2024-07-21,금천구,27.3,23.2,30.9,6.0,0.008,0.0414,0.26,0.0023,20.0,8.0
2024-07-22,금천구,27.4,24.8,29.4,45.0,0.0091,0.0113,0.23,0.0023,14.0,5.0
2024-07-23,금천구,26.8,25.8,28.5,3.5,0.0098,0.0118,0.19,0.0023,12.0,3.0
2024-07-24,금천구,28.3,26.1,32.4,13.0,0.0103,0.0125,0.2,0.0024,17.0,4.0
2024-07-25,금천구,29.3,25.5,34.7,17.0,0.0107,0.02,0.22,0.0024,19.0,7.0
2024-07-26,금천구,29.9,25.8,34.6,5.0,0.0114,0.0158,0.23,0.0024,18.0,7.0
2024-07-27,금천구,29.7,27.3,32.9,13.0,0.0078,0.0145,0.22,0.0021,14.0,6.0
2024-07-28,금천구,29.8,27.9,33.8,0.0,0.0056,0.0121,0.2,0.0021,16.0,5.0
2024-07-29,금천구,27.6,26.8,28.6,0.0,0.009,0.0155,0.2,0.0021,20.0,6.0
2024-07-30,금천구,28.7,26.3,32.7,0.0,0.0113,0.0302,0.19,0.0023,24.0,10.0
2024-07-31,금천구,29.7,27.1,34.2,0.0,0.0094,0.0212,0.21,0.0022,15.0,5.0
2024-08-01,금천구,30.3,27.6,34.3,0.0,0.0092,0.0232,0.22,0.0022,19.0,7.0
2024-08-02,금천구,29.8,28.1,33.7,0.0,0.0088,0.0338,0.27,0.0021,28.0,13.0
2024-08-03,금천구,31.0,27.1,35.6,0.0,0.0107,0.0512,0.32,0.0022,27.0,18.0
2024-08-04,금천구,31.9,27.5,36.5,0.0,0.0119,0.045,0.42,0.0023,28.0,20.0
2024-08-05,금천구,31.4,28.1,36.5,0.0,0.0122,0.0346,0.39,0.0022,35.0,28.0
2024-08-06,금천구,29.5,26.4,34.2,6.0,0.019,0.0255,0.33,0.004,25.0,13.0
2024-08-07,금천구,30.3,25.6,35.1,10.0,0.0149,0.0227,0.25,0.0031,19.0,11.0
2024-08-08,금천구,28.7,26.5,32.2,0.5,0.013,0.0232,0.21,0.0024,19.0,11.0
2024-08-09,금천구,29.8,25.7,34.8,0.0,0.0158,0.0349,0.27,0.0024,28.0,19.0
2024-08-10,금천구,30.9,26.9,35.0,0.0,0.0142,0.0396,0.29,0.0028,34.0,24.0
2024-08-11,금천구,31.4,28.5,36.3,0.0,0.0097,0.0345,0.26,0.0024,26.0,19.0
2024-08-12,금천구,32.0,29.0,36.5,0.0,0.0138,0.0375,0.28,0.0027,25.0,17.0
2024-08-13,금천구,31.8,28.6,36.8,15.5,0.0131,0.0354,0.27,0.0025,26.0,17.0
2024-08-14,금천구,30.8,27.0,36.7,7.5,0.0146,0.0431,0.29,0.0027,26.0,16.0
2024-08-15,금천구,30.1,27.2,35.5,0.0,0.0109,0.0445,0.27,0.0025,23.0,15.0
2024-08-16,금천구,31.1,28.0,36.1,0.0,0.0125,0.0437,0.28,0.0028,22.0,13.0
2024-08-17,금천구,30.8,28.3,35.7,5.0,0.0112,0.0468,0.29,0.0025,24.0,16.0
2024-08-18,금천구,30.1,27.8,34.0,0.0,0.01,0.0382,0.27,0.0022,22.0,15.0
2024-08-19,금천구,31.2,27.1,36.5,0.0,0.013,0.0479,0.34,0.0025,30.0,20.0
2024-08-20,금천구,32.0,28.5,36.4,0.0,0.0144,0.0353,0.28,0.0024,28.0,19.0
2024-08-21,금천구,28.7,26.9,31.6,40.5,0.0074,0.0153,0.18,0.0021,12.0,3.0
2024-08-22,금천구,29.0,27.0,31.8,2.5,0.0083,0.0228,0.2,0.0023,16.0,4.0
2024-08-23,금천구,28.3,25.1,32.4,0.0,0.0119,0.053,0.32,0.0023,28.0,17.0
2024-08-24,금천구,28.7,25.8,33.1,3.0,0.0145,0.0434,0.4,0.0024,40.0,30.0
2024-08-25,금천구,29.0,25.6,34.2,10.0,0.0109,0.0422,0.37,0.0023,36.0,27.0
2024-08-26,금천구,28.6,26.2,33.2,0.5,0.0147,0.026,0.33,0.0014,39.0,28.0
2024-08-27,금천구,27.5,26.0,31.4,0.0,0.0169,0.0259,0.37,0.0028,22.0,11.0
2024-08-28,금천구,29.0,24.0,34.6,0.0,0.009,0.0461,0.28,0.0026,13.0,6.0
2024-08-29,금천구,29.1,25.0,34.2,0.0,0.0093,0.0454,0.27,0.0024,9.0,4.0
2024-08-30,금천구,29.0,25.2,34.3,0.0,0.0141,0.0395,0.27,0.0026,13.0,5.0
2024-08-31,금천구,28.3,23.9,33.5,0.0,0.0141,0.0545,0.39,0.0028,35.0,19.0
2024-09-01,금천구,27.3,24.6,31.6,0.0,0.0125,0.0482,0.45,0.0029,30.0,20.0
2024-09-02,금천구,25.5,23.3,27.8,1.5,0.0159,0.0316,0.36,0.0026,19.0,12.0
2024-09-03,금천구,27.7,23.8,33.0,0.0,0.0093,0.0503,0.26,0.0024,10.0,5.0
2024-09-04,금천구,28.3,23.8,33.3,0.0,0.0154,0.0552,0.31,0.0027,15.0,11.0
2024-09-05,금천구,26.5,25.3,29.3,15.5,0.0178,0.0371,0.35,0.0027,21.0,15.0
2024-09-06,금천구,24.4,23.3,26.0,0.5,0.0147,0.0221,0.34,0.0024,8.0,10.0
2024-09-07,금천구,27.0,23.0,31.9,0.0,0.0147,0.0432,0.38,0.0029,18.0,15.0
2024-09-08,금천구,27.7,23.8,32.4,0.0,0.0148,0.0576,0.45,0.0031,29.0,26.0
2024-09-09,금천구,29.2,25.1,34.2,0.0,0.0193,0.0467,0.45,0.003,28.0,25.0
2024-09-10,금천구,30.1,26.4,35.0,0.0,0.0223,0.044,0.42,0.0018,28.0,25.0
2024-09-11,금천구,29.5,26.4,36.0,0.5,0.0213,0.0462,0.38,0.003,26.0,24.0
2024-09-12,금천구,25.9,25.1,27.3,52.0,0.0185,0.0091,0.34,0.0028,7.0,8.0
2024-09-13,금천구,26.4,24.8,28.9,11.5,0.0156,0.008,0.32,0.003,14.0,10.0
2024-09-14,금천구,28.3,25.8,32.2,0.5,0.0116,0.0214,0.27,0.0028,9.0,7.0
2024-09-15,금천구,28.0,25.1,33.1,0.0,0.0106,0.0203,0.32,0.0026,13.0,8.0
2024-09-16,금천구,28.1,21.5,34.6,8.5,0.0072,0.0357,0.26,0.0024,5.0,4.0
2024-09-17,금천구,29.9,26.9,34.8,0.0,0.0118,0.0241,0.29,0.0026,9.0,7.0
2024-09-18,금천구,30.3,27.3,34.7,0.0,0.0131,0.0253,0.3,0.0027,16.0,14.0
2024-09-19,금천구,30.1,27.1,34.4,0.0,0.0165,0.0316,0.31,0.003,13.0,13.0
2024-09-20,금천구,25.4,18.3,29.6,64.5,0.0146,0.0105,0.28,0.0026,14.0,10.0
2024-09-21,금천구,19.9,17.3,22.8,15.0,0.0069,0.0334,0.22,0.0022,5.0,2.0
2024-09-22,금천구,21.7,18.3,26.8,0.0,0.0071,0.0272,0.25,0.0022,4.0,2.0
2024-09-23,금천구,21.6,17.6,26.6,0.0,0.0086,0.0341,0.26,0.0022,8.0,3.0
2024-09-24,금천구,21.8,16.9,27.4,0.0,0.0148,0.0367,0.26,0.0022,9.0,6.0
2024-09-25,금천구,24.2,19.8,28.9,0.0,0.0221,0.03,0.34,0.0027,18.0,11.0
2024-09-26,금천구,24.5,22.4,29.0,0.0,0.0201,0.037,0.34,0.0028,15.0,13.0
2024-09-27,금천구,24.1,20.6,29.3,0.0,0.0143,0.0331,0.31,0.0027,14.0,11.0
2024-09-28,금천구,23.9,20.8,28.9,0.0,0.0086,0.0423,0.24,0.0022,9.0,6.0
2024-09-29,금천구,24.3,20.0,29.8,0.0,0.0071,0.042,0.25,0.0021,6.0,5.0
2024-09-30,금천구,23.9,19.6,28.9,0.0,0.0177,0.0408,0.27,0.0026,12.0,8.0
2024-10-01,금천구,19.2,15.4,22.6,2.0,0.0142,0.0344,0.23,0.0027,12.0,8.0
2024-10-02,금천구,16.2,13.4,20.4,0.0,0.0111,0.0305,0.24,0.0023,11.0,8.0
2024-10-03,금천구,16.9,12.7,21.8,0.0,0.0165,0.0234,0.28,0.0023,11.0,8.0
2024-10-04,금천구,18.5,13.8,24.2,0.0,0.0187,0.0264,0.29,0.0024,12.0,9.0
2024-10-05,금천구,18.9,13.8,24.8,0.0,0.0213,0.0323,0.34,0.0025,19.0,14.0
2024-10-06,금천구,16.6,14.4,18.5,0.0,0.0259,0.0131,0.44,0.0025,21.0,18.0
2024-10-07,금천구,18.0,15.3,21.4,0.0,0.0274,0.0234,0.47,0.0031,35.0,26.0
2024-10-08,금천구,18.6,14.4,24.5,0.0,0.0213,0.0246,0.47,0.0031,39.0,29.0
2024-10-09,금천구,19.6,15.3,23.7,0.0,0.014,0.0312,0.28,0.0025,8.0,7.0
2024-10-10,금천구,19.8,16.8,24.6,0.0,0.0158,0.0417,0.3,0.0025,16.0,12.0
2024-10-11,금천구,19.1,15.4,24.6,0.0,0.0249,0.0364,0.44,0.0029,31.0,24.0
2024-10-12,금천구,19.0,14.7,24.3,0.0,0.0236,0.0367,0.42,0.0029,28.0,22.0
2024-10-13,금천구,19.2,14.2,23.5,0.0,0.0202,0.0289,0.4,0.0027,24.0,20.0
2024-10-14,금천구,20.2,18.4,22.2,0.0,0.0188,0.0303,0.28,0.0026,12.0,9.0
2024-10-15,금천구,19.5,17.8,22.2,1.0,0.0224,0.0164,0.32,0.0025,14.0,13.0
2024-10-16,금천구,19.3,15.7,24.3,0.0,0.0253,0.0244,0.46,0.003,33.0,25.0
2024-10-17,금천구,20.3,15.5,26.6,0.0,0.0289,0.0243,0.47,0.0029,34.0,26.0
2024-10-18,금천구,18.0,16.3,20.3,47.5,0.02,0.0174,0.33,0.0026,15.0,11.0
2024-10-19,금천구,17.1,13.5,21.1,0.5,0.0094,0.032,0.26,0.0024,6.0,5.0
2024-10-20,금천구,13.8,11.2,17.9,0.0,0.0047,0.0365,0.18,0.002,7.0,4.0
2024-10-21,금천구,15.3,10.7,19.8,0.0,0.0187,0.0205,0.27,0.0022,11.0,6.0
2024-10-22,금천구,15.7,14.9,16.8,15.0,0.0241,0.0084,0.36,0.0024,8.0,7.0
2024-10-23,금천구,13.5,11.2,16.5,1.0,0.0121,0.0352,0.31,0.0025,12.0,7.0
2024-10-24,금천구,13.5,8.4,18.5,0.0,0.021,0.0242,0.37,0.0025,20.0,15.0
2024-10-25,금천구,16.2,11.6,21.9,0.0,0.0293,0.0144,0.43,0.0026,21.0,15.0
2024-10-26,금천구,18.1,12.6,24.0,0.0,0.024,0.0204,0.38,0.0031,15.0,11.0
2024-10-27,금천구,16.8,14.5,19.7,0.0,0.017,0.0305,0.36,0.0027,23.0,17.0
2024-10-28,금천구,16.6,13.3,20.3,0.0,0.0182,0.0204,0.45,0.0025,33.0,25.0
2024-10-29,금천구,16.0,14.4,20.0,0.0,0.0197,0.0234,0.31,0.0023,10.0,7.0
2024-10-30,금천구,16.4,12.5,21.2,0.0,0.0264,0.0251,0.44,0.003,23.0,16.0
2024-10-31,금천구,16.9,12.6,22.8,0.0,0.0313,0.0228,0.45,0.0029,28.0,21.0
2024-11-01,금천구,16.6,14.4,19.0,0.0,0.0432,0.0108,0.6,0.0034,34.0,25.0
2024-11-02,금천구,19.0,14.2,24.8,0.0,0.0222,0.0287,0.38,0.003,29.0,21.0
2024-11-03,금천구,18.2,13.6,22.9,0.0,0.0162,0.0336,0.36,0.0027,22.0,17.0
2024-11-04,금천구,15.4,10.3,19.1,0.0,0.0142,0.0368,0.29,0.0026,23.0,16.0
2024-11-05,금천구,10.6,8.0,14.9,0.0,0.0136,0.0257,0.27,0.0028,24.0,13.0
2024-11-06,금천구,8.8,5.8,12.1,0.0,0.0172,0.0249,0.33,0.0031,25.0,16.0
2024-11-07,금천구,9.1,4.1,14.5,0.0,0.0341,0.0132,0.45,0.0029,39.0,26.0
2024-11-08,금천구,11.4,6.2,17.5,0.0,0.0391,0.0149,0.49,0.0028,32.0,24.0
2024-11-09,금천구,14.2,9.5,19.8,0.0,0.0379,0.0167,0.52,0.0031,27.0,19.0
2024-11-10,금천구,15.0,11.7,20.3,0.0,0.031,0.0185,0.5,0.0029,23.0,18.0
2024-11-11,금천구,15.2,10.4,20.8,0.0,0.0406,0.0185,0.67,0.0034,54.0,37.0
2024-11-12,금천구,14.7,11.9,18.8,0.0,0.0285,0.0222,0.44,0.0031,38.0,29.0
2024-11-13,금천구,15.1,9.7,20.4,0.0,0.0342,0.0174,0.54,0.0033,35.0,24.0
2024-11-14,금천구,15.6,13.8,17.6,0.0,0.0325,0.0148,0.44,0.0031,29.0,19.0
2024-11-15,금천구,17.3,13.4,21.5,0.0,0.0243,0.0211,0.4,0.0028,24.0,17.0
2024-11-16,금천구,17.6,14.8,22.3,7.5,0.0131,0.0374,0.36,0.0026,19.0,15.0
2024-11-17,금천구,7.6,4.1,14.8,0.0,0.008,0.0305,0.26,0.0027,17.0,10.0
2024-11-18,금천구,4.0,1.8,7.3,0.0,0.014,0.0244,0.25,0.0024,15.0,10.0
2024-11-19,금천구,6.2,2.3,10.9,0.0,0.0352,0.0094,0.4,0.0026,22.0,16.0
2024-11-20,금천구,6.8,3.2,10.0,0.5,0.0414,0.0041,0.62,0.0029,38.0,27.0
2024-11-21,금천구,9.9,6.7,13.7,1.5,0.0322,0.0128,0.6,0.0035,53.0,41.0
2024-11-22,금천구,7.4,5.3,10.8,0.0,0.0222,0.0206,0.37,0.0035,34.0,23.0
2024-11-23,금천구,7.5,4.0,11.9,0.0,0.0297,0.0131,0.43,0.0028,22.0,16.0
2024-11-24,금천구,8.5,4.3,13.3,0.0,0.0298,0.0125,0.48,0.0029,16.0,14.0
2024-11-25,금천구,11.3,4.9,16.4,0.0,0.026,0.0189,0.42,0.0028,19.0,14.0
2024-11-26,금천구,6.4,1.6,13.2,21.5,0.0129,0.0274,0.24,0.0024,10.0,7.0
2024-11-27,금천구,-0.2,-1.3,3.3,24.0,0.0177,0.0238,0.29,0.002,7.0,6.0
2024-11-28,금천구,1.3,-0.1,4.3,11.0,0.0194,0.0217,0.36,0.0022,15.0,13.0
2024-11-29,금천구,1.1,-2.1,4.2,0.0,0.0298,0.013,0.46,0.0026,30.0,21.0
2024-11-30,금천구,3.8,0.1,6.1,0.0,0.0375,0.0077,0.6,0.0028,21.0,15.0
2024-12-01,금천구,6.2,2.3,9.8,0.5,0.0343,0.0063,0.76,0.003,34.0,28.0
2024-12-02,금천구,7.8,1.8,13.2,0.0,0.0227,0.0268,0.44,0.0031,40.0,27.0
2024-12-03,금천구,1.8,-1.1,4.5,0.0,0.0199,0.0223,0.27,0.0027,16.0,9.0
2024-12-04,금천구,3.4,0.3,6.7,0.0,0.0292,0.0157,0.4,0.0028,20.0,13.0
2024-12-05,금천구,4.5,1.0,8.1,0.5,0.0288,0.0172,0.43,0.0028,20.0,13.0
2024-12-06,금천구,2.8,0.2,5.4,0.0,0.0165,0.0259,0.28,0.0028,23.0,10.0
2024-12-07,금천구,0.6,-1.6,4.3,0.0,0.0182,0.0225,0.39,0.0024,20.0,14.0
2024-12-08,금천구,0.3,-2.6,4.0,0.0,0.0165,0.0238,0.35,0.0024,22.0,15.0
2024-12-09,금천구,1.8,-2.4,7.0,0.0,0.0383,0.0095,0.56,0.003,31.0,20.0
2024-12-10,금천구,3.1,-0.9,7.6,0.0,0.0405,0.0108,0.64,0.0033,41.0,30.0
2024-12-11,금천구,3.4,0.7,6.8,0.0,0.0366,0.0126,0.73,0.0041,59.0,40.0
2024-12-12,금천구,1.3,-1.9,4.6,0.0,0.0287,0.0144,0.47,0.0035,38.0,22.0
2024-12-13,금천구,1.5,-0.5,4.1,0.0,0.0242,0.0209,0.38,0.003,23.0,14.0
2024-12-14,금천구,0.0,-2.1,2.7,0.0,0.0218,0.0217,0.41,0.003,27.0,16.0
2024-12-15,금천구,1.4,-0.6,6.2,0.0,0.0246,0.0208,0.45,0.0029,19.0,9.0
2024-12-16,금천구,0.7,-2.1,3.6,0.0,0.0353,0.0094,0.54,0.0028,27.0,16.0
2024-12-17,금천구,-0.1,-3.1,3.5,0.0,0.0261,0.0173,0.4,0.0029,24.0,14.0
2024-12-18,금천구,-3.1,-5.0,-0.6,0.0,0.0189,0.0185,0.36,0.0031,30.0,16.0
2024-12-19,금천구,-0.9,-5.2,4.1,0.0,0.0438,0.0069,0.68,0.0041,61.0,39.0
2024-12-20,금천구,1.8,-1.1,5.0,0.5,0.0489,0.0047,0.7,0.0045,56.0,40.0
2024-12-21,금천구,-0.6,-3.9,2.4,2.0,0.0205,0.021,0.52,0.0028,48.0,39.0
2024-12-22,금천구,-2.6,-5.9,1.1,0.0,0.0164,0.0263,0.21,0.0026,18.0,10.0
2024-12-23,금천구,0.9,-3.6,6.8,0.0,0.0346,0.0143,0.29,0.0031,27.0,17.0
2024-12-24,금천구,0.6,-2.4,4.3,0.0,0.0327,0.0156,0.49,0.0031,30.0,18.0
2024-12-25,금천구,3.0,-0.2,6.3,0.0,0.0333,0.0157,0.59,0.0034,27.0,19.0
2024-12-26,금천구,0.3,-4.1,5.0,0.5,0.0186,0.0244,0.46,0.003,69.0,37.0
2024-12-27,금천구,-2.0,-4.5,1.7,0.0,0.0176,0.0257,0.34,0.0027,29.0,14.0
2024-12-28,금천구,-2.3,-5.3,1.2,0.0,0.0143,0.0261,0.34,0.0028,27.0,14.0
2024-12-29,금천구,1.9,-2.3,5.3,0.0,0.0245,0.0188,0.44,0.0027,23.0,15.0
2024-12-30,금천구,6.3,3.7,10.1,0.0,0.0261,0.025,0.56,0.0032,53.0,31.0
2024-12-31,금천구,1.0,-0.9,5.5,0.0,0.0199,0.0242,0.39,0.0032,49.0,17.0
2024-01-01,중구,1.9,-0.7,5.3,0.0,0.0304,0.0116,0.72,0.0031,18.0,20.0
2024-01-02,중구,1.3,0.7,2.9,0.0,0.0207,0.0244,0.49,0.0028,35.0,30.0
2024-01-03,중구,0.2,-2.3,2.8,0.0,0.0236,0.0227,0.47,0.0029,36.0,29.0
2024-01-04,중구,0.3,-3.1,3.6,0.0,0.0364,0.0134,0.74,0.0034,49.0,39.0
2024-01-05,중구,3.7,-0.2,8.6,0.0,0.0369,0.0181,0.75,0.0034,76.0,58.0
2024-01-06,중구,-1.2,-3.6,3.4,2.5,0.0161,0.0264,0.39,0.0031,19.0,13.0
2024-01-07,중구,-6.4,-10.2,-3.2,0.0,0.0112,0.0265,0.41,0.003,20.0,15.0
2024-01-08,중구,-6.2,-10.6,-1.8,0.0,0.0271,0.0106,0.5,0.0031,20.0,14.0
2024-01-09,중구,-2.4,-3.9,-1.0,1.0,0.0441,0.0026,0.63,0.0033,26.0,22.0
2024-01-10,중구,-2.2,-4.5,2.1,0.0,0.0408,0.0049,0.76,0.0032,64.0,58.0
2024-01-11,중구,0.1,-4.0,2.8,0.0,0.0414,0.0074,0.68,0.0033,59.0,52.0
2024-01-12,중구,-0.3,-2.2,2.9,0.0,0.023,0.0227,0.53,0.0032,51.0,38.0
2024-01-13,중구,-0.6,-3.7,4.1,0.0,0.0285,0.0174,0.49,0.0035,20.0,12.0
2024-01-14,중구,-0.7,-5.1,2.5,2.5,0.0385,0.0083,0.75,0.0032,30.0,24.0
2024-01-15,중구,-5.4,-8.2,-0.7,0.0,0.0172,0.0247,0.39,0.0034,18.0,11.0
2024-01-16,중구,-3.1,-7.6,2.1,0.0,0.0374,0.0097,0.62,0.0036,26.0,18.0
2024-01-17,중구,-1.1,-2.5,0.8,4.5,0.0467,0.0023,0.75,0.0034,31.0,27.0
2024-01-18,중구,2.8,-0.1,6.6,0.0,0.0312,0.0121,0.6,0.0031,23.0,21.0
2024-01-19,중구,3.3,2.2,6.1,0.0,0.0189,0.026,0.42,0.0025,12.0,10.0
2024-01-20,중구,1.3,-0.1,2.9,0.0,0.0135,0.0293,0.32,0.0024,4.0,3.0
2024-01-21,중구,-0.4,-4.6,3.2,0.5,0.0126,0.0271,0.37,0.0024,9.0,7.0
2024-01-22,중구,-10.5,-14.1,-4.4,0.0,0.0105,0.0269,0.38,0.0026,30.0,22.0
2024-01-23,중구,-13.9,-16.0,-10.4,0.0,0.0101,0.0267,0.35,0.0029,18.0,13.0
2024-01-24,중구,-10.0,-13.2,-5.6,0.0,0.0111,0.0276,0.37,0.0031,19.0,12.0
2024-01-25,중구,-6.7,-10.8,-2.2,0.0,0.019,0.0229,0.41,0.0032,19.0,14.0
2024-01-26,중구,-2.6,-7.2,2.5,0.0,0.0338,0.0158,0.56,0.0032,28.0,23.0
2024-01-27,중구,-1.7,-5.0,3.2,0.0,0.0288,0.0243,0.63,0.0034,42.0,36.0
2024-01-28,중구,-2.6,-5.6,2.2,0.0,0.0223,0.0272,0.47,0.0028,24.0,20.0
2024-01-29,중구,-1.5,-4.7,2.9,0.0,0.0329,0.0201,0.66,0.0032,37.0,32.0
2024-01-30,중구,0.6,-3.8,4.9,0.0,0.0422,0.0139,0.77,0.0032,50.0,42.0
2024-01-31,중구,3.7,0.7,9.1,0.0,0.0463,0.0173,0.83,0.0035,50.0,42.0
2024-02-01,중구,1.0,-2.3,5.6,0.0,0.0291,0.0279,0.73,0.0034,76.0,61.0
2024-02-02,중구,1.7,-0.2,6.9,0.0,0.0326,0.0177,0.49,0.0031,35.0,29.0
2024-02-03,중구,3.2,-0.1,6.7,0.0,0.0307,0.015,0.46,0.003,29.0,24.0
2024-02-04,중구,5.4,2.4,9.4,0.0,0.0239,0.0205,0.43,0.0027,21.0,17.0
2024-02-05,중구,0.6,-2.0,4.4,0.0,0.0155,0.0317,0.27,0.0024,5.0,4.0
2024-02-06,중구,-0.7,-2.1,1.7,0.5,0.0231,0.0237,0.35,0.0024,10.0,9.0
2024-02-07,중구,-0.9,-2.5,1.6,0.0,0.0227,0.0236,0.5,0.0026,29.0,27.0
2024-02-08,중구,-0.2,-3.1,5.2,0.0,0.0329,0.0191,0.63,0.003,34.0,31.0
2024-02-09,중구,0.0,-2.9,4.8,0.0,,,,,,
2024-02-10,중구,0.9,-1.7,6.1,0.0,,,,,,
2024-02-11,중구,-0.3,-4.0,4.4,0.0,0.0194,0.0353,0.56,0.003,58.0,51.0
2024-02-12,중구,3.1,-2.6,9.5,0.0,0.0302,0.0229,0.64,0.0032,57.0,49.0
2024-02-13,중구,8.6,2.8,14.1,0.0,0.0397,0.0217,0.68,0.0033,60.0,43.0
2024-02-14,중구,12.4,9.5,17.6,0.0,0.0406,0.0172,0.73,0.0036,45.0,30.0
2024-02-15,중구,2.7,-0.8,9.5,9.5,0.0134,0.0306,0.33,0.0026,18.0,14.0
2024-02-16,중구,1.5,-1.7,7.0,0.0,0.0266,0.0194,0.44,0.0029,22.0,18.0
2024-02-17,중구,4.2,-0.9,9.8,0.0,0.0347,0.0185,0.56,0.0033,37.0,32.0
2024-02-18,중구,5.4,2.5,7.9,10.0,0.0366,0.0099,0.59,0.0029,37.0,32.0
2024-02-19,중구,7.9,2.1,11.3,3.5,0.0285,0.0112,0.55,0.0029,11.0,7.0
2024-02-20,중구,2.7,1.1,5.3,1.0,0.0197,0.0153,0.44,0.0027,24.0,16.0
2024-02-21,중구,0.0,-1.7,2.2,4.0,0.0165,0.0254,0.3,0.0025,3.0,2.0
2024-02-22,중구,-1.7,-3.3,-0.5,0.5,0.0169,0.0277,0.29,0.0024,5.0,4.0
2024-02-23,중구,-0.3,-2.8,3.7,0.0,0.0169,0.028,0.29,0.0023,8.0,7.0
2024-02-24,중구,0.0,-2.9,3.5,2.0,0.0154,0.0284,0.29,0.0024,13.0,10.0
2024-02-25,중구,0.8,-0.9,4.2,0.0,0.0116,0.0307,0.31,0.0024,8.0,9.0
2024-02-26,중구,2.8,-0.9,7.5,0.0,0.0228,0.0218,0.43,0.0027,27.0,22.0
2024-02-27,중구,3.3,-0.4,7.9,0.0,0.0183,0.0283,0.34,0.0023,16.0,12.0
2024-02-28,중구,5.1,2.1,9.2,0.0,0.0263,0.0208,0.37,0.0027,26.0,17.0
2024-02-29,중구,3.7,-1.6,8.8,0.0,0.0263,0.0228,0.5,0.0029,46.0,38.0
2024-03-01,중구,-6.0,-8.9,-1.6,0.0,0.0069,0.0392,0.26,0.0027,31.0,13.0
2024-03-02,중구,-1.8,-9.2,3.2,0.0,0.0167,0.0329,0.33,0.0028,28.0,14.0
2024-03-03,중구,2.6,-0.7,7.1,0.0,0.0161,0.0401,0.5,0.0026,98.0,70.0
2024-03-04,중구,4.4,-1.1,10.7,0.0,0.0346,0.0227,0.52,0.003,59.0,39.0
2024-03-05,중구,6.3,4.2,9.1,0.0,0.0273,0.0295,0.41,0.0029,37.0,24.0
2024-03-06,중구,4.2,1.7,8.4,0.0,0.0177,0.0332,0.33,0.0024,11.0,8.0
2024-03-07,중구,2.5,-0.2,8.5,0.5,0.0203,0.0319,0.36,0.0025,24.0,19.0
2024-03-08,중구,0.5,-1.6,5.1,0.0,0.0143,0.0395,0.36,0.003,35.0,25.0
2024-03-09,중구,0.7,-3.4,6.1,0.0,0.0135,0.0356,0.33,0.0027,27.0,19.0
2024-03-10,중구,3.5,-1.6,10.4,0.0,0.0223,0.0301,0.37,0.003,24.0,18.0
2024-03-11,중구,5.4,1.4,10.2,0.0,0.0383,0.0205,0.45,0.0031,29.0,22.0
2024-03-12,중구,5.3,3.7,7.9,3.0,0.0311,0.0245,0.44,0.0027,25.0,20.0
2024-03-13,중구,5.4,1.3,11.2,0.0,0.0253,0.0388,0.44,0.0032,37.0,29.0
2024-03-14,중구,6.9,2.4,14.9,0.0,0.0253,0.049,0.41,0.0032,50.0,39.0
2024-03-15,중구,7.8,3.7,14.1,0.0,0.0253,0.0435,0.38,0.0031,42.0,35.0
2024-03-16,중구,9.9,4.3,18.1,0.0,0.027,0.0402,0.43,0.0032,43.0,35.0
2024-03-17,중구,6.9,3.8,11.0,0.0,0.01,0.0473,0.29,0.0027,80.0,21.0
2024-03-18,중구,6.1,1.7,13.1,0.0,0.0197,0.0335,0.29,0.0028,15.0,8.0
2024-03-19,중구,4.9,2.0,9.6,0.0,0.0198,0.0419,0.38,0.0027,41.0,27.0
2024-03-20,중구,2.7,-0.2,7.9,0.0,0.0124,0.0433,0.32,0.0026,31.0,25.0
2024-03-21,중구,4.5,-0.8,11.6,0.0,0.022,0.0403,0.36,0.003,28.0,23.0
2024-03-22,중구,8.7,2.6,14.8,6.5,0.0309,0.0357,0.43,0.0032,37.0,21.0
2024-03-23,중구,11.9,7.5,18.0,0.0,0.0136,0.0552,0.34,0.0024,48.0,24.0
2024-03-24,중구,14.8,9.7,20.6,0.0,0.0187,0.0432,0.36,0.0026,25.0,14.0
2024-03-25,중구,8.8,4.7,14.1,2.0,0.0192,0.0364,0.32,0.0026,16.0,9.0
2024-03-26,중구,5.1,0.6,9.8,,0.0151,0.0382,0.26,0.0022,4.0,3.0
2024-03-27,중구,9.4,4.0,16.0,0.0,0.0294,0.023,0.4,0.0028,18.0,15.0
2024-03-28,중구,8.7,6.0,10.6,1.5,0.029,0.0183,0.45,0.0029,19.0,16.0
2024-03-29,중구,6.2,3.3,11.8,2.0,0.0217,0.0257,0.4,0.0025,204.0,45.0
2024-03-30,중구,7.6,3.0,15.8,0.0,0.0239,0.0284,0.39,0.0028,75.0,23.0
2024-03-31,중구,9.7,4.2,16.6,0.0,0.0151,0.0323,0.34,0.0029,33.0,12.0
2024-04-01,중구,12.0,6.7,18.7,0.0,0.0276,0.0272,0.4,0.0031,33.0,14.0
2024-04-02,중구,15.0,7.8,23.8,0.0,0.0366,0.0313,0.46,0.0037,43.0,24.0
2024-04-03,중구,15.0,13.6,17.5,0.0,0.0354,0.0233,0.46,0.0034,35.0,23.0
2024-04-04,중구,13.6,11.0,18.4,0.0,0.0188,0.0358,0.35,0.003,27.0,17.0
2024-04-05,중구,12.7,9.4,20.0,0.0,0.0194,0.0425,0.34,0.0029,34.0,21.0
2024-04-06,중구,11.9,7.5,19.4,0.0,0.0315,0.0413,0.49,0.0037,59.0,44.0
2024-04-07,중구,14.5,8.5,23.3,0.0,0.0289,0.049,0.49,0.0036,46.0,36.0
2024-04-08,중구,15.8,11.6,22.1,0.0,0.0365,0.0359,0.49,0.0033,43.0,29.0
2024-04-09,중구,13.3,9.2,18.0,0.0,0.0157,0.0466,0.33,0.0028,34.0,20.0
2024-04-10,중구,12.4,8.6,18.4,0.0,0.0128,0.0481,0.29,0.0028,37.0,19.0
2024-04-11,중구,14.2,10.6,21.0,0.0,0.0225,0.0441,0.38,0.0032,39.0,20.0
2024-04-12,중구,16.0,11.6,24.0,0.0,0.0287,0.0388,0.41,0.0035,40.0,25.0
2024-04-13,중구,19.2,11.7,27.6,0.0,0.0231,0.0396,0.34,0.0032,33.0,17.0
2024-04-14,중구,20.6,14.3,30.0,0.0,0.0232,0.0471,0.44,0.0038,36.0,22.0
2024-04-15,중구,14.3,9.9,19.1,15.0,0.0224,0.0331,0.35,0.0035,20.0,13.0
2024-04-16,중구,12.3,9.9,17.9,2.5,0.0182,0.0399,0.42,0.0029,63.0,24.0
2024-04-17,중구,14.1,7.8,21.8,0.0,0.0254,0.0284,0.49,0.0029,117.0,41.0
2024-04-18,중구,16.4,10.1,25.1,0.0,0.0269,0.034,0.45,0.0033,98.0,25.0
2024-04-19,중구,17.4,11.8,24.9,0.0,0.0293,0.0605,0.46,0.0043,78.0,29.0
2024-04-20,중구,13.2,11.1,16.4,2.0,0.0265,0.0389,0.49,0.0032,55.0,30.0
2024-04-21,중구,15.2,11.5,19.1,0.0,0.0097,0.0449,0.27,0.0025,12.0,6.0
2024-04-22,중구,16.5,13.3,21.4,0.0,0.0154,0.0451,0.3,0.0026,26.0,18.0
2024-04-23,중구,15.0,11.6,21.6,0.0,0.0139,0.0389,0.29,0.0026,17.0,11.0
2024-04-24,중구,11.2,9.0,15.9,9.0,0.0133,0.0274,0.27,0.0024,8.0,5.0
2024-04-25,중구,13.1,8.5,20.9,0.0,0.019,0.0489,0.38,0.0026,24.0,18.0
2024-04-26,중구,16.8,11.3,26.2,0.0,0.0268,0.0415,0.45,0.0031,51.0,24.0
2024-04-27,중구,18.0,11.6,26.5,0.0,0.0224,0.0466,0.44,0.0032,37.0,20.0
2024-04-28,중구,19.9,13.5,28.4,0.0,0.0243,0.0535,0.48,0.0034,30.0,20.0
2024-04-29,중구,18.7,15.6,24.2,0.0,0.0168,0.0522,0.33,0.0029,34.0,20.0
2024-04-30,중구,17.4,14.4,22.7,0.0,0.0241,0.0431,0.46,0.0039,49.0,33.0
2024-05-01,중구,16.1,12.2,22.0,0.0,0.0117,0.0497,0.28,0.0027,21.0,14.0
2024-05-02,중구,17.6,12.7,23.9,0.0,0.0207,0.0448,0.33,0.0029,27.0,19.0
2024-05-03,중구,19.1,11.7,27.5,0.0,0.0289,0.0505,0.41,0.0037,38.0,24.0
2024-05-04,중구,20.9,15.2,28.8,0.0,0.0305,0.0642,0.51,0.0044,46.0,35.0
2024-05-05,중구,15.9,14.0,19.9,38.0,0.015,0.0288,0.35,0.0029,22.0,17.0
2024-05-06,중구,12.4,11.6,14.3,13.5,0.0102,0.0397,0.29,0.0025,8.0,6.0
2024-05-07,중구,11.5,10.0,13.5,1.5,0.0141,0.0311,0.33,0.0024,19.0,14.0
2024-05-08,중구,13.3,8.7,20.6,0.0,0.0128,0.0366,0.26,0.0026,15.0,9.0
2024-05-09,중구,15.2,9.9,21.7,0.0,0.0199,0.0439,0.33,0.003,24.0,15.0
2024-05-10,중구,17.0,11.7,24.5,0.0,0.0169,0.0495,0.32,0.0031,24.0,15.0
2024-05-11,중구,15.4,12.2,21.0,27.0,0.0141,0.0376,0.27,0.0027,16.0,9.0
2024-05-12,중구,15.2,10.3,20.9,0.0,0.0087,0.0423,0.27,0.0025,54.0,15.0
2024-05-13,중구,17.4,12.7,24.3,0.0,0.0182,0.0426,0.34,0.0028,22.0,13.0
2024-05-14,중구,18.7,13.4,25.3,0.0,0.0236,0.0455,0.34,0.0032,21.0,14.0
2024-05-15,중구,11.2,5.5,18.3,11.5,0.0141,0.0436,0.27,0.0028,17.0,8.0
2024-05-16,중구,12.7,5.5,19.7,0.0,0.0107,0.0412,0.26,0.0027,10.0,5.0
2024-05-17,중구,17.3,10.1,25.9,0.0,0.0203,0.0564,0.39,0.0032,36.0,22.0
2024-05-18,중구,19.9,15.2,27.2,0.0,0.0166,0.0425,0.33,0.0031,21.0,11.0
2024-05-19,중구,20.8,15.7,28.2,0.0,0.0116,0.044,0.27,0.0029,19.0,11.0
2024-05-20,중구,18.1,15.1,22.7,0.0,0.0162,0.0308,0.26,0.0033,26.0,17.0
2024-05-21,중구,20.1,14.9,26.8,0.0,0.0165,0.045,0.33,0.0027,37.0,27.0
2024-05-22,중구,19.8,14.8,26.1,0.0,0.0193,0.0443,0.41,0.0035,49.0,39.0
2024-05-23,중구,19.4,14.4,26.7,0.0,0.0184,0.0363,0.29,0.0032,26.0,19.0
2024-05-24,중구,18.9,13.4,24.4,0.0,0.0117,0.0347,0.27,0.0026,28.0,23.0
2024-05-25,중구,19.7,17.5,24.2,0.0,0.0189,0.0365,0.31,0.0028,27.0,18.0
2024-05-26,중구,18.3,15.2,24.1,7.0,0.0125,0.0384,0.29,0.0028,20.0,14.0
2024-05-27,중구,16.9,12.6,22.1,0.0,0.0088,0.0432,0.32,0.0026,19.0,10.0
2024-05-28,중구,19.0,13.8,23.6,0.0,0.0135,0.0355,0.27,0.0025,12.0,7.0
2024-05-29,중구,21.0,15.7,27.5,0.0,0.0227,0.0347,0.36,0.0033,20.0,12.0
2024-05-30,중구,19.7,16.6,23.8,0.0,0.0271,0.0392,0.4,0.0033,21.0,14.0
2024-05-31,중구,19.6,15.7,25.8,0.0,0.0159,0.0478,0.31,0.0029,18.0,14.0
2024-06-01,중구,19.3,15.7,25.4,0.0,0.0083,0.0454,0.27,0.0027,24.0,14.0
2024-06-02,중구,19.3,14.8,25.9,0.0,0.0077,0.0514,0.27,0.0029,16.0,10.0
2024-06-03,중구,20.5,15.1,27.1,0.0,0.0125,0.0364,0.27,0.0024,11.0,7.0
2024-06-04,중구,21.5,16.3,29.2,0.0,0.0129,0.0412,0.25,0.0026,13.0,9.0
2024-06-05,중구,22.8,17.9,30.5,0.0,0.0251,0.0491,0.39,0.0033,31.0,22.0
2024-06-06,중구,22.8,18.2,30.8,0.0,0.0242,0.0551,0.39,0.0035,36.0,29.0
2024-06-07,중구,21.6,16.5,28.1,0.5,0.0205,0.0506,0.33,0.0033,24.0,18.0
2024-06-08,중구,18.9,15.5,24.3,16.0,0.0134,0.0334,0.3,0.0026,20.0,17.0
2024-06-09,중구,22.1,16.8,29.2,0.0,0.0133,0.0425,0.35,0.0031,24.0,18.0
2024-06-10,중구,23.4,17.8,31.3,0.0,0.0196,0.0571,0.45,0.0037,35.0,26.0
2024-06-11,중구,24.0,19.8,31.6,0.0,0.0164,0.0759,0.44,0.0032,52.0,37.0
2024-06-12,중구,23.6,18.1,31.9,0.0,0.0194,0.0547,0.34,0.0034,26.0,16.0
2024-06-13,중구,25.5,19.7,32.6,0.0,0.0207,0.0474,0.33,0.0034,25.0,16.0
2024-06-14,중구,25.2,20.7,32.9,0.0,0.0223,0.04,0.33,0.0042,28.0,21.0
2024-06-15,중구,22.5,18.8,28.2,3.5,0.0118,0.0279,0.24,0.0032,23.0,22.0
2024-06-16,중구,22.8,18.3,29.3,0.0,0.0094,0.0471,0.28,0.0028,19.0,14.0
2024-06-17,중구,24.0,18.6,30.2,0.0,0.0213,0.049,0.31,0.0033,17.0,12.0
2024-06-18,중구,24.7,19.1,32.5,0.0,0.0222,0.0472,0.31,0.0036,22.0,16.0
2024-06-19,중구,26.9,20.2,35.6,0.0,0.0241,0.0749,0.4,0.004,33.0,26.0
2024-06-20,중구,27.6,22.4,35.0,0.0,0.0236,0.0778,0.46,0.0044,37.0,31.0
2024-06-21,중구,26.9,22.4,33.8,0.0,0.026,0.0593,0.36,0.0049,29.0,22.0
2024-06-22,중구,22.0,20.1,24.2,16.0,0.0217,0.0295,0.41,0.0033,27.0,25.0
2024-06-23,중구,23.4,20.3,30.0,3.0,0.008,0.0278,0.28,0.0026,13.0,10.0
2024-06-24,중구,23.2,19.3,28.8,0.0,0.0136,0.0477,0.33,0.0027,47.0,22.0
2024-06-25,중구,21.6,17.8,27.1,0.0,0.0125,0.0461,0.26,0.0028,16.0,9.0
2024-06-26,중구,23.9,17.7,31.6,0.0,0.0191,0.0455,0.31,0.0031,21.0,13.0
2024-06-27,중구,25.1,20.6,30.0,0.0,0.024,0.0473,0.39,0.0034,23.0,17.0
2024-06-28,중구,25.9,21.5,32.8,0.0,0.0218,0.0704,0.36,0.0037,32.0,25.0
2024-06-29,중구,24.8,21.1,31.6,28.0,0.0174,0.0548,0.36,0.0031,26.0,22.0
2024-06-30,중구,21.8,20.3,24.4,33.5,0.0072,0.03,0.27,0.0024,17.0,12.0
2024-07-01,중구,24.8,20.0,31.0,0.0,0.0111,0.0542,0.28,0.0026,23.0,15.0
2024-07-02,중구,21.5,19.8,24.3,55.5,0.0212,0.0194,0.37,0.0026,15.0,11.0
2024-07-03,중구,22.7,21.1,25.2,0.5,0.0112,0.0442,0.35,0.0026,22.0,14.0
2024-07-04,중구,25.5,21.2,31.6,4.5,0.0144,0.0611,0.45,0.0027,36.0,32.0
2024-07-05,중구,21.8,19.5,26.0,3.0,0.0129,0.0496,0.37,0.0025,15.0,10.0
2024-07-06,중구,23.2,20.1,29.3,5.0,0.0171,0.0269,0.37,0.0025,26.0,13.0
2024-07-07,중구,22.8,19.8,27.6,21.0,0.0113,0.0437,0.37,0.0025,18.0,8.0
2024-07-08,중구,22.3,21.4,23.0,21.5,0.0155,0.0249,0.29,0.0024,9.0,4.0
2024-07-09,중구,23.0,20.9,27.0,0.5,0.0185,0.0247,0.37,0.0026,13.0,6.0
2024-07-10,중구,24.9,21.2,32.1,2.0,0.0123,0.0338,0.27,0.0025,9.0,4.0
2024-07-11,중구,24.6,21.4,29.2,0.0,0.0193,0.0422,0.41,0.0027,31.0,10.0
2024-07-12,중구,24.3,20.4,30.0,0.0,0.0198,0.0358,0.44,0.0026,34.0,34.0
2024-07-13,중구,27.0,22.4,32.7,0.0,0.0155,0.0493,0.47,0.0029,41.0,38.0
2024-07-14,중구,26.3,23.1,30.4,0.0,0.0101,0.0421,0.35,0.0027,27.0,26.0
2024-07-15,중구,26.5,23.0,30.5,0.0,0.0143,0.039,0.34,0.0026,10.0,7.0
2024-07-16,중구,24.9,22.6,29.7,25.0,0.017,0.0275,0.39,0.0026,11.0,8.0
2024-07-17,중구,24.0,22.1,28.1,76.5,0.0151,0.0114,0.27,0.0025,9.0,4.0
2024-07-18,중구,22.8,21.6,24.1,118.5,0.0182,0.0141,0.29,0.0027,8.0,4.0
2024-07-19,중구,25.9,22.6,31.7,0.0,0.0145,0.0379,0.32,0.0027,23.0,18.0
2024-07-20,중구,25.6,23.0,30.4,17.0,0.0121,0.0344,0.28,0.0026,13.0,10.0
2024-07-21,중구,25.3,20.9,30.9,4.5,0.0076,0.0408,0.23,0.0025,16.0,9.0
2024-07-22,중구,25.1,22.3,27.3,45.0,0.0136,0.01,0.26,0.0025,13.0,7.0
2024-07-23,중구,24.5,23.8,26.2,3.5,0.0126,0.0118,0.22,0.0027,11.0,6.0
2024-07-24,중구,26.9,24.2,31.4,25.5,0.0121,0.0063,0.21,0.0025,12.0,6.0
2024-07-25,중구,27.6,23.2,34.2,17.0,0.0146,0.0207,0.27,0.0028,19.0,11.0
2024-07-26,중구,27.0,23.4,32.2,14.5,0.0183,0.0174,0.31,0.0026,13.0,9.0
2024-07-27,중구,27.4,25.8,32.2,30.0,0.0159,0.0117,0.27,0.0024,15.0,8.0
2024-07-28,중구,27.9,25.5,32.0,0.0,0.0086,0.012,0.21,0.0025,15.0,7.0
2024-07-29,중구,25.5,24.8,26.2,0.0,0.0119,0.0164,0.19,0.0026,21.0,8.0
2024-07-30,중구,27.6,24.3,33.1,0.0,0.0146,0.0366,0.23,0.0026,22.0,13.0
2024-07-31,중구,28.1,24.9,33.8,0.0,0.0133,0.0244,0.24,0.0027,15.0,8.0
2024-08-01,중구,28.5,25.4,33.4,0.0,0.0131,0.0233,0.23,0.0026,17.0,9.0
2024-08-02,중구,28.3,26.1,33.0,0.0,0.0129,0.034,0.27,0.0025,25.0,16.0
2024-08-03,중구,28.9,25.5,34.6,0.0,0.0079,0.0534,0.31,0.0024,30.0,27.0
2024-08-04,중구,30.6,26.6,36.1,0.0,0.0115,0.0544,0.37,0.0027,27.0,24.0
2024-08-05,중구,28.5,24.0,32.6,6.5,0.0169,0.0447,0.39,0.0026,27.0,24.0
2024-08-06,중구,27.4,23.7,33.0,0.0,0.0174,0.0385,0.34,0.0027,12.0,9.0
2024-08-07,중구,27.9,24.3,32.9,1.5,0.0131,0.0298,0.26,0.0026,15.0,11.0
2024-08-08,중구,26.5,24.0,30.5,6.0,0.011,0.028,0.28,0.0026,16.0,13.0
2024-08-09,중구,28.2,24.3,33.5,0.0,0.0077,0.0352,0.29,0.0027,22.0,18.0
2024-08-10,중구,28.9,24.8,34.3,0.0,0.0096,0.0457,0.36,0.0029,26.0,23.0
2024-08-11,중구,29.3,26.4,33.6,0.0,0.0074,0.0459,0.35,0.0027,25.0,23.0
2024-08-12,중구,29.8,26.7,35.6,0.0,0.0075,0.0437,0.3,0.0028,23.0,20.0
2024-08-13,중구,29.3,25.9,34.8,2.0,0.0067,0.0395,0.29,0.0026,20.0,17.0
2024-08-14,중구,29.0,25.8,35.0,0.0,0.0104,0.0466,0.35,0.0027,21.0,17.0
2024-08-15,중구,28.2,25.6,33.6,0.0,0.0083,0.0409,0.31,0.0027,19.0,15.0
2024-08-16,중구,28.6,25.4,34.7,0.0,0.009,0.0353,0.34,0.0029,19.0,15.0
2024-08-17,중구,28.7,25.5,33.7,0.5,0.0084,0.0415,0.32,0.0027,19.0,14.0
2024-08-18,중구,28.1,25.6,34.3,0.0,0.0058,0.0408,0.29,0.0026,19.0,14.0
2024-08-19,중구,28.9,24.9,35.3,0.0,0.0095,0.0444,0.39,0.0032,22.0,17.0
2024-08-20,중구,29.8,26.0,34.1,0.0,0.0093,0.0341,0.26,0.0029,24.0,19.0
2024-08-21,중구,26.5,25.0,28.9,30.0,0.007,0.0152,0.19,0.0024,14.0,7.0
2024-08-22,중구,26.5,24.7,29.4,3.0,0.0065,0.0211,0.18,0.0024,16.0,6.0
2024-08-23,중구,26.8,24.0,31.2,0.0,0.0091,0.0535,0.23,0.0025,26.0,20.0
2024-08-24,중구,26.4,23.1,31.3,3.5,0.009,0.0484,0.27,0.0027,37.0,31.0
2024-08-25,중구,27.0,23.9,32.4,0.0,0.0069,0.0497,0.25,0.0027,36.0,31.0
2024-08-26,중구,26.7,24.4,29.9,1.5,0.0108,0.0341,0.25,0.0026,33.0,27.0
2024-08-27,중구,25.2,23.4,28.3,0.0,0.0095,0.0271,0.23,0.0029,19.0,12.0
2024-08-28,중구,26.5,22.0,32.1,0.0,0.0072,0.0372,0.21,0.0028,12.0,7.0
2024-08-29,중구,26.4,22.5,31.4,0.0,0.0071,0.032,0.26,0.0031,11.0,6.0
2024-08-30,중구,26.6,22.7,32.5,0.0,0.006,0.0371,0.26,0.0032,12.0,6.0
2024-08-31,중구,26.6,21.4,32.8,0.0,0.0056,0.0557,0.36,0.0034,32.0,19.0
2024-09-01,중구,26.1,23.2,31.5,0.0,0.0069,0.0481,0.4,0.0033,30.0,20.0
2024-09-02,중구,22.9,20.4,25.4,2.0,0.0109,0.0268,0.4,0.0032,20.0,12.0
2024-09-03,중구,25.0,21.7,29.8,0.0,0.0087,0.0369,0.33,0.0027,14.0,5.0
2024-09-04,중구,26.2,21.5,32.4,0.0,0.0092,0.049,0.38,0.0031,19.0,9.0
2024-09-05,중구,24.1,23.2,27.8,9.5,0.0096,0.0376,0.33,0.0031,23.0,13.0
2024-09-06,중구,21.8,20.4,23.5,1.0,0.0096,0.0184,0.34,0.0027,14.0,9.0
2024-09-07,중구,24.9,20.5,31.4,0.0,0.0074,0.0491,0.35,0.0028,21.0,13.0
2024-09-08,중구,26.0,21.7,32.0,0.0,0.0065,0.0589,0.41,0.0028,27.0,21.0
2024-09-09,중구,27.0,23.1,33.3,0.0,0.0092,0.0485,0.42,0.0029,25.0,19.0
2024-09-10,중구,28.5,24.6,34.5,0.0,0.0096,0.0484,0.41,0.0029,27.0,21.0
2024-09-11,중구,27.7,24.9,34.8,0.0,0.0118,0.051,0.42,0.0031,31.0,24.0
2024-09-12,중구,23.5,23.0,25.0,19.5,0.0081,0.0128,0.19,0.0027,10.0,6.0
2024-09-13,중구,24.4,22.6,27.0,11.0,0.0066,0.0096,0.18,0.0029,14.0,8.0
2024-09-14,중구,26.6,23.7,32.1,0.0,0.0055,0.0251,0.14,0.0027,11.0,5.0
2024-09-15,중구,25.6,22.2,30.2,0.0,0.0042,0.0224,0.15,0.0026,12.0,6.0
2024-09-16,중구,25.0,18.8,31.6,17.0,0.0051,0.0326,0.15,0.0025,8.0,3.0
2024-09-17,중구,27.5,24.5,33.3,0.0,0.0055,0.0219,0.16,0.0027,12.0,6.0
2024-09-18,중구,28.2,25.4,32.8,2.5,0.0045,0.0226,0.15,0.0026,15.0,10.0
2024-09-19,중구,27.9,24.1,33.6,0.0,0.0086,0.0323,0.24,0.0029,18.0,14.0
2024-09-20,중구,23.2,15.5,28.3,38.0,0.0071,0.0128,0.4,0.0028,15.0,10.0
2024-09-21,중구,17.6,15.3,20.3,6.0,0.0053,0.0304,0.23,0.0026,5.0,1.0
2024-09-22,중구,19.3,16.6,23.6,0.0,0.0037,0.0272,0.23,0.0025,4.0,1.0
2024-09-23,중구,18.7,15.3,23.1,0.0,0.0063,0.0299,0.26,0.0025,8.0,2.0
2024-09-24,중구,19.2,14.5,24.6,0.0,0.0092,0.035,0.32,0.0026,12.0,5.0
2024-09-25,중구,21.5,16.9,28.0,0.0,0.01,0.033,0.33,0.0029,15.0,6.0
2024-09-26,중구,22.2,19.7,27.2,0.0,0.0093,0.0411,0.32,0.0029,15.0,10.0
2024-09-27,중구,21.2,18.2,26.6,0.0,0.0076,0.0303,0.31,0.0027,14.0,9.0
2024-09-28,중구,21.3,18.1,25.8,0.0,0.0067,0.0356,0.27,0.0025,11.0,6.0
2024-09-29,중구,21.6,17.5,26.4,0.0,0.0051,0.0377,0.26,0.0026,8.0,4.0
2024-09-30,중구,21.6,17.6,28.1,0.0,0.0085,0.041,0.33,0.0029,12.0,6.0
2024-10-01,중구,16.5,12.0,20.7,3.0,0.007,0.0346,0.28,0.0028,13.0,6.0
2024-10-02,중구,13.7,10.6,18.0,0.0,0.0042,0.0345,0.25,0.0026,11.0,5.0
2024-10-03,중구,14.9,11.0,20.6,0.0,0.0087,0.0232,0.29,0.0028,14.0,7.0
2024-10-04,중구,16.3,11.9,22.5,0.0,0.0077,0.027,0.29,0.0029,14.0,7.0
2024-10-05,중구,16.8,11.8,23.0,0.0,0.012,0.0284,0.37,0.0031,21.0,13.0
2024-10-06,중구,14.5,12.8,17.2,0.0,0.0118,0.0169,0.4,0.003,19.0,13.0
2024-10-07,중구,16.0,13.6,20.7,0.0,0.01,0.0291,0.44,0.0031,30.0,21.0
2024-10-08,중구,16.2,12.5,20.9,0.0,0.0087,0.0241,0.47,0.0032,34.0,25.0
2024-10-09,중구,17.2,13.1,22.4,0.0,0.009,0.0288,0.31,0.0027,12.0,7.0
2024-10-10,중구,17.2,14.3,22.5,0.0,0.01,0.031,0.33,0.003,18.0,10.0
2024-10-11,중구,17.2,13.4,23.4,0.0,0.0147,0.0402,0.41,0.0033,30.0,21.0
2024-10-12,중구,17.9,13.9,23.8,0.0,0.0145,0.0379,0.43,0.0035,32.0,22.0
2024-10-13,중구,17.1,12.7,20.6,0.0,0.0137,0.0276,0.42,0.003,25.0,18.0
2024-10-14,중구,17.6,16.1,20.1,0.0,0.0168,0.0206,0.37,0.0031,18.0,12.0
2024-10-15,중구,17.5,15.5,20.4,0.5,0.0154,0.0174,0.38,0.003,19.0,13.0
2024-10-16,중구,17.1,13.7,22.8,0.0,0.016,0.0281,0.47,0.0031,33.0,23.0
2024-10-17,중구,18.0,13.7,23.0,0.0,0.022,0.0173,0.53,0.0035,34.0,25.0
2024-10-18,중구,15.7,14.2,17.8,23.5,0.0146,0.0184,0.39,0.003,20.0,13.0
2024-10-19,중구,14.9,10.7,18.4,0.5,0.0066,0.0318,0.28,0.0029,5.0,3.0
2024-10-20,중구,11.4,9.2,14.6,0.0,0.0059,0.0259,0.23,0.0024,10.0,4.0
2024-10-21,중구,13.1,8.3,17.5,0.0,0.0136,0.0186,0.31,0.0027,13.0,6.0
2024-10-22,중구,13.8,12.8,15.2,14.0,0.0153,0.0107,0.4,0.0029,12.0,7.0
2024-10-23,중구,10.9,8.4,14.7,2.5,0.0063,0.0359,0.3,0.0027,11.0,5.0
2024-10-24,중구,11.8,7.3,16.1,0.0,0.0132,0.0255,0.4,0.0029,21.0,14.0
2024-10-25,중구,14.5,9.4,18.9,0.0,0.0196,0.0062,0.54,0.0031,25.0,17.0
2024-10-26,중구,16.3,11.4,20.9,0.0,0.0175,0.0134,0.48,0.0032,21.0,14.0
2024-10-27,중구,14.8,13.3,17.8,0.0,0.0123,0.0258,0.39,0.0031,23.0,16.0
2024-10-28,중구,14.0,11.3,18.3,0.0,0.0119,0.0202,0.45,0.003,28.0,22.0
2024-10-29,중구,13.7,11.7,16.5,0.0,0.0132,0.0227,0.35,0.0028,13.0,7.0
2024-10-30,중구,15.0,11.6,20.1,0.0,0.0134,0.0267,0.43,0.0032,22.0,14.0
2024-10-31,중구,15.5,11.4,21.0,0.0,0.02,0.0242,0.49,0.0032,28.0,20.0
2024-11-01,중구,14.8,12.5,16.8,0.0,0.0257,0.0138,0.57,0.0037,33.0,24.0
2024-11-02,중구,17.2,13.8,23.3,0.0,0.0123,0.0332,0.39,0.0035,27.0,19.0
2024-11-03,중구,16.1,11.8,22.8,0.0,0.0082,0.0385,0.34,0.003,23.0,15.0
2024-11-04,중구,13.2,7.6,17.8,0.0,0.0063,0.0422,0.29,0.003,21.0,12.0
2024-11-05,중구,8.3,5.6,13.8,0.0,0.0079,0.0265,0.3,0.0031,21.0,10.0
2024-11-06,중구,6.6,4.3,11.0,0.0,0.0089,0.0276,0.34,0.0035,21.0,12.0
2024-11-07,중구,7.5,2.3,13.4,0.0,0.0186,0.0163,0.52,0.0034,35.0,21.0
2024-11-08,중구,10.2,4.5,15.1,0.0,0.0207,0.0192,0.52,0.0035,28.0,19.0
2024-11-09,중구,12.8,8.2,17.3,0.0,0.0229,0.0174,0.56,0.0035,25.0,18.0
2024-11-10,중구,13.9,10.3,19.4,0.0,0.0166,0.0267,0.43,0.0033,21.0,15.0
2024-11-11,중구,13.5,10.7,19.0,0.0,0.0186,0.0329,0.53,0.0037,41.0,28.0
2024-11-12,중구,13.1,10.2,17.7,0.0,0.0134,0.0315,0.43,0.0034,32.0,23.0
2024-11-13,중구,13.5,9.1,19.1,0.0,0.0212,0.0191,0.53,0.0034,34.0,22.0
2024-11-14,중구,13.5,12.3,15.1,0.0,0.0228,0.0132,0.48,0.0035,31.0,19.0
2024-11-15,중구,15.2,12.6,18.8,0.0,0.0206,0.0172,0.47,0.0034,26.0,18.0
2024-11-16,중구,15.6,12.4,22.3,5.5,0.0148,0.0269,0.39,0.0034,21.0,13.0
2024-11-17,중구,5.1,1.3,12.5,0.0,0.0041,0.0296,0.29,0.0032,16.0,9.0
2024-11-18,중구,1.4,-1.2,5.8,0.0,0.0066,0.0229,0.25,0.003,13.0,7.0
2024-11-19,중구,4.3,0.5,9.3,0.0,0.0178,0.011,0.36,0.003,19.0,12.0
2024-11-20,중구,5.7,2.9,8.3,0.0,0.0217,0.003,0.58,0.0035,34.0,25.0
2024-11-21,중구,8.5,5.4,13.4,0.0,0.0157,0.0169,0.62,0.0038,48.0,36.0
2024-11-22,중구,5.2,2.6,9.0,0.0,0.0107,0.0285,0.36,0.0037,31.0,21.0
2024-11-23,중구,5.6,2.2,9.2,0.0,0.0167,0.0154,0.37,0.003,18.0,13.0
2024-11-24,중구,6.7,3.1,11.0,0.0,0.017,0.0153,0.36,0.0027,13.0,8.0
2024-11-25,중구,8.8,3.4,13.0,0.0,0.0225,0.0121,0.44,0.0031,20.0,14.0
2024-11-26,중구,4.0,-0.4,11.0,21.5,0.0099,0.028,0.29,0.0026,9.0,4.0
2024-11-27,중구,-1.9,-3.5,-0.1,19.0,0.0115,0.0273,0.29,0.0026,8.0,6.0
2024-11-28,중구,-0.8,-2.8,1.2,6.5,0.0115,0.027,0.35,0.0027,15.0,12.0
2024-11-29,중구,-0.9,-4.1,2.8,0.0,0.0195,0.0139,0.46,0.003,27.0,18.0
2024-11-30,중구,2.3,-0.7,5.5,0.0,0.0214,0.0063,0.58,0.0032,24.0,16.0
2024-12-01,중구,4.2,1.5,6.6,0.5,0.0188,0.0086,0.56,0.0031,29.0,23.0
2024-12-02,중구,6.2,-1.0,11.6,0.0,0.0182,0.0168,0.62,0.0036,41.0,30.0
2024-12-03,중구,-0.6,-3.8,2.9,0.0,0.0109,0.0257,0.29,0.0032,12.0,7.0
2024-12-04,중구,1.3,-0.9,4.7,0.0,0.0142,0.0237,0.34,0.0033,16.0,9.0
2024-12-05,중구,2.3,-0.9,6.6,2.0,0.0157,0.0231,0.37,0.0031,16.0,9.0
2024-12-06,중구,0.1,-2.3,2.9,0.0,0.0095,0.0286,0.31,0.0032,19.0,9.0
2024-12-07,중구,-2.1,-3.9,2.3,0.0,0.01,0.0259,0.34,0.0031,18.0,11.0
2024-12-08,중구,-2.3,-5.5,1.5,0.0,0.0081,0.0267,0.33,0.0031,18.0,12.0
2024-12-09,중구,-0.2,-4.0,4.6,0.0,0.0229,0.0097,0.56,0.0035,28.0,18.0
2024-12-10,중구,1.3,-2.3,5.0,0.0,0.0211,0.0168,0.62,0.0034,35.0,27.0
2024-12-11,중구,1.5,-1.5,5.8,0.0,0.0224,0.0173,0.72,0.0046,55.0,42.0
2024-12-12,중구,-1.1,-3.9,2.7,0.0,0.0173,0.0167,0.51,0.0041,36.0,26.0
2024-12-13,중구,-0.7,-3.1,2.8,0.0,0.015,0.0237,0.4,0.0036,24.0,17.0
2024-12-14,중구,-2.4,-5.0,0.3,0.0,0.0122,0.0255,0.46,0.0032,23.0,16.0
2024-12-15,중구,-0.6,-3.3,3.5,0.0,0.0121,0.0295,0.37,0.0031,16.0,10.0
2024-12-16,중구,-1.2,-3.3,2.3,0.0,0.0247,0.0086,0.55,0.0034,24.0,16.0
2024-12-17,중구,-2.3,-5.8,1.3,0.0,0.0163,0.0187,0.43,0.0033,22.0,16.0
2024-12-18,중구,-5.3,-7.7,-1.7,0.0,0.0115,0.0197,0.41,0.0038,27.0,18.0
2024-12-19,중구,-2.8,-7.0,1.9,0.0,0.0235,0.0054,0.63,0.0046,45.0,31.0
2024-12-20,중구,-0.6,-2.7,2.8,0.0,0.0283,0.0027,0.88,0.0047,56.0,44.0
2024-12-21,중구,-2.9,-6.5,-0.1,3.0,0.0157,0.0206,0.6,0.0031,50.0,44.0
2024-12-22,중구,-5.2,-8.9,-1.4,0.0,0.0096,0.028,0.33,0.0033,17.0,10.0
2024-12-23,중구,-1.3,-5.4,4.5,0.0,0.0199,0.0159,0.61,0.0037,25.0,18.0
2024-12-24,중구,-1.6,-4.7,2.3,0.0,0.0215,0.0173,0.5,0.0038,29.0,19.0
2024-12-25,중구,1.0,-2.2,4.9,0.0,0.0248,0.0126,0.65,0.0038,30.0,23.0
2024-12-26,중구,-2.1,-6.8,2.6,0.0,0.0126,0.0269,0.44,0.0034,57.0,35.0
2024-12-27,중구,-4.6,-7.2,-0.3,0.0,0.0109,0.0272,0.34,0.0032,24.0,14.0
2024-12-28,중구,-5.0,-8.0,-1.7,0.0,0.0082,0.0275,0.34,0.0033,25.0,15.0
2024-12-29,중구,-0.2,-4.2,3.6,0.0,0.0195,0.0148,0.46,0.0031,22.0,14.0
2024-12-30,중구,4.3,1.2,8.5,0.0,0.0254,0.0165,0.63,0.0035,47.0,33.0
2024-12-31,중구,-1.1,-3.5,3.4,0.0,0.0118,0.0283,0.39,0.0036,42.0,19.0
2024-01-01,성동구,3.8,-0.1,7.4,0.0,0.0288,0.0116,0.66,0.0022,24.0,17.0
2024-01-02,성동구,3.8,2.9,4.7,0.0,0.0223,0.0224,0.44,0.0022,39.0,26.0
2024-01-03,성동구,2.5,0.3,4.6,0.0,0.0322,0.012,0.49,0.0024,40.0,26.0
2024-01-04,성동구,2.1,-1.5,5.1,0.0,0.0345,0.0122,0.63,0.0025,54.0,33.0
2024-01-05,성동구,5.6,2.5,9.3,0.0,0.0336,0.0195,0.7,0.0027,82.0,51.0
2024-01-06,성동구,1.3,-0.9,5.2,0.0,0.0172,0.0234,0.36,0.0025,23.0,12.0
2024-01-07,성동구,-3.6,-7.2,-0.3,0.0,0.0089,0.0268,0.36,0.0023,22.0,12.0
2024-01-08,성동구,-3.7,-8.0,-0.1,0.0,0.026,0.0125,0.43,0.0023,22.0,11.0
2024-01-09,성동구,-0.2,-1.6,0.8,1.0,0.0394,0.0037,0.48,0.0025,28.0,17.0
2024-01-10,성동구,0.1,-2.4,3.8,0.0,0.04,0.0057,0.71,0.0024,65.0,47.0
2024-01-11,성동구,1.9,-1.8,4.9,0.0,0.0405,0.0059,0.64,0.0026,66.0,46.0
2024-01-12,성동구,2.3,0.5,4.9,0.0,0.0229,0.0219,0.5,0.0027,56.0,31.0
2024-01-13,성동구,1.7,-1.3,5.5,0.0,0.0271,0.0184,0.43,0.0029,23.0,10.0
2024-01-14,성동구,0.4,-2.3,2.8,2.0,0.0364,0.0074,0.64,0.0023,32.0,21.0
2024-01-15,성동구,-2.4,-5.2,1.4,0.0,0.0194,0.0224,0.37,0.0026,22.0,10.0
2024-01-16,성동구,-1.1,-5.2,4.1,0.0,0.0343,0.0139,0.53,0.0031,31.0,14.0
2024-01-17,성동구,0.6,-1.0,2.1,8.5,0.0455,0.0023,0.65,0.003,40.0,24.0
2024-01-18,성동구,5.0,1.7,9.3,0.5,0.0275,0.0144,0.5,0.0029,28.0,19.0
2024-01-19,성동구,5.6,4.5,8.9,0.0,0.0108,0.0334,0.31,0.0026,14.0,8.0
2024-01-20,성동구,3.7,2.3,5.1,0.0,0.0072,0.0342,0.24,0.002,5.0,2.0
2024-01-21,성동구,2.1,-2.1,4.8,0.0,0.0149,0.0243,0.32,0.0019,10.0,6.0
2024-01-22,성동구,-7.9,-11.2,-2.0,0.0,0.0113,0.0275,0.35,0.0018,31.0,18.0
2024-01-23,성동구,-11.0,-13.0,-7.9,0.0,0.0106,0.0283,0.31,0.0022,20.0,12.0
2024-01-24,성동구,-7.3,-10.2,-3.3,0.0,0.0216,0.0225,0.37,0.0026,22.0,12.0
2024-01-25,성동구,-4.3,-7.7,-0.5,0.0,0.0225,0.0198,0.38,0.0027,19.0,12.0
2024-01-26,성동구,-0.7,-5.3,3.8,0.0,0.0373,0.0151,0.54,0.0037,31.0,18.0
2024-01-27,성동구,0.5,-3.1,4.7,0.0,0.0372,0.018,0.67,0.0035,49.0,31.0
2024-01-28,성동구,-0.4,-3.3,3.6,0.0,0.0263,0.0256,0.44,0.003,28.0,17.0
2024-01-29,성동구,0.6,-3.3,5.1,0.0,0.0375,0.0173,0.59,0.0033,40.0,26.0
2024-01-30,성동구,2.1,-2.3,8.1,0.0,0.0497,0.0104,0.73,0.0038,56.0,34.0
2024-01-31,성동구,5.1,1.3,10.8,0.0,0.0446,0.0165,0.64,0.0037,52.0,33.0
2024-02-01,성동구,3.3,0.1,8.1,0.0,0.0299,0.0274,0.74,0.0037,84.0,53.0
2024-02-02,성동구,3.8,2.0,7.5,0.0,0.0342,0.0187,0.49,0.003,38.0,25.0
2024-02-03,성동구,5.2,1.4,8.9,0.0,0.0335,0.0147,0.47,0.003,33.0,21.0
2024-02-04,성동구,7.6,4.1,11.7,0.0,0.0228,0.0221,0.38,0.0027,20.0,13.0
2024-02-05,성동구,2.9,0.3,6.7,2.5,0.0123,0.0346,0.25,0.0026,6.0,3.0
2024-02-06,성동구,1.8,0.3,3.6,0.0,0.024,0.0228,0.34,0.0023,12.0,8.0
2024-02-07,성동구,1.4,0.2,3.2,0.0,0.0298,0.019,0.55,0.0022,32.0,24.0
2024-02-08,성동구,1.8,-1.5,6.2,0.0,0.0359,0.0186,0.6,0.0027,37.0,27.0
2024-02-09,성동구,2.0,-1.1,6.0,0.0,,,,,,
2024-02-10,성동구,2.6,-0.2,7.3,0.0,,,,,,
2024-02-11,성동구,2.1,-1.7,5.4,0.0,0.0222,0.0354,0.57,0.0025,58.0,43.0
2024-02-12,성동구,4.5,-1.0,10.4,0.0,0.0301,0.0263,0.65,0.0026,64.0,44.0
2024-02-13,성동구,8.9,2.7,14.2,0.0,0.0503,0.013,0.75,0.0031,67.0,40.0
2024-02-14,성동구,12.8,9.4,18.1,0.0,0.0258,0.0326,0.36,0.0033,39.0,21.0
2024-02-15,성동구,5.2,1.4,11.8,7.0,0.0169,0.0302,0.37,0.0025,21.0,14.0
2024-02-16,성동구,3.4,0.1,7.9,0.0,0.0287,0.0196,0.43,0.0025,22.0,14.0
2024-02-17,성동구,5.5,0.3,11.3,0.0,0.0361,0.0175,0.54,0.0029,38.0,24.0
2024-02-18,성동구,6.8,2.2,9.9,19.0,0.0387,0.0084,0.58,0.0027,39.0,24.0
2024-02-19,성동구,9.2,5.0,11.9,8.5,0.0323,0.0084,0.54,0.003,12.0,6.0
2024-02-20,성동구,5.1,3.7,7.6,2.0,0.0203,0.0158,0.43,0.0028,27.0,14.0
2024-02-21,성동구,2.3,0.3,4.5,16.5,0.0098,0.0332,0.27,0.0025,4.0,2.0
2024-02-22,성동구,0.6,-0.8,2.0,7.0,0.013,0.0342,0.25,0.0025,6.0,2.0
2024-02-23,성동구,2.1,-0.4,6.0,0.0,0.0122,0.0376,0.25,0.0024,9.0,4.0
2024-02-24,성동구,2.4,-0.6,5.8,2.0,0.0123,0.0362,0.27,0.0022,14.0,7.0
2024-02-25,성동구,3.3,1.1,6.9,1.5,0.0151,0.0301,0.31,0.002,11.0,8.0
2024-02-26,성동구,4.7,0.6,10.1,0.0,0.0248,0.0243,0.41,0.0031,27.0,17.0
2024-02-27,성동구,5.6,1.9,10.0,0.0,0.0154,0.0364,0.29,0.0026,17.0,9.0
2024-02-28,성동구,7.1,4.2,10.5,0.0,0.0286,0.0251,0.36,0.0026,32.0,15.0
2024-02-29,성동구,5.8,1.1,9.7,0.0,0.0327,0.0217,0.54,0.0034,54.0,32.0
2024-03-01,성동구,-3.3,-6.1,1.1,0.0,0.0084,0.041,0.28,0.0023,36.0,11.0
2024-03-02,성동구,0.1,-6.7,4.2,0.0,0.0158,0.0368,0.33,0.0024,31.0,11.0
2024-03-03,성동구,4.6,1.3,8.2,0.0,0.0196,0.0409,0.57,0.0023,109.0,54.0
2024-03-04,성동구,6.3,0.7,11.8,0.0,0.0365,0.0236,0.51,0.0031,68.0,32.0
2024-03-05,성동구,8.4,6.6,11.3,0.0,0.0283,0.0309,0.41,0.0036,44.0,21.0
2024-03-06,성동구,6.4,3.5,11.1,0.0,0.0178,0.035,0.32,0.0031,15.0,8.0
2024-03-07,성동구,4.6,2.4,8.5,1.5,0.0202,0.0344,0.35,0.0024,29.0,17.0
2024-03-08,성동구,3.0,0.8,6.9,0.0,0.0156,0.041,0.39,0.0028,41.0,21.0
2024-03-09,성동구,2.7,-0.9,7.4,0.0,0.017,0.0358,0.36,0.0024,32.0,17.0
2024-03-10,성동구,5.2,0.1,10.7,0.0,0.023,0.0333,0.39,0.0024,28.0,17.0
2024-03-11,성동구,7.0,3.4,11.0,0.0,0.0364,0.0251,0.41,0.0031,33.0,17.0
2024-03-12,성동구,7.0,5.4,9.6,0.5,0.0421,0.0174,0.5,0.0031,31.0,18.0
2024-03-13,성동구,7.1,3.2,12.1,0.0,0.0273,0.0381,0.46,0.0029,42.0,23.0
2024-03-14,성동구,8.9,4.6,15.3,0.0,0.0305,0.043,0.46,0.0031,58.0,33.0
2024-03-15,성동구,9.4,5.2,14.5,0.0,0.0282,0.0385,0.41,0.0029,47.0,28.0
2024-03-16,성동구,11.7,5.5,18.6,0.0,0.0297,0.0377,0.46,0.0032,54.0,33.0
2024-03-17,성동구,9.3,6.4,12.8,0.0,0.0112,0.0456,0.32,0.0024,89.0,20.0
2024-03-18,성동구,8.2,3.6,13.7,0.0,0.0228,0.0325,0.32,0.0028,21.0,7.0
2024-03-19,성동구,7.0,4.5,10.3,0.0,0.0205,0.0384,0.39,0.0022,47.0,23.0
2024-03-20,성동구,5.0,2.3,9.2,0.0,0.0121,0.041,0.34,0.0022,37.0,22.0
2024-03-21,성동구,6.0,1.4,11.3,0.0,0.0248,0.0371,0.38,0.0025,33.0,19.0
2024-03-22,성동구,10.5,4.8,15.7,8.5,0.0277,0.0361,0.4,0.0028,41.0,18.0
2024-03-23,성동구,13.6,9.5,17.7,0.0,0.0194,0.048,0.38,0.0024,60.0,24.0
2024-03-24,성동구,16.5,11.0,23.4,0.0,0.0191,0.0409,0.37,0.0026,31.0,14.0
2024-03-25,성동구,10.9,7.1,15.9,4.5,0.016,0.0384,0.29,0.0026,17.0,7.0
2024-03-26,성동구,7.4,2.6,13.0,14.0,0.0142,0.0383,0.27,0.0024,6.0,3.0
2024-03-27,성동구,11.0,5.6,16.6,0.0,0.0282,0.0261,0.4,0.0027,23.0,14.0
2024-03-28,성동구,10.6,8.6,11.7,1.0,0.03,0.0204,0.43,0.0027,26.0,15.0
2024-03-29,성동구,8.3,5.7,12.7,2.5,0.0221,0.0314,0.43,0.002,241.0,36.0
2024-03-30,성동구,9.6,4.8,16.3,0.0,0.024,0.0345,0.41,0.0023,88.0,21.0
2024-03-31,성동구,11.4,5.3,17.6,0.0,0.0151,0.0406,0.35,0.0024,40.0,11.0
2024-04-01,성동구,12.9,7.5,19.2,0.0,0.0313,0.0304,0.4,0.0028,42.0,13.0
2024-04-02,성동구,16.2,8.4,24.1,0.0,0.0411,0.0323,0.47,0.0041,49.0,20.0
2024-04-03,성동구,16.2,14.8,18.1,0.0,0.0398,0.0231,0.44,0.0037,41.0,20.0
2024-04-04,성동구,15.6,13.2,20.3,0.0,0.015,0.0458,0.3,0.003,28.0,14.0
2024-04-05,성동구,14.1,11.1,18.8,0.0,0.0187,0.0457,0.33,0.0027,38.0,19.0
2024-04-06,성동구,13.5,9.2,18.9,0.0,0.0349,0.0368,0.51,0.0033,62.0,34.0
2024-04-07,성동구,15.4,9.1,23.5,0.0,0.0285,0.047,0.5,0.0032,55.0,31.0
2024-04-08,성동구,16.8,11.3,22.2,0.0,0.0425,0.0313,0.51,0.0031,52.0,25.0
2024-04-09,성동구,15.4,11.3,20.8,0.0,0.0143,0.0456,0.31,0.0032,37.0,17.0
2024-04-10,성동구,14.1,10.9,18.3,0.0,0.0129,0.0476,0.3,0.0025,40.0,16.0
2024-04-11,성동구,16.1,12.3,21.4,0.0,0.0241,0.0383,0.37,0.0028,46.0,19.0
2024-04-12,성동구,17.6,12.0,24.3,0.0,0.0338,0.0328,0.43,0.0033,48.0,26.0
2024-04-13,성동구,19.5,12.6,27.6,0.0,0.0279,0.0334,0.38,0.003,41.0,20.0
2024-04-14,성동구,20.7,14.2,29.4,0.0,0.0238,0.0453,0.43,0.0035,43.0,24.0
2024-04-15,성동구,16.2,11.4,20.7,14.5,0.0184,0.0361,0.31,0.0031,20.0,12.0
2024-04-16,성동구,13.7,11.2,18.0,2.5,0.0199,0.0392,0.43,0.0024,71.0,24.0
2024-04-17,성동구,15.3,9.9,22.1,0.0,0.0281,0.0251,0.51,0.0026,139.0,46.0
2024-04-18,성동구,17.5,11.5,24.9,0.0,0.0339,0.0283,0.47,0.003,113.0,29.0
2024-04-19,성동구,18.1,12.6,24.2,0.0,0.0293,0.0599,0.45,0.004,88.0,28.0
2024-04-20,성동구,15.3,13.4,18.0,4.5,0.0237,0.0412,0.45,0.0031,63.0,28.0
2024-04-21,성동구,17.4,13.8,21.3,0.0,0.0058,0.0477,0.25,0.0023,15.0,6.0
2024-04-22,성동구,18.7,15.5,24.4,0.0,0.011,0.052,0.26,0.0031,31.0,17.0
2024-04-23,성동구,17.0,13.9,22.6,0.0,0.0098,0.0499,0.25,0.0031,20.0,11.0
2024-04-24,성동구,13.2,11.1,17.6,12.5,0.013,0.0328,0.26,0.0028,12.0,5.0
2024-04-25,성동구,14.7,10.4,21.2,0.0,0.0192,0.0487,0.38,0.0025,29.0,17.0
2024-04-26,성동구,18.4,12.6,26.1,0.0,0.0317,0.0385,0.47,0.0035,70.0,26.0
2024-04-27,성동구,19.0,12.8,26.3,0.0,0.0279,0.0455,0.48,0.0038,52.0,23.0
2024-04-28,성동구,20.8,13.2,28.9,0.0,0.026,0.0512,0.46,0.0038,34.0,18.0
2024-04-29,성동구,20.7,17.8,26.4,0.0,0.0162,0.0544,0.31,0.0037,40.0,19.0
2024-04-30,성동구,18.5,16.0,21.9,0.0,0.0235,0.0445,0.44,0.0039,52.0,29.0
2024-05-01,성동구,18.2,14.4,23.7,0.0,0.0107,0.0504,0.27,0.0031,23.0,13.0
2024-05-02,성동구,18.6,14.1,23.8,0.0,0.0211,0.0438,0.33,0.0032,32.0,17.0
2024-05-03,성동구,19.7,12.8,28.1,0.0,0.0331,0.05,0.4,0.004,46.0,24.0
2024-05-04,성동구,21.5,14.6,28.6,0.0,0.0319,0.0657,0.49,0.0044,54.0,31.0
2024-05-05,성동구,17.7,15.8,21.4,35.5,0.0128,0.0326,0.33,0.003,23.0,16.0
2024-05-06,성동구,14.0,13.3,15.8,10.0,0.0112,0.0405,0.3,0.0024,9.0,6.0
2024-05-07,성동구,13.8,12.4,15.8,1.5,0.011,0.033,0.31,0.0027,21.0,13.0
2024-05-08,성동구,15.3,10.3,21.7,0.0,0.0155,0.0345,0.26,0.0028,20.0,10.0
2024-05-09,성동구,16.3,11.6,22.0,0.0,0.0206,0.0445,0.32,0.003,29.0,14.0
2024-05-10,성동구,18.1,13.3,24.5,0.0,0.0174,0.0521,0.33,0.0032,29.0,14.0
2024-05-11,성동구,17.1,14.0,22.6,20.0,0.0131,0.0406,0.28,0.0029,19.0,8.0
2024-05-12,성동구,17.0,12.0,22.0,0.0,0.0107,0.0417,0.29,0.0026,64.0,13.0
2024-05-13,성동구,18.9,13.1,25.2,0.0,0.0218,0.0406,0.36,0.0029,30.0,14.0
2024-05-14,성동구,19.1,13.3,24.6,0.0,0.0253,0.0433,0.34,0.0032,27.0,14.0
2024-05-15,성동구,13.1,7.6,19.8,23.5,0.0174,0.0415,0.3,0.0031,24.0,9.0
2024-05-16,성동구,14.3,7.7,20.0,0.5,0.0122,0.0415,0.26,0.0026,15.0,5.0
2024-05-17,성동구,18.7,12.1,25.4,0.0,0.0197,0.0601,0.4,0.0033,42.0,19.0
2024-05-18,성동구,20.7,15.6,26.4,0.0,0.0202,0.0403,0.34,0.0031,28.0,14.0
2024-05-19,성동구,21.9,16.4,28.3,0.0,0.0129,0.046,0.29,0.0032,25.0,12.0
2024-05-20,성동구,19.7,17.0,24.1,0.0,0.0177,0.0317,0.28,0.0034,29.0,15.0
2024-05-21,성동구,21.8,16.4,28.9,0.0,0.0176,0.0438,0.32,0.003,39.0,22.0
2024-05-22,성동구,20.9,16.7,26.3,0.0,0.0237,0.0444,0.43,0.0035,58.0,35.0
2024-05-23,성동구,20.8,16.9,26.8,0.0,0.0233,0.0383,0.32,0.0036,34.0,21.0
2024-05-24,성동구,20.3,15.9,24.4,0.0,0.0178,0.032,0.32,0.0031,36.0,25.0
2024-05-25,성동구,21.3,19.5,24.8,0.0,0.0132,0.0428,0.27,0.0029,29.0,17.0
2024-05-26,성동구,19.7,17.2,24.3,8.5,0.0108,0.0425,0.28,0.0027,24.0,15.0
2024-05-27,성동구,19.0,14.9,23.4,0.0,0.0117,0.0454,0.33,0.0026,25.0,11.0
2024-05-28,성동구,20.7,15.8,26.2,0.0,0.0135,0.0375,0.26,0.003,16.0,7.0
2024-05-29,성동구,21.5,15.7,27.2,0.0,0.0265,0.0342,0.33,0.0032,24.0,13.0
2024-05-30,성동구,21.1,17.0,25.0,0.0,0.0335,0.0356,0.42,0.0035,29.0,16.0
2024-05-31,성동구,20.6,16.8,25.6,0.0,0.0209,0.0484,0.32,0.0033,25.0,14.0
2024-06-01,성동구,20.9,17.6,25.7,0.0,0.0118,0.0481,0.28,0.0028,28.0,14.0
2024-06-02,성동구,21.2,16.6,26.2,0.0,0.0099,0.051,0.27,0.0047,21.0,10.0
2024-06-03,성동구,22.4,17.0,27.9,0.0,0.0092,0.0403,0.22,0.003,13.0,7.0
2024-06-04,성동구,23.1,17.7,29.1,0.0,0.0125,0.0452,0.24,0.0028,17.0,8.0
2024-06-05,성동구,23.8,18.8,31.1,0.0,0.028,0.0482,0.39,0.0035,37.0,21.0
2024-06-06,성동구,24.2,19.8,31.1,0.0,0.024,0.0589,0.4,0.0035,41.0,28.0
2024-06-07,성동구,23.0,18.4,27.9,0.0,0.0221,0.0571,0.33,0.0033,30.0,18.0
2024-06-08,성동구,20.2,17.2,25.4,19.5,0.014,0.0407,0.32,0.0026,23.0,15.0
2024-06-09,성동구,22.9,17.6,28.7,0.0,0.0149,0.0504,0.36,0.0031,29.0,18.0
2024-06-10,성동구,24.6,19.1,30.8,0.0,0.0198,0.0634,0.44,0.0035,43.0,26.0
2024-06-11,성동구,25.0,21.4,31.1,0.0,0.0153,0.0826,0.46,0.0031,62.0,37.0
2024-06-12,성동구,24.8,19.2,31.8,0.0,0.0226,0.0607,0.35,0.0036,32.0,17.0
2024-06-13,성동구,26.1,20.0,32.9,0.0,0.0268,0.0477,0.35,0.0038,32.0,17.0
2024-06-14,성동구,26.2,20.9,33.2,0.0,0.027,0.0474,0.35,0.0046,36.0,21.0
2024-06-15,성동구,23.8,20.2,28.3,7.0,0.0156,0.0265,0.28,0.0034,28.0,21.0
2024-06-16,성동구,24.3,19.6,30.4,0.0,0.0115,0.0474,0.29,0.003,24.0,14.0
2024-06-17,성동구,24.7,19.0,30.1,0.0,0.0213,0.0513,0.31,0.0032,21.0,12.0
2024-06-18,성동구,25.6,20.1,32.0,0.0,0.0225,0.0545,0.3,0.0034,25.0,14.0
2024-06-19,성동구,28.2,21.2,35.3,0.0,0.0242,0.0836,0.39,0.0038,40.0,26.0
2024-06-20,성동구,28.6,23.0,34.2,0.0,0.0202,0.0874,0.41,0.0042,41.0,29.0
2024-06-21,성동구,27.6,23.0,33.7,0.0,0.0283,0.0623,0.38,0.0046,39.0,25.0
2024-06-22,성동구,24.0,21.7,26.2,18.5,0.0168,0.0308,0.39,0.0035,30.0,23.0
2024-06-23,성동구,24.6,21.8,29.7,6.5,0.0083,0.0339,0.28,0.0025,16.0,10.0
2024-06-24,성동구,24.2,21.0,28.6,0.5,0.0131,0.0529,0.34,0.0026,53.0,18.0
2024-06-25,성동구,22.9,19.9,27.5,0.0,0.0128,0.0495,0.26,0.0027,19.0,9.0
2024-06-26,성동구,24.7,19.4,30.9,0.0,0.0171,0.0545,0.3,0.0028,24.0,13.0
2024-06-27,성동구,25.9,21.0,30.8,0.0,0.0236,0.0538,0.35,0.0031,28.0,15.0
2024-06-28,성동구,26.5,20.8,32.2,0.0,0.0246,0.07,0.38,0.0029,38.0,26.0
2024-06-29,성동구,26.3,21.9,31.3,32.0,0.0142,0.0595,0.34,0.0026,31.0,22.0
2024-06-30,성동구,23.6,22.1,25.6,33.0,0.0069,0.0404,0.27,0.0022,19.0,12.0
2024-07-01,성동구,26.2,21.8,31.8,0.0,0.013,0.0626,0.3,0.0024,26.0,17.0
2024-07-02,성동구,23.5,21.4,25.7,55.0,0.0127,0.0285,0.3,0.0027,17.0,11.0
2024-07-03,성동구,24.8,22.9,27.2,1.5,0.0104,0.0521,0.36,0.0023,24.0,16.0
2024-07-04,성동구,26.9,23.1,30.9,4.0,0.0129,0.0698,0.42,0.0024,39.0,32.0
2024-07-05,성동구,23.4,21.0,26.3,5.5,0.0126,0.0604,0.36,0.0022,17.0,10.0
2024-07-06,성동구,25.1,21.9,30.5,4.0,0.0128,0.0386,0.34,0.0024,29.0,18.0
2024-07-07,성동구,24.1,21.1,28.1,30.0,0.0101,0.0518,0.37,0.0023,22.0,14.0
2024-07-08,성동구,23.6,22.7,24.8,20.5,0.0168,0.0302,0.28,0.0023,11.0,7.0
2024-07-09,성동구,24.3,22.3,26.9,1.0,0.0185,0.0275,0.3,0.0023,15.0,11.0
2024-07-10,성동구,26.4,22.9,31.9,3.5,0.0133,0.0386,0.26,0.0028,12.0,7.0
2024-07-11,성동구,25.4,23.0,29.3,0.0,0.0227,0.0444,0.43,0.0027,36.0,27.0
2024-07-12,성동구,25.7,21.7,30.4,0.0,0.0237,0.0428,0.47,0.0027,36.0,26.0
2024-07-13,성동구,28.0,23.3,33.6,0.0,0.0166,0.0552,0.5,0.0027,50.0,39.0
2024-07-14,성동구,28.1,25.1,32.2,1.5,0.0067,0.0482,0.32,0.0025,32.0,25.0
2024-07-15,성동구,28.5,25.1,31.6,0.0,0.008,0.0454,0.24,0.0026,10.0,7.0
2024-07-16,성동구,26.6,23.6,31.2,27.0,0.0123,0.0314,0.27,0.0025,12.0,8.0
2024-07-17,성동구,25.3,23.0,29.2,75.5,0.0124,0.0142,0.23,0.0026,11.0,5.0
2024-07-18,성동구,24.2,22.7,26.8,126.0,0.0179,0.0161,0.26,0.0026,9.0,5.0
2024-07-19,성동구,27.2,23.8,32.2,0.0,0.0148,0.0423,0.32,0.0025,23.0,16.0
2024-07-20,성동구,26.8,24.8,30.1,17.0,0.0095,0.0387,0.26,0.0023,16.0,10.0
2024-07-21,성동구,26.7,22.5,30.8,4.0,0.0077,0.0476,0.23,0.0023,19.0,10.0
2024-07-22,성동구,26.6,23.3,28.5,36.0,0.0105,0.0136,0.2,0.0024,14.0,8.0
2024-07-23,성동구,26.6,25.3,28.2,1.0,0.0111,0.0154,0.2,0.0024,11.0,6.0
2024-07-24,성동구,28.0,25.0,31.8,14.0,0.0135,0.0137,0.22,0.0025,15.0,8.0
2024-07-25,성동구,28.6,24.6,34.0,9.0,0.0138,0.024,0.23,0.0027,20.0,9.0
2024-07-26,성동구,28.6,24.9,34.1,7.5,0.0145,0.0155,0.21,0.0029,15.0,7.0
2024-07-27,성동구,28.7,26.7,33.0,11.0,0.0115,0.0145,0.22,0.0024,16.0,8.0
2024-07-28,성동구,29.2,27.3,32.5,0.0,0.0066,0.0138,0.19,0.0024,17.0,8.0
2024-07-29,성동구,27.2,26.6,27.9,0.0,0.0099,0.0173,0.17,0.0025,21.0,9.0
2024-07-30,성동구,28.6,26.1,32.6,0.0,0.0129,0.0389,0.21,0.0024,24.0,13.0
2024-07-31,성동구,29.1,26.6,33.7,0.0,0.0117,0.0264,0.2,0.0025,16.0,8.0
2024-08-01,성동구,29.6,27.2,33.3,0.0,0.012,0.0288,0.23,0.0024,19.0,12.0
2024-08-02,성동구,29.5,27.9,33.2,0.0,0.0129,0.0386,0.27,0.0025,27.0,16.0
2024-08-03,성동구,30.3,27.0,34.7,0.0,0.0119,0.0564,0.34,0.0025,33.0,26.0
2024-08-04,성동구,31.3,26.8,35.7,0.0,0.0123,0.0575,0.38,0.0027,31.0,26.0
2024-08-05,성동구,29.4,25.2,33.8,39.5,0.015,0.045,0.33,0.0027,27.0,22.0
2024-08-06,성동구,28.6,25.1,33.2,0.5,0.0163,0.043,0.29,0.0026,16.0,11.0
2024-08-07,성동구,29.2,24.5,33.8,2.5,0.0171,0.032,0.28,0.0028,20.0,13.0
2024-08-08,성동구,28.0,24.8,31.9,2.0,0.02,0.0275,0.28,0.0026,21.0,15.0
2024-08-09,성동구,28.9,25.4,34.3,0.5,0.0213,0.0402,0.33,0.0029,29.0,21.0
2024-08-10,성동구,30.0,26.3,34.0,0.0,0.0194,0.0475,0.36,0.0029,34.0,26.0
2024-08-11,성동구,30.2,27.6,34.7,0.0,0.0137,0.0449,0.31,0.0027,31.0,24.0
2024-08-12,성동구,30.9,27.3,34.8,0.0,0.0185,0.0454,0.31,0.0032,30.0,21.0
2024-08-13,성동구,30.3,28.1,35.7,0.0,0.017,0.0425,0.3,0.0032,26.0,19.0
2024-08-14,성동구,30.2,27.9,35.7,0.0,0.0183,0.0447,0.31,0.0029,25.0,17.0
2024-08-15,성동구,29.9,26.2,35.1,1.0,0.0122,0.045,0.28,0.0029,23.0,17.0
2024-08-16,성동구,30.1,27.1,35.2,0.0,0.0153,0.0423,0.28,0.0031,22.0,14.0
2024-08-17,성동구,30.2,27.6,34.7,0.0,0.0134,0.048,0.28,0.0027,21.0,15.0
2024-08-18,성동구,29.8,26.9,34.2,0.5,0.0089,0.0488,0.27,0.0027,21.0,15.0
2024-08-19,성동구,30.2,26.1,35.8,0.0,0.0149,0.0537,0.33,0.0028,24.0,16.0
2024-08-20,성동구,31.7,27.8,35.7,0.0,0.012,0.0412,0.27,0.0033,26.0,19.0
2024-08-21,성동구,28.1,26.2,30.9,44.5,0.0118,0.0184,0.22,0.0024,12.0,6.0
2024-08-22,성동구,28.3,26.9,30.8,2.5,0.0108,0.0241,0.22,0.0025,16.0,7.0
2024-08-23,성동구,28.0,25.9,31.8,0.0,0.0147,0.0651,0.35,0.0026,28.0,20.0
2024-08-24,성동구,28.1,25.4,31.7,27.5,0.0177,0.0552,0.47,0.0026,40.0,31.0
2024-08-25,성동구,28.0,25.1,33.0,0.5,0.0149,0.0529,0.5,0.0027,41.0,32.0
2024-08-26,성동구,27.8,25.6,32.5,0.0,0.0242,0.0403,0.49,0.0032,39.0,30.0
2024-08-27,성동구,27.2,25.3,30.4,0.0,0.0148,0.0259,0.32,0.0035,22.0,14.0
2024-08-28,성동구,28.6,24.0,34.0,0.0,0.0082,0.0458,0.26,0.0029,15.0,9.0
2024-08-29,성동구,28.4,24.3,32.9,0.0,0.007,0.0431,0.23,0.0028,11.0,5.0
2024-08-30,성동구,28.5,24.3,33.5,0.0,0.013,0.0371,0.26,0.0029,15.0,7.0
2024-08-31,성동구,27.9,23.9,33.3,0.0,0.0122,0.0585,0.35,0.0028,38.0,21.0
2024-09-01,성동구,27.1,24.6,31.2,0.0,0.0122,0.0496,0.39,0.0027,32.0,23.0
2024-09-02,성동구,25.2,22.4,27.5,2.0,0.0139,0.0317,0.34,0.0031,21.0,15.0
2024-09-03,성동구,27.0,23.8,32.0,0.0,0.0082,0.0433,0.24,0.0026,12.0,6.0
2024-09-04,성동구,27.5,23.4,32.9,0.0,0.0155,0.051,0.31,0.0027,20.0,9.0
2024-09-05,성동구,26.0,24.6,29.0,8.5,0.018,0.0383,0.34,0.0027,25.0,15.0
2024-09-06,성동구,24.0,22.9,25.4,2.0,0.0117,0.0259,0.31,0.0027,15.0,9.0
2024-09-07,성동구,26.6,23.0,31.6,0.0,0.0128,0.0513,0.35,0.0025,22.0,13.0
2024-09-08,성동구,27.2,23.2,32.5,0.0,0.0119,0.0607,0.41,0.0025,30.0,24.0
2024-09-09,성동구,28.4,25.0,33.5,0.0,0.0156,0.0482,0.39,0.0026,28.0,21.0
2024-09-10,성동구,29.7,26.0,34.4,0.0,0.0172,0.0521,0.38,0.0029,30.0,23.0
2024-09-11,성동구,29.1,26.2,35.2,0.0,0.0217,0.0499,0.38,0.003,34.0,26.0
2024-09-12,성동구,25.2,24.5,27.1,21.0,0.0128,0.0167,0.27,0.0031,9.0,6.0
2024-09-13,성동구,26.0,24.4,28.3,13.5,0.0146,0.0107,0.27,0.0027,16.0,8.0
2024-09-14,성동구,28.0,25.3,32.1,0.0,0.0126,0.0251,0.26,0.0027,13.0,8.0
2024-09-15,성동구,27.5,24.3,31.9,0.0,0.0059,0.0226,0.24,0.0025,13.0,7.0
2024-09-16,성동구,26.8,20.5,33.1,19.5,0.0063,0.0349,0.23,0.0024,8.0,3.0
2024-09-17,성동구,28.9,26.0,33.4,0.0,0.009,0.0259,0.27,0.0024,13.0,7.0
2024-09-18,성동구,29.4,26.2,33.3,2.0,0.0102,0.0257,0.29,0.0026,19.0,11.0
2024-09-19,성동구,29.1,25.6,33.4,0.0,0.0162,0.0345,0.28,0.0028,20.0,14.0
2024-09-20,성동구,24.6,17.6,29.2,55.0,0.0152,0.0125,0.27,0.0025,15.0,6.0
2024-09-21,성동구,19.6,17.0,22.3,22.5,0.0057,0.0335,0.21,0.0022,4.0,2.0
2024-09-22,성동구,21.3,18.4,26.8,0.0,0.0052,0.0278,0.21,0.0022,4.0,2.0
2024-09-23,성동구,21.0,17.5,25.6,0.0,0.0065,0.035,0.21,0.0024,9.0,4.0
2024-09-24,성동구,21.3,16.6,26.8,0.0,0.0121,0.039,0.25,0.0025,13.0,5.0
2024-09-25,성동구,23.2,19.0,28.3,0.0,0.0194,0.0329,0.3,0.0027,18.0,8.0
2024-09-26,성동구,23.9,21.7,29.0,0.0,0.0185,0.0412,0.32,0.003,21.0,13.0
2024-09-27,성동구,23.3,19.9,28.6,0.0,0.0119,0.0347,0.28,0.0028,16.0,9.0
2024-09-28,성동구,23.6,20.5,27.9,0.0,0.0067,0.0444,0.23,0.0023,14.0,6.0
2024-09-29,성동구,23.7,19.6,29.1,0.0,0.0057,0.0428,0.23,0.002,9.0,4.0
2024-09-30,성동구,23.2,19.2,28.5,0.0,0.0149,0.0407,0.29,0.0024,15.0,6.0
2024-10-01,성동구,18.6,14.7,22.3,4.5,0.014,0.0323,0.29,0.0025,15.0,7.0
2024-10-02,성동구,15.9,13.0,19.9,0.0,0.0097,0.0342,0.26,0.0027,15.0,6.0
2024-10-03,성동구,16.7,12.2,22.7,0.0,0.0135,0.0269,0.27,0.0025,16.0,7.0
2024-10-04,성동구,18.2,13.1,23.9,0.0,0.0172,0.0274,0.29,0.0026,16.0,8.0
2024-10-05,성동구,18.0,13.1,24.2,0.0,0.0195,0.0331,0.33,0.0026,21.0,11.0
2024-10-06,성동구,16.1,13.9,17.9,0.0,0.0202,0.0171,0.38,0.0025,21.0,13.0
2024-10-07,성동구,17.7,15.2,21.3,0.0,0.0257,0.0208,0.49,0.0031,38.0,22.0
2024-10-08,성동구,18.1,13.9,23.8,0.0,0.0168,0.0212,0.38,0.0033,31.0,18.0
2024-10-09,성동구,19.1,14.8,23.9,0.0,0.01,0.0355,0.26,0.0026,14.0,6.0
2024-10-10,성동구,19.2,15.8,24.3,0.0,0.0173,0.0318,0.3,0.0028,19.0,10.0
2024-10-11,성동구,19.1,14.9,24.6,0.0,0.0193,0.0417,0.37,0.0029,31.0,20.0
2024-10-12,성동구,18.8,14.3,24.6,0.0,0.0295,0.032,0.46,0.003,39.0,24.0
2024-10-13,성동구,18.8,14.1,22.9,0.0,0.0139,0.0327,0.36,0.0026,27.0,18.0
2024-10-14,성동구,19.5,17.8,21.6,0.0,0.0223,0.0199,0.32,0.0029,21.0,10.0
2024-10-15,성동구,19.4,17.2,22.0,0.5,0.0252,0.014,0.37,0.0028,20.0,13.0
2024-10-16,성동구,18.9,15.4,24.3,0.0,0.028,0.021,0.46,0.0033,32.0,20.0
2024-10-17,성동구,19.8,14.8,25.9,0.0,0.0251,0.0256,0.4,0.0034,34.0,20.0
2024-10-18,성동구,17.6,16.2,19.4,39.0,0.0192,0.0163,0.35,0.0035,22.0,12.0
2024-10-19,성동구,17.0,13.1,20.9,0.5,0.0076,0.0326,0.25,0.0026,7.0,4.0
2024-10-20,성동구,13.8,11.6,17.9,0.0,0.0047,0.0347,0.2,0.002,11.0,4.0
2024-10-21,성동구,15.3,10.5,19.8,0.0,0.0163,0.0229,0.27,0.0025,16.0,6.0
2024-10-22,성동구,15.4,14.9,16.6,18.0,0.0221,0.0091,0.35,0.0032,12.0,6.0
2024-10-23,성동구,13.4,11.0,16.1,2.0,0.0102,0.0343,0.31,0.0022,14.0,6.0
2024-10-24,성동구,13.5,8.7,18.9,0.0,0.0191,0.026,0.4,0.0031,27.0,16.0
2024-10-25,성동구,15.8,10.4,22.3,0.0,0.0262,0.0155,0.4,0.0031,25.0,13.0
2024-10-26,성동구,17.7,12.1,23.8,0.0,0.0237,0.0173,0.39,0.0029,22.0,12.0
2024-10-27,성동구,16.7,14.9,19.5,0.0,0.017,0.0267,0.37,0.0029,26.0,15.0
2024-10-28,성동구,16.1,13.0,21.5,0.0,0.0155,0.0213,0.4,0.003,28.0,18.0
2024-10-29,성동구,15.8,13.9,18.8,0.0,0.0192,0.023,0.31,0.0031,15.0,6.0
2024-10-30,성동구,16.5,12.5,21.6,0.0,0.0245,0.0244,0.44,0.0035,27.0,15.0
2024-10-31,성동구,16.7,12.2,22.7,0.0,0.0328,0.0195,0.47,0.0033,32.0,18.0
2024-11-01,성동구,15.9,13.2,19.1,0.0,0.0357,0.0136,0.48,0.0035,35.0,21.0
2024-11-02,성동구,18.9,14.3,24.7,0.0,0.0163,0.0319,0.37,0.0034,33.0,19.0
2024-11-03,성동구,17.7,13.4,23.3,0.0,0.0099,0.0405,0.32,0.0026,24.0,14.0
2024-11-04,성동구,15.3,10.1,19.9,0.0,0.0145,0.0362,0.3,0.0028,25.0,12.0
2024-11-05,성동구,10.7,7.8,15.9,0.0,0.0134,0.0263,0.3,0.003,25.0,9.0
2024-11-06,성동구,9.0,6.5,13.0,0.0,0.0168,0.0254,0.34,0.003,25.0,10.0
2024-11-07,성동구,9.1,4.1,15.3,0.0,0.0328,0.0157,0.46,0.0032,43.0,22.0
2024-11-08,성동구,11.2,5.1,17.9,0.0,0.0412,0.0134,0.49,0.0034,36.0,21.0
2024-11-09,성동구,13.7,8.2,20.1,0.0,0.0381,0.0157,0.51,0.0032,33.0,18.0
2024-11-10,성동구,14.8,11.0,20.6,0.0,0.0254,0.0218,0.4,0.0027,24.0,14.0
2024-11-11,성동구,14.9,10.7,21.2,0.0,0.0369,0.0201,0.57,0.0035,49.0,25.0
2024-11-12,성동구,14.9,12.2,19.1,0.0,0.0235,0.0296,0.43,0.0033,39.0,24.0
2024-11-13,성동구,14.9,10.0,20.9,0.0,0.0339,0.0181,0.48,0.0035,39.0,19.0
2024-11-14,성동구,15.3,13.8,16.9,0.0,0.03,0.015,0.41,0.0036,33.0,15.0
2024-11-15,성동구,17.2,14.1,21.6,0.0,0.0279,0.0164,0.4,0.0031,29.0,15.0
2024-11-16,성동구,17.3,14.7,22.8,4.0,0.0207,0.0267,0.36,0.0031,23.0,11.0
2024-11-17,성동구,7.8,3.9,14.7,0.0,0.0062,0.0299,0.29,0.0025,18.0,9.0
2024-11-18,성동구,4.0,1.4,8.1,0.0,0.01,0.0272,0.25,0.0026,14.0,5.0
2024-11-19,성동구,6.5,2.2,11.3,0.0,0.0296,0.0127,0.34,0.0024,23.0,10.0
2024-11-20,성동구,7.5,4.4,10.0,0.0,0.0391,0.0061,0.5,0.0029,38.0,20.0
2024-11-21,성동구,10.2,6.9,14.3,0.0,0.0349,0.0121,0.58,0.0031,57.0,33.0
2024-11-22,성동구,7.7,5.4,11.3,0.0,0.014,0.0253,0.38,0.0027,33.0,18.0
2024-11-23,성동구,7.6,3.3,12.6,0.0,0.0239,0.0148,0.37,0.0022,23.0,13.0
2024-11-24,성동구,8.5,4.3,14.0,0.0,0.023,0.0166,0.36,0.0021,15.0,9.0
2024-11-25,성동구,10.7,4.9,15.3,0.0,0.0269,0.0149,0.37,0.0026,22.0,13.0
2024-11-26,성동구,6.1,1.3,13.2,26.5,0.013,0.0242,0.28,0.0019,8.0,4.0
2024-11-27,성동구,0.0,-1.0,2.3,15.0,0.0157,0.023,0.29,0.0015,8.0,5.0
2024-11-28,성동구,1.5,-0.2,4.3,5.0,0.0163,0.0222,0.35,0.0016,15.0,11.0
2024-11-29,성동구,1.5,-1.6,4.3,0.0,0.0287,0.0117,0.45,0.0018,30.0,16.0
2024-11-30,성동구,3.7,1.2,6.2,0.0,0.0319,0.0086,0.48,0.0019,23.0,14.0
2024-12-01,성동구,6.0,1.9,8.9,0.5,0.0263,0.008,0.53,0.002,33.0,22.0
2024-12-02,성동구,7.4,1.9,13.7,0.0,0.0308,0.014,0.58,0.0024,45.0,27.0
2024-12-03,성동구,2.1,-0.7,5.3,0.0,0.0174,0.0218,0.31,0.0019,16.0,6.0
2024-12-04,성동구,3.5,0.6,6.6,0.0,0.0204,0.021,0.34,0.0021,22.0,10.0
2024-12-05,성동구,4.2,0.6,9.0,2.0,0.0248,0.0184,0.39,0.0021,21.0,9.0
2024-12-06,성동구,2.6,0.1,5.4,0.0,0.0132,0.0261,0.3,0.0019,23.0,8.0
2024-12-07,성동구,0.6,-1.3,4.4,0.0,0.0152,0.0231,0.34,0.0017,21.0,11.0
2024-12-08,성동구,0.1,-3.0,3.8,0.0,0.0095,0.0273,0.33,0.0016,21.0,11.0
2024-12-09,성동구,1.9,-2.4,6.5,0.0,0.0335,0.0098,0.48,0.0021,31.0,15.0
2024-12-10,성동구,3.1,-0.7,6.8,0.0,0.0354,0.0121,0.63,0.0025,41.0,25.0
2024-12-11,성동구,3.6,0.7,7.9,0.0,0.0326,0.0133,0.72,0.0027,62.0,36.0
2024-12-12,성동구,1.4,-1.6,4.9,0.0,0.0293,0.0107,0.54,0.0022,41.0,22.0
2024-12-13,성동구,1.6,-0.9,4.8,0.0,0.0208,0.0204,0.38,0.0022,26.0,15.0
2024-12-14,성동구,0.0,-2.5,2.3,0.0,0.016,0.0237,0.38,0.0018,26.0,14.0
2024-12-15,성동구,1.7,-1.0,6.0,0.0,0.0139,0.0278,0.31,0.0018,18.0,8.0
2024-12-16,성동구,0.8,-2.0,4.5,0.0,0.0334,0.0093,0.48,0.0022,29.0,15.0
2024-12-17,성동구,0.2,-3.2,3.4,0.0,0.0232,0.0172,0.39,0.0021,24.0,13.0
2024-12-18,성동구,-2.8,-4.9,0.1,0.0,0.0168,0.0184,0.39,0.0025,30.0,14.0
2024-12-19,성동구,-0.8,-5.0,3.8,0.0,0.0345,0.0084,0.57,0.0032,48.0,24.0
2024-12-20,성동구,1.2,-1.0,4.4,0.0,0.0481,0.0027,0.78,0.0039,58.0,33.0
2024-12-21,성동구,-0.5,-3.9,2.1,2.0,0.0087,0.0005,0.14,0.0008,48.0,32.0
2024-12-22,성동구,-2.7,-6.1,0.9,0.0,0.0,0.0001,0.01,0.0001,,
2024-12-23,성동구,0.7,-4.0,6.3,0.0,0.0115,0.0079,0.19,0.0015,28.0,14.0
2024-12-24,성동구,0.7,-2.4,4.6,0.0,0.032,0.0142,0.47,0.0034,31.0,15.0
2024-12-25,성동구,2.8,-0.4,6.3,0.5,0.0357,0.0122,0.56,0.0033,31.0,18.0
2024-12-26,성동구,0.3,-4.2,4.7,0.0,0.0196,0.0217,0.45,0.003,61.0,29.0
2024-12-27,성동구,-2.1,-4.6,1.7,0.0,0.0176,0.0248,0.33,0.0031,28.0,11.0
2024-12-28,성동구,-2.3,-5.5,0.7,0.0,0.0135,0.0255,0.32,0.003,28.0,12.0
2024-12-29,성동구,1.5,-3.1,5.3,0.0,0.0255,0.0176,0.42,0.0028,23.0,12.0
2024-12-30,성동구,5.8,2.9,9.8,0.0,0.0296,0.0199,0.49,0.0027,50.0,26.0
2024-12-31,성동구,1.3,-0.8,5.6,0.0,0.0179,0.0245,0.38,0.0032,49.0,16.0
2024-01-01,구로구,3.3,-0.9,7.0,0.0,0.0218,0.0102,0.69,0.0026,30.0,24.0
2024-01-02,구로구,2.9,1.6,5.3,0.0,0.0171,0.0172,0.48,0.0024,45.0,30.0
2024-01-03,구로구,1.9,-0.9,4.8,0.0,0.0225,0.0137,0.5,0.0024,49.0,33.0
2024-01-04,구로구,1.9,-3.2,5.5,0.0,0.0242,0.0144,0.59,0.0029,54.0,35.0
2024-01-05,구로구,,,,0.0,0.0221,0.0212,0.65,0.0028,92.0,62.0
2024-01-07,구로구,,,,0.0,0.0086,0.0221,0.42,0.0028,26.0,14.0
2024-01-08,구로구,-4.4,-10.0,0.0,0.0,0.0192,0.0113,0.47,0.0029,27.0,13.0
2024-01-09,구로구,-0.2,-1.8,1.2,0.5,0.0307,0.0038,0.58,0.0028,31.0,20.0
2024-01-10,구로구,-1.5,-4.5,2.4,0.0,0.0279,0.0064,0.69,0.0027,78.0,61.0
2024-01-11,구로구,1.4,-3.1,5.1,0.0,0.0288,0.0082,0.61,0.0029,67.0,51.0
2024-01-12,구로구,1.2,-2.1,5.2,0.0,0.0205,0.0176,0.54,0.003,64.0,39.0
2024-01-13,구로구,0.1,-4.1,5.6,0.0,0.0225,0.0148,0.47,0.0032,27.0,12.0
2024-01-14,구로구,-0.4,-3.5,3.9,1.5,0.0274,0.0096,0.68,0.0026,37.0,24.0
2024-01-15,구로구,-3.7,-6.7,0.4,0.0,0.0135,0.0208,0.39,0.0032,25.0,7.0
2024-01-16,구로구,-2.6,-7.5,3.4,0.0,0.0273,0.0106,0.54,0.0033,39.0,18.0
2024-01-17,구로구,0.4,-3.0,1.9,6.0,0.0337,0.0027,0.72,0.0029,41.0,29.0
2024-01-18,구로구,4.6,0.8,9.3,0.0,0.0219,0.0112,0.52,0.0025,29.0,22.0
2024-01-19,구로구,5.9,4.7,8.8,0.0,0.0119,0.0255,0.4,0.0022,15.0,8.0
2024-01-20,구로구,3.7,2.0,5.1,0.0,0.0099,0.026,0.34,0.002,6.0,2.0
2024-01-21,구로구,1.1,-2.8,3.2,0.0,0.0129,0.0204,0.4,0.0021,13.0,7.0
2024-01-22,구로구,-8.6,-11.5,-2.8,0.0,0.0092,0.0234,0.4,0.0025,29.0,17.0
2024-01-23,구로구,-11.3,-13.7,-8.1,0.0,0.0082,0.0244,0.37,0.0028,23.0,9.0
2024-01-24,구로구,-7.5,-10.9,-3.8,0.0,0.0095,0.0242,0.4,0.0028,26.0,8.0
2024-01-25,구로구,-4.8,-9.2,-0.2,0.0,0.0133,0.0215,0.41,0.0032,24.0,10.0
2024-01-26,구로구,-2.0,-7.1,4.0,0.0,0.0277,0.0121,0.56,0.0031,38.0,22.0
2024-01-27,구로구,-0.4,-5.3,4.7,0.0,0.0249,0.0184,0.64,0.0036,55.0,37.0
2024-01-28,구로구,-1.6,-5.5,3.6,0.0,0.0175,0.0229,0.48,0.003,31.0,19.0
2024-01-29,구로구,-0.9,-5.6,4.3,0.0,0.0282,0.0145,0.61,0.0032,48.0,33.0
2024-01-30,구로구,1.1,-4.4,7.6,0.0,0.0333,0.0137,0.69,0.0032,66.0,44.0
2024-01-31,구로구,4.4,0.4,9.8,0.0,0.0326,0.0166,0.73,0.0033,65.0,44.0
2024-02-01,구로구,1.5,-1.8,6.2,0.0,0.0207,0.0231,0.73,0.0034,94.0,68.0
2024-02-02,구로구,2.4,-0.5,6.6,0.0,0.0267,0.0127,0.61,0.0033,68.0,45.0
2024-02-03,구로구,4.5,-1.3,8.4,0.0,0.0272,0.0097,0.53,0.0028,42.0,30.0
2024-02-04,구로구,6.6,1.7,10.8,0.0,0.0189,0.0168,0.47,0.0027,28.0,20.0
2024-02-05,구로구,2.5,0.2,7.6,4.5,0.0107,0.0269,0.34,0.0022,6.0,3.0
2024-02-06,구로구,1.3,-0.3,3.0,0.0,0.0187,0.0188,0.41,0.0023,17.0,11.0
2024-02-07,구로구,0.6,-1.6,3.7,0.0,0.0188,0.0194,0.54,0.0026,37.0,26.0
2024-02-08,구로구,0.6,-3.6,5.9,0.0,0.0241,0.0191,0.58,0.0031,46.0,34.0
2024-02-09,구로구,1.0,-3.3,6.0,0.0,,,,,,
2024-02-10,구로구,1.5,-2.3,7.2,0.0,,,,,,
2024-02-11,구로구,1.3,-4.2,6.1,0.0,0.0171,0.0287,0.56,0.003,63.0,46.0
2024-02-12,구로구,3.4,-3.4,10.1,0.0,0.0211,0.0257,0.6,0.0034,62.0,41.0
2024-02-13,구로구,9.3,3.1,14.3,0.0,0.0168,0.0347,0.5,0.0034,75.0,41.0
2024-02-14,구로구,12.9,9.0,18.0,0.0,0.0268,0.0189,0.55,0.0031,46.0,24.0
2024-02-15,구로구,4.4,0.0,10.2,10.0,0.0106,0.0265,0.37,0.0024,22.0,12.0
2024-02-16,구로구,2.1,-2.4,7.9,0.0,0.0199,0.0192,0.45,0.0029,31.0,15.0
2024-02-17,구로구,4.2,-1.9,10.5,0.0,0.026,0.0184,0.56,0.0034,50.0,31.0
2024-02-18,구로구,7.1,2.0,9.9,9.5,0.0257,0.0115,0.54,0.0026,44.0,26.0
2024-02-19,구로구,8.8,3.5,11.8,6.0,0.0201,0.0112,0.49,0.0025,14.0,6.0
2024-02-20,구로구,4.2,1.9,7.4,0.5,0.0149,0.0145,0.45,0.0026,33.0,15.0
2024-02-21,구로구,2.1,0.0,4.5,12.0,0.011,0.0239,0.34,0.0023,5.0,1.0
2024-02-22,구로구,0.1,-1.3,1.2,8.0,0.0111,0.0271,0.32,0.0023,7.0,1.0
2024-02-23,구로구,2.4,-0.5,6.1,0.0,0.0114,0.0282,0.32,0.0024,9.0,2.0
2024-02-24,구로구,2.4,-0.3,6.0,0.0,0.0101,0.0286,0.32,0.0023,13.0,4.0
2024-02-25,구로구,2.8,0.8,6.5,0.0,0.0115,0.0252,0.37,0.0025,16.0,9.0
2024-02-26,구로구,4.5,-1.7,9.9,0.0,0.0176,0.0212,0.44,0.0028,32.0,16.0
2024-02-27,구로구,5.9,2.0,9.7,0.0,0.0119,0.0287,0.33,0.0024,19.0,5.0
2024-02-28,구로구,7.0,4.4,10.9,0.0,0.0182,0.0231,0.38,0.0028,35.0,14.0
2024-02-29,구로구,4.6,0.4,9.3,0.0,0.0199,0.0203,0.5,0.0029,63.0,35.0
2024-03-01,구로구,-3.7,-6.7,0.4,0.0,0.0059,0.034,0.32,0.0028,42.0,7.0
2024-03-02,구로구,-0.1,-7.8,4.6,0.0,0.0106,0.0316,0.34,0.003,38.0,10.0
2024-03-03,구로구,4.1,-1.0,8.1,0.0,0.0131,0.034,0.54,0.0028,129.0,69.0
2024-03-04,구로구,5.4,-2.0,11.8,0.0,0.025,0.0213,0.52,0.0032,86.0,39.0
2024-03-05,구로구,8.4,5.5,11.2,0.0,0.0222,0.0239,0.45,0.0029,55.0,22.0
2024-03-06,구로구,6.6,2.2,10.9,0.0,0.014,0.028,0.37,0.0025,17.0,5.0
2024-03-07,구로구,4.9,1.9,8.8,0.0,0.0134,0.0292,0.38,0.0028,36.0,15.0
2024-03-08,구로구,2.9,-0.6,7.0,0.0,0.0101,0.0339,0.39,0.003,54.0,22.0
2024-03-09,구로구,2.0,-2.4,7.4,0.0,0.0102,0.0288,0.35,0.0025,37.0,14.0
2024-03-10,구로구,4.0,-2.4,10.5,0.0,0.0136,0.029,0.37,0.0025,32.0,14.0
2024-03-11,구로구,6.7,2.0,11.1,0.0,0.0236,0.0223,0.42,0.0026,39.0,17.0
2024-03-12,구로구,6.5,3.8,11.4,0.0,0.0233,0.0199,0.42,0.0023,38.0,22.0
2024-03-13,구로구,6.1,0.0,12.1,0.0,0.0168,0.0311,0.42,0.0028,50.0,24.0
2024-03-14,구로구,8.2,2.5,15.7,0.0,0.0162,0.0367,0.4,0.0028,67.0,34.0
2024-03-15,구로구,8.5,3.9,14.0,0.0,0.0146,0.0331,0.36,0.0028,51.0,29.0
2024-03-16,구로구,10.7,3.4,18.9,0.0,0.019,0.0296,0.42,0.0028,53.0,28.0
2024-03-17,구로구,8.6,4.8,11.8,0.0,0.0064,0.0361,0.33,0.0024,130.0,19.0
2024-03-18,구로구,7.1,0.7,13.4,0.0,0.0153,0.0241,0.32,0.0026,27.0,4.0
2024-03-19,구로구,6.4,4.2,10.3,0.5,0.0122,0.0307,0.34,0.0023,57.0,25.0
2024-03-20,구로구,4.6,1.4,8.6,0.0,0.009,0.0316,0.31,0.0022,43.0,19.0
2024-03-21,구로구,5.0,-1.2,11.2,0.0,0.0171,0.0288,0.35,0.0028,40.0,19.0
2024-03-22,구로구,10.9,3.5,15.9,1.5,0.0166,0.0318,0.35,0.0027,50.0,15.0
2024-03-23,구로구,12.4,8.6,17.6,0.0,0.0102,0.0409,0.34,0.0021,67.0,27.0
2024-03-24,구로구,15.7,7.8,23.5,0.0,0.0144,0.0321,0.37,0.0022,38.0,14.0
2024-03-25,구로구,11.0,7.1,14.9,6.0,0.0102,0.0299,0.29,0.002,19.0,5.0
2024-03-26,구로구,6.9,2.0,12.5,14.5,0.0113,0.0284,0.29,0.0019,8.0,1.0
2024-03-27,구로구,10.3,4.3,16.7,0.0,0.0201,0.0161,0.38,0.0024,30.0,17.0
2024-03-28,구로구,10.4,7.4,13.0,2.0,0.0198,0.0223,0.36,0.0026,24.0,13.0
2024-03-29,구로구,7.8,4.8,13.0,2.0,0.0146,0.0286,0.35,0.002,261.0,43.0
2024-03-30,구로구,8.9,2.7,16.9,0.0,0.0186,0.028,0.36,0.0024,110.0,25.0
2024-03-31,구로구,10.3,2.8,16.8,0.0,0.0126,0.0323,0.32,0.0025,49.0,10.0
2024-04-01,구로구,11.7,5.1,19.1,0.0,0.0198,0.0283,0.34,0.0027,51.0,12.0
2024-04-02,구로구,15.1,6.9,24.1,0.0,0.0275,0.03,0.41,0.0029,58.0,20.0
2024-04-03,구로구,16.6,13.3,19.5,0.0,0.027,0.0243,0.39,0.0025,47.0,22.0
2024-04-04,구로구,15.6,12.0,20.2,0.0,0.0126,0.0366,0.31,0.0022,37.0,13.0
2024-04-05,구로구,13.8,9.5,18.9,0.0,0.0116,0.0411,0.31,0.0024,46.0,17.0
2024-04-06,구로구,12.1,6.7,19.7,0.0,0.0202,0.0365,0.4,0.003,74.0,42.0
2024-04-07,구로구,14.4,6.6,23.7,0.0,0.0201,0.0422,0.4,0.0029,62.0,30.0
2024-04-08,구로구,15.6,9.7,23.2,0.0,0.0297,0.0255,0.45,0.003,68.0,30.0
2024-04-09,구로구,15.4,11.0,20.5,0.0,0.0113,0.0364,0.31,0.0024,49.0,18.0
2024-04-10,구로구,13.8,10.3,18.6,0.0,0.0079,0.0406,0.28,0.0025,49.0,17.0
2024-04-11,구로구,15.5,11.7,22.2,0.0,0.0155,0.035,0.35,0.0028,58.0,22.0
2024-04-12,구로구,16.9,10.8,24.4,0.0,0.0216,0.0294,0.36,0.0029,52.0,22.0
2024-04-13,구로구,18.5,10.4,27.0,0.0,0.0132,0.0342,0.3,0.0026,46.0,18.0
2024-04-14,구로구,19.9,11.5,28.3,0.0,0.0166,0.0375,0.37,0.0035,54.0,23.0
2024-04-15,구로구,15.6,11.3,21.0,17.5,0.0109,0.0341,0.29,0.0029,22.0,10.0
2024-04-16,구로구,13.0,10.2,18.2,2.0,0.0124,0.0352,0.37,0.0024,96.0,34.0
2024-04-17,구로구,14.5,8.8,22.1,0.0,0.0166,0.0218,0.41,0.0024,151.0,49.0
2024-04-18,구로구,16.7,9.5,25.3,0.0,0.0222,0.0253,0.4,0.0029,125.0,32.0
2024-04-19,구로구,17.0,11.3,24.1,0.0,0.0176,0.0525,0.37,0.0039,113.0,34.0
2024-04-20,구로구,15.0,13.2,17.6,5.0,0.0166,0.0337,0.4,0.0026,74.0,31.0
2024-04-21,구로구,17.5,13.9,21.1,0.0,0.005,0.0393,0.26,0.0021,15.0,6.0
2024-04-22,구로구,18.9,15.4,24.7,0.0,0.0073,0.0445,0.26,0.0022,33.0,16.0
2024-04-23,구로구,17.3,14.0,23.1,0.0,0.0076,0.0427,0.26,0.0021,24.0,11.0
2024-04-24,구로구,13.6,11.0,18.4,10.0,0.0084,0.0294,0.26,0.0021,13.0,6.0
2024-04-25,구로구,13.9,9.5,21.7,0.0,0.0082,0.0345,0.3,0.0021,19.0,13.0
2024-04-26,구로구,,,,0.0,0.0192,0.0731,0.51,0.0038,101.0,29.0
2024-04-27,구로구,18.0,10.5,27.1,0.0,0.019,0.0504,0.56,0.0033,72.0,42.0
2024-04-28,구로구,20.1,11.3,28.9,0.0,0.0165,0.0601,0.5,0.0032,48.0,25.0
2024-04-29,구로구,21.0,17.1,26.7,0.0,0.0118,0.0571,0.36,0.0025,47.0,20.0
2024-04-30,구로구,17.4,14.6,22.0,0.0,0.0138,0.0531,0.37,0.0034,69.0,38.0
2024-05-01,구로구,18.1,14.3,23.7,0.0,0.0085,0.0562,0.28,0.0024,33.0,16.0
2024-05-02,구로구,18.0,12.2,24.1,0.0,0.0148,0.0515,0.31,0.003,41.0,21.0
2024-05-03,구로구,18.9,10.9,28.1,0.0,0.0172,0.0624,0.33,0.0034,56.0,27.0
2024-05-04,구로구,20.9,12.5,28.6,0.0,0.0201,0.071,0.42,0.004,63.0,35.0
2024-05-05,구로구,17.6,15.3,20.3,44.0,0.0082,0.0429,0.29,0.0023,18.0,12.0
2024-05-06,구로구,13.9,13.4,15.3,10.5,0.0056,0.0559,0.27,0.0022,11.0,7.0
2024-05-07,구로구,13.6,12.3,15.3,4.5,0.008,0.039,0.29,0.0022,21.0,13.0
2024-05-08,구로구,15.3,8.8,21.8,0.0,0.0092,0.0418,0.25,0.0023,22.0,9.0
2024-05-09,구로구,15.7,10.3,22.1,0.0,0.0104,0.0523,0.26,0.0027,32.0,14.0
2024-05-10,구로구,17.7,12.7,24.1,0.0,0.0089,0.0593,0.26,0.0029,32.0,15.0
2024-05-11,구로구,16.8,13.2,22.6,31.5,0.0061,0.0503,0.21,0.0025,19.0,7.0
2024-05-12,구로구,16.9,11.5,22.5,0.0,0.0059,0.0487,0.24,0.0025,80.0,18.0
2024-05-13,구로구,18.2,10.8,25.7,0.0,0.0132,0.0464,0.29,0.0027,34.0,14.0
2024-05-14,구로구,18.0,11.6,25.1,0.0,0.0143,0.0534,0.27,0.0028,31.0,14.0
2024-05-15,구로구,12.4,7.3,19.1,20.5,0.0091,0.0495,0.24,0.0028,28.0,8.0
2024-05-16,구로구,13.9,6.7,20.1,0.0,0.0078,0.0473,0.24,0.0029,18.0,6.0
2024-05-17,구로구,18.1,11.3,24.9,0.0,0.0108,0.0664,0.31,0.0031,50.0,24.0
2024-05-18,구로구,20.1,14.1,26.6,0.0,0.0094,0.0481,0.26,0.0027,29.0,12.0
2024-05-19,구로구,21.6,15.6,28.2,0.0,0.0076,0.053,0.24,0.0026,26.0,13.0
2024-05-20,구로구,19.5,16.6,23.7,0.0,0.0094,0.0398,0.23,0.0031,34.0,17.0
2024-05-21,구로구,21.4,16.4,28.6,0.0,0.0123,0.0539,0.3,0.0023,51.0,35.0
2024-05-22,구로구,20.2,15.6,26.4,0.0,0.0109,0.0506,0.29,0.0029,50.0,34.0
2024-05-23,구로구,20.5,15.5,26.7,0.0,0.0124,0.0405,0.25,0.0029,36.0,22.0
2024-05-24,구로구,20.1,16.0,24.4,0.0,0.01,0.0405,0.25,0.0023,45.0,32.0
2024-05-25,구로구,20.7,17.8,24.1,0.0,0.0116,0.04,0.27,0.0024,43.0,23.0
2024-05-26,구로구,19.4,16.9,23.9,9.5,0.0062,0.0495,0.25,0.0024,26.0,12.0
2024-05-27,구로구,19.1,15.0,23.6,0.0,0.0069,0.0505,0.32,0.0024,33.0,11.0
2024-05-28,구로구,20.1,14.1,26.1,0.0,0.0085,0.0438,0.3,0.0024,19.0,8.0
2024-05-29,구로구,20.9,14.8,27.7,0.0,0.0134,0.0428,0.33,0.0029,28.0,12.0
2024-05-30,구로구,20.8,15.8,25.7,0.0,0.0234,0.039,0.41,0.0031,37.0,17.0
2024-05-31,구로구,20.5,15.6,26.0,0.0,0.0105,0.0555,0.32,0.0027,27.0,16.0
2024-06-01,구로구,20.9,17.8,25.9,0.0,0.0066,0.0539,0.31,0.0025,33.0,16.0
2024-06-02,구로구,20.8,14.9,27.1,0.0,0.0059,0.0598,0.31,0.0027,24.0,10.0
2024-06-03,구로구,22.7,15.4,28.8,0.0,0.0073,0.049,0.29,0.0023,19.0,7.0
2024-06-04,구로구,23.4,17.8,29.7,0.0,0.0095,0.0487,0.29,0.0025,20.0,9.0
2024-06-05,구로구,23.1,17.5,30.6,0.0,0.0178,0.0611,0.38,0.0033,51.0,28.0
2024-06-06,구로구,23.5,18.4,31.1,0.0,0.0139,0.072,0.39,0.0031,54.0,35.0
2024-06-07,구로구,22.9,17.5,27.9,0.0,0.0123,0.0592,0.33,0.003,38.0,21.0
2024-06-08,구로구,20.5,17.5,25.3,15.0,0.0074,0.0528,0.31,0.0024,22.0,16.0
2024-06-09,구로구,23.0,17.7,29.2,0.0,0.0078,0.0608,0.35,0.0029,29.0,19.0
2024-06-10,구로구,24.2,18.5,31.1,0.0,0.0095,0.0792,0.41,0.0033,53.0,27.0
2024-06-11,구로구,24.5,20.7,31.1,0.0,0.008,0.0962,0.43,0.0029,64.0,35.0
2024-06-12,구로구,24.4,18.5,31.9,0.0,0.0103,0.071,0.34,0.0031,34.0,16.0
2024-06-13,구로구,26.1,20.3,32.9,0.0,0.0133,0.0535,0.34,0.0034,38.0,18.0
2024-06-14,구로구,25.9,20.4,32.9,0.0,0.015,0.0497,0.34,0.0042,37.0,21.0
2024-06-15,구로구,24.0,20.8,28.4,12.5,0.0085,0.0369,0.29,0.0029,25.0,18.0
2024-06-16,구로구,23.9,19.0,29.9,0.0,0.0058,0.0576,0.3,0.0026,23.0,15.0
2024-06-17,구로구,24.0,17.9,30.9,0.0,0.0103,0.0592,0.3,0.0027,24.0,13.0
2024-06-18,구로구,24.9,19.1,31.6,0.0,0.0103,0.0571,0.29,0.0027,29.0,16.0
2024-06-19,구로구,28.2,20.8,35.7,0.0,0.0118,0.0991,0.38,0.0039,51.0,28.0
2024-06-20,구로구,28.1,21.8,35.0,0.0,0.0127,0.1004,0.39,0.0044,51.0,29.0
2024-06-21,구로구,27.1,21.6,32.7,0.0,0.0146,0.0663,0.36,0.0042,44.0,24.0
2024-06-22,구로구,24.2,22.7,25.9,20.0,0.0098,0.0496,0.39,0.0029,25.0,18.0
2024-06-23,구로구,25.4,22.6,29.6,4.5,0.0052,0.0451,0.31,0.0023,12.0,9.0
2024-06-24,구로구,24.4,21.8,28.8,0.0,0.0072,0.0629,0.34,0.0024,50.0,19.0
2024-06-25,구로구,23.5,20.2,27.7,0.0,0.0067,0.0589,0.28,0.0027,21.0,9.0
2024-06-26,구로구,24.7,18.4,31.4,0.0,0.0095,0.0603,0.31,0.0028,27.0,12.0
2024-06-27,구로구,25.8,19.8,31.3,0.0,0.0154,0.0661,0.36,0.0028,40.0,20.0
2024-06-28,구로구,26.4,20.5,32.2,0.0,0.0151,0.0829,0.4,0.0032,47.0,27.0
2024-06-29,구로구,26.2,21.2,31.2,33.5,0.0089,0.0665,0.35,0.0028,30.0,19.0
2024-06-30,구로구,23.5,22.0,26.2,20.5,0.0038,0.0552,0.29,0.0022,17.0,11.0
2024-07-01,구로구,26.2,21.5,31.0,0.0,0.0079,0.0693,0.32,0.0024,28.0,17.0
2024-07-02,구로구,23.6,21.6,26.0,52.5,0.01,0.0361,0.33,0.0022,14.0,9.0
2024-07-03,구로구,25.2,23.7,27.6,0.5,0.0052,0.0608,0.36,0.0024,26.0,14.0
2024-07-04,구로구,26.6,23.1,31.2,4.0,0.0062,0.0738,0.41,0.0025,38.0,30.0
2024-07-05,구로구,23.6,21.2,26.6,2.0,0.0063,0.0639,0.37,0.0025,15.0,10.0
2024-07-06,구로구,25.3,22.2,29.7,3.5,0.0079,0.0423,0.36,0.0025,27.0,16.0
2024-07-07,구로구,24.0,21.2,28.4,23.0,0.0056,0.0554,0.37,0.0025,17.0,12.0
2024-07-08,구로구,23.9,23.3,24.6,14.5,0.0097,0.0358,0.29,0.0023,7.0,5.0
2024-07-09,구로구,24.2,22.5,26.3,1.0,0.0094,0.0343,0.31,0.0024,14.0,10.0
2024-07-10,구로구,26.7,22.6,33.1,2.5,0.0078,0.0422,0.3,0.0024,10.0,4.0
2024-07-11,구로구,24.5,22.1,28.4,0.0,0.0103,0.0462,0.4,0.0026,38.0,29.0
2024-07-12,구로구,25.4,22.0,29.6,0.0,0.0127,0.0469,0.44,0.0025,44.0,32.0
2024-07-13,구로구,27.5,23.0,32.5,2.5,0.0093,0.0624,0.49,0.0025,47.0,38.0
2024-07-14,구로구,28.1,23.9,32.0,0.0,0.0053,0.0485,0.36,0.0025,25.0,20.0
2024-07-15,구로구,28.2,24.7,31.5,0.0,0.0062,0.0485,0.3,0.0024,9.0,6.0
2024-07-16,구로구,26.4,24.0,30.6,11.5,0.0078,0.0425,0.15,0.0024,10.0,7.0
2024-07-17,구로구,25.5,23.7,28.4,33.0,0.0061,0.0391,0.05,0.0023,9.0,3.0
2024-07-18,구로구,24.3,23.2,25.7,121.0,0.0106,0.0422,0.15,0.0023,6.0,4.0
2024-07-19,구로구,26.5,24.0,30.7,1.5,0.0067,0.0691,0.23,0.0025,21.0,15.0
2024-07-20,구로구,26.6,24.4,30.0,11.0,0.0056,0.061,0.2,0.0025,11.0,6.0
2024-07-21,구로구,26.6,22.8,29.5,5.0,0.0037,0.0708,0.17,0.0026,15.0,7.0
2024-07-22,구로구,26.8,24.7,28.1,69.5,0.0063,0.0436,0.15,0.0023,8.0,4.0
2024-07-23,구로구,26.5,25.8,27.6,1.0,0.006,0.0387,0.14,0.0021,7.0,4.0
2024-07-24,구로구,28.1,25.8,31.3,11.5,0.0064,0.0329,0.16,0.0022,10.0,5.0
2024-07-25,구로구,28.7,26.1,32.5,7.5,0.0074,0.0312,0.18,0.0025,16.0,8.0
2024-07-26,구로구,28.7,25.5,33.2,6.5,0.0081,0.0305,0.17,0.0022,11.0,6.0
2024-07-27,구로구,28.7,27.4,31.0,16.5,0.0062,0.0361,0.17,0.0022,11.0,8.0
2024-07-28,구로구,29.2,27.6,32.4,0.0,0.0038,0.0342,0.13,0.0022,13.0,4.0
2024-07-29,구로구,27.5,26.8,28.2,0.0,0.0051,0.0259,0.14,0.0025,16.0,5.0
2024-07-30,구로구,28.4,26.4,31.2,0.0,0.0059,0.0316,0.18,0.0025,22.0,9.0
2024-07-31,구로구,29.0,26.4,33.2,0.0,0.0053,0.0231,0.17,0.0026,12.0,6.0
2024-08-01,구로구,29.6,26.9,32.8,0.0,0.0057,0.0263,0.17,0.0026,14.0,7.0
2024-08-02,구로구,29.6,27.9,32.4,0.0,0.0053,0.0366,0.2,0.0027,20.0,11.0
2024-08-03,구로구,30.4,26.9,34.7,0.0,0.0058,0.042,0.26,0.0027,26.0,18.0
2024-08-04,구로구,31.2,26.9,35.9,0.0,0.0076,0.0408,0.3,0.003,24.0,17.0
2024-08-05,구로구,31.0,28.1,35.3,0.5,0.0086,0.0366,0.28,0.0031,27.0,20.0
2024-08-06,구로구,29.5,26.7,32.8,0.5,0.0099,0.0336,0.24,0.0027,13.0,8.0
2024-08-07,구로구,29.6,27.3,33.6,0.0,0.0084,0.0419,0.21,0.0026,15.0,10.0
2024-08-08,구로구,28.5,26.8,31.4,0.5,0.0103,0.0401,0.22,0.0023,16.0,12.0
2024-08-09,구로구,29.5,25.5,33.8,0.0,0.0133,0.0474,0.26,0.0027,25.0,19.0
2024-08-10,구로구,30.1,26.1,33.9,0.0,0.0113,0.0548,0.31,0.0025,31.0,23.0
2024-08-11,구로구,30.5,27.3,34.2,0.0,0.0057,0.0529,0.25,0.0026,23.0,17.0
2024-08-12,구로구,31.6,28.1,36.0,0.0,0.0081,0.0569,0.22,0.0029,22.0,15.0
2024-08-13,구로구,31.9,28.7,36.2,0.0,0.009,0.0572,0.24,0.0023,22.0,15.0
2024-08-14,구로구,30.2,26.8,36.2,1.0,0.0113,0.0623,0.26,0.0023,24.0,15.0
2024-08-15,구로구,29.7,27.3,35.9,8.5,0.0088,0.0613,0.28,0.0023,20.0,16.0
2024-08-16,구로구,29.8,27.0,34.5,0.0,0.0104,0.053,0.29,0.0023,17.0,12.0
2024-08-17,구로구,30.3,26.9,34.8,0.0,0.009,0.0683,0.31,0.0022,18.0,13.0
2024-08-18,구로구,29.0,26.4,35.5,50.0,0.0071,0.0685,0.31,0.0024,15.0,11.0
2024-08-19,구로구,30.5,26.6,35.0,0.0,0.0097,0.0724,0.34,0.0024,19.0,13.0
2024-08-20,구로구,31.7,27.7,35.2,0.0,0.0097,0.0608,0.29,0.0023,19.0,14.0
2024-08-21,구로구,28.2,26.5,31.8,58.0,0.0075,0.0481,0.21,0.0022,6.0,3.0
2024-08-22,구로구,28.5,27.3,30.2,1.0,0.0062,0.047,0.21,0.0022,9.0,2.0
2024-08-23,구로구,28.0,25.7,31.7,0.0,0.0077,0.0766,0.31,0.0023,21.0,13.0
2024-08-24,구로구,27.9,25.5,31.6,0.0,0.0084,0.0753,0.36,0.0024,33.0,23.0
2024-08-25,구로구,28.4,25.3,32.2,0.0,0.009,0.0675,0.37,0.0025,29.0,22.0
2024-08-26,구로구,27.9,26.0,30.8,4.0,0.0143,0.0527,0.37,0.0022,30.0,21.0
2024-08-27,구로구,26.7,25.2,29.6,0.5,0.0113,0.0384,0.31,0.0021,15.0,8.0
2024-08-28,구로구,29.0,24.0,33.4,0.0,0.0074,0.0514,0.3,0.0021,7.0,5.0
2024-08-29,구로구,28.9,24.8,33.4,0.0,0.0058,0.0436,0.27,0.002,4.0,1.0
2024-08-30,구로구,28.4,24.2,33.2,0.0,0.0087,0.0383,0.28,0.0023,9.0,4.0
2024-08-31,구로구,27.3,22.8,32.5,0.0,0.0077,0.0552,0.36,0.0026,35.0,17.0
2024-09-01,구로구,26.8,24.1,31.4,0.0,0.0061,0.0571,0.38,0.0026,26.0,17.0
2024-09-02,구로구,24.8,22.3,27.4,2.0,0.0113,0.0355,0.39,0.0024,16.0,9.0
2024-09-03,구로구,27.4,23.6,31.6,0.0,0.0071,0.0429,0.34,0.0021,10.0,4.0
2024-09-04,구로구,28.2,23.8,32.4,0.0,0.0082,0.0535,0.33,0.0024,15.0,7.0
2024-09-05,구로구,26.2,24.9,28.7,6.5,0.0087,0.0527,0.25,0.0024,17.0,9.0
2024-09-06,구로구,24.4,23.6,25.2,1.0,0.0092,0.0367,0.26,0.002,8.0,5.0
2024-09-07,구로구,26.6,23.5,31.2,0.0,0.0083,0.0495,0.31,0.0023,17.0,10.0
2024-09-08,구로구,27.1,23.2,31.8,0.0,0.0076,0.0656,0.36,0.0024,26.0,20.0
2024-09-09,구로구,28.4,24.2,33.5,0.0,0.0109,0.0533,0.33,0.0025,24.0,17.0
2024-09-10,구로구,29.4,25.6,34.6,0.0,0.0106,0.0565,0.29,0.0023,24.0,18.0
2024-09-11,구로구,28.9,25.5,36.1,2.5,0.0132,0.06,0.29,0.0021,26.0,18.0
2024-09-12,구로구,26.0,25.3,27.0,81.5,0.0127,0.0338,0.25,0.0019,5.0,3.0
2024-09-13,구로구,26.2,24.9,27.8,11.0,0.0112,0.0199,0.32,0.0023,7.0,3.0
2024-09-14,구로구,27.8,25.4,31.3,0.0,0.0067,0.0365,0.28,0.0022,4.0,1.0
2024-09-15,구로구,28.0,25.0,33.1,0.0,0.0053,0.0344,0.3,0.0021,6.0,2.0
2024-09-16,구로구,27.4,21.6,32.7,10.5,0.0054,0.0412,0.35,0.0021,3.0,1.0
2024-09-17,구로구,28.6,26.0,33.0,0.0,0.0076,0.0348,0.33,0.0022,5.0,2.0
2024-09-18,구로구,29.2,26.6,32.6,0.0,0.0084,0.0373,0.31,0.0024,8.0,4.0
2024-09-19,구로구,29.1,26.4,32.4,0.0,0.0098,0.0447,0.31,0.0029,12.0,6.0
2024-09-20,구로구,25.2,18.5,28.4,59.5,0.011,0.0246,0.3,0.0022,5.0,3.0
2024-09-21,구로구,19.5,17.4,22.1,16.0,0.0047,0.0325,0.36,0.0021,3.0,1.0
2024-09-22,구로구,21.7,17.5,26.5,0.0,0.0042,0.0277,0.41,0.0021,3.0,1.0
2024-09-23,구로구,21.7,17.5,26.3,0.0,0.0057,0.0326,0.41,0.002,5.0,1.0
2024-09-24,구로구,21.7,17.3,26.8,0.0,0.0093,0.0372,0.43,0.0021,12.0,2.0
2024-09-25,구로구,23.9,19.1,28.5,0.0,0.0124,0.033,0.41,0.0023,15.0,3.0
2024-09-26,구로구,23.8,21.3,27.7,0.0,0.0116,0.0412,0.4,0.0024,14.0,6.0
2024-09-27,구로구,23.7,20.0,28.0,0.0,0.0094,0.035,0.41,0.0023,13.0,6.0
2024-09-28,구로구,24.2,20.4,29.3,0.0,0.0055,0.0409,0.4,0.0021,8.0,2.0
2024-09-29,구로구,24.8,20.0,29.9,0.0,0.005,0.0397,0.38,0.0021,8.0,1.0
2024-09-30,구로구,23.5,19.6,28.8,0.0,0.011,0.0397,0.42,0.0026,12.0,3.0
2024-10-01,구로구,19.0,14.0,21.8,1.0,0.0078,0.0338,0.38,0.0023,12.0,4.0
2024-10-02,구로구,19.2,15.1,22.9,0.0,0.0068,0.032,0.46,0.0022,13.0,4.0
2024-10-03,구로구,,,,0.0,0.0107,0.0255,0.42,0.0021,14.0,4.0
2024-10-04,구로구,,,,0.0,0.0125,0.0256,0.43,0.0022,15.0,5.0
2024-10-05,구로구,,,,0.0,0.0143,0.0315,0.47,0.0022,22.0,9.0
2024-10-06,구로구,,,,0.0,0.017,0.015,0.51,0.0022,24.0,12.0
2024-10-07,구로구,,,,0.0,0.0172,0.0241,0.54,0.0027,42.0,23.0
2024-10-08,구로구,,,,0.0,0.014,0.025,0.54,0.0024,45.0,24.0
2024-10-09,구로구,,,,0.0,0.0085,0.0336,0.42,0.0021,11.0,5.0
2024-10-10,구로구,,,,0.5,0.0106,0.0372,0.46,0.0024,9.0,4.0
2024-10-11,구로구,19.1,14.3,25.0,0.0,0.017,0.036,0.54,0.0025,62.0,42.0
2024-10-12,구로구,18.5,13.2,26.2,0.0,0.0191,0.0324,0.58,0.0026,50.0,33.0
2024-10-13,구로구,19.0,13.1,23.6,0.0,0.0129,0.0294,0.53,0.0022,33.0,25.0
2024-10-14,구로구,19.8,17.2,21.8,0.0,0.014,0.0237,0.4,0.0023,23.0,15.0
2024-10-15,구로구,19.4,17.4,22.2,0.5,0.0157,0.0165,0.36,0.0022,25.0,22.0
2024-10-16,구로구,18.3,14.1,24.8,0.0,0.0191,0.0254,0.46,0.0024,55.0,40.0
2024-10-17,구로구,19.6,14.0,28.0,0.0,0.0176,0.0276,0.43,0.0023,41.0,23.0
2024-10-18,구로구,17.7,15.7,19.5,44.5,0.0153,0.0145,0.37,0.0022,21.0,11.0
2024-10-19,구로구,16.9,13.4,21.2,0.5,0.0062,0.0291,0.3,0.0021,7.0,3.0
2024-10-20,구로구,14.5,11.4,19.8,0.0,0.0045,0.0314,0.25,0.002,12.0,3.0
2024-10-21,구로구,15.1,10.8,19.3,0.0,0.0139,0.0186,0.31,0.0021,17.0,5.0
2024-10-22,구로구,16.0,15.1,17.0,13.5,0.0179,0.0075,0.38,0.0021,11.0,6.0
2024-10-23,구로구,13.4,9.8,17.0,1.0,0.0077,0.0322,0.28,0.0021,15.0,6.0
2024-10-24,구로구,12.7,7.0,19.0,0.0,0.0146,0.0269,0.34,0.0021,29.0,15.0
2024-10-25,구로구,15.5,9.2,24.1,0.0,0.024,0.0125,0.44,0.0021,28.0,14.0
2024-10-26,구로구,17.7,11.0,25.3,0.0,0.0189,0.0165,0.38,0.002,22.0,11.0
2024-10-27,구로구,16.2,13.4,19.8,0.0,0.0112,0.0292,0.33,0.0024,29.0,15.0
2024-10-28,구로구,16.4,12.1,21.4,0.0,0.0137,0.0197,0.41,0.002,39.0,26.0
2024-10-29,구로구,15.6,12.7,20.5,0.0,0.0154,0.0205,0.31,0.0021,16.0,6.0
2024-10-30,구로구,15.9,11.1,22.2,0.0,0.016,0.0248,0.42,0.0023,32.0,18.0
2024-10-31,구로구,16.2,10.8,24.0,0.0,0.0263,0.0199,0.44,0.0023,41.0,24.0
2024-11-01,구로구,15.7,13.0,19.4,0.0,0.0327,0.0109,0.52,0.0022,45.0,26.0
2024-11-02,구로구,17.9,11.5,26.3,0.0,0.0184,0.0219,0.42,0.0022,35.0,20.0
2024-11-03,구로구,18.1,12.5,24.0,0.0,0.0086,0.0361,0.31,0.0022,24.0,14.0
2024-11-04,구로구,15.1,9.3,19.6,0.0,0.009,0.036,0.27,0.0023,28.0,11.0
2024-11-05,구로구,9.9,6.4,15.5,0.0,0.0096,0.0249,0.26,0.0028,30.0,7.0
2024-11-06,구로구,7.6,3.6,12.6,0.0,0.0122,0.0245,0.31,0.0031,32.0,11.0
2024-11-07,구로구,8.1,2.1,15.6,0.0,0.0222,0.017,0.4,0.0028,46.0,20.0
2024-11-08,구로구,10.0,3.3,18.2,0.0,0.03,0.012,0.5,0.0024,44.0,24.0
2024-11-09,구로구,12.8,6.4,21.9,0.0,0.029,0.0145,0.56,0.0023,43.0,21.0
2024-11-10,구로구,14.4,10.0,21.7,0.0,0.0206,0.0209,0.42,0.0022,28.0,15.0
2024-11-11,구로구,14.3,9.0,22.0,0.0,0.0306,0.0175,0.54,0.0028,67.0,39.0
2024-11-12,구로구,14.3,10.7,19.9,0.0,0.0174,0.0265,0.38,0.0028,43.0,27.0
2024-11-13,구로구,14.2,8.1,20.8,0.0,0.0263,0.0168,0.48,0.0025,48.0,25.0
2024-11-14,구로구,15.2,12.3,17.9,0.0,0.0274,0.0104,0.43,0.0022,,18.0
2024-11-15,구로구,17.5,13.8,22.8,0.0,0.0193,0.0198,0.35,0.0021,28.0,15.0
2024-11-16,구로구,17.5,14.5,22.9,5.0,0.0124,0.0321,0.3,0.0022,22.0,13.0
2024-11-17,구로구,7.4,3.3,14.5,0.0,0.0055,0.0301,0.26,0.0025,23.0,8.0
2024-11-18,구로구,3.4,0.7,8.2,0.0,0.0092,0.0258,0.23,0.0025,22.0,6.0
2024-11-19,구로구,5.9,0.2,11.4,0.0,0.0234,0.0123,0.32,0.0023,29.0,12.0
2024-11-20,구로구,6.3,2.0,10.1,0.0,0.0293,0.0058,0.5,0.0026,47.0,28.0
2024-11-21,구로구,9.9,5.7,15.0,1.5,0.0238,0.0139,0.53,0.0027,65.0,43.0
2024-11-22,구로구,6.9,3.3,10.7,0.0,0.0138,0.0227,0.33,0.003,40.0,19.0
2024-11-23,구로구,6.7,1.4,13.6,0.0,0.0212,0.0139,0.36,0.0023,29.0,14.0
2024-11-24,구로구,7.9,2.2,14.7,0.0,0.0184,0.0172,0.34,0.002,21.0,10.0
2024-11-25,구로구,11.4,3.8,17.0,0.0,0.021,0.0151,0.36,0.0022,27.0,13.0
2024-11-26,구로구,6.4,1.9,13.4,24.0,0.0092,0.0255,0.25,0.0019,12.0,6.0
2024-11-27,구로구,-0.3,-1.2,3.3,16.5,0.012,0.0231,0.26,0.0019,13.0,7.0
2024-11-28,구로구,1.2,-1.0,4.5,6.0,0.0131,0.0214,0.31,0.0021,22.0,13.0
2024-11-29,구로구,1.0,-3.5,5.0,0.0,0.0198,0.0134,0.38,0.0026,38.0,20.0
2024-11-30,구로구,3.4,-1.3,6.0,0.0,0.0236,0.0095,0.49,0.0026,30.0,16.0
2024-12-01,구로구,6.2,1.2,10.3,0.0,0.0221,0.0057,0.52,0.0022,41.0,29.0
2024-12-02,구로구,7.0,1.1,14.2,0.0,0.0206,0.0167,0.48,0.0027,49.0,31.0
2024-12-03,구로구,1.4,-2.3,5.4,0.0,0.0113,0.0244,0.26,0.0027,20.0,7.0
2024-12-04,구로구,3.1,-1.4,7.7,0.0,0.0159,0.0207,0.31,0.003,26.0,11.0
2024-12-05,구로구,4.3,-1.2,9.6,0.5,0.0166,0.0208,0.33,0.0029,27.0,11.0
2024-12-06,구로구,2.2,-1.3,5.8,0.0,0.0113,0.0252,0.28,0.0029,32.0,8.0
2024-12-07,구로구,0.2,-3.2,5.4,0.0,0.0108,0.0244,0.31,0.0028,27.0,11.0
2024-12-08,구로구,-0.3,-3.5,5.0,0.0,0.0103,0.0246,0.31,0.0026,28.0,12.0
2024-12-09,구로구,1.3,-4.2,8.2,0.0,0.0226,0.0124,0.43,0.0031,39.0,18.0
2024-12-10,구로구,2.6,-2.7,8.4,0.0,0.0253,0.012,0.54,0.003,48.0,29.0
2024-12-11,구로구,2.6,-0.5,8.0,0.0,0.0192,0.0181,0.59,0.0044,68.0,38.0
2024-12-12,구로구,0.8,-3.9,6.0,0.0,0.0162,0.0178,0.38,0.0038,41.0,17.0
2024-12-13,구로구,1.1,-1.0,4.5,0.0,0.0154,0.0217,0.33,0.0029,31.0,13.0
2024-12-14,구로구,-0.2,-3.0,4.0,0.0,0.0122,0.0248,0.35,0.0028,34.0,15.0
2024-12-15,구로구,0.9,-2.5,6.3,0.0,0.015,0.0235,0.31,0.0026,26.0,12.0
2024-12-16,구로구,-0.4,-4.2,4.5,0.0,0.0243,0.0092,0.43,0.003,37.0,18.0
2024-12-17,구로구,-0.8,-4.3,3.9,0.0,0.017,0.0181,0.35,0.0031,29.0,13.0
2024-12-18,구로구,-3.7,-6.2,0.5,0.0,0.0122,0.0181,0.35,0.0034,37.0,17.0
2024-12-19,구로구,-1.6,-7.2,5.1,0.0,0.024,0.0075,0.52,0.0046,61.0,31.0
2024-12-20,구로구,1.4,-2.7,5.1,0.0,0.0318,0.0025,0.66,0.0041,65.0,40.0
2024-12-21,구로구,-0.6,-4.1,2.3,2.0,0.014,0.0188,0.48,0.0025,52.0,42.0
2024-12-22,구로구,-2.9,-6.6,2.2,0.0,0.0104,0.0255,0.28,0.0027,24.0,10.0
2024-12-23,구로구,0.5,-5.7,7.8,0.0,0.0217,0.0142,0.47,0.0031,33.0,20.0
2024-12-24,구로구,0.0,-4.8,5.5,0.0,0.0205,0.0156,0.39,0.0031,35.0,18.0
2024-12-25,구로구,2.7,-1.4,7.2,0.0,0.0237,0.0134,0.45,0.0032,34.0,22.0
2024-12-26,구로구,0.4,-4.9,4.8,0.0,0.0122,0.0224,0.38,0.0029,77.0,35.0
2024-12-27,구로구,-1.9,-6.2,2.1,0.0,0.012,0.0239,0.3,0.0028,35.0,13.0
2024-12-28,구로구,-2.4,-6.6,1.9,0.0,0.0103,0.0238,0.31,0.003,36.0,14.0
2024-12-29,구로구,1.3,-4.2,7.2,0.0,0.0183,0.0178,0.38,0.0027,29.0,15.0
2024-12-30,구로구,6.1,1.7,10.6,0.0,0.0178,0.0224,0.41,0.0028,62.0,35.0
2024-12-31,구로구,0.9,-2.6,5.7,0.0,0.0123,0.0236,0.34,0.003,59.0,18.0
2024-01-01,강북구,2.6,-1.4,6.5,0.0,0.0243,0.0157,0.71,0.0025,19.0,15.0
2024-01-02,강북구,2.7,1.1,4.6,0.0,0.0133,0.0296,0.48,0.0025,35.0,26.0
2024-01-03,강북구,1.6,-1.4,3.2,0.5,0.0182,0.0232,0.5,0.0024,34.0,24.0
2024-01-04,강북구,0.2,-4.4,3.6,0.0,0.0309,0.0121,0.71,0.0024,54.0,37.0
2024-01-05,강북구,4.3,0.8,8.7,0.0,0.0321,0.0211,0.83,0.0032,82.0,57.0
2024-01-06,강북구,0.3,-3.0,4.0,2.0,0.0136,0.0282,0.41,0.0026,22.0,13.0
2024-01-07,강북구,-4.6,-8.9,-1.1,0.0,0.0059,0.0306,0.4,0.0024,24.0,15.0
2024-01-08,강북구,-5.4,-11.2,-0.6,0.0,0.0214,0.0147,0.5,0.0023,23.0,13.0
2024-01-09,강북구,-1.4,-2.4,-0.1,2.0,0.0442,0.0017,0.67,0.0026,29.0,20.0
2024-01-10,강북구,-2.3,-5.7,3.5,0.0,0.0312,0.0078,0.82,0.0024,64.0,49.0
2024-01-11,강북구,1.6,-4.2,4.7,0.0,0.0338,0.0143,0.69,0.0029,67.0,52.0
2024-01-12,강북구,0.6,-2.2,4.2,0.0,0.0157,0.0307,0.55,0.0031,55.0,36.0
2024-01-13,강북구,-1.0,-4.7,4.8,0.0,0.0254,0.0176,0.54,0.0029,23.0,13.0
2024-01-14,강북구,-1.2,-3.8,1.6,4.0,0.0332,0.0095,0.69,0.0024,32.0,24.0
2024-01-15,강북구,-4.1,-8.3,0.9,0.0,0.0111,0.031,0.39,0.0026,19.0,11.0
2024-01-16,강북구,-3.6,-8.9,3.3,0.0,0.0268,0.0165,0.53,0.0028,27.0,17.0
2024-01-17,강북구,-0.1,-4.0,1.8,7.0,0.0431,0.0028,0.76,0.0028,34.0,26.0
2024-01-18,강북구,3.3,0.8,8.9,0.0,0.0267,0.0139,0.58,0.0029,26.0,22.0
2024-01-19,강북구,4.8,1.8,8.6,0.0,0.016,0.0283,0.44,0.0025,13.0,9.0
2024-01-20,강북구,3.3,1.2,5.1,0.5,0.0092,0.0352,0.31,0.0021,3.0,1.0
2024-01-21,강북구,1.6,-2.4,4.3,0.0,0.0085,0.0317,0.34,0.0019,9.0,6.0
2024-01-22,강북구,-8.8,-12.0,-2.3,0.0,0.006,0.0337,0.39,0.0017,48.0,23.0
2024-01-23,강북구,-11.9,-14.2,-8.7,0.0,0.0049,0.0332,0.35,0.0022,23.0,13.0
2024-01-24,강북구,-8.0,-11.3,-4.0,0.0,0.0049,0.0358,0.36,0.0025,21.0,11.0
2024-01-25,강북구,-5.6,-11.0,-1.0,0.0,0.0143,0.0267,0.44,0.0025,21.0,13.0
2024-01-26,강북구,-2.9,-8.6,3.5,0.0,0.0265,0.0206,0.58,0.0025,32.0,22.0
2024-01-27,강북구,-1.4,-6.2,4.0,0.0,0.0249,0.0256,0.67,0.0026,50.0,36.0
2024-01-28,강북구,-2.0,-5.9,2.8,0.0,0.0175,0.0296,0.53,0.0021,34.0,24.0
2024-01-29,강북구,-1.6,-6.7,4.2,0.0,0.022,0.0283,0.59,0.0024,41.0,30.0
2024-01-30,강북구,-0.5,-5.7,7.4,0.0,0.0279,0.022,0.69,0.0024,52.0,37.0
2024-01-31,강북구,3.5,-1.6,10.3,0.0,0.0343,0.0224,0.69,0.0028,56.0,41.0
2024-02-01,강북구,2.0,-2.1,7.5,0.0,0.0218,0.0325,0.77,0.0027,83.0,62.0
2024-02-02,강북구,2.4,-0.8,7.6,0.0,0.0237,0.0222,0.49,0.0023,32.0,23.0
2024-02-03,강북구,3.6,-1.8,7.9,0.0,0.0237,0.0183,0.51,0.0022,27.0,21.0
2024-02-04,강북구,6.2,2.3,10.8,0.0,0.0209,0.0202,0.5,0.0022,23.0,19.0
2024-02-05,강북구,3.0,-0.2,6.4,4.0,0.0094,0.0384,0.3,0.0019,5.0,3.0
2024-02-06,강북구,1.0,-0.4,3.3,0.0,0.0164,0.0285,0.39,0.0019,10.0,9.0
2024-02-07,강북구,0.7,-2.1,3.1,0.0,0.0121,0.0329,0.51,0.0019,26.0,21.0
2024-02-08,강북구,-0.1,-4.4,5.7,0.0,0.0187,0.0298,0.6,0.0022,38.0,30.0
2024-02-09,강북구,0.2,-4.3,5.7,0.0,,,,,,
2024-02-10,강북구,1.1,-2.3,6.7,0.0,,,,,,
2024-02-11,강북구,0.2,-4.9,5.3,0.0,0.0155,0.0384,0.59,0.0022,63.0,49.0
2024-02-12,강북구,2.2,-4.2,9.6,0.0,0.0206,0.0298,0.64,0.0023,60.0,43.0
2024-02-13,강북구,7.4,0.2,14.2,0.0,0.0275,0.0291,0.64,0.0025,68.0,43.0
2024-02-14,강북구,12.2,7.3,17.8,0.0,0.0238,0.024,0.53,0.0025,44.0,25.0
2024-02-15,강북구,4.5,-0.4,12.0,9.0,0.0066,0.0392,0.33,0.0019,20.0,13.0
2024-02-16,강북구,1.6,-2.2,7.6,0.0,0.0186,0.022,0.45,0.0021,25.0,17.0
2024-02-17,강북구,3.1,-2.5,10.9,0.0,0.027,0.0184,0.58,0.0024,43.0,30.0
2024-02-18,강북구,5.7,-0.5,9.9,16.0,0.0213,0.0202,0.54,0.0021,36.0,24.0
2024-02-19,강북구,9.2,4.4,12.2,9.5,0.0234,0.0098,0.61,0.0023,12.0,4.0
2024-02-20,강북구,4.8,3.7,7.2,2.0,0.0133,0.0205,0.42,0.0023,26.0,15.0
2024-02-21,강북구,1.8,0.2,4.6,16.5,0.0128,0.03,0.3,0.0021,3.0,1.0
2024-02-22,강북구,0.5,-0.7,2.2,7.5,0.0129,0.0329,0.28,0.0018,4.0,2.0
2024-02-23,강북구,1.7,-1.8,6.4,0.5,0.0112,0.0361,0.27,0.0019,8.0,4.0
2024-02-24,강북구,1.7,-2.7,5.9,1.5,0.0121,0.0346,0.31,0.0019,13.0,7.0
2024-02-25,강북구,2.3,-0.6,6.6,2.0,0.0106,0.031,0.31,0.0019,10.0,8.0
2024-02-26,강북구,3.0,-2.0,9.8,0.0,0.0153,0.0256,0.45,0.0021,29.0,19.0
2024-02-27,강북구,3.9,-0.8,9.4,0.0,0.0142,0.0311,0.33,0.002,16.0,9.0
2024-02-28,강북구,5.7,1.4,10.0,0.0,0.0224,0.0235,0.38,0.0023,29.0,15.0
2024-02-29,강북구,4.4,0.2,9.7,0.0,0.0173,0.0306,0.48,0.0026,51.0,33.0
2024-03-01,강북구,-4.3,-7.2,0.2,0.0,0.0038,0.0444,0.26,0.002,35.0,10.0
2024-03-02,강북구,-0.8,-8.9,4.4,0.0,0.014,0.0364,0.36,0.002,36.0,14.0
2024-03-03,강북구,4.1,0.5,9.0,0.0,0.0118,0.0481,0.5,0.0022,112.0,57.0
2024-03-04,강북구,4.3,-3.0,11.5,0.0,0.0262,0.0275,0.47,0.0025,56.0,28.0
2024-03-05,강북구,7.2,3.3,11.4,0.0,0.0222,0.0304,0.43,0.0026,39.0,21.0
2024-03-06,강북구,5.2,0.6,10.0,0.0,0.0143,0.0333,0.34,0.002,12.0,6.0
2024-03-07,강북구,3.2,0.5,7.3,2.0,0.015,0.0346,0.35,0.002,26.0,16.0
2024-03-08,강북구,2.3,-0.8,6.8,0.0,0.0073,0.046,0.35,0.0023,38.0,20.0
2024-03-09,강북구,1.5,-3.7,6.6,0.0,0.0102,0.0395,0.35,0.0022,31.0,18.0
2024-03-10,강북구,3.2,-3.1,10.4,0.0,0.0172,0.0342,0.39,0.0023,27.0,17.0
2024-03-11,강북구,5.5,0.5,10.7,0.0,0.025,0.029,0.42,0.0024,31.0,19.0
2024-03-12,강북구,6.0,2.8,9.7,2.5,0.0237,0.0242,0.47,0.0023,25.0,16.0
2024-03-13,강북구,6.2,-0.3,12.5,0.0,0.0191,0.0415,0.46,0.003,40.0,24.0
2024-03-14,강북구,8.2,1.2,15.7,0.0,0.0222,0.0443,0.45,0.0028,55.0,33.0
2024-03-15,강북구,8.4,2.0,15.0,0.0,0.021,0.0441,0.42,0.0026,49.0,31.0
2024-03-16,강북구,10.5,2.9,18.3,0.0,0.0177,0.0439,0.43,0.0026,53.0,32.0
2024-03-17,강북구,8.9,4.9,12.6,0.0,0.0076,0.0492,0.28,0.0022,91.0,17.0
2024-03-18,강북구,7.0,-0.3,12.8,0.0,0.0118,0.0397,0.28,0.0023,17.0,6.0
2024-03-19,강북구,6.5,3.6,10.1,0.0,0.0151,0.0425,0.35,0.0022,43.0,23.0
2024-03-20,강북구,4.3,1.6,8.5,0.0,0.0062,0.0478,0.3,0.002,37.0,25.0
2024-03-21,강북구,4.2,-2.0,11.3,0.0,0.0156,0.0426,0.37,0.0023,35.0,21.0
2024-03-22,강북구,9.8,1.6,15.3,7.0,0.0224,0.0372,0.41,0.0023,39.0,18.0
2024-03-23,강북구,12.5,7.5,18.7,0.0,0.0096,0.0534,0.36,0.002,48.0,20.0
2024-03-24,강북구,14.3,7.5,22.8,0.0,0.0124,0.0393,0.35,0.002,24.0,11.0
2024-03-25,강북구,10.2,7.0,13.1,4.5,0.0139,0.0331,0.32,0.0019,17.0,8.0
2024-03-26,강북구,6.2,2.2,11.8,12.0,0.0088,0.0407,0.26,0.0018,4.0,2.0
2024-03-27,강북구,9.7,3.0,16.4,0.0,0.0192,0.0304,0.39,0.0023,21.0,12.0
2024-03-28,강북구,9.7,7.6,11.6,1.5,0.0215,0.0233,0.42,0.0022,18.0,13.0
2024-03-29,강북구,7.2,2.8,12.5,2.5,0.0165,0.0355,0.4,0.0021,265.0,35.0
2024-03-30,강북구,8.3,1.6,16.5,0.0,0.0153,0.038,0.39,0.0022,78.0,16.0
2024-03-31,강북구,9.6,1.2,17.3,0.0,0.0097,0.042,0.33,0.0023,36.0,10.0
2024-04-01,강북구,11.2,4.0,18.9,0.0,0.013,0.0452,0.34,0.0025,37.0,12.0
2024-04-02,강북구,14.4,5.3,24.1,0.0,0.0192,0.05,0.4,0.0028,44.0,22.0
2024-04-03,강북구,15.6,12.0,20.3,0.0,0.0257,0.032,0.44,0.0027,34.0,18.0
2024-04-04,강북구,14.9,11.1,20.6,0.0,0.0154,0.0412,0.35,0.0024,31.0,15.0
2024-04-05,강북구,13.5,8.7,18.9,0.0,0.014,0.052,0.33,0.0024,38.0,19.0
2024-04-06,강북구,11.9,6.0,19.2,0.0,0.0182,0.0496,0.44,0.0027,52.0,31.0
2024-04-07,강북구,14.1,5.8,23.3,0.0,0.0179,0.0588,0.46,0.0027,49.0,30.0
2024-04-08,강북구,16.2,8.9,23.6,0.0,0.0208,0.0531,0.43,0.0026,45.0,24.0
2024-04-09,강북구,14.1,9.3,20.4,0.0,0.0095,0.0523,0.31,0.0023,36.0,18.0
2024-04-10,강북구,12.7,7.2,18.4,0.0,0.0101,0.0516,0.28,0.0021,37.0,15.0
2024-04-11,강북구,14.7,10.6,21.2,0.0,0.015,0.0483,0.36,0.0024,41.0,17.0
2024-04-12,강북구,16.1,9.9,23.8,0.0,0.0164,0.0478,0.37,0.0026,42.0,21.0
2024-04-13,강북구,18.4,9.1,27.6,0.0,0.011,0.0531,0.29,0.0023,31.0,13.0
2024-04-14,강북구,19.6,11.2,29.4,0.0,0.0122,0.0605,0.34,0.0026,38.0,19.0
2024-04-15,강북구,14.6,11.5,18.0,18.0,0.0142,0.0372,0.34,0.0024,21.0,12.0
2024-04-16,강북구,12.9,9.8,18.1,1.0,0.0124,0.0449,0.38,0.002,66.0,17.0
2024-04-17,강북구,14.1,7.5,22.1,0.0,0.0125,0.0345,0.41,0.0021,125.0,23.0
2024-04-18,강북구,16.8,8.7,25.9,0.0,0.0137,0.0457,0.38,0.0025,120.0,21.0
2024-04-19,강북구,17.1,9.3,25.1,0.0,0.0217,0.0671,0.46,0.0035,80.0,24.0
2024-04-20,강북구,14.1,12.4,17.8,7.0,0.0133,0.0511,0.44,0.0024,56.0,24.0
2024-04-21,강북구,16.7,12.2,22.0,0.0,0.0059,0.0491,0.27,0.002,14.0,5.0
2024-04-22,강북구,17.7,13.5,23.2,0.0,0.0085,0.0555,0.26,0.002,28.0,15.0
2024-04-23,강북구,16.3,10.4,23.5,0.0,0.0084,0.0519,0.25,0.0018,17.0,10.0
2024-04-24,강북구,12.6,9.2,16.8,9.5,0.0077,0.0388,0.24,0.0017,8.0,4.0
2024-04-25,강북구,13.9,9.4,21.2,0.0,0.0138,0.049,0.36,0.0019,22.0,14.0
2024-04-26,강북구,17.0,9.4,26.4,0.0,0.014,0.0554,0.38,0.0023,49.0,19.0
2024-04-27,강북구,17.5,8.9,27.1,0.0,0.0127,0.0551,0.36,0.0023,42.0,15.0
2024-04-28,강북구,19.4,10.8,28.8,0.0,0.0135,0.0001,0.4,0.0026,32.0,19.0
2024-04-29,강북구,19.6,14.2,26.2,0.0,0.0107,0.0706,0.3,0.0022,37.0,20.0
2024-04-30,강북구,18.3,14.9,23.2,0.0,0.0143,0.057,0.42,0.0033,51.0,32.0
2024-05-01,강북구,17.8,13.0,23.8,0.0,0.0076,0.0533,0.26,0.002,23.0,14.0
2024-05-02,강북구,17.1,10.6,23.7,0.0,0.0128,0.0517,0.31,0.0022,31.0,18.0
2024-05-03,강북구,18.4,9.2,28.1,0.0,0.0161,0.0631,0.35,0.0026,38.0,22.0
2024-05-04,강북구,20.5,11.9,28.7,0.0,0.0179,0.0784,0.45,0.0032,50.0,32.0
2024-05-05,강북구,16.9,15.2,19.4,64.0,0.0095,0.0389,0.34,0.0022,21.0,14.0
2024-05-06,강북구,13.7,12.8,15.3,13.0,0.0078,0.0502,0.31,0.0019,7.0,5.0
2024-05-07,강북구,13.1,10.8,15.7,1.0,0.0096,0.0358,0.31,0.0019,18.0,12.0
2024-05-08,강북구,13.9,7.0,21.2,0.0,0.0078,0.0367,0.25,0.0019,17.0,9.0
2024-05-09,강북구,15.6,8.7,22.3,0.0,0.013,0.0469,0.33,0.0023,26.0,15.0
2024-05-10,강북구,17.3,10.6,24.4,0.0,0.0118,0.0529,0.32,0.0024,26.0,15.0
2024-05-11,강북구,16.3,13.0,21.4,36.0,0.0096,0.0468,0.26,0.0022,16.0,7.0
2024-05-12,강북구,16.3,8.7,21.9,0.0,0.006,0.0435,0.26,0.002,75.0,13.0
2024-05-13,강북구,17.6,9.6,24.9,0.0,0.01,0.051,0.3,0.0021,25.0,12.0
2024-05-14,강북구,17.4,10.2,25.3,0.0,0.0142,0.0536,0.3,0.0026,23.0,13.0
2024-05-15,강북구,11.7,7.0,19.7,19.5,0.0087,0.047,0.26,0.0021,19.0,8.0
2024-05-16,강북구,13.6,7.3,20.2,0.5,0.0067,0.0461,0.23,0.0021,11.0,4.0
2024-05-17,강북구,17.7,8.5,25.8,0.0,0.0146,0.0571,0.38,0.0024,34.0,17.0
2024-05-18,강북구,20.4,15.7,26.8,0.0,0.0104,0.0503,0.28,0.0023,23.0,11.0
2024-05-19,강북구,20.5,14.0,28.2,0.0,0.0062,0.0492,0.23,0.0022,19.0,10.0
2024-05-20,강북구,19.3,15.8,24.1,0.0,0.0082,0.0404,0.23,0.0025,26.0,16.0
2024-05-21,강북구,21.3,15.0,28.3,0.0,0.01,0.0509,0.28,0.002,30.0,20.0
2024-05-22,강북구,19.8,15.6,26.3,0.0,0.0107,0.0593,0.35,0.0025,45.0,32.0
2024-05-23,강북구,19.6,13.8,26.7,0.0,0.0106,0.0493,0.27,0.0023,25.0,17.0
2024-05-24,강북구,19.1,14.8,23.9,0.0,0.0081,0.0336,0.27,0.002,27.0,20.0
2024-05-25,강북구,20.5,16.4,24.8,0.0,0.0101,0.0436,0.28,0.0024,28.0,17.0
2024-05-26,강북구,19.2,15.8,25.1,12.5,0.0093,0.043,0.3,0.0021,24.0,15.0
2024-05-27,강북구,18.1,14.1,22.7,0.0,0.0051,0.0534,0.27,0.0021,19.0,8.0
2024-05-28,강북구,18.8,12.2,26.2,0.0,0.0072,0.0406,0.23,0.002,12.0,6.0
2024-05-29,강북구,20.1,12.7,27.5,0.0,0.0157,0.0404,0.31,0.0026,21.0,11.0
2024-05-30,강북구,19.5,13.6,24.2,0.0,0.0135,0.046,0.32,0.0024,17.0,12.0
2024-05-31,강북구,19.5,13.8,25.3,0.0,0.0103,0.0582,0.29,0.0024,20.0,14.0
2024-06-01,강북구,20.6,17.0,25.6,0.0,0.0049,0.0541,0.24,0.0021,21.0,13.0
2024-06-02,강북구,19.7,15.2,26.3,0.0,0.0058,0.0559,0.25,0.0021,18.0,10.0
2024-06-03,강북구,20.3,13.5,28.3,0.0,0.0083,0.0401,0.23,0.002,14.0,8.0
2024-06-04,강북구,21.5,13.0,29.0,0.0,0.0076,0.0436,0.21,0.0021,13.0,7.0
2024-06-05,강북구,22.3,15.4,29.6,0.0,0.0133,0.0598,0.31,0.0025,31.0,19.0
2024-06-06,강북구,23.3,17.6,30.8,0.0,0.0119,0.0756,0.33,0.0026,36.0,25.0
2024-06-07,강북구,22.1,16.2,27.8,0.5,0.013,0.0663,0.3,0.0025,30.0,20.0
2024-06-08,강북구,18.3,16.1,23.6,17.0,0.0092,0.0378,0.3,0.0021,23.0,17.0
2024-06-09,강북구,21.6,15.4,29.1,0.0,0.0082,0.0531,0.32,0.0027,25.0,17.0
2024-06-10,강북구,23.8,16.4,30.7,0.0,0.0119,0.0756,0.41,0.0031,40.0,26.0
2024-06-11,강북구,24.8,19.3,31.7,0.0,0.0105,0.0974,0.42,0.0027,61.0,40.0
2024-06-12,강북구,23.4,16.6,31.6,0.0,0.0116,0.0645,0.3,0.0027,28.0,16.0
2024-06-13,강북구,24.6,17.5,32.8,0.0,0.01,0.0595,0.26,0.0025,25.0,15.0
2024-06-14,강북구,25.1,18.3,32.5,0.0,0.0131,0.0602,0.29,0.0034,29.0,19.0
2024-06-15,강북구,23.2,20.1,27.4,0.5,0.0066,0.0361,0.22,0.0024,24.0,20.0
2024-06-16,강북구,24.0,17.6,30.0,0.0,0.0055,0.0562,0.26,0.0024,19.0,12.0
2024-06-17,강북구,23.7,16.0,30.5,0.0,0.0118,0.0609,0.26,0.0028,17.0,10.0
2024-06-18,강북구,24.7,17.5,32.5,0.0,0.0146,0.0592,0.28,0.0029,22.0,14.0
2024-06-19,강북구,26.9,18.8,34.8,0.0,0.0137,0.0876,0.35,0.0029,32.0,23.0
2024-06-20,강북구,27.4,20.3,35.2,0.0,0.0135,0.0901,0.38,0.0034,36.0,27.0
2024-06-21,강북구,26.6,20.3,33.4,0.0,0.0155,0.0798,0.33,0.004,33.0,23.0
2024-06-22,강북구,22.7,21.2,25.8,14.5,0.0125,0.0383,0.36,0.0032,30.0,24.0
2024-06-23,강북구,24.4,21.0,30.0,8.0,0.0054,0.0359,0.27,0.0023,14.0,8.0
2024-06-24,강북구,23.7,20.5,28.7,0.0,0.0072,0.0601,0.3,0.0023,54.0,18.0
2024-06-25,강북구,22.6,18.4,28.0,0.0,0.0071,0.058,0.24,0.0024,17.0,8.0
2024-06-26,강북구,23.8,16.7,31.0,0.0,0.0096,0.0426,0.27,0.0022,19.0,11.0
2024-06-27,강북구,24.7,17.9,31.4,0.0,0.0123,0.0605,0.3,0.0025,27.0,16.0
2024-06-28,강북구,25.4,18.2,32.1,0.0,0.0118,0.0838,0.33,0.0028,34.0,24.0
2024-06-29,강북구,25.2,19.2,32.3,42.0,0.01,0.0685,0.32,0.0026,29.0,22.0
2024-06-30,강북구,23.0,21.5,26.9,37.5,0.0067,0.042,0.28,0.0022,18.0,11.0
2024-07-01,강북구,25.2,20.1,30.8,0.0,0.0061,0.0562,0.26,0.0022,23.0,13.0
2024-07-02,강북구,21.9,21.1,23.3,66.0,0.0082,0.0268,0.27,0.002,16.0,9.0
2024-07-03,강북구,24.2,22.9,26.9,1.5,0.0072,0.0576,0.33,0.0021,21.0,12.0
2024-07-04,강북구,26.4,22.7,31.0,2.0,0.0089,0.0791,0.4,0.0022,36.0,28.0
2024-07-05,강북구,23.1,20.7,27.0,5.0,0.0071,0.0645,0.34,0.002,16.0,11.0
2024-07-06,강북구,23.8,20.7,28.3,4.0,0.0081,0.0389,0.34,0.002,28.0,17.0
2024-07-07,강북구,23.9,19.9,28.7,12.0,0.0081,0.0574,0.37,0.0021,22.0,15.0
2024-07-08,강북구,23.2,21.8,24.7,15.5,0.0097,0.0364,0.25,0.0022,9.0,5.0
2024-07-09,강북구,23.8,21.3,27.1,0.5,0.0116,0.0303,0.29,0.0021,16.0,8.0
2024-07-10,강북구,26.0,21.1,32.1,1.0,0.0057,0.0422,0.23,0.0021,11.0,5.0
2024-07-11,강북구,25.6,21.9,29.9,0.0,0.0106,0.0556,0.36,0.0024,33.0,23.0
2024-07-12,강북구,25.0,20.6,30.4,0.0,0.0104,0.0497,0.4,0.0022,35.0,25.0
2024-07-13,강북구,27.2,21.9,34.0,0.0,0.0089,0.0584,0.43,0.0023,46.0,37.0
2024-07-14,강북구,27.6,23.4,32.5,0.0,0.0067,0.0503,0.34,0.0021,33.0,27.0
2024-07-15,강북구,27.8,22.4,32.1,0.0,0.008,0.0428,0.24,0.0019,9.0,5.0
2024-07-16,강북구,26.2,23.3,31.3,14.0,0.0098,0.0375,0.27,0.0015,10.0,5.0
2024-07-17,강북구,23.8,22.5,27.0,104.5,0.0097,0.021,0.22,0.0017,8.0,3.0
2024-07-18,강북구,23.7,22.9,24.8,136.0,0.0107,0.0246,0.23,0.002,6.0,3.0
2024-07-19,강북구,26.7,22.9,31.9,1.0,0.009,0.0527,0.3,0.0022,23.0,16.0
2024-07-20,강북구,26.7,24.0,31.3,21.0,0.0083,0.0426,0.26,0.002,17.0,10.0
2024-07-21,강북구,26.1,22.0,30.2,20.5,0.006,0.0559,0.22,0.0019,16.0,8.0
2024-07-22,강북구,25.8,23.1,27.4,55.0,0.008,0.0204,0.21,0.0019,12.0,5.0
2024-07-23,강북구,26.0,25.1,27.2,6.5,0.007,0.0247,0.18,0.0019,10.0,5.0
2024-07-24,강북구,27.8,24.9,32.0,18.0,0.007,0.0167,0.18,0.0019,12.0,6.0
2024-07-25,강북구,28.3,24.3,33.4,14.5,0.0083,0.0263,0.21,0.0022,20.0,10.0
2024-07-26,강북구,27.4,23.9,33.0,21.5,0.0087,0.0214,0.21,0.002,17.0,8.0
2024-07-27,강북구,27.7,25.5,31.7,43.0,0.0083,0.0141,0.23,0.0021,18.0,7.0
2024-07-28,강북구,28.3,25.4,32.1,0.0,0.0057,0.0129,0.2,0.0021,18.0,6.0
2024-07-29,강북구,26.7,25.7,27.4,1.0,0.0067,0.021,0.17,0.002,21.0,9.0
2024-07-30,강북구,28.0,26.0,31.9,0.0,0.0068,0.0443,0.19,0.0018,23.0,13.0
2024-07-31,강북구,28.5,25.4,33.3,0.0,0.008,0.0258,0.19,0.0018,17.0,10.0
2024-08-01,강북구,28.7,26.6,33.1,0.0,0.0064,0.0153,0.17,0.0016,14.0,6.0
2024-08-02,강북구,28.8,26.5,32.0,1.5,0.0072,0.0344,0.28,0.0023,33.0,25.0
2024-08-03,강북구,29.4,25.9,33.9,0.0,0.0039,0.0426,0.3,0.002,32.0,27.0
2024-08-04,강북구,30.0,25.3,35.8,0.0,0.0057,0.0499,0.34,0.002,32.0,26.0
2024-08-05,강북구,27.9,24.8,32.8,40.0,0.0077,0.0428,0.33,0.0021,29.0,25.0
2024-08-06,강북구,27.6,23.9,33.3,0.5,0.0096,0.0368,0.29,0.0022,17.0,10.0
2024-08-07,강북구,28.1,24.8,33.0,1.5,0.0053,0.028,0.22,0.002,17.0,10.0
2024-08-08,강북구,26.9,24.6,31.1,0.5,0.0087,0.0279,0.24,0.0021,21.0,15.0
2024-08-09,강북구,28.2,23.6,33.6,0.0,0.0061,0.0392,0.24,0.0021,25.0,17.0
2024-08-10,강북구,28.3,24.6,33.6,0.0,0.0087,0.0478,0.31,0.0022,30.0,23.0
2024-08-11,강북구,28.3,25.4,34.3,0.0,0.0087,0.0423,0.33,0.0022,30.0,25.0
2024-08-12,강북구,29.2,25.4,33.3,0.0,0.0087,0.0449,0.28,0.0023,29.0,24.0
2024-08-13,강북구,29.4,25.5,35.5,0.5,0.0066,0.0375,0.24,0.0021,21.0,15.0
2024-08-14,강북구,28.8,25.0,36.3,13.0,0.0084,0.0465,0.28,0.002,24.0,18.0
2024-08-15,강북구,28.0,24.6,34.1,0.0,0.0067,0.0395,0.26,0.002,22.0,15.0
2024-08-16,강북구,28.6,24.5,34.4,0.0,0.0075,0.0429,0.25,0.002,20.0,14.0
2024-08-17,강북구,27.8,24.9,34.8,16.5,0.0074,0.0479,0.27,0.0019,21.0,15.0
2024-08-18,강북구,28.2,24.8,33.4,0.5,0.0061,0.0459,0.27,0.0019,21.0,14.0
2024-08-19,강북구,28.7,24.2,35.2,0.0,0.0089,0.0528,0.32,0.002,24.0,18.0
2024-08-20,강북구,30.3,24.8,35.3,0.0,0.0085,0.0434,0.27,0.0021,24.0,19.0
2024-08-21,강북구,27.4,25.8,29.9,46.5,0.009,0.0204,0.23,0.0019,13.0,7.0
2024-08-22,강북구,27.7,26.2,30.6,1.0,0.0074,0.0287,0.22,0.0019,16.0,6.0
2024-08-23,강북구,27.4,23.9,32.1,0.5,0.008,0.0709,0.34,0.0019,30.0,23.0
2024-08-24,강북구,26.4,23.1,31.2,0.0,0.0089,0.0564,0.45,0.002,43.0,34.0
2024-08-25,강북구,27.2,23.0,32.8,0.0,0.0063,0.0473,0.41,0.002,38.0,29.0
2024-08-26,강북구,26.7,23.8,31.2,0.0,0.0081,0.0339,0.39,0.0021,35.0,27.0
2024-08-27,강북구,24.0,21.5,29.8,0.5,0.0069,0.0318,0.29,0.002,21.0,11.0
2024-08-28,강북구,26.5,20.0,33.4,0.0,0.0071,0.0415,0.26,0.0021,16.0,8.0
2024-08-29,강북구,26.7,20.2,33.1,0.0,0.0059,0.0403,0.23,0.0021,10.0,4.0
2024-08-30,강북구,26.7,21.2,32.7,0.0,0.0051,0.0403,0.23,0.002,13.0,6.0
2024-08-31,강북구,25.8,20.3,33.0,0.0,0.0059,0.0556,0.32,0.0021,32.0,18.0
2024-09-01,강북구,25.6,21.7,31.1,0.0,0.0084,0.0495,0.36,0.0023,27.0,20.0
2024-09-02,강북구,22.9,20.2,26.2,0.5,0.0099,0.0303,0.32,0.0022,18.0,12.0
2024-09-03,강북구,24.9,19.8,31.3,0.0,0.0067,0.0421,0.25,0.0019,10.0,4.0
2024-09-04,강북구,26.2,20.8,32.2,0.0,0.0087,0.056,0.29,0.0022,18.0,9.0
2024-09-05,강북구,25.2,23.4,28.0,2.5,0.0088,0.0448,0.3,0.0022,22.0,14.0
2024-09-06,강북구,23.1,21.3,24.4,0.5,0.0086,0.0264,0.28,0.0019,14.0,7.0
2024-09-07,강북구,24.6,20.9,31.2,0.0,0.0077,0.0515,0.32,0.002,20.0,13.0
2024-09-08,강북구,25.6,20.7,32.0,0.0,0.0071,0.0636,0.37,0.002,27.0,22.0
2024-09-09,강북구,26.3,21.8,31.1,0.0,0.0089,0.0542,0.36,0.0021,25.0,20.0
2024-09-10,강북구,27.5,23.3,32.9,0.0,0.0089,0.0561,0.34,0.0021,28.0,22.0
2024-09-11,강북구,27.3,23.0,35.3,0.0,0.0108,0.0556,0.32,0.002,27.0,22.0
2024-09-12,강북구,24.2,23.6,25.9,70.0,0.0096,0.015,0.28,0.0019,10.0,6.0
2024-09-13,강북구,24.9,23.3,27.9,17.0,0.0107,0.0107,0.27,0.002,14.0,7.0
2024-09-14,강북구,26.9,23.7,31.7,0.0,0.0069,0.0253,0.24,0.0019,13.0,7.0
2024-09-15,강북구,26.2,22.4,31.7,0.0,0.0049,0.0205,0.24,0.0018,13.0,5.0
2024-09-16,강북구,25.2,20.2,31.4,5.0,0.0048,0.0332,0.23,0.0018,8.0,3.0
2024-09-17,강북구,27.2,23.8,32.1,0.0,0.0063,0.022,0.25,0.0018,13.0,6.0
2024-09-18,강북구,27.6,24.4,32.9,0.5,0.0053,0.0208,0.23,0.0018,16.0,10.0
2024-09-19,강북구,27.5,24.0,32.7,0.0,0.0096,0.0384,0.27,0.0022,20.0,14.0
2024-09-20,강북구,23.9,17.6,27.3,49.5,0.0101,0.015,0.26,0.0019,15.0,9.0
2024-09-21,강북구,19.0,16.5,22.4,32.0,0.0045,0.0342,0.2,0.0017,9.0,1.0
2024-09-22,강북구,20.0,16.1,25.7,0.0,0.0044,0.0259,0.22,0.0018,5.0,2.0
2024-09-23,강북구,18.7,13.8,25.4,0.0,0.0061,0.0306,0.22,0.0016,8.0,2.0
2024-09-24,강북구,18.6,13.0,26.1,0.0,0.008,0.038,0.23,0.0017,11.0,4.0
2024-09-25,강북구,21.3,15.4,27.4,0.0,0.0106,0.0364,0.27,0.0019,15.0,7.0
2024-09-26,강북구,21.6,18.9,27.6,5.0,0.0068,0.0425,0.26,0.0019,15.0,9.0
2024-09-27,강북구,21.1,17.3,27.7,0.0,0.0067,0.034,0.26,0.0018,15.0,9.0
2024-09-28,강북구,21.4,16.8,28.0,0.0,0.006,0.0378,0.24,0.0016,11.0,5.0
2024-09-29,강북구,21.5,16.3,28.4,0.0,0.0055,0.0366,0.23,0.0016,8.0,4.0
2024-09-30,강북구,21.2,16.0,27.5,0.0,0.0081,0.0417,0.26,0.0018,11.0,4.0
2024-10-01,강북구,17.0,11.6,20.0,3.0,0.008,0.0353,0.27,0.0017,14.0,7.0
2024-10-02,강북구,13.7,9.6,19.4,0.0,0.006,0.0352,0.25,0.0016,12.0,6.0
2024-10-03,강북구,14.5,8.4,22.9,0.0,0.0074,0.0297,0.25,0.0016,10.0,6.0
2024-10-04,강북구,15.4,9.9,23.2,0.0,0.0079,0.0329,0.25,0.0017,12.0,6.0
2024-10-05,강북구,15.1,9.5,23.5,0.0,0.0094,0.0395,0.28,0.0018,18.0,11.0
2024-10-06,강북구,13.6,9.7,17.3,0.0,0.0125,0.0202,0.35,0.0019,17.0,11.0
2024-10-07,강북구,15.5,12.0,20.8,0.0,0.01,0.0325,0.37,0.002,31.0,20.0
2024-10-08,강북구,15.8,11.0,22.9,0.0,0.011,0.0261,0.44,0.0021,36.0,23.0
2024-10-09,강북구,16.6,11.3,22.9,0.0,0.0071,0.0331,0.26,0.0018,10.0,5.0
2024-10-10,강북구,16.8,13.0,22.1,0.0,0.0098,0.0285,0.29,0.0019,17.0,9.0
2024-10-11,강북구,16.6,11.9,23.1,0.0,0.0124,0.0442,0.36,0.002,29.0,21.0
2024-10-12,강북구,16.1,10.8,24.0,0.0,0.0129,0.044,0.37,0.002,31.0,20.0
2024-10-13,강북구,16.4,10.7,22.3,0.0,0.0108,0.031,0.36,0.0019,25.0,16.0
2024-10-14,강북구,17.7,15.1,20.8,0.0,0.0138,0.0226,0.3,0.0021,17.0,10.0
2024-10-15,강북구,17.8,15.7,21.7,0.0,0.0118,0.0197,0.3,0.002,16.0,10.0
2024-10-16,강북구,16.3,12.8,23.5,0.0,0.0109,0.0336,0.38,0.0019,29.0,19.0
2024-10-17,강북구,16.7,11.8,24.7,0.0,0.0133,0.0291,0.4,0.002,30.0,20.0
2024-10-18,강북구,16.4,15.2,18.0,51.5,0.0107,0.019,0.33,0.0019,17.0,10.0
2024-10-19,강북구,16.5,12.0,21.1,0.0,0.0048,0.0358,0.26,0.0018,5.0,3.0
2024-10-20,강북구,12.6,8.1,17.5,0.0,0.0052,0.0343,0.22,0.0016,12.0,4.0
2024-10-21,강북구,13.4,7.4,18.1,0.0,0.0108,0.0215,0.26,0.0016,12.0,5.0
2024-10-22,강북구,14.7,13.5,15.8,27.0,0.0123,0.0145,0.3,0.0017,8.0,4.0
2024-10-23,강북구,11.9,7.3,15.8,3.0,0.0052,0.0379,0.29,0.0016,13.0,6.0
2024-10-24,강북구,10.7,5.3,18.3,0.0,0.0085,0.0309,0.34,0.0018,22.0,14.0
2024-10-25,강북구,12.9,7.2,21.3,0.0,0.013,0.0222,0.37,0.0019,20.0,12.0
2024-10-26,강북구,14.7,8.6,22.7,0.0,0.0135,0.0225,0.35,0.002,17.0,11.0
2024-10-27,강북구,15.1,12.0,18.7,0.0,0.0092,0.03,0.32,0.0019,21.0,14.0
2024-10-28,강북구,15.1,10.4,20.5,0.0,0.0098,0.026,0.4,0.0019,30.0,20.0
2024-10-29,강북구,13.3,11.0,17.7,0.0,0.01,0.0273,0.27,0.0018,10.0,6.0
2024-10-30,강북구,14.3,9.6,20.7,0.0,0.0115,0.0307,0.35,0.002,23.0,14.0
2024-10-31,강북구,13.7,8.9,21.7,0.0,0.0154,0.0314,0.4,0.0021,27.0,17.0
2024-11-01,강북구,14.0,10.9,18.5,0.0,0.0194,0.0243,0.43,0.0021,31.0,22.0
2024-11-02,강북구,16.5,11.4,23.7,0.0,0.0081,0.0377,0.32,0.0022,25.0,17.0
2024-11-03,강북구,16.6,10.2,22.4,0.0,0.0093,0.0395,0.32,0.0021,23.0,15.0
2024-11-04,강북구,14.5,8.3,18.2,0.5,0.0051,0.0505,0.27,0.002,25.0,14.0
2024-11-05,강북구,9.0,4.4,14.8,0.0,0.0086,0.0304,0.27,0.0022,23.0,10.0
2024-11-06,강북구,7.1,2.5,12.2,0.0,0.0082,0.0341,0.3,0.0023,22.0,11.0
2024-11-07,강북구,6.2,0.0,14.4,0.0,0.0178,0.027,0.41,0.0021,35.0,20.0
2024-11-08,강북구,7.8,0.9,16.8,0.0,0.0196,0.0281,0.4,0.0022,29.0,18.0
2024-11-09,강북구,10.5,4.3,19.2,0.0,0.0209,0.0276,0.41,0.0023,26.0,16.0
2024-11-10,강북구,12.9,8.1,19.8,0.0,0.018,0.0296,0.41,0.0023,23.0,15.0
2024-11-11,강북구,12.7,7.7,20.0,0.0,0.0185,0.0366,0.51,0.0027,46.0,27.0
2024-11-12,강북구,13.4,8.1,18.8,0.0,0.013,0.0385,0.39,0.0025,32.0,20.0
2024-11-13,강북구,12.2,6.0,19.6,0.0,0.0159,0.0317,0.42,0.0024,33.0,19.0
2024-11-14,강북구,13.6,11.5,16.3,0.0,0.0194,0.0198,0.39,0.0024,28.0,15.0
2024-11-15,강북구,15.4,12.0,20.3,0.0,0.0196,0.0197,0.41,0.0024,27.0,16.0
2024-11-16,강북구,16.0,12.9,22.0,5.5,0.0147,0.0304,0.37,0.0024,20.0,14.0
2024-11-17,강북구,7.4,3.3,14.3,0.0,0.004,0.034,0.28,0.0023,19.0,9.0
2024-11-18,강북구,2.2,-0.9,6.9,0.0,0.0052,0.0306,0.24,0.002,16.0,7.0
2024-11-19,강북구,3.7,-1.6,10.1,0.0,0.0225,0.0146,0.37,0.002,21.0,11.0
2024-11-20,강북구,4.9,0.5,8.7,0.0,0.0326,0.007,0.52,0.0025,34.0,21.0
2024-11-21,강북구,8.8,4.5,13.6,0.0,0.0257,0.0198,0.59,0.0028,51.0,33.0
2024-11-22,강북구,5.5,1.4,10.0,0.0,0.0097,0.0315,0.36,0.0029,32.0,20.0
2024-11-23,강북구,4.7,-0.2,11.6,0.0,0.0135,0.0233,0.32,0.0021,17.0,11.0
2024-11-24,강북구,5.5,0.3,12.3,0.0,0.016,0.0214,0.35,0.0021,14.0,9.0
2024-11-25,강북구,9.0,1.2,14.7,0.0,0.0204,0.0202,0.41,0.0023,18.0,11.0
2024-11-26,강북구,5.4,0.8,12.4,30.5,0.0075,0.0301,0.27,0.002,10.0,6.0
2024-11-27,강북구,-0.8,-2.7,1.6,17.0,0.0094,0.0304,0.28,0.0016,11.0,6.0
2024-11-28,강북구,0.4,-2.7,3.5,1.0,0.0115,0.0249,0.34,0.0016,18.0,12.0
2024-11-29,강북구,-0.1,-5.1,3.8,0.0,0.0204,0.0153,0.44,0.0018,28.0,16.0
2024-11-30,강북구,2.1,-1.6,6.0,1.5,0.0272,0.0128,0.53,0.0022,23.0,15.0
2024-12-01,강북구,4.5,0.1,8.6,0.0,0.0225,0.01,0.55,0.0021,24.0,17.0
2024-12-02,강북구,6.5,1.0,13.3,0.0,0.0195,0.0209,0.53,0.0025,41.0,25.0
2024-12-03,강북구,0.6,-2.9,4.1,0.0,0.0107,0.0282,0.28,0.0021,15.0,7.0
2024-12-04,강북구,1.4,-3.0,5.4,0.0,0.0147,0.0257,0.35,0.0023,19.0,10.0
2024-12-05,강북구,2.3,-2.5,8.2,1.5,0.0152,0.0264,0.35,0.0021,18.0,9.0
2024-12-06,강북구,1.2,-1.8,4.5,0.0,0.0065,0.0343,0.28,0.0022,23.0,8.0
2024-12-07,강북구,-1.1,-4.4,2.8,0.0,0.0096,0.0284,0.34,0.0018,20.0,11.0
2024-12-08,강북구,-1.7,-4.8,2.7,0.0,0.0073,0.0313,0.32,0.002,22.0,12.0
2024-12-09,강북구,-0.8,-5.8,5.4,0.0,0.0217,0.0174,0.45,0.002,27.0,15.0
2024-12-10,강북구,0.8,-4.5,6.1,0.0,0.0241,0.0181,0.56,0.0025,37.0,26.0
2024-12-11,강북구,1.5,-1.9,6.6,0.0,0.0213,0.0198,0.66,0.0031,58.0,38.0
2024-12-12,강북구,-0.2,-4.7,4.3,0.0,0.0169,0.0207,0.46,0.0028,39.0,23.0
2024-12-13,강북구,0.4,-1.9,4.2,0.0,0.012,0.0287,0.36,0.0026,26.0,17.0
2024-12-14,강북구,-1.4,-4.5,1.0,0.0,0.0106,0.0295,0.39,0.0023,28.0,17.0
2024-12-15,강북구,0.8,-2.3,4.4,0.0,0.0112,0.0322,0.3,0.0021,18.0,9.0
2024-12-16,강북구,-1.3,-5.3,3.5,0.0,0.0253,0.0131,0.48,0.002,27.0,16.0
2024-12-17,강북구,-2.0,-4.8,2.2,0.0,0.0154,0.0234,0.39,0.0022,22.0,14.0
2024-12-18,강북구,-4.2,-7.5,-0.3,0.0,0.0111,0.0238,0.38,0.0026,30.0,17.0
2024-12-19,강북구,-3.4,-8.5,2.8,0.0,0.0277,0.0103,0.59,0.0028,54.0,32.0
2024-12-20,강북구,-0.3,-3.9,3.7,0.0,0.0445,0.004,0.73,0.0035,59.0,41.0
2024-12-21,강북구,-1.5,-5.6,1.7,2.5,0.0161,0.0251,0.55,0.0026,52.0,41.0
2024-12-22,강북구,-4.8,-9.1,-0.7,0.0,0.0103,0.0297,0.33,0.0023,20.0,11.0
2024-12-23,강북구,-1.6,-7.6,5.2,0.0,0.0222,0.0218,0.48,0.0026,27.0,16.0
2024-12-24,강북구,-1.7,-5.7,3.0,0.0,0.0241,0.0187,0.49,0.0026,35.0,21.0
2024-12-25,강북구,1.6,-3.3,5.3,0.0,0.0342,0.0158,0.6,0.003,36.0,24.0
2024-12-26,강북구,-0.4,-5.0,4.9,0.0,0.0093,0.0334,0.4,0.003,68.0,36.0
2024-12-27,강북구,-3.0,-7.5,0.5,0.0,0.0104,0.0326,0.32,0.0024,30.0,14.0
2024-12-28,강북구,-3.6,-7.2,-0.6,0.0,0.007,0.0328,0.31,0.0025,30.0,14.0
2024-12-29,강북구,-0.8,-6.7,4.7,0.0,0.0242,0.0171,0.47,0.0025,25.0,15.0
2024-12-30,강북구,4.6,0.0,9.4,0.0,0.0274,0.0209,0.59,0.0028,51.0,32.0
2024-12-31,강북구,-0.4,-3.6,5.2,0.0,0.0095,0.0318,0.36,0.0028,52.0,20.0
2024-01-01,관악구,2.0,-1.3,5.6,0.0,0.0332,0.0115,0.87,0.0027,33.0,24.0
2024-01-02,관악구,1.5,-0.3,3.5,0.0,0.0246,0.0213,0.55,0.0026,45.0,29.0
2024-01-03,관악구,0.6,-2.8,3.5,3.5,0.0296,0.017,0.55,0.0027,49.0,30.0
2024-01-04,관악구,0.6,-4.6,3.8,0.0,0.0308,0.0177,0.65,0.0029,52.0,32.0
2024-01-05,관악구,3.9,-0.9,7.7,0.0,0.0295,0.026,0.77,0.0032,93.0,56.0
2024-01-06,관악구,-0.5,-3.9,4.4,0.0,0.0206,0.0226,0.44,0.0028,25.0,11.0
2024-01-07,관악구,-4.8,-8.7,-1.2,0.0,0.012,0.0251,0.44,0.0025,25.0,13.0
2024-01-08,관악구,-6.1,-12.0,-0.7,0.0,0.0268,0.0117,0.52,0.0028,23.0,11.0
2024-01-09,관악구,-0.7,-2.5,0.5,0.5,0.0441,0.0036,0.64,0.0032,28.0,16.0
2024-01-10,관악구,-1.9,-4.3,2.3,0.0,0.0411,0.006,0.78,0.0031,74.0,54.0
2024-01-11,관악구,0.5,-4.2,3.8,0.0,0.0403,0.0093,0.71,0.0033,63.0,44.0
2024-01-12,관악구,0.2,-2.5,5.0,0.0,0.0281,0.0198,0.6,0.003,62.0,37.0
2024-01-13,관악구,-0.9,-4.8,5.1,0.0,0.0318,0.0159,0.54,0.003,25.0,12.0
2024-01-14,관악구,-0.3,-3.4,3.7,3.0,0.0385,0.01,0.78,0.0024,35.0,22.0
2024-01-15,관악구,-4.4,-8.6,0.0,0.0,0.0181,0.0237,0.41,0.0027,23.0,9.0
2024-01-16,관악구,-3.9,-9.5,3.1,0.0,0.0409,0.0102,0.67,0.0029,34.0,19.0
2024-01-17,관악구,-0.3,-4.1,1.1,10.0,0.05,0.002,0.84,0.0031,41.0,26.0
2024-01-18,관악구,3.6,0.1,8.5,1.0,0.0321,0.0126,0.58,0.0031,25.0,18.0
2024-01-19,관악구,4.9,3.4,8.3,0.0,0.0183,0.0285,0.42,0.0027,16.0,8.0
2024-01-20,관악구,2.6,0.6,4.4,2.5,0.015,0.0288,0.35,0.0023,7.0,2.0
2024-01-21,관악구,0.9,-3.6,3.5,0.0,0.0198,0.0224,0.42,0.0023,13.0,7.0
2024-01-22,관악구,-9.2,-11.9,-3.3,0.0,0.014,0.0268,0.42,0.0025,33.0,19.0
2024-01-23,관악구,-11.9,-14.1,-8.7,0.0,0.0124,0.0283,0.37,0.003,22.0,11.0
2024-01-24,관악구,-8.3,-11.3,-4.3,0.0,0.0146,0.0276,0.42,0.0028,23.0,10.0
2024-01-25,관악구,-5.7,-11.6,-0.7,0.0,0.0214,0.0235,0.45,0.0031,22.0,11.0
2024-01-26,관악구,-3.4,-7.8,3.1,0.0,0.0431,0.0128,0.65,0.003,35.0,21.0
2024-01-27,관악구,-2.1,-6.9,3.8,0.0,0.0384,0.0196,0.75,0.0035,54.0,35.0
2024-01-28,관악구,-3.2,-6.8,2.8,0.0,0.0288,0.0239,0.55,0.0028,32.0,20.0
2024-01-29,관악구,-2.4,-6.2,3.9,0.0,0.0407,0.0157,0.68,0.0027,45.0,30.0
2024-01-30,관악구,-0.7,-5.9,7.4,0.0,0.0526,0.0095,0.88,0.0028,64.0,44.0
2024-01-31,관악구,3.2,-0.4,9.7,0.0,0.0493,0.0172,0.85,0.0035,62.0,41.0
2024-02-01,관악구,1.0,-2.8,6.8,0.0,0.0323,0.0245,0.81,0.003,89.0,62.0
2024-02-02,관악구,1.4,-1.9,5.6,0.0,0.0367,0.0161,0.64,0.003,60.0,41.0
2024-02-03,관악구,3.6,-2.3,8.0,0.0,0.0408,0.0098,0.61,0.0026,43.0,28.0
2024-02-04,관악구,5.8,1.0,9.4,0.0,0.0282,0.0185,0.47,0.0028,28.0,18.0
2024-02-05,관악구,1.5,-0.5,6.3,8.5,0.0143,0.0314,0.28,0.0021,8.0,3.0
2024-02-06,관악구,0.5,-0.8,2.4,0.0,0.027,0.0213,0.39,0.002,17.0,11.0
2024-02-07,관악구,-0.5,-3.4,1.6,0.0,0.0286,0.0206,0.57,0.0022,38.0,27.0
2024-02-08,관악구,-1.1,-4.8,5.2,0.0,0.0371,0.0184,0.66,0.0027,43.0,31.0
2024-02-09,관악구,-0.4,-3.8,4.3,0.0,,,,,,
2024-02-10,관악구,0.6,-2.5,6.4,0.0,,,,,,
2024-02-11,관악구,0.2,-4.7,4.8,0.0,0.0257,0.031,0.63,0.0025,67.0,51.0
2024-02-12,관악구,2.6,-3.7,9.5,0.0,0.0341,0.026,0.68,0.003,60.0,41.0
2024-02-13,관악구,9.0,4.5,13.5,0.0,0.0285,0.0372,0.58,0.0029,78.0,44.0
2024-02-14,관악구,12.9,10.1,16.3,0.0,0.0396,0.0211,0.57,0.0034,47.0,25.0
2024-02-15,관악구,3.7,-1.9,10.5,10.0,0.0166,0.0291,0.36,0.0023,22.0,14.0
2024-02-16,관악구,0.2,-3.6,7.0,0.0,0.0301,0.0194,0.48,0.0025,29.0,17.0
2024-02-17,관악구,2.6,-2.5,10.5,0.0,0.0379,0.0195,0.66,0.0031,46.0,30.0
2024-02-18,관악구,6.6,0.1,12.4,13.5,0.038,0.0109,0.6,0.0025,40.0,26.0
2024-02-19,관악구,9.2,3.5,12.3,4.5,0.031,0.0106,0.54,0.0028,15.0,7.0
2024-02-20,관악구,4.0,2.1,6.9,4.0,0.0248,0.0132,0.48,0.0024,34.0,17.0
2024-02-21,관악구,1.4,-0.4,3.8,23.5,0.0153,0.0262,0.3,0.0019,5.0,1.0
2024-02-22,관악구,-0.5,-1.5,0.6,11.0,0.0151,0.029,0.28,0.0015,7.0,3.0
2024-02-23,관악구,0.9,-1.5,5.4,0.0,0.018,0.0296,0.3,0.0016,11.0,5.0
2024-02-24,관악구,1.2,-2.4,5.6,1.5,0.0162,0.0291,0.32,0.0016,16.0,8.0
2024-02-25,관악구,1.7,-1.3,5.8,2.0,0.0167,0.0265,0.37,0.0017,16.0,11.0
2024-02-26,관악구,2.5,-2.6,9.5,0.0,0.0267,0.021,0.47,0.0021,33.0,20.0
2024-02-27,관악구,4.5,-0.3,8.9,0.0,0.0183,0.0305,0.33,0.0019,20.0,9.0
2024-02-28,관악구,4.9,1.6,9.4,0.0,0.0274,0.0244,0.39,0.0024,34.0,16.0
2024-02-29,관악구,3.9,0.0,8.6,0.0,0.0323,0.02,0.56,0.0025,59.0,35.0
2024-03-01,관악구,-4.4,-7.3,0.0,0.0,0.0088,0.0375,0.29,0.002,37.0,10.0
2024-03-02,관악구,-1.6,-9.8,3.1,0.0,0.0163,0.0328,0.35,0.002,36.0,13.0
2024-03-03,관악구,2.6,-1.6,7.0,0.0,0.0207,0.0363,0.61,0.0021,123.0,66.0
2024-03-04,관악구,4.3,-3.2,11.0,0.0,0.0397,0.0201,0.58,0.0026,81.0,41.0
2024-03-05,관악구,7.5,5.0,10.1,0.0,0.0323,0.0253,0.45,0.0025,50.0,24.0
2024-03-06,관악구,5.6,2.0,10.5,0.0,0.0213,0.0304,0.35,0.0022,16.0,8.0
2024-03-07,관악구,2.6,-0.5,6.3,0.0,0.0207,0.0313,0.38,0.0022,33.0,18.0
2024-03-08,관악구,1.8,-1.7,6.2,0.0,0.0156,0.0386,0.4,0.0025,49.0,24.0
2024-03-09,관악구,0.7,-4.1,6.5,0.0,0.0174,0.0325,0.38,0.0024,36.0,19.0
2024-03-10,관악구,2.6,-3.7,9.7,0.0,0.0231,0.0326,0.4,0.0025,32.0,17.0
2024-03-11,관악구,4.9,-0.5,10.4,0.0,0.035,0.0261,0.45,0.0026,34.0,18.0
2024-03-12,관악구,5.0,0.9,10.3,1.0,0.0368,0.0211,0.48,0.0025,36.0,21.0
2024-03-13,관악구,4.6,-0.6,10.0,0.0,0.027,0.0364,0.46,0.0029,45.0,24.0
2024-03-14,관악구,7.3,2.6,14.5,0.0,0.0241,0.0457,0.43,0.003,60.0,34.0
2024-03-15,관악구,7.6,4.1,12.6,0.0,0.0238,0.0403,0.38,0.0031,48.0,27.0
2024-03-16,관악구,9.7,2.4,17.3,0.0,0.0322,0.034,0.47,0.0031,51.0,29.0
2024-03-17,관악구,7.8,4.2,11.2,0.5,0.0134,0.043,0.32,0.0027,101.0,20.0
2024-03-18,관악구,5.4,-1.5,12.4,0.0,0.025,0.0286,0.35,0.0026,24.0,9.0
2024-03-19,관악구,5.3,3.1,8.9,0.0,0.0172,0.0402,0.37,0.0025,51.0,24.0
2024-03-20,관악구,3.3,-0.1,7.1,0.0,0.013,0.0395,0.33,0.002,41.0,23.0
2024-03-21,관악구,3.0,-2.6,10.0,0.0,0.0247,0.0369,0.38,0.003,38.0,21.0
2024-03-22,관악구,9.4,1.6,14.6,2.5,0.024,0.0388,0.41,0.0031,43.0,19.0
2024-03-23,관악구,11.5,7.4,17.4,0.0,0.0184,0.0475,0.43,0.0024,63.0,26.0
2024-03-24,관악구,14.7,8.5,22.9,0.0,0.0243,0.0352,0.5,0.0025,38.0,17.0
2024-03-25,관악구,9.9,6.1,13.9,6.0,0.0169,0.0343,0.36,0.0022,22.0,9.0
2024-03-26,관악구,6.5,2.2,12.4,17.0,0.0162,0.0358,0.34,0.0019,8.0,4.0
2024-03-27,관악구,9.0,2.9,16.2,0.0,0.0279,0.0267,0.48,0.0027,29.0,17.0
2024-03-28,관악구,9.2,6.6,11.1,1.0,0.0248,0.0279,0.46,0.0027,19.0,12.0
2024-03-29,관악구,6.4,1.8,10.9,2.0,0.0196,0.033,0.47,0.0022,242.0,43.0
2024-03-30,관악구,7.6,0.7,15.5,0.0,0.0265,0.0316,0.49,0.0024,101.0,25.0
2024-03-31,관악구,9.1,0.5,16.2,0.0,0.0185,0.0356,0.43,0.0025,43.0,12.0
2024-04-01,관악구,10.0,3.4,17.9,0.0,0.0295,0.03,0.47,0.0029,44.0,14.0
2024-04-02,관악구,13.9,5.7,22.7,0.0,0.0437,0.0268,0.61,0.0033,50.0,21.0
2024-04-03,관악구,15.4,12.4,17.8,0.0,0.0385,0.0256,0.55,0.0031,44.0,22.0
2024-04-04,관악구,14.2,10.5,18.7,0.0,0.0188,0.0409,0.4,0.0026,33.0,16.0
2024-04-05,관악구,12.2,7.1,17.1,0.0,0.017,0.0483,0.4,0.0027,44.0,22.0
2024-04-06,관악구,10.7,4.7,17.7,0.0,0.032,0.0405,0.56,0.0032,67.0,40.0
2024-04-07,관악구,13.0,5.6,22.9,0.0,0.027,0.0511,0.53,0.0033,52.0,30.0
2024-04-08,관악구,14.8,9.2,21.5,0.0,0.0464,0.0276,0.61,0.0033,59.0,30.0
2024-04-09,관악구,13.7,9.7,19.8,0.0,0.0189,0.0426,0.41,0.0026,47.0,23.0
2024-04-10,관악구,12.0,9.7,17.3,0.0,0.0127,0.0495,0.37,0.0027,47.0,20.0
2024-04-11,관악구,13.9,9.5,20.7,0.0,0.0249,0.04,0.45,0.0028,53.0,22.0
2024-04-12,관악구,15.2,9.9,23.6,0.0,0.0259,0.0402,0.44,0.0033,47.0,22.0
2024-04-13,관악구,17.1,8.9,27.0,0.0,0.0211,0.0403,0.39,0.0028,41.0,18.0
2024-04-14,관악구,18.7,11.0,28.3,0.0,0.0252,0.0446,0.5,0.0037,47.0,22.0
2024-04-15,관악구,15.0,9.9,19.9,18.5,0.0158,0.0394,0.38,0.0031,24.0,12.0
2024-04-16,관악구,11.5,8.2,16.0,2.5,0.0176,0.0442,0.49,0.0026,83.0,26.0
2024-04-17,관악구,12.9,6.5,21.4,0.0,0.0254,0.0276,0.53,0.0027,152.0,38.0
2024-04-18,관악구,15.5,7.9,24.3,0.0,0.0326,0.0313,0.52,0.0034,131.0,27.0
2024-04-19,관악구,15.9,10.0,23.2,0.0,0.0263,0.0635,0.5,0.0042,100.0,28.0
2024-04-20,관악구,13.5,12.0,17.7,8.5,0.0229,0.0414,0.51,0.0029,66.0,26.0
2024-04-21,관악구,16.1,12.2,20.0,0.0,0.0083,0.0458,0.33,0.0023,17.0,6.0
2024-04-22,관악구,17.5,13.4,24.2,0.0,0.0136,0.0508,0.33,0.0022,34.0,17.0
2024-04-23,관악구,16.1,11.3,23.6,0.0,0.0126,0.0481,0.32,0.0021,23.0,11.0
2024-04-24,관악구,12.0,9.5,16.2,16.5,0.0132,0.0347,0.33,0.002,14.0,7.0
2024-04-25,관악구,12.7,8.6,21.0,0.0,0.0188,0.0535,0.45,0.0023,33.0,20.0
2024-04-26,관악구,15.3,8.6,25.4,0.0,0.0328,0.0412,0.6,0.0029,69.0,32.0
2024-04-27,관악구,15.8,8.2,25.6,0.0,0.0261,0.0481,0.56,0.0036,61.0,34.0
2024-04-28,관악구,17.9,9.9,27.9,0.0,0.0249,0.0529,0.53,0.0034,42.0,22.0
2024-04-29,관악구,18.5,13.8,25.1,0.0,0.0162,0.0537,0.39,0.0026,43.0,21.0
2024-04-30,관악구,16.1,12.5,19.9,0.0,0.0195,0.0481,0.5,0.0037,60.0,33.0
2024-05-01,관악구,16.2,11.3,23.1,0.0,0.0141,0.0483,0.38,0.0027,31.0,17.0
2024-05-02,관악구,15.9,10.0,22.6,0.0,0.0216,0.0454,0.42,0.0031,39.0,20.0
2024-05-03,관악구,17.0,8.5,26.9,0.0,0.0274,0.0533,0.43,0.0036,51.0,26.0
2024-05-04,관악구,18.9,12.1,27.6,0.0,0.0253,0.0728,0.51,0.0042,56.0,33.0
2024-05-05,관악구,16.7,14.8,19.1,44.5,0.0117,0.0322,0.33,0.0026,25.0,14.0
2024-05-06,관악구,13.0,12.4,14.8,14.5,0.0094,0.0479,0.31,0.0024,12.0,7.0
2024-05-07,관악구,12.3,10.7,14.0,7.0,0.0128,0.0344,0.34,0.0022,21.0,13.0
2024-05-08,관악구,12.8,6.6,20.8,0.0,0.0144,0.0387,0.27,0.0022,22.0,10.0
2024-05-09,관악구,14.4,8.3,20.2,0.0,0.0162,0.0518,0.31,0.0027,30.0,14.0
2024-05-10,관악구,16.0,11.3,23.4,0.0,0.0138,0.0599,0.32,0.0029,31.0,15.0
2024-05-11,관악구,16.1,12.1,21.5,33.0,0.0094,0.047,0.26,0.0025,22.0,9.0
2024-05-12,관악구,15.0,8.7,21.2,0.0,0.0104,0.0452,0.28,0.0024,70.0,15.0
2024-05-13,관악구,15.8,8.7,24.0,0.0,0.0194,0.0461,0.38,0.0026,32.0,15.0
2024-05-14,관악구,16.3,9.4,23.4,0.0,0.0197,0.0535,0.34,0.0031,30.0,15.0
2024-05-15,관악구,11.3,6.5,18.4,25.0,0.0152,0.046,0.3,0.0029,27.0,9.0
2024-05-16,관악구,12.4,5.8,18.2,0.5,0.0119,0.0453,0.27,0.0027,17.0,6.0
2024-05-17,관악구,16.9,10.3,23.7,0.0,0.0158,0.065,0.41,0.003,45.0,20.0
2024-05-18,관악구,18.5,13.0,25.0,0.0,0.0147,0.0461,0.34,0.0028,29.0,12.0
2024-05-19,관악구,19.0,13.0,26.7,0.0,0.014,0.0462,0.33,0.0028,28.0,14.0
2024-05-20,관악구,17.4,13.4,21.5,0.0,0.0142,0.0361,0.28,0.0032,33.0,15.0
2024-05-21,관악구,19.5,13.8,28.0,0.0,0.017,0.0512,0.35,0.0025,45.0,24.0
2024-05-22,관악구,17.8,13.3,25.2,0.0,0.0176,0.0483,0.37,0.0032,52.0,31.0
2024-05-23,관악구,18.2,12.6,25.4,0.0,0.0204,0.0378,0.31,0.0034,34.0,19.0
2024-05-24,관악구,18.0,12.8,23.4,0.0,0.0154,0.0358,0.31,0.0024,43.0,27.0
2024-05-25,관악구,19.0,15.6,23.8,0.0,0.0168,0.0392,0.35,0.0026,43.0,23.0
2024-05-26,관악구,18.4,16.0,22.6,9.5,0.0098,0.0447,0.31,0.0026,28.0,16.0
2024-05-27,관악구,17.3,13.0,22.3,0.0,0.0105,0.049,0.35,0.0025,31.0,12.0
2024-05-28,관악구,17.6,11.1,24.8,0.0,0.0142,0.0389,0.29,0.0026,19.0,7.0
2024-05-29,관악구,18.6,12.7,25.7,0.0,0.0202,0.0405,0.33,0.0031,27.0,12.0
2024-05-30,관악구,18.3,13.8,24.2,0.0,0.0331,0.0394,0.43,0.0035,30.0,16.0
2024-05-31,관악구,18.2,13.6,24.0,0.0,0.0153,0.054,0.31,0.0031,26.0,14.0
2024-06-01,관악구,18.4,14.7,24.0,0.5,0.01,0.0505,0.3,0.0026,33.0,15.0
2024-06-02,관악구,17.9,12.1,25.0,0.0,0.0093,0.0563,0.29,0.0027,24.0,11.0
2024-06-03,관악구,20.0,11.7,27.9,0.0,0.0131,0.0432,0.27,0.0023,17.0,8.0
2024-06-04,관악구,20.4,12.2,28.5,0.0,0.0153,0.0447,0.26,0.0024,20.0,8.0
2024-06-05,관악구,20.7,14.9,29.1,0.0,0.0278,0.0547,0.39,0.0036,45.0,24.0
2024-06-06,관악구,21.4,15.7,29.9,0.0,0.0217,0.0651,0.4,0.0034,48.0,30.0
2024-06-07,관악구,20.8,15.5,26.4,0.0,0.0185,0.0568,0.32,0.0032,33.0,19.0
2024-06-08,관악구,17.8,15.4,23.7,19.0,0.0126,0.0413,0.32,0.0026,29.0,19.0
2024-06-09,관악구,20.7,14.6,27.0,0.0,0.0124,0.0538,0.36,0.003,30.0,18.0
2024-06-10,관악구,22.4,16.0,29.6,0.0,0.0137,0.0694,0.42,0.0031,48.0,26.0
2024-06-11,관악구,22.5,16.9,29.7,0.0,0.0109,0.0804,0.43,0.0028,65.0,37.0
2024-06-12,관악구,22.3,15.2,31.0,0.0,0.016,0.0666,0.32,0.0032,32.0,16.0
2024-06-13,관악구,23.5,16.6,31.6,0.0,0.0213,0.0504,0.34,0.0036,36.0,19.0
2024-06-14,관악구,23.9,17.1,32.2,0.0,0.0248,0.0373,0.35,0.0049,37.0,21.0
2024-06-15,관악구,21.9,18.6,27.9,3.5,0.0126,0.0298,0.27,0.0033,28.0,18.0
2024-06-16,관악구,22.0,16.3,28.4,0.0,0.0097,0.0495,0.3,0.003,27.0,14.0
2024-06-17,관악구,22.1,15.0,28.5,0.0,0.015,0.0597,0.3,0.0031,25.0,13.0
2024-06-18,관악구,22.8,16.6,29.8,0.0,0.0147,0.0559,0.28,0.0032,28.0,14.0
2024-06-19,관악구,25.9,17.3,34.3,0.0,0.018,0.0919,0.38,0.0038,46.0,28.0
2024-06-20,관악구,25.8,18.7,33.4,0.0,0.0174,0.0882,0.4,0.0041,43.0,27.0
2024-06-21,관악구,24.9,18.9,31.5,0.0,0.0203,0.062,0.36,0.0042,40.0,22.0
2024-06-22,관악구,22.4,20.9,25.0,24.5,0.016,0.034,0.42,0.0033,31.0,21.0
2024-06-23,관악구,23.4,21.0,27.6,9.0,0.0072,0.0376,0.29,0.0025,17.0,10.0
2024-06-24,관악구,21.9,17.8,26.0,0.0,0.0095,0.0581,0.33,0.0025,55.0,21.0
2024-06-25,관악구,20.7,16.8,24.6,0.0,0.0107,0.0514,0.26,0.003,21.0,9.0
2024-06-26,관악구,22.1,15.9,29.5,0.0,0.0161,0.0441,0.33,0.003,28.0,14.0
2024-06-27,관악구,23.2,17.1,29.9,0.0,0.0211,0.056,0.35,0.0031,34.0,17.0
2024-06-28,관악구,23.3,17.6,29.9,0.0,0.0244,0.0746,0.42,0.0037,47.0,28.0
2024-06-29,관악구,24.4,18.2,30.9,33.0,0.0148,0.0551,0.37,0.0033,33.0,21.0
2024-06-30,관악구,22.2,20.2,25.0,25.5,0.0061,0.0435,0.27,0.0024,24.0,13.0
2024-07-01,관악구,24.1,20.0,30.4,0.0,0.0135,0.0586,0.32,0.0025,30.0,17.0
2024-07-02,관악구,22.5,20.4,25.0,52.5,0.0166,0.0276,0.34,0.0023,21.0,11.0
2024-07-03,관악구,23.4,22.2,24.8,1.0,0.0081,0.0554,0.36,0.0025,30.0,15.0
2024-07-04,관악구,25.3,21.9,29.5,4.0,0.0094,0.0711,0.41,0.0025,43.0,31.0
2024-07-05,관악구,21.3,19.9,24.8,9.5,0.01,0.0619,0.38,0.0023,21.0,11.0
2024-07-06,관악구,24.1,19.9,28.8,6.0,0.0109,0.041,0.35,0.0025,31.0,18.0
2024-07-07,관악구,22.8,19.8,26.8,14.5,0.0091,0.0527,0.38,0.0023,24.0,14.0
2024-07-08,관악구,22.7,22.0,23.4,21.5,0.0122,0.0346,0.27,0.0023,14.0,8.0
2024-07-09,관악구,22.7,20.8,24.8,3.5,0.0137,0.0336,0.29,0.0024,19.0,10.0
2024-07-10,관악구,24.2,20.8,31.9,11.5,0.0124,0.0433,0.27,0.0024,15.0,6.0
2024-07-11,관악구,23.1,20.1,27.1,0.0,0.0173,0.0457,0.41,0.0029,42.0,29.0
2024-07-12,관악구,23.3,18.7,29.2,0.0,0.0205,0.0495,0.46,0.0029,44.0,29.0
2024-07-13,관악구,25.7,20.9,32.6,0.0,0.0156,0.0612,0.52,0.003,54.0,40.0
2024-07-14,관악구,26.8,22.0,31.7,0.0,0.0095,0.0496,0.36,0.0028,33.0,24.0
2024-07-15,관악구,26.5,23.0,31.4,0.0,0.0101,0.0412,0.26,0.0026,14.0,7.0
2024-07-16,관악구,25.0,22.7,29.1,10.5,0.0104,0.0131,0.3,0.0028,16.0,8.0
2024-07-17,관악구,25.0,22.6,27.9,14.5,0.0072,0.0084,0.21,0.0025,14.0,5.0
2024-07-18,관악구,23.5,22.3,24.9,128.5,0.0152,0.0226,0.26,0.0023,11.0,5.0
2024-07-19,관악구,25.7,22.8,30.4,0.0,0.0103,0.0498,0.31,0.0025,27.0,17.0
2024-07-20,관악구,25.8,22.8,29.6,18.5,0.0083,0.0456,0.26,0.0025,17.0,9.0
2024-07-21,관악구,25.7,22.2,30.0,5.5,0.0069,0.051,0.23,0.0025,24.0,10.0
2024-07-22,관악구,25.8,23.9,27.2,44.0,0.0084,0.0159,0.21,0.0025,17.0,6.0
2024-07-23,관악구,25.3,24.1,26.7,3.5,0.0088,0.0172,0.18,0.0025,14.0,5.0
2024-07-24,관악구,27.0,24.8,30.8,7.5,0.009,0.0176,0.19,0.0026,18.0,7.0
2024-07-25,관악구,27.5,24.1,32.6,17.5,0.0105,0.0257,0.21,0.0026,22.0,9.0
2024-07-26,관악구,27.4,23.2,32.2,3.0,0.0115,0.0226,0.22,0.0024,18.0,9.0
2024-07-27,관악구,27.4,26.2,31.2,11.5,0.0083,0.0201,0.23,0.0024,18.0,8.0
2024-07-28,관악구,27.9,25.7,31.3,0.0,0.0056,0.0169,0.19,0.0022,20.0,8.0
2024-07-29,관악구,26.1,25.1,27.0,0.0,0.0075,0.0209,0.16,0.0024,23.0,8.0
2024-07-30,관악구,27.1,25.1,31.6,0.0,0.0086,0.0431,0.19,0.0023,27.0,12.0
2024-07-31,관악구,27.6,25.1,32.9,0.0,0.0078,0.0298,0.18,0.0023,19.0,8.0
2024-08-01,관악구,28.2,25.8,32.4,0.0,0.0078,0.0291,0.2,0.0023,23.0,10.0
2024-08-02,관악구,28.1,26.6,31.2,0.0,0.0091,0.0425,0.26,0.0024,33.0,17.0
2024-08-03,관악구,28.0,24.6,33.3,0.0,0.0096,0.0593,0.32,0.0024,32.0,22.0
2024-08-04,관악구,28.8,24.0,35.0,0.0,0.0121,0.0571,0.38,0.0027,31.0,22.0
2024-08-05,관악구,28.8,25.5,33.2,0.5,0.014,0.0477,0.36,0.0027,35.0,25.0
2024-08-06,관악구,26.7,23.2,33.2,2.5,0.015,0.0398,0.31,0.0026,19.0,10.0
2024-08-07,관악구,27.2,23.5,33.4,2.5,0.0135,0.0361,0.25,0.0029,20.0,11.0
2024-08-08,관악구,26.2,23.4,30.6,0.5,0.0142,0.0338,0.26,0.0026,22.0,14.0
2024-08-09,관악구,27.0,22.4,33.3,0.0,0.0194,0.0477,0.34,0.0029,33.0,21.0
2024-08-10,관악구,27.8,23.4,33.0,0.0,0.0179,0.0499,0.38,0.0031,39.0,27.0
2024-08-11,관악구,28.1,24.4,34.3,0.0,0.0095,0.0497,0.31,0.0028,30.0,21.0
2024-08-12,관악구,28.7,24.9,33.8,0.0,0.0123,0.0528,0.27,0.003,28.0,18.0
2024-08-13,관악구,28.3,25.0,35.3,4.5,0.0153,0.0454,0.32,0.0026,30.0,18.0
2024-08-14,관악구,28.1,24.4,35.4,0.0,0.0165,0.0523,0.32,0.0026,28.0,18.0
2024-08-15,관악구,27.5,23.6,34.0,0.0,0.0125,0.056,0.32,0.0027,26.0,17.0
2024-08-16,관악구,28.3,24.6,34.9,0.0,0.0151,0.0465,0.31,0.0026,25.0,16.0
2024-08-17,관악구,27.8,24.2,34.8,0.0,0.0127,0.0564,0.32,0.0026,25.0,17.0
2024-08-18,관악구,28.1,24.6,33.1,0.0,0.0108,0.0515,0.34,0.0026,26.0,18.0
2024-08-19,관악구,28.2,23.5,35.7,0.0,0.0142,0.0579,0.37,0.0027,28.0,18.0
2024-08-20,관악구,29.8,24.7,36.0,0.0,0.0145,0.0455,0.33,0.0027,29.0,19.0
2024-08-21,관악구,26.8,25.7,30.0,42.5,0.0084,0.0212,0.22,0.0025,15.0,6.0
2024-08-22,관악구,26.9,24.7,29.4,2.0,0.0073,0.0193,0.22,0.0025,19.0,6.0
2024-08-23,관악구,26.1,23.3,30.6,1.0,0.01,0.0159,0.47,0.003,37.0,28.0
2024-08-24,관악구,26.3,23.0,30.8,1.0,0.0101,0.0346,0.47,0.0028,44.0,32.0
2024-08-25,관악구,25.5,22.6,31.5,3.5,0.0127,0.0506,0.48,0.0028,41.0,30.0
2024-08-26,관악구,25.6,23.0,30.9,3.5,0.0238,0.0254,0.55,0.0028,42.0,33.0
2024-08-27,관악구,24.6,21.9,29.3,0.5,0.016,0.0282,0.36,0.0027,21.0,18.0
2024-08-28,관악구,26.6,22.0,32.7,0.0,0.0111,0.0351,0.3,0.0026,16.0,9.0
2024-08-29,관악구,27.1,22.0,33.1,0.0,0.0084,0.0176,0.27,0.0025,11.0,5.0
2024-08-30,관악구,25.8,21.3,32.2,0.0,0.0101,0.027,0.29,0.0025,16.0,7.0
2024-08-31,관악구,25.1,19.4,32.5,0.0,0.0124,0.054,0.39,0.0027,41.0,22.0
2024-09-01,관악구,24.5,20.4,30.0,0.0,0.0096,0.0498,0.42,0.0027,35.0,23.0
2024-09-02,관악구,22.7,19.7,27.0,2.0,0.0165,0.0301,0.37,0.0025,22.0,13.0
2024-09-03,관악구,25.7,22.0,31.4,0.0,0.0121,0.0413,0.28,0.0024,14.0,5.0
2024-09-04,관악구,26.0,20.9,32.1,0.0,0.0137,0.0511,0.3,0.0027,21.0,10.0
2024-09-05,관악구,24.5,22.8,27.9,17.0,0.0121,0.0411,0.31,0.0027,26.0,13.0
2024-09-06,관악구,22.4,20.6,24.3,3.0,0.0166,0.0223,0.36,0.0024,19.0,9.0
2024-09-07,관악구,23.6,20.4,30.2,0.0,0.0143,0.044,0.38,0.0025,24.0,14.0
2024-09-08,관악구,24.2,20.2,31.0,0.0,0.0125,0.061,0.46,0.0027,35.0,24.0
2024-09-09,관악구,25.7,21.0,32.2,0.0,0.0169,0.0487,0.43,0.0028,33.0,22.0
2024-09-10,관악구,26.4,22.7,33.0,0.0,0.0184,0.0491,0.42,0.0028,33.0,22.0
2024-09-11,관악구,26.3,22.3,34.1,0.0,0.021,0.0483,0.42,0.0027,34.0,24.0
2024-09-12,관악구,24.2,23.3,25.3,79.0,0.0182,0.0102,0.35,0.0026,13.0,7.0
2024-09-13,관악구,25.0,23.1,27.5,12.5,0.0146,0.0091,0.3,0.0029,18.0,9.0
2024-09-14,관악구,25.9,23.3,30.5,0.5,0.0099,0.0229,0.26,0.0026,14.0,6.0
2024-09-15,관악구,26.1,23.0,31.7,0.0,0.0081,0.0221,0.29,0.0024,16.0,7.0
2024-09-16,관악구,25.6,21.1,32.1,1.0,0.0089,0.0336,0.27,0.0023,9.0,3.0
2024-09-17,관악구,26.8,23.9,33.2,0.0,0.0113,0.0237,0.3,0.0024,15.0,7.0
2024-09-18,관악구,27.3,23.7,32.9,0.0,0.0114,0.0247,0.31,0.0026,21.0,13.0
2024-09-19,관악구,27.1,23.8,33.0,0.0,0.0143,0.0326,0.3,0.0028,21.0,13.0
2024-09-20,관악구,23.9,17.6,26.8,66.0,0.0136,0.0123,0.28,0.0026,15.0,8.0
2024-09-21,관악구,,,,14.5,0.0078,0.0295,0.24,0.0022,5.0,2.0
2024-09-23,관악구,,,,0.0,0.0099,0.0322,0.24,0.0021,10.0,3.0
2024-09-24,관악구,18.8,14.0,26.2,0.0,0.0156,0.0372,0.3,0.0025,16.0,6.0
2024-09-25,관악구,20.9,15.7,26.6,0.0,0.0195,0.0323,0.32,0.0025,19.0,9.0
2024-09-26,관악구,21.8,18.4,27.5,0.0,0.0193,0.0387,0.33,0.0025,21.0,11.0
2024-09-27,관악구,21.1,17.0,27.8,0.0,0.0148,0.0339,0.31,0.0025,19.0,10.0
2024-09-28,관악구,22.0,18.6,28.0,0.0,0.01,0.0405,0.26,0.0021,15.0,6.0
2024-09-29,관악구,22.2,17.5,28.4,0.0,0.0093,0.039,0.26,0.0021,11.0,5.0
2024-09-30,관악구,20.5,14.8,27.6,0.0,0.0176,0.0403,0.3,0.0025,16.0,8.0
2024-10-01,관악구,16.8,10.2,19.9,2.0,0.0114,0.0355,0.27,0.0025,17.0,7.0
2024-10-02,관악구,12.2,8.3,18.7,0.0,0.0112,0.0331,0.27,0.0022,17.0,7.0
2024-10-03,관악구,13.8,7.8,20.1,0.0,0.0155,0.0282,0.3,0.0022,18.0,8.0
2024-10-04,관악구,14.5,9.5,22.9,0.0,0.0206,0.0246,0.34,0.0024,20.0,9.0
2024-10-05,관악구,14.7,9.3,23.2,0.0,0.0249,0.0299,0.43,0.0024,28.0,16.0
2024-10-06,관악구,13.7,9.9,17.3,0.0,0.0259,0.0142,0.46,0.0026,28.0,17.0
2024-10-07,관악구,15.3,11.9,19.8,0.0,0.0266,0.0247,0.52,0.0028,43.0,25.0
2024-10-08,관악구,15.9,11.0,23.0,0.0,0.0212,0.0225,0.49,0.0028,42.0,25.0
2024-10-09,관악구,16.5,10.9,23.3,0.0,0.0143,0.032,0.32,0.0024,17.0,8.0
2024-10-10,관악구,16.9,13.5,23.2,0.0,0.015,0.0381,0.31,0.0026,21.0,11.0
2024-10-11,관악구,15.8,11.9,23.5,0.0,0.0252,0.0359,0.47,0.0029,37.0,23.0
2024-10-12,관악구,15.5,11.0,23.4,0.0,0.0277,0.0354,0.51,0.003,41.0,26.0
2024-10-13,관악구,16.9,10.0,22.3,0.0,0.022,0.0281,0.46,0.0029,32.0,20.0
2024-10-14,관악구,19.0,16.6,20.6,0.0,0.0222,0.0234,0.33,0.0027,20.0,10.0
2024-10-15,관악구,17.6,15.4,21.1,1.0,0.0236,0.0155,0.37,0.0026,22.0,13.0
2024-10-16,관악구,16.1,12.5,23.5,0.0,0.0288,0.0261,0.5,0.0028,40.0,25.0
2024-10-17,관악구,18.0,11.8,25.2,0.0,0.0291,0.0268,0.48,0.0029,39.0,22.0
2024-10-18,관악구,16.8,15.6,20.0,44.0,0.0229,0.0148,0.38,0.0027,23.0,12.0
2024-10-19,관악구,15.8,11.7,20.3,0.5,0.01,0.0301,0.29,0.0023,10.0,4.0
2024-10-20,관악구,12.0,8.8,17.1,0.0,0.0086,0.0338,0.24,0.0023,14.0,4.0
2024-10-21,관악구,13.6,8.8,18.3,0.0,0.022,0.0194,0.32,0.0023,18.0,6.0
2024-10-22,관악구,14.6,13.4,16.3,21.0,0.0257,0.0078,0.41,0.0026,15.0,6.0
2024-10-23,관악구,11.5,6.3,14.8,2.5,0.0107,0.035,0.31,0.0025,17.0,6.0
2024-10-24,관악구,10.0,4.9,17.4,0.0,0.0238,0.0273,0.44,0.0025,28.0,16.0
2024-10-25,관악구,13.3,7.3,21.2,0.0,0.0346,0.0155,0.56,0.0027,32.0,14.0
2024-10-26,관악구,15.3,8.9,23.1,0.0,0.0275,0.0183,0.46,0.0028,23.0,10.0
2024-10-27,관악구,15.2,11.8,18.5,0.0,0.0172,0.0303,0.39,0.0029,29.0,16.0
2024-10-28,관악구,14.8,10.4,19.4,0.0,0.0216,0.0186,0.49,0.0027,36.0,23.0
2024-10-29,관악구,14.1,11.1,18.2,0.0,0.0225,0.0226,0.35,0.0026,17.0,8.0
2024-10-30,관악구,13.3,9.2,20.6,0.0,0.0277,0.0258,0.5,0.0029,30.0,16.0
2024-10-31,관악구,13.4,8.9,21.5,0.0,0.0383,0.02,0.57,0.0032,39.0,23.0
2024-11-01,관악구,14.2,11.3,17.9,0.0,0.0467,0.0115,0.65,0.0033,42.0,26.0
2024-11-02,관악구,15.8,10.7,23.4,0.0,0.0258,0.0261,0.48,0.0031,36.0,22.0
2024-11-03,관악구,15.8,9.9,21.9,0.0,0.0144,0.0384,0.38,0.0029,28.0,15.0
2024-11-04,관악구,13.5,6.1,17.9,0.0,0.0133,0.0398,0.31,0.0026,27.0,12.0
2024-11-05,관악구,8.1,3.0,13.7,0.0,0.0137,0.0277,0.3,0.0028,27.0,10.0
2024-11-06,관악구,4.8,1.0,11.3,0.0,0.0166,0.0277,0.36,0.003,29.0,13.0
2024-11-07,관악구,5.3,-0.3,13.9,0.0,0.0376,0.014,0.55,0.0029,44.0,23.0
2024-11-08,관악구,7.8,2.1,16.3,0.0,0.0426,0.0158,0.61,0.0029,41.0,22.0
2024-11-09,관악구,10.9,5.9,18.6,0.0,0.043,0.0166,0.65,0.003,37.0,18.0
2024-11-10,관악구,12.3,9.1,19.4,0.0,0.0316,0.0219,0.51,0.003,27.0,16.0
2024-11-11,관악구,12.4,7.8,19.8,0.0,0.044,0.021,0.67,0.0035,59.0,35.0
2024-11-12,관악구,12.6,8.0,18.1,0.0,0.0255,0.0292,0.47,0.0037,41.0,24.0
2024-11-13,관악구,12.0,6.6,18.9,0.0,0.0367,0.0184,0.58,0.0035,41.0,23.0
2024-11-14,관악구,14.1,12.1,16.3,0.0,0.0394,0.0104,0.52,0.0033,35.0,18.0
2024-11-15,관악구,15.7,11.9,20.9,0.5,0.0277,0.0181,0.43,0.003,28.0,17.0
2024-11-16,관악구,16.6,13.8,21.2,6.0,0.0166,0.0322,0.35,0.0029,23.0,13.0
2024-11-17,관악구,6.5,3.0,13.9,0.0,0.0075,0.0307,0.28,0.0027,21.0,8.0
2024-11-18,관악구,1.3,-1.7,6.5,0.0,0.0142,0.0236,0.28,0.0024,19.0,8.0
2024-11-19,관악구,3.2,-1.4,10.1,0.0,0.0321,0.012,0.37,0.0023,26.0,12.0
2024-11-20,관악구,4.9,0.3,9.3,0.5,0.0413,0.0063,0.6,0.0026,40.0,24.0
2024-11-21,관악구,8.6,5.2,12.2,1.5,0.0357,0.0122,0.65,0.0031,59.0,38.0
2024-11-22,관악구,4.5,0.1,9.5,0.0,0.02,0.0239,0.4,0.0032,37.0,19.0
2024-11-23,관악구,5.1,0.0,11.4,0.0,0.031,0.0143,0.47,0.0027,26.0,14.0
2024-11-24,관악구,4.9,0.7,12.5,0.0,0.0312,0.0134,0.48,0.0026,20.0,11.0
2024-11-25,관악구,9.2,1.3,15.5,0.0,0.0304,0.0152,0.44,0.0029,25.0,14.0
2024-11-26,관악구,5.3,1.0,12.2,30.0,0.0138,0.0256,0.3,0.0022,13.0,5.0
2024-11-27,관악구,-0.9,-2.3,2.2,25.0,0.0175,0.023,0.31,0.0017,12.0,6.0
2024-11-28,관악구,0.4,-2.8,3.8,11.0,0.0201,0.0203,0.38,0.002,18.0,11.0
2024-11-29,관악구,-0.6,-5.6,3.4,0.0,0.0297,0.0128,0.47,0.0024,36.0,19.0
2024-11-30,관악구,2.0,-1.9,5.1,0.0,0.0386,0.0075,0.62,0.0025,26.0,15.0
2024-12-01,관악구,4.8,0.0,8.8,0.5,0.0351,0.0051,0.67,0.0024,39.0,26.0
2024-12-02,관악구,7.2,0.7,12.0,0.0,0.0336,0.0165,0.63,0.0029,46.0,27.0
2024-12-03,관악구,0.3,-2.9,4.3,0.0,0.0175,0.0236,0.3,0.0024,18.0,6.0
2024-12-04,관악구,1.0,-3.1,6.1,0.0,0.0265,0.0178,0.38,0.0026,23.0,10.0
2024-12-05,관악구,2.4,-2.1,6.9,1.0,0.027,0.019,0.41,0.0026,23.0,10.0
2024-12-06,관악구,1.3,-1.9,4.3,0.0,0.0161,0.0251,0.32,0.0026,26.0,9.0
2024-12-07,관악구,-1.0,-4.4,3.5,0.0,0.0172,0.0229,0.37,0.0024,24.0,11.0
2024-12-08,관악구,-2.2,-4.7,3.5,0.0,0.0142,0.0248,0.36,0.0024,25.0,12.0
2024-12-09,관악구,-1.0,-5.7,5.8,0.0,0.0358,0.0115,0.54,0.0028,35.0,17.0
2024-12-10,관악구,0.2,-4.0,6.4,0.0,0.0378,0.0137,0.65,0.0032,44.0,27.0
2024-12-11,관악구,0.5,-2.8,6.1,0.0,0.0353,0.0125,0.73,0.0043,65.0,38.0
2024-12-12,관악구,-1.1,-5.7,3.9,0.0,0.0281,0.0147,0.48,0.0039,39.0,18.0
2024-12-13,관악구,0.1,-2.2,3.3,0.0,0.0228,0.0208,0.39,0.0032,27.0,13.0
2024-12-14,관악구,-1.7,-5.5,2.1,0.0,0.0197,0.0225,0.42,0.0029,31.0,15.0
2024-12-15,관악구,0.4,-3.5,4.8,0.0,0.0216,0.0228,0.36,0.0028,22.0,9.0
2024-12-16,관악구,-1.0,-4.8,2.6,0.0,0.0366,0.0092,0.49,0.003,29.0,15.0
2024-12-17,관악구,-1.6,-4.7,3.2,0.0,0.0277,0.0159,0.43,0.003,26.0,13.0
2024-12-18,관악구,-5.2,-8.9,-0.8,0.0,0.0189,0.017,0.41,0.0033,31.0,15.0
2024-12-19,관악구,-3.9,-9.1,3.0,0.0,0.0435,0.0065,0.68,0.0044,51.0,32.0
2024-12-20,관악구,0.5,-3.8,3.3,0.5,0.0538,0.0029,0.78,0.0044,49.0,35.0
2024-12-21,관악구,-1.5,-4.9,1.9,2.0,0.0224,0.0191,0.58,0.0028,43.0,36.0
2024-12-22,관악구,-4.4,-7.3,0.3,0.0,0.017,0.0253,0.35,0.003,17.0,10.0
2024-12-23,관악구,-0.7,-6.8,5.7,0.0,0.0362,0.0146,0.55,0.0034,23.0,15.0
2024-12-24,관악구,-2.2,-5.9,4.0,0.0,0.0337,0.0156,0.5,0.0035,28.0,18.0
2024-12-25,관악구,1.7,-2.6,5.0,0.0,0.0374,0.014,0.54,0.0035,24.0,18.0
2024-12-26,관악구,-0.4,-5.1,4.5,0.5,0.0198,0.023,0.46,0.003,61.0,34.0
2024-12-27,관악구,-3.0,-6.6,0.8,0.0,0.0184,0.0253,0.34,0.0031,25.0,12.0
2024-12-28,관악구,-3.7,-6.2,0.2,0.0,0.016,0.0245,0.36,0.003,26.0,14.0
2024-12-29,관악구,0.0,-5.9,4.5,0.0,0.0272,0.0188,0.42,0.003,19.0,12.0
2024-12-30,관악구,5.2,2.5,8.6,0.0,0.0301,0.0222,0.51,0.003,49.0,31.0
2024-12-31,관악구,-0.5,-3.7,4.7,0.0,0.0193,0.0246,0.4,0.0032,47.0,19.0
2024-01-01,영등포구,4.2,1.2,7.4,0.0,0.0305,0.0151,0.79,0.0029,25.0,21.0
2024-01-02,영등포구,3.7,3.1,5.0,0.0,0.0249,0.0234,0.52,0.0027,38.0,31.0
2024-01-03,영등포구,2.7,0.3,5.0,0.5,0.0297,0.0188,0.51,0.0028,40.0,30.0
2024-01-04,영등포구,3.0,-0.6,5.7,0.0,0.0339,0.0176,0.67,0.0034,48.0,35.0
2024-01-05,영등포구,5.9,2.3,9.8,0.0,0.03,0.0266,0.72,0.0034,75.0,56.0
2024-01-06,영등포구,1.4,-1.0,6.1,1.5,0.0206,0.0248,0.41,0.0027,21.0,11.0
2024-01-07,영등포구,-3.5,-7.2,-0.6,0.0,0.012,0.0285,0.43,0.0028,22.0,14.0
2024-01-08,영등포구,-3.5,-8.0,0.0,0.0,0.0275,0.0115,0.53,0.0028,21.0,13.0
2024-01-09,영등포구,0.3,-1.1,1.4,0.5,0.0422,0.0028,0.62,0.003,25.0,18.0
2024-01-10,영등포구,-0.2,-2.7,3.4,0.0,0.0414,0.0048,0.82,0.0032,68.0,60.0
2024-01-11,영등포구,2.4,-1.6,5.4,0.0,0.0403,0.0092,0.68,0.0034,58.0,50.0
2024-01-12,영등포구,2.1,0.5,4.9,0.0,0.0264,0.0228,0.58,0.0033,54.0,38.0
2024-01-13,영등포구,1.8,-1.7,6.5,0.0,0.0304,0.0177,0.49,0.0033,22.0,13.0
2024-01-14,영등포구,0.9,-2.5,4.7,3.0,0.0371,0.0109,0.73,0.0031,31.0,23.0
2024-01-15,영등포구,-2.9,-5.4,1.5,0.0,0.0179,0.0274,0.39,0.0033,20.0,9.0
2024-01-16,영등포구,-0.9,-5.0,3.8,0.0,0.037,0.0134,0.57,0.0034,29.0,17.0
2024-01-17,영등포구,1.2,-0.2,2.5,9.5,0.0495,0.0023,0.85,0.0035,37.0,29.0
2024-01-18,영등포구,5.0,1.5,10.2,0.5,0.0304,0.0134,0.57,0.0029,27.0,23.0
2024-01-19,영등포구,6.0,4.8,9.5,0.0,0.0189,0.0312,0.44,0.0023,16.0,11.0
2024-01-20,영등포구,4.0,2.5,5.3,0.5,0.0148,0.0319,0.35,0.0021,7.0,3.0
2024-01-21,영등포구,1.9,-2.4,4.3,0.5,0.0159,0.0263,0.39,0.0022,11.0,7.0
2024-01-22,영등포구,-8.0,-10.8,-2.4,0.0,0.012,0.0296,0.41,0.0022,28.0,19.0
2024-01-23,영등포구,-10.7,-13.1,-7.2,0.0,0.0105,0.0303,0.36,0.0024,20.0,12.0
2024-01-24,영등포구,-7.1,-10.1,-3.5,0.0,0.0122,0.0295,0.39,0.0024,21.0,11.0
2024-01-25,영등포구,-4.2,-7.9,-0.1,0.0,0.0198,0.0246,0.44,0.003,20.0,13.0
2024-01-26,영등포구,-0.5,-4.2,3.9,0.0,0.0384,0.0149,0.58,0.0031,30.0,21.0
2024-01-27,영등포구,0.6,-3.0,4.8,0.0,0.0357,0.0216,0.71,0.0035,47.0,37.0
2024-01-28,영등포구,-0.5,-3.1,3.9,0.0,0.0217,0.0312,0.48,0.003,26.0,19.0
2024-01-29,영등포구,0.8,-2.2,5.0,0.0,0.0421,0.0169,0.69,0.0033,41.0,32.0
2024-01-30,영등포구,3.0,-1.3,8.4,0.0,0.0482,0.013,0.77,0.0033,52.0,40.0
2024-01-31,영등포구,5.5,2.2,10.7,0.0,0.0472,0.0181,0.79,0.0035,56.0,42.0
2024-02-01,영등포구,2.8,-0.7,7.0,0.0,0.0332,0.0251,0.83,0.0034,83.0,66.0
2024-02-02,영등포구,3.7,1.9,7.5,0.0,0.0384,0.0156,0.63,0.0035,54.0,41.0
2024-02-03,영등포구,5.5,0.9,8.8,0.0,0.0378,0.012,0.54,0.003,38.0,30.0
2024-02-04,영등포구,7.6,3.7,11.9,0.0,0.0287,0.0184,0.48,0.0027,26.0,20.0
2024-02-05,영등포구,3.1,0.5,7.5,3.0,0.0162,0.0326,0.3,0.0023,8.0,4.0
2024-02-06,영등포구,2.0,0.6,3.4,0.0,0.027,0.0225,0.36,0.0024,14.0,11.0
2024-02-07,영등포구,1.3,-0.2,3.4,0.0,0.0266,0.024,0.55,0.0026,33.0,28.0
2024-02-08,영등포구,1.9,-1.0,6.3,0.0,0.0327,0.0247,0.57,0.003,38.0,35.0
2024-02-09,영등포구,2.3,-0.4,6.7,0.0,,,,,,
2024-02-10,영등포구,3.0,0.7,7.8,0.0,,,,,,
2024-02-11,영등포구,2.2,-1.5,6.1,0.0,0.0206,0.0378,0.55,0.0029,58.0,48.0
2024-02-12,영등포구,5.1,-0.1,10.6,0.0,0.0298,0.0295,0.66,0.0031,58.0,48.0
2024-02-13,영등포구,10.1,5.1,14.8,0.0,0.0408,0.0276,0.69,0.0032,70.0,48.0
2024-02-14,영등포구,13.5,10.9,18.3,0.0,0.0377,0.0219,0.56,0.0032,42.0,28.0
2024-02-15,영등포구,5.0,1.3,11.1,10.5,0.0167,0.03,0.35,0.0023,21.0,15.0
2024-02-16,영등포구,3.8,0.4,8.2,0.0,0.0272,0.0228,0.43,0.0027,25.0,18.0
2024-02-17,영등포구,5.8,1.4,11.1,0.0,0.0389,0.0193,0.59,0.0034,41.0,33.0
2024-02-18,영등포구,7.6,4.0,10.2,16.0,0.0362,0.0126,0.59,0.0026,39.0,31.0
2024-02-19,영등포구,9.4,4.4,12.1,5.0,0.0294,0.0108,0.52,0.0025,13.0,8.0
2024-02-20,영등포구,4.7,3.1,7.8,2.5,0.0228,0.0141,0.46,0.0024,32.0,21.0
2024-02-21,영등포구,2.5,0.5,4.8,15.5,0.0183,0.0271,0.32,0.0021,5.0,3.0
2024-02-22,영등포구,0.8,-0.7,2.0,7.5,0.0178,0.0312,0.3,0.002,8.0,4.0
2024-02-23,영등포구,2.7,-0.1,6.9,0.5,0.0182,0.0325,0.3,0.002,12.0,5.0
2024-02-24,영등포구,2.7,-0.2,6.5,1.0,0.016,0.0335,0.3,0.002,15.0,9.0
2024-02-25,영등포구,3.5,1.3,7.0,2.0,0.0188,0.0297,0.32,0.002,14.0,10.0
2024-02-26,영등포구,5.3,0.8,10.0,0.0,0.0216,0.024,0.45,0.0023,32.0,23.0
2024-02-27,영등포구,6.2,2.3,10.4,0.0,0.0182,0.0324,0.32,0.002,19.0,10.0
2024-02-28,영등포구,7.3,4.9,10.7,0.0,0.0232,0.0256,0.35,0.0025,30.0,17.0
2024-02-29,영등포구,5.5,1.2,9.6,0.0,0.0246,0.0229,0.49,0.0026,54.0,38.0
2024-03-01,영등포구,-3.2,-5.8,1.1,0.0,0.0098,0.0423,0.27,0.0022,33.0,11.0
2024-03-02,영등포구,0.6,-6.0,4.8,0.0,0.0151,0.0374,0.32,0.0025,30.0,13.0
2024-03-03,영등포구,4.9,1.7,8.5,0.0,0.0212,0.0403,0.54,0.0024,104.0,67.0
2024-03-04,영등포구,6.6,0.6,12.0,0.0,0.0265,0.0216,0.53,0.0027,67.0,40.0
2024-03-05,영등포구,8.9,7.0,11.6,0.0,0.0288,0.023,0.48,0.0026,48.0,28.0
2024-03-06,영등포구,7.1,4.1,10.9,0.0,0.0241,0.029,0.36,0.0021,17.0,9.0
2024-03-07,영등포구,4.9,2.5,8.8,0.0,0.0205,0.0311,0.35,0.0022,28.0,19.0
2024-03-08,영등포구,3.4,1.2,7.3,0.0,0.0154,0.0391,0.39,0.0027,41.0,25.0
2024-03-09,영등포구,2.8,-0.7,7.8,0.0,0.0157,0.0345,0.34,0.0025,30.0,18.0
2024-03-10,영등포구,5.4,0.8,10.8,0.0,0.0179,0.0368,0.35,0.0026,28.0,16.0
2024-03-11,영등포구,7.6,4.3,11.4,0.0,0.0324,0.0275,0.41,0.0028,32.0,19.0
2024-03-12,영등포구,7.3,5.2,11.5,1.5,0.0343,0.0212,0.45,0.0024,33.0,24.0
2024-03-13,영등포구,7.3,3.7,12.3,0.0,0.0242,0.0386,0.42,0.0029,40.0,26.0
2024-03-14,영등포구,9.1,5.0,15.7,0.0,0.0242,0.0453,0.41,0.0031,54.0,36.0
2024-03-15,영등포구,9.4,6.1,14.7,0.0,0.0216,0.0411,0.36,0.0028,41.0,29.0
2024-03-16,영등포구,11.7,6.7,19.1,0.0,0.0279,0.0366,0.42,0.0031,44.0,31.0
2024-03-17,영등포구,9.1,6.0,12.5,0.0,0.01,0.0438,0.29,0.0023,83.0,19.0
2024-03-18,영등포구,8.0,3.7,14.0,0.0,0.0233,0.0307,0.31,0.0026,20.0,10.0
2024-03-19,영등포구,7.2,5.0,10.6,0.0,0.0185,0.0402,0.39,0.0026,44.0,26.0
2024-03-20,영등포구,5.2,2.8,9.0,0.0,0.0133,0.0421,0.34,0.0022,35.0,24.0
2024-03-21,영등포구,6.2,2.0,11.8,0.0,0.0222,0.0407,0.43,0.0028,30.0,20.0
2024-03-22,영등포구,11.3,5.7,15.9,3.0,0.0264,0.0391,0.44,0.0028,39.0,19.0
2024-03-23,영등포구,13.4,9.5,18.3,0.0,0.0161,0.0503,0.4,0.0022,52.0,23.0
2024-03-24,영등포구,16.9,11.1,23.4,0.0,0.0252,0.0364,0.48,0.0023,34.0,18.0
2024-03-25,영등포구,11.5,7.5,16.7,5.5,0.0181,0.0365,0.34,0.002,20.0,9.0
2024-03-26,영등포구,7.9,2.8,12.8,13.0,0.0174,0.0362,0.31,0.0018,7.0,3.0
2024-03-27,영등포구,11.3,7.0,17.1,0.0,0.0261,0.0302,0.41,0.0025,23.0,17.0
2024-03-28,영등포구,11.2,8.6,12.6,2.5,0.0267,0.0275,0.42,0.0026,19.0,14.0
2024-03-29,영등포구,8.5,6.1,13.2,1.5,0.0192,0.0363,0.4,0.0021,197.0,47.0
2024-03-30,영등포구,9.8,5.6,16.7,0.0,0.0237,0.0369,0.41,0.0024,83.0,26.0
2024-03-31,영등포구,11.5,6.0,17.8,0.0,0.0164,0.041,0.35,0.0023,36.0,12.0
2024-04-01,영등포구,13.0,7.9,19.5,0.0,0.0264,0.0363,0.38,0.0026,37.0,14.0
2024-04-02,영등포구,16.4,10.1,24.1,0.0,0.0398,0.0337,0.49,0.0032,44.0,23.0
2024-04-03,영등포구,17.3,15.0,19.2,0.0,0.04,0.0252,0.48,0.0029,38.0,24.0
2024-04-04,영등포구,16.5,13.8,21.1,0.0,0.0185,0.0432,0.37,0.0023,31.0,19.0
2024-04-05,영등포구,14.4,11.7,19.0,0.0,0.0181,0.0464,0.34,0.0024,38.0,22.0
2024-04-06,영등포구,13.7,9.4,19.5,0.0,0.0272,0.0445,0.47,0.0032,61.0,45.0
2024-04-07,영등포구,16.0,10.7,23.9,0.0,0.031,0.0485,0.51,0.0032,53.0,37.0
2024-04-08,영등포구,16.8,12.3,22.8,0.0,0.0464,0.0301,0.56,0.0032,51.0,31.0
2024-04-09,영등포구,15.9,11.8,21.1,0.0,0.0178,0.0442,0.34,0.0023,38.0,21.0
2024-04-10,영등포구,14.2,11.8,18.3,0.0,0.0117,0.0482,0.3,0.0024,38.0,19.0
2024-04-11,영등포구,16.3,13.3,21.4,0.0,0.0225,0.0408,0.39,0.0026,42.0,21.0
2024-04-12,영등포구,18.1,14.0,24.7,0.0,0.0315,0.0379,0.43,0.0031,43.0,24.0
2024-04-13,영등포구,19.7,13.1,27.4,0.0,0.0199,0.0429,0.32,0.0027,35.0,18.0
2024-04-14,영등포구,21.8,15.2,29.0,0.0,0.023,0.0501,0.43,0.0036,38.0,24.0
2024-04-15,영등포구,16.5,11.8,21.5,16.0,0.0193,0.0357,0.34,0.0028,21.0,12.0
2024-04-16,영등포구,13.7,11.2,18.0,2.0,0.0169,0.0425,0.44,0.0024,65.0,26.0
2024-04-17,영등포구,15.3,9.4,22.5,0.0,0.0227,0.0317,0.49,0.0026,120.0,39.0
2024-04-18,영등포구,18.0,11.9,25.7,0.0,0.0305,0.0342,0.49,0.0031,94.0,25.0
2024-04-19,영등포구,18.5,14.0,24.6,0.0,0.0262,0.0662,0.43,0.0039,81.0,29.0
2024-04-20,영등포구,15.9,13.7,18.9,3.5,0.0261,0.0408,0.52,0.0029,61.0,30.0
2024-04-21,영등포구,17.8,14.2,21.6,0.0,0.0076,0.0491,0.32,0.0021,15.0,7.0
2024-04-22,영등포구,19.6,15.9,24.7,0.0,0.013,0.0538,0.32,0.0021,31.0,18.0
2024-04-23,영등포구,17.9,14.6,23.6,0.0,0.0135,0.0455,0.31,0.002,22.0,13.0
2024-04-24,영등포구,13.5,11.1,17.9,0.5,0.0124,0.0318,0.27,0.0021,11.0,6.0
2024-04-25,영등포구,14.5,10.1,21.1,0.0,0.0179,0.0494,0.39,0.0022,29.0,22.0
2024-04-26,영등포구,18.7,13.0,26.4,0.0,0.0323,0.0368,0.47,0.0028,50.0,27.0
2024-04-27,영등포구,19.5,13.3,27.5,0.0,0.0252,0.044,0.48,0.0032,51.0,37.0
2024-04-28,영등포구,21.4,14.4,29.3,0.0,0.0229,0.0505,0.44,0.0031,35.0,22.0
2024-04-29,영등포구,21.6,18.5,26.7,0.0,0.018,0.0484,0.34,0.0025,39.0,22.0
2024-04-30,영등포구,18.5,16.2,22.5,0.0,0.0209,0.0423,0.44,0.0034,51.0,33.0
2024-05-01,영등포구,18.9,15.2,23.8,0.0,0.0124,0.0468,0.31,0.0023,25.0,16.0
2024-05-02,영등포구,19.3,15.5,24.5,0.0,0.0213,0.0417,0.34,0.0027,31.0,20.0
2024-05-03,영등포구,20.3,14.1,28.0,0.0,0.0256,0.0514,0.36,0.0034,41.0,26.0
2024-05-04,영등포구,22.2,16.5,29.5,0.0,0.0311,0.0649,0.51,0.0042,49.0,33.0
2024-05-05,영등포구,18.0,15.6,22.2,39.5,0.0133,0.0272,0.32,0.0024,21.0,14.0
2024-05-06,영등포구,14.3,13.6,15.7,9.0,0.0081,0.0454,0.3,0.0021,10.0,7.0
2024-05-07,영등포구,14.1,12.8,16.2,2.0,0.0143,0.0333,0.35,0.0021,20.0,14.0
2024-05-08,영등포구,16.2,11.2,22.2,0.0,0.0145,0.0386,0.27,0.0022,19.0,10.0
2024-05-09,영등포구,16.9,12.7,22.9,0.0,0.0166,0.0496,0.3,0.0026,26.0,14.0
2024-05-10,영등포구,18.6,14.3,24.7,0.0,0.0145,0.0559,0.31,0.0027,25.0,15.0
2024-05-11,영등포구,17.6,14.3,23.2,29.5,0.0101,0.0429,0.25,0.0024,18.0,7.0
2024-05-12,영등포구,17.3,12.3,22.8,0.0,0.0092,0.045,0.28,0.0024,57.0,13.0
2024-05-13,영등포구,19.7,14.4,25.5,0.0,0.0221,0.0437,0.35,0.0026,27.0,14.0
2024-05-14,영등포구,20.2,15.6,25.4,0.0,0.0228,0.0502,0.34,0.0028,26.0,15.0
2024-05-15,영등포구,13.6,7.9,18.9,19.0,0.013,0.0481,0.26,0.0027,21.0,8.0
2024-05-16,영등포구,14.6,7.9,20.7,0.5,0.0123,0.0438,0.28,0.0027,14.0,5.0
2024-05-17,영등포구,19.3,13.1,25.6,0.0,0.0189,0.0573,0.38,0.0031,38.0,19.0
2024-05-18,영등포구,21.7,17.2,26.6,0.0,0.0164,0.0437,0.32,0.0028,24.0,11.0
2024-05-19,영등포구,22.5,17.7,28.4,0.0,0.0125,0.0483,0.28,0.0029,24.0,12.0
2024-05-20,영등포구,20.1,17.5,23.7,0.0,0.0138,0.0353,0.28,0.0032,27.0,15.0
2024-05-21,영등포구,22.1,17.0,29.1,0.0,0.0196,0.0476,0.35,0.0026,41.0,28.0
2024-05-22,영등포구,21.0,16.9,26.8,0.0,0.0175,0.0465,0.35,0.0033,46.0,33.0
2024-05-23,영등포구,20.8,16.5,27.2,0.0,0.0196,0.038,0.29,0.0031,29.0,19.0
2024-05-24,영등포구,20.7,16.2,24.9,0.0,0.0153,0.0343,0.3,0.0025,35.0,27.0
2024-05-25,영등포구,21.8,19.5,25.1,0.0,0.0172,0.0396,0.31,0.0026,34.0,25.0
2024-05-26,영등포구,20.2,17.5,24.3,7.0,0.0102,0.0447,0.3,0.0025,23.0,16.0
2024-05-27,영등포구,19.5,15.4,24.5,0.0,0.0095,0.0523,0.34,0.0024,25.0,12.0
2024-05-28,영등포구,21.7,16.7,26.6,0.0,0.0148,0.0437,0.27,0.0024,16.0,8.0
2024-05-29,영등포구,22.7,17.8,28.0,0.0,0.0211,0.0417,0.33,0.0033,23.0,13.0
2024-05-30,영등포구,22.1,19.3,25.5,0.0,0.0359,0.0397,0.42,0.0036,26.0,16.0
2024-05-31,영등포구,21.0,18.0,26.1,0.0,0.0157,0.0562,0.3,0.0029,22.0,14.0
2024-06-01,영등포구,21.2,18.2,26.5,0.0,0.0089,0.054,0.28,0.0026,25.0,15.0
2024-06-02,영등포구,21.8,17.7,26.7,0.0,0.0091,0.06,0.27,0.003,20.0,11.0
2024-06-03,영등포구,23.2,18.2,29.0,0.0,0.0129,0.047,0.27,0.0023,15.0,9.0
2024-06-04,영등포구,24.1,19.1,29.8,0.0,0.0141,0.0481,0.25,0.0024,17.0,9.0
2024-06-05,영등포구,24.6,20.1,30.7,0.0,0.0256,0.0573,0.36,0.0033,38.0,26.0
2024-06-06,영등포구,24.6,20.1,31.2,0.0,0.022,0.0677,0.39,0.0035,43.0,35.0
2024-06-07,영등포구,23.6,18.8,28.8,0.0,0.0203,0.0573,0.31,0.0032,28.0,20.0
2024-06-08,영등포구,20.9,17.7,26.5,16.0,0.0121,0.0446,0.28,0.0023,20.0,16.0
2024-06-09,영등포구,23.6,18.8,29.6,0.0,0.0121,0.0522,0.33,0.0027,26.0,20.0
2024-06-10,영등포구,25.6,20.5,32.0,0.0,0.0155,0.0694,0.42,0.0031,41.0,29.0
2024-06-11,영등포구,25.9,22.3,32.4,0.0,0.0131,0.0829,0.43,0.0028,54.0,39.0
2024-06-12,영등포구,25.5,20.4,32.9,0.0,0.0168,0.0635,0.31,0.0032,29.0,18.0
2024-06-13,영등포구,27.2,21.5,33.0,0.0,0.0218,0.0478,0.31,0.0036,29.0,18.0
2024-06-14,영등포구,26.7,22.1,33.5,0.0,0.0226,0.0458,0.33,0.0047,32.0,22.0
2024-06-15,영등포구,24.5,21.3,28.4,6.0,0.0121,0.0334,0.26,0.0033,25.0,22.0
2024-06-16,영등포구,24.6,20.6,30.4,0.0,0.0092,0.0532,0.28,0.0028,21.0,15.0
2024-06-17,영등포구,25.6,20.9,31.3,0.0,0.018,0.0587,0.29,0.0031,21.0,13.0
2024-06-18,영등포구,26.3,21.4,32.4,0.0,0.0174,0.0542,0.29,0.0031,24.0,15.0
2024-06-19,영등포구,29.1,22.8,35.6,0.0,0.0214,0.0847,0.37,0.004,40.0,29.0
2024-06-20,영등포구,29.5,24.8,35.4,0.0,0.0209,0.09,0.41,0.0047,40.0,31.0
2024-06-21,영등포구,28.2,24.6,33.4,0.0,0.0253,0.0597,0.36,0.0047,34.0,22.0
2024-06-22,영등포구,24.6,22.4,26.6,20.5,0.0184,0.0387,0.43,0.0033,26.0,21.0
2024-06-23,영등포구,25.4,22.3,30.9,4.0,0.0082,0.0416,0.28,0.0025,15.0,10.0
2024-06-24,영등포구,25.0,22.1,29.1,0.0,0.0122,0.061,0.33,0.0027,43.0,19.0
2024-06-25,영등포구,23.8,21.0,27.6,0.0,0.0113,0.0538,0.26,0.0028,17.0,8.0
2024-06-26,영등포구,25.8,20.4,31.7,0.0,0.0158,0.0542,0.31,0.0029,22.0,13.0
2024-06-27,영등포구,27.2,22.7,32.1,0.0,0.0255,0.0594,0.36,0.0032,30.0,18.0
2024-06-28,영등포구,27.7,23.7,32.8,0.0,0.0264,0.0738,0.4,0.0035,36.0,27.0
2024-06-29,영등포구,27.1,23.6,32.3,32.0,0.0179,0.0585,0.37,0.003,29.0,23.0
2024-06-30,영등포구,24.0,22.2,26.9,28.0,0.0064,0.0421,0.27,0.0023,19.0,13.0
2024-07-01,영등포구,26.8,22.3,32.2,0.0,0.0124,0.0581,0.28,0.0024,23.0,14.0
2024-07-02,영등포구,24.2,21.9,26.2,54.0,0.0169,0.0298,0.34,0.0023,18.0,12.0
2024-07-03,영등포구,25.6,24.1,28.2,0.5,0.008,0.0569,0.33,0.0023,24.0,15.0
2024-07-04,영등포구,27.1,23.5,32.1,4.0,0.0109,0.0717,0.42,0.0023,36.0,33.0
2024-07-05,영등포구,24.1,21.3,26.9,3.0,0.0108,0.0617,0.38,0.0025,18.0,12.0
2024-07-06,영등포구,25.9,22.5,31.8,3.0,0.015,0.0392,0.36,0.0025,27.0,18.0
2024-07-07,영등포구,24.8,22.4,29.5,25.5,0.0092,0.0547,0.36,0.0023,20.0,14.0
2024-07-08,영등포구,24.2,23.2,25.3,16.5,0.0141,0.0327,0.26,0.0022,11.0,7.0
2024-07-09,영등포구,24.9,23.1,27.1,0.0,0.0141,0.0345,0.28,0.0023,15.0,11.0
2024-07-10,영등포구,27.6,23.3,33.3,2.5,0.0132,0.0431,0.26,0.0023,12.0,7.0
2024-07-11,영등포구,25.8,23.0,29.8,0.0,0.0163,0.0488,0.4,0.0026,36.0,30.0
2024-07-12,영등포구,26.3,22.6,31.0,0.0,0.0212,0.0458,0.45,0.0026,36.0,28.0
2024-07-13,영등포구,28.8,24.5,34.7,0.0,0.0164,0.0606,0.5,0.0026,47.0,41.0
2024-07-14,영등포구,29.5,26.2,33.4,0.0,0.0095,0.0512,0.35,0.0024,30.0,26.0
2024-07-15,영등포구,29.2,25.8,33.5,0.0,0.0116,0.0495,0.27,0.0022,13.0,8.0
2024-07-16,영등포구,27.4,24.7,31.4,11.5,0.0149,0.0352,0.29,0.0024,15.0,11.0
2024-07-17,영등포구,26.2,24.4,29.9,68.0,0.0101,0.0158,0.2,0.0021,12.0,6.0
2024-07-18,영등포구,24.9,23.4,26.9,118.0,0.0112,0.0146,0.23,0.0022,10.0,5.0
2024-07-19,영등포구,27.7,24.5,32.4,0.5,0.0128,0.027,0.29,0.0024,25.0,18.0
2024-07-20,영등포구,28.0,25.7,32.5,13.5,0.0096,0.0435,0.24,0.0023,16.0,11.0
2024-07-21,영등포구,27.6,23.0,31.5,6.0,0.006,0.0527,0.21,0.0023,19.0,9.0
2024-07-22,영등포구,27.4,24.7,29.1,65.5,0.0105,0.0137,0.21,0.0023,15.0,7.0
2024-07-23,영등포구,27.2,26.3,28.7,1.5,0.0098,0.0174,0.19,0.0023,13.0,7.0
2024-07-24,영등포구,28.9,26.0,33.2,20.0,0.01,0.015,0.19,0.0023,15.0,8.0
2024-07-25,영등포구,30.0,25.0,34.7,38.5,0.0135,0.0238,0.23,0.0026,21.0,11.0
2024-07-26,영등포구,30.0,25.9,34.8,5.5,0.0154,0.0201,0.24,0.0023,16.0,9.0
2024-07-27,영등포구,29.8,28.0,33.7,29.5,0.0104,0.0185,0.23,0.0022,16.0,9.0
2024-07-28,영등포구,30.1,28.2,33.9,0.0,0.0057,0.0157,0.18,0.0022,17.0,8.0
2024-07-29,영등포구,28.0,27.1,28.6,0.0,0.0081,0.0206,0.18,0.0023,21.0,9.0
2024-07-30,영등포구,29.2,26.7,33.6,0.0,0.0097,0.0446,0.19,0.0023,23.0,13.0
2024-07-31,영등포구,30.1,27.6,34.6,0.0,0.009,0.0291,0.18,0.0022,16.0,9.0
2024-08-01,영등포구,30.6,27.6,35.1,0.5,0.0091,0.0304,0.19,0.0022,18.0,9.0
2024-08-02,영등포구,30.4,28.5,34.8,0.0,0.0094,0.04,0.25,0.0023,26.0,15.0
2024-08-03,영등포구,31.0,27.8,35.2,0.0,0.011,0.0527,0.34,0.0024,29.0,25.0
2024-08-04,영등포구,32.2,28.1,36.4,0.0,0.0121,0.0592,0.38,0.0025,26.0,22.0
2024-08-05,영등포구,31.4,28.0,35.8,0.0,0.0158,0.0502,0.37,0.0026,31.0,27.0
2024-08-06,영등포구,30.2,26.9,34.8,0.5,0.0168,0.0406,0.3,0.0024,16.0,11.0
2024-08-07,영등포구,30.4,26.7,34.5,5.5,0.0143,0.0345,0.26,0.0025,18.0,13.0
2024-08-08,영등포구,29.3,27.9,33.0,0.0,0.0173,0.0304,0.28,0.0026,20.0,16.0
2024-08-09,영등포구,30.2,26.7,34.9,0.0,0.0167,0.0414,0.3,0.0026,26.0,20.0
2024-08-10,영등포구,31.3,27.7,35.4,0.0,0.0162,0.0558,0.36,0.0026,31.0,26.0
2024-08-11,영등포구,31.8,29.0,36.3,0.0,0.0092,0.0528,0.29,0.0027,26.0,22.0
2024-08-12,영등포구,32.0,29.6,35.2,0.0,0.0133,0.0488,0.27,0.0027,25.0,17.0
2024-08-13,영등포구,32.5,28.8,37.5,1.5,0.0158,0.0414,0.29,0.0024,27.0,18.0
2024-08-14,영등포구,31.1,27.8,37.2,0.0,0.0184,0.0525,0.32,0.0023,26.0,18.0
2024-08-15,영등포구,30.9,28.2,36.4,0.0,0.0148,0.0545,0.32,0.0024,24.0,18.0
2024-08-16,영등포구,31.0,28.3,36.3,0.0,0.0172,0.0482,0.3,0.0024,21.0,15.0
2024-08-17,영등포구,31.2,28.9,35.6,0.0,0.0148,0.0605,0.32,0.0023,24.0,17.0
2024-08-18,영등포구,30.7,28.6,34.9,0.0,0.0112,0.0568,0.33,0.0025,23.0,18.0
2024-08-19,영등포구,31.4,27.9,36.6,0.0,0.0173,0.0591,0.36,0.0024,26.0,19.0
2024-08-20,영등포구,32.7,29.0,36.5,0.0,0.0161,0.0472,0.32,0.0025,28.0,20.0
2024-08-21,영등포구,29.2,27.1,32.0,43.0,0.011,0.0202,0.22,0.0024,15.0,6.0
2024-08-22,영등포구,29.5,27.7,32.0,1.5,0.0092,0.0277,0.22,0.0024,16.0,6.0
2024-08-23,영등포구,29.1,26.5,33.7,0.0,0.0132,0.0672,0.34,0.0023,28.0,20.0
2024-08-24,영등포구,28.3,24.9,32.5,19.0,0.0157,0.0666,0.46,0.0026,38.0,31.0
2024-08-25,영등포구,29.4,26.5,33.7,0.0,0.014,0.061,0.46,0.0026,37.0,30.0
2024-08-26,영등포구,29.1,27.0,31.9,3.5,0.0214,0.0355,0.46,0.0024,36.0,27.0
2024-08-27,영등포구,28.1,26.3,32.2,0.0,0.0196,0.0299,0.36,0.0023,23.0,14.0
2024-08-28,영등포구,29.6,24.8,34.8,0.0,0.0123,0.0486,0.3,0.0021,16.0,10.0
2024-08-29,영등포구,29.5,25.5,35.3,0.0,0.0115,0.0448,0.27,0.0021,11.0,6.0
2024-08-30,영등포구,29.1,25.6,34.4,0.0,0.0148,0.037,0.28,0.0024,15.0,7.0
2024-08-31,영등포구,28.4,23.9,33.9,0.0,0.0121,0.0569,0.37,0.0027,35.0,20.0
2024-09-01,영등포구,27.8,25.3,32.3,0.0,0.0091,0.0577,0.38,0.0026,31.0,22.0
2024-09-02,영등포구,25.9,23.7,28.3,2.0,0.0183,0.033,0.36,0.0021,21.0,13.0
2024-09-03,영등포구,28.4,24.5,33.3,0.0,0.0128,0.0427,0.29,0.0021,14.0,6.0
2024-09-04,영등포구,28.8,24.7,34.1,0.0,0.0158,0.0545,0.33,0.0025,20.0,11.0
2024-09-05,영등포구,27.0,25.4,29.7,10.0,0.0148,0.0428,0.31,0.0026,22.0,13.0
2024-09-06,영등포구,24.8,23.6,26.4,2.0,0.0158,0.0267,0.37,0.0021,17.0,11.0
2024-09-07,영등포구,26.9,23.8,32.0,0.0,0.0149,0.0497,0.37,0.0024,22.0,14.0
2024-09-08,영등포구,27.6,24.5,32.1,0.0,0.0119,0.0696,0.42,0.0024,29.0,23.0
2024-09-09,영등포구,29.1,25.8,33.6,0.0,0.0189,0.0535,0.41,0.0025,28.0,21.0
2024-09-10,영등포구,30.3,27.1,35.2,0.0,0.0223,0.0494,0.4,0.0025,29.0,21.0
2024-09-11,영등포구,29.7,26.6,35.2,1.0,0.0239,0.0527,0.4,0.0024,30.0,22.0
2024-09-12,영등포구,26.1,25.5,27.9,69.5,0.02,0.011,0.38,0.0022,13.0,9.0
2024-09-13,영등포구,26.8,25.0,29.2,9.0,0.0152,0.0092,0.29,0.0023,16.0,9.0
2024-09-14,영등포구,28.7,25.8,33.2,0.0,0.0104,0.0243,0.25,0.0024,11.0,6.0
2024-09-15,영등포구,28.5,25.1,33.9,0.0,0.0081,0.0245,0.28,0.0022,14.0,8.0
2024-09-16,영등포구,27.7,21.3,33.9,15.0,0.0083,0.0389,0.27,0.002,8.0,4.0
2024-09-17,영등포구,29.5,27.3,35.0,0.0,0.0114,0.0243,0.29,0.0022,14.0,8.0
2024-09-18,영등포구,30.1,27.4,34.3,0.0,0.0109,0.0223,0.28,0.0022,17.0,12.0
2024-09-19,영등포구,30.3,27.2,33.9,0.0,0.0159,0.0373,0.3,0.0025,20.0,14.0
2024-09-20,영등포구,26.0,18.3,30.2,62.0,0.0162,0.0107,0.3,0.0022,14.0,9.0
2024-09-21,영등포구,20.2,17.6,23.1,14.5,0.0075,0.0324,0.23,0.002,6.0,2.0
2024-09-22,영등포구,22.3,18.2,27.8,0.0,0.0074,0.0273,0.24,0.002,6.0,2.0
2024-09-23,영등포구,21.9,18.3,27.2,0.0,0.0108,0.0317,0.26,0.002,11.0,5.0
2024-09-24,영등포구,22.5,17.5,27.8,0.0,0.0167,0.0389,0.29,0.0021,14.0,7.0
2024-09-25,영등포구,24.2,20.2,28.9,0.0,0.0217,0.0329,0.33,0.0025,18.0,8.0
2024-09-26,영등포구,24.5,22.0,29.2,0.0,0.0188,0.0422,0.32,0.0025,18.0,10.0
2024-09-27,영등포구,24.1,20.6,29.3,0.0,0.0171,0.0338,0.33,0.0024,19.0,11.0
2024-09-28,영등포구,24.3,21.1,29.0,0.0,0.0107,0.043,0.28,0.0021,15.0,7.0
2024-09-29,영등포구,24.7,20.4,29.9,0.0,0.009,0.0424,0.27,0.0021,10.0,5.0
2024-09-30,영등포구,24.2,20.6,28.9,0.0,0.0184,0.0422,0.3,0.0025,15.0,7.0
2024-10-01,영등포구,19.4,15.3,23.6,1.5,0.0106,0.0382,0.26,0.0023,14.0,6.0
2024-10-02,영등포구,16.3,13.0,20.7,0.0,0.0131,0.0328,0.27,0.0022,15.0,7.0
2024-10-03,영등포구,17.6,12.9,22.6,0.0,0.018,0.0263,0.3,0.0022,17.0,8.0
2024-10-04,영등포구,19.0,14.7,23.8,0.0,0.021,0.0245,0.31,0.0022,16.0,7.0
2024-10-05,영등포구,19.1,14.9,24.2,0.0,0.0242,0.0328,0.36,0.0024,23.0,11.0
2024-10-06,영등포구,17.1,15.2,18.8,0.0,0.0254,0.0157,0.44,0.0023,23.0,13.0
2024-10-07,영등포구,18.3,15.8,21.6,0.0,0.0242,0.0285,0.45,0.0026,37.0,22.0
2024-10-08,영등포구,19.1,15.1,23.7,0.0,0.0223,0.026,0.5,0.0026,43.0,28.0
2024-10-09,영등포구,20.0,16.1,24.6,0.0,0.0153,0.0355,0.31,0.0022,15.0,8.0
2024-10-10,영등포구,20.0,17.2,24.5,0.0,0.0207,0.0347,0.33,0.0025,20.0,11.0
2024-10-11,영등포구,20.0,16.5,25.3,0.0,0.0257,0.0399,0.41,0.0025,32.0,20.0
2024-10-12,영등포구,20.0,16.1,25.0,0.0,0.0277,0.039,0.45,0.0028,35.0,22.0
2024-10-13,영등포구,19.9,15.4,23.4,0.0,0.0214,0.0313,0.44,0.0024,28.0,19.0
2024-10-14,영등포구,20.4,18.8,22.4,0.0,0.0256,0.0214,0.35,0.0024,21.0,11.0
2024-10-15,영등포구,19.9,18.1,22.3,0.5,0.0245,0.0158,0.36,0.0023,19.0,11.0
2024-10-16,영등포구,19.3,16.1,24.1,0.0,0.0299,0.0253,0.48,0.0026,37.0,24.0
2024-10-17,영등포구,20.8,16.2,26.4,0.0,0.0285,0.0289,0.46,0.0026,38.0,23.0
2024-10-18,영등포구,18.2,16.1,20.4,47.0,0.0236,0.0145,0.39,0.0024,22.0,13.0
2024-10-19,영등포구,17.2,13.6,21.3,1.0,0.0109,0.0303,0.29,0.0021,12.0,5.0
2024-10-20,영등포구,14.5,12.1,18.7,0.0,0.007,0.0364,0.22,0.0019,12.0,4.0
2024-10-21,영등포구,15.8,11.4,19.6,0.0,0.0153,0.0238,0.26,0.0021,12.0,4.0
2024-10-22,영등포구,16.0,15.5,17.4,15.0,0.025,0.0076,0.49,0.0022,15.0,6.0
2024-10-23,영등포구,13.6,11.1,16.7,1.5,0.0097,0.0339,0.31,0.0022,14.0,6.0
2024-10-24,영등포구,14.1,9.6,19.1,0.0,0.0232,0.0271,0.37,0.0022,24.0,14.0
2024-10-25,영등포구,17.0,11.7,22.4,0.0,0.0367,0.0122,0.55,0.0026,30.0,17.0
2024-10-26,영등포구,18.7,13.6,24.3,0.0,0.03,0.0168,0.48,0.0028,26.0,13.0
2024-10-27,영등포구,17.3,15.9,19.9,0.0,0.0163,0.0315,0.36,0.0028,24.0,15.0
2024-10-28,영등포구,16.8,13.6,21.1,0.0,0.0203,0.0203,0.49,0.0026,36.0,25.0
2024-10-29,영등포구,16.1,14.6,19.3,0.0,0.0256,0.0192,0.36,0.0024,15.0,7.0
2024-10-30,영등포구,16.6,12.7,21.4,0.0,0.0247,0.026,0.44,0.0028,27.0,15.0
2024-10-31,영등포구,17.5,13.1,22.6,0.0,0.0367,0.0224,0.5,0.0029,36.0,21.0
2024-11-01,영등포구,16.9,15.1,19.5,0.0,0.0478,0.01,0.62,0.0032,39.0,25.0
2024-11-02,영등포구,19.2,14.3,25.2,0.0,0.0274,0.0232,0.47,0.0028,34.0,22.0
2024-11-03,영등포구,18.6,14.7,23.8,0.0,0.0137,0.0384,0.35,0.0027,23.0,15.0
2024-11-04,영등포구,15.6,10.6,19.6,0.0,0.0126,0.0403,0.3,0.0025,23.0,12.0
2024-11-05,영등포구,10.5,7.2,15.3,0.0,0.015,0.0237,0.29,0.0028,26.0,11.0
2024-11-06,영등포구,9.0,6.6,12.8,0.0,0.0179,0.0246,0.35,0.003,26.0,14.0
2024-11-07,영등포구,9.8,5.0,15.0,0.0,0.0322,0.0178,0.42,0.003,38.0,22.0
2024-11-08,영등포구,12.1,6.7,17.8,0.0,0.0422,0.0149,0.49,0.0028,35.0,23.0
2024-11-09,영등포구,14.2,8.8,20.7,0.0,0.0419,0.0159,0.55,0.0028,32.0,21.0
2024-11-10,영등포구,15.4,12.5,20.9,0.0,0.0293,0.0224,0.47,0.0029,23.0,15.0
2024-11-11,영등포구,15.4,11.6,21.3,0.0,0.0399,0.0208,0.57,0.0032,50.0,33.0
2024-11-12,영등포구,15.2,12.7,19.7,0.0,0.0222,0.0312,0.41,0.0032,35.0,24.0
2024-11-13,영등포구,15.7,11.1,21.4,0.0,0.0378,0.0184,0.52,0.0032,39.0,24.0
2024-11-14,영등포구,16.1,14.9,17.5,0.0,0.0382,0.0111,0.5,0.0029,37.0,19.0
2024-11-15,영등포구,17.7,14.8,21.7,0.0,0.0275,0.0195,0.4,0.0027,30.0,18.0
2024-11-16,영등포구,17.7,14.8,23.4,4.5,0.0181,0.0314,0.34,0.0027,23.0,14.0
2024-11-17,영등포구,7.8,3.8,14.7,0.0,0.0072,0.0313,0.27,0.0026,18.0,8.0
2024-11-18,영등포구,4.0,1.4,7.3,0.0,0.0163,0.0228,0.25,0.0025,18.0,7.0
2024-11-19,영등포구,6.8,3.2,10.9,0.0,0.0309,0.0133,0.34,0.0026,23.0,12.0
2024-11-20,영등포구,7.8,4.7,10.4,0.0,0.041,0.0058,0.52,0.0029,39.0,25.0
2024-11-21,영등포구,10.6,7.7,14.2,0.5,0.0333,0.0151,0.58,0.0032,53.0,37.0
2024-11-22,영등포구,7.7,5.5,10.5,0.0,0.02,0.0233,0.36,0.0031,31.0,18.0
2024-11-23,영등포구,8.2,4.0,13.0,0.0,0.0285,0.0146,0.36,0.0025,24.0,14.0
2024-11-24,영등포구,9.1,5.7,13.8,0.0,0.0254,0.0179,0.35,0.0024,16.0,10.0
2024-11-25,영등포구,11.5,6.2,15.8,0.0,0.03,0.0134,0.4,0.0024,23.0,14.0
2024-11-26,영등포구,6.3,1.4,13.3,24.0,0.0127,0.0257,0.28,0.0021,11.0,4.0
2024-11-27,영등포구,0.1,-1.0,2.9,16.0,0.0163,0.0245,0.28,0.0024,10.0,6.0
2024-11-28,영등포구,1.7,0.0,4.6,6.0,0.0177,0.0227,0.35,0.0026,18.0,12.0
2024-11-29,영등포구,1.7,-1.3,4.7,0.0,0.0274,0.0133,0.42,0.0028,30.0,17.0
2024-11-30,영등포구,4.7,1.7,7.0,0.0,0.0331,0.0086,0.55,0.0028,25.0,16.0
2024-12-01,영등포구,6.7,3.3,9.7,0.5,0.0296,0.0064,0.59,0.0025,33.0,24.0
2024-12-02,영등포구,7.9,2.0,13.9,0.0,0.0292,0.0169,0.58,0.003,40.0,26.0
2024-12-03,영등포구,2.0,-0.9,5.1,0.0,0.0165,0.0251,0.29,0.0027,16.0,7.0
2024-12-04,영등포구,3.5,1.1,6.8,0.0,0.0241,0.0202,0.34,0.003,20.0,10.0
2024-12-05,영등포구,4.8,1.9,9.1,2.0,0.0254,0.0203,0.36,0.0028,20.0,10.0
2024-12-06,영등포구,2.8,0.0,6.2,0.0,0.0165,0.0257,0.31,0.0026,23.0,9.0
2024-12-07,영등포구,0.8,-1.0,5.0,0.0,0.0155,0.0252,0.35,0.003,21.0,12.0
2024-12-08,영등포구,0.4,-2.5,4.2,0.0,0.013,0.0271,0.33,0.0026,21.0,12.0
2024-12-09,영등포구,2.3,-1.1,6.6,0.0,0.0327,0.0126,0.47,0.0031,30.0,16.0
2024-12-10,영등포구,3.5,-0.2,7.3,0.0,0.034,0.0146,0.57,0.0031,38.0,26.0
2024-12-11,영등포구,3.4,0.9,7.4,0.0,0.0287,0.0153,0.67,0.004,55.0,39.0
2024-12-12,영등포구,1.5,-1.6,5.1,0.0,0.023,0.0175,0.44,0.0035,34.0,20.0
2024-12-13,영등포구,1.8,-0.2,4.5,0.0,0.0224,0.0214,0.4,0.0031,25.0,16.0
2024-12-14,영등포구,0.3,-2.1,3.1,0.0,0.0173,0.0255,0.4,0.003,26.0,16.0
2024-12-15,영등포구,1.7,-0.6,6.0,0.0,0.0189,0.0258,0.34,0.0028,19.0,10.0
2024-12-16,영등포구,1.1,-0.9,3.6,0.0,0.0351,0.0093,0.46,0.003,26.0,16.0
2024-12-17,영등포구,0.3,-2.9,4.0,0.0,0.0242,0.0181,0.39,0.003,22.0,13.0
2024-12-18,영등포구,-3.0,-5.0,0.0,0.0,0.0172,0.0191,0.39,0.0032,29.0,16.0
2024-12-19,영등포구,-0.7,-4.9,4.0,0.0,0.0356,0.0085,0.56,0.0042,48.0,30.0
2024-12-20,영등포구,2.1,-0.1,5.4,0.0,0.0509,0.0031,0.78,0.0043,54.0,38.0
2024-12-21,영등포구,-0.4,-3.7,2.5,3.0,0.0208,0.0196,0.55,0.0027,46.0,37.0
2024-12-22,영등포구,-2.3,-5.8,1.2,0.0,0.0123,0.0291,0.3,0.0025,18.0,9.0
2024-12-23,영등포구,1.3,-2.4,6.6,0.0,0.0317,0.017,0.55,0.0032,27.0,17.0
2024-12-24,영등포구,0.7,-2.2,4.1,0.0,0.0312,0.0159,0.45,0.003,30.0,18.0
2024-12-25,영등포구,3.3,0.4,7.0,0.0,0.0358,0.0152,0.53,0.0035,28.0,19.0
2024-12-26,영등포구,0.6,-3.9,4.9,0.0,0.0179,0.0259,0.44,0.0029,60.0,34.0
2024-12-27,영등포구,-1.8,-4.3,1.9,0.0,0.0162,0.0275,0.33,0.0027,27.0,13.0
2024-12-28,영등포구,-2.1,-5.2,1.6,0.0,0.014,0.0266,0.33,0.0028,28.0,13.0
2024-12-29,영등포구,2.1,-1.6,5.9,0.0,0.0266,0.019,0.43,0.0029,22.0,13.0
2024-12-30,영등포구,6.5,3.8,10.2,0.0,0.0274,0.024,0.48,0.0029,48.0,30.0
2024-12-31,영등포구,1.5,-0.6,5.9,0.0,0.0169,0.0274,0.37,0.0028,44.0,17.0
2024-01-01,동작구,2.3,-2.5,7.2,0.0,0.0323,0.0129,0.71,0.0025,27.0,20.0
2024-01-02,동작구,2.6,0.3,4.9,0.0,0.0305,0.0179,0.51,0.0024,45.0,33.0
2024-01-03,동작구,2.1,-1.8,5.4,0.5,0.0303,0.0172,0.47,0.0025,45.0,32.0
2024-01-04,동작구,1.4,-4.7,6.0,0.0,0.0347,0.0157,0.58,0.0027,48.0,34.0
2024-01-05,동작구,4.5,-0.7,9.8,0.0,0.0264,0.032,0.65,0.003,84.0,59.0
2024-01-06,동작구,1.0,-4.4,6.1,1.0,0.0219,0.0233,0.36,0.0026,22.0,12.0
2024-01-07,동작구,-3.3,-7.2,-0.2,0.0,0.0116,0.0264,0.38,0.0024,25.0,15.0
2024-01-08,동작구,-4.4,-10.6,0.7,0.0,0.0274,0.0121,0.46,0.0024,23.0,14.0
2024-01-09,동작구,-0.3,-2.3,1.0,2.0,0.0401,0.0037,0.52,0.0025,28.0,19.0
2024-01-10,동작구,-1.4,-5.5,4.2,0.0,0.0398,0.0069,0.7,0.0026,71.0,59.0
2024-01-11,동작구,1.5,-4.8,5.6,0.0,0.0381,0.0107,0.6,0.0028,64.0,52.0
2024-01-12,동작구,0.9,-3.3,5.0,0.0,0.0301,0.0202,0.56,0.003,63.0,43.0
2024-01-13,동작구,-1.5,-6.0,6.7,0.0,0.0334,0.0164,0.45,0.0029,22.0,12.0
2024-01-14,동작구,-0.6,-4.7,5.2,3.0,0.0402,0.0099,0.69,0.0025,34.0,23.0
2024-01-15,동작구,-2.6,-5.8,2.0,0.0,0.0195,0.0242,0.37,0.0028,24.0,10.0
2024-01-16,동작구,-3.6,-8.6,5.1,0.0,0.0423,0.0099,0.62,0.0028,33.0,20.0
2024-01-17,동작구,0.6,-4.4,2.3,10.0,0.0492,0.0014,0.75,0.0028,41.0,32.0
2024-01-18,동작구,4.8,0.7,10.6,0.5,0.033,0.0132,0.53,0.0027,26.0,21.0
2024-01-19,동작구,6.0,4.6,10.1,0.0,0.0202,0.0294,0.37,0.0024,16.0,9.0
2024-01-20,동작구,4.1,2.3,6.0,1.0,0.0155,0.0305,0.29,0.002,6.0,2.0
2024-01-21,동작구,2.6,-1.7,4.9,0.5,0.0178,0.0256,0.35,0.0019,11.0,7.0
2024-01-22,동작구,-7.8,-10.9,-1.7,0.0,0.0118,0.028,0.36,0.002,43.0,22.0
2024-01-23,동작구,-10.6,-12.8,-7.5,0.0,0.0108,0.0283,0.32,0.0024,23.0,14.0
2024-01-24,동작구,-6.8,-10.1,-2.9,0.0,0.0124,0.0285,0.35,0.0022,23.0,12.0
2024-01-25,동작구,-4.3,-10.4,0.5,0.0,0.02,0.0239,0.39,0.0026,21.0,13.0
2024-01-26,동작구,-2.6,-8.5,4.7,0.0,0.0389,0.0142,0.52,0.0025,33.0,22.0
2024-01-27,동작구,-1.4,-7.2,5.2,0.0,0.0365,0.0199,0.64,0.003,51.0,39.0
2024-01-28,동작구,-1.9,-7.2,4.4,0.0,0.0254,0.0261,0.45,0.0025,29.0,21.0
2024-01-29,동작구,-1.6,-7.1,5.4,0.0,0.04,0.0175,0.64,0.0024,44.0,32.0
2024-01-30,동작구,-0.7,-6.3,8.8,0.0,0.0516,0.0094,0.79,0.0026,62.0,47.0
2024-01-31,동작구,3.8,-1.9,11.0,0.0,0.0479,0.0182,0.78,0.0033,58.0,43.0
2024-02-01,동작구,2.5,-2.8,8.3,0.0,0.0339,0.0243,0.82,0.0028,90.0,68.0
2024-02-02,동작구,2.6,-1.9,7.5,0.0,0.034,0.0191,0.55,0.0027,49.0,36.0
2024-02-03,동작구,4.0,-2.9,9.2,0.0,0.0388,0.0119,0.54,0.0025,39.0,29.0
2024-02-04,동작구,6.5,0.2,11.9,0.0,0.0292,0.0194,0.46,0.0026,25.0,19.0
2024-02-05,동작구,3.2,0.7,7.2,4.5,0.0146,0.0332,0.27,0.0018,7.0,3.0
2024-02-06,동작구,2.0,0.2,4.0,0.0,0.0264,0.0223,0.38,0.0018,15.0,10.0
2024-02-07,동작구,1.1,-2.5,3.9,0.0,0.0293,0.0199,0.56,0.0021,37.0,30.0
2024-02-08,동작구,-0.1,-4.8,6.9,0.0,0.0356,0.0188,0.61,0.0023,41.0,34.0
2024-02-09,동작구,0.5,-4.6,6.4,0.0,,,,,,
2024-02-10,동작구,0.8,-3.8,7.6,0.0,,,,,,
2024-02-11,동작구,0.5,-5.8,6.3,0.0,0.0195,0.0377,0.55,0.0024,61.0,48.0
2024-02-12,동작구,2.1,-5.0,11.1,0.0,0.0331,0.027,0.64,0.0027,58.0,42.0
2024-02-13,동작구,7.2,-1.0,15.5,0.0,0.0341,0.0335,0.57,0.0028,71.0,44.0
2024-02-14,동작구,12.7,6.7,18.5,0.0,0.0415,0.0213,0.62,0.0035,44.0,26.0
2024-02-15,동작구,5.2,-0.3,12.2,10.0,0.0175,0.0311,0.35,0.0023,21.0,13.0
2024-02-16,동작구,1.7,-3.4,9.0,0.0,0.0285,0.0198,0.45,0.0022,26.0,17.0
2024-02-17,동작구,3.2,-3.3,11.8,0.0,0.0374,0.0193,0.58,0.0026,43.0,31.0
2024-02-18,동작구,6.0,-1.5,10.4,14.0,0.0361,0.0128,0.58,0.0024,38.0,27.0
2024-02-19,동작구,9.4,4.9,12.5,5.5,0.0306,0.0111,0.53,0.0027,13.0,7.0
2024-02-20,동작구,5.3,3.4,8.5,2.5,0.0246,0.0141,0.49,0.0022,33.0,17.0
2024-02-21,동작구,2.6,0.7,4.9,19.0,0.0165,0.0264,0.31,0.0017,4.0,1.0
2024-02-22,동작구,0.9,-0.6,2.2,10.5,0.0163,0.0295,0.29,0.0015,7.0,3.0
2024-02-23,동작구,2.8,-0.7,6.6,0.0,0.0149,0.033,0.28,0.0015,10.0,4.0
2024-02-24,동작구,2.7,-1.5,7.2,2.0,0.0149,0.0321,0.29,0.0017,14.0,7.0
2024-02-25,동작구,3.2,-0.9,8.2,2.5,0.0167,0.0283,0.34,0.0017,14.0,10.0
2024-02-26,동작구,4.2,-2.7,11.2,0.0,0.0258,0.0222,0.47,0.002,30.0,19.0
2024-02-27,동작구,5.7,0.9,10.7,0.0,0.0198,0.031,0.31,0.0019,18.0,9.0
2024-02-28,동작구,6.7,2.7,10.9,0.0,0.0274,0.0251,0.36,0.0023,32.0,16.0
2024-02-29,동작구,5.0,1.4,10.4,0.0,0.0346,0.0201,0.58,0.0025,55.0,35.0
2024-03-01,동작구,-3.0,-5.7,1.4,0.0,0.0077,0.0401,0.28,0.002,36.0,11.0
2024-03-02,동작구,-0.1,-8.8,4.9,0.0,0.015,0.0362,0.33,0.0022,32.0,13.0
2024-03-03,동작구,4.0,-1.9,9.2,0.0,0.0174,0.0423,0.54,0.0021,114.0,65.0
2024-03-04,동작구,4.9,-3.6,12.9,0.0,0.0407,0.0206,0.6,0.0026,79.0,43.0
2024-03-05,동작구,8.3,4.8,12.1,0.0,0.0328,0.0278,0.44,0.0025,49.0,24.0
2024-03-06,동작구,6.6,0.1,12.0,0.0,0.0208,0.0323,0.34,0.002,14.0,7.0
2024-03-07,동작구,4.9,1.3,9.2,0.0,0.0178,0.0372,0.34,0.0021,29.0,19.0
2024-03-08,동작구,3.2,-2.2,8.2,0.0,0.0142,0.0445,0.38,0.0025,44.0,26.0
2024-03-09,동작구,2.0,-4.1,8.2,0.0,0.0157,0.0374,0.35,0.0023,33.0,19.0
2024-03-10,동작구,3.6,-3.9,11.4,0.0,0.0214,0.0369,0.36,0.0024,27.0,16.0
2024-03-11,동작구,6.1,-0.1,12.3,0.0,0.0356,0.0287,0.42,0.0026,30.0,18.0
2024-03-12,동작구,,,,0.0,0.0365,0.0245,0.45,0.0024,30.0,20.0
2024-03-13,동작구,5.6,-1.7,12.8,0.0,0.0245,0.0426,0.43,0.0028,40.0,26.0
2024-03-14,동작구,,,,0.0,0.0262,0.0494,0.43,0.0028,56.0,38.0
2024-03-15,동작구,7.7,0.8,15.0,0.0,0.0246,0.045,0.39,0.0028,43.0,30.0
2024-03-16,동작구,10.7,1.7,19.8,0.0,0.0296,0.0395,0.42,0.0027,45.0,29.0
2024-03-17,동작구,9.1,4.2,12.9,0.0,0.0114,0.0474,0.3,0.0023,89.0,21.0
2024-03-18,동작구,6.8,-1.1,14.4,0.0,0.0226,0.0318,0.32,0.0023,19.0,8.0
2024-03-19,동작구,7.6,4.4,11.6,0.0,0.0172,0.0439,0.36,0.0024,45.0,26.0
2024-03-20,동작구,5.5,2.5,9.6,0.0,0.0129,0.0437,0.32,0.0021,38.0,25.0
2024-03-21,동작구,4.5,-2.4,12.1,0.0,0.0229,0.0414,0.37,0.0026,32.0,21.0
2024-03-22,동작구,,1.2,17.0,4.5,0.0241,0.041,0.37,0.0027,38.0,18.0
2024-03-23,동작구,12.7,,,0.0,0.016,0.0552,0.37,0.002,58.0,27.0
2024-03-24,동작구,14.8,6.8,24.5,0.0,0.0246,0.036,0.44,0.0021,31.0,15.0
2024-03-25,동작구,,,,3.5,0.0173,0.0368,0.31,0.0019,20.0,9.0
2024-03-26,동작구,8.0,3.6,13.7,13.0,0.0155,0.0388,0.28,0.0018,6.0,3.0
2024-03-27,동작구,10.4,3.5,17.5,0.0,0.0265,0.0301,0.4,0.0024,26.0,17.0
2024-03-28,동작구,10.7,8.4,12.7,1.5,0.0242,0.0288,0.39,0.0024,17.0,11.0
2024-03-29,동작구,8.2,2.5,13.5,1.0,0.0183,0.0368,0.39,0.002,219.0,41.0
2024-03-30,동작구,8.7,0.8,16.9,0.0,0.0256,0.0337,0.41,0.0022,85.0,21.0
2024-03-31,동작구,10.5,1.1,18.2,0.0,0.0166,0.0396,0.36,0.0023,36.0,11.0
2024-04-01,동작구,11.4,3.2,19.8,0.0,0.027,0.0347,0.4,0.0025,38.0,13.0
2024-04-02,동작구,13.9,4.6,24.7,0.0,0.0415,0.0296,0.51,0.0028,43.0,19.0
2024-04-03,동작구,15.4,11.2,19.0,0.0,0.037,0.0265,0.46,0.0027,37.0,19.0
2024-04-04,동작구,15.5,10.5,21.7,0.0,0.0176,0.0432,0.34,0.0023,28.0,14.0
2024-04-05,동작구,14.0,8.1,19.7,0.0,0.0141,0.0542,0.32,0.0024,37.0,20.0
2024-04-06,동작구,11.8,5.5,19.6,0.0,0.025,0.0465,0.45,0.0027,53.0,34.0
2024-04-07,동작구,13.8,5.2,24.5,0.0,0.024,0.056,0.45,0.0028,45.0,28.0
2024-04-08,동작구,15.6,8.5,23.3,0.0,0.0418,0.0351,0.53,0.003,51.0,28.0
2024-04-09,동작구,14.7,9.5,21.7,0.0,0.0172,0.0469,0.35,0.0023,39.0,20.0
2024-04-10,동작구,13.5,7.4,18.9,0.0,0.011,0.0525,0.3,0.0021,40.0,18.0
2024-04-11,동작구,15.4,11.2,22.1,0.0,0.0247,0.0421,0.4,0.0025,47.0,20.0
2024-04-12,동작구,16.1,9.6,25.0,0.0,0.0258,0.0433,0.38,0.0028,41.0,20.0
2024-04-13,동작구,18.0,9.2,27.8,0.0,0.0194,0.0448,0.33,0.0023,35.0,16.0
2024-04-14,동작구,19.5,10.5,29.6,0.0,0.0192,0.0523,0.4,0.0032,38.0,20.0
2024-04-15,동작구,15.5,11.9,20.7,15.5,0.0155,0.0396,0.31,0.0026,26.0,11.0
2024-04-16,동작구,13.7,9.8,18.6,2.5,0.0156,0.0493,0.42,0.0024,75.0,23.0
2024-04-17,동작구,14.7,8.9,23.1,0.0,0.0231,0.0312,0.46,0.0024,142.0,37.0
2024-04-18,동작구,16.7,8.8,26.1,0.0,0.028,0.0367,0.43,0.0029,120.0,24.0
2024-04-19,동작구,16.9,9.3,25.2,0.0,0.0231,0.0701,0.42,0.0037,84.0,24.0
2024-04-20,동작구,14.9,13.5,18.5,4.5,0.0206,0.0476,0.44,0.0025,59.0,25.0
2024-04-21,동작구,18.1,13.8,23.5,0.0,0.0077,0.0484,0.27,0.0019,14.0,5.0
2024-04-22,동작구,19.2,15.0,25.1,0.0,0.0122,0.0548,0.28,0.0019,30.0,15.0
2024-04-23,동작구,17.5,11.0,24.4,0.0,0.0129,0.05,0.27,0.0018,22.0,11.0
2024-04-24,동작구,13.6,11.0,17.8,14.0,0.0122,0.0368,0.26,0.0018,11.0,6.0
2024-04-25,동작구,14.4,10.7,22.0,0.0,0.0172,0.0544,0.39,0.002,30.0,19.0
2024-04-26,동작구,17.3,10.1,26.9,0.0,0.0315,0.0392,0.54,0.0026,59.0,29.0
2024-04-27,동작구,17.5,9.2,27.2,0.0,0.0206,0.0538,0.44,0.003,44.0,20.0
2024-04-28,동작구,19.5,10.3,29.7,0.0,0.0206,0.0573,0.43,0.0026,31.0,16.0
2024-04-29,동작구,21.0,16.4,27.6,0.0,0.0153,0.0557,0.33,0.0022,38.0,17.0
2024-04-30,동작구,18.2,14.5,22.5,0.0,0.0171,0.0499,0.41,0.0031,49.0,27.0
2024-05-01,동작구,18.1,13.6,25.1,0.0,0.0115,0.0515,0.3,0.0021,25.0,14.0
2024-05-02,동작구,17.4,10.5,24.5,0.0,0.0196,0.0473,0.34,0.0026,33.0,18.0
2024-05-03,동작구,18.3,9.6,29.0,0.0,0.0231,0.0583,0.37,0.0031,40.0,22.0
2024-05-04,동작구,20.6,11.9,29.4,0.0,0.0233,0.0715,0.46,0.0034,48.0,29.0
2024-05-05,동작구,18.1,16.3,20.9,38.5,0.0103,0.0296,0.3,0.0022,21.0,12.0
2024-05-06,동작구,14.5,13.5,16.4,12.0,0.0079,0.0459,0.29,0.0019,11.0,6.0
2024-05-07,동작구,14.0,12.7,16.3,2.0,0.0122,0.0344,0.32,0.0018,21.0,13.0
2024-05-08,동작구,14.9,7.5,23.2,0.0,0.0129,0.0399,0.25,0.0018,18.0,8.0
2024-05-09,동작구,16.0,8.8,23.4,0.0,0.0162,0.0494,0.31,0.0024,25.0,14.0
2024-05-10,동작구,17.0,10.7,26.0,0.0,0.0145,0.0553,0.32,0.0026,27.0,14.0
2024-05-11,동작구,17.3,11.5,23.8,26.5,0.0095,0.0434,0.26,0.0021,18.0,7.0
2024-05-12,동작구,16.8,10.2,22.7,0.0,0.0093,0.0444,0.27,0.0021,68.0,11.0
2024-05-13,동작구,17.9,9.9,25.8,0.0,0.0174,0.0474,0.34,0.0022,28.0,13.0
2024-05-14,동작구,18.0,10.6,25.5,0.0,0.0162,0.0569,0.3,0.0026,23.0,12.0
2024-05-15,동작구,12.5,8.1,19.9,20.0,0.0129,0.0471,0.28,0.0024,23.0,7.0
2024-05-16,동작구,13.7,7.2,20.7,0.5,0.0106,0.0455,0.25,0.0023,14.0,5.0
2024-05-17,동작구,18.1,9.4,26.3,0.0,0.0164,0.0615,0.4,0.0029,39.0,17.0
2024-05-18,동작구,19.9,13.1,27.3,0.0,0.0147,0.0417,0.35,0.0025,24.0,11.0
2024-05-19,동작구,21.4,14.6,28.9,0.0,0.0123,0.0448,0.29,0.0024,25.0,12.0
2024-05-20,동작구,19.8,15.9,24.2,0.0,0.0118,0.0332,0.25,0.0026,28.0,14.0
2024-05-21,동작구,21.7,16.1,30.0,0.0,0.0149,0.0464,0.31,0.0021,40.0,24.0
2024-05-22,동작구,20.3,15.7,27.4,0.0,0.0167,0.0469,0.35,0.0027,52.0,34.0
2024-05-23,동작구,20.6,15.2,27.3,0.0,0.0178,0.0409,0.28,0.0027,29.0,17.0
2024-05-24,동작구,20.4,15.5,25.0,0.0,0.0154,0.0359,0.29,0.0022,40.0,27.0
2024-05-25,동작구,21.4,17.9,25.1,0.0,0.0148,0.0401,0.29,0.0022,35.0,18.0
2024-05-26,동작구,19.9,16.3,24.7,6.5,0.0085,0.0444,0.27,0.0021,25.0,13.0
2024-05-27,동작구,19.2,13.9,24.7,0.0,0.0089,0.042,0.43,0.0021,29.0,13.0
2024-05-28,동작구,19.8,13.0,27.9,0.0,0.0101,0.0427,0.24,0.002,13.0,4.0
2024-05-29,동작구,20.8,13.4,28.6,0.0,0.0166,0.0426,0.31,0.0024,24.0,12.0
2024-05-30,동작구,20.6,14.7,25.8,0.0,0.0298,0.0403,0.39,0.0028,26.0,14.0
2024-05-31,동작구,20.3,14.2,26.6,0.0,0.0139,0.0571,0.29,0.0026,24.0,13.0
2024-06-01,동작구,20.7,17.4,26.2,0.0,0.0085,0.0518,0.27,0.0021,30.0,15.0
2024-06-02,동작구,20.0,14.0,27.7,0.0,0.0083,0.0571,0.26,0.0023,22.0,11.0
2024-06-03,동작구,21.8,14.1,29.9,0.0,0.0128,0.0434,0.26,0.002,17.0,8.0
2024-06-04,동작구,22.1,13.8,30.2,0.0,0.0169,0.0429,0.26,0.0022,20.0,9.0
2024-06-05,동작구,22.8,16.0,31.0,0.0,0.0232,0.058,0.35,0.0028,39.0,21.0
2024-06-06,동작구,23.6,18.0,32.0,0.0,0.0176,0.0634,0.35,0.0027,41.0,27.0
2024-06-07,동작구,22.9,16.5,29.2,0.0,0.0173,0.0633,0.3,0.0027,31.0,18.0
2024-06-08,동작구,20.0,17.5,25.7,21.0,0.0118,0.0392,0.29,0.0021,26.0,19.0
2024-06-09,동작구,22.7,16.6,29.9,0.0,0.0105,0.0553,0.33,0.0025,28.0,18.0
2024-06-10,동작구,24.7,17.6,32.1,0.0,0.0137,0.0706,0.41,0.0026,46.0,28.0
2024-06-11,동작구,25.3,19.5,32.2,0.0,0.011,0.0868,0.44,0.0024,65.0,42.0
2024-06-12,동작구,24.8,17.2,32.9,0.0,0.0153,0.07,0.31,0.003,30.0,15.0
2024-06-13,동작구,25.5,18.7,33.7,0.0,0.0203,0.0528,0.32,0.0032,32.0,17.0
2024-06-14,동작구,26.1,19.3,34.1,0.0,0.0224,0.0499,0.34,0.004,35.0,21.0
2024-06-15,동작구,23.9,20.7,28.6,8.0,0.0123,0.0329,0.25,0.003,25.0,18.0
2024-06-16,동작구,24.1,18.4,30.2,0.0,0.0088,0.054,0.28,0.0026,23.0,14.0
2024-06-17,동작구,24.0,16.3,31.2,0.0,0.0165,0.0581,0.3,0.0028,22.0,12.0
2024-06-18,동작구,25.2,18.1,33.0,0.0,0.0143,0.0576,0.28,0.0028,24.0,13.0
2024-06-19,동작구,27.8,19.3,35.8,0.0,0.0179,0.0963,0.36,0.0034,42.0,26.0
2024-06-20,동작구,27.5,20.4,35.5,0.0,0.0173,0.0877,0.38,0.0038,40.0,26.0
2024-06-21,동작구,27.1,20.6,34.3,0.0,0.0195,0.0693,0.34,0.0042,35.0,21.0
2024-06-22,동작구,23.8,22.4,26.4,21.0,0.0168,0.037,0.41,0.0031,29.0,21.0
2024-06-23,동작구,25.2,22.3,30.6,5.5,0.0065,0.0384,0.28,0.0023,16.0,9.0
2024-06-24,동작구,24.3,19.9,29.1,0.5,0.0086,0.06,0.32,0.0022,56.0,21.0
2024-06-25,동작구,22.8,18.7,27.7,0.0,0.0092,0.0521,0.25,0.0023,20.0,8.0
2024-06-26,동작구,24.2,17.3,31.4,0.0,0.0163,0.0547,0.29,0.0025,26.0,14.0
2024-06-27,동작구,25.1,18.5,31.3,0.0,0.0175,0.0564,0.3,0.0024,27.0,14.0
2024-06-28,동작구,25.6,19.1,32.5,0.0,0.0228,0.0775,0.4,0.0032,42.0,28.0
2024-06-29,동작구,26.3,20.1,33.0,32.0,0.0136,0.0556,0.33,0.0027,31.0,21.0
2024-06-30,동작구,24.2,22.0,27.5,28.5,0.0051,0.0396,0.25,0.002,20.0,12.0
2024-07-01,동작구,26.4,21.5,32.9,0.0,0.0122,0.0633,0.3,0.0021,27.0,17.0
2024-07-02,동작구,23.7,22.1,25.2,55.5,0.018,0.0244,0.33,0.002,19.0,11.0
2024-07-03,동작구,25.6,24.0,28.2,1.0,0.0077,0.0553,0.36,0.0023,28.0,17.0
2024-07-04,동작구,27.5,23.5,31.8,4.0,0.009,0.0722,0.42,0.0023,40.0,31.0
2024-07-05,동작구,24.0,21.8,28.4,6.0,0.009,0.0627,0.35,0.0021,18.0,11.0
2024-07-06,동작구,25.9,22.1,31.9,7.0,0.0097,0.0408,0.32,0.0021,29.0,17.0
2024-07-07,동작구,24.5,20.9,29.2,18.5,0.0082,0.0516,0.35,0.002,23.0,14.0
2024-07-08,동작구,24.3,23.1,25.7,15.5,0.0119,0.0338,0.26,0.002,12.0,6.0
2024-07-09,동작구,24.7,22.4,27.2,2.0,0.0138,0.0295,0.27,0.0021,16.0,9.0
2024-07-10,동작구,26.6,22.1,33.1,6.0,0.0129,0.0398,0.26,0.0021,14.0,6.0
2024-07-11,동작구,25.5,22.4,29.7,0.0,0.0161,0.0408,0.4,0.0025,37.0,26.0
2024-07-12,동작구,25.6,21.3,31.4,0.0,0.0184,0.0453,0.45,0.0025,39.0,27.0
2024-07-13,동작구,27.9,22.5,34.3,0.0,0.0145,0.057,0.5,0.0024,50.0,39.0
2024-07-14,동작구,28.6,24.3,33.7,0.0,0.0087,0.0469,0.33,0.0023,31.0,25.0
2024-07-15,동작구,28.7,23.5,34.9,0.0,0.0103,0.0466,0.25,0.002,12.0,7.0
2024-07-16,동작구,27.1,24.0,31.1,13.5,0.011,0.0345,0.26,0.0021,14.0,8.0
2024-07-17,동작구,26.3,24.0,30.6,24.0,0.0068,0.0162,0.21,0.0021,13.0,5.0
2024-07-18,동작구,24.9,23.5,27.2,129.5,0.0129,0.0217,0.23,0.0021,9.0,4.0
2024-07-19,동작구,27.5,24.1,32.5,0.0,0.0101,0.0456,0.3,0.0022,23.0,17.0
2024-07-20,동작구,27.6,24.3,32.0,19.0,0.0092,0.0388,0.26,0.002,17.0,11.0
2024-07-21,동작구,27.6,23.4,32.4,6.0,0.006,0.0482,0.23,0.0021,21.0,11.0
2024-07-22,동작구,27.4,25.1,29.2,40.5,0.0074,0.0135,0.19,0.002,15.0,7.0
2024-07-23,동작구,27.3,25.3,29.0,2.5,0.0068,0.0168,0.17,0.0019,12.0,5.0
2024-07-24,동작구,28.4,25.7,32.5,13.5,0.0086,0.0167,0.18,0.0021,14.0,7.0
2024-07-25,동작구,29.1,25.2,35.1,20.5,0.0105,0.0241,0.14,0.0022,21.0,10.0
2024-07-26,동작구,28.6,24.8,34.8,8.5,0.0127,0.0192,0.13,0.0021,16.0,9.0
2024-07-27,동작구,28.8,26.4,33.3,11.0,0.0083,0.0173,0.13,0.0019,17.0,8.0
2024-07-28,동작구,29.7,26.4,34.4,0.0,0.0056,0.0147,0.12,0.002,18.0,7.0
2024-07-29,동작구,28.2,27.5,29.1,0.0,0.0062,0.0142,0.1,0.002,18.0,5.0
2024-07-30,동작구,29.1,27.0,33.4,0.0,,,,,,
2024-07-31,동작구,29.8,26.6,34.8,0.0,0.0076,0.0258,0.18,0.0029,16.0,7.0
2024-08-01,동작구,30.3,27.7,34.7,0.0,0.0062,0.0237,0.21,0.0024,20.0,10.0
2024-08-02,동작구,30.3,28.4,34.5,0.0,0.0066,0.0367,0.25,0.0021,28.0,15.0
2024-08-03,동작구,30.8,27.1,35.4,0.0,0.0082,0.0576,0.31,0.0021,30.0,22.0
2024-08-04,동작구,31.0,25.9,37.4,0.0,0.0114,0.053,0.38,0.0023,29.0,21.0
2024-08-05,동작구,29.4,26.1,34.5,17.0,0.0134,0.0434,0.36,0.0023,32.0,23.0
2024-08-06,동작구,28.6,24.9,35.0,1.5,0.0148,0.0379,0.29,0.0023,17.0,10.0
2024-08-07,동작구,29.0,24.3,34.5,26.0,0.0152,0.0306,0.28,0.0026,20.0,12.0
2024-08-08,동작구,28.1,25.5,32.9,0.0,0.0132,0.0311,0.24,0.0022,20.0,13.0
2024-08-09,동작구,28.2,24.3,34.9,0.0,0.0183,0.046,0.32,0.0025,31.0,21.0
2024-08-10,동작구,29.7,25.1,35.3,0.0,0.015,0.0472,0.36,0.0026,34.0,24.0
2024-08-11,동작구,29.9,25.7,35.5,0.0,0.0099,0.0469,0.31,0.0025,29.0,22.0
2024-08-12,동작구,30.7,26.5,35.0,0.0,0.0138,0.0467,0.28,0.0024,26.0,18.0
2024-08-13,동작구,29.9,26.8,37.5,14.0,0.0143,0.0448,0.3,0.0023,27.0,18.0
2024-08-14,동작구,29.9,26.6,37.1,0.0,0.0155,0.0499,0.31,0.0024,24.0,17.0
2024-08-15,동작구,29.6,25.4,36.3,0.5,0.0116,0.0544,0.3,0.0023,23.0,17.0
2024-08-16,동작구,29.7,26.3,36.4,0.0,0.0142,0.0487,0.3,0.0023,24.0,16.0
2024-08-17,동작구,28.7,25.9,35.9,3.0,0.0124,0.0519,0.3,0.0023,22.0,16.0
2024-08-18,동작구,29.6,26.0,35.7,0.0,0.0093,0.05,0.31,0.0022,21.0,16.0
2024-08-19,동작구,29.9,25.8,36.8,0.0,0.0132,0.0558,0.35,0.0023,25.0,17.0
2024-08-20,동작구,31.7,26.2,36.5,0.0,0.0139,0.0436,0.31,0.0024,26.0,18.0
2024-08-21,동작구,28.5,26.8,32.0,30.0,0.0085,0.0201,0.21,0.0021,13.0,6.0
2024-08-22,동작구,28.9,26.7,32.1,2.0,0.0081,0.0236,0.21,0.0021,17.0,6.0
2024-08-23,동작구,28.5,25.0,33.1,0.0,0.0093,0.0685,0.34,0.0022,28.0,20.0
2024-08-24,동작구,27.5,24.5,33.2,1.0,0.0118,0.0601,0.43,0.0022,39.0,29.0
2024-08-25,동작구,27.5,23.9,33.0,1.0,0.012,0.0535,0.45,0.0022,38.0,28.0
2024-08-26,동작구,27.3,24.7,33.4,0.5,0.0209,0.0367,0.49,0.0023,40.0,29.0
2024-08-27,동작구,26.4,23.7,32.1,0.0,0.0188,0.0257,0.37,0.0024,23.0,14.0
2024-08-28,동작구,28.4,21.7,35.1,0.0,0.012,0.0422,0.28,0.0022,15.0,9.0
2024-08-29,동작구,29.1,22.7,35.0,0.0,0.0084,0.0452,0.24,0.0021,11.0,5.0
2024-08-30,동작구,28.1,22.6,34.1,0.0,0.0119,0.0405,0.27,0.0022,14.0,7.0
2024-08-31,동작구,27.2,21.8,34.2,0.0,0.0108,0.0632,0.37,0.0027,37.0,21.0
2024-09-01,동작구,26.7,23.0,32.4,0.0,0.0097,0.0523,0.4,0.0031,30.0,22.0
2024-09-02,동작구,24.8,21.2,28.1,1.5,0.0184,0.03,0.37,0.0025,21.0,13.0
2024-09-03,동작구,26.8,22.8,33.2,0.0,0.0116,0.045,0.27,0.0022,13.0,5.0
2024-09-04,동작구,27.8,22.2,33.6,0.0,0.0151,0.0501,0.3,0.0024,19.0,10.0
2024-09-05,동작구,26.1,24.0,29.7,15.5,0.0113,0.0434,0.3,0.0025,23.0,13.0
2024-09-06,동작구,23.7,21.5,25.8,3.5,0.0167,0.0223,0.35,0.0021,17.0,9.0
2024-09-07,동작구,26.0,21.5,32.6,0.0,0.0127,0.0452,0.34,0.0023,21.0,12.0
2024-09-08,동작구,26.7,21.9,33.1,0.0,0.0118,0.0626,0.44,0.0023,31.0,22.0
2024-09-09,동작구,27.6,22.9,33.7,0.0,0.0172,0.0487,0.42,0.0024,30.0,20.0
2024-09-10,동작구,28.5,24.2,34.1,0.0,0.0187,0.0504,0.41,0.0025,30.0,21.0
2024-09-11,동작구,27.8,24.1,36.2,1.0,0.0214,0.048,0.41,0.0024,32.0,23.0
2024-09-12,동작구,25.4,24.7,27.1,38.5,0.0188,0.0096,0.33,0.0023,11.0,6.0
2024-09-13,동작구,26.2,24.4,29.4,12.0,0.0127,0.0111,0.26,0.0023,16.0,8.0
2024-09-14,동작구,28.0,25.3,33.7,0.0,0.0087,0.0262,0.24,0.0022,12.0,7.0
2024-09-15,동작구,27.8,24.6,33.7,0.0,0.0086,0.0227,0.28,0.0021,15.0,8.0
2024-09-16,동작구,26.7,21.1,34.6,12.5,0.0083,0.0358,0.26,0.002,7.0,3.0
2024-09-17,동작구,28.7,25.3,34.5,0.0,0.0108,0.0251,0.29,0.0021,14.0,7.0
2024-09-18,동작구,29.0,25.9,34.0,0.0,0.011,0.0263,0.3,0.0022,19.0,12.0
2024-09-19,동작구,28.7,25.2,33.9,0.0,0.015,0.0326,0.28,0.0024,20.0,12.0
2024-09-20,동작구,25.2,18.1,29.0,55.0,0.0134,0.0134,0.26,0.0022,13.0,8.0
2024-09-21,동작구,20.1,17.6,23.4,19.0,0.0076,0.0338,0.23,0.002,4.0,1.0
2024-09-22,동작구,21.9,16.3,28.1,0.0,0.0065,0.0297,0.22,0.0019,5.0,1.0
2024-09-23,동작구,20.8,16.6,27.5,0.0,0.0108,0.0322,0.24,0.0019,9.0,3.0
2024-09-24,동작구,20.0,13.7,28.1,0.0,0.0154,0.0385,0.27,0.002,14.0,6.0
2024-09-25,동작구,22.8,16.9,29.1,0.0,0.0209,0.0257,0.31,0.0023,16.0,8.0
2024-09-26,동작구,23.5,19.9,29.0,0.0,0.0214,0.035,0.35,0.0025,21.0,12.0
2024-09-27,동작구,23.4,18.4,30.5,0.0,0.0139,0.0338,0.3,0.0023,18.0,10.0
2024-09-28,동작구,23.5,19.5,29.8,0.0,0.0098,0.0414,0.27,0.0022,14.0,6.0
2024-09-29,동작구,23.0,18.0,30.7,0.0,0.0084,0.0388,0.25,0.002,9.0,5.0
2024-09-30,동작구,22.5,16.5,29.7,0.0,0.0165,0.0407,0.28,0.0024,16.0,7.0
2024-10-01,동작구,18.4,12.2,21.3,1.5,0.0108,0.0359,0.27,0.0022,15.0,7.0
2024-10-02,동작구,14.8,10.4,20.9,0.0,0.009,0.0357,0.27,0.0021,14.0,7.0
2024-10-03,동작구,15.2,9.1,22.8,0.0,0.015,0.0266,0.29,0.002,15.0,7.0
2024-10-04,동작구,16.3,10.6,25.5,0.0,0.019,0.0225,0.32,0.0022,17.0,8.0
2024-10-05,동작구,16.3,10.3,25.9,0.0,0.0197,0.0329,0.35,0.0023,22.0,12.0
2024-10-06,동작구,15.2,11.1,18.8,0.0,0.0238,0.014,0.43,0.0024,26.0,17.0
2024-10-07,동작구,16.7,13.7,21.6,0.0,0.021,0.0302,0.47,0.0026,38.0,23.0
2024-10-08,동작구,17.1,11.7,25.4,0.0,0.02,0.0223,0.47,0.0027,37.0,23.0
2024-10-09,동작구,17.9,12.0,25.8,0.0,0.0156,0.0291,0.31,0.0022,14.0,7.0
2024-10-10,동작구,18.6,14.5,25.0,0.0,0.0158,0.0356,0.31,0.0024,20.0,11.0
2024-10-11,동작구,17.6,12.8,25.3,0.0,0.0216,0.0368,0.42,0.003,37.0,22.0
2024-10-12,동작구,17.0,11.6,26.0,0.0,0.0209,0.0382,0.43,0.0032,37.0,23.0
2024-10-13,동작구,17.3,10.9,23.6,0.0,0.0195,0.0277,0.42,0.0044,28.0,18.0
2024-10-14,동작구,19.1,15.6,22.6,0.0,0.0238,0.0175,0.33,0.0042,19.0,10.0
2024-10-15,동작구,19.2,16.4,22.9,1.0,0.0222,0.0138,0.35,0.0026,19.0,12.0
2024-10-16,동작구,17.2,13.3,25.0,0.0,0.0225,0.0221,0.47,0.0027,34.0,22.0
2024-10-17,동작구,18.0,12.7,27.3,0.0,0.0284,0.0229,0.46,0.0027,36.0,21.0
2024-10-18,동작구,18.1,15.7,19.6,38.5,0.0217,0.0144,0.37,0.0026,22.0,11.0
2024-10-19,동작구,17.5,13.6,23.5,0.5,0.0088,0.0308,0.28,0.0022,8.0,4.0
2024-10-20,동작구,14.4,10.4,19.4,0.0,0.007,0.0328,0.21,0.002,12.0,4.0
2024-10-21,동작구,14.5,8.0,20.2,0.0,0.0215,0.0167,0.3,0.0021,16.0,6.0
2024-10-22,동작구,15.9,14.5,17.2,17.5,0.0244,0.0068,0.4,0.0023,12.0,6.0
2024-10-23,동작구,13.6,8.4,16.4,2.5,0.0093,0.0353,0.31,0.0022,14.0,6.0
2024-10-24,동작구,11.9,6.0,19.6,0.0,0.0198,0.0265,0.41,0.0023,25.0,14.0
2024-10-25,동작구,13.7,7.5,22.7,0.0,0.0312,0.0134,0.48,0.0025,26.0,15.0
2024-10-26,동작구,15.5,9.0,25.0,0.0,0.0243,0.0176,0.41,0.0026,20.0,10.0
2024-10-27,동작구,15.6,12.4,19.9,0.0,0.0163,0.0286,0.36,0.0026,25.0,14.0
2024-10-28,동작구,16.4,11.3,21.3,0.0,0.0188,0.0194,0.47,0.0024,35.0,22.0
2024-10-29,동작구,15.1,11.5,20.3,0.0,0.0206,0.0223,0.33,0.0023,17.0,7.0
2024-10-30,동작구,14.5,9.3,22.1,0.0,0.0265,0.0241,0.48,0.0028,27.0,15.0
2024-10-31,동작구,14.5,9.0,23.1,0.0,0.0308,0.0213,0.5,0.0027,34.0,20.0
2024-11-01,동작구,14.7,11.4,19.9,0.0,0.0454,0.0084,0.63,0.003,38.0,23.0
2024-11-02,동작구,16.4,9.7,25.9,0.0,0.0257,0.0228,0.49,0.003,33.0,21.0
2024-11-03,동작구,16.9,10.1,23.9,0.0,0.0143,0.0345,0.35,0.0027,25.0,14.0
2024-11-04,동작구,15.4,10.1,19.3,0.0,0.0106,0.0413,0.29,0.0025,25.0,13.0
2024-11-05,동작구,9.7,4.7,15.4,0.0,0.0145,0.0245,0.31,0.0028,27.0,11.0
2024-11-06,동작구,7.1,2.1,13.3,0.0,0.0159,0.0265,0.36,0.0029,27.0,14.0
2024-11-07,동작구,6.4,0.4,16.2,0.0,0.036,0.0125,0.49,0.0028,41.0,24.0
2024-11-08,동작구,8.5,1.3,18.8,0.0,0.0397,0.0157,0.51,0.0027,35.0,22.0
2024-11-09,동작구,11.2,4.6,21.2,0.0,0.0387,0.0173,0.52,0.0027,28.0,17.0
2024-11-10,동작구,12.7,8.6,21.4,0.0,0.03,0.0199,0.48,0.0026,25.0,16.0
2024-11-11,동작구,13.0,7.3,22.2,0.0,0.0368,0.0242,0.6,0.0031,53.0,32.0
2024-11-12,동작구,13.5,8.3,19.7,0.0,0.0212,0.0313,0.42,0.0029,38.0,23.0
2024-11-13,동작구,12.5,6.1,21.2,0.0,0.0337,0.0186,0.54,0.0028,36.0,21.0
2024-11-14,동작구,14.4,10.8,17.8,0.0,0.0351,0.0126,0.48,0.0028,34.0,18.0
2024-11-15,동작구,16.3,12.4,22.3,0.0,0.03,0.0131,0.43,0.0026,27.0,16.0
2024-11-16,동작구,17.3,12.3,22.8,5.5,0.0159,0.0327,0.33,0.0025,21.0,13.0
2024-11-17,동작구,8.0,3.7,15.3,0.0,0.007,0.031,0.29,0.0025,20.0,11.0
2024-11-18,동작구,3.2,-1.0,8.3,0.0,0.0149,0.0236,0.28,0.0023,18.0,9.0
2024-11-19,동작구,4.2,-1.8,12.0,0.0,0.0335,0.0107,0.39,0.0024,24.0,13.0
2024-11-20,동작구,5.7,0.3,10.9,0.0,0.0392,0.0066,0.53,0.0026,37.0,23.0
2024-11-21,동작구,8.9,4.1,14.7,3.0,0.0309,0.0144,0.56,0.0028,55.0,35.0
2024-11-22,동작구,6.1,0.4,11.4,0.0,0.0191,0.0248,0.39,0.003,34.0,20.0
2024-11-23,동작구,4.4,-1.0,13.3,0.0,0.0326,0.013,0.48,0.0025,23.0,14.0
2024-11-24,동작구,5.6,0.2,14.8,0.0,0.0316,0.0123,0.46,0.0024,18.0,11.0
2024-11-25,동작구,9.9,0.6,16.4,0.0,0.029,0.0164,0.42,0.0025,24.0,14.0
2024-11-26,동작구,6.7,1.8,13.8,24.0,0.0116,0.0281,0.27,0.0021,10.0,5.0
2024-11-27,동작구,0.1,-1.6,3.6,13.0,0.015,0.0245,0.29,0.0017,9.0,6.0
2024-11-28,동작구,1.2,-3.1,4.6,3.0,0.0178,0.0217,0.35,0.0018,16.0,11.0
2024-11-29,동작구,-0.1,-6.2,5.0,0.0,0.0287,0.0125,0.44,0.0022,30.0,18.0
2024-11-30,동작구,1.8,-3.5,6.9,0.0,0.0356,0.008,0.55,0.0024,23.0,14.0
2024-12-01,동작구,4.4,-1.0,10.2,0.5,0.0334,0.0059,0.63,0.0025,37.0,24.0
2024-12-02,동작구,6.7,1.9,14.0,0.0,0.0331,0.0138,0.63,0.0027,41.0,25.0
2024-12-03,동작구,2.0,-1.3,5.8,0.0,0.0171,0.0252,0.3,0.0023,17.0,9.0
2024-12-04,동작구,1.9,-3.1,7.5,0.0,0.0243,0.021,0.36,0.0026,21.0,12.0
2024-12-05,동작구,2.7,-2.8,8.9,1.0,0.0278,0.0198,0.42,0.0024,22.0,12.0
2024-12-06,동작구,2.3,-1.6,5.7,0.0,0.0151,0.0284,0.31,0.0024,24.0,11.0
2024-12-07,동작구,0.1,-4.7,5.0,0.0,0.0174,0.024,0.36,0.0023,26.0,15.0
2024-12-08,동작구,-0.8,-4.0,4.3,0.0,0.0147,0.0261,0.35,0.0022,24.0,14.0
2024-12-09,동작구,-0.6,-6.0,7.6,0.0,0.0353,0.011,0.49,0.0026,31.0,18.0
2024-12-10,동작구,1.1,-4.8,8.3,0.0,0.038,0.0117,0.59,0.0027,40.0,28.0
2024-12-11,동작구,1.7,-2.2,8.4,0.0,0.0398,0.0105,0.75,0.0037,61.0,42.0
2024-12-12,동작구,-0.4,-6.1,4.9,0.0,0.0283,0.0143,0.48,0.0033,38.0,23.0
2024-12-13,동작구,1.1,-2.3,4.9,0.0,0.0224,0.0215,0.39,0.0028,26.0,16.0
2024-12-14,동작구,-0.9,-4.1,3.0,0.0,0.0178,0.0245,0.4,0.0025,30.0,18.0
2024-12-15,동작구,1.4,-4.0,6.4,0.0,0.0166,0.0281,0.32,0.0025,20.0,11.0
2024-12-16,동작구,-0.9,-5.8,4.3,0.0,0.0341,0.0097,0.48,0.0025,27.0,17.0
2024-12-17,동작구,-0.8,-6.1,4.1,0.0,0.0261,0.0163,0.4,0.0026,25.0,15.0
2024-12-18,동작구,-3.1,-6.1,0.8,0.0,0.0172,0.0179,0.39,0.0028,32.0,18.0
2024-12-19,동작구,-3.3,-8.7,4.7,0.0,0.0424,0.0045,0.7,0.0035,59.0,36.0
2024-12-20,동작구,0.9,-4.2,5.4,0.0,0.0491,0.0026,0.71,0.0039,58.0,40.0
2024-12-21,동작구,-0.3,-3.4,2.6,1.5,0.0206,0.0194,0.56,0.0024,51.0,40.0
2024-12-22,동작구,-3.6,-6.0,1.5,0.0,0.0153,0.0256,0.32,0.0023,21.0,10.0
2024-12-23,동작구,-0.4,-7.1,6.9,0.0,0.0346,0.0134,0.51,0.0026,27.0,16.0
2024-12-24,동작구,-2.0,-7.2,5.0,0.0,0.0326,0.0148,0.47,0.0028,32.0,20.0
2024-12-25,동작구,1.9,-3.1,7.0,0.0,0.0319,0.0171,0.47,0.003,26.0,17.0
2024-12-26,동작구,0.4,-3.8,4.2,0.0,0.0179,0.025,0.44,0.0026,68.0,36.0
2024-12-27,동작구,-1.8,-6.9,2.0,0.0,0.0152,0.0271,0.33,0.0024,31.0,15.0
2024-12-28,동작구,-2.5,-5.7,1.6,0.0,0.0138,0.0259,0.33,0.0024,31.0,15.0
2024-12-29,동작구,-0.2,-6.2,5.4,0.0,0.0279,0.0173,0.43,0.0024,23.0,14.0
2024-12-30,동작구,4.9,0.1,11.1,0.0,0.0312,0.0223,0.51,0.0028,52.0,31.0
2024-12-31,동작구,0.4,-4.4,6.1,0.0,0.0185,0.0252,0.38,0.0027,52.0,20.0
