사용일자,자치구,승차총승객수
20240101,강남구,95566
20240101,강동구,33742
20240101,강북구,22887
20240101,강서구,78185
20240101,관악구,64662
20240101,광진구,35607
20240101,구로구,47542
20240101,금천구,21926
20240101,노원구,67258
20240101,도봉구,42240
20240101,동대문구,41544
20240101,동작구,37851
20240101,마포구,137641
20240101,서대문구,39786
20240101,서초구,82573
20240101,성동구,44550
20240101,성북구,19333
20240101,송파구,64991
20240101,양천구,12638
20240101,영등포구,106256
20240101,은평구,52780
20240101,종로구,107995
20240101,중구,109039
20240101,중랑구,26606
20240102,강남구,386115
20240102,강동구,89982
20240102,강북구,44689
20240102,강서구,177590
20240102,관악구,139441
20240102,광진구,58797
20240102,구로구,123841
20240102,금천구,98906
20240102,노원구,156688
20240102,도봉구,87547
20240102,동대문구,95838
20240102,동작구,84726
20240102,마포구,245782
20240102,서대문구,88176
20240102,서초구,142403
20240102,성동구,116493
20240102,성북구,44868
20240102,송파구,184247
20240102,양천구,34678
20240102,영등포구,307632
20240102,은평구,117936
20240102,종로구,218983
20240102,중구,257142
20240102,중랑구,62391
20240103,강남구,406235
20240103,강동구,93021
20240103,강북구,45644
20240103,강서구,183398
20240103,관악구,148693
20240103,광진구,61330
20240103,구로구,128001
20240103,금천구,101136
20240103,노원구,160440
20240103,도봉구,89596
20240103,동대문구,100575
20240103,동작구,88665
20240103,마포구,253373
20240103,서대문구,90933
20240103,서초구,143299
20240103,성동구,122127
20240103,성북구,46944
20240103,송파구,193314
20240103,양천구,35612
20240103,영등포구,320145
20240103,은평구,120775
20240103,종로구,238281
20240103,중구,263560
20240103,중랑구,64251
20240104,강남구,410754
20240104,강동구,94641
20240104,강북구,46799
20240104,강서구,185698
20240104,관악구,152832
20240104,광진구,69724
20240104,구로구,128413
20240104,금천구,102040
20240104,노원구,162728
20240104,도봉구,91974
20240104,동대문구,102869
20240104,동작구,90068
20240104,마포구,259438
20240104,서대문구,91581
20240104,서초구,145748
20240104,성동구,125256
20240104,성북구,47601
20240104,송파구,197026
20240104,양천구,36033
20240104,영등포구,323615
20240104,은평구,123178
20240104,종로구,243413
20240104,중구,265818
20240104,중랑구,65330
20240105,강남구,416787
20240105,강동구,97383
20240105,강북구,48489
20240105,강서구,190048
20240105,관악구,160233
20240105,광진구,66889
20240105,구로구,132034
20240105,금천구,102267
20240105,노원구,167243
20240105,도봉구,94901
20240105,동대문구,106738
20240105,동작구,94924
20240105,마포구,277347
20240105,서대문구,96029
20240105,서초구,154899
20240105,성동구,127198
20240105,성북구,49269
20240105,송파구,203634
20240105,양천구,36845
20240105,영등포구,334864
20240105,은평구,125925
20240105,종로구,248331
20240105,중구,272430
20240105,중랑구,67286
20240106,강남구,236737
20240106,강동구,63886
20240106,강북구,37559
20240106,강서구,127751
20240106,관악구,127185
20240106,광진구,57782
20240106,구로구,85318
20240106,금천구,38586
20240106,노원구,123943
20240106,도봉구,71860
20240106,동대문구,77311
20240106,동작구,71908
20240106,마포구,223297
20240106,서대문구,74246
20240106,서초구,124346
20240106,성동구,85319
20240106,성북구,33908
20240106,송파구,128258
20240106,양천구,25023
20240106,영등포구,211898
20240106,은평구,92232
20240106,종로구,187385
20240106,중구,163848
20240106,중랑구,48499
20240107,강남구,138817
20240107,강동구,45190
20240107,강북구,27343
20240107,강서구,94275
20240107,관악구,89810
20240107,광진구,42464
20240107,구로구,59407
20240107,금천구,25918
20240107,노원구,87754
20240107,도봉구,53158
20240107,동대문구,54642
20240107,동작구,51687
20240107,마포구,166106
20240107,서대문구,55246
20240107,서초구,100067
20240107,성동구,65377
20240107,성북구,25794
20240107,송파구,89164
20240107,양천구,16797
20240107,영등포구,152706
20240107,은평구,64810
20240107,종로구,118782
20240107,중구,121593
20240107,중랑구,34046
20240108,강남구,397338
20240108,강동구,90955
20240108,강북구,44229
20240108,강서구,177254
20240108,관악구,145260
20240108,광진구,59985
20240108,구로구,124026
20240108,금천구,100741
20240108,노원구,154579
20240108,도봉구,86389
20240108,동대문구,96071
20240108,동작구,87366
20240108,마포구,248123
20240108,서대문구,88537
20240108,서초구,141515
20240108,성동구,117351
20240108,성북구,45251
20240108,송파구,188290
20240108,양천구,34608
20240108,영등포구,311334
20240108,은평구,116779
20240108,종로구,224950
20240108,중구,251288
20240108,중랑구,62361
20240109,강남구,418420
20240109,강동구,96974
20240109,강북구,45580
20240109,강서구,186604
20240109,관악구,150110
20240109,광진구,61680
20240109,구로구,128992
20240109,금천구,104280
20240109,노원구,161904
20240109,도봉구,89722
20240109,동대문구,98810
20240109,동작구,90185
20240109,마포구,256756
20240109,서대문구,92133
20240109,서초구,147231
20240109,성동구,124629
20240109,성북구,47411
20240109,송파구,203571
20240109,양천구,36833
20240109,영등포구,327135
20240109,은평구,120809
20240109,종로구,236080
20240109,중구,262055
20240109,중랑구,65268
20240110,강남구,415073
20240110,강동구,96735
20240110,강북구,46698
20240110,강서구,188119
20240110,관악구,155795
20240110,광진구,63791
20240110,구로구,130519
20240110,금천구,103416
20240110,노원구,165969
20240110,도봉구,92767
20240110,동대문구,102660
20240110,동작구,91949
20240110,마포구,265249
20240110,서대문구,94246
20240110,서초구,146316
20240110,성동구,125533
20240110,성북구,48508
20240110,송파구,201660
20240110,양천구,36749
20240110,영등포구,329893
20240110,은평구,124327
20240110,종로구,244232
20240110,중구,267243
20240110,중랑구,66244
20240111,강남구,418745
20240111,강동구,95711
20240111,강북구,47357
20240111,강서구,187308
20240111,관악구,157730
20240111,광진구,63274
20240111,구로구,130247
20240111,금천구,103512
20240111,노원구,164085
20240111,도봉구,92243
20240111,동대문구,103443
20240111,동작구,92206
20240111,마포구,266822
20240111,서대문구,93998
20240111,서초구,150138
20240111,성동구,123209
20240111,성북구,48515
20240111,송파구,199344
20240111,양천구,36884
20240111,영등포구,330984
20240111,은평구,124181
20240111,종로구,247071
20240111,중구,263690
20240111,중랑구,65765
20240112,강남구,425884
20240112,강동구,97928
20240112,강북구,47827
20240112,강서구,192395
20240112,관악구,165298
20240112,광진구,66981
20240112,구로구,132596
20240112,금천구,103335
20240112,노원구,169029
20240112,도봉구,95576
20240112,동대문구,106762
20240112,동작구,97770
20240112,마포구,277724
20240112,서대문구,98251
20240112,서초구,160645
20240112,성동구,126947
20240112,성북구,49127
20240112,송파구,204400
20240112,양천구,37408
20240112,영등포구,343509
20240112,은평구,127051
20240112,종로구,251196
20240112,중구,272056
20240112,중랑구,67411
20240113,강남구,246712
20240113,강동구,65747
20240113,강북구,39809
20240113,강서구,132010
20240113,관악구,133386
20240113,광진구,57819
20240113,구로구,88144
20240113,금천구,40467
20240113,노원구,128141
20240113,도봉구,73743
20240113,동대문구,79645
20240113,동작구,75364
20240113,마포구,232970
20240113,서대문구,77495
20240113,서초구,130672
20240113,성동구,82744
20240113,성북구,34826
20240113,송파구,133844
20240113,양천구,25233
20240113,영등포구,226101
20240113,은평구,94983
20240113,종로구,191740
20240113,중구,163713
20240113,중랑구,50060
20240114,강남구,137121
20240114,강동구,43984
20240114,강북구,25736
20240114,강서구,92159
20240114,관악구,88514
20240114,광진구,39131
20240114,구로구,58560
20240114,금천구,25653
20240114,노원구,86305
20240114,도봉구,51087
20240114,동대문구,50681
20240114,동작구,47190
20240114,마포구,162769
20240114,서대문구,50788
20240114,서초구,100787
20240114,성동구,53446
20240114,성북구,25291
20240114,송파구,88886
20240114,양천구,16331
20240114,영등포구,152687
20240114,은평구,63305
20240114,종로구,115465
20240114,중구,111533
20240114,중랑구,45789
20240115,강남구,402629
20240115,강동구,92934
20240115,강북구,44771
20240115,강서구,182660
20240115,관악구,147528
20240115,광진구,60071
20240115,구로구,125733
20240115,금천구,101475
20240115,노원구,157232
20240115,도봉구,87790
20240115,동대문구,98810
20240115,동작구,88552
20240115,마포구,254500
20240115,서대문구,90184
20240115,서초구,143109
20240115,성동구,115680
20240115,성북구,46260
20240115,송파구,190818
20240115,양천구,35124
20240115,영등포구,316383
20240115,은평구,119118
20240115,종로구,228503
20240115,중구,252520
20240115,중랑구,86926
20240116,강남구,416164
20240116,강동구,95256
20240116,강북구,45915
20240116,강서구,186490
20240116,관악구,152692
20240116,광진구,61822
20240116,구로구,129149
20240116,금천구,102491
20240116,노원구,161372
20240116,도봉구,91711
20240116,동대문구,100975
20240116,동작구,90584
20240116,마포구,259472
20240116,서대문구,92725
20240116,서초구,145702
20240116,성동구,120779
20240116,성북구,47284
20240116,송파구,196755
20240116,양천구,36661
20240116,영등포구,324929
20240116,은평구,122807
20240116,종로구,238583
20240116,중구,261593
20240116,중랑구,89012
20240117,강남구,419504
20240117,강동구,96056
20240117,강북구,45457
20240117,강서구,186334
20240117,관악구,153534
20240117,광진구,62102
20240117,구로구,128374
20240117,금천구,102606
20240117,노원구,162856
20240117,도봉구,91026
20240117,동대문구,102423
20240117,동작구,90811
20240117,마포구,262182
20240117,서대문구,92470
20240117,서초구,148839
20240117,성동구,121518
20240117,성북구,47569
20240117,송파구,199792
20240117,양천구,36025
20240117,영등포구,330425
20240117,은평구,121758
20240117,종로구,247617
20240117,중구,269372
20240117,중랑구,88747
20240118,강남구,418061
20240118,강동구,96732
20240118,강북구,46641
20240118,강서구,189124
20240118,관악구,156900
20240118,광진구,63400
20240118,구로구,130664
20240118,금천구,103327
20240118,노원구,163796
20240118,도봉구,92370
20240118,동대문구,104512
20240118,동작구,92737
20240118,마포구,266040
20240118,서대문구,92541
20240118,서초구,149178
20240118,성동구,122706
20240118,성북구,48340
20240118,송파구,201658
20240118,양천구,36927
20240118,영등포구,332370
20240118,은평구,123947
20240118,종로구,248113
20240118,중구,266273
20240118,중랑구,90307
20240119,강남구,423334
20240119,강동구,98106
20240119,강북구,48409
20240119,강서구,193018
20240119,관악구,165728
20240119,광진구,66669
20240119,구로구,132852
20240119,금천구,102872
20240119,노원구,169206
20240119,도봉구,97062
20240119,동대문구,108136
20240119,동작구,97732
20240119,마포구,278352
20240119,서대문구,95210
20240119,서초구,160615
20240119,성동구,126083
20240119,성북구,49302
20240119,송파구,209673
20240119,양천구,37410
20240119,영등포구,341143
20240119,은평구,127589
20240119,종로구,256136
20240119,중구,272411
20240119,중랑구,92887
20240120,강남구,242404
20240120,강동구,66809
20240120,강북구,38354
20240120,강서구,130443
20240120,관악구,131719
20240120,광진구,56575
20240120,구로구,86210
20240120,금천구,39490
20240120,노원구,125377
20240120,도봉구,72002
20240120,동대문구,78253
20240120,동작구,73505
20240120,마포구,226328
20240120,서대문구,75191
20240120,서초구,130066
20240120,성동구,81779
20240120,성북구,34700
20240120,송파구,133525
20240120,양천구,24664
20240120,영등포구,221245
20240120,은평구,93202
20240120,종로구,193011
20240120,중구,164044
20240120,중랑구,68557
20240121,강남구,141832
20240121,강동구,46052
20240121,강북구,28249
20240121,강서구,97032
20240121,관악구,91368
20240121,광진구,42140
20240121,구로구,62505
20240121,금천구,27297
20240121,노원구,91447
20240121,도봉구,54939
20240121,동대문구,58858
20240121,동작구,49823
20240121,마포구,166887
20240121,서대문구,52945
20240121,서초구,102436
20240121,성동구,56876
20240121,성북구,26253
20240121,송파구,90484
20240121,양천구,17085
20240121,영등포구,157266
20240121,은평구,66914
20240121,종로구,126410
20240121,중구,118594
20240121,중랑구,49138
20240122,강남구,393290
20240122,강동구,91928
20240122,강북구,43371
20240122,강서구,178071
20240122,관악구,142320
20240122,광진구,58918
20240122,구로구,122055
20240122,금천구,99877
20240122,노원구,154248
20240122,도봉구,85310
20240122,동대문구,95471
20240122,동작구,85412
20240122,마포구,243047
20240122,서대문구,85463
20240122,서초구,139246
20240122,성동구,113018
20240122,성북구,45204
20240122,송파구,188793
20240122,양천구,34369
20240122,영등포구,310728
20240122,은평구,116108
20240122,종로구,222472
20240122,중구,248966
20240122,중랑구,84319
20240123,강남구,392819
20240123,강동구,88248
20240123,강북구,42022
20240123,강서구,168704
20240123,관악구,141975
20240123,광진구,57140
20240123,구로구,119308
20240123,금천구,97479
20240123,노원구,148058
20240123,도봉구,81828
20240123,동대문구,91324
20240123,동작구,83181
20240123,마포구,237540
20240123,서대문구,83134
20240123,서초구,133987
20240123,성동구,110858
20240123,성북구,43703
20240123,송파구,183130
20240123,양천구,33713
20240123,영등포구,305813
20240123,은평구,112207
20240123,종로구,217643
20240123,중구,248163
20240123,중랑구,81920
20240124,강남구,399175
20240124,강동구,91849
20240124,강북구,44315
20240124,강서구,181270
20240124,관악구,147255
20240124,광진구,60412
20240124,구로구,123203
20240124,금천구,99338
20240124,노원구,154428
20240124,도봉구,85699
20240124,동대문구,96189
20240124,동작구,86099
20240124,마포구,247047
20240124,서대문구,86456
20240124,서초구,141156
20240124,성동구,116004
20240124,성북구,45656
20240124,송파구,189983
20240124,양천구,34376
20240124,영등포구,316671
20240124,은평구,117266
20240124,종로구,228891
20240124,중구,255950
20240124,중랑구,84973
20240125,강남구,409951
20240125,강동구,94479
20240125,강북구,46426
20240125,강서구,185414
20240125,관악구,152541
20240125,광진구,62439
20240125,구로구,126229
20240125,금천구,101133
20240125,노원구,159859
20240125,도봉구,89583
20240125,동대문구,101402
20240125,동작구,89331
20240125,마포구,259492
20240125,서대문구,89542
20240125,서초구,146147
20240125,성동구,119475
20240125,성북구,47299
20240125,송파구,194733
20240125,양천구,35854
20240125,영등포구,326084
20240125,은평구,122099
20240125,종로구,240775
20240125,중구,264186
20240125,중랑구,88312
20240126,강남구,419327
20240126,강동구,97391
20240126,강북구,47783
20240126,강서구,190196
20240126,관악구,163337
20240126,광진구,65848
20240126,구로구,130567
20240126,금천구,101960
20240126,노원구,168231
20240126,도봉구,95141
20240126,동대문구,107431
20240126,동작구,95913
20240126,마포구,276076
20240126,서대문구,93845
20240126,서초구,159694
20240126,성동구,123688
20240126,성북구,48750
20240126,송파구,202451
20240126,양천구,37187
20240126,영등포구,340155
20240126,은평구,126390
20240126,종로구,249579
20240126,중구,270050
20240126,중랑구,92427
20240127,강남구,240276
20240127,강동구,65031
20240127,강북구,38247
20240127,강서구,132259
20240127,관악구,129615
20240127,광진구,56446
20240127,구로구,86292
20240127,금천구,40033
20240127,노원구,126127
20240127,도봉구,73374
20240127,동대문구,81384
20240127,동작구,72313
20240127,마포구,227026
20240127,서대문구,75003
20240127,서초구,129335
20240127,성동구,81417
20240127,성북구,34453
20240127,송파구,137231
20240127,양천구,24931
20240127,영등포구,221909
20240127,은평구,93957
20240127,종로구,190179
20240127,중구,169067
20240127,중랑구,69035
20240128,강남구,140990
20240128,강동구,46107
20240128,강북구,28195
20240128,강서구,97073
20240128,관악구,92458
20240128,광진구,41038
20240128,구로구,61708
20240128,금천구,27882
20240128,노원구,92084
20240128,도봉구,56510
20240128,동대문구,60451
20240128,동작구,49949
20240128,마포구,170536
20240128,서대문구,53859
20240128,서초구,102991
20240128,성동구,59252
20240128,성북구,26689
20240128,송파구,96176
20240128,양천구,17219
20240128,영등포구,158372
20240128,은평구,68221
20240128,종로구,128909
20240128,중구,123826
20240128,중랑구,49066
20240129,강남구,399904
20240129,강동구,94065
20240129,강북구,46036
20240129,강서구,184555
20240129,관악구,147230
20240129,광진구,60423
20240129,구로구,127051
20240129,금천구,102475
20240129,노원구,159515
20240129,도봉구,90513
20240129,동대문구,101693
20240129,동작구,88359
20240129,마포구,251133
20240129,서대문구,87545
20240129,서초구,143867
20240129,성동구,117625
20240129,성북구,46555
20240129,송파구,192901
20240129,양천구,35662
20240129,영등포구,319624
20240129,은평구,120931
20240129,종로구,231199
20240129,중구,256388
20240129,중랑구,87891
20240130,강남구,414361
20240130,강동구,95688
20240130,강북구,47634
20240130,강서구,188151
20240130,관악구,152950
20240130,광진구,61165
20240130,구로구,129661
20240130,금천구,103751
20240130,노원구,162465
20240130,도봉구,93402
20240130,동대문구,103927
20240130,동작구,90873
20240130,마포구,257990
20240130,서대문구,89823
20240130,서초구,146284
20240130,성동구,121344
20240130,성북구,47513
20240130,송파구,199828
20240130,양천구,36605
20240130,영등포구,328744
20240130,은평구,124659
20240130,종로구,242247
20240130,중구,265213
20240130,중랑구,90139
20240131,강남구,414729
20240131,강동구,96256
20240131,강북구,47802
20240131,강서구,189055
20240131,관악구,153684
20240131,광진구,62498
20240131,구로구,130307
20240131,금천구,103293
20240131,노원구,164685
20240131,도봉구,93559
20240131,동대문구,104793
20240131,동작구,91216
20240131,마포구,259310
20240131,서대문구,90587
20240131,서초구,145964
20240131,성동구,121632
20240131,성북구,47908
20240131,송파구,200270
20240131,양천구,36686
20240131,영등포구,330328
20240131,은평구,124552
20240131,종로구,245040
20240131,중구,268699
20240131,중랑구,90186
20240201,강남구,421121
20240201,강동구,96783
20240201,강북구,47236
20240201,강서구,189906
20240201,관악구,154930
20240201,광진구,62390
20240201,구로구,130564
20240201,금천구,102998
20240201,노원구,163578
20240201,도봉구,92852
20240201,동대문구,105522
20240201,동작구,91077
20240201,마포구,264588
20240201,서대문구,90990
20240201,서초구,146870
20240201,성동구,123033
20240201,성북구,48199
20240201,송파구,201063
20240201,양천구,36730
20240201,영등포구,329463
20240201,은평구,124595
20240201,종로구,243700
20240201,중구,266490
20240201,중랑구,89898
20240202,강남구,427310
20240202,강동구,99659
20240202,강북구,49158
20240202,강서구,193862
20240202,관악구,161416
20240202,광진구,65290
20240202,구로구,132947
20240202,금천구,102831
20240202,노원구,169098
20240202,도봉구,96073
20240202,동대문구,108773
20240202,동작구,95636
20240202,마포구,274839
20240202,서대문구,95636
20240202,서초구,156932
20240202,성동구,127491
20240202,성북구,49420
20240202,송파구,206142
20240202,양천구,37545
20240202,영등포구,340197
20240202,은평구,128289
20240202,종로구,250820
20240202,중구,278480
20240202,중랑구,93127
20240203,강남구,238294
20240203,강동구,64563
20240203,강북구,37297
20240203,강서구,129787
20240203,관악구,124680
20240203,광진구,54210
20240203,구로구,85349
20240203,금천구,38627
20240203,노원구,122821
20240203,도봉구,72706
20240203,동대문구,80710
20240203,동작구,70251
20240203,마포구,224948
20240203,서대문구,73439
20240203,서초구,123117
20240203,성동구,83769
20240203,성북구,33241
20240203,송파구,131831
20240203,양천구,24109
20240203,영등포구,216200
20240203,은평구,92099
20240203,종로구,178541
20240203,중구,157290
20240203,중랑구,67784
20240204,강남구,143589
20240204,강동구,47789
20240204,강북구,30546
20240204,강서구,97434
20240204,관악구,91584
20240204,광진구,41729
20240204,구로구,63659
20240204,금천구,28370
20240204,노원구,94118
20240204,도봉구,59760
20240204,동대문구,62623
20240204,동작구,50704
20240204,마포구,176157
20240204,서대문구,54323
20240204,서초구,98902
20240204,성동구,63308
20240204,성북구,27773
20240204,송파구,94131
20240204,양천구,17681
20240204,영등포구,160397
20240204,은평구,70186
20240204,종로구,129640
20240204,중구,121040
20240204,중랑구,50645
20240205,강남구,405984
20240205,강동구,96109
20240205,강북구,45541
20240205,강서구,184797
20240205,관악구,146331
20240205,광진구,60722
20240205,구로구,126257
20240205,금천구,102515
20240205,노원구,160249
20240205,도봉구,89697
20240205,동대문구,100643
20240205,동작구,88791
20240205,마포구,254513
20240205,서대문구,88995
20240205,서초구,143702
20240205,성동구,119501
20240205,성북구,46920
20240205,송파구,195458
20240205,양천구,35178
20240205,영등포구,321896
20240205,은평구,120596
20240205,종로구,231454
20240205,중구,260564
20240205,중랑구,88273
20240206,강남구,419928
20240206,강동구,98148
20240206,강북구,47507
20240206,강서구,190528
20240206,관악구,153667
20240206,광진구,62820
20240206,구로구,130642
20240206,금천구,105114
20240206,노원구,165422
20240206,도봉구,93699
20240206,동대문구,106489
20240206,동작구,91870
20240206,마포구,261675
20240206,서대문구,93062
20240206,서초구,147633
20240206,성동구,122832
20240206,성북구,48431
20240206,송파구,203107
20240206,양천구,36837
20240206,영등포구,330748
20240206,은평구,126152
20240206,종로구,239947
20240206,중구,264955
20240206,중랑구,91842
20240207,강남구,412778
20240207,강동구,98249
20240207,강북구,47773
20240207,강서구,190615
20240207,관악구,155626
20240207,광진구,63722
20240207,구로구,130844
20240207,금천구,103548
20240207,노원구,166118
20240207,도봉구,94555
20240207,동대문구,106619
20240207,동작구,92523
20240207,마포구,262742
20240207,서대문구,92428
20240207,서초구,147256
20240207,성동구,121314
20240207,성북구,48708
20240207,송파구,201563
20240207,양천구,36597
20240207,영등포구,331029
20240207,은평구,126140
20240207,종로구,238771
20240207,중구,262388
20240207,중랑구,91772
20240208,강남구,380613
20240208,강동구,92454
20240208,강북구,46222
20240208,강서구,184594
20240208,관악구,149831
20240208,광진구,63847
20240208,구로구,126351
20240208,금천구,94435
20240208,노원구,160790
20240208,도봉구,91787
20240208,동대문구,102588
20240208,동작구,91274
20240208,마포구,256880
20240208,서대문구,90370
20240208,서초구,143208
20240208,성동구,116698
20240208,성북구,46994
20240208,송파구,187190
20240208,양천구,35346
20240208,영등포구,316341
20240208,은평구,123235
20240208,종로구,224454
20240208,중구,240096
20240208,중랑구,90334
20240209,강남구,102831
20240209,강동구,36475
20240209,강북구,22804
20240209,강서구,83036
20240209,관악구,69142
20240209,광진구,31458
20240209,구로구,50936
20240209,금천구,25670
20240209,노원구,72325
20240209,도봉구,43863
20240209,동대문구,45251
20240209,동작구,44511
20240209,마포구,124543
20240209,서대문구,40893
20240209,서초구,59439
20240209,성동구,43403
20240209,성북구,20569
20240209,송파구,68126
20240209,양천구,14013
20240209,영등포구,106367
20240209,은평구,58147
20240209,종로구,100944
20240209,중구,91399
20240209,중랑구,41995
20240210,강남구,59757
20240210,강동구,26839
20240210,강북구,21793
20240210,강서구,65890
20240210,관악구,50430
20240210,광진구,22817
20240210,구로구,41399
20240210,금천구,20317
20240210,노원구,62704
20240210,도봉구,38694
20240210,동대문구,31991
20240210,동작구,30911
20240210,마포구,93706
20240210,서대문구,29173
20240210,서초구,57197
20240210,성동구,29361
20240210,성북구,18192
20240210,송파구,46961
20240210,양천구,11133
20240210,영등포구,81667
20240210,은평구,46893
20240210,종로구,94073
20240210,중구,87321
20240210,중랑구,35389
20240211,강남구,89821
20240211,강동구,37013
20240211,강북구,25698
20240211,강서구,83985
20240211,관악구,67776
20240211,광진구,31929
20240211,구로구,51809
20240211,금천구,24804
20240211,노원구,78333
20240211,도봉구,49098
20240211,동대문구,41612
20240211,동작구,37909
20240211,마포구,137340
20240211,서대문구,39686
20240211,서초구,111249
20240211,성동구,46059
20240211,성북구,21931
20240211,송파구,69519
20240211,양천구,14689
20240211,영등포구,124249
20240211,은평구,60024
20240211,종로구,126152
20240211,중구,118284
20240211,중랑구,40926
20240212,강남구,118871
20240212,강동구,40662
20240212,강북구,27837
20240212,강서구,91272
20240212,관악구,76573
20240212,광진구,36676
20240212,구로구,55893
20240212,금천구,27362
20240212,노원구,86006
20240212,도봉구,52335
20240212,동대문구,45942
20240212,동작구,42291
20240212,마포구,151558
20240212,서대문구,46103
20240212,서초구,117401
20240212,성동구,52300
20240212,성북구,23339
20240212,송파구,76136
20240212,양천구,15744
20240212,영등포구,135640
20240212,은평구,64330
20240212,종로구,126074
20240212,중구,115030
20240212,중랑구,45404
20240213,강남구,386479
20240213,강동구,90074
20240213,강북구,44851
20240213,강서구,178708
20240213,관악구,141914
20240213,광진구,59328
20240213,구로구,122973
20240213,금천구,97089
20240213,노원구,157108
20240213,도봉구,88633
20240213,동대문구,93461
20240213,동작구,84075
20240213,마포구,252036
20240213,서대문구,86448
20240213,서초구,153927
20240213,성동구,115130
20240213,성북구,44817
20240213,송파구,185112
20240213,양천구,34526
20240213,영등포구,309994
20240213,은평구,118425
20240213,종로구,216357
20240213,중구,248515
20240213,중랑구,85722
20240214,강남구,420719
20240214,강동구,96869
20240214,강북구,48297
20240214,강서구,189957
20240214,관악구,156436
20240214,광진구,63005
20240214,구로구,132822
20240214,금천구,105579
20240214,노원구,168082
20240214,도봉구,94372
20240214,동대문구,102364
20240214,동작구,90355
20240214,마포구,276535
20240214,서대문구,94760
20240214,서초구,155151
20240214,성동구,127459
20240214,성북구,49558
20240214,송파구,199778
20240214,양천구,37414
20240214,영등포구,335726
20240214,은평구,126133
20240214,종로구,250923
20240214,중구,271239
20240214,중랑구,91006
20240215,강남구,418929
20240215,강동구,94227
20240215,강북구,45071
20240215,강서구,186348
20240215,관악구,153672
20240215,광진구,61758
20240215,구로구,127415
20240215,금천구,102421
20240215,노원구,160468
20240215,도봉구,88193
20240215,동대문구,99028
20240215,동작구,88639
20240215,마포구,267986
20240215,서대문구,92507
20240215,서초구,154316
20240215,성동구,124437
20240215,성북구,47703
20240215,송파구,198825
20240215,양천구,36034
20240215,영등포구,329663
20240215,은평구,121897
20240215,종로구,241764
20240215,중구,273350
20240215,중랑구,88611
20240216,강남구,435679
20240216,강동구,100352
20240216,강북구,49255
20240216,강서구,196287
20240216,관악구,167278
20240216,광진구,68449
20240216,구로구,135337
20240216,금천구,105156
20240216,노원구,172780
20240216,도봉구,97826
20240216,동대문구,107866
20240216,동작구,96406
20240216,마포구,292387
20240216,서대문구,100764
20240216,서초구,172344
20240216,성동구,133881
20240216,성북구,49925
20240216,송파구,207812
20240216,양천구,38382
20240216,영등포구,348348
20240216,은평구,131150
20240216,종로구,264937
20240216,중구,286004
20240216,중랑구,95443
20240217,강남구,258859
20240217,강동구,69085
20240217,강북구,40529
20240217,강서구,139078
20240217,관악구,138892
20240217,광진구,59807
20240217,구로구,92546
20240217,금천구,42641
20240217,노원구,134521
20240217,도봉구,78163
20240217,동대문구,81823
20240217,동작구,74433
20240217,마포구,255434
20240217,서대문구,81317
20240217,서초구,142023
20240217,성동구,96284
20240217,성북구,36117
20240217,송파구,138789
20240217,양천구,26242
20240217,영등포구,233535
20240217,은평구,100212
20240217,종로구,209807
20240217,중구,184229
20240217,중랑구,73484
20240218,강남구,151708
20240218,강동구,47406
20240218,강북구,29288
20240218,강서구,100596
20240218,관악구,96229
20240218,광진구,42757
20240218,구로구,64370
20240218,금천구,28399
20240218,노원구,94343
20240218,도봉구,57303
20240218,동대문구,58343
20240218,동작구,50591
20240218,마포구,189828
20240218,서대문구,56754
20240218,서초구,110741
20240218,성동구,67374
20240218,성북구,26920
20240218,송파구,92723
20240218,양천구,17694
20240218,영등포구,169371
20240218,은평구,70252
20240218,종로구,135273
20240218,중구,126009
20240218,중랑구,51022
20240219,강남구,401651
20240219,강동구,93201
20240219,강북구,43904
20240219,강서구,181687
20240219,관악구,146940
20240219,광진구,60158
20240219,구로구,125613
20240219,금천구,102379
20240219,노원구,155743
20240219,도봉구,86809
20240219,동대문구,96145
20240219,동작구,87025
20240219,마포구,255361
20240219,서대문구,89905
20240219,서초구,149702
20240219,성동구,118774
20240219,성북구,47090
20240219,송파구,190991
20240219,양천구,35264
20240219,영등포구,319243
20240219,은평구,118595
20240219,종로구,229751
20240219,중구,260944
20240219,중랑구,86531
20240220,강남구,424178
20240220,강동구,97280
20240220,강북구,47076
20240220,강서구,192702
20240220,관악구,155988
20240220,광진구,62475
20240220,구로구,131072
20240220,금천구,105685
20240220,노원구,166325
20240220,도봉구,93189
20240220,동대문구,103816
20240220,동작구,91290
20240220,마포구,271094
20240220,서대문구,96362
20240220,서초구,157912
20240220,성동구,125898
20240220,성북구,48270
20240220,송파구,201602
20240220,양천구,37258
20240220,영등포구,335924
20240220,은평구,125708
20240220,종로구,250064
20240220,중구,275838
20240220,중랑구,91195
20240221,강남구,416215
20240221,강동구,96036
20240221,강북구,45723
20240221,강서구,186307
20240221,관악구,153809
20240221,광진구,61346
20240221,구로구,127093
20240221,금천구,102437
20240221,노원구,160854
20240221,도봉구,88820
20240221,동대문구,103560
20240221,동작구,89416
20240221,마포구,266148
20240221,서대문구,92006
20240221,서초구,154506
20240221,성동구,122423
20240221,성북구,47854
20240221,송파구,197543
20240221,양천구,36245
20240221,영등포구,331681
20240221,은평구,122239
20240221,종로구,246137
20240221,중구,274371
20240221,중랑구,88863
20240222,강남구,429244
20240222,강동구,98461
20240222,강북구,47043
20240222,강서구,194098
20240222,관악구,159431
20240222,광진구,69615
20240222,구로구,132069
20240222,금천구,104624
20240222,노원구,167060
20240222,도봉구,92794
20240222,동대문구,105844
20240222,동작구,93046
20240222,마포구,281173
20240222,서대문구,98026
20240222,서초구,160807
20240222,성동구,128105
20240222,성북구,49569
20240222,송파구,205199
20240222,양천구,38111
20240222,영등포구,345546
20240222,은평구,125596
20240222,종로구,251067
20240222,중구,279804
20240222,중랑구,93459
20240223,강남구,434869
20240223,강동구,99719
20240223,강북구,49207
20240223,강서구,197031
20240223,관악구,168328
20240223,광진구,68246
20240223,구로구,133816
20240223,금천구,103789
20240223,노원구,171482
20240223,도봉구,97038
20240223,동대문구,109342
20240223,동작구,98100
20240223,마포구,292855
20240223,서대문구,101737
20240223,서초구,171188
20240223,성동구,133533
20240223,성북구,50143
20240223,송파구,206905
20240223,양천구,38119
20240223,영등포구,351601
20240223,은평구,131191
20240223,종로구,263167
20240223,중구,293541
20240223,중랑구,95657
20240224,강남구,266097
20240224,강동구,69524
20240224,강북구,40506
20240224,강서구,138151
20240224,관악구,138018
20240224,광진구,60696
20240224,구로구,92713
20240224,금천구,41923
20240224,노원구,134634
20240224,도봉구,76286
20240224,동대문구,81359
20240224,동작구,75258
20240224,마포구,249626
20240224,서대문구,83286
20240224,서초구,145939
20240224,성동구,95003
20240224,성북구,36285
20240224,송파구,141394
20240224,양천구,26379
20240224,영등포구,239868
20240224,은평구,99887
20240224,종로구,206224
20240224,중구,185337
20240224,중랑구,73607
20240225,강남구,162684
20240225,강동구,49280
20240225,강북구,29883
20240225,강서구,104999
20240225,관악구,97569
20240225,광진구,45840
20240225,구로구,66136
20240225,금천구,29271
20240225,노원구,98548
20240225,도봉구,58440
20240225,동대문구,60327
20240225,동작구,52242
20240225,마포구,190804
20240225,서대문구,60631
20240225,서초구,114181
20240225,성동구,68922
20240225,성북구,28242
20240225,송파구,98821
20240225,양천구,18687
20240225,영등포구,174472
20240225,은평구,72268
20240225,종로구,135835
20240225,중구,134854
20240225,중랑구,52570
20240226,강남구,410161
20240226,강동구,96268
20240226,강북구,47128
20240226,강서구,186861
20240226,관악구,152468
20240226,광진구,62801
20240226,구로구,130078
20240226,금천구,103912
20240226,노원구,163519
20240226,도봉구,92637
20240226,동대문구,103296
20240226,동작구,90320
20240226,마포구,270559
20240226,서대문구,99889
20240226,서초구,154113
20240226,성동구,125303
20240226,성북구,48083
20240226,송파구,195757
20240226,양천구,36751
20240226,영등포구,328717
20240226,은평구,125170
20240226,종로구,243140
20240226,중구,266803
20240226,중랑구,91092
20240227,강남구,424105
20240227,강동구,96694
20240227,강북구,48157
20240227,강서구,189718
20240227,관악구,158319
20240227,광진구,63704
20240227,구로구,132055
20240227,금천구,104706
20240227,노원구,168020
20240227,도봉구,95137
20240227,동대문구,104839
20240227,동작구,92756
20240227,마포구,274497
20240227,서대문구,96132
20240227,서초구,157417
20240227,성동구,128450
20240227,성북구,48897
20240227,송파구,201826
20240227,양천구,37627
20240227,영등포구,335849
20240227,은평구,127099
20240227,종로구,250155
20240227,중구,273421
20240227,중랑구,93042
20240228,강남구,425616
20240228,강동구,98273
20240228,강북구,48471
20240228,강서구,193199
20240228,관악구,160107
20240228,광진구,65194
20240228,구로구,133067
20240228,금천구,104744
20240228,노원구,169964
20240228,도봉구,95867
20240228,동대문구,106803
20240228,동작구,93819
20240228,마포구,274422
20240228,서대문구,95833
20240228,서초구,158557
20240228,성동구,129336
20240228,성북구,49360
20240228,송파구,205530
20240228,양천구,37770
20240228,영등포구,341009
20240228,은평구,129020
20240228,종로구,254562
20240228,중구,277737
20240228,중랑구,93796
20240229,강남구,426305
20240229,강동구,98576
20240229,강북구,48481
20240229,강서구,194479
20240229,관악구,165831
20240229,광진구,67985
20240229,구로구,134155
20240229,금천구,103388
20240229,노원구,170405
20240229,도봉구,96105
20240229,동대문구,110462
20240229,동작구,95667
20240229,마포구,286217
20240229,서대문구,99440
20240229,서초구,169259
20240229,성동구,128650
20240229,성북구,49789
20240229,송파구,205388
20240229,양천구,38122
20240229,영등포구,342899
20240229,은평구,129612
20240229,종로구,258140
20240229,중구,276923
20240229,중랑구,94368
20240301,강남구,182077
20240301,강동구,56241
20240301,강북구,34038
20240301,강서구,119001
20240301,관악구,109932
20240301,광진구,53061
20240301,구로구,74221
20240301,금천구,34979
20240301,노원구,107348
20240301,도봉구,63247
20240301,동대문구,69450
20240301,동작구,61654
20240301,마포구,210185
20240301,서대문구,76019
20240301,서초구,117310
20240301,성동구,79361
20240301,성북구,29985
20240301,송파구,111948
20240301,양천구,20966
20240301,영등포구,193735
20240301,은평구,83477
20240301,종로구,188327
20240301,중구,167775
20240301,중랑구,60402
20240302,강남구,217143
20240302,강동구,59591
20240302,강북구,34530
20240302,강서구,121187
20240302,관악구,113830
20240302,광진구,53393
20240302,구로구,78523
20240302,금천구,34119
20240302,노원구,114319
20240302,도봉구,65517
20240302,동대문구,71703
20240302,동작구,64721
20240302,마포구,216638
20240302,서대문구,73816
20240302,서초구,125067
20240302,성동구,79082
20240302,성북구,31205
20240302,송파구,117488
20240302,양천구,21928
20240302,영등포구,197037
20240302,은평구,87158
20240302,종로구,171726
20240302,중구,153113
20240302,중랑구,62839
20240303,강남구,141252
20240303,강동구,46985
20240303,강북구,29526
20240303,강서구,98606
20240303,관악구,92469
20240303,광진구,42346
20240303,구로구,62792
20240303,금천구,27746
20240303,노원구,94472
20240303,도봉구,57724
20240303,동대문구,60865
20240303,동작구,49982
20240303,마포구,167501
20240303,서대문구,56054
20240303,서초구,114970
20240303,성동구,61710
20240303,성북구,27557
20240303,송파구,92640
20240303,양천구,17560
20240303,영등포구,165431
20240303,은평구,70574
20240303,종로구,123862
20240303,중구,115993
20240303,중랑구,50134
20240304,강남구,390205
20240304,강동구,97274
20240304,강북구,49296
20240304,강서구,187693
20240304,관악구,150906
20240304,광진구,65277
20240304,구로구,130640
20240304,금천구,100868
20240304,노원구,170025
20240304,도봉구,95941
20240304,동대문구,109408
20240304,동작구,92557
20240304,마포구,253248
20240304,서대문구,102108
20240304,서초구,148352
20240304,성동구,125938
20240304,성북구,52233
20240304,송파구,198499
20240304,양천구,37114
20240304,영등포구,316776
20240304,은평구,126229
20240304,종로구,232915
20240304,중구,258863
20240304,중랑구,93622
20240305,강남구,408975
20240305,강동구,98796
20240305,강북구,50191
20240305,강서구,189407
20240305,관악구,156525
20240305,광진구,66525
20240305,구로구,132863
20240305,금천구,105324
20240305,노원구,172571
20240305,도봉구,96699
20240305,동대문구,110825
20240305,동작구,94370
20240305,마포구,260690
20240305,서대문구,104476
20240305,서초구,151210
20240305,성동구,131039
20240305,성북구,53572
20240305,송파구,204615
20240305,양천구,38213
20240305,영등포구,328193
20240305,은평구,127904
20240305,종로구,240538
20240305,중구,276202
20240305,중랑구,95081
20240306,강남구,413618
20240306,강동구,100393
20240306,강북구,51061
20240306,강서구,191649
20240306,관악구,159714
20240306,광진구,67293
20240306,구로구,134685
20240306,금천구,105445
20240306,노원구,175829
20240306,도봉구,98811
20240306,동대문구,114080
20240306,동작구,96075
20240306,마포구,267265
20240306,서대문구,105744
20240306,서초구,153753
20240306,성동구,132979
20240306,성북구,54431
20240306,송파구,205125
20240306,양천구,38470
20240306,영등포구,334823
20240306,은평구,130052
20240306,종로구,251500
20240306,중구,285981
20240306,중랑구,96774
20240307,강남구,421509
20240307,강동구,100270
20240307,강북구,50686
20240307,강서구,192883
20240307,관악구,161506
20240307,광진구,67543
20240307,구로구,134351
20240307,금천구,104884
20240307,노원구,174602
20240307,도봉구,97312
20240307,동대문구,114309
20240307,동작구,95911
20240307,마포구,274096
20240307,서대문구,108295
20240307,서초구,159301
20240307,성동구,133665
20240307,성북구,54001
20240307,송파구,207154
20240307,양천구,38527
20240307,영등포구,336907
20240307,은평구,129436
20240307,종로구,254535
20240307,중구,293303
20240307,중랑구,96288
20240308,강남구,433476
20240308,강동구,102838
20240308,강북구,51250
20240308,강서구,197578
20240308,관악구,169738
20240308,광진구,70264
20240308,구로구,136925
20240308,금천구,104578
20240308,노원구,177759
20240308,도봉구,101321
20240308,동대문구,116061
20240308,동작구,100205
20240308,마포구,288814
20240308,서대문구,109611
20240308,서초구,171488
20240308,성동구,137117
20240308,성북구,54157
20240308,송파구,211107
20240308,양천구,39056
20240308,영등포구,352266
20240308,은평구,132900
20240308,종로구,266625
20240308,중구,295893
20240308,중랑구,98987
20240309,강남구,256300
20240309,강동구,70098
20240309,강북구,40738
20240309,강서구,138063
20240309,관악구,140215
20240309,광진구,61195
20240309,구로구,91717
20240309,금천구,42173
20240309,노원구,134258
20240309,도봉구,79166
20240309,동대문구,85243
20240309,동작구,75770
20240309,마포구,246234
20240309,서대문구,84071
20240309,서초구,140962
20240309,성동구,93832
20240309,성북구,36402
20240309,송파구,138437
20240309,양천구,26109
20240309,영등포구,238815
20240309,은평구,100110
20240309,종로구,203861
20240309,중구,182200
20240309,중랑구,73173
20240310,강남구,154998
20240310,강동구,49796
20240310,강북구,31729
20240310,강서구,103223
20240310,관악구,99733
20240310,광진구,45846
20240310,구로구,67337
20240310,금천구,30471
20240310,노원구,100737
20240310,도봉구,62598
20240310,동대문구,65138
20240310,동작구,53223
20240310,마포구,197368
20240310,서대문구,60090
20240310,서초구,113209
20240310,성동구,68667
20240310,성북구,27911
20240310,송파구,95942
20240310,양천구,18813
20240310,영등포구,171971
20240310,은평구,76205
20240310,종로구,142440
20240310,중구,138136
20240310,중랑구,53556
20240311,강남구,400625
20240311,강동구,98777
20240311,강북구,49865
20240311,강서구,189375
20240311,관악구,154098
20240311,광진구,65128
20240311,구로구,131958
20240311,금천구,105103
20240311,노원구,171088
20240311,도봉구,96095
20240311,동대문구,111258
20240311,동작구,93610
20240311,마포구,261944
20240311,서대문구,103019
20240311,서초구,151739
20240311,성동구,128861
20240311,성북구,54053
20240311,송파구,200500
20240311,양천구,37898
20240311,영등포구,325321
20240311,은평구,127100
20240311,종로구,241700
20240311,중구,276396
20240311,중랑구,94705
20240312,강남구,413790
20240312,강동구,98904
20240312,강북구,50040
20240312,강서구,190326
20240312,관악구,158103
20240312,광진구,66175
20240312,구로구,132897
20240312,금천구,105738
20240312,노원구,172518
20240312,도봉구,95766
20240312,동대문구,110496
20240312,동작구,95067
20240312,마포구,266260
20240312,서대문구,105049
20240312,서초구,154883
20240312,성동구,133442
20240312,성북구,53470
20240312,송파구,203868
20240312,양천구,38157
20240312,영등포구,332279
20240312,은평구,127938
20240312,종로구,248352
20240312,중구,285108
20240312,중랑구,93963
20240313,강남구,415032
20240313,강동구,101318
20240313,강북구,51866
20240313,강서구,193732
20240313,관악구,162258
20240313,광진구,68092
20240313,구로구,135870
20240313,금천구,106064
20240313,노원구,177680
20240313,도봉구,100086
20240313,동대문구,115343
20240313,동작구,98088
20240313,마포구,274040
20240313,서대문구,107796
20240313,서초구,158329
20240313,성동구,136510
20240313,성북구,54602
20240313,송파구,209032
20240313,양천구,38862
20240313,영등포구,341794
20240313,은평구,132009
20240313,종로구,259785
20240313,중구,294433
20240313,중랑구,97185
20240314,강남구,422002
20240314,강동구,101029
20240314,강북구,51504
20240314,강서구,194515
20240314,관악구,165211
20240314,광진구,69362
20240314,구로구,136545
20240314,금천구,106472
20240314,노원구,178447
20240314,도봉구,100716
20240314,동대문구,116290
20240314,동작구,98419
20240314,마포구,280063
20240314,서대문구,108203
20240314,서초구,163302
20240314,성동구,138955
20240314,성북구,55149
20240314,송파구,212268
20240314,양천구,38974
20240314,영등포구,340361
20240314,은평구,131876
20240314,종로구,261618
20240314,중구,295089
20240314,중랑구,97749
20240315,강남구,432946
20240315,강동구,102971
20240315,강북구,52079
20240315,강서구,200050
20240315,관악구,171856
20240315,광진구,71743
20240315,구로구,137856
20240315,금천구,105101
20240315,노원구,179600
20240315,도봉구,102123
20240315,동대문구,117654
20240315,동작구,101868
20240315,마포구,294435
20240315,서대문구,108159
20240315,서초구,175300
20240315,성동구,141286
20240315,성북구,54352
20240315,송파구,216374
20240315,양천구,39446
20240315,영등포구,351997
20240315,은평구,137832
20240315,종로구,267189
20240315,중구,297301
20240315,중랑구,100040
20240316,강남구,263768
20240316,강동구,71473
20240316,강북구,42755
20240316,강서구,143918
20240316,관악구,143065
20240316,광진구,64503
20240316,구로구,94474
20240316,금천구,44282
20240316,노원구,138384
20240316,도봉구,82071
20240316,동대문구,90106
20240316,동작구,79181
20240316,마포구,259457
20240316,서대문구,86659
20240316,서초구,147355
20240316,성동구,105896
20240316,성북구,38148
20240316,송파구,149814
20240316,양천구,27249
20240316,영등포구,243572
20240316,은평구,103594
20240316,종로구,219294
20240316,중구,193337
20240316,중랑구,76355
20240317,강남구,161306
20240317,강동구,50186
20240317,강북구,31604
20240317,강서구,105520
20240317,관악구,101400
20240317,광진구,48190
20240317,구로구,68981
20240317,금천구,31562
20240317,노원구,100268
20240317,도봉구,61737
20240317,동대문구,70021
20240317,동작구,54174
20240317,마포구,189509
20240317,서대문구,61541
20240317,서초구,118091
20240317,성동구,76450
20240317,성북구,28022
20240317,송파구,135054
20240317,양천구,19150
20240317,영등포구,175822
20240317,은평구,75375
20240317,종로구,150757
20240317,중구,146390
20240317,중랑구,54228
20240318,강남구,403998
20240318,강동구,99081
20240318,강북구,48959
20240318,강서구,190347
20240318,관악구,154557
20240318,광진구,65648
20240318,구로구,133894
20240318,금천구,105438
20240318,노원구,174310
20240318,도봉구,100278
20240318,동대문구,111287
20240318,동작구,95285
20240318,마포구,265505
20240318,서대문구,103949
20240318,서초구,148520
20240318,성동구,133583
20240318,성북구,55403
20240318,송파구,202570
20240318,양천구,37709
20240318,영등포구,325051
20240318,은평구,128226
20240318,종로구,245333
20240318,중구,285371
20240318,중랑구,95029
20240319,강남구,415132
20240319,강동구,99896
20240319,강북구,49753
20240319,강서구,191139
20240319,관악구,159558
20240319,광진구,66911
20240319,구로구,133587
20240319,금천구,105592
20240319,노원구,172646
20240319,도봉구,96999
20240319,동대문구,111174
20240319,동작구,96597
20240319,마포구,270195
20240319,서대문구,106218
20240319,서초구,156433
20240319,성동구,136490
20240319,성북구,53528
20240319,송파구,208725
20240319,양천구,38481
20240319,영등포구,333408
20240319,은평구,128184
20240319,종로구,250639
20240319,중구,290310
20240319,중랑구,94676
20240320,강남구,413597
20240320,강동구,100680
20240320,강북구,51167
20240320,강서구,192530
20240320,관악구,161095
20240320,광진구,67303
20240320,구로구,135795
20240320,금천구,104589
20240320,노원구,177049
20240320,도봉구,98767
20240320,동대문구,114458
20240320,동작구,98121
20240320,마포구,274495
20240320,서대문구,107406
20240320,서초구,156382
20240320,성동구,136971
20240320,성북구,54511
20240320,송파구,205621
20240320,양천구,38570
20240320,영등포구,338907
20240320,은평구,130962
20240320,종로구,260129
20240320,중구,295400
20240320,중랑구,96272
20240321,강남구,424316
20240321,강동구,101663
20240321,강북구,51579
20240321,강서구,196271
20240321,관악구,165917
20240321,광진구,68504
20240321,구로구,136974
20240321,금천구,105462
20240321,노원구,176778
20240321,도봉구,100573
20240321,동대문구,116444
20240321,동작구,98538
20240321,마포구,296065
20240321,서대문구,109982
20240321,서초구,162223
20240321,성동구,139697
20240321,성북구,55148
20240321,송파구,210971
20240321,양천구,38609
20240321,영등포구,342559
20240321,은평구,132628
20240321,종로구,262576
20240321,중구,297716
20240321,중랑구,97429
20240322,강남구,431844
20240322,강동구,101644
20240322,강북구,50536
20240322,강서구,196560
20240322,관악구,168965
20240322,광진구,70571
20240322,구로구,134635
20240322,금천구,103440
20240322,노원구,176353
20240322,도봉구,99548
20240322,동대문구,115536
20240322,동작구,101335
20240322,마포구,287291
20240322,서대문구,109290
20240322,서초구,173012
20240322,성동구,140721
20240322,성북구,54066
20240322,송파구,211595
20240322,양천구,38589
20240322,영등포구,350411
20240322,은평구,130603
20240322,종로구,266013
20240322,중구,296891
20240322,중랑구,98271
20240323,강남구,265088
20240323,강동구,70400
20240323,강북구,42199
20240323,강서구,140343
20240323,관악구,140047
20240323,광진구,64141
20240323,구로구,92873
20240323,금천구,43629
20240323,노원구,137465
20240323,도봉구,80611
20240323,동대문구,89121
20240323,동작구,80886
20240323,마포구,250783
20240323,서대문구,85858
20240323,서초구,146940
20240323,성동구,108124
20240323,성북구,38059
20240323,송파구,158414
20240323,양천구,26462
20240323,영등포구,241196
20240323,은평구,102312
20240323,종로구,212310
20240323,중구,190116
20240323,중랑구,75851
20240324,강남구,156817
20240324,강동구,51055
20240324,강북구,32466
20240324,강서구,106030
20240324,관악구,101694
20240324,광진구,48077
20240324,구로구,68193
20240324,금천구,32340
20240324,노원구,102469
20240324,도봉구,64644
20240324,동대문구,66792
20240324,동작구,55368
20240324,마포구,186544
20240324,서대문구,61014
20240324,서초구,123046
20240324,성동구,82905
20240324,성북구,28282
20240324,송파구,114461
20240324,양천구,19594
20240324,영등포구,178202
20240324,은평구,76236
20240324,종로구,152313
20240324,중구,144300
20240324,중랑구,55517
20240325,강남구,402817
20240325,강동구,98370
20240325,강북구,48304
20240325,강서구,189237
20240325,관악구,152024
20240325,광진구,63873
20240325,구로구,130551
20240325,금천구,103780
20240325,노원구,168145
20240325,도봉구,93775
20240325,동대문구,108767
20240325,동작구,94203
20240325,마포구,261510
20240325,서대문구,101235
20240325,서초구,154210
20240325,성동구,131235
20240325,성북구,53289
20240325,송파구,202121
20240325,양천구,37239
20240325,영등포구,327117
20240325,은평구,126103
20240325,종로구,245328
20240325,중구,285230
20240325,중랑구,93606
20240326,강남구,413607
20240326,강동구,100139
20240326,강북구,50503
20240326,강서구,192137
20240326,관악구,159138
20240326,광진구,66965
20240326,구로구,133108
20240326,금천구,105157
20240326,노원구,172798
20240326,도봉구,97171
20240326,동대문구,112710
20240326,동작구,96420
20240326,마포구,272192
20240326,서대문구,106461
20240326,서초구,154813
20240326,성동구,136874
20240326,성북구,53543
20240326,송파구,213457
20240326,양천구,38497
20240326,영등포구,332987
20240326,은평구,129198
20240326,종로구,252810
20240326,중구,298488
20240326,중랑구,95649
20240327,강남구,421423
20240327,강동구,101126
20240327,강북구,51996
20240327,강서구,196974
20240327,관악구,164637
20240327,광진구,69351
20240327,구로구,137186
20240327,금천구,106435
20240327,노원구,179835
20240327,도봉구,101959
20240327,동대문구,119177
20240327,동작구,99203
20240327,마포구,280006
20240327,서대문구,108837
20240327,서초구,157943
20240327,성동구,141993
20240327,성북구,55282
20240327,송파구,220038
20240327,양천구,39079
20240327,영등포구,342133
20240327,은평구,133927
20240327,종로구,270926
20240327,중구,303481
20240327,중랑구,98783
20240328,강남구,440891
20240328,강동구,106327
20240328,강북구,63512
20240328,강서구,209368
20240328,관악구,170317
20240328,광진구,73213
20240328,구로구,144879
20240328,금천구,112983
20240328,노원구,182870
20240328,도봉구,106189
20240328,동대문구,129440
20240328,동작구,105918
20240328,마포구,301546
20240328,서대문구,129937
20240328,서초구,167958
20240328,성동구,145968
20240328,성북구,66974
20240328,송파구,232406
20240328,양천구,45740
20240328,영등포구,353936
20240328,은평구,147085
20240328,종로구,276503
20240328,중구,314527
20240328,중랑구,106893
20240329,강남구,432392
20240329,강동구,100911
20240329,강북구,50364
20240329,강서구,197562
20240329,관악구,168751
20240329,광진구,72408
20240329,구로구,135284
20240329,금천구,103148
20240329,노원구,173963
20240329,도봉구,97778
20240329,동대문구,115127
20240329,동작구,101234
20240329,마포구,295667
20240329,서대문구,108829
20240329,서초구,171461
20240329,성동구,145778
20240329,성북구,54100
20240329,송파구,225171
20240329,양천구,38401
20240329,영등포구,351108
20240329,은평구,129888
20240329,종로구,265803
20240329,중구,303380
20240329,중랑구,98382
20240330,강남구,256969
20240330,강동구,69622
20240330,강북구,41731
20240330,강서구,142586
20240330,관악구,136573
20240330,광진구,63652
20240330,구로구,92594
20240330,금천구,43241
20240330,노원구,134291
20240330,도봉구,79060
20240330,동대문구,86398
20240330,동작구,78010
20240330,마포구,253971
20240330,서대문구,86718
20240330,서초구,144244
20240330,성동구,110089
20240330,성북구,37596
20240330,송파구,155262
20240330,양천구,27021
20240330,영등포구,246032
20240330,은평구,100651
20240330,종로구,218125
20240330,중구,201746
20240330,중랑구,74327
20240331,강남구,157703
20240331,강동구,51823
20240331,강북구,32482
20240331,강서구,108029
20240331,관악구,101189
20240331,광진구,48211
20240331,구로구,69570
20240331,금천구,32008
20240331,노원구,100518
20240331,도봉구,63713
20240331,동대문구,65944
20240331,동작구,54707
20240331,마포구,191833
20240331,서대문구,62140
20240331,서초구,121951
20240331,성동구,84766
20240331,성북구,28583
20240331,송파구,116676
20240331,양천구,19477
20240331,영등포구,188231
20240331,은평구,76779
20240331,종로구,151008
20240331,중구,148099
20240331,중랑구,55572
20240401,강남구,403104
20240401,강동구,98350
20240401,강북구,50661
20240401,강서구,191808
20240401,관악구,152921
20240401,광진구,66093
20240401,구로구,132693
20240401,금천구,105492
20240401,노원구,171546
20240401,도봉구,97606
20240401,동대문구,111387
20240401,동작구,96398
20240401,마포구,273507
20240401,서대문구,106270
20240401,서초구,149759
20240401,성동구,141444
20240401,성북구,52775
20240401,송파구,202557
20240401,양천구,37725
20240401,영등포구,331018
20240401,은평구,128234
20240401,종로구,248592
20240401,중구,290412
20240401,중랑구,94899
20240402,강남구,415958
20240402,강동구,101490
20240402,강북구,52132
20240402,강서구,195129
20240402,관악구,160535
20240402,광진구,67979
20240402,구로구,135824
20240402,금천구,106926
20240402,노원구,176953
20240402,도봉구,100607
20240402,동대문구,114381
20240402,동작구,98218
20240402,마포구,280127
20240402,서대문구,109150
20240402,서초구,159346
20240402,성동구,145507
20240402,성북구,54965
20240402,송파구,216148
20240402,양천구,39384
20240402,영등포구,344876
20240402,은평구,132086
20240402,종로구,259068
20240402,중구,296731
20240402,중랑구,98027
20240403,강남구,410659
20240403,강동구,100224
20240403,강북구,50434
20240403,강서구,192846
20240403,관악구,158846
20240403,광진구,66723
20240403,구로구,134206
20240403,금천구,105252
20240403,노원구,174330
20240403,도봉구,97523
20240403,동대문구,112970
20240403,동작구,97739
20240403,마포구,278157
20240403,서대문구,106346
20240403,서초구,155030
20240403,성동구,140220
20240403,성북구,54255
20240403,송파구,211641
20240403,양천구,38337
20240403,영등포구,339820
20240403,은평구,130323
20240403,종로구,255404
20240403,중구,294728
20240403,중랑구,96124
20240404,강남구,417509
20240404,강동구,101448
20240404,강북구,51928
20240404,강서구,197013
20240404,관악구,164381
20240404,광진구,70020
20240404,구로구,136045
20240404,금천구,106662
20240404,노원구,176421
20240404,도봉구,99736
20240404,동대문구,115993
20240404,동작구,98831
20240404,마포구,289111
20240404,서대문구,112125
20240404,서초구,163163
20240404,성동구,147556
20240404,성북구,55028
20240404,송파구,223100
20240404,양천구,39027
20240404,영등포구,353821
20240404,은평구,133187
20240404,종로구,262300
20240404,중구,301856
20240404,중랑구,98638
20240405,강남구,423105
20240405,강동구,102883
20240405,강북구,52440
20240405,강서구,201290
20240405,관악구,170227
20240405,광진구,72885
20240405,구로구,137409
20240405,금천구,104909
20240405,노원구,177807
20240405,도봉구,101861
20240405,동대문구,117879
20240405,동작구,103914
20240405,마포구,301920
20240405,서대문구,112352
20240405,서초구,177190
20240405,성동구,155598
20240405,성북구,54789
20240405,송파구,225548
20240405,양천구,39511
20240405,영등포구,369395
20240405,은평구,136515
20240405,종로구,270101
20240405,중구,305363
20240405,중랑구,100757
20240406,강남구,249932
20240406,강동구,71894
20240406,강북구,43279
20240406,강서구,145020
20240406,관악구,140762
20240406,광진구,66287
20240406,구로구,94037
20240406,금천구,46253
20240406,노원구,135930
20240406,도봉구,82180
20240406,동대문구,88547
20240406,동작구,81754
20240406,마포구,262034
20240406,서대문구,89934
20240406,서초구,150773
20240406,성동구,130259
20240406,성북구,39017
20240406,송파구,166012
20240406,양천구,28197
20240406,영등포구,280114
20240406,은평구,109365
20240406,종로구,212547
20240406,중구,201742
20240406,중랑구,77230
20240407,강남구,153051
20240407,강동구,51733
20240407,강북구,33650
20240407,강서구,110705
20240407,관악구,104169
20240407,광진구,49682
20240407,구로구,70178
20240407,금천구,33970
20240407,노원구,102043
20240407,도봉구,64698
20240407,동대문구,67281
20240407,동작구,57457
20240407,마포구,191331
20240407,서대문구,64708
20240407,서초구,128409
20240407,성동구,95710
20240407,성북구,28802
20240407,송파구,119283
20240407,양천구,20311
20240407,영등포구,209021
20240407,은평구,78988
20240407,종로구,150535
20240407,중구,149814
20240407,중랑구,57002
20240408,강남구,400097
20240408,강동구,98586
20240408,강북구,50107
20240408,강서구,191103
20240408,관악구,155300
20240408,광진구,65407
20240408,구로구,132914
20240408,금천구,105061
20240408,노원구,171505
20240408,도봉구,97056
20240408,동대문구,111145
20240408,동작구,95835
20240408,마포구,263823
20240408,서대문구,103771
20240408,서초구,154306
20240408,성동구,136400
20240408,성북구,52657
20240408,송파구,204613
20240408,양천구,37977
20240408,영등포구,333887
20240408,은평구,127726
20240408,종로구,242192
20240408,중구,280016
20240408,중랑구,95499
20240409,강남구,423672
20240409,강동구,103505
20240409,강북구,54158
20240409,강서구,199929
20240409,관악구,170579
20240409,광진구,71145
20240409,구로구,139772
20240409,금천구,107858
20240409,노원구,181125
20240409,도봉구,104248
20240409,동대문구,116946
20240409,동작구,103364
20240409,마포구,283952
20240409,서대문구,111241
20240409,서초구,165863
20240409,성동구,146226
20240409,성북구,56089
20240409,송파구,231383
20240409,양천구,40180
20240409,영등포구,349456
20240409,은평구,134873
20240409,종로구,265671
20240409,중구,299265
20240409,중랑구,100496
20240410,강남구,171749
20240410,강동구,56299
20240410,강북구,35684
20240410,강서구,113965
20240410,관악구,108612
20240410,광진구,52980
20240410,구로구,73725
20240410,금천구,36022
20240410,노원구,110950
20240410,도봉구,66913
20240410,동대문구,69038
20240410,동작구,63415
20240410,마포구,193025
20240410,서대문구,67220
20240410,서초구,103911
20240410,성동구,95732
20240410,성북구,31222
20240410,송파구,124189
20240410,양천구,21296
20240410,영등포구,182345
20240410,은평구,83537
20240410,종로구,174041
20240410,중구,148697
20240410,중랑구,62655
20240411,강남구,409732
20240411,강동구,99060
20240411,강북구,50869
20240411,강서구,189076
20240411,관악구,159578
20240411,광진구,66327
20240411,구로구,134071
20240411,금천구,103617
20240411,노원구,172716
20240411,도봉구,97260
20240411,동대문구,111495
20240411,동작구,96769
20240411,마포구,270475
20240411,서대문구,105562
20240411,서초구,158685
20240411,성동구,137975
20240411,성북구,53224
20240411,송파구,219045
20240411,양천구,38049
20240411,영등포구,328937
20240411,은평구,128153
20240411,종로구,251735
20240411,중구,285569
20240411,중랑구,96265
20240412,강남구,424169
20240412,강동구,101996
20240412,강북구,52528
20240412,강서구,194880
20240412,관악구,169606
20240412,광진구,70369
20240412,구로구,137576
20240412,금천구,103891
20240412,노원구,178604
20240412,도봉구,101852
20240412,동대문구,115223
20240412,동작구,102135
20240412,마포구,285745
20240412,서대문구,108180
20240412,서초구,173680
20240412,성동구,146136
20240412,성북구,54079
20240412,송파구,231981
20240412,양천구,39066
20240412,영등포구,344970
20240412,은평구,134412
20240412,종로구,267443
20240412,중구,292871
20240412,중랑구,100704
20240413,강남구,247958
20240413,강동구,69593
20240413,강북구,42289
20240413,강서구,139745
20240413,관악구,137690
20240413,광진구,60499
20240413,구로구,92401
20240413,금천구,43366
20240413,노원구,137647
20240413,도봉구,81569
20240413,동대문구,84816
20240413,동작구,79769
20240413,마포구,242256
20240413,서대문구,84462
20240413,서초구,147570
20240413,성동구,114105
20240413,성북구,37350
20240413,송파구,163725
20240413,양천구,26429
20240413,영등포구,238230
20240413,은평구,101222
20240413,종로구,206877
20240413,중구,191590
20240413,중랑구,75463
20240414,강남구,148070
20240414,강동구,50394
20240414,강북구,32234
20240414,강서구,106636
20240414,관악구,100252
20240414,광진구,44547
20240414,구로구,67357
20240414,금천구,31437
20240414,노원구,98360
20240414,도봉구,63122
20240414,동대문구,62893
20240414,동작구,55039
20240414,마포구,174970
20240414,서대문구,59258
20240414,서초구,121049
20240414,성동구,81061
20240414,성북구,27934
20240414,송파구,121183
20240414,양천구,19315
20240414,영등포구,172538
20240414,은평구,72646
20240414,종로구,139006
20240414,중구,133898
20240414,중랑구,54417
20240415,강남구,396332
20240415,강동구,95686
20240415,강북구,45833
20240415,강서구,184880
20240415,관악구,150313
20240415,광진구,60745
20240415,구로구,128508
20240415,금천구,101679
20240415,노원구,162357
20240415,도봉구,89976
20240415,동대문구,103991
20240415,동작구,91617
20240415,마포구,251685
20240415,서대문구,98324
20240415,서초구,150850
20240415,성동구,126711
20240415,성북구,50176
20240415,송파구,196803
20240415,양천구,36642
20240415,영등포구,314266
20240415,은평구,121904
20240415,종로구,229007
20240415,중구,268577
20240415,중랑구,90821
20240416,강남구,414684
20240416,강동구,100260
20240416,강북구,50961
20240416,강서구,193482
20240416,관악구,160464
20240416,광진구,65756
20240416,구로구,135052
20240416,금천구,105917
20240416,노원구,174534
20240416,도봉구,98118
20240416,동대문구,111364
20240416,동작구,96670
20240416,마포구,268409
20240416,서대문구,105712
20240416,서초구,155502
20240416,성동구,138151
20240416,성북구,54225
20240416,송파구,216787
20240416,양천구,39379
20240416,영등포구,336001
20240416,은평구,130788
20240416,종로구,250102
20240416,중구,288870
20240416,중랑구,96781
20240417,강남구,415967
20240417,강동구,101931
20240417,강북구,51775
20240417,강서구,196715
20240417,관악구,162139
20240417,광진구,66022
20240417,구로구,137226
20240417,금천구,105081
20240417,노원구,177708
20240417,도봉구,100686
20240417,동대문구,114635
20240417,동작구,99253
20240417,마포구,269854
20240417,서대문구,105049
20240417,서초구,157426
20240417,성동구,139005
20240417,성북구,54550
20240417,송파구,218114
20240417,양천구,39155
20240417,영등포구,341711
20240417,은평구,133416
20240417,종로구,256884
20240417,중구,289820
20240417,중랑구,98905
20240418,강남구,417315
20240418,강동구,101469
20240418,강북구,52891
20240418,강서구,195113
20240418,관악구,163390
20240418,광진구,65620
20240418,구로구,136092
20240418,금천구,105568
20240418,노원구,176771
20240418,도봉구,100572
20240418,동대문구,114045
20240418,동작구,98755
20240418,마포구,272420
20240418,서대문구,105597
20240418,서초구,160736
20240418,성동구,139934
20240418,성북구,54761
20240418,송파구,218870
20240418,양천구,39034
20240418,영등포구,340073
20240418,은평구,132124
20240418,종로구,256157
20240418,중구,290775
20240418,중랑구,97671
20240419,강남구,422201
20240419,강동구,101981
20240419,강북구,52119
20240419,강서구,198939
20240419,관악구,169937
20240419,광진구,68191
20240419,구로구,136800
20240419,금천구,103803
20240419,노원구,179030
20240419,도봉구,102324
20240419,동대문구,114705
20240419,동작구,101664
20240419,마포구,283818
20240419,서대문구,104698
20240419,서초구,171865
20240419,성동구,144709
20240419,성북구,54225
20240419,송파구,218903
20240419,양천구,39364
20240419,영등포구,348408
20240419,은평구,134343
20240419,종로구,266558
20240419,중구,296800
20240419,중랑구,99340
20240420,강남구,234046
20240420,강동구,65651
20240420,강북구,37712
20240420,강서구,131125
20240420,관악구,130272
20240420,광진구,54071
20240420,구로구,86821
20240420,금천구,40363
20240420,노원구,125578
20240420,도봉구,72523
20240420,동대문구,77022
20240420,동작구,72954
20240420,마포구,221168
20240420,서대문구,77143
20240420,서초구,138106
20240420,성동구,92140
20240420,성북구,35254
20240420,송파구,132118
20240420,양천구,24807
20240420,영등포구,226437
20240420,은평구,93462
20240420,종로구,186427
20240420,중구,170073
20240420,중랑구,69837
20240421,강남구,144264
20240421,강동구,48426
20240421,강북구,30351
20240421,강서구,101156
20240421,관악구,96618
20240421,광진구,40819
20240421,구로구,66840
20240421,금천구,30780
20240421,노원구,97783
20240421,도봉구,61259
20240421,동대문구,60849
20240421,동작구,52216
20240421,마포구,166145
20240421,서대문구,55930
20240421,서초구,112388
20240421,성동구,75260
20240421,성북구,27085
20240421,송파구,102621
20240421,양천구,18120
20240421,영등포구,168146
20240421,은평구,72051
20240421,종로구,134068
20240421,중구,131490
20240421,중랑구,53081
20240422,강남구,393996
20240422,강동구,98265
20240422,강북구,49878
20240422,강서구,191028
20240422,관악구,153737
20240422,광진구,62116
20240422,구로구,132552
20240422,금천구,104513
20240422,노원구,172530
20240422,도봉구,96730
20240422,동대문구,108856
20240422,동작구,94912
20240422,마포구,256283
20240422,서대문구,97235
20240422,서초구,152191
20240422,성동구,130053
20240422,성북구,52077
20240422,송파구,199787
20240422,양천구,37492
20240422,영등포구,323797
20240422,은평구,128128
20240422,종로구,238786
20240422,중구,276362
20240422,중랑구,94568
20240423,강남구,410978
20240423,강동구,100377
20240423,강북구,51065
20240423,강서구,192964
20240423,관악구,159870
20240423,광진구,64244
20240423,구로구,134852
20240423,금천구,106590
20240423,노원구,176565
20240423,도봉구,99359
20240423,동대문구,110774
20240423,동작구,97044
20240423,마포구,265709
20240423,서대문구,102456
20240423,서초구,153245
20240423,성동구,136049
20240423,성북구,53520
20240423,송파구,211138
20240423,양천구,38901
20240423,영등포구,334865
20240423,은평구,130734
20240423,종로구,249347
20240423,중구,285288
20240423,중랑구,96940
20240424,강남구,406016
20240424,강동구,99026
20240424,강북구,50080
20240424,강서구,192436
20240424,관악구,159454
20240424,광진구,64289
20240424,구로구,134212
20240424,금천구,104038
20240424,노원구,174053
20240424,도봉구,95818
20240424,동대문구,109421
20240424,동작구,95846
20240424,마포구,262929
20240424,서대문구,100560
20240424,서초구,153343
20240424,성동구,131707
20240424,성북구,53092
20240424,송파구,209461
20240424,양천구,37953
20240424,영등포구,334016
20240424,은평구,129473
20240424,종로구,248508
20240424,중구,283261
20240424,중랑구,95541
20240425,강남구,414747
20240425,강동구,102610
20240425,강북구,52734
20240425,강서구,196078
20240425,관악구,166423
20240425,광진구,66925
20240425,구로구,136871
20240425,금천구,105858
20240425,노원구,180398
20240425,도봉구,101607
20240425,동대문구,115711
20240425,동작구,98719
20240425,마포구,277922
20240425,서대문구,103417
20240425,서초구,161764
20240425,성동구,139697
20240425,성북구,54920
20240425,송파구,214948
20240425,양천구,38718
20240425,영등포구,341431
20240425,은평구,134325
20240425,종로구,259640
20240425,중구,293280
20240425,중랑구,98829
20240426,강남구,426434
20240426,강동구,103218
20240426,강북구,53180
20240426,강서구,202245
20240426,관악구,173499
20240426,광진구,72734
20240426,구로구,138505
20240426,금천구,104473
20240426,노원구,182933
20240426,도봉구,104118
20240426,동대문구,117309
20240426,동작구,104013
20240426,마포구,298618
20240426,서대문구,107581
20240426,서초구,179039
20240426,성동구,149476
20240426,성북구,54675
20240426,송파구,227402
20240426,양천구,39675
20240426,영등포구,354783
20240426,은평구,136773
20240426,종로구,271718
20240426,중구,300204
20240426,중랑구,100595
20240427,강남구,255176
20240427,강동구,72359
20240427,강북구,43840
20240427,강서구,144718
20240427,관악구,142755
20240427,광진구,65357
20240427,구로구,96469
20240427,금천구,45174
20240427,노원구,144398
20240427,도봉구,84275
20240427,동대문구,88140
20240427,동작구,80737
20240427,마포구,267587
20240427,서대문구,90017
20240427,서초구,151720
20240427,성동구,113265
20240427,성북구,38914
20240427,송파구,171879
20240427,양천구,27753
20240427,영등포구,246841
20240427,은평구,106749
20240427,종로구,211269
20240427,중구,195710
20240427,중랑구,78747
20240428,강남구,157807
20240428,강동구,50759
20240428,강북구,32273
20240428,강서구,108974
20240428,관악구,104340
20240428,광진구,46799
20240428,구로구,70629
20240428,금천구,32277
20240428,노원구,105280
20240428,도봉구,65217
20240428,동대문구,66296
20240428,동작구,55788
20240428,마포구,210974
20240428,서대문구,62519
20240428,서초구,129217
20240428,성동구,82121
20240428,성북구,28726
20240428,송파구,118619
20240428,양천구,19750
20240428,영등포구,191264
20240428,은평구,77936
20240428,종로구,147736
20240428,중구,148726
20240428,중랑구,55803
20240429,강남구,402342
20240429,강동구,99516
20240429,강북구,51078
20240429,강서구,193450
20240429,관악구,156130
20240429,광진구,66607
20240429,구로구,133519
20240429,금천구,105337
20240429,노원구,175208
20240429,도봉구,97875
20240429,동대문구,111478
20240429,동작구,97019
20240429,마포구,275882
20240429,서대문구,105528
20240429,서초구,155982
20240429,성동구,137609
20240429,성북구,53586
20240429,송파구,203993
20240429,양천구,37834
20240429,영등포구,332006
20240429,은평구,130898
20240429,종로구,250970
20240429,중구,292159
20240429,중랑구,95759
20240430,강남구,423022
20240430,강동구,103077
20240430,강북구,53123
20240430,강서구,199308
20240430,관악구,169745
20240430,광진구,71190
20240430,구로구,140269
20240430,금천구,108176
20240430,노원구,183409
20240430,도봉구,103651
20240430,동대문구,116789
20240430,동작구,102016
20240430,마포구,291034
20240430,서대문구,112602
20240430,서초구,163822
20240430,성동구,146284
20240430,성북구,55490
20240430,송파구,226243
20240430,양천구,39788
20240430,영등포구,349074
20240430,은평구,136048
20240430,종로구,262202
20240430,중구,304549
20240430,중랑구,100407
20240501,강남구,218027
20240501,강동구,70573
20240501,강북구,43746
20240501,강서구,132325
20240501,관악구,120724
20240501,광진구,59850
20240501,구로구,87713
20240501,금천구,42673
20240501,노원구,139503
20240501,도봉구,83059
20240501,동대문구,86434
20240501,동작구,74962
20240501,마포구,221081
20240501,서대문구,87207
20240501,서초구,120756
20240501,성동구,106942
20240501,성북구,39632
20240501,송파구,148828
20240501,양천구,26705
20240501,영등포구,206417
20240501,은평구,102030
20240501,종로구,215646
20240501,중구,211231
20240501,중랑구,70914
20240502,강남구,421472
20240502,강동구,101757
20240502,강북구,52822
20240502,강서구,197106
20240502,관악구,163713
20240502,광진구,69871
20240502,구로구,138785
20240502,금천구,105743
20240502,노원구,182421
20240502,도봉구,102083
20240502,동대문구,116887
20240502,동작구,99101
20240502,마포구,290628
20240502,서대문구,112519
20240502,서초구,163788
20240502,성동구,145301
20240502,성북구,55439
20240502,송파구,223104
20240502,양천구,39501
20240502,영등포구,345197
20240502,은평구,132852
20240502,종로구,266061
20240502,중구,302018
20240502,중랑구,97900
20240503,강남구,430685
20240503,강동구,102672
20240503,강북구,53566
20240503,강서구,203500
20240503,관악구,169954
20240503,광진구,73706
20240503,구로구,139981
20240503,금천구,105000
20240503,노원구,186233
20240503,도봉구,104371
20240503,동대문구,118888
20240503,동작구,103837
20240503,마포구,309146
20240503,서대문구,114467
20240503,서초구,183898
20240503,성동구,150839
20240503,성북구,55177
20240503,송파구,228940
20240503,양천구,39754
20240503,영등포구,359660
20240503,은평구,136193
20240503,종로구,282398
20240503,중구,309505
20240503,중랑구,101854
20240504,강남구,239982
20240504,강동구,68872
20240504,강북구,42298
20240504,강서구,141016
20240504,관악구,130755
20240504,광진구,60668
20240504,구로구,93464
20240504,금천구,43008
20240504,노원구,134804
20240504,도봉구,80080
20240504,동대문구,85129
20240504,동작구,77792
20240504,마포구,276262
20240504,서대문구,88978
20240504,서초구,150951
20240504,성동구,111781
20240504,성북구,37396
20240504,송파구,154932
20240504,양천구,25937
20240504,영등포구,230496
20240504,은평구,102924
20240504,종로구,216949
20240504,중구,205731
20240504,중랑구,74992
20240505,강남구,138952
20240505,강동구,43309
20240505,강북구,25242
20240505,강서구,92378
20240505,관악구,83431
20240505,광진구,39928
20240505,구로구,58932
20240505,금천구,24799
20240505,노원구,84080
20240505,도봉구,48236
20240505,동대문구,51180
20240505,동작구,45487
20240505,마포구,172135
20240505,서대문구,55125
20240505,서초구,110404
20240505,성동구,63761
20240505,성북구,24362
20240505,송파구,91035
20240505,양천구,15661
20240505,영등포구,159483
20240505,은평구,63558
20240505,종로구,123753
20240505,중구,128655
20240505,중랑구,46441
20240506,강남구,144753
20240506,강동구,46477
20240506,강북구,28303
20240506,강서구,99126
20240506,관악구,85119
20240506,광진구,41726
20240506,구로구,60856
20240506,금천구,27943
20240506,노원구,91205
20240506,도봉구,52865
20240506,동대문구,55618
20240506,동작구,50431
20240506,마포구,170091
20240506,서대문구,55724
20240506,서초구,130041
20240506,성동구,64327
20240506,성북구,25230
20240506,송파구,88795
20240506,양천구,17012
20240506,영등포구,150520
20240506,은평구,65911
20240506,종로구,133560
20240506,중구,121819
20240506,중랑구,50110
20240507,강남구,406143
20240507,강동구,100458
20240507,강북구,50493
20240507,강서구,192070
20240507,관악구,155772
20240507,광진구,64895
20240507,구로구,133417
20240507,금천구,105989
20240507,노원구,175885
20240507,도봉구,98301
20240507,동대문구,109510
20240507,동작구,96168
20240507,마포구,264234
20240507,서대문구,105461
20240507,서초구,159238
20240507,성동구,132625
20240507,성북구,53550
20240507,송파구,212222
20240507,양천구,38013
20240507,영등포구,329845
20240507,은평구,129676
20240507,종로구,237702
20240507,중구,274656
20240507,중랑구,95598
20240508,강남구,410421
20240508,강동구,102893
20240508,강북구,54126
20240508,강서구,198798
20240508,관악구,161795
20240508,광진구,67278
20240508,구로구,138182
20240508,금천구,107085
20240508,노원구,182950
20240508,도봉구,102932
20240508,동대문구,115371
20240508,동작구,100349
20240508,마포구,266452
20240508,서대문구,109480
20240508,서초구,158052
20240508,성동구,137239
20240508,성북구,56265
20240508,송파구,217052
20240508,양천구,38552
20240508,영등포구,339635
20240508,은평구,135886
20240508,종로구,255231
20240508,중구,281436
20240508,중랑구,99157
20240509,강남구,423326
20240509,강동구,102586
20240509,강북구,53165
20240509,강서구,199216
20240509,관악구,164751
20240509,광진구,69647
20240509,구로구,137820
20240509,금천구,107195
20240509,노원구,184009
20240509,도봉구,102717
20240509,동대문구,116803
20240509,동작구,100568
20240509,마포구,276844
20240509,서대문구,110734
20240509,서초구,163867
20240509,성동구,140183
20240509,성북구,55831
20240509,송파구,221949
20240509,양천구,38981
20240509,영등포구,344023
20240509,은평구,134514
20240509,종로구,262551
20240509,중구,290115
20240509,중랑구,99440
20240510,강남구,435609
20240510,강동구,105615
20240510,강북구,53830
20240510,강서구,205442
20240510,관악구,174597
20240510,광진구,73780
20240510,구로구,142589
20240510,금천구,106976
20240510,노원구,188803
20240510,도봉구,106645
20240510,동대문구,118662
20240510,동작구,105188
20240510,마포구,294838
20240510,서대문구,113812
20240510,서초구,179220
20240510,성동구,147941
20240510,성북구,56905
20240510,송파구,228063
20240510,양천구,40867
20240510,영등포구,358290
20240510,은평구,138557
20240510,종로구,279078
20240510,중구,297111
20240510,중랑구,103738
20240511,강남구,252418
20240511,강동구,68433
20240511,강북구,39653
20240511,강서구,131780
20240511,관악구,130913
20240511,광진구,59525
20240511,구로구,87294
20240511,금천구,39804
20240511,노원구,130798
20240511,도봉구,74621
20240511,동대문구,82564
20240511,동작구,74518
20240511,마포구,228053
20240511,서대문구,84190
20240511,서초구,144675
20240511,성동구,94151
20240511,성북구,36496
20240511,송파구,141759
20240511,양천구,24922
20240511,영등포구,229112
20240511,은평구,95886
20240511,종로구,234843
20240511,중구,183436
20240511,중랑구,71901
20240512,강남구,161458
20240512,강동구,51847
20240512,강북구,34025
20240512,강서구,108285
20240512,관악구,103629
20240512,광진구,49424
20240512,구로구,70561
20240512,금천구,32885
20240512,노원구,111380
20240512,도봉구,66687
20240512,동대문구,67503
20240512,동작구,55960
20240512,마포구,191164
20240512,서대문구,62279
20240512,서초구,131236
20240512,성동구,83954
20240512,성북구,30644
20240512,송파구,120114
20240512,양천구,19564
20240512,영등포구,176231
20240512,은평구,78801
20240512,종로구,164369
20240512,중구,146597
20240512,중랑구,58097
20240513,강남구,405262
20240513,강동구,100842
20240513,강북구,52000
20240513,강서구,193001
20240513,관악구,158451
20240513,광진구,67195
20240513,구로구,134739
20240513,금천구,106622
20240513,노원구,178655
20240513,도봉구,100051
20240513,동대문구,112931
20240513,동작구,97926
20240513,마포구,266775
20240513,서대문구,105670
20240513,서초구,159211
20240513,성동구,133187
20240513,성북구,53827
20240513,송파구,206785
20240513,양천구,38388
20240513,영등포구,332789
20240513,은평구,131408
20240513,종로구,250881
20240513,중구,280394
20240513,중랑구,97886
20240514,강남구,426232
20240514,강동구,106968
20240514,강북구,54460
20240514,강서구,202138
20240514,관악구,173397
20240514,광진구,72600
20240514,구로구,141095
20240514,금천구,108568
20240514,노원구,190828
20240514,도봉구,105601
20240514,동대문구,119437
20240514,동작구,104021
20240514,마포구,287260
20240514,서대문구,113804
20240514,서초구,171500
20240514,성동구,142359
20240514,성북구,56727
20240514,송파구,228718
20240514,양천구,40561
20240514,영등포구,349651
20240514,은평구,137047
20240514,종로구,272870
20240514,중구,298517
20240514,중랑구,102512
20240515,강남구,176165
20240515,강동구,53709
20240515,강북구,37009
20240515,강서구,108099
20240515,관악구,103067
20240515,광진구,48538
20240515,구로구,69114
20240515,금천구,32457
20240515,노원구,112098
20240515,도봉구,64195
20240515,동대문구,65962
20240515,동작구,59188
20240515,마포구,185163
20240515,서대문구,65588
20240515,서초구,104108
20240515,성동구,71651
20240515,성북구,31138
20240515,송파구,113502
20240515,양천구,19292
20240515,영등포구,173705
20240515,은평구,82203
20240515,종로구,179654
20240515,중구,135871
20240515,중랑구,58477
20240516,강남구,417951
20240516,강동구,101999
20240516,강북구,52305
20240516,강서구,195963
20240516,관악구,164636
20240516,광진구,68493
20240516,구로구,135653
20240516,금천구,105605
20240516,노원구,184113
20240516,도봉구,102206
20240516,동대문구,115903
20240516,동작구,99454
20240516,마포구,278864
20240516,서대문구,110031
20240516,서초구,163953
20240516,성동구,136951
20240516,성북구,55264
20240516,송파구,219043
20240516,양천구,39282
20240516,영등포구,339988
20240516,은평구,133447
20240516,종로구,261159
20240516,중구,289432
20240516,중랑구,99879
20240517,강남구,423734
20240517,강동구,102744
20240517,강북구,52893
20240517,강서구,200135
20240517,관악구,171896
20240517,광진구,71650
20240517,구로구,137988
20240517,금천구,105643
20240517,노원구,190866
20240517,도봉구,105320
20240517,동대문구,118213
20240517,동작구,103787
20240517,마포구,291405
20240517,서대문구,111897
20240517,서초구,176684
20240517,성동구,142264
20240517,성북구,55143
20240517,송파구,230267
20240517,양천구,39604
20240517,영등포구,349526
20240517,은평구,135850
20240517,종로구,269518
20240517,중구,299079
20240517,중랑구,103573
20240518,강남구,250144
20240518,강동구,72993
20240518,강북구,43447
20240518,강서구,142637
20240518,관악구,141460
20240518,광진구,66360
20240518,구로구,95158
20240518,금천구,45053
20240518,노원구,164992
20240518,도봉구,83341
20240518,동대문구,87298
20240518,동작구,80382
20240518,마포구,254587
20240518,서대문구,90042
20240518,서초구,153711
20240518,성동구,107596
20240518,성북구,39787
20240518,송파구,172180
20240518,양천구,28027
20240518,영등포구,240840
20240518,은평구,103947
20240518,종로구,214536
20240518,중구,193706
20240518,중랑구,91765
20240519,강남구,153432
20240519,강동구,52068
20240519,강북구,33550
20240519,강서구,106246
20240519,관악구,101905
20240519,광진구,48240
20240519,구로구,69804
20240519,금천구,33110
20240519,노원구,127428
20240519,도봉구,66075
20240519,동대문구,65404
20240519,동작구,56186
20240519,마포구,191796
20240519,서대문구,64051
20240519,서초구,127832
20240519,성동구,75201
20240519,성북구,30050
20240519,송파구,116417
20240519,양천구,20246
20240519,영등포구,177644
20240519,은평구,77795
20240519,종로구,145541
20240519,중구,142432
20240519,중랑구,69495
20240520,강남구,397350
20240520,강동구,99602
20240520,강북구,49573
20240520,강서구,192167
20240520,관악구,155503
20240520,광진구,63813
20240520,구로구,132854
20240520,금천구,105034
20240520,노원구,180575
20240520,도봉구,97890
20240520,동대문구,111407
20240520,동작구,95850
20240520,마포구,263142
20240520,서대문구,102733
20240520,서초구,150290
20240520,성동구,130055
20240520,성북구,53076
20240520,송파구,203138
20240520,양천구,37543
20240520,영등포구,321199
20240520,은평구,128866
20240520,종로구,242337
20240520,중구,272681
20240520,중랑구,97554
20240521,강남구,417586
20240521,강동구,101762
20240521,강북구,52388
20240521,강서구,195404
20240521,관악구,162238
20240521,광진구,68250
20240521,구로구,135602
20240521,금천구,106823
20240521,노원구,187739
20240521,도봉구,101861
20240521,동대문구,113551
20240521,동작구,98847
20240521,마포구,270812
20240521,서대문구,107692
20240521,서초구,160958
20240521,성동구,135642
20240521,성북구,54716
20240521,송파구,218416
20240521,양천구,39300
20240521,영등포구,337655
20240521,은평구,132564
20240521,종로구,255304
20240521,중구,287785
20240521,중랑구,100130
20240522,강남구,412534
20240522,강동구,102254
20240522,강북구,52629
20240522,강서구,197175
20240522,관악구,164139
20240522,광진구,68248
20240522,구로구,137121
20240522,금천구,105866
20240522,노원구,187671
20240522,도봉구,101816
20240522,동대문구,117226
20240522,동작구,99583
20240522,마포구,272292
20240522,서대문구,108168
20240522,서초구,160199
20240522,성동구,142225
20240522,성북구,55242
20240522,송파구,216195
20240522,양천구,38879
20240522,영등포구,341303
20240522,은평구,132457
20240522,종로구,261949
20240522,중구,290025
20240522,중랑구,100247
20240523,강남구,415903
20240523,강동구,101479
20240523,강북구,52318
20240523,강서구,196866
20240523,관악구,164907
20240523,광진구,68426
20240523,구로구,136805
20240523,금천구,105277
20240523,노원구,185945
20240523,도봉구,101466
20240523,동대문구,118939
20240523,동작구,99396
20240523,마포구,277505
20240523,서대문구,109140
20240523,서초구,163906
20240523,성동구,141381
20240523,성북구,54941
20240523,송파구,218002
20240523,양천구,38800
20240523,영등포구,345893
20240523,은평구,132867
20240523,종로구,261539
20240523,중구,293202
20240523,중랑구,99769
20240524,강남구,423684
20240524,강동구,103842
20240524,강북구,53156
20240524,강서구,200600
20240524,관악구,172241
20240524,광진구,71418
20240524,구로구,138385
20240524,금천구,104330
20240524,노원구,187272
20240524,도봉구,104318
20240524,동대문구,121528
20240524,동작구,103222
20240524,마포구,291736
20240524,서대문구,110117
20240524,서초구,177179
20240524,성동구,146092
20240524,성북구,55028
20240524,송파구,224837
20240524,양천구,39487
20240524,영등포구,355384
20240524,은평구,135055
20240524,종로구,270120
20240524,중구,296670
20240524,중랑구,102055
20240525,강남구,251005
20240525,강동구,73691
20240525,강북구,44381
20240525,강서구,144325
20240525,관악구,143724
20240525,광진구,63807
20240525,구로구,96822
20240525,금천구,44851
20240525,노원구,154345
20240525,도봉구,85092
20240525,동대문구,90582
20240525,동작구,81069
20240525,마포구,272966
20240525,서대문구,89922
20240525,서초구,153238
20240525,성동구,106757
20240525,성북구,40398
20240525,송파구,160629
20240525,양천구,28294
20240525,영등포구,252864
20240525,은평구,106923
20240525,종로구,223289
20240525,중구,209138
20240525,중랑구,83116
20240526,강남구,148846
20240526,강동구,48826
20240526,강북구,29993
20240526,강서구,100133
20240526,관악구,96972
20240526,광진구,43679
20240526,구로구,66302
20240526,금천구,29827
20240526,노원구,101677
20240526,도봉구,59446
20240526,동대문구,62785
20240526,동작구,51994
20240526,마포구,190440
20240526,서대문구,62039
20240526,서초구,119877
20240526,성동구,67149
20240526,성북구,26949
20240526,송파구,106484
20240526,양천구,17981
20240526,영등포구,175716
20240526,은평구,71521
20240526,종로구,134261
20240526,중구,135131
20240526,중랑구,52804
20240527,강남구,402730
20240527,강동구,99880
20240527,강북구,50633
20240527,강서구,193472
20240527,관악구,156680
20240527,광진구,64601
20240527,구로구,133689
20240527,금천구,105511
20240527,노원구,174965
20240527,도봉구,99011
20240527,동대문구,112548
20240527,동작구,96634
20240527,마포구,265761
20240527,서대문구,102996
20240527,서초구,156055
20240527,성동구,132336
20240527,성북구,52906
20240527,송파구,203598
20240527,양천구,37709
20240527,영등포구,332933
20240527,은평구,129785
20240527,종로구,245594
20240527,중구,281831
20240527,중랑구,96533
20240528,강남구,414081
20240528,강동구,102950
20240528,강북구,52137
20240528,강서구,195147
20240528,관악구,161944
20240528,광진구,66305
20240528,구로구,136618
20240528,금천구,106439
20240528,노원구,177649
20240528,도봉구,101766
20240528,동대문구,114028
20240528,동작구,98418
20240528,마포구,271869
20240528,서대문구,106883
20240528,서초구,156762
20240528,성동구,136506
20240528,성북구,54470
20240528,송파구,213796
20240528,양천구,38752
20240528,영등포구,338875
20240528,은평구,133136
20240528,종로구,255657
20240528,중구,291210
20240528,중랑구,97942
20240529,강남구,410898
20240529,강동구,102418
20240529,강북구,51776
20240529,강서구,196520
20240529,관악구,162842
20240529,광진구,66238
20240529,구로구,137029
20240529,금천구,106352
20240529,노원구,179482
20240529,도봉구,102716
20240529,동대문구,114046
20240529,동작구,98476
20240529,마포구,271359
20240529,서대문구,106360
20240529,서초구,157734
20240529,성동구,136629
20240529,성북구,54704
20240529,송파구,214712
20240529,양천구,38785
20240529,영등포구,340665
20240529,은평구,132593
20240529,종로구,264581
20240529,중구,301750
20240529,중랑구,97675
20240530,강남구,412676
20240530,강동구,100997
20240530,강북구,51597
20240530,강서구,194877
20240530,관악구,163645
20240530,광진구,66436
20240530,구로구,135416
20240530,금천구,105395
20240530,노원구,177245
20240530,도봉구,100615
20240530,동대문구,114177
20240530,동작구,97652
20240530,마포구,273025
20240530,서대문구,107276
20240530,서초구,159390
20240530,성동구,137278
20240530,성북구,55420
20240530,송파구,214367
20240530,양천구,38194
20240530,영등포구,338451
20240530,은평구,131258
20240530,종로구,261279
20240530,중구,295104
20240530,중랑구,97134
20240531,강남구,421808
20240531,강동구,103594
20240531,강북구,51997
20240531,강서구,201651
20240531,관악구,171089
20240531,광진구,70438
20240531,구로구,137433
20240531,금천구,104381
20240531,노원구,180838
20240531,도봉구,103301
20240531,동대문구,116941
20240531,동작구,102687
20240531,마포구,286904
20240531,서대문구,107264
20240531,서초구,173082
20240531,성동구,142226
20240531,성북구,54445
20240531,송파구,227498
20240531,양천구,39033
20240531,영등포구,352266
20240531,은평구,133461
20240531,종로구,266632
20240531,중구,292263
20240531,중랑구,99834
20240601,강남구,246521
20240601,강동구,70773
20240601,강북구,42368
20240601,강서구,140866
20240601,관악구,136761
20240601,광진구,68197
20240601,구로구,92594
20240601,금천구,43525
20240601,노원구,138151
20240601,도봉구,81600
20240601,동대문구,85311
20240601,동작구,77869
20240601,마포구,241909
20240601,서대문구,85799
20240601,서초구,144939
20240601,성동구,104644
20240601,성북구,38072
20240601,송파구,153971
20240601,양천구,27233
20240601,영등포구,240962
20240601,은평구,101401
20240601,종로구,219429
20240601,중구,219359
20240601,중랑구,75666
20240602,강남구,145139
20240602,강동구,50441
20240602,강북구,32001
20240602,강서구,103277
20240602,관악구,97733
20240602,광진구,44731
20240602,구로구,67375
20240602,금천구,30829
20240602,노원구,100061
20240602,도봉구,63814
20240602,동대문구,63197
20240602,동작구,54149
20240602,마포구,179931
20240602,서대문구,58988
20240602,서초구,117785
20240602,성동구,74215
20240602,성북구,27486
20240602,송파구,111538
20240602,양천구,18886
20240602,영등포구,173462
20240602,은평구,74253
20240602,종로구,137574
20240602,중구,132883
20240602,중랑구,54772
20240603,강남구,399340
20240603,강동구,99236
20240603,강북구,50595
20240603,강서구,191624
20240603,관악구,155129
20240603,광진구,63833
20240603,구로구,133159
20240603,금천구,105856
20240603,노원구,173477
20240603,도봉구,98147
20240603,동대문구,110815
20240603,동작구,95514
20240603,마포구,258943
20240603,서대문구,101849
20240603,서초구,151882
20240603,성동구,129626
20240603,성북구,52415
20240603,송파구,201857
20240603,양천구,37844
20240603,영등포구,329836
20240603,은평구,128934
20240603,종로구,240923
20240603,중구,275523
20240603,중랑구,95487
20240604,강남구,416141
20240604,강동구,101445
20240604,강북구,52108
20240604,강서구,194625
20240604,관악구,162341
20240604,광진구,65697
20240604,구로구,135386
20240604,금천구,106206
20240604,노원구,177470
20240604,도봉구,100339
20240604,동대문구,112958
20240604,동작구,97725
20240604,마포구,267479
20240604,서대문구,104998
20240604,서초구,156069
20240604,성동구,133827
20240604,성북구,54340
20240604,송파구,216475
20240604,양천구,39291
20240604,영등포구,336076
20240604,은평구,131021
20240604,종로구,250373
20240604,중구,283089
20240604,중랑구,97308
20240605,강남구,418549
20240605,강동구,103722
20240605,강북구,53306
20240605,강서구,202227
20240605,관악구,170477
20240605,광진구,68790
20240605,구로구,139748
20240605,금천구,107364
20240605,노원구,183883
20240605,도봉구,102140
20240605,동대문구,116051
20240605,동작구,101762
20240605,마포구,278376
20240605,서대문구,109430
20240605,서초구,170478
20240605,성동구,137422
20240605,성북구,55458
20240605,송파구,222425
20240605,양천구,39544
20240605,영등포구,347250
20240605,은평구,134968
20240605,종로구,258312
20240605,중구,288757
20240605,중랑구,100928
20240606,강남구,163869
20240606,강동구,54690
20240606,강북구,36336
20240606,강서구,114928
20240606,관악구,107590
20240606,광진구,52226
20240606,구로구,72850
20240606,금천구,35276
20240606,노원구,110454
20240606,도봉구,67556
20240606,동대문구,68619
20240606,동작구,61368
20240606,마포구,197563
20240606,서대문구,65434
20240606,서초구,108939
20240606,성동구,88122
20240606,성북구,30698
20240606,송파구,117925
20240606,양천구,20913
20240606,영등포구,178587
20240606,은평구,82148
20240606,종로구,181564
20240606,중구,156947
20240606,중랑구,60532
20240607,강남구,365498
20240607,강동구,92237
20240607,강북구,48835
20240607,강서구,182424
20240607,관악구,153981
20240607,광진구,65167
20240607,구로구,122873
20240607,금천구,85626
20240607,노원구,167250
20240607,도봉구,94897
20240607,동대문구,106071
20240607,동작구,92565
20240607,마포구,270134
20240607,서대문구,101287
20240607,서초구,158595
20240607,성동구,131992
20240607,성북구,48645
20240607,송파구,200938
20240607,양천구,34811
20240607,영등포구,317328
20240607,은평구,124400
20240607,종로구,249519
20240607,중구,269625
20240607,중랑구,92548
20240608,강남구,216261
20240608,강동구,61079
20240608,강북구,35624
20240608,강서구,123549
20240608,관악구,121126
20240608,광진구,50714
20240608,구로구,83271
20240608,금천구,37342
20240608,노원구,116980
20240608,도봉구,67407
20240608,동대문구,72998
20240608,동작구,67472
20240608,마포구,208939
20240608,서대문구,72953
20240608,서초구,131380
20240608,성동구,87949
20240608,성북구,32568
20240608,송파구,138825
20240608,양천구,24195
20240608,영등포구,209108
20240608,은평구,86780
20240608,종로구,176749
20240608,중구,161799
20240608,중랑구,65139
20240609,강남구,141368
20240609,강동구,48596
20240609,강북구,30939
20240609,강서구,100321
20240609,관악구,95551
20240609,광진구,41457
20240609,구로구,65361
20240609,금천구,29666
20240609,노원구,97014
20240609,도봉구,62272
20240609,동대문구,61069
20240609,동작구,51477
20240609,마포구,165683
20240609,서대문구,55205
20240609,서초구,121846
20240609,성동구,71559
20240609,성북구,26543
20240609,송파구,113091
20240609,양천구,18717
20240609,영등포구,170416
20240609,은평구,72148
20240609,종로구,132754
20240609,중구,131461
20240609,중랑구,52370
20240610,강남구,399678
20240610,강동구,98445
20240610,강북구,49488
20240610,강서구,191669
20240610,관악구,154399
20240610,광진구,62377
20240610,구로구,132568
20240610,금천구,103999
20240610,노원구,169389
20240610,도봉구,96212
20240610,동대문구,108685
20240610,동작구,93551
20240610,마포구,257601
20240610,서대문구,98077
20240610,서초구,150904
20240610,성동구,126655
20240610,성북구,51690
20240610,송파구,200686
20240610,양천구,37019
20240610,영등포구,325793
20240610,은평구,127881
20240610,종로구,239132
20240610,중구,269091
20240610,중랑구,92927
20240611,강남구,412972
20240611,강동구,100049
20240611,강북구,51126
20240611,강서구,193598
20240611,관악구,160840
20240611,광진구,64252
20240611,구로구,134651
20240611,금천구,105052
20240611,노원구,174143
20240611,도봉구,98496
20240611,동대문구,109717
20240611,동작구,95574
20240611,마포구,279943
20240611,서대문구,103189
20240611,서초구,155068
20240611,성동구,130605
20240611,성북구,53269
20240611,송파구,218547
20240611,양천구,38186
20240611,영등포구,335040
20240611,은평구,130199
20240611,종로구,246331
20240611,중구,282235
20240611,중랑구,95714
20240612,강남구,410356
20240612,강동구,100361
20240612,강북구,50944
20240612,강서구,196424
20240612,관악구,161435
20240612,광진구,64686
20240612,구로구,135770
20240612,금천구,104219
20240612,노원구,175127
20240612,도봉구,98891
20240612,동대문구,110240
20240612,동작구,96495
20240612,마포구,266933
20240612,서대문구,102076
20240612,서초구,156795
20240612,성동구,132673
20240612,성북구,53107
20240612,송파구,221413
20240612,양천구,38131
20240612,영등포구,340573
20240612,은평구,131232
20240612,종로구,251129
20240612,중구,290078
20240612,중랑구,96194
20240613,강남구,417502
20240613,강동구,100471
20240613,강북구,51063
20240613,강서구,195810
20240613,관악구,164634
20240613,광진구,65873
20240613,구로구,135607
20240613,금천구,104183
20240613,노원구,174694
20240613,도봉구,98462
20240613,동대문구,112058
20240613,동작구,96258
20240613,마포구,273666
20240613,서대문구,103552
20240613,서초구,160460
20240613,성동구,135466
20240613,성북구,53290
20240613,송파구,240748
20240613,양천구,38335
20240613,영등포구,342224
20240613,은평구,130866
20240613,종로구,251988
20240613,중구,290018
20240613,중랑구,96206
20240614,강남구,422075
20240614,강동구,102029
20240614,강북구,51241
20240614,강서구,199448
20240614,관악구,171100
20240614,광진구,67950
20240614,구로구,135942
20240614,금천구,103213
20240614,노원구,177971
20240614,도봉구,100170
20240614,동대문구,111957
20240614,동작구,99430
20240614,마포구,287452
20240614,서대문구,104768
20240614,서초구,169656
20240614,성동구,138382
20240614,성북구,52955
20240614,송파구,225245
20240614,양천구,38525
20240614,영등포구,350312
20240614,은평구,132286
20240614,종로구,259877
20240614,중구,294407
20240614,중랑구,98335
20240615,강남구,240541
20240615,강동구,67398
20240615,강북구,39929
20240615,강서구,135681
20240615,관악구,136998
20240615,광진구,55640
20240615,구로구,90458
20240615,금천구,42291
20240615,노원구,128717
20240615,도봉구,75232
20240615,동대문구,79151
20240615,동작구,74704
20240615,마포구,236319
20240615,서대문구,78819
20240615,서초구,139048
20240615,성동구,91656
20240615,성북구,35743
20240615,송파구,148524
20240615,양천구,25865
20240615,영등포구,235720
20240615,은평구,97123
20240615,종로구,193799
20240615,중구,177935
20240615,중랑구,71802
20240616,강남구,147414
20240616,강동구,48859
20240616,강북구,31836
20240616,강서구,103131
20240616,관악구,99816
20240616,광진구,42072
20240616,구로구,66391
20240616,금천구,30684
20240616,노원구,96849
20240616,도봉구,61945
20240616,동대문구,60205
20240616,동작구,52905
20240616,마포구,178433
20240616,서대문구,57586
20240616,서초구,116070
20240616,성동구,69851
20240616,성북구,26988
20240616,송파구,109987
20240616,양천구,18512
20240616,영등포구,175523
20240616,은평구,74138
20240616,종로구,136007
20240616,중구,134609
20240616,중랑구,53684
20240617,강남구,402151
20240617,강동구,97262
20240617,강북구,48743
20240617,강서구,190170
20240617,관악구,155057
20240617,광진구,63641
20240617,구로구,131184
20240617,금천구,103419
20240617,노원구,168601
20240617,도봉구,95655
20240617,동대문구,107349
20240617,동작구,93330
20240617,마포구,261903
20240617,서대문구,97961
20240617,서초구,148392
20240617,성동구,130972
20240617,성북구,50060
20240617,송파구,200140
20240617,양천구,36642
20240617,영등포구,322825
20240617,은평구,126804
20240617,종로구,239226
20240617,중구,275575
20240617,중랑구,93858
20240618,강남구,417349
20240618,강동구,98855
20240618,강북구,49733
20240618,강서구,191819
20240618,관악구,159890
20240618,광진구,65038
20240618,구로구,132889
20240618,금천구,103954
20240618,노원구,170629
20240618,도봉구,97359
20240618,동대문구,108684
20240618,동작구,94998
20240618,마포구,266452
20240618,서대문구,99159
20240618,서초구,157859
20240618,성동구,132428
20240618,성북구,51660
20240618,송파구,211917
20240618,양천구,37537
20240618,영등포구,344585
20240618,은평구,128766
20240618,종로구,246497
20240618,중구,280500
20240618,중랑구,95296
20240619,강남구,414133
20240619,강동구,99337
20240619,강북구,49635
20240619,강서구,193829
20240619,관악구,160686
20240619,광진구,65356
20240619,구로구,132522
20240619,금천구,103413
20240619,노원구,171678
20240619,도봉구,97049
20240619,동대문구,108279
20240619,동작구,94663
20240619,마포구,269402
20240619,서대문구,99192
20240619,서초구,158863
20240619,성동구,133040
20240619,성북구,52067
20240619,송파구,214410
20240619,양천구,37697
20240619,영등포구,339949
20240619,은평구,128615
20240619,종로구,248765
20240619,중구,282731
20240619,중랑구,94897
20240620,강남구,417143
20240620,강동구,99246
20240620,강북구,49815
20240620,강서구,194016
20240620,관악구,163684
20240620,광진구,69243
20240620,구로구,132697
20240620,금천구,103196
20240620,노원구,172408
20240620,도봉구,97112
20240620,동대문구,110028
20240620,동작구,95806
20240620,마포구,273204
20240620,서대문구,101676
20240620,서초구,162954
20240620,성동구,134549
20240620,성북구,52481
20240620,송파구,213750
20240620,양천구,37692
20240620,영등포구,340219
20240620,은평구,129621
20240620,종로구,252283
20240620,중구,284118
20240620,중랑구,95270
20240621,강남구,423727
20240621,강동구,100831
20240621,강북구,50880
20240621,강서구,199723
20240621,관악구,169742
20240621,광진구,71059
20240621,구로구,134783
20240621,금천구,101453
20240621,노원구,174670
20240621,도봉구,98733
20240621,동대문구,112270
20240621,동작구,99566
20240621,마포구,288016
20240621,서대문구,103613
20240621,서초구,174010
20240621,성동구,138805
20240621,성북구,52129
20240621,송파구,223361
20240621,양천구,38074
20240621,영등포구,350612
20240621,은평구,131207
20240621,종로구,258766
20240621,중구,288182
20240621,중랑구,96304
20240622,강남구,236527
20240622,강동구,65742
20240622,강북구,37474
20240622,강서구,129430
20240622,관악구,129246
20240622,광진구,57291
20240622,구로구,85894
20240622,금천구,38268
20240622,노원구,124332
20240622,도봉구,71480
20240622,동대문구,77533
20240622,동작구,71171
20240622,마포구,227156
20240622,서대문구,78282
20240622,서초구,136079
20240622,성동구,88324
20240622,성북구,35482
20240622,송파구,137751
20240622,양천구,24318
20240622,영등포구,226025
20240622,은평구,93794
20240622,종로구,179861
20240622,중구,170349
20240622,중랑구,68968
20240623,강남구,150338
20240623,강동구,47733
20240623,강북구,30658
20240623,강서구,101905
20240623,관악구,95873
20240623,광진구,43965
20240623,구로구,65716
20240623,금천구,29493
20240623,노원구,95015
20240623,도봉구,59827
20240623,동대문구,60906
20240623,동작구,51669
20240623,마포구,178339
20240623,서대문구,57563
20240623,서초구,118530
20240623,성동구,72856
20240623,성북구,28115
20240623,송파구,111358
20240623,양천구,17942
20240623,영등포구,170545
20240623,은평구,72573
20240623,종로구,132610
20240623,중구,131758
20240623,중랑구,51466
20240624,강남구,403485
20240624,강동구,97121
20240624,강북구,47866
20240624,강서구,189121
20240624,관악구,152889
20240624,광진구,63455
20240624,구로구,129297
20240624,금천구,102281
20240624,노원구,164976
20240624,도봉구,92987
20240624,동대문구,105146
20240624,동작구,90433
20240624,마포구,264324
20240624,서대문구,94435
20240624,서초구,152391
20240624,성동구,124591
20240624,성북구,49532
20240624,송파구,199269
20240624,양천구,36333
20240624,영등포구,327771
20240624,은평구,124691
20240624,종로구,240495
20240624,중구,270716
20240624,중랑구,91788
20240625,강남구,421259
20240625,강동구,99827
20240625,강북구,50179
20240625,강서구,194263
20240625,관악구,160566
20240625,광진구,64708
20240625,구로구,133348
20240625,금천구,104274
20240625,노원구,170216
20240625,도봉구,97287
20240625,동대문구,107981
20240625,동작구,93892
20240625,마포구,274812
20240625,서대문구,97946
20240625,서초구,157002
20240625,성동구,130637
20240625,성북구,50773
20240625,송파구,219808
20240625,양천구,37627
20240625,영등포구,338242
20240625,은평구,130615
20240625,종로구,251163
20240625,중구,281080
20240625,중랑구,94159
20240626,강남구,424229
20240626,강동구,99699
20240626,강북구,50251
20240626,강서구,196520
20240626,관악구,162303
20240626,광진구,65807
20240626,구로구,133375
20240626,금천구,103576
20240626,노원구,172489
20240626,도봉구,97456
20240626,동대문구,109007
20240626,동작구,94765
20240626,마포구,276910
20240626,서대문구,99160
20240626,서초구,158252
20240626,성동구,130547
20240626,성북구,51488
20240626,송파구,220436
20240626,양천구,37906
20240626,영등포구,343520
20240626,은평구,130948
20240626,종로구,257058
20240626,중구,284147
20240626,중랑구,94438
20240627,강남구,425396
20240627,강동구,99168
20240627,강북구,49637
20240627,강서구,196336
20240627,관악구,163552
20240627,광진구,64647
20240627,구로구,133367
20240627,금천구,103433
20240627,노원구,171151
20240627,도봉구,97429
20240627,동대문구,109040
20240627,동작구,93769
20240627,마포구,279094
20240627,서대문구,97951
20240627,서초구,159848
20240627,성동구,130580
20240627,성북구,51357
20240627,송파구,218486
20240627,양천구,37460
20240627,영등포구,346515
20240627,은평구,129990
20240627,종로구,255758
20240627,중구,286439
20240627,중랑구,94328
20240628,강남구,431959
20240628,강동구,102425
20240628,강북구,50941
20240628,강서구,201557
20240628,관악구,171150
20240628,광진구,68134
20240628,구로구,135039
20240628,금천구,102497
20240628,노원구,175808
20240628,도봉구,99844
20240628,동대문구,112217
20240628,동작구,97733
20240628,마포구,292296
20240628,서대문구,102767
20240628,서초구,172603
20240628,성동구,138362
20240628,성북구,52022
20240628,송파구,221942
20240628,양천구,38372
20240628,영등포구,355281
20240628,은평구,133057
20240628,종로구,261643
20240628,중구,290449
20240628,중랑구,97183
20240629,강남구,247237
20240629,강동구,66750
20240629,강북구,40310
20240629,강서구,134805
20240629,관악구,132627
20240629,광진구,56197
20240629,구로구,87740
20240629,금천구,40045
20240629,노원구,127926
20240629,도봉구,75258
20240629,동대문구,79093
20240629,동작구,73355
20240629,마포구,229808
20240629,서대문구,80323
20240629,서초구,137468
20240629,성동구,92998
20240629,성북구,35143
20240629,송파구,149380
20240629,양천구,24938
20240629,영등포구,231769
20240629,은평구,96618
20240629,종로구,196913
20240629,중구,171118
20240629,중랑구,70471
20240630,강남구,139377
20240630,강동구,43493
20240630,강북구,26931
20240630,강서구,93982
20240630,관악구,87314
20240630,광진구,38052
20240630,구로구,60316
20240630,금천구,26160
20240630,노원구,83487
20240630,도봉구,51905
20240630,동대문구,54011
20240630,동작구,47336
20240630,마포구,156927
20240630,서대문구,51273
20240630,서초구,106909
20240630,성동구,58416
20240630,성북구,24927
20240630,송파구,98086
20240630,양천구,16081
20240630,영등포구,157546
20240630,은평구,63330
20240630,종로구,112862
20240630,중구,117036
20240630,중랑구,47264
20240701,강남구,402106
20240701,강동구,96795
20240701,강북구,48900
20240701,강서구,187964
20240701,관악구,151585
20240701,광진구,61750
20240701,구로구,129641
20240701,금천구,102204
20240701,노원구,165738
20240701,도봉구,93625
20240701,동대문구,104349
20240701,동작구,90052
20240701,마포구,262373
20240701,서대문구,94955
20240701,서초구,144679
20240701,성동구,123961
20240701,성북구,48835
20240701,송파구,198617
20240701,양천구,36029
20240701,영등포구,327801
20240701,은평구,125452
20240701,종로구,236217
20240701,중구,269089
20240701,중랑구,91000
20240702,강남구,395999
20240702,강동구,93517
20240702,강북구,44078
20240702,강서구,178358
20240702,관악구,145078
20240702,광진구,57491
20240702,구로구,122853
20240702,금천구,99733
20240702,노원구,154381
20240702,도봉구,85593
20240702,동대문구,95302
20240702,동작구,85417
20240702,마포구,246794
20240702,서대문구,89092
20240702,서초구,142674
20240702,성동구,116762
20240702,성북구,46221
20240702,송파구,194516
20240702,양천구,34457
20240702,영등포구,319407
20240702,은평구,118462
20240702,종로구,221594
20240702,중구,259247
20240702,중랑구,85435
20240703,강남구,416211
20240703,강동구,99140
20240703,강북구,49389
20240703,강서구,190461
20240703,관악구,157936
20240703,광진구,64386
20240703,구로구,132707
20240703,금천구,102753
20240703,노원구,170357
20240703,도봉구,95493
20240703,동대문구,106462
20240703,동작구,92117
20240703,마포구,269727
20240703,서대문구,97837
20240703,서초구,151535
20240703,성동구,128893
20240703,성북구,50561
20240703,송파구,217618
20240703,양천구,37233
20240703,영등포구,339314
20240703,은평구,128013
20240703,종로구,249924
20240703,중구,276082
20240703,중랑구,92853
20240704,강남구,426142
20240704,강동구,99896
20240704,강북구,49663
20240704,강서구,193031
20240704,관악구,160510
20240704,광진구,64154
20240704,구로구,131583
20240704,금천구,102675
20240704,노원구,169426
20240704,도봉구,95985
20240704,동대문구,106394
20240704,동작구,92999
20240704,마포구,273898
20240704,서대문구,98250
20240704,서초구,154263
20240704,성동구,129287
20240704,성북구,50309
20240704,송파구,219840
20240704,양천구,37394
20240704,영등포구,338144
20240704,은평구,129818
20240704,종로구,252692
20240704,중구,278185
20240704,중랑구,92709
20240705,강남구,429922
20240705,강동구,102262
20240705,강북구,50633
20240705,강서구,198109
20240705,관악구,167549
20240705,광진구,67624
20240705,구로구,133859
20240705,금천구,101671
20240705,노원구,174596
20240705,도봉구,99052
20240705,동대문구,109137
20240705,동작구,96591
20240705,마포구,290186
20240705,서대문구,101450
20240705,서초구,165449
20240705,성동구,133681
20240705,성북구,51437
20240705,송파구,206840
20240705,양천구,38214
20240705,영등포구,344936
20240705,은평구,131707
20240705,종로구,255753
20240705,중구,281040
20240705,중랑구,96453
20240706,강남구,245848
20240706,강동구,64790
20240706,강북구,37743
20240706,강서구,128664
20240706,관악구,126290
20240706,광진구,55465
20240706,구로구,85847
20240706,금천구,38691
20240706,노원구,121023
20240706,도봉구,69811
20240706,동대문구,74984
20240706,동작구,69087
20240706,마포구,225874
20240706,서대문구,76742
20240706,서초구,131095
20240706,성동구,81913
20240706,성북구,33183
20240706,송파구,131516
20240706,양천구,23702
20240706,영등포구,221538
20240706,은평구,91862
20240706,종로구,178333
20240706,중구,166730
20240706,중랑구,66288
20240707,강남구,148910
20240707,강동구,49079
20240707,강북구,31308
20240707,강서구,101421
20240707,관악구,93905
20240707,광진구,41745
20240707,구로구,64118
20240707,금천구,28444
20240707,노원구,95307
20240707,도봉구,60040
20240707,동대문구,58795
20240707,동작구,50827
20240707,마포구,178961
20240707,서대문구,58222
20240707,서초구,112290
20240707,성동구,65079
20240707,성북구,27481
20240707,송파구,97415
20240707,양천구,17766
20240707,영등포구,169622
20240707,은평구,71770
20240707,종로구,128212
20240707,중구,128045
20240707,중랑구,51945
20240708,강남구,393451
20240708,강동구,92974
20240708,강북구,44720
20240708,강서구,180854
20240708,관악구,145097
20240708,광진구,57940
20240708,구로구,124024
20240708,금천구,99759
20240708,노원구,156261
20240708,도봉구,87187
20240708,동대문구,97449
20240708,동작구,86858
20240708,마포구,250358
20240708,서대문구,90460
20240708,서초구,143342
20240708,성동구,117898
20240708,성북구,46421
20240708,송파구,192770
20240708,양천구,35368
20240708,영등포구,315056
20240708,은평구,119025
20240708,종로구,225819
20240708,중구,253122
20240708,중랑구,87352
20240709,강남구,414832
20240709,강동구,97332
20240709,강북구,47831
20240709,강서구,189637
20240709,관악구,155200
20240709,광진구,61503
20240709,구로구,130848
20240709,금천구,102710
20240709,노원구,164632
20240709,도봉구,93484
20240709,동대문구,103598
20240709,동작구,91468
20240709,마포구,265195
20240709,서대문구,95528
20240709,서초구,147992
20240709,성동구,125980
20240709,성북구,48771
20240709,송파구,215930
20240709,양천구,37428
20240709,영등포구,331077
20240709,은평구,125120
20240709,종로구,239914
20240709,중구,270038
20240709,중랑구,91574
20240710,강남구,417050
20240710,강동구,99010
20240710,강북구,48942
20240710,강서구,192173
20240710,관악구,159399
20240710,광진구,64007
20240710,구로구,133520
20240710,금천구,102636
20240710,노원구,168920
20240710,도봉구,95817
20240710,동대문구,104979
20240710,동작구,92561
20240710,마포구,270671
20240710,서대문구,96716
20240710,서초구,152505
20240710,성동구,129271
20240710,성북구,49757
20240710,송파구,218218
20240710,양천구,37455
20240710,영등포구,340450
20240710,은평구,128362
20240710,종로구,248906
20240710,중구,275281
20240710,중랑구,92873
20240711,강남구,421039
20240711,강동구,98619
20240711,강북구,49266
20240711,강서구,194092
20240711,관악구,161453
20240711,광진구,63850
20240711,구로구,132709
20240711,금천구,102938
20240711,노원구,169598
20240711,도봉구,96220
20240711,동대문구,106942
20240711,동작구,93124
20240711,마포구,276171
20240711,서대문구,98613
20240711,서초구,154681
20240711,성동구,130980
20240711,성북구,50453
20240711,송파구,218699
20240711,양천구,37173
20240711,영등포구,338989
20240711,은평구,128936
20240711,종로구,251722
20240711,중구,276477
20240711,중랑구,93360
20240712,강남구,428195
20240712,강동구,102390
20240712,강북구,50718
20240712,강서구,198390
20240712,관악구,167720
20240712,광진구,67502
20240712,구로구,134461
20240712,금천구,101162
20240712,노원구,173514
20240712,도봉구,98937
20240712,동대문구,111329
20240712,동작구,97587
20240712,마포구,285746
20240712,서대문구,101559
20240712,서초구,168323
20240712,성동구,134333
20240712,성북구,51184
20240712,송파구,224042
20240712,양천구,38318
20240712,영등포구,348265
20240712,은평구,131158
20240712,종로구,255469
20240712,중구,280811
20240712,중랑구,95954
20240713,강남구,252251
20240713,강동구,68228
20240713,강북구,40679
20240713,강서구,136701
20240713,관악구,136085
20240713,광진구,58120
20240713,구로구,89872
20240713,금천구,41402
20240713,노원구,132475
20240713,도봉구,77212
20240713,동대문구,81362
20240713,동작구,73854
20240713,마포구,247271
20240713,서대문구,81491
20240713,서초구,140772
20240713,성동구,93068
20240713,성북구,36007
20240713,송파구,156956
20240713,양천구,26034
20240713,영등포구,232426
20240713,은평구,99738
20240713,종로구,196332
20240713,중구,179659
20240713,중랑구,72002
20240714,강남구,156832
20240714,강동구,48690
20240714,강북구,31189
20240714,강서구,102406
20240714,관악구,97541
20240714,광진구,41868
20240714,구로구,65921
20240714,금천구,29361
20240714,노원구,97700
20240714,도봉구,59187
20240714,동대문구,60116
20240714,동작구,50670
20240714,마포구,186534
20240714,서대문구,58470
20240714,서초구,117528
20240714,성동구,70017
20240714,성북구,27531
20240714,송파구,117244
20240714,양천구,18910
20240714,영등포구,167974
20240714,은평구,72186
20240714,종로구,131902
20240714,중구,135514
20240714,중랑구,51126
20240715,강남구,406788
20240715,강동구,97065
20240715,강북구,47858
20240715,강서구,188535
20240715,관악구,152042
20240715,광진구,60703
20240715,구로구,128630
20240715,금천구,101816
20240715,노원구,164402
20240715,도봉구,93079
20240715,동대문구,102726
20240715,동작구,90965
20240715,마포구,266714
20240715,서대문구,94704
20240715,서초구,149435
20240715,성동구,125035
20240715,성북구,48686
20240715,송파구,198303
20240715,양천구,35908
20240715,영등포구,320254
20240715,은평구,125218
20240715,종로구,236974
20240715,중구,268417
20240715,중랑구,90890
20240716,강남구,417808
20240716,강동구,96432
20240716,강북구,47223
20240716,강서구,189537
20240716,관악구,154649
20240716,광진구,60425
20240716,구로구,128804
20240716,금천구,102069
20240716,노원구,163359
20240716,도봉구,92538
20240716,동대문구,100967
20240716,동작구,91396
20240716,마포구,264809
20240716,서대문구,95214
20240716,서초구,149659
20240716,성동구,125124
20240716,성북구,48243
20240716,송파구,202512
20240716,양천구,36396
20240716,영등포구,333284
20240716,은평구,124376
20240716,종로구,243723
20240716,중구,274204
20240716,중랑구,90116
20240717,강남구,402244
20240717,강동구,93165
20240717,강북구,44524
20240717,강서구,182138
20240717,관악구,151737
20240717,광진구,59045
20240717,구로구,124877
20240717,금천구,99581
20240717,노원구,157770
20240717,도봉구,88599
20240717,동대문구,96328
20240717,동작구,88564
20240717,마포구,255135
20240717,서대문구,89515
20240717,서초구,145462
20240717,성동구,119941
20240717,성북구,46552
20240717,송파구,202274
20240717,양천구,34843
20240717,영등포구,323793
20240717,은평구,117505
20240717,종로구,230281
20240717,중구,262942
20240717,중랑구,86645
20240718,강남구,393042
20240718,강동구,91856
20240718,강북구,44370
20240718,강서구,178250
20240718,관악구,145361
20240718,광진구,57769
20240718,구로구,120301
20240718,금천구,95722
20240718,노원구,160034
20240718,도봉구,92293
20240718,동대문구,95443
20240718,동작구,84739
20240718,마포구,251361
20240718,서대문구,87031
20240718,서초구,142378
20240718,성동구,117508
20240718,성북구,46736
20240718,송파구,193539
20240718,양천구,34451
20240718,영등포구,315257
20240718,은평구,116045
20240718,종로구,219114
20240718,중구,258605
20240718,중랑구,86181
20240719,강남구,424450
20240719,강동구,101666
20240719,강북구,51339
20240719,강서구,198285
20240719,관악구,167774
20240719,광진구,67386
20240719,구로구,133757
20240719,금천구,101387
20240719,노원구,175350
20240719,도봉구,99324
20240719,동대문구,108436
20240719,동작구,97419
20240719,마포구,288658
20240719,서대문구,101727
20240719,서초구,165469
20240719,성동구,133151
20240719,성북구,50914
20240719,송파구,223162
20240719,양천구,37935
20240719,영등포구,349484
20240719,은평구,133185
20240719,종로구,256917
20240719,중구,283619
20240719,중랑구,96606
20240720,강남구,232686
20240720,강동구,63408
20240720,강북구,37469
20240720,강서구,128849
20240720,관악구,128245
20240720,광진구,51942
20240720,구로구,83492
20240720,금천구,38150
20240720,노원구,122255
20240720,도봉구,70938
20240720,동대문구,75427
20240720,동작구,70484
20240720,마포구,225721
20240720,서대문구,74927
20240720,서초구,128279
20240720,성동구,83462
20240720,성북구,33209
20240720,송파구,137338
20240720,양천구,23702
20240720,영등포구,209617
20240720,은평구,91660
20240720,종로구,176553
20240720,중구,164939
20240720,중랑구,67569
20240721,강남구,143757
20240721,강동구,45125
20240721,강북구,29440
20240721,강서구,97973
20240721,관악구,95035
20240721,광진구,39768
20240721,구로구,61891
20240721,금천구,27323
20240721,노원구,89717
20240721,도봉구,54737
20240721,동대문구,55686
20240721,동작구,48661
20240721,마포구,176975
20240721,서대문구,56432
20240721,서초구,108454
20240721,성동구,63826
20240721,성북구,26351
20240721,송파구,100865
20240721,양천구,16839
20240721,영등포구,157234
20240721,은평구,67508
20240721,종로구,122125
20240721,중구,127364
20240721,중랑구,48590
20240722,강남구,397928
20240722,강동구,92733
20240722,강북구,44637
20240722,강서구,179708
20240722,관악구,146861
20240722,광진구,57865
20240722,구로구,123411
20240722,금천구,99596
20240722,노원구,154769
20240722,도봉구,86606
20240722,동대문구,96992
20240722,동작구,87004
20240722,마포구,257717
20240722,서대문구,88879
20240722,서초구,144929
20240722,성동구,120935
20240722,성북구,47038
20240722,송파구,190198
20240722,양천구,34497
20240722,영등포구,315572
20240722,은평구,117305
20240722,종로구,225724
20240722,중구,262300
20240722,중랑구,86308
20240723,강남구,412144
20240723,강동구,94583
20240723,강북구,45912
20240723,강서구,185248
20240723,관악구,152078
20240723,광진구,60328
20240723,구로구,129586
20240723,금천구,101805
20240723,노원구,159486
20240723,도봉구,90291
20240723,동대문구,99221
20240723,동작구,89563
20240723,마포구,266803
20240723,서대문구,91720
20240723,서초구,147294
20240723,성동구,124835
20240723,성북구,47493
20240723,송파구,200555
20240723,양천구,35555
20240723,영등포구,327718
20240723,은평구,121612
20240723,종로구,236972
20240723,중구,269428
20240723,중랑구,88795
20240724,강남구,418345
20240724,강동구,96357
20240724,강북구,47717
20240724,강서구,190067
20240724,관악구,156968
20240724,광진구,61293
20240724,구로구,132542
20240724,금천구,102301
20240724,노원구,164993
20240724,도봉구,93259
20240724,동대문구,102966
20240724,동작구,90824
20240724,마포구,274283
20240724,서대문구,94580
20240724,서초구,151655
20240724,성동구,129114
20240724,성북구,49176
20240724,송파구,204096
20240724,양천구,36308
20240724,영등포구,336879
20240724,은평구,126501
20240724,종로구,248091
20240724,중구,276901
20240724,중랑구,91359
20240725,강남구,426470
20240725,강동구,97684
20240725,강북구,47773
20240725,강서구,189863
20240725,관악구,159629
20240725,광진구,61747
20240725,구로구,129822
20240725,금천구,101175
20240725,노원구,164656
20240725,도봉구,93799
20240725,동대문구,103616
20240725,동작구,91764
20240725,마포구,276549
20240725,서대문구,94481
20240725,서초구,154742
20240725,성동구,128282
20240725,성북구,49021
20240725,송파구,213285
20240725,양천구,36262
20240725,영등포구,336832
20240725,은평구,127161
20240725,종로구,251633
20240725,중구,278161
20240725,중랑구,91069
20240726,강남구,419923
20240726,강동구,95573
20240726,강북구,47184
20240726,강서구,187714
20240726,관악구,161653
20240726,광진구,63487
20240726,구로구,128865
20240726,금천구,98412
20240726,노원구,163066
20240726,도봉구,92461
20240726,동대문구,103071
20240726,동작구,93234
20240726,마포구,279631
20240726,서대문구,94082
20240726,서초구,163743
20240726,성동구,128600
20240726,성북구,48483
20240726,송파구,199561
20240726,양천구,36074
20240726,영등포구,338020
20240726,은평구,126120
20240726,종로구,246371
20240726,중구,272066
20240726,중랑구,91446
20240727,강남구,225004
20240727,강동구,61077
20240727,강북구,36105
20240727,강서구,122602
20240727,관악구,120054
20240727,광진구,51162
20240727,구로구,81064
20240727,금천구,36665
20240727,노원구,118411
20240727,도봉구,68198
20240727,동대문구,71584
20240727,동작구,67209
20240727,마포구,210806
20240727,서대문구,71232
20240727,서초구,125411
20240727,성동구,77923
20240727,성북구,31557
20240727,송파구,127526
20240727,양천구,23186
20240727,영등포구,202253
20240727,은평구,90603
20240727,종로구,171649
20240727,중구,152884
20240727,중랑구,64741
20240728,강남구,137518
20240728,강동구,45748
20240728,강북구,29731
20240728,강서구,95778
20240728,관악구,90151
20240728,광진구,39594
20240728,구로구,60590
20240728,금천구,27042
20240728,노원구,90940
20240728,도봉구,56124
20240728,동대문구,55137
20240728,동작구,48367
20240728,마포구,169514
20240728,서대문구,53484
20240728,서초구,109885
20240728,성동구,63475
20240728,성북구,26079
20240728,송파구,100453
20240728,양천구,17219
20240728,영등포구,157797
20240728,은평구,68984
20240728,종로구,124367
20240728,중구,124929
20240728,중랑구,48502
20240729,강남구,383982
20240729,강동구,89323
20240729,강북구,44446
20240729,강서구,175221
20240729,관악구,144722
20240729,광진구,57560
20240729,구로구,120957
20240729,금천구,94984
20240729,노원구,151109
20240729,도봉구,86367
20240729,동대문구,94402
20240729,동작구,84816
20240729,마포구,252640
20240729,서대문구,84723
20240729,서초구,145222
20240729,성동구,116814
20240729,성북구,44383
20240729,송파구,180899
20240729,양천구,32947
20240729,영등포구,309755
20240729,은평구,116541
20240729,종로구,229077
20240729,중구,255475
20240729,중랑구,84751
20240730,강남구,397041
20240730,강동구,91629
20240730,강북구,45608
20240730,강서구,179915
20240730,관악구,151202
20240730,광진구,59217
20240730,구로구,123167
20240730,금천구,95881
20240730,노원구,156802
20240730,도봉구,89979
20240730,동대문구,97478
20240730,동작구,87183
20240730,마포구,265348
20240730,서대문구,90132
20240730,서초구,148909
20240730,성동구,121581
20240730,성북구,45954
20240730,송파구,201008
20240730,양천구,34106
20240730,영등포구,320713
20240730,은평구,120781
20240730,종로구,244236
20240730,중구,267457
20240730,중랑구,87396
20240731,강남구,398955
20240731,강동구,92341
20240731,강북구,46134
20240731,강서구,181910
20240731,관악구,154295
20240731,광진구,61325
20240731,구로구,123433
20240731,금천구,93381
20240731,노원구,158636
20240731,도봉구,89605
20240731,동대문구,97590
20240731,동작구,87633
20240731,마포구,280506
20240731,서대문구,89904
20240731,서초구,151996
20240731,성동구,120449
20240731,성북구,46541
20240731,송파구,201788
20240731,양천구,33887
20240731,영등포구,324990
20240731,은평구,121228
20240731,종로구,237711
20240731,중구,265366
20240731,중랑구,87635
20240801,강남구,393672
20240801,강동구,89024
20240801,강북구,44423
20240801,강서구,178371
20240801,관악구,151347
20240801,광진구,59006
20240801,구로구,118428
20240801,금천구,90665
20240801,노원구,152287
20240801,도봉구,86550
20240801,동대문구,94580
20240801,동작구,85464
20240801,마포구,262583
20240801,서대문구,88704
20240801,서초구,147563
20240801,성동구,118870
20240801,성북구,45331
20240801,송파구,197750
20240801,양천구,33088
20240801,영등포구,318175
20240801,은평구,117195
20240801,종로구,226420
20240801,중구,258023
20240801,중랑구,84720
20240802,강남구,390633
20240802,강동구,88593
20240802,강북구,44183
20240802,강서구,176077
20240802,관악구,152162
20240802,광진구,60997
20240802,구로구,116867
20240802,금천구,87238
20240802,노원구,151669
20240802,도봉구,86844
20240802,동대문구,95177
20240802,동작구,87193
20240802,마포구,268652
20240802,서대문구,89188
20240802,서초구,154885
20240802,성동구,118673
20240802,성북구,44296
20240802,송파구,190394
20240802,양천구,32769
20240802,영등포구,316291
20240802,은평구,116556
20240802,종로구,224184
20240802,중구,255369
20240802,중랑구,85515
20240803,강남구,214840
20240803,강동구,56894
20240803,강북구,34504
20240803,강서구,117307
20240803,관악구,113629
20240803,광진구,48782
20240803,구로구,76407
20240803,금천구,33600
20240803,노원구,111946
20240803,도봉구,65859
20240803,동대문구,67539
20240803,동작구,63324
20240803,마포구,225990
20240803,서대문구,68344
20240803,서초구,123817
20240803,성동구,74819
20240803,성북구,29614
20240803,송파구,133804
20240803,양천구,21131
20240803,영등포구,194680
20240803,은평구,86632
20240803,종로구,158329
20240803,중구,147278
20240803,중랑구,62299
20240804,강남구,131123
20240804,강동구,42353
20240804,강북구,27745
20240804,강서구,90152
20240804,관악구,83563
20240804,광진구,37305
20240804,구로구,55949
20240804,금천구,24123
20240804,노원구,84341
20240804,도봉구,51973
20240804,동대문구,51236
20240804,동작구,45425
20240804,마포구,157138
20240804,서대문구,50683
20240804,서초구,107689
20240804,성동구,55275
20240804,성북구,24103
20240804,송파구,99600
20240804,양천구,15171
20240804,영등포구,144928
20240804,은평구,65064
20240804,종로구,111318
20240804,중구,112728
20240804,중랑구,45743
20240805,강남구,378007
20240805,강동구,88300
20240805,강북구,42314
20240805,강서구,173856
20240805,관악구,141690
20240805,광진구,55954
20240805,구로구,116800
20240805,금천구,93506
20240805,노원구,147933
20240805,도봉구,83032
20240805,동대문구,91817
20240805,동작구,82699
20240805,마포구,243663
20240805,서대문구,84548
20240805,서초구,141928
20240805,성동구,111495
20240805,성북구,42411
20240805,송파구,178259
20240805,양천구,32649
20240805,영등포구,298498
20240805,은평구,114132
20240805,종로구,204987
20240805,중구,247140
20240805,중랑구,82235
20240806,강남구,393639
20240806,강동구,90331
20240806,강북구,44282
20240806,강서구,178376
20240806,관악구,146602
20240806,광진구,57970
20240806,구로구,120895
20240806,금천구,95681
20240806,노원구,152246
20240806,도봉구,86196
20240806,동대문구,93848
20240806,동작구,85380
20240806,마포구,251502
20240806,서대문구,88061
20240806,서초구,143689
20240806,성동구,116316
20240806,성북구,44290
20240806,송파구,195363
20240806,양천구,33541
20240806,영등포구,313789
20240806,은평구,117485
20240806,종로구,216541
20240806,중구,256419
20240806,중랑구,84570
20240807,강남구,393929
20240807,강동구,91367
20240807,강북구,44124
20240807,강서구,179641
20240807,관악구,149136
20240807,광진구,58852
20240807,구로구,122268
20240807,금천구,96023
20240807,노원구,155535
20240807,도봉구,87209
20240807,동대문구,95898
20240807,동작구,86403
20240807,마포구,253916
20240807,서대문구,88844
20240807,서초구,145097
20240807,성동구,118275
20240807,성북구,44764
20240807,송파구,197020
20240807,양천구,33835
20240807,영등포구,318081
20240807,은평구,117860
20240807,종로구,221299
20240807,중구,260241
20240807,중랑구,85787
20240808,강남구,403851
20240808,강동구,91768
20240808,강북구,44731
20240808,강서구,180551
20240808,관악구,151613
20240808,광진구,59295
20240808,구로구,123382
20240808,금천구,96215
20240808,노원구,155601
20240808,도봉구,88188
20240808,동대문구,97661
20240808,동작구,86981
20240808,마포구,260487
20240808,서대문구,88878
20240808,서초구,146890
20240808,성동구,119895
20240808,성북구,45445
20240808,송파구,198828
20240808,양천구,34250
20240808,영등포구,320578
20240808,은평구,119388
20240808,종로구,231482
20240808,중구,261239
20240808,중랑구,86374
20240809,강남구,407829
20240809,강동구,93556
20240809,강북구,45982
20240809,강서구,183368
20240809,관악구,156882
20240809,광진구,62109
20240809,구로구,124061
20240809,금천구,95004
20240809,노원구,159294
20240809,도봉구,90226
20240809,동대문구,98711
20240809,동작구,90639
20240809,마포구,269072
20240809,서대문구,91412
20240809,서초구,156898
20240809,성동구,121993
20240809,성북구,45785
20240809,송파구,198568
20240809,양천구,34764
20240809,영등포구,326519
20240809,은평구,121504
20240809,종로구,234265
20240809,중구,263617
20240809,중랑구,88908
20240810,강남구,230345
20240810,강동구,62613
20240810,강북구,37385
20240810,강서구,124166
20240810,관악구,120301
20240810,광진구,51030
20240810,구로구,80545
20240810,금천구,35725
20240810,노원구,118555
20240810,도봉구,68302
20240810,동대문구,71284
20240810,동작구,66809
20240810,마포구,215147
20240810,서대문구,69664
20240810,서초구,125280
20240810,성동구,77053
20240810,성북구,31759
20240810,송파구,132744
20240810,양천구,22780
20240810,영등포구,203590
20240810,은평구,90108
20240810,종로구,167543
20240810,중구,156304
20240810,중랑구,65246
20240811,강남구,140044
20240811,강동구,43891
20240811,강북구,28055
20240811,강서구,94039
20240811,관악구,87505
20240811,광진구,37738
20240811,구로구,58501
20240811,금천구,25482
20240811,노원구,86822
20240811,도봉구,53287
20240811,동대문구,54770
20240811,동작구,46403
20240811,마포구,167375
20240811,서대문구,50407
20240811,서초구,108010
20240811,성동구,59505
20240811,성북구,25367
20240811,송파구,96355
20240811,양천구,16155
20240811,영등포구,151349
20240811,은평구,65454
20240811,종로구,125363
20240811,중구,122351
20240811,중랑구,46306
20240812,강남구,390855
20240812,강동구,89542
20240812,강북구,44346
20240812,강서구,179961
20240812,관악구,146134
20240812,광진구,57666
20240812,구로구,122048
20240812,금천구,96797
20240812,노원구,153340
20240812,도봉구,87094
20240812,동대문구,96121
20240812,동작구,85296
20240812,마포구,253739
20240812,서대문구,86145
20240812,서초구,146083
20240812,성동구,117649
20240812,성북구,44911
20240812,송파구,188533
20240812,양천구,33917
20240812,영등포구,313567
20240812,은평구,118106
20240812,종로구,230356
20240812,중구,263219
20240812,중랑구,85127
20240813,강남구,405542
20240813,강동구,90103
20240813,강북구,44826
20240813,강서구,183415
20240813,관악구,150999
20240813,광진구,58944
20240813,구로구,123861
20240813,금천구,97701
20240813,노원구,155383
20240813,도봉구,88541
20240813,동대문구,98795
20240813,동작구,86874
20240813,마포구,261333
20240813,서대문구,90420
20240813,서초구,151249
20240813,성동구,122114
20240813,성북구,45759
20240813,송파구,203319
20240813,양천구,34835
20240813,영등포구,323805
20240813,은평구,121063
20240813,종로구,239118
20240813,중구,272760
20240813,중랑구,86392
20240814,강남구,408405
20240814,강동구,92260
20240814,강북구,46156
20240814,강서구,185548
20240814,관악구,158451
20240814,광진구,61718
20240814,구로구,126932
20240814,금천구,96551
20240814,노원구,159286
20240814,도봉구,90693
20240814,동대문구,100453
20240814,동작구,89429
20240814,마포구,269535
20240814,서대문구,92395
20240814,서초구,157489
20240814,성동구,124329
20240814,성북구,47078
20240814,송파구,208854
20240814,양천구,35106
20240814,영등포구,331240
20240814,은평구,121860
20240814,종로구,247892
20240814,중구,276034
20240814,중랑구,88195
20240815,강남구,155439
20240815,강동구,48583
20240815,강북구,30624
20240815,강서구,103636
20240815,관악구,94471
20240815,광진구,42221
20240815,구로구,65104
20240815,금천구,29937
20240815,노원구,95353
20240815,도봉구,56739
20240815,동대문구,59366
20240815,동작구,52965
20240815,마포구,179846
20240815,서대문구,61791
20240815,서초구,96879
20240815,성동구,67297
20240815,성북구,26096
20240815,송파구,110661
20240815,양천구,17748
20240815,영등포구,160501
20240815,은평구,72535
20240815,종로구,154547
20240815,중구,147642
20240815,중랑구,52683
20240816,강남구,350442
20240816,강동구,83087
20240816,강북구,43774
20240816,강서구,167771
20240816,관악구,141877
20240816,광진구,58971
20240816,구로구,112131
20240816,금천구,76165
20240816,노원구,149980
20240816,도봉구,85806
20240816,동대문구,93367
20240816,동작구,82937
20240816,마포구,253755
20240816,서대문구,86414
20240816,서초구,145204
20240816,성동구,111588
20240816,성북구,43801
20240816,송파구,186924
20240816,양천구,31632
20240816,영등포구,294344
20240816,은평구,113470
20240816,종로구,220330
20240816,중구,243020
20240816,중랑구,82957
20240817,강남구,210840
20240817,강동구,57489
20240817,강북구,34709
20240817,강서구,120852
20240817,관악구,113166
20240817,광진구,48619
20240817,구로구,76604
20240817,금천구,33469
20240817,노원구,113069
20240817,도봉구,66075
20240817,동대문구,69036
20240817,동작구,63491
20240817,마포구,207008
20240817,서대문구,68016
20240817,서초구,119750
20240817,성동구,73627
20240817,성북구,30023
20240817,송파구,128491
20240817,양천구,22312
20240817,영등포구,190692
20240817,은평구,84949
20240817,종로구,160668
20240817,중구,152685
20240817,중랑구,61992
20240818,강남구,135129
20240818,강동구,42772
20240818,강북구,29548
20240818,강서구,93968
20240818,관악구,86234
20240818,광진구,37387
20240818,구로구,57930
20240818,금천구,24655
20240818,노원구,86473
20240818,도봉구,53987
20240818,동대문구,53401
20240818,동작구,46546
20240818,마포구,158771
20240818,서대문구,51159
20240818,서초구,108626
20240818,성동구,56438
20240818,성북구,25589
20240818,송파구,100468
20240818,양천구,16225
20240818,영등포구,150052
20240818,은평구,66060
20240818,종로구,112732
20240818,중구,113755
20240818,중랑구,47241
20240819,강남구,387503
20240819,강동구,89333
20240819,강북구,44648
20240819,강서구,180785
20240819,관악구,145645
20240819,광진구,56454
20240819,구로구,122059
20240819,금천구,97157
20240819,노원구,153182
20240819,도봉구,87184
20240819,동대문구,97068
20240819,동작구,86009
20240819,마포구,247378
20240819,서대문구,86716
20240819,서초구,139287
20240819,성동구,114469
20240819,성북구,45596
20240819,송파구,189086
20240819,양천구,33977
20240819,영등포구,307734
20240819,은평구,119439
20240819,종로구,224619
20240819,중구,250082
20240819,중랑구,85395
20240820,강남구,399933
20240820,강동구,91286
20240820,강북구,46312
20240820,강서구,184972
20240820,관악구,150740
20240820,광진구,58342
20240820,구로구,124038
20240820,금천구,98066
20240820,노원구,157959
20240820,도봉구,89830
20240820,동대문구,98501
20240820,동작구,87983
20240820,마포구,255201
20240820,서대문구,89189
20240820,서초구,147266
20240820,성동구,118705
20240820,성북구,46842
20240820,송파구,206142
20240820,양천구,34888
20240820,영등포구,320392
20240820,은평구,121112
20240820,종로구,232459
20240820,중구,264130
20240820,중랑구,87262
20240821,강남구,387917
20240821,강동구,89684
20240821,강북구,44460
20240821,강서구,179963
20240821,관악구,148135
20240821,광진구,57054
20240821,구로구,121590
20240821,금천구,96182
20240821,노원구,153662
20240821,도봉구,86411
20240821,동대문구,98441
20240821,동작구,86237
20240821,마포구,246553
20240821,서대문구,85798
20240821,서초구,142160
20240821,성동구,116259
20240821,성북구,46693
20240821,송파구,196111
20240821,양천구,33903
20240821,영등포구,312611
20240821,은평구,117198
20240821,종로구,226228
20240821,중구,259669
20240821,중랑구,84919
20240822,강남구,398725
20240822,강동구,90917
20240822,강북구,45914
20240822,강서구,184052
20240822,관악구,152262
20240822,광진구,59838
20240822,구로구,123867
20240822,금천구,97542
20240822,노원구,157089
20240822,도봉구,89776
20240822,동대문구,100559
20240822,동작구,88179
20240822,마포구,259648
20240822,서대문구,89794
20240822,서초구,146785
20240822,성동구,121789
20240822,성북구,47226
20240822,송파구,205190
20240822,양천구,34811
20240822,영등포구,320915
20240822,은평구,121054
20240822,종로구,236451
20240822,중구,271144
20240822,중랑구,87179
20240823,강남구,413506
20240823,강동구,94867
20240823,강북구,48992
20240823,강서구,194283
20240823,관악구,162366
20240823,광진구,63982
20240823,구로구,128609
20240823,금천구,98539
20240823,노원구,166247
20240823,도봉구,95101
20240823,동대문구,105864
20240823,동작구,94821
20240823,마포구,279598
20240823,서대문구,95932
20240823,서초구,163596
20240823,성동구,127084
20240823,성북구,49636
20240823,송파구,220138
20240823,양천구,36443
20240823,영등포구,337467
20240823,은평구,128198
20240823,종로구,249836
20240823,중구,280262
20240823,중랑구,92861
20240824,강남구,240823
20240824,강동구,63629
20240824,강북구,37795
20240824,강서구,128550
20240824,관악구,127388
20240824,광진구,53323
20240824,구로구,85386
20240824,금천구,38148
20240824,노원구,123205
20240824,도봉구,72643
20240824,동대문구,75734
20240824,동작구,70418
20240824,마포구,229343
20240824,서대문구,74897
20240824,서초구,134028
20240824,성동구,83987
20240824,성북구,33445
20240824,송파구,148110
20240824,양천구,23516
20240824,영등포구,217892
20240824,은평구,94919
20240824,종로구,175342
20240824,중구,167522
20240824,중랑구,67325
20240825,강남구,148336
20240825,강동구,45899
20240825,강북구,28533
20240825,강서구,98940
20240825,관악구,92252
20240825,광진구,39602
20240825,구로구,62296
20240825,금천구,26209
20240825,노원구,91714
20240825,도봉구,56727
20240825,동대문구,57088
20240825,동작구,49166
20240825,마포구,173028
20240825,서대문구,55002
20240825,서초구,111464
20240825,성동구,64266
20240825,성북구,26457
20240825,송파구,111463
20240825,양천구,16860
20240825,영등포구,161710
20240825,은평구,69145
20240825,종로구,120503
20240825,중구,126094
20240825,중랑구,48800
20240826,강남구,392600
20240826,강동구,91936
20240826,강북구,46449
20240826,강서구,183776
20240826,관악구,147913
20240826,광진구,58527
20240826,구로구,125459
20240826,금천구,99325
20240826,노원구,159072
20240826,도봉구,90167
20240826,동대문구,100501
20240826,동작구,88436
20240826,마포구,254109
20240826,서대문구,88947
20240826,서초구,145163
20240826,성동구,119245
20240826,성북구,46790
20240826,송파구,193589
20240826,양천구,34640
20240826,영등포구,317127
20240826,은평구,122744
20240826,종로구,229344
20240826,중구,266291
20240826,중랑구,87947
20240827,강남구,409299
20240827,강동구,93205
20240827,강북구,47859
20240827,강서구,187693
20240827,관악구,153915
20240827,광진구,59899
20240827,구로구,128701
20240827,금천구,101039
20240827,노원구,161540
20240827,도봉구,92847
20240827,동대문구,103416
20240827,동작구,90859
20240827,마포구,264628
20240827,서대문구,92538
20240827,서초구,148637
20240827,성동구,124399
20240827,성북구,48343
20240827,송파구,206723
20240827,양천구,35684
20240827,영등포구,327634
20240827,은평구,124435
20240827,종로구,240108
20240827,중구,274943
20240827,중랑구,89607
20240828,강남구,409630
20240828,강동구,94421
20240828,강북구,48533
20240828,강서구,189034
20240828,관악구,157828
20240828,광진구,61383
20240828,구로구,130380
20240828,금천구,100292
20240828,노원구,165384
20240828,도봉구,94134
20240828,동대문구,105425
20240828,동작구,92034
20240828,마포구,267094
20240828,서대문구,94114
20240828,서초구,151060
20240828,성동구,125991
20240828,성북구,49092
20240828,송파구,208649
20240828,양천구,36229
20240828,영등포구,336208
20240828,은평구,126905
20240828,종로구,248239
20240828,중구,280222
20240828,중랑구,90635
20240829,강남구,405257
20240829,강동구,93543
20240829,강북구,48133
20240829,강서구,190140
20240829,관악구,157509
20240829,광진구,61260
20240829,구로구,129594
20240829,금천구,100281
20240829,노원구,162945
20240829,도봉구,93787
20240829,동대문구,105358
20240829,동작구,91981
20240829,마포구,270816
20240829,서대문구,95050
20240829,서초구,152015
20240829,성동구,127130
20240829,성북구,49029
20240829,송파구,207932
20240829,양천구,35781
20240829,영등포구,330881
20240829,은평구,125866
20240829,종로구,245170
20240829,중구,281349
20240829,중랑구,90087
20240830,강남구,409228
20240830,강동구,95930
20240830,강북구,49485
20240830,강서구,194326
20240830,관악구,164668
20240830,광진구,65152
20240830,구로구,131776
20240830,금천구,99595
20240830,노원구,161285
20240830,도봉구,96537
20240830,동대문구,108068
20240830,동작구,96664
20240830,마포구,284708
20240830,서대문구,102223
20240830,서초구,163996
20240830,성동구,131061
20240830,성북구,49726
20240830,송파구,204309
20240830,양천구,37069
20240830,영등포구,343525
20240830,은평구,128797
20240830,종로구,251368
20240830,중구,291908
20240830,중랑구,93654
20240831,강남구,235863
20240831,강동구,64997
20240831,강북구,38938
20240831,강서구,132591
20240831,관악구,130889
20240831,광진구,54728
20240831,구로구,87313
20240831,금천구,38647
20240831,노원구,117498
20240831,도봉구,73611
20240831,동대문구,79362
20240831,동작구,72970
20240831,마포구,233003
20240831,서대문구,76887
20240831,서초구,136053
20240831,성동구,88186
20240831,성북구,34740
20240831,송파구,150614
20240831,양천구,24789
20240831,영등포구,223521
20240831,은평구,95910
20240831,종로구,187336
20240831,중구,180407
20240831,중랑구,69260
20240901,강남구,143734
20240901,강동구,47551
20240901,강북구,29535
20240901,강서구,100786
20240901,관악구,93293
20240901,광진구,40521
20240901,구로구,63739
20240901,금천구,27286
20240901,노원구,86661
20240901,도봉구,57709
20240901,동대문구,59457
20240901,동작구,50107
20240901,마포구,175817
20240901,서대문구,56199
20240901,서초구,115796
20240901,성동구,66554
20240901,성북구,27040
20240901,송파구,112401
20240901,양천구,17491
20240901,영등포구,165899
20240901,은평구,70516
20240901,종로구,127098
20240901,중구,134860
20240901,중랑구,50149
20240902,강남구,393585
20240902,강동구,94480
20240902,강북구,48631
20240902,강서구,187149
20240902,관악구,152409
20240902,광진구,63088
20240902,구로구,129154
20240902,금천구,102426
20240902,노원구,156293
20240902,도봉구,94544
20240902,동대문구,108700
20240902,동작구,93701
20240902,마포구,258102
20240902,서대문구,100286
20240902,서초구,148488
20240902,성동구,129697
20240902,성북구,50638
20240902,송파구,199219
20240902,양천구,36402
20240902,영등포구,319408
20240902,은평구,126812
20240902,종로구,233254
20240902,중구,276215
20240902,중랑구,92540
20240903,강남구,410927
20240903,강동구,96826
20240903,강북구,51132
20240903,강서구,191438
20240903,관악구,158544
20240903,광진구,63596
20240903,구로구,132371
20240903,금천구,103668
20240903,노원구,159629
20240903,도봉구,98501
20240903,동대문구,111683
20240903,동작구,96948
20240903,마포구,266286
20240903,서대문구,104719
20240903,서초구,154665
20240903,성동구,135571
20240903,성북구,52746
20240903,송파구,205809
20240903,양천구,37473
20240903,영등포구,331081
20240903,은평구,129917
20240903,종로구,248473
20240903,중구,292873
20240903,중랑구,94376
20240904,강남구,409171
20240904,강동구,97250
20240904,강북구,50687
20240904,강서구,193227
20240904,관악구,160124
20240904,광진구,66257
20240904,구로구,134458
20240904,금천구,103254
20240904,노원구,161432
20240904,도봉구,98971
20240904,동대문구,113232
20240904,동작구,97651
20240904,마포구,271060
20240904,서대문구,104789
20240904,서초구,155997
20240904,성동구,136323
20240904,성북구,53084
20240904,송파구,216118
20240904,양천구,37772
20240904,영등포구,335946
20240904,은평구,131789
20240904,종로구,255502
20240904,중구,296730
20240904,중랑구,94555
20240905,강남구,413396
20240905,강동구,95788
20240905,강북구,50559
20240905,강서구,190460
20240905,관악구,161135
20240905,광진구,64930
20240905,구로구,132345
20240905,금천구,102283
20240905,노원구,157613
20240905,도봉구,97252
20240905,동대문구,112287
20240905,동작구,96175
20240905,마포구,284382
20240905,서대문구,105239
20240905,서초구,158260
20240905,성동구,135491
20240905,성북구,52862
20240905,송파구,212366
20240905,양천구,37122
20240905,영등포구,335030
20240905,은평구,130207
20240905,종로구,249700
20240905,중구,292429
20240905,중랑구,93829
20240906,강남구,423337
20240906,강동구,98164
20240906,강북구,50460
20240906,강서구,197135
20240906,관악구,168292
20240906,광진구,67619
20240906,구로구,133863
20240906,금천구,102034
20240906,노원구,160704
20240906,도봉구,100327
20240906,동대문구,114990
20240906,동작구,101336
20240906,마포구,287287
20240906,서대문구,106108
20240906,서초구,169837
20240906,성동구,142007
20240906,성북구,53526
20240906,송파구,223703
20240906,양천구,37652
20240906,영등포구,346380
20240906,은평구,132089
20240906,종로구,260442
20240906,중구,295948
20240906,중랑구,97067
20240907,강남구,262758
20240907,강동구,68800
20240907,강북구,41061
20240907,강서구,139357
20240907,관악구,136503
20240907,광진구,59341
20240907,구로구,91498
20240907,금천구,41195
20240907,노원구,121558
20240907,도봉구,79418
20240907,동대문구,86453
20240907,동작구,77893
20240907,마포구,246857
20240907,서대문구,83469
20240907,서초구,148035
20240907,성동구,100875
20240907,성북구,37119
20240907,송파구,158945
20240907,양천구,26366
20240907,영등포구,235222
20240907,은평구,100022
20240907,종로구,198356
20240907,중구,190457
20240907,중랑구,72568
20240908,강남구,153728
20240908,강동구,48134
20240908,강북구,29733
20240908,강서구,101193
20240908,관악구,96589
20240908,광진구,42825
20240908,구로구,65140
20240908,금천구,29462
20240908,노원구,89205
20240908,도봉구,59709
20240908,동대문구,63708
20240908,동작구,52480
20240908,마포구,181890
20240908,서대문구,58617
20240908,서초구,119600
20240908,성동구,75265
20240908,성북구,26643
20240908,송파구,115800
20240908,양천구,18590
20240908,영등포구,172207
20240908,은평구,72653
20240908,종로구,133085
20240908,중구,137705
20240908,중랑구,50825
20240909,강남구,400536
20240909,강동구,96126
20240909,강북구,49778
20240909,강서구,191834
20240909,관악구,155351
20240909,광진구,63983
20240909,구로구,131600
20240909,금천구,103571
20240909,노원구,157293
20240909,도봉구,96614
20240909,동대문구,111354
20240909,동작구,96199
20240909,마포구,260455
20240909,서대문구,101653
20240909,서초구,153032
20240909,성동구,130688
20240909,성북구,51948
20240909,송파구,204439
20240909,양천구,37029
20240909,영등포구,327801
20240909,은평구,128449
20240909,종로구,240405
20240909,중구,282902
20240909,중랑구,93879
20240910,강남구,417107
20240910,강동구,97613
20240910,강북구,50999
20240910,강서구,192808
20240910,관악구,161376
20240910,광진구,66158
20240910,구로구,134129
20240910,금천구,103663
20240910,노원구,160510
20240910,도봉구,98928
20240910,동대문구,114066
20240910,동작구,98697
20240910,마포구,266543
20240910,서대문구,105615
20240910,서초구,157155
20240910,성동구,137216
20240910,성북구,54420
20240910,송파구,223878
20240910,양천구,38100
20240910,영등포구,336122
20240910,은평구,131919
20240910,종로구,249881
20240910,중구,290224
20240910,중랑구,96147
20240911,강남구,410144
20240911,강동구,96938
20240911,강북구,50571
20240911,강서구,191501
20240911,관악구,161560
20240911,광진구,65842
20240911,구로구,132379
20240911,금천구,102644
20240911,노원구,159089
20240911,도봉구,97743
20240911,동대문구,113231
20240911,동작구,98304
20240911,마포구,265860
20240911,서대문구,104170
20240911,서초구,156630
20240911,성동구,134672
20240911,성북구,53587
20240911,송파구,215551
20240911,양천구,37451
20240911,영등포구,342957
20240911,은평구,130157
20240911,종로구,247914
20240911,중구,286487
20240911,중랑구,94769
20240912,강남구,406052
20240912,강동구,95667
20240912,강북구,49883
20240912,강서구,188811
20240912,관악구,158809
20240912,광진구,65770
20240912,구로구,130237
20240912,금천구,101716
20240912,노원구,157570
20240912,도봉구,96053
20240912,동대문구,112582
20240912,동작구,97150
20240912,마포구,262695
20240912,서대문구,102555
20240912,서초구,157921
20240912,성동구,131843
20240912,성북구,53178
20240912,송파구,206185
20240912,양천구,37006
20240912,영등포구,331785
20240912,은평구,128241
20240912,종로구,240157
20240912,중구,274776
20240912,중랑구,93915
20240913,강남구,399721
20240913,강동구,98116
20240913,강북구,50715
20240913,강서구,194242
20240913,관악구,162856
20240913,광진구,69504
20240913,구로구,132824
20240913,금천구,98663
20240913,노원구,161390
20240913,도봉구,98387
20240913,동대문구,115219
20240913,동작구,100966
20240913,마포구,270957
20240913,서대문구,104252
20240913,서초구,164227
20240913,성동구,133036
20240913,성북구,53053
20240913,송파구,211051
20240913,양천구,37403
20240913,영등포구,340275
20240913,은평구,130857
20240913,종로구,244899
20240913,중구,268753
20240913,중랑구,96385
20240914,강남구,188496
20240914,강동구,57008
20240914,강북구,35008
20240914,강서구,116806
20240914,관악구,107550
20240914,광진구,48765
20240914,구로구,74770
20240914,금천구,34093
20240914,노원구,105079
20240914,도봉구,68689
20240914,동대문구,75002
20240914,동작구,67123
20240914,마포구,200041
20240914,서대문구,68375
20240914,서초구,106150
20240914,성동구,76895
20240914,성북구,31211
20240914,송파구,125932
20240914,양천구,21792
20240914,영등포구,173450
20240914,은평구,88106
20240914,종로구,156526
20240914,중구,144352
20240914,중랑구,62742
20240915,강남구,116679
20240915,강동구,42327
20240915,강북구,27629
20240915,강서구,90293
20240915,관악구,77134
20240915,광진구,36858
20240915,구로구,56026
20240915,금천구,26198
20240915,노원구,78397
20240915,도봉구,55154
20240915,동대문구,57111
20240915,동작구,47404
20240915,마포구,154329
20240915,서대문구,49633
20240915,서초구,85653
20240915,성동구,61027
20240915,성북구,24676
20240915,송파구,80414
20240915,양천구,15868
20240915,영등포구,133041
20240915,은평구,66735
20240915,종로구,130639
20240915,중구,132845
20240915,중랑구,47022
20240916,강남구,88677
20240916,강동구,32324
20240916,강북구,21702
20240916,강서구,75048
20240916,관악구,60034
20240916,광진구,29194
20240916,구로구,45242
20240916,금천구,22194
20240916,노원구,60965
20240916,도봉구,41969
20240916,동대문구,42170
20240916,동작구,38047
20240916,마포구,122830
20240916,서대문구,39944
20240916,서초구,62580
20240916,성동구,47133
20240916,성북구,18240
20240916,송파구,72175
20240916,양천구,12880
20240916,영등포구,96575
20240916,은평구,53623
20240916,종로구,117414
20240916,중구,113979
20240916,중랑구,37668
20240917,강남구,65384
20240917,강동구,27212
20240917,강북구,21924
20240917,강서구,69530
20240917,관악구,53350
20240917,광진구,25708
20240917,구로구,42175
20240917,금천구,19599
20240917,노원구,57751
20240917,도봉구,40500
20240917,동대문구,33658
20240917,동작구,31741
20240917,마포구,101348
20240917,서대문구,32628
20240917,서초구,88719
20240917,성동구,34574
20240917,성북구,17638
20240917,송파구,63809
20240917,양천구,11273
20240917,영등포구,89242
20240917,은평구,48957
20240917,종로구,90476
20240917,중구,99136
20240917,중랑구,36011
20240918,강남구,97519
20240918,강동구,36180
20240918,강북구,24926
20240918,강서구,87054
20240918,관악구,70596
20240918,광진구,33660
20240918,구로구,50544
20240918,금천구,23257
20240918,노원구,74022
20240918,도봉구,48762
20240918,동대문구,42280
20240918,동작구,39886
20240918,마포구,132632
20240918,서대문구,41151
20240918,서초구,130848
20240918,성동구,49129
20240918,성북구,20515
20240918,송파구,70438
20240918,양천구,14475
20240918,영등포구,125345
20240918,은평구,59759
20240918,종로구,106525
20240918,중구,102576
20240918,중랑구,41716
20240919,강남구,363693
20240919,강동구,88605
20240919,강북구,47286
20240919,강서구,174957
20240919,관악구,145080
20240919,광진구,59271
20240919,구로구,120633
20240919,금천구,91503
20240919,노원구,149874
20240919,도봉구,90813
20240919,동대문구,99152
20240919,동작구,87479
20240919,마포구,239154
20240919,서대문구,95387
20240919,서초구,156573
20240919,성동구,119233
20240919,성북구,48534
20240919,송파구,200445
20240919,양천구,33799
20240919,영등포구,299047
20240919,은평구,120160
20240919,종로구,215762
20240919,중구,248493
20240919,중랑구,87652
20240920,강남구,393296
20240920,강동구,91866
20240920,강북구,46771
20240920,강서구,182104
20240920,관악구,153283
20240920,광진구,62268
20240920,구로구,122858
20240920,금천구,94211
20240920,노원구,151157
20240920,도봉구,89896
20240920,동대문구,102366
20240920,동작구,91456
20240920,마포구,259601
20240920,서대문구,98597
20240920,서초구,154086
20240920,성동구,125064
20240920,성북구,49210
20240920,송파구,201059
20240920,양천구,34888
20240920,영등포구,323218
20240920,은평구,120660
20240920,종로구,236865
20240920,중구,268330
20240920,중랑구,89668
20240921,강남구,235817
20240921,강동구,61517
20240921,강북구,36741
20240921,강서구,126029
20240921,관악구,125162
20240921,광진구,54900
20240921,구로구,84024
20240921,금천구,36291
20240921,노원구,112934
20240921,도봉구,69752
20240921,동대문구,74281
20240921,동작구,71095
20240921,마포구,243610
20240921,서대문구,76575
20240921,서초구,131620
20240921,성동구,88352
20240921,성북구,33406
20240921,송파구,151643
20240921,양천구,23411
20240921,영등포구,215833
20240921,은평구,91085
20240921,종로구,177370
20240921,중구,169177
20240921,중랑구,66733
20240922,강남구,152257
20240922,강동구,48454
20240922,강북구,31440
20240922,강서구,102828
20240922,관악구,97621
20240922,광진구,43886
20240922,구로구,66138
20240922,금천구,28858
20240922,노원구,89341
20240922,도봉구,61442
20240922,동대문구,63082
20240922,동작구,53567
20240922,마포구,207385
20240922,서대문구,58196
20240922,서초구,114163
20240922,성동구,76497
20240922,성북구,28380
20240922,송파구,112510
20240922,양천구,18406
20240922,영등포구,170559
20240922,은평구,74422
20240922,종로구,138503
20240922,중구,143023
20240922,중랑구,52327
20240923,강남구,406995
20240923,강동구,96893
20240923,강북구,50660
20240923,강서구,192606
20240923,관악구,158264
20240923,광진구,64790
20240923,구로구,133837
20240923,금천구,104754
20240923,노원구,159615
20240923,도봉구,98296
20240923,동대문구,111230
20240923,동작구,96268
20240923,마포구,266505
20240923,서대문구,103995
20240923,서초구,153499
20240923,성동구,136036
20240923,성북구,52573
20240923,송파구,220539
20240923,양천구,37326
20240923,영등포구,331284
20240923,은평구,130293
20240923,종로구,247587
20240923,중구,284540
20240923,중랑구,95516
20240924,강남구,417000
20240924,강동구,97927
20240924,강북구,51702
20240924,강서구,194498
20240924,관악구,164169
20240924,광진구,65878
20240924,구로구,136283
20240924,금천구,105831
20240924,노원구,161438
20240924,도봉구,100674
20240924,동대문구,113622
20240924,동작구,98549
20240924,마포구,270130
20240924,서대문구,106533
20240924,서초구,159385
20240924,성동구,139871
20240924,성북구,54181
20240924,송파구,224690
20240924,양천구,38656
20240924,영등포구,339590
20240924,은평구,132806
20240924,종로구,255817
20240924,중구,292187
20240924,중랑구,96518
20240925,강남구,416245
20240925,강동구,98791
20240925,강북구,51715
20240925,강서구,195129
20240925,관악구,165042
20240925,광진구,66601
20240925,구로구,135829
20240925,금천구,105003
20240925,노원구,163040
20240925,도봉구,100737
20240925,동대문구,114948
20240925,동작구,98796
20240925,마포구,272873
20240925,서대문구,106000
20240925,서초구,157997
20240925,성동구,141077
20240925,성북구,54312
20240925,송파구,226053
20240925,양천구,38281
20240925,영등포구,340823
20240925,은평구,133348
20240925,종로구,259100
20240925,중구,293413
20240925,중랑구,96974
20240926,강남구,415867
20240926,강동구,98518
20240926,강북구,51854
20240926,강서구,195710
20240926,관악구,166645
20240926,광진구,66197
20240926,구로구,135464
20240926,금천구,104611
20240926,노원구,161484
20240926,도봉구,99961
20240926,동대문구,114324
20240926,동작구,98999
20240926,마포구,275242
20240926,서대문구,106060
20240926,서초구,162156
20240926,성동구,141263
20240926,성북구,54287
20240926,송파구,223162
20240926,양천구,38029
20240926,영등포구,339523
20240926,은평구,132653
20240926,종로구,259029
20240926,중구,294918
20240926,중랑구,96407
20240927,강남구,429339
20240927,강동구,100503
20240927,강북구,52028
20240927,강서구,204721
20240927,관악구,175212
20240927,광진구,70466
20240927,구로구,137163
20240927,금천구,104406
20240927,노원구,165632
20240927,도봉구,102746
20240927,동대문구,115920
20240927,동작구,103800
20240927,마포구,294176
20240927,서대문구,110798
20240927,서초구,176587
20240927,성동구,149823
20240927,성북구,54426
20240927,송파구,232560
20240927,양천구,38871
20240927,영등포구,355063
20240927,은평구,135458
20240927,종로구,269713
20240927,중구,299515
20240927,중랑구,98848
20240928,강남구,256493
20240928,강동구,70307
20240928,강북구,42594
20240928,강서구,141069
20240928,관악구,144161
20240928,광진구,64850
20240928,구로구,95004
20240928,금천구,43895
20240928,노원구,130424
20240928,도봉구,81750
20240928,동대문구,88048
20240928,동작구,81103
20240928,마포구,248732
20240928,서대문구,89453
20240928,서초구,153210
20240928,성동구,110056
20240928,성북구,38269
20240928,송파구,147086
20240928,양천구,27359
20240928,영등포구,247768
20240928,은평구,103330
20240928,종로구,221603
20240928,중구,202745
20240928,중랑구,75013
20240929,강남구,155821
20240929,강동구,50413
20240929,강북구,31530
20240929,강서구,102391
20240929,관악구,100352
20240929,광진구,44480
20240929,구로구,69355
20240929,금천구,30605
20240929,노원구,94731
20240929,도봉구,63483
20240929,동대문구,64052
20240929,동작구,54005
20240929,마포구,186605
20240929,서대문구,61371
20240929,서초구,122699
20240929,성동구,79874
20240929,성북구,28001
20240929,송파구,101823
20240929,양천구,18609
20240929,영등포구,182839
20240929,은평구,75467
20240929,종로구,141849
20240929,중구,148370
20240929,중랑구,53859
20240930,강남구,404753
20240930,강동구,98248
20240930,강북구,50863
20240930,강서구,193103
20240930,관악구,162226
20240930,광진구,66611
20240930,구로구,135395
20240930,금천구,104833
20240930,노원구,159717
20240930,도봉구,99533
20240930,동대문구,112302
20240930,동작구,98705
20240930,마포구,269521
20240930,서대문구,104446
20240930,서초구,158405
20240930,성동구,134751
20240930,성북구,52628
20240930,송파구,206507
20240930,양천구,37745
20240930,영등포구,333412
20240930,은평구,132062
20240930,종로구,251238
20240930,중구,283021
20240930,중랑구,95976
20241001,강남구,193575
20241001,강동구,56598
20241001,강북구,33945
20241001,강서구,116216
20241001,관악구,108331
20241001,광진구,50364
20241001,구로구,76591
20241001,금천구,39542
20241001,노원구,102773
20241001,도봉구,65344
20241001,동대문구,73374
20241001,동작구,66700
20241001,마포구,192436
20241001,서대문구,76980
20241001,서초구,107151
20241001,성동구,83796
20241001,성북구,32053
20241001,송파구,114604
20241001,양천구,21836
20241001,영등포구,177408
20241001,은평구,86250
20241001,종로구,209288
20241001,중구,186579
20241001,중랑구,61014
20241002,강남구,404750
20241002,강동구,99156
20241002,강북구,51227
20241002,강서구,194710
20241002,관악구,165671
20241002,광진구,68162
20241002,구로구,134602
20241002,금천구,102568
20241002,노원구,168535
20241002,도봉구,100732
20241002,동대문구,114946
20241002,동작구,99196
20241002,마포구,276809
20241002,서대문구,108084
20241002,서초구,162947
20241002,성동구,138711
20241002,성북구,54072
20241002,송파구,224135
20241002,양천구,38473
20241002,영등포구,336464
20241002,은평구,134007
20241002,종로구,261936
20241002,중구,293316
20241002,중랑구,96764
20241003,강남구,176974
20241003,강동구,54778
20241003,강북구,36325
20241003,강서구,113819
20241003,관악구,108937
20241003,광진구,50038
20241003,구로구,75370
20241003,금천구,37038
20241003,노원구,100066
20241003,도봉구,68959
20241003,동대문구,72207
20241003,동작구,63843
20241003,마포구,210097
20241003,서대문구,68166
20241003,서초구,111218
20241003,성동구,97002
20241003,성북구,31149
20241003,송파구,123497
20241003,양천구,21219
20241003,영등포구,193601
20241003,은평구,85574
20241003,종로구,198784
20241003,중구,181360
20241003,중랑구,60139
20241004,강남구,386930
20241004,강동구,92950
20241004,강북구,48823
20241004,강서구,184584
20241004,관악구,158616
20241004,광진구,69664
20241004,구로구,125296
20241004,금천구,89650
20241004,노원구,155804
20241004,도봉구,97330
20241004,동대문구,109392
20241004,동작구,95506
20241004,마포구,286642
20241004,서대문구,105552
20241004,서초구,163979
20241004,성동구,145292
20241004,성북구,50247
20241004,송파구,195617
20241004,양천구,36143
20241004,영등포구,323553
20241004,은평구,127638
20241004,종로구,260958
20241004,중구,290063
20241004,중랑구,93504
20241005,강남구,246713
20241005,강동구,69203
20241005,강북구,41811
20241005,강서구,142001
20241005,관악구,137733
20241005,광진구,58922
20241005,구로구,96039
20241005,금천구,43246
20241005,노원구,121757
20241005,도봉구,82061
20241005,동대문구,87196
20241005,동작구,104100
20241005,마포구,290654
20241005,서대문구,84353
20241005,서초구,154774
20241005,성동구,106772
20241005,성북구,37863
20241005,송파구,162764
20241005,양천구,27230
20241005,영등포구,329594
20241005,은평구,102256
20241005,종로구,208909
20241005,중구,200213
20241005,중랑구,74313
20241006,강남구,144623
20241006,강동구,46938
20241006,강북구,30073
20241006,강서구,98189
20241006,관악구,95173
20241006,광진구,43562
20241006,구로구,66189
20241006,금천구,30516
20241006,노원구,86062
20241006,도봉구,60583
20241006,동대문구,61148
20241006,동작구,51709
20241006,마포구,179505
20241006,서대문구,58350
20241006,서초구,118944
20241006,성동구,75080
20241006,성북구,26120
20241006,송파구,118829
20241006,양천구,18211
20241006,영등포구,165082
20241006,은평구,71096
20241006,종로구,132347
20241006,중구,139204
20241006,중랑구,51437
20241007,강남구,399484
20241007,강동구,96332
20241007,강북구,49897
20241007,강서구,190951
20241007,관악구,155832
20241007,광진구,63904
20241007,구로구,133037
20241007,금천구,104889
20241007,노원구,159000
20241007,도봉구,97703
20241007,동대문구,110999
20241007,동작구,96037
20241007,마포구,262172
20241007,서대문구,102301
20241007,서초구,153951
20241007,성동구,135250
20241007,성북구,51969
20241007,송파구,205115
20241007,양천구,37482
20241007,영등포구,325473
20241007,은평구,129275
20241007,종로구,242163
20241007,중구,277221
20241007,중랑구,94556
20241008,강남구,417646
20241008,강동구,99650
20241008,강북구,52435
20241008,강서구,197648
20241008,관악구,170040
20241008,광진구,68389
20241008,구로구,138738
20241008,금천구,107075
20241008,노원구,165364
20241008,도봉구,102205
20241008,동대문구,115572
20241008,동작구,101870
20241008,마포구,278685
20241008,서대문구,108640
20241008,서초구,163867
20241008,성동구,140262
20241008,성북구,54434
20241008,송파구,216183
20241008,양천구,38969
20241008,영등포구,342403
20241008,은평구,135382
20241008,종로구,265645
20241008,중구,293640
20241008,중랑구,98708
20241009,강남구,169114
20241009,강동구,56444
20241009,강북구,35321
20241009,강서구,111251
20241009,관악구,109546
20241009,광진구,53118
20241009,구로구,76080
20241009,금천구,37136
20241009,노원구,100566
20241009,도봉구,69437
20241009,동대문구,72867
20241009,동작구,63989
20241009,마포구,195767
20241009,서대문구,66893
20241009,서초구,103744
20241009,성동구,92629
20241009,성북구,30716
20241009,송파구,111246
20241009,양천구,21463
20241009,영등포구,184428
20241009,은평구,85259
20241009,종로구,189231
20241009,중구,168492
20241009,중랑구,60397
20241010,강남구,412425
20241010,강동구,97957
20241010,강북구,51104
20241010,강서구,191703
20241010,관악구,162401
20241010,광진구,66861
20241010,구로구,134488
20241010,금천구,104336
20241010,노원구,160644
20241010,도봉구,99553
20241010,동대문구,113197
20241010,동작구,98177
20241010,마포구,271833
20241010,서대문구,106023
20241010,서초구,161441
20241010,성동구,139518
20241010,성북구,54004
20241010,송파구,209303
20241010,양천구,37762
20241010,영등포구,335452
20241010,은평구,131293
20241010,종로구,255328
20241010,중구,288038
20241010,중랑구,96167
20241011,강남구,427143
20241011,강동구,101837
20241011,강북구,51989
20241011,강서구,202399
20241011,관악구,171174
20241011,광진구,71178
20241011,구로구,136478
20241011,금천구,104445
20241011,노원구,163847
20241011,도봉구,102986
20241011,동대문구,115646
20241011,동작구,102069
20241011,마포구,294874
20241011,서대문구,107417
20241011,서초구,173482
20241011,성동구,152031
20241011,성북구,54356
20241011,송파구,233949
20241011,양천구,38858
20241011,영등포구,347078
20241011,은평구,134296
20241011,종로구,270831
20241011,중구,300580
20241011,중랑구,98631
20241012,강남구,249706
20241012,강동구,73014
20241012,강북구,42265
20241012,강서구,141982
20241012,관악구,139780
20241012,광진구,59872
20241012,구로구,93849
20241012,금천구,43865
20241012,노원구,123571
20241012,도봉구,83487
20241012,동대문구,88078
20241012,동작구,79414
20241012,마포구,249315
20241012,서대문구,95977
20241012,서초구,147149
20241012,성동구,117475
20241012,성북구,37791
20241012,송파구,146715
20241012,양천구,26638
20241012,영등포구,237553
20241012,은평구,102993
20241012,종로구,215922
20241012,중구,204108
20241012,중랑구,74530
20241013,강남구,152495
20241013,강동구,55478
20241013,강북구,31725
20241013,강서구,105080
20241013,관악구,100767
20241013,광진구,45000
20241013,구로구,69278
20241013,금천구,31724
20241013,노원구,90446
20241013,도봉구,64807
20241013,동대문구,67024
20241013,동작구,54465
20241013,마포구,185688
20241013,서대문구,60731
20241013,서초구,121031
20241013,성동구,88640
20241013,성북구,27910
20241013,송파구,105749
20241013,양천구,19044
20241013,영등포구,177175
20241013,은평구,75448
20241013,종로구,152755
20241013,중구,165818
20241013,중랑구,53968
20241014,강남구,402565
20241014,강동구,97200
20241014,강북구,48711
20241014,강서구,191323
20241014,관악구,155922
20241014,광진구,62628
20241014,구로구,131982
20241014,금천구,104384
20241014,노원구,155065
20241014,도봉구,96661
20241014,동대문구,111333
20241014,동작구,94846
20241014,마포구,267043
20241014,서대문구,100786
20241014,서초구,154802
20241014,성동구,137262
20241014,성북구,51414
20241014,송파구,205029
20241014,양천구,37362
20241014,영등포구,324369
20241014,은평구,127972
20241014,종로구,243229
20241014,중구,285088
20241014,중랑구,94267
20241015,강남구,411469
20241015,강동구,96700
20241015,강북구,50161
20241015,강서구,191796
20241015,관악구,160638
20241015,광진구,64424
20241015,구로구,134233
20241015,금천구,105279
20241015,노원구,158699
20241015,도봉구,98160
20241015,동대문구,112409
20241015,동작구,97656
20241015,마포구,268487
20241015,서대문구,103730
20241015,서초구,156035
20241015,성동구,139439
20241015,성북구,53688
20241015,송파구,209537
20241015,양천구,37667
20241015,영등포구,333847
20241015,은평구,129460
20241015,종로구,241162
20241015,중구,291412
20241015,중랑구,95124
20241016,강남구,412291
20241016,강동구,98528
20241016,강북구,50987
20241016,강서구,193599
20241016,관악구,162384
20241016,광진구,64989
20241016,구로구,135237
20241016,금천구,104504
20241016,노원구,160438
20241016,도봉구,99736
20241016,동대문구,113181
20241016,동작구,98230
20241016,마포구,270393
20241016,서대문구,103393
20241016,서초구,158000
20241016,성동구,140221
20241016,성북구,53581
20241016,송파구,210705
20241016,양천구,38220
20241016,영등포구,336358
20241016,은평구,131623
20241016,종로구,261340
20241016,중구,295730
20241016,중랑구,96121
20241017,강남구,413177
20241017,강동구,97007
20241017,강북구,51506
20241017,강서구,193541
20241017,관악구,164641
20241017,광진구,64264
20241017,구로구,134744
20241017,금천구,104511
20241017,노원구,159914
20241017,도봉구,100991
20241017,동대문구,113495
20241017,동작구,97200
20241017,마포구,274691
20241017,서대문구,103928
20241017,서초구,161504
20241017,성동구,141412
20241017,성북구,53961
20241017,송파구,226626
20241017,양천구,37796
20241017,영등포구,338073
20241017,은평구,132995
20241017,종로구,262602
20241017,중구,295661
20241017,중랑구,96121
20241018,강남구,410748
20241018,강동구,95545
20241018,강북구,48182
20241018,강서구,189515
20241018,관악구,163084
20241018,광진구,64354
20241018,구로구,129234
20241018,금천구,99210
20241018,노원구,155194
20241018,도봉구,95626
20241018,동대문구,107953
20241018,동작구,97458
20241018,마포구,274960
20241018,서대문구,99963
20241018,서초구,168971
20241018,성동구,135725
20241018,성북구,50981
20241018,송파구,207805
20241018,양천구,36265
20241018,영등포구,341721
20241018,은평구,125725
20241018,종로구,254368
20241018,중구,289556
20241018,중랑구,93778
20241019,강남구,248608
20241019,강동구,68697
20241019,강북구,40825
20241019,강서구,137594
20241019,관악구,137480
20241019,광진구,56581
20241019,구로구,93988
20241019,금천구,43130
20241019,노원구,124193
20241019,도봉구,80726
20241019,동대문구,85129
20241019,동작구,79845
20241019,마포구,252442
20241019,서대문구,80848
20241019,서초구,144917
20241019,성동구,107609
20241019,성북구,37381
20241019,송파구,155098
20241019,양천구,26378
20241019,영등포구,238351
20241019,은평구,103027
20241019,종로구,215265
20241019,중구,196606
20241019,중랑구,73031
20241020,강남구,154104
20241020,강동구,51267
20241020,강북구,32994
20241020,강서구,105229
20241020,관악구,104805
20241020,광진구,42942
20241020,구로구,70810
20241020,금천구,32483
20241020,노원구,92046
20241020,도봉구,65467
20241020,동대문구,65094
20241020,동작구,55182
20241020,마포구,218936
20241020,서대문구,59651
20241020,서초구,122207
20241020,성동구,83025
20241020,성북구,28146
20241020,송파구,104041
20241020,양천구,19909
20241020,영등포구,181954
20241020,은평구,79718
20241020,종로구,151299
20241020,중구,153519
20241020,중랑구,55338
20241021,강남구,400484
20241021,강동구,96087
20241021,강북구,50082
20241021,강서구,189392
20241021,관악구,155450
20241021,광진구,61779
20241021,구로구,132581
20241021,금천구,104946
20241021,노원구,157517
20241021,도봉구,96952
20241021,동대문구,109992
20241021,동작구,95194
20241021,마포구,259840
20241021,서대문구,99419
20241021,서초구,151015
20241021,성동구,133125
20241021,성북구,50590
20241021,송파구,202753
20241021,양천구,37396
20241021,영등포구,325495
20241021,은평구,128545
20241021,종로구,245670
20241021,중구,284136
20241021,중랑구,93707
20241022,강남구,410375
20241022,강동구,94659
20241022,강북구,47717
20241022,강서구,185382
20241022,관악구,155048
20241022,광진구,61080
20241022,구로구,129794
20241022,금천구,103823
20241022,노원구,154528
20241022,도봉구,92855
20241022,동대문구,106033
20241022,동작구,93827
20241022,마포구,258234
20241022,서대문구,97890
20241022,서초구,156966
20241022,성동구,132501
20241022,성북구,51246
20241022,송파구,206153
20241022,양천구,36717
20241022,영등포구,329752
20241022,은평구,124329
20241022,종로구,243961
20241022,중구,285470
20241022,중랑구,91522
20241023,강남구,411079
20241023,강동구,96906
20241023,강북구,50913
20241023,강서구,194294
20241023,관악구,162036
20241023,광진구,65059
20241023,구로구,134369
20241023,금천구,105397
20241023,노원구,163058
20241023,도봉구,99834
20241023,동대문구,113294
20241023,동작구,98203
20241023,마포구,272709
20241023,서대문구,101590
20241023,서초구,156974
20241023,성동구,139027
20241023,성북구,53732
20241023,송파구,209889
20241023,양천구,37941
20241023,영등포구,341109
20241023,은평구,131284
20241023,종로구,262203
20241023,중구,295725
20241023,중랑구,96105
20241024,강남구,413305
20241024,강동구,97516
20241024,강북구,51602
20241024,강서구,193771
20241024,관악구,164157
20241024,광진구,65060
20241024,구로구,134529
20241024,금천구,104500
20241024,노원구,162851
20241024,도봉구,100674
20241024,동대문구,115042
20241024,동작구,98075
20241024,마포구,279443
20241024,서대문구,103442
20241024,서초구,159587
20241024,성동구,141620
20241024,성북구,54169
20241024,송파구,211839
20241024,양천구,38169
20241024,영등포구,338630
20241024,은평구,132410
20241024,종로구,263256
20241024,중구,299959
20241024,중랑구,96111
20241025,강남구,423439
20241025,강동구,100704
20241025,강북구,52447
20241025,강서구,198586
20241025,관악구,172702
20241025,광진구,69666
20241025,구로구,136716
20241025,금천구,104033
20241025,노원구,167294
20241025,도봉구,103868
20241025,동대문구,117490
20241025,동작구,103563
20241025,마포구,293229
20241025,서대문구,106713
20241025,서초구,176941
20241025,성동구,146913
20241025,성북구,54595
20241025,송파구,215753
20241025,양천구,39176
20241025,영등포구,349715
20241025,은평구,135778
20241025,종로구,276515
20241025,중구,302994
20241025,중랑구,99322
20241026,강남구,253151
20241026,강동구,71191
20241026,강북구,43992
20241026,강서구,141824
20241026,관악구,143169
20241026,광진구,64382
20241026,구로구,96799
20241026,금천구,45188
20241026,노원구,128818
20241026,도봉구,84714
20241026,동대문구,87766
20241026,동작구,83563
20241026,마포구,257912
20241026,서대문구,92448
20241026,서초구,152353
20241026,성동구,110037
20241026,성북구,38374
20241026,송파구,148012
20241026,양천구,27083
20241026,영등포구,247173
20241026,은평구,106826
20241026,종로구,222046
20241026,중구,207175
20241026,중랑구,77630
20241027,강남구,154062
20241027,강동구,53065
20241027,강북구,33138
20241027,강서구,107871
20241027,관악구,105832
20241027,광진구,44844
20241027,구로구,71545
20241027,금천구,32913
20241027,노원구,93355
20241027,도봉구,68453
20241027,동대문구,67004
20241027,동작구,56152
20241027,마포구,198098
20241027,서대문구,65654
20241027,서초구,127778
20241027,성동구,80400
20241027,성북구,28089
20241027,송파구,105025
20241027,양천구,21641
20241027,영등포구,200391
20241027,은평구,79819
20241027,종로구,178674
20241027,중구,203066
20241027,중랑구,54884
20241028,강남구,397167
20241028,강동구,96181
20241028,강북구,50346
20241028,강서구,189997
20241028,관악구,156206
20241028,광진구,63647
20241028,구로구,132615
20241028,금천구,104352
20241028,노원구,157784
20241028,도봉구,97558
20241028,동대문구,111087
20241028,동작구,96516
20241028,마포구,262081
20241028,서대문구,101416
20241028,서초구,154626
20241028,성동구,134274
20241028,성북구,52482
20241028,송파구,205003
20241028,양천구,37169
20241028,영등포구,331195
20241028,은평구,129498
20241028,종로구,248134
20241028,중구,286563
20241028,중랑구,94422
20241029,강남구,410547
20241029,강동구,97343
20241029,강북구,51699
20241029,강서구,192549
20241029,관악구,160450
20241029,광진구,64961
20241029,구로구,134222
20241029,금천구,105720
20241029,노원구,160323
20241029,도봉구,100095
20241029,동대문구,113370
20241029,동작구,98011
20241029,마포구,271230
20241029,서대문구,104917
20241029,서초구,156156
20241029,성동구,138494
20241029,성북구,53882
20241029,송파구,213106
20241029,양천구,38543
20241029,영등포구,338745
20241029,은평구,131358
20241029,종로구,256151
20241029,중구,298263
20241029,중랑구,95781
20241030,강남구,408253
20241030,강동구,99553
20241030,강북구,52328
20241030,강서구,193815
20241030,관악구,163589
20241030,광진구,67641
20241030,구로구,136064
20241030,금천구,104872
20241030,노원구,164297
20241030,도봉구,102790
20241030,동대문구,115308
20241030,동작구,99174
20241030,마포구,276508
20241030,서대문구,105963
20241030,서초구,156724
20241030,성동구,140350
20241030,성북구,54082
20241030,송파구,211130
20241030,양천구,38513
20241030,영등포구,341797
20241030,은평구,133859
20241030,종로구,267277
20241030,중구,303089
20241030,중랑구,97000
20241031,강남구,412497
20241031,강동구,98362
20241031,강북구,52313
20241031,강서구,194089
20241031,관악구,165371
20241031,광진구,68815
20241031,구로구,136023
20241031,금천구,104550
20241031,노원구,162814
20241031,도봉구,101937
20241031,동대문구,117087
20241031,동작구,99804
20241031,마포구,286572
20241031,서대문구,107612
20241031,서초구,161828
20241031,성동구,141803
20241031,성북구,54884
20241031,송파구,213553
20241031,양천구,38281
20241031,영등포구,342326
20241031,은평구,134115
20241031,종로구,265698
20241031,중구,297046
20241031,중랑구,97508
20241101,강남구,415006
20241101,강동구,99582
20241101,강북구,53011
20241101,강서구,197499
20241101,관악구,169697
20241101,광진구,70676
20241101,구로구,137148
20241101,금천구,102467
20241101,노원구,164347
20241101,도봉구,102414
20241101,동대문구,116445
20241101,동작구,102744
20241101,마포구,299961
20241101,서대문구,107615
20241101,서초구,171078
20241101,성동구,144576
20241101,성북구,54363
20241101,송파구,213610
20241101,양천구,38517
20241101,영등포구,354296
20241101,은평구,134580
20241101,종로구,267713
20241101,중구,299368
20241101,중랑구,99210
20241102,강남구,253340
20241102,강동구,71284
20241102,강북구,44785
20241102,강서구,142438
20241102,관악구,141618
20241102,광진구,67075
20241102,구로구,97390
20241102,금천구,45157
20241102,노원구,128362
20241102,도봉구,87210
20241102,동대문구,89359
20241102,동작구,84457
20241102,마포구,270030
20241102,서대문구,88895
20241102,서초구,148787
20241102,성동구,113476
20241102,성북구,38745
20241102,송파구,148016
20241102,양천구,27417
20241102,영등포구,247150
20241102,은평구,107369
20241102,종로구,227712
20241102,중구,228543
20241102,중랑구,77408
20241103,강남구,155546
20241103,강동구,53030
20241103,강북구,35105
20241103,강서구,107617
20241103,관악구,103678
20241103,광진구,48349
20241103,구로구,70796
20241103,금천구,32259
20241103,노원구,93689
20241103,도봉구,68910
20241103,동대문구,71614
20241103,동작구,58814
20241103,마포구,203695
20241103,서대문구,63553
20241103,서초구,125373
20241103,성동구,85958
20241103,성북구,29776
20241103,송파구,122597
20241103,양천구,19927
20241103,영등포구,199925
20241103,은평구,78606
20241103,종로구,162449
20241103,중구,170918
20241103,중랑구,56751
20241104,강남구,400031
20241104,강동구,96036
20241104,강북구,49385
20241104,강서구,189130
20241104,관악구,155569
20241104,광진구,63769
20241104,구로구,133170
20241104,금천구,104467
20241104,노원구,156008
20241104,도봉구,97073
20241104,동대문구,110342
20241104,동작구,95959
20241104,마포구,264868
20241104,서대문구,102201
20241104,서초구,155479
20241104,성동구,136469
20241104,성북구,53268
20241104,송파구,205311
20241104,양천구,37390
20241104,영등포구,331157
20241104,은평구,128699
20241104,종로구,247093
20241104,중구,286951
20241104,중랑구,93839
20241105,강남구,414824
20241105,강동구,97687
20241105,강북구,51313
20241105,강서구,193919
20241105,관악구,161342
20241105,광진구,65604
20241105,구로구,135051
20241105,금천구,105970
20241105,노원구,160941
20241105,도봉구,99920
20241105,동대문구,113255
20241105,동작구,98157
20241105,마포구,271132
20241105,서대문구,105719
20241105,서초구,156590
20241105,성동구,139035
20241105,성북구,53214
20241105,송파구,211545
20241105,양천구,38134
20241105,영등포구,341472
20241105,은평구,130854
20241105,종로구,258221
20241105,중구,294585
20241105,중랑구,96412
20241106,강남구,410517
20241106,강동구,98404
20241106,강북구,51443
20241106,강서구,194276
20241106,관악구,162860
20241106,광진구,65712
20241106,구로구,135895
20241106,금천구,105102
20241106,노원구,162210
20241106,도봉구,99401
20241106,동대문구,113759
20241106,동작구,98825
20241106,마포구,270525
20241106,서대문구,105003
20241106,서초구,159345
20241106,성동구,137910
20241106,성북구,53910
20241106,송파구,212962
20241106,양천구,37846
20241106,영등포구,344693
20241106,은평구,131854
20241106,종로구,262962
20241106,중구,296670
20241106,중랑구,96000
20241107,강남구,413679
20241107,강동구,96904
20241107,강북구,51387
20241107,강서구,193978
20241107,관악구,163873
20241107,광진구,66557
20241107,구로구,133965
20241107,금천구,104852
20241107,노원구,161039
20241107,도봉구,99379
20241107,동대문구,113759
20241107,동작구,99131
20241107,마포구,273800
20241107,서대문구,104740
20241107,서초구,160918
20241107,성동구,138590
20241107,성북구,53518
20241107,송파구,211963
20241107,양천구,38008
20241107,영등포구,342423
20241107,은평구,130627
20241107,종로구,257538
20241107,중구,291997
20241107,중랑구,95662
20241108,강남구,421693
20241108,강동구,99117
20241108,강북구,52406
20241108,강서구,199208
20241108,관악구,171474
20241108,광진구,69204
20241108,구로구,137159
20241108,금천구,103063
20241108,노원구,164180
20241108,도봉구,102283
20241108,동대문구,115810
20241108,동작구,103987
20241108,마포구,289941
20241108,서대문구,107429
20241108,서초구,177005
20241108,성동구,143060
20241108,성북구,54111
20241108,송파구,213883
20241108,양천구,38654
20241108,영등포구,353762
20241108,은평구,133825
20241108,종로구,269261
20241108,중구,300457
20241108,중랑구,98633
20241109,강남구,254853
20241109,강동구,70041
20241109,강북구,43780
20241109,강서구,142825
20241109,관악구,142681
20241109,광진구,61149
20241109,구로구,96324
20241109,금천구,45035
20241109,노원구,127116
20241109,도봉구,84731
20241109,동대문구,89431
20241109,동작구,83301
20241109,마포구,256829
20241109,서대문구,92375
20241109,서초구,150909
20241109,성동구,106459
20241109,성북구,38911
20241109,송파구,147292
20241109,양천구,27429
20241109,영등포구,250962
20241109,은평구,106367
20241109,종로구,240188
20241109,중구,256750
20241109,중랑구,75616
20241110,강남구,150201
20241110,강동구,50240
20241110,강북구,33118
20241110,강서구,106618
20241110,관악구,101552
20241110,광진구,44396
20241110,구로구,70819
20241110,금천구,32895
20241110,노원구,92511
20241110,도봉구,65857
20241110,동대문구,66715
20241110,동작구,55324
20241110,마포구,194050
20241110,서대문구,61745
20241110,서초구,127202
20241110,성동구,78297
20241110,성북구,28452
20241110,송파구,103599
20241110,양천구,18927
20241110,영등포구,181119
20241110,은평구,77088
20241110,종로구,157222
20241110,중구,159348
20241110,중랑구,54482
20241111,강남구,398285
20241111,강동구,95474
20241111,강북구,50157
20241111,강서구,190739
20241111,관악구,156019
20241111,광진구,64159
20241111,구로구,132989
20241111,금천구,103400
20241111,노원구,158437
20241111,도봉구,98584
20241111,동대문구,110642
20241111,동작구,97106
20241111,마포구,261402
20241111,서대문구,101870
20241111,서초구,155946
20241111,성동구,133075
20241111,성북구,51713
20241111,송파구,206259
20241111,양천구,36957
20241111,영등포구,328818
20241111,은평구,128637
20241111,종로구,246162
20241111,중구,279005
20241111,중랑구,94238
20241112,강남구,411010
20241112,강동구,98034
20241112,강북구,51340
20241112,강서구,193659
20241112,관악구,162307
20241112,광진구,65018
20241112,구로구,134486
20241112,금천구,105161
20241112,노원구,160341
20241112,도봉구,100367
20241112,동대문구,112928
20241112,동작구,98644
20241112,마포구,266088
20241112,서대문구,104899
20241112,서초구,156660
20241112,성동구,137207
20241112,성북구,53298
20241112,송파구,211572
20241112,양천구,37849
20241112,영등포구,340415
20241112,은평구,131375
20241112,종로구,254579
20241112,중구,291086
20241112,중랑구,95688
20241113,강남구,409663
20241113,강동구,99069
20241113,강북구,52337
20241113,강서구,197087
20241113,관악구,164434
20241113,광진구,66669
20241113,구로구,135420
20241113,금천구,105404
20241113,노원구,164212
20241113,도봉구,102039
20241113,동대문구,113523
20241113,동작구,100464
20241113,마포구,271587
20241113,서대문구,104423
20241113,서초구,157495
20241113,성동구,139472
20241113,성북구,54493
20241113,송파구,212488
20241113,양천구,38260
20241113,영등포구,346388
20241113,은평구,133335
20241113,종로구,262848
20241113,중구,291066
20241113,중랑구,96325
20241114,강남구,407635
20241114,강동구,95860
20241114,강북구,49894
20241114,강서구,191601
20241114,관악구,162386
20241114,광진구,66567
20241114,구로구,132141
20241114,금천구,103025
20241114,노원구,157410
20241114,도봉구,97807
20241114,동대문구,111671
20241114,동작구,97196
20241114,마포구,271565
20241114,서대문구,103651
20241114,서초구,160887
20241114,성동구,137776
20241114,성북구,52842
20241114,송파구,205482
20241114,양천구,37105
20241114,영등포구,338845
20241114,은평구,127990
20241114,종로구,251467
20241114,중구,285234
20241114,중랑구,94281
20241115,강남구,417331
20241115,강동구,98256
20241115,강북구,50899
20241115,강서구,197150
20241115,관악구,171056
20241115,광진구,69773
20241115,구로구,134775
20241115,금천구,101922
20241115,노원구,165346
20241115,도봉구,101439
20241115,동대문구,114383
20241115,동작구,103727
20241115,마포구,291462
20241115,서대문구,105161
20241115,서초구,177274
20241115,성동구,144798
20241115,성북구,53155
20241115,송파구,211143
20241115,양천구,37878
20241115,영등포구,347505
20241115,은평구,132814
20241115,종로구,265067
20241115,중구,295997
20241115,중랑구,97781
20241116,강남구,257164
20241116,강동구,68312
20241116,강북구,41256
20241116,강서구,139010
20241116,관악구,139548
20241116,광진구,69760
20241116,구로구,92157
20241116,금천구,43521
20241116,노원구,125991
20241116,도봉구,79571
20241116,동대문구,88001
20241116,동작구,80846
20241116,마포구,249827
20241116,서대문구,89326
20241116,서초구,153188
20241116,성동구,104850
20241116,성북구,38514
20241116,송파구,145600
20241116,양천구,26985
20241116,영등포구,246624
20241116,은평구,100189
20241116,종로구,233716
20241116,중구,213994
20241116,중랑구,72665
20241117,강남구,160515
20241117,강동구,49611
20241117,강북구,31669
20241117,강서구,106436
20241117,관악구,102791
20241117,광진구,44942
20241117,구로구,67877
20241117,금천구,31384
20241117,노원구,93849
20241117,도봉구,62279
20241117,동대문구,69017
20241117,동작구,55082
20241117,마포구,195279
20241117,서대문구,64114
20241117,서초구,127967
20241117,성동구,77844
20241117,성북구,27979
20241117,송파구,116678
20241117,양천구,19635
20241117,영등포구,182864
20241117,은평구,75262
20241117,종로구,158847
20241117,중구,163939
20241117,중랑구,53476
20241118,강남구,395629
20241118,강동구,94746
20241118,강북구,48564
20241118,강서구,187592
20241118,관악구,155657
20241118,광진구,63956
20241118,구로구,128358
20241118,금천구,101956
20241118,노원구,155950
20241118,도봉구,93381
20241118,동대문구,106327
20241118,동작구,94136
20241118,마포구,261088
20241118,서대문구,98418
20241118,서초구,148230
20241118,성동구,131944
20241118,성북구,50860
20241118,송파구,201713
20241118,양천구,36379
20241118,영등포구,327273
20241118,은평구,125115
20241118,종로구,236021
20241118,중구,278588
20241118,중랑구,92182
20241119,강남구,409828
20241119,강동구,96557
20241119,강북구,50014
20241119,강서구,191080
20241119,관악구,160726
20241119,광진구,65142
20241119,구로구,130952
20241119,금천구,102667
20241119,노원구,158820
20241119,도봉구,97159
20241119,동대문구,109398
20241119,동작구,97819
20241119,마포구,266507
20241119,서대문구,102661
20241119,서초구,157728
20241119,성동구,135447
20241119,성북구,52615
20241119,송파구,209943
20241119,양천구,37436
20241119,영등포구,338487
20241119,은평구,127916
20241119,종로구,245159
20241119,중구,285474
20241119,중랑구,94468
20241120,강남구,413258
20241120,강동구,98455
20241120,강북구,50948
20241120,강서구,192994
20241120,관악구,164257
20241120,광진구,66081
20241120,구로구,131675
20241120,금천구,102231
20241120,노원구,161350
20241120,도봉구,97718
20241120,동대문구,112360
20241120,동작구,98298
20241120,마포구,269240
20241120,서대문구,103137
20241120,서초구,159239
20241120,성동구,136270
20241120,성북구,54411
20241120,송파구,210692
20241120,양천구,37514
20241120,영등포구,343594
20241120,은평구,129248
20241120,종로구,253211
20241120,중구,295728
20241120,중랑구,95199
20241121,강남구,415995
20241121,강동구,96701
20241121,강북구,50757
20241121,강서구,192845
20241121,관악구,165449
20241121,광진구,66203
20241121,구로구,129986
20241121,금천구,101943
20241121,노원구,159196
20241121,도봉구,97405
20241121,동대문구,112324
20241121,동작구,98918
20241121,마포구,275244
20241121,서대문구,103821
20241121,서초구,161571
20241121,성동구,138852
20241121,성북구,53659
20241121,송파구,211215
20241121,양천구,37872
20241121,영등포구,343119
20241121,은평구,129204
20241121,종로구,252283
20241121,중구,290607
20241121,중랑구,94275
20241122,강남구,426320
20241122,강동구,99048
20241122,강북구,51156
20241122,강서구,199031
20241122,관악구,173949
20241122,광진구,69839
20241122,구로구,132537
20241122,금천구,101091
20241122,노원구,164106
20241122,도봉구,99996
20241122,동대문구,113667
20241122,동작구,103255
20241122,마포구,293104
20241122,서대문구,105598
20241122,서초구,175050
20241122,성동구,148501
20241122,성북구,53567
20241122,송파구,214764
20241122,양천구,38564
20241122,영등포구,353995
20241122,은평구,131526
20241122,종로구,262396
20241122,중구,297903
20241122,중랑구,97695
20241123,강남구,261026
20241123,강동구,68410
20241123,강북구,40900
20241123,강서구,139863
20241123,관악구,142503
20241123,광진구,61774
20241123,구로구,93318
20241123,금천구,43842
20241123,노원구,124834
20241123,도봉구,79752
20241123,동대문구,89186
20241123,동작구,83470
20241123,마포구,253167
20241123,서대문구,88495
20241123,서초구,150428
20241123,성동구,120897
20241123,성북구,39237
20241123,송파구,143316
20241123,양천구,26924
20241123,영등포구,246246
20241123,은평구,100003
20241123,종로구,219986
20241123,중구,214110
20241123,중랑구,72943
20241124,강남구,158775
20241124,강동구,50012
20241124,강북구,33159
20241124,강서구,106853
20241124,관악구,100580
20241124,광진구,45941
20241124,구로구,68322
20241124,금천구,32117
20241124,노원구,91715
20241124,도봉구,62989
20241124,동대문구,66339
20241124,동작구,57815
20241124,마포구,187501
20241124,서대문구,64862
20241124,서초구,123667
20241124,성동구,97771
20241124,성북구,29596
20241124,송파구,103971
20241124,양천구,19404
20241124,영등포구,179008
20241124,은평구,73888
20241124,종로구,153777
20241124,중구,156844
20241124,중랑구,52842
20241125,강남구,399303
20241125,강동구,97618
20241125,강북구,49677
20241125,강서구,192493
20241125,관악구,158386
20241125,광진구,64030
20241125,구로구,131085
20241125,금천구,103027
20241125,노원구,159402
20241125,도봉구,96865
20241125,동대문구,109839
20241125,동작구,96791
20241125,마포구,263144
20241125,서대문구,100133
20241125,서초구,157988
20241125,성동구,134189
20241125,성북구,51861
20241125,송파구,205521
20241125,양천구,37007
20241125,영등포구,332674
20241125,은평구,128853
20241125,종로구,242044
20241125,중구,280370
20241125,중랑구,94373
20241126,강남구,414263
20241126,강동구,96984
20241126,강북구,48877
20241126,강서구,192976
20241126,관악구,159883
20241126,광진구,64403
20241126,구로구,129871
20241126,금천구,103504
20241126,노원구,158043
20241126,도봉구,94408
20241126,동대문구,108172
20241126,동작구,97244
20241126,마포구,266119
20241126,서대문구,100952
20241126,서초구,157784
20241126,성동구,135756
20241126,성북구,51775
20241126,송파구,211029
20241126,양천구,37773
20241126,영등포구,340965
20241126,은평구,126734
20241126,종로구,247757
20241126,중구,289063
20241126,중랑구,93485
20241127,강남구,427806
20241127,강동구,103797
20241127,강북구,52173
20241127,강서구,204997
20241127,관악구,165378
20241127,광진구,69081
20241127,구로구,135824
20241127,금천구,111790
20241127,노원구,166534
20241127,도봉구,98265
20241127,동대문구,112151
20241127,동작구,101705
20241127,마포구,281860
20241127,서대문구,105780
20241127,서초구,165305
20241127,성동구,142384
20241127,성북구,56393
20241127,송파구,224585
20241127,양천구,39258
20241127,영등포구,364264
20241127,은평구,132228
20241127,종로구,262253
20241127,중구,301866
20241127,중랑구,96827
20241128,강남구,401125
20241128,강동구,101598
20241128,강북구,50465
20241128,강서구,200818
20241128,관악구,157481
20241128,광진구,66351
20241128,구로구,134606
20241128,금천구,105844
20241128,노원구,161302
20241128,도봉구,96797
20241128,동대문구,110886
20241128,동작구,99066
20241128,마포구,276913
20241128,서대문구,102991
20241128,서초구,160229
20241128,성동구,139051
20241128,성북구,53707
20241128,송파구,222166
20241128,양천구,39079
20241128,영등포구,350467
20241128,은평구,129620
20241128,종로구,247321
20241128,중구,290743
20241128,중랑구,94606
20241129,강남구,426504
20241129,강동구,100991
20241129,강북구,50197
20241129,강서구,202609
20241129,관악구,173169
20241129,광진구,70773
20241129,구로구,137125
20241129,금천구,103630
20241129,노원구,163205
20241129,도봉구,99155
20241129,동대문구,113919
20241129,동작구,105179
20241129,마포구,296240
20241129,서대문구,106145
20241129,서초구,175833
20241129,성동구,146785
20241129,성북구,53525
20241129,송파구,221560
20241129,양천구,38637
20241129,영등포구,362789
20241129,은평구,132055
20241129,종로구,259502
20241129,중구,300626
20241129,중랑구,97147
20241130,강남구,257867
20241130,강동구,68449
20241130,강북구,39299
20241130,강서구,141411
20241130,관악구,140273
20241130,광진구,61453
20241130,구로구,95035
20241130,금천구,43371
20241130,노원구,120002
20241130,도봉구,76178
20241130,동대문구,86317
20241130,동작구,81673
20241130,마포구,254011
20241130,서대문구,83476
20241130,서초구,149707
20241130,성동구,112352
20241130,성북구,37175
20241130,송파구,141949
20241130,양천구,25888
20241130,영등포구,247188
20241130,은평구,98714
20241130,종로구,206181
20241130,중구,201982
20241130,중랑구,71897
20241201,강남구,154423
20241201,강동구,49686
20241201,강북구,31456
20241201,강서구,108782
20241201,관악구,100646
20241201,광진구,45856
20241201,구로구,69613
20241201,금천구,31413
20241201,노원구,90391
20241201,도봉구,60743
20241201,동대문구,66321
20241201,동작구,56497
20241201,마포구,188599
20241201,서대문구,63357
20241201,서초구,123390
20241201,성동구,83997
20241201,성북구,27708
20241201,송파구,101176
20241201,양천구,19112
20241201,영등포구,185281
20241201,은평구,73026
20241201,종로구,136216
20241201,중구,144695
20241201,중랑구,52894
20241202,강남구,402367
20241202,강동구,97531
20241202,강북구,49058
20241202,강서구,192321
20241202,관악구,157182
20241202,광진구,63447
20241202,구로구,131482
20241202,금천구,104254
20241202,노원구,158297
20241202,도봉구,96027
20241202,동대문구,110250
20241202,동작구,96209
20241202,마포구,264474
20241202,서대문구,100004
20241202,서초구,154237
20241202,성동구,133400
20241202,성북구,51883
20241202,송파구,206904
20241202,양천구,37192
20241202,영등포구,333733
20241202,은평구,128114
20241202,종로구,239766
20241202,중구,281233
20241202,중랑구,93441
20241203,강남구,416287
20241203,강동구,98701
20241203,강북구,49730
20241203,강서구,193918
20241203,관악구,162100
20241203,광진구,64417
20241203,구로구,132239
20241203,금천구,105379
20241203,노원구,159883
20241203,도봉구,97032
20241203,동대문구,110345
20241203,동작구,99013
20241203,마포구,269226
20241203,서대문구,101480
20241203,서초구,158109
20241203,성동구,134893
20241203,성북구,52677
20241203,송파구,211171
20241203,양천구,37896
20241203,영등포구,345018
20241203,은평구,128887
20241203,종로구,247032
20241203,중구,287083
20241203,중랑구,94637
20241204,강남구,406003
20241204,강동구,98110
20241204,강북구,49634
20241204,강서구,191711
20241204,관악구,161179
20241204,광진구,64639
20241204,구로구,133584
20241204,금천구,103499
20241204,노원구,159034
20241204,도봉구,96180
20241204,동대문구,109689
20241204,동작구,98318
20241204,마포구,263914
20241204,서대문구,100579
20241204,서초구,153541
20241204,성동구,132985
20241204,성북구,52446
20241204,송파구,209667
20241204,양천구,36943
20241204,영등포구,350531
20241204,은평구,128529
20241204,종로구,244793
20241204,중구,288985
20241204,중랑구,94004
20241205,강남구,413831
20241205,강동구,98597
20241205,강북구,48813
20241205,강서구,192969
20241205,관악구,164576
20241205,광진구,65858
20241205,구로구,130228
20241205,금천구,101973
20241205,노원구,158487
20241205,도봉구,95299
20241205,동대문구,108445
20241205,동작구,98916
20241205,마포구,270862
20241205,서대문구,100969
20241205,서초구,161961
20241205,성동구,135315
20241205,성북구,52144
20241205,송파구,209334
20241205,양천구,37268
20241205,영등포구,347765
20241205,은평구,127284
20241205,종로구,248605
20241205,중구,292142
20241205,중랑구,94772
20241206,강남구,422179
20241206,강동구,99681
20241206,강북구,49398
20241206,강서구,199834
20241206,관악구,175395
20241206,광진구,68582
20241206,구로구,132815
20241206,금천구,101057
20241206,노원구,162350
20241206,도봉구,97299
20241206,동대문구,110105
20241206,동작구,105833
20241206,마포구,289781
20241206,서대문구,103724
20241206,서초구,180139
20241206,성동구,140547
20241206,성북구,53071
20241206,송파구,214376
20241206,양천구,38287
20241206,영등포구,380258
20241206,은평구,131214
20241206,종로구,260662
20241206,중구,304636
20241206,중랑구,96026
20241207,강남구,261376
20241207,강동구,71581
20241207,강북구,40644
20241207,강서구,148907
20241207,관악구,153085
20241207,광진구,58820
20241207,구로구,98031
20241207,금천구,43570
20241207,노원구,124940
20241207,도봉구,78481
20241207,동대문구,85314
20241207,동작구,89997
20241207,마포구,269287
20241207,서대문구,86302
20241207,서초구,165220
20241207,성동구,103083
20241207,성북구,39138
20241207,송파구,148342
20241207,양천구,28458
20241207,영등포구,437142
20241207,은평구,103969
20241207,종로구,202804
20241207,중구,201758
20241207,중랑구,73863
20241208,강남구,153056
20241208,강동구,48993
20241208,강북구,29344
20241208,강서구,102722
20241208,관악구,101511
20241208,광진구,41862
20241208,구로구,67383
20241208,금천구,29088
20241208,노원구,87851
20241208,도봉구,57662
20241208,동대문구,59949
20241208,동작구,55781
20241208,마포구,178060
20241208,서대문구,63698
20241208,서초구,124550
20241208,성동구,73821
20241208,성북구,26596
20241208,송파구,97286
20241208,양천구,18573
20241208,영등포구,200257
20241208,은평구,71967
20241208,종로구,127406
20241208,중구,135943
20241208,중랑구,51388
20241209,강남구,396202
20241209,강동구,97321
20241209,강북구,48191
20241209,강서구,188459
20241209,관악구,156214
20241209,광진구,62561
20241209,구로구,127646
20241209,금천구,101124
20241209,노원구,154692
20241209,도봉구,93373
20241209,동대문구,105066
20241209,동작구,95104
20241209,마포구,255818
20241209,서대문구,95645
20241209,서초구,153712
20241209,성동구,127154
20241209,성북구,50493
20241209,송파구,203804
20241209,양천구,36380
20241209,영등포구,340586
20241209,은평구,125534
20241209,종로구,233702
20241209,중구,274159
20241209,중랑구,92160
20241210,강남구,414397
20241210,강동구,99263
20241210,강북구,50099
20241210,강서구,194791
20241210,관악구,165220
20241210,광진구,64588
20241210,구로구,129701
20241210,금천구,102583
20241210,노원구,160159
20241210,도봉구,97634
20241210,동대문구,107866
20241210,동작구,99136
20241210,마포구,267404
20241210,서대문구,99686
20241210,서초구,159335
20241210,성동구,133393
20241210,성북구,52560
20241210,송파구,211774
20241210,양천구,38566
20241210,영등포구,353172
20241210,은평구,129310
20241210,종로구,247780
20241210,중구,285234
20241210,중랑구,95099
20241211,강남구,414980
20241211,강동구,100559
20241211,강북구,50343
20241211,강서구,195363
20241211,관악구,168456
20241211,광진구,66307
20241211,구로구,130224
20241211,금천구,102107
20241211,노원구,163794
20241211,도봉구,98056
20241211,동대문구,108950
20241211,동작구,99603
20241211,마포구,270425
20241211,서대문구,99153
20241211,서초구,160751
20241211,성동구,135963
20241211,성북구,52655
20241211,송파구,214116
20241211,양천구,37991
20241211,영등포구,363953
20241211,은평구,130367
20241211,종로구,252590
20241211,중구,288562
20241211,중랑구,95040
20241212,강남구,420864
20241212,강동구,100497
20241212,강북구,50263
20241212,강서구,196905
20241212,관악구,171210
20241212,광진구,66912
20241212,구로구,131875
20241212,금천구,103444
20241212,노원구,162372
20241212,도봉구,98138
20241212,동대문구,110540
20241212,동작구,101733
20241212,마포구,277575
20241212,서대문구,101104
20241212,서초구,166401
20241212,성동구,137155
20241212,성북구,53071
20241212,송파구,215270
20241212,양천구,38231
20241212,영등포구,363690
20241212,은평구,129997
20241212,종로구,256705
20241212,중구,296711
20241212,중랑구,95296
20241213,강남구,429729
20241213,강동구,102562
20241213,강북구,50751
20241213,강서구,203431
20241213,관악구,181416
20241213,광진구,70972
20241213,구로구,135128
20241213,금천구,102006
20241213,노원구,166644
20241213,도봉구,99949
20241213,동대문구,112334
20241213,동작구,107218
20241213,마포구,298365
20241213,서대문구,106427
20241213,서초구,181266
20241213,성동구,141893
20241213,성북구,53727
20241213,송파구,219492
20241213,양천구,39166
20241213,영등포구,393408
20241213,은평구,133276
20241213,종로구,265717
20241213,중구,298491
20241213,중랑구,97381
20241214,강남구,273781
20241214,강동구,74660
20241214,강북구,41992
20241214,강서구,155202
20241214,관악구,160238
20241214,광진구,61779
20241214,구로구,101177
20241214,금천구,46638
20241214,노원구,129500
20241214,도봉구,81457
20241214,동대문구,87328
20241214,동작구,95127
20241214,마포구,297984
20241214,서대문구,86845
20241214,서초구,167883
20241214,성동구,101870
20241214,성북구,40278
20241214,송파구,157034
20241214,양천구,28765
20241214,영등포구,464467
20241214,은평구,107612
20241214,종로구,216129
20241214,중구,216166
20241214,중랑구,75943
20241215,강남구,160721
20241215,강동구,49846
20241215,강북구,30633
20241215,강서구,106065
20241215,관악구,103754
20241215,광진구,44498
20241215,구로구,68086
20241215,금천구,30496
20241215,노원구,89937
20241215,도봉구,59374
20241215,동대문구,61935
20241215,동작구,56726
20241215,마포구,189569
20241215,서대문구,60393
20241215,서초구,121845
20241215,성동구,74842
20241215,성북구,27154
20241215,송파구,102907
20241215,양천구,18196
20241215,영등포구,180327
20241215,은평구,72686
20241215,종로구,137855
20241215,중구,140927
20241215,중랑구,52898
20241216,강남구,405767
20241216,강동구,97302
20241216,강북구,47834
20241216,강서구,189803
20241216,관악구,158225
20241216,광진구,63021
20241216,구로구,128822
20241216,금천구,102021
20241216,노원구,155850
20241216,도봉구,94061
20241216,동대문구,105929
20241216,동작구,95653
20241216,마포구,261898
20241216,서대문구,96286
20241216,서초구,158437
20241216,성동구,131684
20241216,성북구,50059
20241216,송파구,204430
20241216,양천구,36720
20241216,영등포구,334089
20241216,은평구,125583
20241216,종로구,244823
20241216,중구,276019
20241216,중랑구,92905
20241217,강남구,424216
20241217,강동구,98777
20241217,강북구,50005
20241217,강서구,196718
20241217,관악구,168530
20241217,광진구,66607
20241217,구로구,132544
20241217,금천구,103851
20241217,노원구,161146
20241217,도봉구,97902
20241217,동대문구,109023
20241217,동작구,99620
20241217,마포구,275054
20241217,서대문구,99673
20241217,서초구,164000
20241217,성동구,138897
20241217,성북구,51716
20241217,송파구,213609
20241217,양천구,38888
20241217,영등포구,346294
20241217,은평구,128895
20241217,종로구,255326
20241217,중구,286518
20241217,중랑구,95200
20241218,강남구,419224
20241218,강동구,98674
20241218,강북구,49306
20241218,강서구,193769
20241218,관악구,167029
20241218,광진구,67710
20241218,구로구,131675
20241218,금천구,102634
20241218,노원구,161585
20241218,도봉구,96103
20241218,동대문구,108412
20241218,동작구,99352
20241218,마포구,274242
20241218,서대문구,98074
20241218,서초구,162407
20241218,성동구,137444
20241218,성북구,51826
20241218,송파구,211199
20241218,양천구,37472
20241218,영등포구,349205
20241218,은평구,128404
20241218,종로구,259190
20241218,중구,287656
20241218,중랑구,94398
20241219,강남구,427982
20241219,강동구,98608
20241219,강북구,49117
20241219,강서구,196888
20241219,관악구,170390
20241219,광진구,68927
20241219,구로구,132267
20241219,금천구,102823
20241219,노원구,160469
20241219,도봉구,97513
20241219,동대문구,110052
20241219,동작구,99775
20241219,마포구,282622
20241219,서대문구,100173
20241219,서초구,166199
20241219,성동구,138710
20241219,성북구,51799
20241219,송파구,214156
20241219,양천구,37772
20241219,영등포구,350072
20241219,은평구,129745
20241219,종로구,260335
20241219,중구,286285
20241219,중랑구,95356
20241220,강남구,441341
20241220,강동구,101855
20241220,강북구,51193
20241220,강서구,204399
20241220,관악구,181800
20241220,광진구,73721
20241220,구로구,138462
20241220,금천구,102166
20241220,노원구,168059
20241220,도봉구,100705
20241220,동대문구,115465
20241220,동작구,107514
20241220,마포구,303480
20241220,서대문구,104338
20241220,서초구,185697
20241220,성동구,145877
20241220,성북구,53383
20241220,송파구,223469
20241220,양천구,39220
20241220,영등포구,367127
20241220,은평구,134989
20241220,종로구,276031
20241220,중구,299935
20241220,중랑구,100132
20241221,강남구,276442
20241221,강동구,73945
20241221,강북구,43482
20241221,강서구,147605
20241221,관악구,157074
20241221,광진구,64956
20241221,구로구,99117
20241221,금천구,43461
20241221,노원구,130002
20241221,도봉구,79719
20241221,동대문구,87186
20241221,동작구,87278
20241221,마포구,274315
20241221,서대문구,92723
20241221,서초구,159570
20241221,성동구,108716
20241221,성북구,39186
20241221,송파구,156957
20241221,양천구,27556
20241221,영등포구,262525
20241221,은평구,107145
20241221,종로구,251255
20241221,중구,251147
20241221,중랑구,76444
20241222,강남구,164306
20241222,강동구,49711
20241222,강북구,29435
20241222,강서구,104470
20241222,관악구,107050
20241222,광진구,51713
20241222,구로구,66019
20241222,금천구,29503
20241222,노원구,88736
20241222,도봉구,56518
20241222,동대문구,61119
20241222,동작구,56543
20241222,마포구,199895
20241222,서대문구,60059
20241222,서초구,123679
20241222,성동구,82159
20241222,성북구,30024
20241222,송파구,105217
20241222,양천구,18128
20241222,영등포구,176802
20241222,은평구,72091
20241222,종로구,136997
20241222,중구,150631
20241222,중랑구,51076
20241223,강남구,416023
20241223,강동구,96467
20241223,강북구,47533
20241223,강서구,193419
20241223,관악구,161405
20241223,광진구,66612
20241223,구로구,129071
20241223,금천구,101099
20241223,노원구,156200
20241223,도봉구,93257
20241223,동대문구,106575
20241223,동작구,96094
20241223,마포구,281584
20241223,서대문구,95996
20241223,서초구,162363
20241223,성동구,135542
20241223,성북구,49945
20241223,송파구,203905
20241223,양천구,36563
20241223,영등포구,340128
20241223,은평구,126835
20241223,종로구,250726
20241223,중구,286168
20241223,중랑구,92484
20241224,강남구,410383
20241224,강동구,98504
20241224,강북구,50206
20241224,강서구,199098
20241224,관악구,163367
20241224,광진구,70842
20241224,구로구,130622
20241224,금천구,100256
20241224,노원구,158973
20241224,도봉구,96690
20241224,동대문구,108977
20241224,동작구,98801
20241224,마포구,297220
20241224,서대문구,100725
20241224,서초구,169712
20241224,성동구,146663
20241224,성북구,51990
20241224,송파구,208375
20241224,양천구,36940
20241224,영등포구,348972
20241224,은평구,130963
20241224,종로구,276486
20241224,중구,315783
20241224,중랑구,94094
20241225,강남구,165485
20241225,강동구,53510
20241225,강북구,33014
20241225,강서구,113817
20241225,관악구,105646
20241225,광진구,58043
20241225,구로구,70414
20241225,금천구,31737
20241225,노원구,99314
20241225,도봉구,61283
20241225,동대문구,65649
20241225,동작구,58539
20241225,마포구,234723
20241225,서대문구,63906
20241225,서초구,107041
20241225,성동구,104899
20241225,성북구,29404
20241225,송파구,111241
20241225,양천구,19359
20241225,영등포구,190492
20241225,은평구,79284
20241225,종로구,189333
20241225,중구,226114
20241225,중랑구,55534
20241226,강남구,402247
20241226,강동구,94368
20241226,강북구,47937
20241226,강서구,189323
20241226,관악구,161562
20241226,광진구,65546
20241226,구로구,127542
20241226,금천구,95316
20241226,노원구,154160
20241226,도봉구,93844
20241226,동대문구,105483
20241226,동작구,95086
20241226,마포구,281996
20241226,서대문구,96703
20241226,서초구,159153
20241226,성동구,133513
20241226,성북구,48843
20241226,송파구,201139
20241226,양천구,35896
20241226,영등포구,334101
20241226,은평구,126049
20241226,종로구,259567
20241226,중구,282286
20241226,중랑구,90816
20241227,강남구,410211
20241227,강동구,96765
20241227,강북구,48667
20241227,강서구,191737
20241227,관악구,167917
20241227,광진구,75526
20241227,구로구,128971
20241227,금천구,94364
20241227,노원구,158486
20241227,도봉구,95673
20241227,동대문구,106930
20241227,동작구,98711
20241227,마포구,285043
20241227,서대문구,99327
20241227,서초구,169848
20241227,성동구,133805
20241227,성북구,49561
20241227,송파구,207008
20241227,양천구,36492
20241227,영등포구,340928
20241227,은평구,126835
20241227,종로구,261586
20241227,중구,287972
20241227,중랑구,93458
20241228,강남구,246915
20241228,강동구,66238
20241228,강북구,37976
20241228,강서구,133653
20241228,관악구,133943
20241228,광진구,56424
20241228,구로구,89881
20241228,금천구,39597
20241228,노원구,115973
20241228,도봉구,73044
20241228,동대문구,81855
20241228,동작구,76142
20241228,마포구,239408
20241228,서대문구,79221
20241228,서초구,139402
20241228,성동구,91479
20241228,성북구,34965
20241228,송파구,136949
20241228,양천구,25144
20241228,영등포구,227921
20241228,은평구,98571
20241228,종로구,231536
20241228,중구,239798
20241228,중랑구,68563
20241229,강남구,152285
20241229,강동구,46808
20241229,강북구,28003
20241229,강서구,98890
20241229,관악구,95025
20241229,광진구,42305
20241229,구로구,64941
20241229,금천구,27705
20241229,노원구,84274
20241229,도봉구,57156
20241229,동대문구,59174
20241229,동작구,51476
20241229,마포구,181676
20241229,서대문구,55674
20241229,서초구,112879
20241229,성동구,72303
20241229,성북구,25808
20241229,송파구,98025
20241229,양천구,17121
20241229,영등포구,161462
20241229,은평구,69341
20241229,종로구,134641
20241229,중구,146462
20241229,중랑구,48956
20241230,강남구,379157
20241230,강동구,91471
20241230,강북구,46339
20241230,강서구,180191
20241230,관악구,150829
20241230,광진구,62071
20241230,구로구,122870
20241230,금천구,91263
20241230,노원구,149902
20241230,도봉구,91090
20241230,동대문구,101997
20241230,동작구,89901
20241230,마포구,265825
20241230,서대문구,91867
20241230,서초구,150964
20241230,성동구,126099
20241230,성북구,46171
20241230,송파구,188361
20241230,양천구,34262
20241230,영등포구,315992
20241230,은평구,122814
20241230,종로구,243715
20241230,중구,271998
20241230,중랑구,87555
20241231,강남구,351678
20241231,강동구,90730
20241231,강북구,47882
20241231,강서구,177123
20241231,관악구,149546
20241231,광진구,63285
20241231,구로구,120872
20241231,금천구,84508
20241231,노원구,150113
20241231,도봉구,91134
20241231,동대문구,102120
20241231,동작구,91209
20241231,마포구,257208
20241231,서대문구,93041
20241231,서초구,150170
20241231,성동구,122764
20241231,성북구,47017
20241231,송파구,182208
20241231,양천구,33721
20241231,영등포구,306713
20241231,은평구,123888
20241231,종로구,250149
20241231,중구,282201
20241231,중랑구,89012
